Node Number	Normal Stress (MPa)
1	3.0122
2	2.8226
3	18.945
4	18.737
5	18.475
6	18.186
7	17.879
8	17.558
9	17.226
10	16.885
11	16.537
12	16.182
13	15.824
14	15.461
15	15.096
16	14.729
17	14.362
18	13.997
19	13.632
20	13.271
21	12.913
22	12.559
23	12.211
24	11.869
25	11.534
26	11.206
27	10.886
28	10.574
29	10.271
30	9.9773
31	9.6922
32	9.4163
33	9.149
34	8.8904
35	8.6397
36	8.3962
37	8.1587
38	7.9267
39	7.6986
40	7.4728
41	7.2481
42	7.0228
43	6.7953
44	6.5639
45	6.3271
46	6.0831
47	5.83
48	5.5669
49	5.2925
50	5.0063
51	4.7093
52	4.4037
53	4.0935
54	3.7853
55	3.4906
56	3.2213
57	3.0202
58	22.102
59	19.19
60	19.487
61	19.805
62	20.131
63	20.452
64	20.763
65	21.058
66	21.334
67	21.59
68	21.826
69	22.038
70	22.225
71	22.392
72	22.531
73	22.647
74	22.734
75	22.796
76	22.828
77	22.83
78	22.803
79	22.745
80	22.663
81	22.564
82	22.456
83	22.345
84	22.229
85	5.3587
86	22.
87	21.892
88	21.776
89	21.654
90	21.524
91	21.387
92	21.243
93	21.092
94	20.933
95	20.767
96	20.594
97	20.413
98	20.226
99	20.03
100	19.827
101	19.617
102	19.399
103	19.174
104	18.941
105	18.701
106	18.454
107	18.199
108	17.937
109	17.667
110	17.39
111	17.106
112	16.815
113	16.516
114	16.211
115	15.898
116	15.579
117	15.252
118	14.919
119	14.578
120	14.232
121	13.878
122	13.518
123	13.152
124	12.78
125	12.4
126	12.015
127	11.624
128	11.227
129	10.824
130	10.415
131	9.9995
132	9.5782
133	9.1519
134	8.7202
135	8.282
136	7.8386
137	7.3915
138	6.9397
139	6.4852
140	6.03
141	5.5761
142	5.1257
143	4.6832
144	4.2532
145	3.8408
146	3.4534
147	3.0984
148	2.784
149	2.5184
150	2.3113
151	2.17
152	2.1038
153	2.1192
154	2.224
155	2.4248
156	2.7295
157	3.1539
158	3.7236
159	4.5113
160	20.629
161	20.475
162	20.317
163	20.154
164	19.986
165	19.813
166	19.635
167	19.452
168	19.263
169	19.069
170	18.87
171	18.665
172	18.455
173	18.239
174	18.018
175	17.792
176	17.559
177	17.321
178	17.078
179	16.828
180	16.574
181	16.313
182	16.047
183	15.775
184	15.497
185	15.214
186	14.925
187	14.631
188	14.331
189	14.025
190	13.715
191	13.398
192	13.077
193	12.75
194	12.419
195	12.082
196	11.74
197	11.394
198	11.043
199	10.687
200	10.327
201	9.9621
202	9.5932
203	9.2201
204	8.843
205	8.4619
206	8.0769
207	7.6884
208	7.2966
209	6.9015
210	6.5033
211	6.1028
212	5.7001
213	5.2975
214	4.8943
215	4.4925
216	4.0957
217	3.7079
218	3.3308
219	2.9684
220	2.6278
221	2.3151
222	2.0379
223	1.8036
224	1.6218
225	1.4991
226	1.4441
227	1.4644
228	1.5625
229	1.7613
230	2.0358
231	2.4271
232	2.928
233	3.5681
234	4.4168
235	22.525
236	22.525
237	22.524
238	22.521
239	22.519
240	22.517
241	22.515
242	22.514
243	22.513
244	22.513
245	22.514
246	22.515
247	22.516
248	22.517
249	22.519
250	22.52
251	22.521
252	22.523
253	22.523
254	22.524
255	22.525
256	22.525
257	22.525
258	22.525
259	22.525
260	22.524
261	22.523
262	22.522
263	22.52
264	22.519
265	22.518
266	22.516
267	22.514
268	22.512
269	22.51
270	22.507
271	22.505
272	22.503
273	22.501
274	22.498
275	22.496
276	22.493
277	22.491
278	22.488
279	22.486
280	22.484
281	22.481
282	22.479
283	22.477
284	22.475
285	22.472
286	22.471
287	22.469
288	22.467
289	22.465
290	22.464
291	22.463
292	22.462
293	22.461
294	22.46
295	22.46
296	22.46
297	22.46
298	22.46
299	22.461
300	22.462
301	22.464
302	22.466
303	22.468
304	22.471
305	22.475
306	22.479
307	22.483
308	22.488
309	22.494
310	22.5
311	22.507
312	22.515
313	22.524
314	22.533
315	22.543
316	22.554
317	22.566
318	22.579
319	22.593
320	22.608
321	22.623
322	22.64
323	22.658
324	22.677
325	22.698
326	22.719
327	22.742
328	22.765
329	22.79
330	22.816
331	22.843
332	22.872
333	22.901
334	22.932
335	22.963
336	22.996
337	23.029
338	23.064
339	23.099
340	23.135
341	23.171
342	23.209
343	23.246
344	23.283
345	23.321
346	23.359
347	23.396
348	23.433
349	23.468
350	23.503
351	23.536
352	23.567
353	23.597
354	23.625
355	23.649
356	23.671
357	23.689
358	23.704
359	23.713
360	23.718
361	23.717
362	23.71
363	23.696
364	23.676
365	23.646
366	23.609
367	23.562
368	23.505
369	23.437
370	23.358
371	23.266
372	23.161
373	23.041
374	22.907
375	22.757
376	22.589
377	22.405
378	22.201
379	21.978
380	21.743
381	21.508
382	21.287
383	21.071
384	20.856
385	19.811
386	22.134
387	21.715
388	21.277
389	20.845
390	20.455
391	20.093
392	13.878
393	19.715
394	19.635
395	19.563
396	19.591
397	19.566
398	19.567
399	19.576
400	19.595
401	19.598
402	19.604
403	19.624
404	19.627
405	19.631
406	19.649
407	19.651
408	19.654
409	19.668
410	19.669
411	19.671
412	19.682
413	19.682
414	19.683
415	19.692
416	19.691
417	19.691
418	19.697
419	19.696
420	19.695
421	19.7
422	19.698
423	19.697
424	19.701
425	19.699
426	19.698
427	19.7
428	19.698
429	19.697
430	19.699
431	19.697
432	19.695
433	19.697
434	19.695
435	19.694
436	19.695
437	19.694
438	19.693
439	19.695
440	19.694
441	19.693
442	19.695
443	19.695
444	19.695
445	19.698
446	19.698
447	19.699
448	19.702
449	19.704
450	19.705
451	19.71
452	19.712
453	19.715
454	19.72
455	19.723
456	19.728
457	19.734
458	19.739
459	19.744
460	19.751
461	19.758
462	19.765
463	19.773
464	19.781
465	19.789
466	19.8
467	19.809
468	19.818
469	19.83
470	19.84
471	19.851
472	19.864
473	19.876
474	19.888
475	19.902
476	19.915
477	19.928
478	19.943
479	19.957
480	19.971
481	19.986
482	20.
483	20.014
484	20.029
485	20.042
486	20.055
487	20.07
488	20.082
489	20.094
490	20.106
491	20.116
492	20.126
493	20.135
494	20.141
495	20.147
496	20.151
497	20.153
498	20.152
499	20.151
500	20.145
501	20.138
502	20.128
503	20.113
504	20.095
505	20.075
506	20.049
507	20.019
508	19.985
509	19.945
510	19.9
511	19.85
512	19.793
513	19.73
514	19.662
515	19.584
516	19.5
517	19.409
518	19.309
519	19.2
520	19.084
521	18.957
522	18.821
523	18.677
524	18.521
525	18.355
526	18.18
527	17.993
528	17.794
529	17.586
530	17.366
531	17.134
532	16.892
533	16.638
534	16.372
535	16.096
536	15.809
537	15.512
538	15.216
539	14.931
540	14.668
541	14.434
542	14.237
543	14.058
544	31.447
545	13.721
546	13.564
547	13.406
548	13.246
549	13.085
550	12.924
551	12.761
552	12.598
553	12.435
554	12.271
555	12.107
556	11.943
557	11.778
558	11.614
559	11.45
560	11.287
561	11.125
562	10.963
563	10.802
564	10.643
565	10.485
566	10.33
567	10.175
568	10.024
569	9.8741
570	9.7273
571	9.5833
572	9.4428
573	9.3058
574	9.1726
575	9.0432
576	8.9182
577	8.798
578	8.6824
579	8.5727
580	8.4682
581	8.3695
582	8.2774
583	8.1917
584	8.1126
585	8.041
586	7.977
587	7.9204
588	7.8721
589	7.8321
590	7.8004
591	7.7778
592	7.7641
593	7.7597
594	7.7643
595	7.7792
596	7.804
597	7.8391
598	7.8861
599	7.946
600	8.0201
601	8.1118
602	8.2246
603	8.3667
604	8.5459
605	8.7797
606	9.0944
607	9.5487
608	10.187
609	11.091
610	14.827
611	10.12
612	9.9293
613	9.7304
614	9.5324
615	9.3424
616	9.1427
617	8.9544
618	8.762
619	8.5696
620	8.3872
621	8.1969
622	8.0123
623	7.8366
624	7.653
625	7.4839
626	7.3106
627	7.1411
628	6.9831
629	6.8167
630	6.6664
631	6.5142
632	6.3647
633	6.2296
634	6.0884
635	5.9559
636	5.8354
637	5.7103
638	5.6019
639	5.4935
640	5.3921
641	5.3039
642	5.2141
643	5.1411
644	5.0712
645	5.0087
646	4.9628
647	4.9162
648	4.8831
649	4.8659
650	4.8483
651	4.853
652	4.8598
653	4.8765
654	4.9113
655	4.9526
656	5.0052
657	5.0681
658	5.1425
659	5.2272
660	5.322
661	5.4292
662	5.5488
663	5.6792
664	5.822
665	5.9782
666	6.1485
667	6.3346
668	6.5393
669	6.7668
670	7.0242
671	7.321
672	7.6762
673	8.1144
674	8.6998
675	9.4746
676	10.612
677	14.25
678	16.663
679	16.796
680	16.839
681	16.898
682	16.836
683	16.777
684	16.687
685	16.539
686	16.343
687	16.186
688	15.932
689	15.665
690	15.394
691	15.132
692	14.811
693	14.469
694	14.109
695	13.734
696	13.351
697	12.957
698	12.544
699	12.135
700	11.734
701	11.363
702	11.033
703	10.719
704	10.425
705	-7.3755
706	16.511
707	16.342
708	16.342
709	16.415
710	16.337
711	16.363
712	16.386
713	16.244
714	16.262
715	16.236
716	15.999
717	16.028
718	15.966
719	15.642
720	15.72
721	15.538
722	15.186
723	15.246
724	14.782
725	14.716
726	14.647
727	14.144
728	14.165
729	13.949
730	13.397
731	13.441
732	13.14
733	12.595
734	12.569
735	12.285
736	11.686
737	11.847
738	11.297
739	10.901
740	10.619
741	10.062
742	9.7857
743	9.8002
744	8.9384
745	9.23
746	8.7162
747	7.7484
748	8.4635
749	7.698
750	7.4633
751	7.0252
752	6.8769
753	6.0141
754	6.6588
755	4.5576
756	5.0773
757	5.7465
758	2.6268
759	3.7159
760	3.1183
761	-0.17435
762	3.4167
763	3.9643
764	0.74835
765	1.4441
766	0.21535
767	0.38709
768	-0.80721
769	-2.4223
770	-2.9877
771	-3.8068
772	-29.528
773	-17.724
774	-26.319
775	-32.197
776	-1.2126
777	-22.097
778	-13.752
779	-12.692
780	-9.925
781	-13.869
782	-7.383
783	-2.8144
784	2.5964
785	4.0606
786	4.1351
787	4.4331
788	4.4442
789	4.2863
790	4.1935
791	3.9921
792	3.6947
793	3.4747
794	3.2002
795	2.8658
796	2.6122
797	2.3336
798	2.0123
799	1.7745
800	1.5277
801	1.2417
802	1.0142
803	0.76324
804	0.48529
805	0.26696
806	5.0989e-002
807	-0.1845
808	-0.36037
809	-0.52353
810	-0.71582
811	-0.85725
812	-0.97738
813	-1.1268
814	-1.2259
815	-1.3034
816	-1.4113
817	-1.4727
818	-1.5096
819	-1.5817
820	-1.6082
821	-1.6082
822	-1.6494
823	-1.6449
824	-1.6214
825	-1.6622
826	-1.6853
827	-1.7033
828	-1.7557
829	-1.784
830	-1.7976
831	-1.8407
832	-1.8612
833	-1.8656
834	-1.878
835	-1.9046
836	-1.8927
837	-1.8893
838	-1.9042
839	-1.8761
840	-1.8574
841	-1.858
842	-1.8224
843	-1.824
844	-1.8557
845	-1.8662
846	-1.8865
847	-1.9226
848	-1.9331
849	-1.9489
850	-1.9777
851	-1.979
852	-1.9812
853	-1.9988
854	-1.9843
855	-1.9695
856	-1.9721
857	-1.9389
858	-1.9196
859	-1.9371
860	-1.9449
861	-1.9512
862	-1.9723
863	-1.9767
864	-1.9735
865	-1.9813
866	-1.9704
867	-1.9474
868	-1.9363
869	-1.9039
870	-1.8572
871	-1.8237
872	-1.773
873	-1.7302
874	-1.7058
875	-1.6716
876	-1.6308
877	-1.5944
878	-1.5445
879	-1.4836
880	-1.4247
881	-1.3502
882	-1.2625
883	-1.1695
884	-1.0732
885	-0.95411
886	-0.84319
887	-0.74161
888	-0.63755
889	-0.54512
890	-0.51876
891	-1.0393
892	3.4423
893	4.5339e-002
894	0.81528
895	1.4832
896	2.0685
897	2.5678
898	3.0173
899	2.5066
900	2.4428
901	2.5134
902	2.7024
903	2.9821
904	3.3274
905	3.7034
906	4.0735
907	4.4124
908	4.6963
909	4.9137
910	5.0622
911	5.144
912	5.1674
913	5.1407
914	5.0737
915	4.9762
916	4.8561
917	4.7213
918	4.5772
919	4.4298
920	4.2815
921	4.1375
922	3.9983
923	3.8662
924	3.742
925	3.627
926	3.5209
927	3.4252
928	3.3382
929	3.2613
930	3.1935
931	3.1349
932	3.0853
933	3.0432
934	3.0093
935	2.9821
936	2.9616
937	2.9475
938	2.9386
939	2.9342
940	2.9342
941	2.9377
942	2.9437
943	2.952
944	2.9615
945	2.972
946	2.9826
947	2.993
948	3.0023
949	3.0115
950	3.0194
951	3.0259
952	3.0316
953	3.0365
954	3.0409
955	3.0442
956	3.0473
957	3.0492
958	3.0506
959	3.051
960	3.0507
961	3.0489
962	3.0465
963	3.0414
964	3.0353
965	3.0271
966	3.0171
967	3.0051
968	2.9913
969	2.9761
970	2.9594
971	2.9418
972	2.9231
973	2.9042
974	2.8838
975	2.8634
976	2.8418
977	2.8197
978	2.7968
979	2.7728
980	2.7484
981	2.7221
982	2.6953
983	2.6681
984	2.6397
985	2.6116
986	2.5833
987	2.5557
988	2.5285
989	2.5019
990	2.4767
991	2.4522
992	2.429
993	2.4076
994	2.3872
995	2.3687
996	2.3522
997	2.338
998	2.3265
999	2.3185
1000	2.3146
1001	2.3147
1002	2.3201
1003	2.3307
1004	2.3474
1005	2.3721
1006	2.4044
1007	2.4452
1008	2.4969
1009	2.56
1010	2.6377
1011	2.7326
1012	2.8467
1013	2.9777
1014	3.1207
1015	3.2766
1016	15.654
1017	21.815
1018	15.324
1019	15.953
1020	7.916
1021	8.9874
1022	7.2401
1023	7.6659
1024	14.505
1025	13.042
1026	13.959
1027	17.018
1028	12.038
1029	7.5945
1030	16.366
1031	16.664
1032	15.858
1033	16.157
1034	15.113
1035	12.273
1036	12.585
1037	11.627
1038	10.936
1039	11.327
1040	10.433
1041	10.673
1042	9.7018
1043	9.2274
1044	9.4641
1045	7.4604
1046	7.6827
1047	6.7021
1048	6.4585
1049	6.4231
1050	6.5016
1051	8.6136
1052	8.3605
1053	8.806
1054	12.396
1055	11.942
1056	14.414
1057	13.297
1058	14.298
1059	14.983
1060	15.956
1061	17.08
1062	6.1891
1063	16.144
1064	15.887
1065	15.673
1066	14.951
1067	14.819
1068	14.196
1069	12.371
1070	11.216
1071	10.97
1072	9.9133
1073	9.6423
1074	9.1156
1075	7.6022
1076	7.0825
1077	6.2176
1078	6.361
1079	6.3958
1080	6.5851
1081	6.8297
1082	9.3117
1083	9.3807
1084	9.7917
1085	11.821
1086	12.686
1087	15.47
1088	16.322
1089	6.5268
1090	10.713
1091	4.3074
1092	6.2284
1093	17.592
1094	14.785
1095	13.466
1096	11.755
1097	12.441
1098	9.5237
1099	9.2864
1100	14.48
1101	16.982
1102	11.465
1103	17.094
1104	7.186
1105	11.553
1106	7.8851
1107	7.3388
1108	7.9716
1109	9.263
1110	15.813
1111	16.095
1112	15.262
1113	15.564
1114	14.773
1115	14.249
1116	14.552
1117	13.505
1118	7.9105
1119	12.095
1120	11.237
1121	11.523
1122	10.665
1123	10.974
1124	10.167
1125	9.4816
1126	9.0767
1127	9.2841
1128	8.8583
1129	7.5459
1130	7.7216
1131	7.3726
1132	6.9844
1133	6.8799
1134	6.9157
1135	6.8807
1136	7.0775
1137	6.9829
1138	6.7776
1139	6.5433
1140	6.5051
1141	6.5146
1142	6.5877
1143	6.8636
1144	6.7038
1145	7.889
1146	7.7646
1147	8.4243
1148	8.284
1149	8.7092
1150	10.056
1151	10.952
1152	12.239
1153	12.497
1154	13.229
1155	13.986
1156	14.417
1157	15.354
1158	17.057
1159	16.85
1160	14.667
1161	13.439
1162	3.7704
1163	5.5211
1164	5.7092
1165	16.411
1166	16.138
1167	15.684
1168	15.307
1169	14.486
1170	13.129
1171	12.787
1172	12.132
1173	11.859
1174	11.533
1175	10.123
1176	9.2457
1177	7.5759
1178	5.5069
1179	5.0824
1180	5.849
1181	6.
1182	6.3112
1183	6.9387
1184	8.3382
1185	9.0741
1186	9.6254
1187	9.982
1188	10.072
1189	10.058
1190	10.513
1191	12.15
1192	12.711
1193	13.913
1194	14.056
1195	15.289
1196	16.535
1197	17.296
1198	17.54
1199	17.836
1200	16.526
1201	15.309
1202	11.04
1203	10.593
1204	10.113
1205	9.6907
1206	6.1734
1207	4.9828
1208	4.5295
1209	3.38
1210	-2.5674
1211	-1.9123
1212	-1.4669
1213	-0.43217
1214	-3.6093
1215	12.694
1216	17.349
1217	4.9881
1218	12.65
1219	17.546
1220	6.6832
1221	11.528
1222	7.1309
1223	5.1299
1224	6.0282
1225	17.223
1226	14.553
1227	4.0136
1228	-6.8698
1229	15.683
1230	15.18
1231	14.516
1232	14.226
1233	13.822
1234	14.06
1235	13.241
1236	13.471
1237	13.145
1238	12.685
1239	12.245
1240	11.886
1241	11.414
1242	10.827
1243	10.359
1244	10.609
1245	9.907
1246	10.125
1247	9.27
1248	8.9119
1249	9.0984
1250	8.5213
1251	8.7272
1252	8.2006
1253	7.9044
1254	8.0507
1255	7.6233
1256	7.3746
1257	7.4825
1258	7.2257
1259	7.2549
1260	7.2752
1261	7.6832
1262	7.5032
1263	7.8963
1264	7.985
1265	8.2976
1266	7.6514
1267	6.5193
1268	6.5932
1269	6.4827
1270	6.4762
1271	6.517
1272	6.6193
1273	7.0894
1274	7.2771
1275	7.1795
1276	7.6075
1277	7.2983
1278	8.285
1279	8.0168
1280	9.2832
1281	9.9392
1282	10.027
1283	10.392
1284	10.409
1285	10.705
1286	11.014
1287	11.369
1288	11.223
1289	11.545
1290	11.771
1291	12.084
1292	11.977
1293	12.93
1294	12.42
1295	13.151
1296	13.969
1297	14.508
1298	16.116
1299	17.075
1300	16.599
1301	16.556
1302	16.374
1303	15.643
1304	15.4
1305	14.82
1306	15.133
1307	14.287
1308	14.555
1309	13.618
1310	13.976
1311	11.659
1312	11.225
1313	9.9688
1314	10.335
1315	9.2131
1316	8.559
1317	8.9042
1318	8.2106
1319	7.5065
1320	7.8541
1321	7.1648
1322	4.6092
1323	4.7791
1324	4.1473
1325	3.1417
1326	3.6252
1327	2.6495
1328	2.1944
1329	6.9644e-002
1330	-5.9504
1331	8.5529
1332	8.4541
1333	6.3554
1334	5.6864
1335	4.3112
1336	4.4488
1337	4.594
1338	5.2772
1339	20.965
1340	20.95
1341	20.935
1342	20.875
1343	21.052
1344	21.34
1345	21.436
1346	21.617
1347	21.733
1348	21.708
1349	18.534
1350	18.22
1351	18.337
1352	18.468
1353	18.052
1354	17.724
1355	17.136
1356	16.894
1357	16.619
1358	16.08
1359	15.834
1360	14.873
1361	13.887
1362	13.529
1363	13.197
1364	12.459
1365	12.126
1366	11.685
1367	10.676
1368	10.006
1369	9.6865
1370	9.3855
1371	7.5412
1372	7.1771
1373	5.641
1374	5.2029
1375	4.8368
1376	4.1865
1377	5.6702
1378	6.1459
1379	6.4682
1380	7.0334
1381	7.3775
1382	7.7367
1383	8.0424
1384	8.3648
1385	8.7838
1386	9.1522
1387	9.4092
1388	9.7223
1389	10.197
1390	10.602
1391	10.807
1392	10.956
1393	11.293
1394	13.624
1395	14.063
1396	14.489
1397	15.049
1398	14.938
1399	15.551
1400	16.22
1401	16.712
1402	17.825
1403	17.584
1404	18.052
1405	18.584
1406	17.196
1407	17.696
1408	17.589
1409	17.261
1410	16.723
1411	16.469
1412	16.179
1413	15.867
1414	15.553
1415	14.896
1416	14.174
1417	13.322
1418	12.644
1419	12.161
1420	11.733
1421	10.912
1422	8.676
1423	8.3367
1424	7.9172
1425	6.2617
1426	5.1867
1427	3.0221
1428	0.41335
1429	-1.2011
1430	-2.3185
1431	-3.9217
1432	-1.4784
1433	3.9771
1434	2.3125
1435	2.1395
1436	1.5256
1437	0.67756
1438	0.69014
1439	0.51254
1440	4.3756
1441	12.999
1442	-1.1142
1443	-2.3896
1444	13.293
1445	12.885
1446	12.502
1447	18.058
1448	17.776
1449	6.9871
1450	18.734
1451	20.938
1452	6.3489
1453	17.359
1454	12.114
1455	-5.4782
1456	4.9257
1457	7.2792
1458	1.4005
1459	1.1867
1460	1.0245
1461	0.88958
1462	0.8091
1463	0.75247
1464	0.73055
1465	0.67437
1466	0.74009
1467	0.74911
1468	0.80118
1469	0.82199
1470	0.83941
1471	0.88187
1472	0.91206
1473	0.9152
1474	1.0467
1475	1.0445
1476	1.07
1477	1.044
1478	1.1091
1479	1.1502
1480	1.1995
1481	1.1147
1482	1.1362
1483	1.1066
1484	1.1162
1485	1.1542
1486	1.1813
1487	1.1164
1488	1.1867
1489	1.2554
1490	1.3076
1491	1.3355
1492	1.4304
1493	1.6111
1494	1.8584
1495	2.4193
1496	2.5571
1497	2.8803
1498	3.2455
1499	3.5897
1500	3.8923
1501	4.1369
1502	4.0715
1503	3.9017
1504	3.1749
1505	3.6063
1506	1.0914
1507	-0.90255
1508	-1.7718
1509	-1.9657
1510	-0.71609
1511	7.2238e-002
1512	4.3361
1513	4.6964
1514	5.0394
1515	5.7416
1516	6.3715
1517	7.5748
1518	8.2437
1519	10.115
1520	11.955
1521	12.736
1522	13.749
1523	14.48
1524	15.512
1525	15.844
1526	16.176
1527	16.823
1528	17.096
1529	18.036
1530	18.179
1531	18.375
1532	18.664
1533	19.133
1534	18.935
1535	18.741
1536	18.282
1537	18.71
1538	19.597
1539	19.291
1540	19.37
1541	18.794
1542	18.456
1543	18.603
1544	18.478
1545	17.681
1546	16.009
1547	15.689
1548	15.774
1549	15.621
1550	15.241
1551	14.885
1552	14.546
1553	14.606
1554	13.293
1555	12.977
1556	12.462
1557	12.057
1558	11.493
1559	11.246
1560	10.329
1561	9.9695
1562	8.7798
1563	8.1847
1564	7.6359
1565	6.3276
1566	6.6507
1567	5.9424
1568	5.3432
1569	3.5859
1570	3.4529
1571	3.6491
1572	3.7956
1573	3.936
1574	4.1047
1575	4.2951
1576	4.5062
1577	4.7368
1578	4.967
1579	5.1466
1580	5.5379
1581	5.8687
1582	6.2033
1583	6.5057
1584	6.7972
1585	7.1544
1586	7.9054
1587	8.2498
1588	8.5785
1589	8.8931
1590	9.204
1591	9.5172
1592	9.8417
1593	10.18
1594	10.53
1595	10.93
1596	11.266
1597	11.605
1598	11.955
1599	12.348
1600	12.763
1601	13.392
1602	13.655
1603	13.93
1604	14.311
1605	14.597
1606	14.905
1607	15.24
1608	15.883
1609	15.621
1610	16.119
1611	16.393
1612	16.597
1613	18.217
1614	18.514
1615	18.649
1616	19.117
1617	18.976
1618	19.082
1619	19.455
1620	19.747
1621	20.238
1622	20.246
1623	20.389
1624	20.766
1625	21.466
1626	21.992
1627	21.919
1628	21.992
1629	22.28
1630	22.027
1631	21.864
1632	21.94
1633	21.883
1634	21.601
1635	21.679
1636	21.596
1637	21.516
1638	21.464
1639	21.426
1640	21.49
1641	21.361
1642	21.25
1643	21.36
1644	21.369
1645	21.335
1646	21.354
1647	21.334
1648	21.314
1649	21.402
1650	21.378
1651	21.31
1652	21.311
1653	21.31
1654	21.321
1655	21.308
1656	21.326
1657	21.356
1658	21.313
1659	21.38
1660	21.393
1661	21.367
1662	21.341
1663	21.427
1664	21.349
1665	21.326
1666	21.333
1667	21.332
1668	21.315
1669	4.8473
1670	4.1848
1671	4.0349
1672	3.9423
1673	3.8466
1674	3.8321
1675	3.8968
1676	6.3916
1677	5.5981
1678	7.3436
1679	7.3216
1680	0.49184
1681	0.44982
1682	0.36348
1683	0.28221
1684	0.24273
1685	0.18722
1686	0.16331
1687	0.16059
1688	0.10646
1689	4.3903e-002
1690	8.4744e-002
1691	0.12498
1692	9.388e-002
1693	0.10949
1694	8.6264e-002
1695	9.511e-002
1696	9.3362e-002
1697	0.10765
1698	7.7062e-002
1699	0.17638
1700	0.1721
1701	0.19321
1702	0.20722
1703	0.25616
1704	0.2271
1705	0.25315
1706	0.23534
1707	0.25472
1708	0.28927
1709	0.28505
1710	0.31334
1711	0.33074
1712	0.34404
1713	0.34215
1714	0.37822
1715	0.33489
1716	0.39861
1717	0.39627
1718	0.38407
1719	0.42621
1720	0.44447
1721	0.45668
1722	0.4306
1723	0.40928
1724	0.46353
1725	0.44115
1726	0.46139
1727	0.47186
1728	0.49239
1729	0.49951
1730	0.49427
1731	0.4979
1732	0.54935
1733	0.56152
1734	0.62679
1735	0.64358
1736	0.86254
1737	0.98614
1738	2.5056
1739	2.6977
1740	2.9159
1741	3.3061
1742	3.495
1743	3.6466
1744	3.92
1745	3.7453
1746	3.4251
1747	2.9217
1748	2.6763e-002
1749	-4.0532
1750	-6.3233
1751	-10.406
1752	-9.0082
1753	-7.1371
1754	-4.8305
1755	-3.1313
1756	-1.8749
1757	-0.92921
1758	-5.4574e-002
1759	2.0029
1760	2.4959
1761	2.9362
1762	3.2942
1763	3.6552
1764	4.0791
1765	4.5209
1766	4.9762
1767	5.4107
1768	5.7656
1769	6.117
1770	6.4865
1771	6.8432
1772	7.1889
1773	7.522
1774	7.8709
1775	8.2363
1776	8.5684
1777	8.9078
1778	9.1956
1779	9.4348
1780	10.217
1781	10.547
1782	11.253
1783	11.546
1784	11.844
1785	12.157
1786	12.457
1787	12.807
1788	13.136
1789	13.523
1790	13.814
1791	14.12
1792	14.408
1793	14.709
1794	14.95
1795	15.169
1796	15.347
1797	15.524
1798	15.718
1799	15.906
1800	16.097
1801	16.27
1802	16.4
1803	16.466
1804	16.561
1805	16.671
1806	16.779
1807	16.876
1808	16.992
1809	17.131
1810	17.573
1811	17.798
1812	18.037
1813	18.202
1814	18.298
1815	18.409
1816	18.434
1817	18.487
1818	18.452
1819	18.461
1820	18.368
1821	18.367
1822	18.251
1823	18.207
1824	17.718
1825	17.601
1826	17.391
1827	17.207
1828	16.978
1829	15.446
1830	14.534
1831	13.834
1832	13.316
1833	13.009
1834	12.822
1835	12.613
1836	12.305
1837	11.953
1838	11.813
1839	12.063
1840	11.568
1841	11.347
1842	11.16
1843	11.016
1844	10.939
1845	10.749
1846	10.553
1847	10.217
1848	10.018
1849	9.7393
1850	9.3532
1851	9.2062
1852	9.3605
1853	9.3185
1854	8.9446
1855	8.7565
1856	8.4588
1857	8.3003
1858	8.2081
1859	7.9459
1860	7.663
1861	7.4961
1862	7.2956
1863	7.0588
1864	6.8133
1865	6.7018
1866	6.7123
1867	6.846
1868	6.7037
1869	6.6098
1870	6.5258
1871	6.4902
1872	6.4246
1873	6.384
1874	6.1391
1875	6.
1876	6.1591
1877	6.2782
1878	6.3603
1879	6.419
1880	6.5124
1881	6.6405
1882	6.797
1883	7.2193
1884	7.5123
1885	7.8801
1886	8.3456
1887	8.8953
1888	9.4972
1889	10.06
1890	10.022
1891	9.7908
1892	9.3803
1893	8.9262
1894	8.5309
1895	8.1953
1896	7.9376
1897	7.6163
1898	7.5544
1899	7.4217
1900	7.4257
1901	7.4525
1902	7.5695
1903	7.643
1904	7.7145
1905	7.8956
1906	8.006
1907	8.1228
1908	8.3529
1909	8.4646
1910	8.6034
1911	8.8952
1912	9.0133
1913	9.4658
1914	9.6469
1915	9.8369
1916	10.237
1917	10.388
1918	10.559
1919	10.778
1920	10.983
1921	11.187
1922	11.31
1923	11.571
1924	11.808
1925	12.003
1926	12.15
1927	12.132
1928	12.245
1929	12.461
1930	12.865
1931	13.093
1932	13.361
1933	13.692
1934	13.843
1935	14.047
1936	14.441
1937	14.576
1938	14.731
1939	15.153
1940	15.362
1941	15.461
1942	16.126
1943	16.475
1944	17.217
1945	17.392
1946	17.44
1947	18.366
1948	17.793
1949	18.698
1950	19.514
1951	19.716
1952	19.945
1953	20.072
1954	20.255
1955	20.413
1956	20.473
1957	20.636
1958	20.802
1959	20.763
1960	20.957
1961	21.031
1962	21.098
1963	21.221
1964	21.312
1965	21.297
1966	21.355
1967	21.425
1968	21.433
1969	21.456
1970	21.395
1971	21.335
1972	21.264
1973	21.571
1974	21.578
1975	21.573
1976	21.539
1977	21.558
1978	21.525
1979	21.5
1980	21.438
1981	21.36
1982	21.283
1983	21.495
1984	21.435
1985	21.408
1986	21.389
1987	21.37
1988	21.351
1989	21.294
1990	21.221
1991	21.125
1992	21.031
1993	21.23
1994	21.162
1995	21.203
1996	21.249
1997	21.189
1998	21.151
1999	21.125
2000	21.12
2001	21.079
2002	21.049
2003	21.024
2004	21.066
2005	21.033
2006	21.002
2007	20.982
2008	20.939
2009	20.883
2010	20.791
2011	21.114
2012	20.978
2013	20.906
2014	20.946
2015	20.951
2016	20.937
2017	20.943
2018	20.927
2019	20.936
2020	21.015
2021	20.895
2022	20.903
2023	20.918
2024	20.902
2025	20.922
2026	20.922
2027	20.926
2028	20.925
2029	20.943
2030	20.956
2031	20.995
2032	20.904
2033	20.921
2034	20.938
2035	20.937
2036	20.894
2037	20.906
2038	20.916
2039	20.924
2040	20.941
2041	20.959
2042	20.926
2043	20.93
2044	21.09
2045	20.951
2046	20.97
2047	20.977
2048	20.968
2049	20.941
2050	20.926
2051	20.862
2052	20.866
2053	20.911
2054	20.965
2055	20.925
2056	20.902
2057	20.903
2058	1.4577
2059	21.325
2060	5.499
2061	21.311
2062	20.463
2063	20.9
2064	0.99999
2065	3.9096
2066	4.7693
2067	20.459
2068	20.493
2069	20.484
2070	20.481
2071	20.53
2072	20.466
2073	20.514
2074	20.472
2075	20.454
2076	20.508
2077	20.536
2078	20.536
2079	20.537
2080	20.564
2081	20.557
2082	20.539
2083	20.541
2084	20.536
2085	20.531
2086	20.542
2087	20.512
2088	20.515
2089	20.505
2090	20.505
2091	20.524
2092	20.533
2093	20.517
2094	20.52
2095	20.568
2096	20.538
2097	20.55
2098	20.522
2099	20.502
2100	20.531
2101	20.504
2102	20.513
2103	20.496
2104	20.475
2105	20.528
2106	20.581
2107	20.54
2108	20.567
2109	20.557
2110	20.52
2111	20.583
2112	20.553
2113	20.521
2114	20.481
2115	20.582
2116	20.566
2117	20.622
2118	20.612
2119	20.645
2120	20.657
2121	20.68
2122	20.621
2123	20.66
2124	20.707
2125	20.722
2126	20.746
2127	20.768
2128	20.825
2129	20.783
2130	20.811
2131	20.785
2132	20.908
2133	20.989
2134	20.989
2135	20.989
2136	21.08
2137	20.967
2138	21.075
2139	21.086
2140	21.086
2141	21.045
2142	20.849
2143	21.026
2144	20.871
2145	20.851
2146	20.884
2147	20.814
2148	20.674
2149	20.541
2150	20.38
2151	20.112
2152	19.888
2153	19.643
2154	19.249
2155	18.668
2156	18.853
2157	17.994
2158	18.411
2159	17.382
2160	17.642
2161	17.119
2162	16.554
2163	15.551
2164	15.862
2165	14.916
2166	15.163
2167	14.789
2168	14.424
2169	13.914
2170	14.046
2171	13.733
2172	13.222
2173	13.073
2174	12.673
2175	12.278
2176	11.763
2177	11.896
2178	11.678
2179	11.375
2180	10.999
2181	10.73
2182	10.203
2183	10.391
2184	10.034
2185	9.7232
2186	9.3777
2187	8.934
2188	9.0753
2189	8.8108
2190	8.5786
2191	8.3374
2192	8.1371
2193	7.9593
2194	7.8063
2195	7.6951
2196	7.594
2197	7.6161
2198	7.6044
2199	7.59
2200	7.7062
2201	7.6447
2202	7.7845
2203	8.0421
2204	8.9824
2205	8.5626
2206	9.5631
2207	11.211
2208	11.694
2209	12.568
2210	9.8037
2211	10.731
2212	8.2591
2213	8.9073
2214	7.7705
2215	7.0966
2216	6.6515
2217	6.3482
2218	6.078
2219	6.1583
2220	5.8389
2221	5.9653
2222	5.8575
2223	5.7705
2224	5.9642
2225	5.9256
2226	5.9735
2227	6.0004
2228	6.0979
2229	6.1495
2230	6.1214
2231	6.3815
2232	6.6982
2233	6.9357
2234	7.1632
2235	7.5705
2236	7.4146
2237	7.9591
2238	7.7932
2239	8.2727
2240	8.1289
2241	8.3421
2242	8.7783
2243	8.5115
2244	9.0142
2245	9.3656
2246	9.7263
2247	10.029
2248	10.599
2249	10.376
2250	10.847
2251	10.935
2252	11.403
2253	11.874
2254	12.945
2255	12.465
2256	14.292
2257	13.551
2258	15.74
2259	16.326
2260	16.232
2261	16.678
2262	17.314
2263	17.12
2264	17.555
2265	17.434
2266	17.583
2267	17.779
2268	17.756
2269	17.734
2270	17.643
2271	17.178
2272	17.345
2273	17.051
2274	16.824
2275	16.645
2276	16.41
2277	16.49
2278	16.331
2279	16.094
2280	15.638
2281	15.801
2282	15.48
2283	15.118
2284	14.761
2285	14.299
2286	13.624
2287	13.841
2288	13.125
2289	13.36
2290	12.629
2291	12.896
2292	12.038
2293	12.343
2294	11.747
2295	10.783
2296	11.102
2297	10.135
2298	10.455
2299	9.5969
2300	9.855
2301	8.9856
2302	9.294
2303	8.6996
2304	7.8778
2305	8.1532
2306	7.2265
2307	7.5873
2308	6.8685
2309	6.1929
2310	4.9838
2311	5.3611
2312	4.4922
2313	3.5712
2314	2.7668
2315	2.0064
2316	0.72043
2317	-1.998
2318	-0.83227
2319	-3.2688
2320	-7.197
2321	-11.686
2322	-14.502
2323	-12.119
2324	-6.2645
2325	-8.1578
2326	-4.6299
2327	-0.95329
2328	2.0611
2329	3.7567
2330	3.4566
2331	3.9007
2332	3.8787
2333	3.6164
2334	3.2584
2335	2.8284
2336	2.3901
2337	1.9802
2338	1.3963
2339	1.5754
2340	1.196
2341	0.89103
2342	0.58856
2343	0.31988
2344	9.5957e-002
2345	8.7442e-002
2346	1.1311e-002
2347	2.5966e-002
2348	-1.4284e-002
2349	-0.12144
2350	-0.14988
2351	-0.1896
2352	-0.17715
2353	-0.22704
2354	-0.24273
2355	-0.28376
2356	-0.29901
2357	-0.27163
2358	-0.30529
2359	-0.31074
2360	-0.30211
2361	-0.3481
2362	-0.38091
2363	-0.3785
2364	-0.44566
2365	-0.48995
2366	-0.44334
2367	-0.48008
2368	-0.44828
2369	-0.48721
2370	-0.45397
2371	-0.48361
2372	-0.50948
2373	-0.54898
2374	-0.57973
2375	-0.55688
2376	-0.53784
2377	-0.52207
2378	-0.53952
2379	-0.44228
2380	-0.41806
2381	-0.30075
2382	-8.7969e-002
2383	-0.1052
2384	-2.7821e-002
2385	0.18171
2386	0.38995
2387	21.712
2388	20.468
2389	0.52082
2390	20.906
2391	21.31
2392	6.3617
2393	6.3716
2394	3.7619
2395	21.742
2396	21.735
2397	21.691
2398	21.731
2399	21.738
2400	21.748
2401	21.801
2402	21.803
2403	21.743
2404	21.722
2405	21.69
2406	21.741
2407	21.722
2408	21.74
2409	21.763
2410	21.744
2411	21.76
2412	21.748
2413	21.758
2414	21.781
2415	21.759
2416	21.776
2417	21.756
2418	21.765
2419	21.805
2420	21.731
2421	21.683
2422	21.755
2423	21.759
2424	21.765
2425	21.74
2426	21.703
2427	21.73
2428	21.718
2429	21.709
2430	21.725
2431	21.722
2432	21.716
2433	21.729
2434	21.72
2435	21.682
2436	21.738
2437	21.753
2438	21.72
2439	21.725
2440	21.707
2441	21.724
2442	21.697
2443	21.72
2444	21.707
2445	21.728
2446	21.696
2447	21.708
2448	21.747
2449	21.753
2450	21.739
2451	21.684
2452	21.737
2453	21.717
2454	21.729
2455	21.696
2456	21.709
2457	21.733
2458	21.723
2459	21.753
2460	21.768
2461	21.645
2462	21.712
2463	21.743
2464	21.741
2465	21.776
2466	21.831
2467	21.834
2468	21.807
2469	21.802
2470	21.795
2471	21.81
2472	21.81
2473	21.845
2474	21.855
2475	21.905
2476	21.908
2477	21.935
2478	21.979
2479	21.987
2480	21.949
2481	21.96
2482	21.988
2483	22.046
2484	22.099
2485	22.
2486	22.066
2487	22.117
2488	22.11
2489	22.15
2490	22.189
2491	22.24
2492	22.241
2493	22.26
2494	22.312
2495	22.372
2496	22.407
2497	22.311
2498	22.386
2499	22.416
2500	22.472
2501	22.466
2502	22.493
2503	22.502
2504	22.537
2505	22.568
2506	22.579
2507	22.625
2508	22.732
2509	22.455
2510	22.541
2511	22.601
2512	22.569
2513	22.531
2514	22.523
2515	22.59
2516	22.535
2517	22.477
2518	22.366
2519	22.403
2520	22.301
2521	22.285
2522	22.135
2523	22.017
2524	21.958
2525	21.869
2526	21.762
2527	21.592
2528	21.417
2529	21.246
2530	21.115
2531	21.006
2532	20.826
2533	20.572
2534	20.325
2535	19.874
2536	19.771
2537	19.661
2538	19.547
2539	19.157
2540	19.004
2541	18.856
2542	18.694
2543	18.516
2544	18.096
2545	17.883
2546	17.662
2547	17.496
2548	17.313
2549	17.085
2550	16.919
2551	16.738
2552	16.51
2553	16.284
2554	16.082
2555	15.859
2556	15.574
2557	15.008
2558	14.783
2559	14.545
2560	14.26
2561	13.981
2562	13.696
2563	13.405
2564	13.152
2565	12.886
2566	12.561
2567	12.214
2568	11.879
2569	11.555
2570	11.277
2571	11.005
2572	10.681
2573	10.342
2574	9.6616
2575	9.3362
2576	9.0009
2577	8.6555
2578	8.3061
2579	7.9521
2580	7.6006
2581	7.2774
2582	6.9915
2583	6.6828
2584	6.3523
2585	6.0236
2586	5.6927
2587	5.3797
2588	5.1694
2589	4.7311
2590	4.52
2591	4.2722
2592	4.0032
2593	3.7541
2594	3.5275
2595	3.3284
2596	3.0162
2597	2.8724
2598	2.8225
2599	2.7817
2600	2.9479
2601	3.2075
2602	3.4406
2603	3.6365
2604	3.6732
2605	3.5891
2606	3.5066
2607	3.4169
2608	3.344
2609	3.3382
2610	3.5193
2611	3.9176
2612	4.1536
2613	4.4088
2614	4.6906
2615	4.994
2616	5.6028
2617	5.8867
2618	6.2211
2619	6.5754
2620	6.9362
2621	7.3014
2622	7.6443
2623	8.0001
2624	8.3
2625	8.5499
2626	8.8524
2627	9.1848
2628	9.5775
2629	10.888
2630	11.284
2631	11.667
2632	11.957
2633	12.191
2634	12.783
2635	13.155
2636	13.537
2637	14.075
2638	14.446
2639	14.977
2640	15.326
2641	15.729
2642	16.036
2643	16.342
2644	16.633
2645	17.015
2646	17.257
2647	17.521
2648	18.129
2649	18.317
2650	18.532
2651	18.74
2652	19.192
2653	19.352
2654	19.442
2655	19.457
2656	19.648
2657	19.858
2658	20.052
2659	20.171
2660	20.231
2661	20.324
2662	20.386
2663	20.432
2664	20.422
2665	19.985
2666	19.825
2667	19.97
2668	20.268
2669	20.153
2670	20.261
2671	20.29
2672	20.377
2673	20.414
2674	20.436
2675	20.34
2676	20.269
2677	19.929
2678	19.764
2679	19.59
2680	19.357
2681	19.158
2682	18.91
2683	18.756
2684	18.556
2685	18.375
2686	18.219
2687	18.026
2688	17.775
2689	17.51
2690	17.237
2691	16.961
2692	16.701
2693	16.445
2694	16.151
2695	15.825
2696	15.487
2697	15.145
2698	14.436
2699	14.083
2700	13.729
2701	13.385
2702	13.067
2703	12.784
2704	12.488
2705	11.445
2706	11.101
2707	10.46
2708	10.205
2709	9.942
2710	9.6131
2711	9.2856
2712	8.9943
2713	8.738
2714	8.1893
2715	7.6059
2716	7.3239
2717	7.0488
2718	6.4999
2719	6.215
2720	5.9235
2721	5.6217
2722	5.3011
2723	4.974
2724	4.6185
2725	4.2212
2726	3.8036
2727	2.956
2728	2.1147
2729	1.1779
2730	0.60411
2731	0.57099
2732	-0.24706
2733	-0.19371
2734	0.56258
2735	1.1727
2736	1.9391
2737	2.5409
2738	3.5446
2739	4.1672
2740	4.3362
2741	4.4053
2742	4.4502
2743	4.3757
2744	4.1739
2745	4.0394
2746	3.8966
2747	3.7301
2748	3.5782
2749	3.2673
2750	2.9689
2751	2.8268
2752	2.7428
2753	2.4832
2754	2.3161
2755	2.2284
2756	2.116
2757	2.0208
2758	1.9833
2759	1.931
2760	1.9405
2761	1.862
2762	1.8358
2763	1.8286
2764	1.7971
2765	1.7934
2766	1.7866
2767	1.8058
2768	1.7644
2769	1.8082
2770	1.7386
2771	1.764
2772	1.8095
2773	1.7804
2774	1.7681
2775	1.7927
2776	1.8174
2777	1.8088
2778	1.8405
2779	1.7932
2780	1.798
2781	1.7887
2782	1.7451
2783	1.7163
2784	1.7378
2785	1.7339
2786	1.6869
2787	1.7273
2788	1.7015
2789	1.7564
2790	1.6345
2791	1.6941
2792	1.5924
2793	1.5589
2794	1.5485
2795	1.506
2796	1.561
2797	1.4819
2798	1.4465
2799	1.4442
2800	1.403
2801	1.4174
2802	1.3518
2803	1.3723
2804	1.3157
2805	1.3411
2806	1.2967
2807	1.2878
2808	1.3113
2809	1.278
2810	1.2965
2811	1.298
2812	1.2972
2813	1.3387
2814	1.37
2815	1.4905
2816	1.4954
2817	1.5092
2818	1.6461
2819	1.7385
2820	1.8291
2821	1.9039
2822	2.0912
2823	3.7636
2824	21.718
2825	20.498
2826	0.60172
2827	2.5448
2828	2.4719
2829	2.3383
2830	2.2519
2831	2.1621
2832	2.0585
2833	2.0214
2834	1.9715
2835	1.9471
2836	1.9478
2837	1.9018
2838	1.8226
2839	1.8049
2840	1.8166
2841	1.8302
2842	1.8244
2843	1.8354
2844	1.8215
2845	1.8366
2846	1.8404
2847	1.8819
2848	1.898
2849	1.8821
2850	1.935
2851	1.9258
2852	1.9672
2853	2.0356
2854	2.0291
2855	2.0633
2856	2.0422
2857	2.1107
2858	2.1318
2859	2.071
2860	2.1629
2861	2.1467
2862	2.2076
2863	2.2271
2864	2.2021
2865	2.2732
2866	2.227
2867	2.3266
2868	2.3326
2869	2.3468
2870	2.3486
2871	2.3611
2872	2.3777
2873	2.3683
2874	2.4074
2875	2.4099
2876	2.453
2877	2.3869
2878	2.4635
2879	2.4428
2880	2.4512
2881	2.4117
2882	2.4349
2883	2.3818
2884	2.4316
2885	2.4198
2886	2.449
2887	2.4196
2888	2.4144
2889	2.3443
2890	2.4038
2891	2.4453
2892	2.3934
2893	2.4036
2894	2.3924
2895	2.4429
2896	2.3849
2897	2.3797
2898	2.3907
2899	2.3818
2900	2.4089
2901	2.3735
2902	2.4211
2903	2.4997
2904	2.4785
2905	2.4963
2906	2.5706
2907	2.5856
2908	2.6844
2909	2.7638
2910	2.8255
2911	2.9224
2912	2.9921
2913	3.1252
2914	3.2106
2915	3.3568
2916	3.4909
2917	3.6323
2918	3.7741
2919	3.9415
2920	4.0498
2921	4.2247
2922	4.3654
2923	4.4914
2924	4.6802
2925	4.7581
2926	4.7378
2927	4.6902
2928	4.5598
2929	4.3974
2930	4.1004
2931	3.7068
2932	3.319
2933	2.8344
2934	2.2523
2935	1.8426
2936	1.4351
2937	1.2515
2938	1.1457
2939	1.5987
2940	1.7359
2941	1.941
2942	2.1802
2943	2.4736
2944	3.178
2945	3.5337
2946	3.8943
2947	4.2471
2948	4.6046
2949	5.2636
2950	5.5611
2951	5.8464
2952	6.118
2953	6.3825
2954	6.6419
2955	6.8952
2956	7.1462
2957	7.3969
2958	7.6494
2959	7.9059
2960	8.1657
2961	8.4242
2962	8.683
2963	8.9485
2964	9.2275
2965	9.5175
2966	9.8081
2967	10.087
2968	10.374
2969	10.679
2970	10.998
2971	11.327
2972	11.666
2973	12.009
2974	12.339
2975	12.663
2976	12.995
2977	13.337
2978	13.688
2979	14.043
2980	14.4
2981	14.759
2982	15.118
2983	15.472
2984	15.82
2985	16.157
2986	16.482
2987	16.796
2988	17.098
2989	17.396
2990	17.691
2991	17.972
2992	18.239
2993	18.473
2994	18.682
2995	18.904
2996	19.143
2997	19.389
2998	19.654
2999	19.928
3000	20.226
3001	20.43
3002	20.668
3003	20.834
3004	21.037
3005	21.124
3006	21.246
3007	21.398
3008	21.46
3009	21.507
3010	21.457
3011	21.527
3012	21.53
3013	21.549
3014	21.511
3015	21.355
3016	21.263
3017	21.248
3018	21.252
3019	21.339
3020	21.324
3021	21.244
3022	21.156
3023	21.067
3024	20.97
3025	20.847
3026	20.687
3027	20.517
3028	20.365
3029	20.263
3030	20.139
3031	19.972
3032	19.769
3033	19.575
3034	19.378
3035	19.175
3036	18.972
3037	18.736
3038	18.462
3039	18.216
3040	17.982
3041	17.753
3042	17.552
3043	17.371
3044	17.129
3045	16.847
3046	16.563
3047	16.303
3048	16.079
3049	15.857
3050	15.561
3051	15.165
3052	14.832
3053	14.534
3054	14.211
3055	13.859
3056	13.507
3057	13.18
3058	12.865
3059	12.555
3060	12.211
3061	11.833
3062	11.455
3063	11.099
3064	10.752
3065	10.383
3066	9.9884
3067	9.5939
3068	9.2158
3069	8.8586
3070	8.5108
3071	8.125
3072	7.7252
3073	7.3297
3074	6.928
3075	6.5249
3076	5.7354
3077	5.3584
3078	4.9898
3079	4.6333
3080	4.2802
3081	3.9506
3082	3.6498
3083	3.3784
3084	3.1359
3085	2.95
3086	2.8241
3087	2.7652
3088	2.7835
3089	2.8806
3090	3.0354
3091	3.2385
3092	3.5037
3093	3.8564
3094	4.2615
3095	3.9784
3096	3.5852
3097	3.1979
3098	2.8453
3099	2.5376
3100	2.4288
3101	2.2052
3102	2.1686
3103	2.1591
3104	2.2201
3105	2.3489
3106	2.5022
3107	2.7014
3108	2.9361
3109	3.2019
3110	3.4925
3111	3.804
3112	4.102
3113	4.3953
3114	4.7949
3115	5.131
3116	5.493
3117	5.8567
3118	6.2199
3119	6.5815
3120	6.9367
3121	7.2904
3122	7.6472
3123	8.0103
3124	8.377
3125	8.7423
3126	9.1034
3127	9.4578
3128	9.8092
3129	10.16
3130	10.509
3131	10.851
3132	11.189
3133	11.511
3134	11.824
3135	12.149
3136	12.478
3137	12.808
3138	13.13
3139	13.432
3140	13.72
3141	14.013
3142	14.304
3143	14.589
3144	14.872
3145	15.141
3146	15.397
3147	15.665
3148	15.936
3149	16.204
3150	16.452
3151	16.682
3152	16.912
3153	17.142
3154	17.358
3155	17.559
3156	17.774
3157	17.978
3158	18.171
3159	18.377
3160	18.583
3161	18.789
3162	18.982
3163	19.163
3164	19.333
3165	19.495
3166	19.657
3167	19.832
3168	20.01
3169	20.163
3170	20.292
3171	20.421
3172	20.578
3173	20.743
3174	21.045
3175	21.199
3176	21.4
3177	21.691
3178	21.787
3179	21.945
3180	22.046
3181	22.225
3182	22.368
3183	22.499
3184	22.616
3185	22.696
3186	22.772
3187	22.86
3188	22.998
3189	22.99
3190	23.032
3191	23.045
3192	23.094
3193	23.127
3194	23.148
3195	23.124
3196	23.132
3197	23.141
3198	23.133
3199	23.092
3200	23.024
3201	23.153
3202	23.1
3203	23.065
3204	23.039
3205	23.017
3206	22.946
3207	22.944
3208	22.911
3209	22.896
3210	22.834
3211	22.815
3212	22.778
3213	22.78
3214	22.753
3215	22.724
3216	22.669
3217	22.644
3218	22.653
3219	22.581
3220	22.526
3221	22.506
3222	22.487
3223	22.463
3224	22.426
3225	22.434
3226	22.424
3227	22.372
3228	22.344
3229	22.331
3230	22.347
3231	22.327
3232	22.291
3233	22.272
3234	22.281
3235	22.235
3236	22.219
3237	22.193
3238	22.188
3239	22.174
3240	22.173
3241	22.169
3242	22.173
3243	22.165
3244	22.129
3245	22.123
3246	22.134
3247	22.1
3248	22.082
3249	22.113
3250	22.139
3251	22.107
3252	22.126
3253	22.069
3254	22.086
3255	22.111
3256	22.099
3257	22.133
3258	22.084
3259	22.086
3260	22.1
3261	22.127
3262	22.106
3263	22.087
3264	22.065
3265	22.091
3266	22.092
3267	22.094
3268	22.065
3269	22.092
3270	22.078
3271	22.102
3272	22.089
3273	22.116
3274	22.135
3275	22.098
3276	22.093
3277	22.139
3278	22.111
3279	22.113
3280	22.126
3281	22.1
3282	22.118
3283	22.134
3284	22.115
3285	22.118
3286	22.146
3287	22.141
3288	22.151
3289	22.115
3290	22.128
3291	22.153
3292	22.145
3293	22.146
3294	22.153
3295	22.141
3296	22.15
3297	22.135
3298	22.14
3299	22.145
3300	22.142
3301	22.177
3302	22.137
3303	22.111
3304	22.126
3305	22.116
3306	22.119
3307	22.121
3308	22.154
3309	22.153
3310	22.132
3311	22.128
3312	22.129
3313	22.114
3314	22.155
3315	22.13
3316	22.125
3317	22.147
3318	3.8232
3319	5.588
3320	21.663
3321	22.11
3322	-7.2815e-002
3323	-0.13726
3324	-7.0471e-002
3325	-0.11016
3326	-0.18057
3327	-0.29351
3328	-0.36739
3329	-0.48164
3330	-0.6062
3331	-0.65939
3332	-0.71861
3333	-0.80595
3334	-0.8728
3335	-0.8892
3336	-0.96324
3337	-1.0115
3338	-1.0279
3339	-1.082
3340	-1.085
3341	-1.1315
3342	-1.1754
3343	-1.1923
3344	-1.158
3345	-1.2141
3346	-1.2255
3347	-1.2584
3348	-1.2633
3349	-1.2656
3350	-1.2589
3351	-1.2927
3352	-1.2294
3353	-1.2459
3354	-1.1471
3355	-1.1917
3356	-1.1941
3357	-1.2007
3358	-1.1597
3359	-1.2053
3360	-1.213
3361	-1.1864
3362	-1.2034
3363	-1.1478
3364	-1.1677
3365	-1.1083
3366	-1.1245
3367	-1.0929
3368	-1.1079
3369	-1.031
3370	-1.0497
3371	-1.1014
3372	-1.0697
3373	-1.1128
3374	-1.0839
3375	-1.1038
3376	-1.0412
3377	-1.1207
3378	-1.0713
3379	-1.1003
3380	-1.072
3381	-1.1068
3382	-1.0475
3383	-1.0484
3384	-0.99641
3385	-1.0171
3386	-0.99286
3387	-0.92873
3388	-0.97552
3389	-0.89664
3390	-0.8956
3391	-0.88298
3392	-0.84539
3393	-0.8608
3394	-0.80183
3395	-0.79572
3396	-0.73844
3397	-0.67603
3398	-0.69924
3399	-0.56134
3400	-0.52629
3401	-0.3991
3402	-0.24311
3403	-0.10057
3404	4.8814e-002
3405	0.21414
3406	0.35983
3407	0.54685
3408	0.73245
3409	0.95285
3410	1.1613
3411	1.4064
3412	1.6164
3413	1.8164
3414	2.0728
3415	2.3162
3416	2.5521
3417	2.7931
3418	3.0344
3419	3.2783
3420	3.4969
3421	3.7065
3422	3.8705
3423	3.9986
3424	4.0343
3425	3.9673
3426	3.7955
3427	3.3356
3428	2.5963
3429	1.4444
3430	-1.5779
3431	-6.4687
3432	-6.9246
3433	-7.9656
3434	-9.8163
3435	-12.981
3436	-16.209
3437	-19.289
3438	-20.426
3439	-18.795
3440	-14.704
3441	-10.381
3442	-6.6106
3443	-4.677
3444	-2.8889
3445	-1.1717
3446	-0.64092
3447	8.3746e-002
3448	1.1314
3449	1.7386
3450	1.9567
3451	2.6942
3452	2.6617
3453	3.0463
3454	4.1996
3455	4.4884
3456	4.8185
3457	5.5402
3458	5.8139
3459	6.1578
3460	6.554
3461	7.1239
3462	7.3568
3463	7.5647
3464	7.8766
3465	8.3567
3466	8.4335
3467	8.7453
3468	9.2417
3469	9.3955
3470	9.659
3471	10.421
3472	10.694
3473	10.972
3474	11.357
3475	11.931
3476	12.264
3477	12.559
3478	12.811
3479	13.09
3480	13.366
3481	13.587
3482	13.838
3483	14.077
3484	14.277
3485	14.498
3486	14.705
3487	14.916
3488	15.132
3489	15.459
3490	15.628
3491	15.752
3492	15.887
3493	16.015
3494	16.218
3495	16.303
3496	16.373
3497	16.419
3498	16.464
3499	16.517
3500	16.625
3501	16.734
3502	16.851
3503	16.976
3504	17.095
3505	17.173
3506	17.259
3507	17.245
3508	17.215
3509	17.162
3510	17.066
3511	16.96
3512	16.783
3513	16.612
3514	16.442
3515	16.22
3516	15.98
3517	15.784
3518	15.372
3519	15.076
3520	14.926
3521	14.498
3522	14.242
3523	13.825
3524	13.439
3525	12.873
3526	12.359
3527	11.888
3528	11.487
3529	10.919
3530	10.697
3531	10.483
3532	10.254
3533	10.076
3534	9.9757
3535	9.8063
3536	9.5965
3537	9.3903
3538	9.1988
3539	9.0294
3540	8.8802
3541	8.7028
3542	8.5176
3543	8.3486
3544	8.1808
3545	8.0037
3546	7.8075
3547	7.6048
3548	7.4442
3549	7.3542
3550	7.2498
3551	7.1151
3552	6.9691
3553	6.8199
3554	6.6565
3555	6.5163
3556	6.3966
3557	6.2851
3558	6.1788
3559	6.0819
3560	5.985
3561	5.8916
3562	5.7871
3563	5.6802
3564	5.5821
3565	5.5178
3566	5.4971
3567	5.509
3568	5.5048
3569	5.4844
3570	5.4625
3571	5.4637
3572	5.477
3573	5.5011
3574	5.5256
3575	5.5402
3576	5.546
3577	5.5652
3578	5.6459
3579	5.7621
3580	5.8799
3581	5.9938
3582	6.1173
3583	6.2592
3584	6.425
3585	6.6188
3586	6.8443
3587	7.1098
3588	7.4309
3589	7.834
3590	8.3586
3591	9.0879
3592	10.15
3593	11.976
3594	15.171
3595	14.929
3596	15.759
3597	12.524
3598	10.743
3599	9.7858
3600	9.1652
3601	8.7503
3602	8.4548
3603	8.24
3604	8.0824
3605	7.9656
3606	7.8766
3607	7.8077
3608	7.7576
3609	7.7256
3610	7.7091
3611	7.7066
3612	7.7156
3613	7.7343
3614	7.7624
3615	7.7998
3616	7.8461
3617	7.9028
3618	7.9649
3619	8.0346
3620	8.1109
3621	8.1971
3622	8.2947
3623	8.3935
3624	8.4957
3625	8.5982
3626	8.7101
3627	8.8324
3628	8.9604
3629	9.0957
3630	9.2359
3631	9.3843
3632	9.5289
3633	9.6758
3634	9.8301
3635	9.9912
3636	10.15
3637	10.299
3638	10.44
3639	10.595
3640	10.766
3641	10.935
3642	11.094
3643	11.237
3644	11.369
3645	11.517
3646	11.688
3647	11.871
3648	12.047
3649	12.233
3650	12.42
3651	12.592
3652	12.75
3653	12.912
3654	13.082
3655	13.25
3656	13.416
3657	13.571
3658	13.739
3659	13.913
3660	14.085
3661	14.254
3662	14.423
3663	14.646
3664	14.921
3665	15.208
3666	15.534
3667	15.726
3668	15.987
3669	16.347
3670	16.638
3671	16.869
3672	17.289
3673	17.554
3674	17.816
3675	17.961
3676	18.218
3677	18.436
3678	18.595
3679	18.807
3680	18.916
3681	19.121
3682	19.292
3683	19.388
3684	19.521
3685	19.664
3686	19.734
3687	19.921
3688	19.991
3689	20.002
3690	20.149
3691	20.205
3692	20.258
3693	20.348
3694	20.338
3695	20.356
3696	20.39
3697	20.479
3698	20.528
3699	20.542
3700	20.567
3701	20.611
3702	20.586
3703	20.637
3704	20.604
3705	20.601
3706	20.569
3707	20.562
3708	20.557
3709	20.637
3710	20.585
3711	20.575
3712	20.602
3713	20.565
3714	20.552
3715	20.549
3716	20.5
3717	20.499
3718	20.46
3719	20.433
3720	20.414
3721	20.42
3722	20.393
3723	20.403
3724	20.421
3725	20.417
3726	20.385
3727	20.374
3728	20.342
3729	20.334
3730	20.312
3731	20.271
3732	20.242
3733	20.27
3734	20.277
3735	20.261
3736	20.23
3737	20.24
3738	20.225
3739	20.229
3740	20.196
3741	20.187
3742	20.156
3743	20.142
3744	20.164
3745	20.152
3746	20.112
3747	20.171
3748	20.163
3749	20.148
3750	20.161
3751	20.141
3752	20.156
3753	20.132
3754	20.131
3755	20.137
3756	20.124
3757	20.092
3758	20.106
3759	20.108
3760	20.096
3761	20.084
3762	20.112
3763	20.11
3764	20.119
3765	20.128
3766	20.153
3767	20.093
3768	20.126
3769	20.117
3770	20.113
3771	20.133
3772	20.109
3773	20.111
3774	20.097
3775	20.128
3776	20.144
3777	20.093
3778	20.118
3779	20.11
3780	20.116
3781	20.144
3782	20.123
3783	20.079
3784	20.158
3785	20.133
3786	20.134
3787	20.135
3788	20.092
3789	20.115
3790	20.114
3791	20.119
3792	20.107
3793	20.09
3794	20.096
3795	20.06
3796	20.022
3797	20.061
3798	20.089
3799	20.067
3800	20.042
3801	20.042
3802	20.041
3803	20.03
3804	20.074
3805	20.03
3806	20.023
3807	20.069
3808	20.124
3809	4.3199
3810	5.5144
3811	4.2204
3812	5.5265
3813	4.8332
3814	3.772
3815	4.9307
3816	4.781
3817	13.823
3818	1.1425
3819	7.063
3820	-0.31905
3821	2.9037
3822	7.3238
3823	12.121
3824	16.974
3825	1.5471
3826	13.355
3827	10.277
3828	13.387
3829	6.7578
3830	15.01
3831	1.0287
3832	8.9233
3833	15.954
3834	20.95
3835	21.295
3836	21.335
3837	21.335
3838	21.43
3839	16.728
3840	21.274
3841	21.051
3842	14.703
3843	-0.39851
3844	-0.24725
3845	0.52153
3846	18.897
3847	-0.34225
3848	10.382
3849	0.47426
3850	2.0128
3851	21.326
3852	-0.38576
3853	21.324
3854	21.316
3855	21.35
3856	21.331
3857	16.766
3858	0.75612
3859	1.7954
3860	1.0761
3861	7.334
3862	22.104
3863	21.759
3864	21.89
3865	21.251
3866	21.611
3867	21.356
3868	21.629
3869	21.359
3870	21.423
3871	-3.8721
3872	19.275
3873	-0.37262
3874	19.083
3875	9.7045
3876	19.29
3877	1.8497
3878	6.2963
3879	21.999
3880	22.082
3881	21.515
3882	21.187
3883	21.365
3884	21.766
3885	21.534
3886	21.366
3887	21.428
3888	22.01
3889	21.744
3890	21.469
3891	21.383
3892	17.38
3893	8.4096
3894	14.547
3895	18.111
3896	9.0056
3897	6.3807
3898	0.7561
3899	1.1918
3900	3.8777
3901	1.1254
3902	13.046
3903	16.646
3904	8.4786
3905	19.359
3906	-0.31053
3907	8.7519
3908	1.7485
3909	16.878
3910	2.0241
3911	0.91066
3912	11.323
3913	3.92
3914	1.804
3915	16.255
3916	8.0292
3917	0.49929
3918	5.0897
3919	11.808
3920	18.84
3921	5.6277
3922	-5.0152
3923	12.818
3924	0.68743
3925	3.0379
3926	15.031
3927	20.531
3928	6.9275
3929	0.69957
3930	12.46
3931	6.7762
3932	16.467
3933	-0.18089
3934	-0.22269
3935	2.3802
3936	17.718
3937	1.0259
3938	4.2581
3939	20.148
3940	12.707
3941	14.066
3942	3.6942
3943	9.9452
3944	0.99781
3945	1.0072
3946	2.8123
3947	19.42
3948	20.078
3949	20.434
3950	20.752
3951	11.198
3952	20.108
3953	17.586
3954	20.113
3955	19.077
3956	19.723
3957	20.229
3958	20.682
3959	20.835
3960	20.114
3961	20.104
3962	11.95
3963	20.106
3964	15.569
3965	3.1096
3966	22.176
3967	-8.0035
3968	1.2868
3969	15.007
3970	6.5503
3971	9.1974
3972	4.6139
3973	8.2586
3974	17.54
3975	7.4413
3976	21.288
3977	6.1192
3978	3.0513
3979	17.303
3980	0.98555
3981	20.639
3982	20.507
3983	15.77
3984	20.66
3985	20.531
3986	20.516
3987	15.95
3988	20.521
3989	1.2361
3990	7.8178
3991	1.241
3992	20.552
3993	20.517
3994	5.4807
3995	1.0929
3996	0.41597
3997	6.5336
3998	13.353
3999	16.055
4000	21.33
4001	18.53
4002	1.0697
4003	0.16389
4004	1.7643
4005	15.072
4006	11.301
4007	8.4516
4008	10.843
4009	8.2342
4010	6.5186
4011	19.482
4012	15.963
4013	7.5599
4014	14.785
4015	7.4956
4016	13.795
4017	20.967
4018	20.584
4019	13.688
4020	10.391
4021	6.9329
4022	11.732
4023	-0.37669
4024	13.554
4025	14.946
4026	11.189
4027	8.4572
4028	2.128
4029	1.1775
4030	11.034
4031	10.526
4032	12.167
4033	19.349
4034	9.6462
4035	17.007
4036	1.4111
4037	13.061
4038	16.226
4039	5.3048
4040	-0.13428
4041	1.6148
4042	9.3098
4043	10.211
4044	10.753
4045	4.0242
4046	1.914
4047	1.6439
4048	-0.3184
4049	21.697
4050	7.5041
4051	1.1572
4052	17.857
4053	0.20877
4054	19.74
4055	3.9751
4056	7.3164
4057	-10.155
4058	6.6678
4059	0.93685
4060	7.8781
4061	10.57
4062	12.328
4063	15.307
4064	19.352
4065	4.122
4066	2.5349
4067	19.321
4068	11.162
4069	19.697
4070	15.42
4071	13.401
4072	14.944
4073	16.517
4074	7.2837
4075	17.933
4076	6.779e-002
4077	11.436
4078	5.6128
4079	-13.783
4080	17.89
4081	13.055
4082	3.9279
4083	6.3277
4084	9.8219
4085	16.662
4086	18.937
4087	8.2439
4088	9.3026
4089	14.242
4090	16.92
4091	8.3238
4092	16.533
4093	0.61154
4094	15.233
4095	16.415
4096	15.188
4097	6.2218
4098	2.4157
4099	6.4356
4100	7.7479
4101	1.8324
4102	11.936
4103	20.083
4104	12.381
4105	16.77
4106	7.3376
4107	6.195
4108	21.302
4109	3.1633
4110	21.311
4111	21.322
4112	21.311
4113	6.5838
4114	21.418
4115	9.5473
4116	21.427
4117	21.349
4118	21.491
4119	21.38
4120	21.584
4121	-0.42355
4122	0.65901
4123	21.373
4124	9.7
4125	21.577
4126	14.238
4127	7.746
4128	21.355
4129	20.581
4130	10.323
4131	21.782
4132	9.0546
4133	21.334
4134	21.255
4135	21.72
4136	10.041
4137	0.45297
4138	22.028
4139	18.5
4140	22.02
4141	-0.1582
4142	13.557
4143	0.70497
4144	6.8536
4145	17.155
4146	-0.59647
4147	-0.33492
4148	1.0344
4149	1.4858
4150	9.3448
4151	20.512
4152	1.1526
4153	11.893
4154	1.1064
4155	16.547
4156	19.02
4157	-0.36118
4158	1.2346
4159	0.82035
4160	3.1051
4161	16.12
4162	18.076
4163	3.8872
4164	4.0638
4165	19.211
4166	1.3621
4167	3.627
4168	4.7264
4169	5.9961
4170	7.7953
4171	15.195
4172	18.712
4173	13.891
4174	17.605
4175	8.3593
4176	11.658
4177	13.067
4178	7.8975
4179	15.29
4180	0.87891
4181	2.8207
4182	17.724
4183	10.765
4184	11.166
4185	6.1717
4186	2.6929
4187	1.1597
4188	18.285
4189	15.22
4190	6.7761
4191	7.8813
4192	12.794
4193	10.336
4194	6.7922
4195	15.008
4196	12.472
4197	7.7598
4198	6.0705
4199	7.0956
4200	13.786
4201	20.928
4202	20.937
4203	9.1662
4204	20.921
4205	20.943
4206	20.98
4207	20.976
4208	0.71908
4209	20.963
4210	20.56
4211	-0.5876
4212	13.725
4213	-1.0995e-002
4214	3.3844
4215	1.7688
4216	16.939
4217	3.774
4218	17.457
4219	21.933
4220	9.9435
4221	21.972
4222	21.944
4223	21.992
4224	21.313
4225	21.086
4226	21.728
4227	21.363
4228	7.0067
4229	21.681
4230	1.4358
4231	3.093
4232	19.358
4233	11.294
4234	-0.44414
4235	16.57
4236	-0.40731
4237	14.544
4238	16.554
4239	0.80189
4240	1.0759
4241	3.7554
4242	-2.6902
4243	14.708
4244	-9.429
4245	-0.21265
4246	-0.33692
4247	17.899
4248	15.219
4249	-0.33472
4250	9.1403
4251	5.7538
4252	0.27525
4253	17.132
4254	13.08
4255	7.5437
4256	0.47436
4257	20.274
4258	-13.553
4259	18.997
4260	20.511
4261	6.2428
4262	9.8815
4263	12.892
4264	4.3124
4265	10.394
4266	11.708
4267	2.1667
4268	12.675
4269	-0.27659
4270	18.372
4271	16.968
4272	3.4717
4273	13.576
4274	8.0473
4275	7.3941
4276	9.9054
4277	15.285
4278	10.
4279	21.084
4280	21.073
4281	21.011
4282	20.488
4283	4.9454
4284	20.993
4285	20.496
4286	20.965
4287	20.56
4288	20.841
4289	20.543
4290	20.783
4291	20.605
4292	20.768
4293	20.524
4294	-0.56865
4295	5.4162
4296	3.7949
4297	11.687
4298	0.94327
4299	6.0444
4300	16.906
4301	-2.6997
4302	16.557
4303	2.4711
4304	10.178
4305	11.682
4306	18.311
4307	10.021
4308	11.895
4309	14.046
4310	9.2239
4311	12.083
4312	9.2059
4313	7.6482
4314	17.881
4315	6.4833
4316	-0.52524
4317	20.073
4318	7.8845
4319	14.619
4320	13.723
4321	1.2771
4322	0.13725
4323	4.1865
4324	-0.39566
4325	20.527
4326	20.815
4327	20.522
4328	20.74
4329	20.559
4330	20.931
4331	11.984
4332	20.569
4333	21.011
4334	6.8309
4335	20.944
4336	21.064
4337	21.077
4338	6.0995
4339	0.78739
4340	12.467
4341	9.545
4342	19.023
4343	2.6162
4344	3.4129
4345	1.576
4346	0.69732
4347	1.0949
4348	6.1281
4349	6.8105
4350	11.135
4351	10.753
4352	19.388
4353	10.906
4354	13.971
4355	13.514
4356	11.834
4357	8.6978
4358	11.544
4359	15.115
4360	9.6933
4361	15.502
4362	17.401
4363	4.2995
4364	-0.1914
4365	3.4417
4366	16.776
4367	1.5758
4368	3.4075
4369	9.1481
4370	3.4111
4371	1.7827
4372	8.3532e-002
4373	1.4596
4374	-0.49897
4375	18.428
4376	5.991
4377	19.917
4378	15.479
4379	7.4947
4380	10.544
4381	17.498
4382	3.0476
4383	1.7697
4384	-0.31467
4385	-0.31837
4386	0.76721
4387	2.5804
4388	-0.57876
4389	0.83242
4390	19.42
4391	14.155
4392	6.9626
4393	6.0559
4394	7.9974
4395	5.4012
4396	12.823
4397	7.3543
4398	17.362
4399	16.319
4400	11.147
4401	14.775
4402	19.07
4403	15.605
4404	1.3116
4405	8.5774
4406	11.57
4407	15.178
4408	13.042
4409	3.3955
4410	4.4395
4411	7.9082
4412	7.3632
4413	16.904
4414	5.8572
4415	12.137
4416	7.6886
4417	15.583
4418	15.453
4419	13.262
4420	5.0156
4421	6.5467
4422	0.53795
4423	19.253
4424	-4.2723
4425	8.2325
4426	12.27
4427	14.299
4428	13.626
4429	15.337
4430	13.498
4431	6.2359
4432	16.62
4433	16.275
4434	17.515
4435	17.188
4436	6.6676
4437	6.5898
4438	7.1242
4439	6.9355
4440	20.918
4441	20.922
4442	21.303
4443	21.324
4444	21.326
4445	6.4271
4446	6.4146
4447	5.6944
4448	5.7462
4449	0.50542
4450	4.9095
4451	4.8241
4452	5.6511
4453	5.5784
4454	6.4213
4455	6.413
4456	7.2548
4457	7.3206
4458	8.1063
4459	8.3077
4460	3.366
4461	16.19
4462	15.89
4463	16.138
4464	15.894
4465	6.3701
4466	6.3575
4467	7.3322
4468	7.3459
4469	8.444
4470	8.5254
4471	13.809
4472	13.533
4473	14.771
4474	14.449
4475	15.765
4476	15.414
4477	16.818
4478	16.605
4479	5.1938
4480	5.649
4481	5.363
4482	5.777
4483	5.5763
4484	5.9226
4485	2.678
4486	2.813
4487	21.311
4488	21.346
4489	2.2854
4490	21.
4491	15.001
4492	7.2432
4493	2.6939
4494	0.38798
4495	0.65452
4496	1.3402
4497	12.815
4498	12.517
4499	19.033
4500	18.355
4501	18.152
4502	0.4679
4503	14.828
4504	21.63
4505	20.887
4506	20.893
4507	0.6021
4508	1.15
4509	1.1213
4510	0.97182
4511	0.72781
4512	6.2725
4513	7.8811
4514	9.3764
4515	14.627
4516	5.9152
4517	5.3854
4518	7.1785
4519	6.7815
4520	1.9938
4521	1.8333
4522	7.1857
4523	7.1887
4524	6.8714
4525	6.9051
4526	6.4988
4527	6.5801
4528	6.0912
4529	6.2183
4530	5.6579
4531	5.8281
4532	6.397
4533	6.3998
4534	5.7871
4535	5.8455
4536	5.1713
4537	5.2726
4538	4.5566
4539	4.6943
4540	4.1585
4541	4.1017
4542	3.9712
4543	3.9007
4544	7.084
4545	7.2165
4546	6.8522
4547	7.034
4548	6.5908
4549	6.8365
4550	6.3158
4551	6.6207
4552	6.0372
4553	6.4125
4554	9.5041
4555	9.7058
4556	9.7207
4557	9.9479
4558	9.9485
4559	10.196
4560	10.187
4561	10.428
4562	6.478
4563	6.822
4564	6.5145
4565	6.5801
4566	1.1157
4567	1.0574
4568	0.43888
4569	0.3752
4570	2.8944
4571	2.3808
4572	2.4374
4573	1.818
4574	2.0327
4575	1.3075
4576	1.6425
4577	0.92086
4578	1.448
4579	0.76418
4580	8.7044
4581	8.5151
4582	9.5888
4583	9.3451
4584	10.465
4585	10.147
4586	11.302
4587	10.929
4588	1.8193
4589	2.5494
4590	1.2167
4591	2.2136
4592	17.879
4593	17.704
4594	18.708
4595	18.625
4596	19.564
4597	19.509
4598	8.973
4599	8.6325
4600	9.3344
4601	9.0502
4602	9.6472
4603	9.3844
4604	9.9165
4605	9.6492
4606	5.1097
4607	4.9235
4608	4.6337
4609	4.42
4610	17.536
4611	17.918
4612	18.052
4613	18.456
4614	7.2607
4615	6.9605
4616	7.2122
4617	6.9016
4618	7.1781
4619	6.8401
4620	1.8049
4621	1.7686
4622	1.1749
4623	1.1315
4624	1.5574
4625	1.6126
4626	0.97073
4627	1.1094
4628	0.41901
4629	0.50145
4630	20.961
4631	20.967
4632	21.377
4633	21.354
4634	21.605
4635	21.567
4636	22.109
4637	22.042
4638	12.448
4639	12.768
4640	11.582
4641	11.851
4642	10.695
4643	10.942
4644	9.7858
4645	9.9692
4646	8.8716
4647	9.0098
4648	11.328
4649	10.996
4650	11.017
4651	10.723
4652	10.718
4653	10.456
4654	14.521
4655	14.196
4656	14.133
4657	13.791
4658	13.743
4659	13.374
4660	13.261
4661	12.912
4662	12.754
4663	12.418
4664	8.1532
4665	7.8174
4666	7.4802
4667	7.301
4668	16.449
4669	16.804
4670	16.988
4671	17.219
4672	17.38
4673	17.561
4674	17.836
4675	18.038
4676	10.826
4677	10.441
4678	7.8758
4679	21.764
4680	21.971
4681	21.948
4682	21.405
4683	21.339
4684	21.387
4685	21.315
4686	18.929
4687	19.213
4688	0.70312
4689	6.9908
4690	6.9065
4691	7.3608
4692	7.8305
4693	8.5935
4694	8.8263
4695	8.0442
4696	8.2291
4697	7.5069
4698	7.6519
4699	8.5196
4700	8.2105
4701	8.4655
4702	8.1824
4703	8.3989
4704	8.1405
4705	8.3455
4706	8.1283
4707	8.2762
4708	8.0926
4709	-9.0042
4710	-9.7116
4711	-6.3524
4712	-6.7485
4713	-4.101
4714	-4.3923
4715	-2.1453
4716	-2.3487
4717	-0.40867
4718	-0.70072
4719	21.412
4720	21.414
4721	21.839
4722	21.839
4723	13.022
4724	12.784
4725	14.038
4726	13.733
4727	15.028
4728	14.722
4729	15.978
4730	15.696
4731	1.1237
4732	1.8765
4733	1.6959
4734	2.3379
4735	2.2143
4736	8.4604
4737	8.6457
4738	8.5536
4739	8.7695
4740	8.6385
4741	8.8751
4742	8.7193
4743	8.9785
4744	8.8029
4745	9.0907
4746	21.296
4747	20.9
4748	2.9174
4749	3.0162
4750	2.4766
4751	2.6646
4752	2.2793
4753	18.841
4754	19.068
4755	18.814
4756	18.606
4757	18.605
4758	18.33
4759	18.357
4760	18.032
4761	18.079
4762	17.718
4763	17.785
4764	17.392
4765	17.477
4766	17.055
4767	17.162
4768	16.711
4769	16.841
4770	16.359
4771	16.509
4772	16.003
4773	16.17
4774	15.642
4775	15.822
4776	15.278
4777	15.467
4778	14.913
4779	15.107
4780	14.546
4781	14.744
4782	14.18
4783	14.381
4784	13.815
4785	14.02
4786	13.452
4787	13.66
4788	13.092
4789	13.304
4790	12.736
4791	12.954
4792	12.385
4793	12.611
4794	12.04
4795	12.275
4796	11.702
4797	11.939
4798	11.37
4799	11.6
4800	11.046
4801	11.266
4802	10.73
4803	10.942
4804	10.423
4805	10.627
4806	10.124
4807	10.323
4808	9.8347
4809	10.032
4810	9.5542
4811	9.7502
4812	9.2826
4813	9.4669
4814	9.0197
4815	9.1883
4816	8.765
4817	8.9194
4818	8.5179
4819	8.6613
4820	8.2775
4821	8.4102
4822	8.0427
4823	8.1622
4824	7.8126
4825	7.9163
4826	7.5857
4827	7.674
4828	7.3604
4829	7.4348
4830	7.1354
4831	7.1971
4832	6.909
4833	6.959
4834	6.6796
4835	6.7186
4836	6.4455
4837	6.4732
4838	6.2051
4839	6.2225
4840	5.9566
4841	5.9647
4842	5.6984
4843	5.6956
4844	5.4297
4845	5.4152
4846	5.1494
4847	5.119
4848	4.8578
4849	4.8055
4850	4.5565
4851	4.4782
4852	4.2486
4853	4.149
4854	3.9394
4855	3.8136
4856	3.638
4857	3.4817
4858	3.356
4859	3.1557
4860	3.1208
4861	2.8475
4862	2.6002
4863	22.166
4864	22.051
4865	21.673
4866	19.339
4867	19.047
4868	19.646
4869	19.315
4870	19.968
4871	19.597
4872	20.291
4873	19.893
4874	20.608
4875	20.19
4876	20.911
4877	20.495
4878	21.196
4879	20.744
4880	21.462
4881	21.001
4882	21.708
4883	21.212
4884	21.932
4885	21.431
4886	22.132
4887	21.581
4888	22.309
4889	21.736
4890	22.461
4891	21.895
4892	22.589
4893	21.995
4894	22.691
4895	22.077
4896	22.765
4897	22.095
4898	22.812
4899	22.161
4900	22.829
4901	22.179
4902	22.817
4903	22.19
4904	22.774
4905	22.157
4906	22.704
4907	22.05
4908	22.613
4909	21.963
4910	22.51
4911	21.906
4912	22.401
4913	21.854
4914	22.287
4915	21.842
4916	21.776
4917	4.935
4918	4.8877
4919	4.8101
4920	21.946
4921	21.578
4922	21.834
4923	21.479
4924	21.715
4925	21.373
4926	21.589
4927	21.25
4928	21.456
4929	21.106
4930	21.315
4931	20.952
4932	21.168
4933	20.804
4934	21.013
4935	20.677
4936	20.85
4937	20.536
4938	20.681
4939	20.369
4940	20.504
4941	20.182
4942	20.32
4943	19.994
4944	20.128
4945	19.802
4946	19.929
4947	19.602
4948	19.722
4949	19.4
4950	19.508
4951	19.177
4952	19.287
4953	18.931
4954	19.058
4955	18.695
4956	18.821
4957	18.462
4958	18.578
4959	18.227
4960	18.327
4961	18.003
4962	18.068
4963	17.785
4964	17.802
4965	17.533
4966	17.529
4967	17.257
4968	17.248
4969	16.977
4970	16.961
4971	16.705
4972	16.666
4973	16.447
4974	16.364
4975	16.187
4976	16.055
4977	15.886
4978	15.739
4979	15.532
4980	15.416
4981	15.206
4982	15.086
4983	14.893
4984	14.749
4985	14.565
4986	14.405
4987	14.219
4988	14.055
4989	13.869
4990	13.698
4991	13.529
4992	13.335
4993	13.192
4994	12.966
4995	12.853
4996	12.59
4997	12.495
4998	12.208
4999	12.117
5000	11.82
5001	11.735
5002	11.426
5003	11.362
5004	11.026
5005	10.989
5006	10.619
5007	10.604
5008	10.207
5009	10.201
5010	9.7889
5011	9.7967
5012	9.3651
5013	9.397
5014	8.9361
5015	9.0052
5016	8.5011
5017	8.6155
5018	8.0603
5019	8.2035
5020	7.6151
5021	7.7819
5022	7.1656
5023	7.3606
5024	6.7124
5025	6.9339
5026	6.2576
5027	6.505
5028	5.803
5029	6.079
5030	5.3509
5031	5.6558
5032	4.9044
5033	5.242
5034	4.4682
5035	4.8365
5036	4.047
5037	4.4432
5038	3.6471
5039	4.0605
5040	3.2759
5041	3.702
5042	2.9412
5043	3.3741
5044	2.6512
5045	3.0812
5046	2.4148
5047	2.8272
5048	2.2406
5049	2.6307
5050	2.1369
5051	2.4971
5052	2.1115
5053	2.4345
5054	2.1716
5055	2.4514
5056	2.3244
5057	2.5523
5058	2.5771
5059	2.7301
5060	2.9417
5061	2.984
5062	3.4388
5063	3.3288
5064	4.1175
5065	3.79
5066	4.3864
5067	20.552
5068	20.742
5069	20.396
5070	20.396
5071	20.242
5072	20.236
5073	20.075
5074	20.07
5075	19.906
5076	19.9
5077	19.741
5078	19.724
5079	19.573
5080	19.544
5081	19.399
5082	19.358
5083	19.217
5084	19.166
5085	19.026
5086	18.97
5087	18.826
5088	18.768
5089	18.623
5090	18.56
5091	18.418
5092	18.347
5093	18.216
5094	18.129
5095	18.007
5096	17.905
5097	17.789
5098	17.675
5099	17.575
5100	17.44
5101	17.351
5102	17.199
5103	17.117
5104	16.953
5105	16.88
5106	16.701
5107	16.64
5108	16.443
5109	16.389
5110	16.18
5111	16.124
5112	15.911
5113	15.856
5114	15.636
5115	15.586
5116	15.355
5117	15.319
5118	15.069
5119	15.043
5120	14.778
5121	14.757
5122	14.481
5123	14.467
5124	14.178
5125	14.172
5126	13.87
5127	13.873
5128	13.557
5129	13.574
5130	13.238
5131	13.264
5132	12.914
5133	12.942
5134	12.585
5135	12.614
5136	12.25
5137	12.284
5138	11.911
5139	11.953
5140	11.567
5141	11.626
5142	11.218
5143	11.291
5144	10.865
5145	10.947
5146	10.507
5147	10.598
5148	10.144
5149	10.243
5150	9.7777
5151	9.8857
5152	9.4067
5153	9.5255
5154	9.0316
5155	9.1618
5156	8.6524
5157	8.7926
5158	8.2694
5159	8.4194
5160	7.8826
5161	8.0436
5162	7.4925
5163	7.6678
5164	7.0991
5165	7.2935
5166	6.7024
5167	6.9191
5168	6.303
5169	6.5424
5170	5.9014
5171	6.1613
5172	5.4988
5173	5.7784
5174	5.0959
5175	5.3952
5176	4.6934
5177	5.0126
5178	4.2941
5179	4.6437
5180	3.9018
5181	4.2455
5182	3.5193
5183	3.9049
5184	3.1496
5185	3.5674
5186	2.7981
5187	3.2305
5188	2.4714
5189	2.9148
5190	2.1765
5191	2.6256
5192	1.9207
5193	2.3696
5194	1.7127
5195	2.1529
5196	1.5604
5197	1.9854
5198	1.4716
5199	1.8596
5200	1.4543
5201	1.8016
5202	1.5135
5203	1.8165
5204	1.6619
5205	1.8839
5206	1.8985
5207	2.095
5208	2.2315
5209	2.2867
5210	2.6776
5211	2.6362
5212	3.2481
5213	3.063
5214	3.9925
5215	3.5767
5216	4.1976
5217	22.525
5218	22.33
5219	22.524
5220	22.318
5221	22.522
5222	22.336
5223	22.52
5224	22.323
5225	22.518
5226	22.325
5227	22.516
5228	22.336
5229	22.515
5230	22.315
5231	22.514
5232	22.322
5233	22.513
5234	22.321
5235	22.514
5236	22.323
5237	22.514
5238	22.333
5239	22.515
5240	22.334
5241	22.517
5242	22.319
5243	22.518
5244	22.318
5245	22.52
5246	22.317
5247	22.521
5248	22.323
5249	22.522
5250	22.316
5251	22.523
5252	22.33
5253	22.524
5254	22.35
5255	22.525
5256	22.333
5257	22.525
5258	22.335
5259	22.525
5260	22.333
5261	22.525
5262	22.33
5263	22.525
5264	22.337
5265	22.524
5266	22.333
5267	22.523
5268	22.338
5269	22.522
5270	22.335
5271	22.521
5272	22.333
5273	22.52
5274	22.337
5275	22.518
5276	22.324
5277	22.517
5278	22.316
5279	22.515
5280	22.333
5281	22.513
5282	22.327
5283	22.511
5284	22.329
5285	22.509
5286	22.314
5287	22.506
5288	22.311
5289	22.504
5290	22.32
5291	22.502
5292	22.31
5293	22.499
5294	22.3
5295	22.497
5296	22.312
5297	22.494
5298	22.305
5299	22.492
5300	22.302
5301	22.49
5302	22.315
5303	22.487
5304	22.291
5305	22.485
5306	22.292
5307	22.482
5308	22.309
5309	22.48
5310	22.299
5311	22.478
5312	22.284
5313	22.476
5314	22.289
5315	22.474
5316	22.276
5317	22.472
5318	22.282
5319	22.47
5320	22.268
5321	22.468
5322	22.281
5323	22.466
5324	22.279
5325	22.465
5326	22.278
5327	22.463
5328	22.265
5329	22.462
5330	22.275
5331	22.461
5332	22.284
5333	22.461
5334	22.294
5335	22.46
5336	22.28
5337	22.46
5338	22.273
5339	22.46
5340	22.272
5341	22.46
5342	22.296
5343	22.461
5344	22.28
5345	22.462
5346	22.286
5347	22.463
5348	22.274
5349	22.465
5350	22.266
5351	22.467
5352	22.296
5353	22.47
5354	22.288
5355	22.473
5356	22.305
5357	22.477
5358	22.294
5359	22.481
5360	22.28
5361	22.486
5362	22.291
5363	22.491
5364	22.311
5365	22.497
5366	22.308
5367	22.504
5368	22.315
5369	22.511
5370	22.336
5371	22.519
5372	22.344
5373	22.528
5374	22.346
5375	22.538
5376	22.353
5377	22.549
5378	22.358
5379	22.56
5380	22.371
5381	22.572
5382	22.38
5383	22.586
5384	22.399
5385	22.6
5386	22.414
5387	22.615
5388	22.444
5389	22.632
5390	22.448
5391	22.649
5392	22.466
5393	22.668
5394	22.492
5395	22.688
5396	22.512
5397	22.708
5398	22.514
5399	22.73
5400	22.532
5401	22.753
5402	22.557
5403	22.778
5404	22.594
5405	22.803
5406	22.612
5407	22.83
5408	22.621
5409	22.858
5410	22.653
5411	22.886
5412	22.679
5413	22.916
5414	22.704
5415	22.948
5416	22.729
5417	22.98
5418	22.772
5419	23.013
5420	22.824
5421	23.047
5422	22.837
5423	23.081
5424	22.866
5425	23.117
5426	22.911
5427	23.153
5428	22.944
5429	23.19
5430	22.976
5431	23.227
5432	22.993
5433	23.265
5434	23.03
5435	23.302
5436	23.059
5437	23.34
5438	23.109
5439	23.377
5440	23.135
5441	23.414
5442	23.17
5443	23.45
5444	23.189
5445	23.485
5446	23.242
5447	23.519
5448	23.271
5449	23.552
5450	23.301
5451	23.582
5452	23.334
5453	23.611
5454	23.375
5455	23.637
5456	23.325
5457	23.66
5458	23.371
5459	23.68
5460	23.402
5461	23.696
5462	23.415
5463	23.708
5464	23.418
5465	23.715
5466	23.419
5467	23.718
5468	23.433
5469	23.714
5470	23.422
5471	23.703
5472	23.402
5473	23.686
5474	23.371
5475	23.661
5476	23.354
5477	23.628
5478	23.318
5479	23.586
5480	23.304
5481	23.534
5482	23.211
5483	23.471
5484	23.138
5485	23.398
5486	23.067
5487	23.312
5488	22.987
5489	23.213
5490	22.883
5491	23.101
5492	22.764
5493	22.974
5494	22.633
5495	22.832
5496	22.476
5497	22.673
5498	22.351
5499	22.497
5500	22.188
5501	22.303
5502	22.048
5503	22.089
5504	21.8
5505	21.861
5506	21.589
5507	21.626
5508	21.394
5509	21.398
5510	21.126
5511	21.179
5512	20.932
5513	20.964
5514	20.746
5515	20.574
5516	19.952
5517	19.763
5518	21.925
5519	22.122
5520	21.496
5521	21.689
5522	21.061
5523	21.286
5524	20.65
5525	20.872
5526	20.274
5527	20.483
5528	20.109
5529	13.968
5530	13.799
5531	14.15
5532	19.675
5533	19.92
5534	19.599
5535	19.852
5536	19.577
5537	19.793
5538	19.578
5539	19.811
5540	19.566
5541	19.82
5542	19.572
5543	19.799
5544	19.585
5545	19.809
5546	19.596
5547	19.818
5548	19.601
5549	19.82
5550	19.614
5551	19.836
5552	19.625
5553	19.856
5554	19.629
5555	19.844
5556	19.64
5557	19.827
5558	19.65
5559	19.855
5560	19.652
5561	19.874
5562	19.661
5563	19.872
5564	19.669
5565	19.887
5566	19.67
5567	19.894
5568	19.677
5569	19.893
5570	19.682
5571	19.899
5572	19.683
5573	19.887
5574	19.687
5575	19.909
5576	19.691
5577	19.913
5578	19.691
5579	19.912
5580	19.694
5581	19.924
5582	19.697
5583	19.888
5584	19.696
5585	19.91
5586	19.698
5587	19.919
5588	19.699
5589	19.908
5590	19.698
5591	19.904
5592	19.699
5593	19.908
5594	19.7
5595	19.897
5596	19.698
5597	19.922
5598	19.699
5599	19.913
5600	19.699
5601	19.898
5602	19.697
5603	19.905
5604	19.698
5605	19.902
5606	19.698
5607	19.904
5608	19.696
5609	19.915
5610	19.696
5611	19.904
5612	19.696
5613	19.905
5614	19.694
5615	19.906
5616	19.694
5617	19.91
5618	19.695
5619	19.894
5620	19.693
5621	19.904
5622	19.694
5623	19.923
5624	19.694
5625	19.911
5626	19.693
5627	19.906
5628	19.694
5629	19.898
5630	19.695
5631	19.903
5632	19.695
5633	19.903
5634	19.696
5635	19.889
5636	19.698
5637	19.902
5638	19.698
5639	19.897
5640	19.701
5641	19.903
5642	19.703
5643	19.904
5644	19.704
5645	19.898
5646	19.707
5647	19.914
5648	19.711
5649	19.923
5650	19.713
5651	19.922
5652	19.717
5653	19.923
5654	19.722
5655	19.938
5656	19.726
5657	19.932
5658	19.731
5659	19.944
5660	19.736
5661	19.941
5662	19.741
5663	19.951
5664	19.748
5665	19.958
5666	19.755
5667	19.932
5668	19.761
5669	19.955
5670	19.769
5671	19.964
5672	19.777
5673	19.957
5674	19.785
5675	19.968
5676	19.795
5677	19.988
5678	19.804
5679	19.998
5680	19.813
5681	20.019
5682	19.824
5683	20.021
5684	19.835
5685	20.035
5686	19.846
5687	20.035
5688	19.858
5689	20.056
5690	19.87
5691	20.071
5692	19.882
5693	20.073
5694	19.895
5695	20.065
5696	19.909
5697	20.087
5698	19.922
5699	20.113
5700	19.936
5701	20.131
5702	19.95
5703	20.142
5704	19.964
5705	20.165
5706	19.978
5707	20.178
5708	19.993
5709	20.201
5710	20.007
5711	20.21
5712	20.021
5713	20.208
5714	20.035
5715	20.211
5716	20.049
5717	20.231
5718	20.063
5719	20.235
5720	20.076
5721	20.251
5722	20.088
5723	20.271
5724	20.1
5725	20.296
5726	20.111
5727	20.303
5728	20.121
5729	20.332
5730	20.13
5731	20.339
5732	20.138
5733	20.35
5734	20.144
5735	20.372
5736	20.149
5737	20.361
5738	20.152
5739	20.368
5740	20.153
5741	20.395
5742	20.152
5743	20.355
5744	20.148
5745	20.357
5746	20.141
5747	20.357
5748	20.133
5749	20.369
5750	20.121
5751	20.366
5752	20.104
5753	20.375
5754	20.085
5755	20.34
5756	20.062
5757	20.343
5758	20.034
5759	20.308
5760	20.002
5761	20.28
5762	19.965
5763	20.257
5764	19.923
5765	20.212
5766	19.875
5767	20.145
5768	19.822
5769	20.103
5770	19.762
5771	20.066
5772	19.696
5773	20.039
5774	19.623
5775	19.96
5776	19.542
5777	19.895
5778	19.454
5779	19.825
5780	19.359
5781	19.706
5782	19.255
5783	19.65
5784	19.142
5785	19.561
5786	19.02
5787	19.409
5788	18.889
5789	19.311
5790	18.749
5791	19.171
5792	18.599
5793	19.032
5794	18.438
5795	18.907
5796	18.267
5797	18.738
5798	18.086
5799	18.548
5800	17.894
5801	18.4
5802	17.69
5803	18.195
5804	17.476
5805	18.011
5806	17.25
5807	17.792
5808	17.013
5809	17.547
5810	16.765
5811	17.354
5812	16.505
5813	17.096
5814	16.234
5815	16.831
5816	15.952
5817	16.482
5818	15.661
5819	16.224
5820	15.364
5821	15.93
5822	15.074
5823	15.602
5824	14.8
5825	15.328
5826	14.551
5827	15.101
5828	14.336
5829	14.821
5830	14.148
5831	14.579
5832	14.352
5833	23.137
5834	22.849
5835	23.188
5836	13.642
5837	13.987
5838	13.485
5839	13.825
5840	13.326
5841	13.659
5842	13.166
5843	13.493
5844	13.005
5845	13.328
5846	12.843
5847	13.17
5848	12.68
5849	13.006
5850	12.517
5851	12.84
5852	12.353
5853	12.673
5854	12.189
5855	12.511
5856	12.025
5857	12.349
5858	11.86
5859	12.181
5860	11.696
5861	12.005
5862	11.532
5863	11.83
5864	11.369
5865	11.661
5866	11.206
5867	11.488
5868	11.044
5869	11.321
5870	10.883
5871	11.166
5872	10.723
5873	11.02
5874	10.564
5875	10.868
5876	10.407
5877	10.71
5878	10.253
5879	10.548
5880	10.099
5881	10.385
5882	9.9488
5883	10.232
5884	9.8007
5885	10.087
5886	9.6553
5887	9.9385
5888	9.513
5889	9.7872
5890	9.3743
5891	9.6365
5892	9.2392
5893	9.4908
5894	9.1079
5895	9.3507
5896	8.9807
5897	9.2138
5898	8.8581
5899	9.0771
5900	8.7402
5901	8.9469
5902	8.6276
5903	8.8214
5904	8.5205
5905	8.7026
5906	8.4189
5907	8.5892
5908	8.3234
5909	8.4839
5910	8.2345
5911	8.3865
5912	8.1522
5913	8.2926
5914	8.0768
5915	8.2037
5916	8.009
5917	8.119
5918	7.9487
5919	8.0439
5920	7.8963
5921	7.9775
5922	7.8521
5923	7.9185
5924	7.8162
5925	7.8675
5926	7.7891
5927	7.8232
5928	7.771
5929	7.7888
5930	7.7619
5931	7.7633
5932	7.762
5933	7.747
5934	7.7718
5935	7.7399
5936	7.7916
5937	7.7429
5938	7.8215
5939	7.7566
5940	7.8626
5941	7.7823
5942	7.916
5943	7.8218
5944	7.983
5945	7.8768
5946	8.0659
5947	7.9483
5948	8.1682
5949	8.0387
5950	8.2957
5951	8.1535
5952	8.4563
5953	8.3033
5954	8.6628
5955	8.5003
5956	8.937
5957	8.765
5958	9.3216
5959	9.1298
5960	9.8679
5961	9.6673
5962	10.639
5963	10.465
5964	12.959
5965	11.807
5966	15.293
5967	10.025
5968	10.272
5969	10.643
5970	9.8298
5971	10.424
5972	9.6314
5973	10.214
5974	9.4374
5975	10.008
5976	9.2426
5977	9.7982
5978	9.0486
5979	9.6091
5980	8.8582
5981	9.465
5982	8.6658
5983	9.2841
5984	8.4784
5985	9.0831
5986	8.2921
5987	8.8887
5988	8.1046
5989	8.6978
5990	7.9245
5991	8.5209
5992	7.7448
5993	8.3584
5994	7.5684
5995	8.1779
5996	7.3972
5997	8.0007
5998	7.2258
5999	7.8296
6000	7.0621
6001	7.661
6002	6.8999
6003	7.4934
6004	6.7415
6005	7.3121
6006	6.5903
6007	7.1356
6008	6.4394
6009	6.9792
6010	6.2971
6011	6.8594
6012	6.159
6013	6.7397
6014	6.0221
6015	6.6018
6016	5.8956
6017	6.4625
6018	5.7728
6019	6.3276
6020	5.6561
6021	6.1834
6022	5.5477
6023	6.0591
6024	5.4428
6025	5.945
6026	5.348
6027	5.8386
6028	5.259
6029	5.7414
6030	5.1776
6031	5.648
6032	5.1062
6033	5.563
6034	5.0399
6035	5.4814
6036	4.9857
6037	5.3979
6038	4.9395
6039	5.3215
6040	4.8996
6041	5.2491
6042	4.8745
6043	5.2004
6044	4.8571
6045	5.1815
6046	4.8507
6047	5.1786
6048	4.8564
6049	5.1789
6050	4.8682
6051	5.1721
6052	4.8939
6053	5.1695
6054	4.932
6055	5.1875
6056	4.9789
6057	5.2148
6058	5.0367
6059	5.2532
6060	5.1053
6061	5.2968
6062	5.1849
6063	5.3414
6064	5.2746
6065	5.3866
6066	5.3756
6067	5.4436
6068	5.489
6069	5.5376
6070	5.614
6071	5.6554
6072	5.7506
6073	5.7795
6074	5.9001
6075	5.9079
6076	6.0633
6077	6.0477
6078	6.2415
6079	6.2039
6080	6.437
6081	6.3798
6082	6.6531
6083	6.579
6084	6.8955
6085	6.8056
6086	7.1726
6087	7.067
6088	7.4986
6089	7.3759
6090	7.8953
6091	7.7551
6092	8.4071
6093	8.2365
6094	9.0872
6095	8.8938
6096	10.043
6097	9.8125
6098	12.431
6099	11.294
6100	14.711
6101	16.729
6102	16.587
6103	16.757
6104	16.818
6105	16.886
6106	16.869
6107	16.967
6108	16.867
6109	17.035
6110	16.806
6111	17.047
6112	16.732
6113	17.011
6114	16.613
6115	16.951
6116	16.441
6117	16.851
6118	16.264
6119	16.704
6120	16.059
6121	16.573
6122	15.798
6123	16.357
6124	15.529
6125	16.139
6126	15.263
6127	15.918
6128	14.972
6129	15.676
6130	14.64
6131	15.396
6132	14.289
6133	15.127
6134	13.922
6135	14.741
6136	13.542
6137	14.405
6138	13.154
6139	14.138
6140	12.75
6141	13.727
6142	12.34
6143	13.393
6144	11.935
6145	12.98
6146	11.548
6147	12.587
6148	11.198
6149	12.118
6150	10.876
6151	11.696
6152	10.572
6153	11.303
6154	10.956
6155	-5.5911
6156	-12.55
6157	-8.8784
6158	16.427
6159	16.623
6160	16.342
6161	16.484
6162	16.379
6163	16.45
6164	16.376
6165	16.466
6166	16.35
6167	16.401
6168	16.375
6169	16.391
6170	16.315
6171	16.38
6172	16.253
6173	16.274
6174	16.249
6175	16.24
6176	16.117
6177	16.178
6178	16.013
6179	16.007
6180	15.997
6181	15.957
6182	15.804
6183	15.859
6184	15.681
6185	15.635
6186	15.629
6187	15.589
6188	15.362
6189	15.414
6190	15.216
6191	15.159
6192	15.014
6193	15.081
6194	14.749
6195	14.743
6196	14.681
6197	14.607
6198	14.396
6199	14.462
6200	14.154
6201	14.111
6202	14.057
6203	14.001
6204	13.673
6205	13.768
6206	13.419
6207	13.382
6208	13.29
6209	13.265
6210	12.868
6211	12.975
6212	12.582
6213	12.577
6214	12.427
6215	12.417
6216	11.986
6217	12.108
6218	11.767
6219	11.686
6220	11.572
6221	11.602
6222	11.099
6223	11.134
6224	10.76
6225	10.797
6226	10.341
6227	10.52
6228	9.9241
6229	10.042
6230	9.793
6231	9.7224
6232	9.3693
6233	9.5979
6234	9.0842
6235	9.09
6236	8.9731
6237	8.9876
6238	8.2323
6239	8.5749
6240	8.106
6241	8.0526
6242	8.0807
6243	8.17
6244	7.5806
6245	7.6313
6246	7.2442
6247	7.41
6248	6.9511
6249	7.0745
6250	6.4455
6251	6.7155
6252	6.3364
6253	6.0859
6254	5.6082
6255	6.2363
6256	4.8174
6257	5.0489
6258	5.4119
6259	4.9479
6260	4.1866
6261	5.1174
6262	3.1713
6263	3.4132
6264	3.4171
6265	3.3811
6266	1.472
6267	2.89
6268	1.6212
6269	1.2599
6270	3.6905
6271	2.9439
6272	2.3563
6273	2.9605
6274	1.0962
6275	1.2435
6276	0.82974
6277	1.2878
6278	0.30122
6279	0.14955
6280	-0.21006
6281	-0.12692
6282	-1.6148
6283	-0.98945
6284	-2.705
6285	-2.6556
6286	-3.3972
6287	-3.8323
6288	-5.2087
6289	-30.862
6290	-25.813
6291	-24.409
6292	-22.021
6293	-16.214
6294	-29.258
6295	-22.557
6296	-26.311
6297	-1.126
6298	-0.58363
6299	-17.925
6300	-19.153
6301	-13.222
6302	-13.367
6303	-11.308
6304	-11.254
6305	-11.897
6306	-8.9453
6307	-10.626
6308	-10.397
6309	-5.0987
6310	-6.9258
6311	-0.10897
6312	-2.1961
6313	3.3285
6314	2.0204
6315	4.0978
6316	3.3284
6317	4.2841
6318	3.7353
6319	4.4387
6320	4.1143
6321	4.3653
6322	4.2058
6323	4.2399
6324	4.1603
6325	4.0928
6326	4.0961
6327	3.8434
6328	3.9313
6329	3.5847
6330	3.7006
6331	3.3375
6332	3.4858
6333	3.033
6334	3.2393
6335	2.739
6336	2.9501
6337	2.4729
6338	2.7026
6339	2.173
6340	2.4429
6341	1.8934
6342	2.1643
6343	1.6511
6344	1.9236
6345	1.3847
6346	1.672
6347	1.128
6348	1.429
6349	0.88874
6350	1.2103
6351	0.62427
6352	0.96229
6353	0.37612
6354	0.71907
6355	0.15897
6356	0.4997
6357	-6.6754e-002
6358	0.29892
6359	-0.27243
6360	8.7668e-002
6361	-0.44195
6362	-7.3115e-002
6363	-0.61967
6364	-0.23736
6365	-0.78653
6366	-0.40819
6367	-0.91731
6368	-0.55018
6369	-1.0521
6370	-0.68824
6371	-1.1763
6372	-0.82654
6373	-1.2646
6374	-0.89361
6375	-1.3574
6376	-1.0013
6377	-1.442
6378	-1.0437
6379	-1.4911
6380	-1.1056
6381	-1.5457
6382	-1.1527
6383	-1.595
6384	-1.1918
6385	-1.6082
6386	-1.2345
6387	-1.6288
6388	-1.2268
6389	-1.6472
6390	-1.2662
6391	-1.6332
6392	-1.2703
6393	-1.6418
6394	-1.259
6395	-1.6738
6396	-1.3188
6397	-1.6943
6398	-1.307
6399	-1.7295
6400	-1.3481
6401	-1.7698
6402	-1.3864
6403	-1.7908
6404	-1.3902
6405	-1.8192
6406	-1.423
6407	-1.851
6408	-1.4441
6409	-1.8634
6410	-1.484
6411	-1.8718
6412	-1.4688
6413	-1.8913
6414	-1.4892
6415	-1.8987
6416	-1.4879
6417	-1.891
6418	-1.5067
6419	-1.8967
6420	-1.4652
6421	-1.8902
6422	-1.504
6423	-1.8668
6424	-1.48
6425	-1.8577
6426	-1.4851
6427	-1.8402
6428	-1.4639
6429	-1.8232
6430	-1.4619
6431	-1.8399
6432	-1.4369
6433	-1.861
6434	-1.4433
6435	-1.8764
6436	-1.4871
6437	-1.9046
6438	-1.4897
6439	-1.9279
6440	-1.5236
6441	-1.941
6442	-1.5207
6443	-1.9633
6444	-1.5583
6445	-1.9784
6446	-1.5627
6447	-1.9801
6448	-1.5912
6449	-1.99
6450	-1.5838
6451	-1.9915
6452	-1.6059
6453	-1.9769
6454	-1.5948
6455	-1.9708
6456	-1.5646
6457	-1.9555
6458	-1.5864
6459	-1.9292
6460	-1.5665
6461	-1.9283
6462	-1.5556
6463	-1.941
6464	-1.5421
6465	-1.9481
6466	-1.5954
6467	-1.9617
6468	-1.5903
6469	-1.9745
6470	-1.6325
6471	-1.9751
6472	-1.6178
6473	-1.9774
6474	-1.6195
6475	-1.9758
6476	-1.6223
6477	-1.9589
6478	-1.6144
6479	-1.9419
6480	-1.5864
6481	-1.9201
6482	-1.5752
6483	-1.8806
6484	-1.5309
6485	-1.8405
6486	-1.5248
6487	-1.7984
6488	-1.4996
6489	-1.7516
6490	-1.4522
6491	-1.718
6492	-1.4076
6493	-1.6887
6494	-1.3939
6495	-1.6512
6496	-1.3498
6497	-1.6126
6498	-1.3212
6499	-1.5694
6500	-1.2788
6501	-1.5141
6502	-1.2168
6503	-1.4542
6504	-1.1782
6505	-1.3874
6506	-1.1153
6507	-1.3064
6508	-1.0344
6509	-1.216
6510	-0.96094
6511	-1.1214
6512	-0.88785
6513	-1.0137
6514	-0.77744
6515	-0.89865
6516	-0.66075
6517	-0.7924
6518	-0.56835
6519	-0.68958
6520	-0.46109
6521	-0.59134
6522	-0.37386
6523	-0.53194
6524	-0.30779
6525	-0.77903
6526	-0.32801
6527	-0.55606
6528	3.2298
6529	3.3595
6530	0.43031
6531	-1.3738e-002
6532	1.1492
6533	0.7085
6534	1.7758
6535	1.3035
6536	1.6799
6537	2.3181
6538	1.9725
6539	2.7925
6540	2.4528
6541	2.9152
6542	2.4747
6543	2.0527
6544	2.4781
6545	1.7943
6546	2.6079
6547	1.8824
6548	2.8423
6549	2.0688
6550	3.1548
6551	2.4124
6552	3.5154
6553	2.7899
6554	3.8884
6555	3.2689
6556	4.243
6557	3.6962
6558	4.5544
6559	4.0596
6560	4.805
6561	4.3984
6562	4.988
6563	4.6556
6564	5.1031
6565	4.811
6566	5.1557
6567	4.9171
6568	5.1541
6569	4.9526
6570	5.1072
6571	4.9494
6572	5.0249
6573	4.877
6574	4.9161
6575	4.795
6576	4.7887
6577	4.6738
6578	4.6493
6579	4.5434
6580	4.5035
6581	4.401
6582	4.3557
6583	4.2398
6584	4.2095
6585	4.1115
6586	4.0679
6587	3.9558
6588	3.9323
6589	3.8153
6590	3.8041
6591	3.6785
6592	3.6845
6593	3.5494
6594	3.5739
6595	3.4188
6596	3.473
6597	3.3231
6598	3.3817
6599	3.2086
6600	3.2998
6601	3.1303
6602	3.2274
6603	3.0434
6604	3.1642
6605	2.9786
6606	3.1101
6607	2.9097
6608	3.0643
6609	2.8354
6610	3.0262
6611	2.8069
6612	2.9957
6613	2.7528
6614	2.9719
6615	2.7303
6616	2.9546
6617	2.7307
6618	2.9431
6619	2.6843
6620	2.9364
6621	2.6561
6622	2.9342
6623	2.6716
6624	2.936
6625	2.658
6626	2.9407
6627	2.6642
6628	2.9479
6629	2.6617
6630	2.9568
6631	2.6685
6632	2.9668
6633	2.7022
6634	2.9773
6635	2.6822
6636	2.9878
6637	2.6931
6638	2.9977
6639	2.6932
6640	3.0069
6641	2.7238
6642	3.0155
6643	2.7077
6644	3.0227
6645	2.6819
6646	3.0287
6647	2.7202
6648	3.0341
6649	2.7256
6650	3.0387
6651	2.7428
6652	3.0425
6653	2.7304
6654	3.0458
6655	2.7379
6656	3.0482
6657	2.7146
6658	3.0499
6659	2.742
6660	3.0508
6661	2.7311
6662	3.0508
6663	2.7511
6664	3.0498
6665	2.7467
6666	3.0477
6667	2.7562
6668	3.0439
6669	2.7167
6670	3.0384
6671	2.7472
6672	3.0312
6673	2.7226
6674	3.0221
6675	2.7173
6676	3.0111
6677	2.6927
6678	2.9982
6679	2.6914
6680	2.9837
6681	2.6762
6682	2.9678
6683	2.6623
6684	2.9506
6685	2.6531
6686	2.9324
6687	2.6372
6688	2.9137
6689	2.6249
6690	2.894
6691	2.5656
6692	2.8736
6693	2.5785
6694	2.8526
6695	2.5327
6696	2.8307
6697	2.5344
6698	2.8082
6699	2.5136
6700	2.7848
6701	2.4717
6702	2.7606
6703	2.4679
6704	2.7353
6705	2.4097
6706	2.7087
6707	2.427
6708	2.6817
6709	2.403
6710	2.6539
6711	2.3551
6712	2.6257
6713	2.3515
6714	2.5975
6715	2.3204
6716	2.5695
6717	2.3095
6718	2.5421
6719	2.2614
6720	2.5152
6721	2.2272
6722	2.4893
6723	2.2184
6724	2.4644
6725	2.1794
6726	2.4406
6727	2.1751
6728	2.4183
6729	2.1554
6730	2.3974
6731	2.124
6732	2.3779
6733	2.1119
6734	2.3604
6735	2.0951
6736	2.3451
6737	2.0938
6738	2.3322
6739	2.0812
6740	2.3225
6741	2.0783
6742	2.3166
6743	2.0676
6744	2.3147
6745	2.0598
6746	2.3174
6747	2.0687
6748	2.3254
6749	2.0763
6750	2.339
6751	2.1162
6752	2.3597
6753	2.1476
6754	2.3882
6755	2.1596
6756	2.4248
6757	2.188
6758	2.471
6759	2.2333
6760	2.5284
6761	2.2777
6762	2.5989
6763	2.3611
6764	2.6852
6765	2.4448
6766	2.7896
6767	2.5355
6768	2.9122
6769	2.6593
6770	3.0492
6771	2.7612
6772	3.1987
6773	2.8994
6774	3.0448
6775	15.489
6776	15.854
6777	16.137
6778	15.14
6779	21.761
6780	21.867
6781	22.047
6782	21.575
6783	14.811
6784	15.8
6785	15.176
6786	15.468
6787	15.712
6788	16.138
6789	16.468
6790	7.7994
6791	7.9132
6792	7.8986
6793	8.0221
6794	9.1074
6795	9.0515
6796	8.9228
6797	8.8784
6798	7.3503
6799	7.1613
6800	7.3064
6801	7.1371
6802	7.5023
6803	7.8188
6804	7.8542
6805	7.5
6806	14.232
6807	14.662
6808	14.351
6809	14.789
6810	12.813
6811	13.254
6812	12.874
6813	13.208
6814	13.732
6815	14.013
6816	13.793
6817	16.692
6818	16.841
6819	17.305
6820	17.277
6821	16.911
6822	11.832
6823	12.204
6824	11.897
6825	12.24
6826	7.7831
6827	7.4643
6828	7.3865
6829	7.7125
6830	16.515
6831	16.262
6832	16.089
6833	16.879
6834	16.38
6835	16.008
6836	15.56
6837	15.713
6838	16.153
6839	15.861
6840	16.48
6841	15.393
6842	15.032
6843	14.833
6844	15.225
6845	12.429
6846	12.49
6847	12.112
6848	12.054
6849	12.34
6850	12.749
6851	11.477
6852	11.432
6853	11.788
6854	11.132
6855	10.805
6856	11.076
6857	10.801
6858	11.271
6859	11.541
6860	11.151
6861	10.553
6862	10.3
6863	10.314
6864	10.575
6865	10.821
6866	10.532
6867	9.583
6868	9.8076
6869	9.5917
6870	9.8252
6871	9.3458
6872	9.1521
6873	9.3019
6874	9.5532
6875	9.3741
6876	7.5716
6877	7.5032
6878	7.399
6879	7.6425
6880	7.7022
6881	6.8432
6882	6.5414
6883	6.6411
6884	6.7771
6885	6.4408
6886	6.6692
6887	6.2273
6888	6.4787
6889	6.6519
6890	6.1692
6891	6.4114
6892	6.5433
6893	6.5033
6894	6.5101
6895	6.4686
6896	8.4871
6897	8.9627
6898	8.2513
6899	8.519
6900	8.8439
6901	8.0625
6902	8.7173
6903	8.2948
6904	9.0934
6905	9.0462
6906	8.545
6907	8.4796
6908	12.169
6909	12.541
6910	11.845
6911	12.947
6912	11.882
6913	11.447
6914	12.382
6915	14.447
6916	14.851
6917	13.885
6918	14.568
6919	13.888
6920	12.768
6921	13.326
6922	13.058
6923	13.764
6924	14.462
6925	14.168
6926	14.484
6927	14.7
6928	15.198
6929	15.483
6930	16.212
6931	15.86
6932	16.387
6933	17.458
6934	16.774
6935	16.949
6936	17.479
6937	6.2034
6938	5.9492
6939	6.1921
6940	6.4284
6941	16.016
6942	15.856
6943	16.403
6944	16.296
6945	15.78
6946	16.149
6947	15.612
6948	15.906
6949	15.678
6950	14.885
6951	14.6
6952	15.317
6953	15.063
6954	14.442
6955	15.16
6956	14.491
6957	14.341
6958	13.911
6959	13.97
6960	12.579
6961	12.539
6962	12.16
6963	11.093
6964	11.374
6965	11.136
6966	10.844
6967	9.7778
6968	10.018
6969	10.05
6970	9.7321
6971	9.5093
6972	9.1807
6973	9.246
6974	8.9954
6975	7.589
6976	7.4699
6977	7.7417
6978	7.005
6979	7.2101
6980	6.9595
6981	6.0333
6982	6.4037
6983	6.245
6984	6.4439
6985	6.3983
6986	6.2984
6987	6.3167
6988	6.4904
6989	6.3535
6990	6.4157
6991	6.3158
6992	6.7074
6993	6.5864
6994	6.5844
6995	6.7667
6996	6.8842
6997	6.9627
6998	9.2991
6999	9.4686
7000	9.6469
7001	9.5862
7002	9.045
7003	9.7195
7004	10.152
7005	9.4232
7006	9.9696
7007	11.267
7008	12.266
7009	11.491
7010	12.322
7011	12.119
7012	12.752
7013	13.24
7014	14.943
7015	16.003
7016	15.239
7017	16.809
7018	15.868
7019	16.464
7020	6.535
7021	6.5207
7022	6.605
7023	10.833
7024	10.209
7025	10.518
7026	4.0389
7027	4.4184
7028	4.5432
7029	4.2273
7030	5.8747
7031	6.2919
7032	6.5806
7033	6.2117
7034	17.822
7035	17.496
7036	17.822
7037	14.636
7038	14.929
7039	15.003
7040	13.298
7041	13.676
7042	13.629
7043	11.943
7044	11.644
7045	12.614
7046	12.287
7047	12.618
7048	9.3847
7049	9.6051
7050	9.6728
7051	9.45
7052	8.8554
7053	9.6791
7054	9.6723
7055	14.268
7056	14.884
7057	15.015
7058	16.759
7059	17.139
7060	17.517
7061	11.252
7062	11.562
7063	11.394
7064	11.68
7065	17.32
7066	16.814
7067	17.315
7068	7.1318
7069	7.5412
7070	6.8065
7071	7.2204
7072	11.54
7073	10.981
7074	11.423
7075	7.7305
7076	7.8832
7077	7.8831
7078	8.0338
7079	7.1387
7080	7.3581
7081	7.5377
7082	7.2172
7083	8.1549
7084	8.1682
7085	9.4769
7086	9.1343
7087	9.3039
7088	9.118
7089	15.954
7090	15.688
7091	15.496
7092	15.889
7093	16.314
7094	15.774
7095	15.413
7096	15.147
7097	15.019
7098	15.286
7099	14.663
7100	14.5
7101	14.902
7102	15.055
7103	14.4
7104	14.035
7105	14.157
7106	13.968
7107	14.306
7108	13.325
7109	13.785
7110	13.28
7111	7.816
7112	7.9074
7113	8.0015
7114	11.876
7115	11.965
7116	12.256
7117	11.38
7118	11.106
7119	11.032
7120	11.737
7121	11.679
7122	11.335
7123	10.82
7124	10.512
7125	10.528
7126	10.792
7127	10.037
7128	10.279
7129	10.057
7130	9.3829
7131	9.3758
7132	9.6012
7133	9.1804
7134	8.9675
7135	8.9943
7136	9.1913
7137	8.7927
7138	8.752
7139	7.6338
7140	7.4593
7141	7.5846
7142	7.7407
7143	7.4275
7144	7.2945
7145	7.105
7146	6.9447
7147	7.0342
7148	6.8803
7149	7.0674
7150	6.8757
7151	6.8982
7152	6.9493
7153	7.1394
7154	6.6577
7155	7.078
7156	7.0302
7157	7.3804
7158	6.746
7159	7.2431
7160	6.69
7161	6.8553
7162	6.4863
7163	7.066
7164	6.7226
7165	6.6678
7166	6.5665
7167	6.4079
7168	6.5098
7169	6.5122
7170	6.5118
7171	6.5539
7172	6.4751
7173	6.6457
7174	6.5352
7175	6.5531
7176	6.7837
7177	6.9796
7178	6.9351
7179	6.7051
7180	6.6104
7181	7.8268
7182	7.583
7183	7.7482
7184	7.472
7185	7.7082
7186	8.0159
7187	8.2888
7188	8.4966
7189	7.9863
7190	8.0507
7191	8.363
7192	8.8819
7193	10.609
7194	10.19
7195	9.6023
7196	10.013
7197	10.445
7198	11.123
7199	11.731
7200	12.283
7201	12.087
7202	12.021
7203	12.926
7204	12.412
7205	12.64
7206	12.657
7207	13.392
7208	13.125
7209	13.568
7210	13.624
7211	14.218
7212	14.194
7213	13.839
7214	14.931
7215	15.182
7216	15.911
7217	15.275
7218	16.954
7219	17.203
7220	17.066
7221	16.982
7222	16.688
7223	17.037
7224	16.703
7225	16.912
7226	16.808
7227	14.61
7228	14.744
7229	14.483
7230	14.834
7231	13.529
7232	13.243
7233	13.25
7234	13.665
7235	13.581
7236	3.5752
7237	3.892
7238	3.6978
7239	5.3255
7240	5.6038
7241	5.5744
7242	5.2223
7243	5.7791
7244	5.4932
7245	5.6685
7246	16.274
7247	16.652
7248	16.536
7249	15.911
7250	16.379
7251	15.593
7252	16.001
7253	15.57
7254	15.19
7255	15.404
7256	14.68
7257	14.31
7258	12.958
7259	13.329
7260	12.918
7261	12.992
7262	11.995
7263	12.295
7264	11.696
7265	11.992
7266	11.772
7267	11.417
7268	9.9726
7269	10.23
7270	10.275
7271	9.3156
7272	9.1121
7273	7.5585
7274	7.4095
7275	5.7515
7276	5.2612
7277	5.4461
7278	5.5824
7279	5.0352
7280	4.7609
7281	5.4143
7282	5.1268
7283	5.9245
7284	5.6648
7285	5.8351
7286	6.0352
7287	6.1179
7288	6.1362
7289	6.2286
7290	6.4475
7291	6.1909
7292	6.986
7293	6.8482
7294	6.7612
7295	8.561
7296	8.0844
7297	8.4659
7298	9.3498
7299	9.3982
7300	8.9502
7301	9.8037
7302	9.9114
7303	10.027
7304	10.292
7305	10.065
7306	10.439
7307	10.285
7308	10.507
7309	10.903
7310	10.721
7311	12.43
7312	12.574
7313	11.656
7314	12.
7315	13.168
7316	13.032
7317	14.201
7318	13.633
7319	14.31
7320	13.705
7321	13.437
7322	13.925
7323	14.622
7324	15.754
7325	15.492
7326	17.06
7327	16.295
7328	17.418
7329	17.791
7330	18.062
7331	17.073
7332	17.622
7333	18.285
7334	17.688
7335	17.857
7336	16.45
7337	16.625
7338	16.498
7339	16.358
7340	15.355
7341	15.271
7342	15.457
7343	15.155
7344	10.817
7345	11.133
7346	10.976
7347	10.353
7348	10.56
7349	10.673
7350	9.9016
7351	10.224
7352	10.114
7353	9.9063
7354	9.8297
7355	9.6953
7356	9.5126
7357	6.2175
7358	6.1364
7359	5.9752
7360	6.3439
7361	4.7562
7362	4.8809
7363	5.0847
7364	5.1729
7365	4.2715
7366	4.628
7367	3.6968
7368	3.2609
7369	3.5035
7370	3.037
7371	-2.0171
7372	-3.0883
7373	-1.8842
7374	-3.2198
7375	-2.7608
7376	-1.5567
7377	-2.1154
7378	-1.1679
7379	-0.94952
7380	-1.9282
7381	-0.92632
7382	-9.4086e-003
7383	-0.77316
7384	4.4684e-002
7385	-4.5437
7386	-3.9408
7387	12.669
7388	12.789
7389	12.877
7390	12.482
7391	17.286
7392	17.523
7393	17.354
7394	4.6502
7395	5.3412
7396	4.9488
7397	12.9
7398	12.302
7399	12.232
7400	12.956
7401	17.942
7402	17.212
7403	17.811
7404	17.732
7405	6.6382
7406	6.7401
7407	6.7377
7408	10.96
7409	11.117
7410	12.173
7411	11.732
7412	7.5579
7413	6.7431
7414	7.205
7415	7.0319
7416	5.4081
7417	4.8619
7418	5.0278
7419	5.8346
7420	6.2045
7421	5.9282
7422	6.172
7423	17.406
7424	17.242
7425	14.724
7426	14.363
7427	14.516
7428	4.1358
7429	-6.174
7430	-8.6378
7431	-7.939
7432	-5.5711
7433	-6.8091
7434	15.418
7435	15.823
7436	15.568
7437	14.878
7438	14.956
7439	15.094
7440	15.317
7441	14.371
7442	14.281
7443	14.774
7444	14.645
7445	14.143
7446	13.959
7447	14.035
7448	13.941
7449	13.647
7450	13.592
7451	13.808
7452	13.356
7453	13.053
7454	13.464
7455	13.154
7456	13.282
7457	13.58
7458	12.915
7459	13.329
7460	12.98
7461	12.418
7462	12.87
7463	12.579
7464	12.601
7465	12.065
7466	12.027
7467	12.359
7468	12.5
7469	11.598
7470	11.728
7471	11.772
7472	12.152
7473	11.198
7474	11.536
7475	11.624
7476	11.281
7477	10.718
7478	10.608
7479	10.693
7480	10.987
7481	10.484
7482	10.242
7483	10.2
7484	10.423
7485	10.016
7486	9.7769
7487	9.8064
7488	9.9809
7489	10.258
7490	9.1842
7491	9.1417
7492	9.2052
7493	9.3871
7494	9.0052
7495	8.8195
7496	8.8319
7497	8.9968
7498	8.6242
7499	8.4371
7500	8.4929
7501	8.4403
7502	8.5835
7503	8.6653
7504	8.1257
7505	8.1617
7506	8.2799
7507	8.2384
7508	7.9775
7509	7.9
7510	7.8321
7511	8.0283
7512	8.0716
7513	7.5529
7514	7.6332
7515	7.6689
7516	7.6915
7517	7.4285
7518	7.4393
7519	7.3291
7520	7.2955
7521	7.526
7522	7.3257
7523	7.2547
7524	7.2072
7525	7.2651
7526	7.4046
7527	7.3753
7528	7.2203
7529	7.4458
7530	7.3192
7531	7.5932
7532	7.7898
7533	7.9393
7534	7.7204
7535	7.4332
7536	8.2136
7537	8.0013
7538	8.1413
7539	7.8182
7540	8.4402
7541	8.3759
7542	7.7884
7543	8.8974
7544	7.9985
7545	7.2921
7546	7.5028
7547	6.5562
7548	6.4977
7549	6.5158
7550	6.6168
7551	6.4795
7552	6.4998
7553	6.4215
7554	6.4476
7555	6.4974
7556	6.4223
7557	6.5318
7558	6.4841
7559	6.4578
7560	6.813
7561	6.583
7562	6.7004
7563	7.1345
7564	6.8076
7565	7.0401
7566	7.3707
7567	7.2283
7568	7.4423
7569	6.9904
7570	6.8947
7571	7.2268
7572	7.5439
7573	7.0558
7574	7.
7575	7.4934
7576	7.5578
7577	7.2996
7578	8.1509
7579	7.8906
7580	8.6698
7581	8.4
7582	7.6562
7583	7.8527
7584	8.871
7585	8.7918
7586	9.4939
7587	9.8033
7588	9.2157
7589	9.4419
7590	9.8219
7591	10.075
7592	10.21
7593	10.366
7594	9.69
7595	9.6165
7596	10.401
7597	9.8764
7598	9.8638
7599	10.31
7600	10.859
7601	10.222
7602	11.118
7603	10.516
7604	11.475
7605	11.296
7606	11.457
7607	10.876
7608	11.849
7609	10.72
7610	11.658
7611	11.049
7612	11.874
7613	11.26
7614	12.277
7615	12.031
7616	12.252
7617	11.622
7618	11.55
7619	11.458
7620	12.499
7621	12.675
7622	12.412
7623	13.451
7624	13.096
7625	11.994
7626	11.883
7627	12.987
7628	12.728
7629	13.342
7630	14.238
7631	13.642
7632	13.489
7633	14.489
7634	13.889
7635	14.171
7636	14.852
7637	16.656
7638	15.781
7639	16.292
7640	15.656
7641	17.217
7642	16.975
7643	17.033
7644	16.99
7645	16.578
7646	16.533
7647	16.58
7648	16.683
7649	16.465
7650	16.478
7651	16.322
7652	16.256
7653	15.522
7654	15.681
7655	15.624
7656	15.769
7657	15.267
7658	15.462
7659	14.977
7660	14.688
7661	14.885
7662	15.151
7663	15.24
7664	15.067
7665	14.421
7666	14.132
7667	14.347
7668	14.293
7669	14.632
7670	14.427
7671	13.797
7672	13.455
7673	13.716
7674	14.048
7675	13.934
7676	11.442
7677	11.886
7678	11.751
7679	11.239
7680	11.385
7681	10.989
7682	10.152
7683	10.093
7684	9.808
7685	10.441
7686	10.544
7687	9.0586
7688	9.2044
7689	9.324
7690	9.2987
7691	8.7316
7692	8.3848
7693	8.5637
7694	8.5958
7695	8.906
7696	8.9772
7697	8.0323
7698	8.2234
7699	8.2215
7700	7.6803
7701	7.3356
7702	7.5142
7703	7.5006
7704	7.8625
7705	7.865
7706	7.1769
7707	6.9934
7708	7.1715
7709	4.6941
7710	4.3783
7711	4.5651
7712	4.7927
7713	4.9865
7714	3.8863
7715	4.1132
7716	3.3835
7717	2.8956
7718	3.039
7719	3.4597
7720	3.6402
7721	2.422
7722	2.5727
7723	2.6717
7724	2.0986
7725	2.4442
7726	1.9185
7727	-0.52226
7728	7.5351e-003
7729	0.29559
7730	0.49525
7731	-4.936
7732	-6.1368
7733	-6.9769
7734	-6.1514
7735	8.5035
7736	7.9483
7737	9.3062
7738	8.5392
7739	7.8879
7740	9.1997
7741	6.0209
7742	6.3735
7743	5.6423
7744	4.38
7745	4.3434
7746	4.6185
7747	4.0789
7748	4.0716
7749	4.5214
7750	4.6873
7751	4.1956
7752	4.3894
7753	4.3144
7754	4.7587
7755	5.0622
7756	5.3789
7757	5.1934
7758	20.968
7759	20.971
7760	20.751
7761	21.164
7762	21.153
7763	20.946
7764	20.955
7765	20.746
7766	20.965
7767	20.919
7768	20.725
7769	21.137
7770	20.899
7771	20.898
7772	20.688
7773	21.085
7774	21.239
7775	21.051
7776	20.856
7777	21.026
7778	21.388
7779	21.186
7780	21.285
7781	21.51
7782	21.519
7783	21.281
7784	21.601
7785	21.675
7786	21.45
7787	21.556
7788	21.805
7789	21.799
7790	21.546
7791	21.908
7792	21.486
7793	21.64
7794	21.942
7795	18.994
7796	18.45
7797	18.163
7798	18.731
7799	18.651
7800	17.806
7801	18.293
7802	18.148
7803	18.403
7804	18.207
7805	18.68
7806	18.769
7807	18.193
7808	18.462
7809	18.283
7810	17.971
7811	18.052
7812	17.97
7813	17.807
7814	17.472
7815	17.643
7816	17.015
7817	16.899
7818	17.37
7819	17.258
7820	16.756
7821	17.137
7822	16.875
7823	16.469
7824	15.957
7825	16.339
7826	15.791
7827	16.199
7828	16.114
7829	15.709
7830	15.056
7831	15.046
7832	14.697
7833	13.708
7834	14.099
7835	14.041
7836	13.363
7837	13.729
7838	13.295
7839	13.426
7840	12.996
7841	12.292
7842	12.611
7843	12.626
7844	11.906
7845	12.237
7846	11.82
7847	11.493
7848	11.507
7849	10.803
7850	10.506
7851	10.552
7852	10.836
7853	9.8465
7854	10.093
7855	9.9142
7856	10.171
7857	9.536
7858	9.7641
7859	9.4513
7860	9.2381
7861	7.3591
7862	7.7113
7863	7.5424
7864	7.1657
7865	6.9766
7866	7.2101
7867	5.3938
7868	5.5895
7869	5.5286
7870	5.8391
7871	4.9699
7872	5.3096
7873	5.1093
7874	5.4304
7875	4.5659
7876	4.9262
7877	5.1111
7878	4.7655
7879	4.1542
7880	4.2494
7881	3.8291
7882	4.548
7883	5.5067
7884	5.5754
7885	5.7637
7886	6.3071
7887	6.0442
7888	6.0015
7889	6.3979
7890	6.613
7891	6.526
7892	7.2054
7893	6.8956
7894	6.998
7895	7.5571
7896	7.3507
7897	7.8895
7898	7.9607
7899	7.6863
7900	8.2036
7901	8.247
7902	8.5743
7903	8.5723
7904	8.968
7905	8.9906
7906	9.2807
7907	9.3992
7908	8.8729
7909	9.5658
7910	9.6893
7911	9.1177
7912	9.9599
7913	10.026
7914	10.4
7915	10.475
7916	10.705
7917	10.924
7918	10.881
7919	11.15
7920	11.125
7921	11.344
7922	11.675
7923	11.501
7924	13.844
7925	13.312
7926	14.115
7927	13.705
7928	14.276
7929	14.474
7930	13.708
7931	14.769
7932	14.865
7933	15.412
7934	15.335
7935	14.878
7936	15.474
7937	14.821
7938	14.366
7939	15.063
7940	15.886
7941	15.369
7942	16.053
7943	16.466
7944	16.687
7945	17.196
7946	17.084
7947	16.808
7948	16.204
7949	18.141
7950	18.214
7951	17.416
7952	17.67
7953	17.818
7954	18.02
7955	17.296
7956	18.423
7957	18.536
7958	18.169
7959	18.977
7960	19.033
7961	18.435
7962	18.605
7963	16.921
7964	17.368
7965	17.863
7966	17.642
7967	17.736
7968	17.866
7969	17.587
7970	17.744
7971	17.117
7972	17.423
7973	17.311
7974	16.596
7975	16.773
7976	16.848
7977	16.324
7978	16.493
7979	16.023
7980	16.177
7981	16.184
7982	15.71
7983	15.855
7984	15.878
7985	15.532
7986	15.393
7987	15.579
7988	15.064
7989	14.948
7990	14.862
7991	13.949
7992	14.165
7993	14.237
7994	13.184
7995	13.362
7996	13.522
7997	13.182
7998	12.403
7999	12.845
8000	12.852
8001	12.513
8002	11.947
8003	12.058
8004	12.216
8005	11.528
8006	11.814
8007	11.651
8008	11.117
8009	10.719
8010	10.869
8011	8.5063
8012	8.8408
8013	8.6267
8014	8.8245
8015	8.1269
8016	8.2902
8017	8.2846
8018	8.4846
8019	7.7385
8020	7.9127
8021	7.8965
8022	6.3166
8023	6.0922
8024	6.4209
8025	4.9566
8026	5.294
8027	5.3815
8028	3.3245
8029	3.2088
8030	2.858
8031	2.7298
8032	1.3793e-002
8033	0.79544
8034	0.86246
8035	-0.56442
8036	-0.79342
8037	-1.5173
8038	-3.2954
8039	-2.3336
8040	-2.9437
8041	-3.9874
8042	-4.0114
8043	-0.72582
8044	-0.7447
8045	-2.0843
8046	-2.0891
8047	4.057
8048	3.9486
8049	3.9525
8050	3.9742
8051	2.226
8052	2.4091
8053	2.1464
8054	2.5027
8055	2.3483
8056	1.9611
8057	2.0666
8058	1.7692
8059	1.2758
8060	1.4684
8061	1.5848
8062	0.68385
8063	1.0065
8064	0.77005
8065	0.3825
8066	0.42072
8067	0.99888
8068	0.39305
8069	0.67233
8070	0.50522
8071	0.18133
8072	0.83486
8073	0.50898
8074	4.1362
8075	4.3477
8076	4.6531
8077	13.392
8078	12.883
8079	-1.7519
8080	-1.4945
8081	-1.0217
8082	-2.7605
8083	-3.1309
8084	13.089
8085	13.408
8086	13.177
8087	12.693
8088	13.011
8089	12.308
8090	12.655
8091	12.386
8092	17.917
8093	18.217
8094	17.928
8095	18.243
8096	17.568
8097	17.978
8098	17.675
8099	6.8921
8100	7.1032
8101	7.0419
8102	6.8897
8103	18.722
8104	19.165
8105	18.721
8106	21.135
8107	20.92
8108	20.919
8109	20.716
8110	6.244
8111	6.254
8112	6.4478
8113	17.245
8114	17.331
8115	12.135
8116	12.285
8117	12.005
8118	-6.3076
8119	-4.6752
8120	5.2619
8121	4.9282
8122	6.8354
8123	7.3004
8124	1.4291
8125	1.2002
8126	1.6148
8127	1.3436
8128	1.4164
8129	1.2367
8130	1.1465
8131	0.942
8132	0.75816
8133	1.2669
8134	1.0111
8135	1.0654
8136	0.84934
8137	0.62653
8138	1.1298
8139	0.95916
8140	0.54566
8141	1.0739
8142	0.79825
8143	0.46985
8144	1.0245
8145	0.7543
8146	0.72602
8147	0.44557
8148	1.0209
8149	0.71506
8150	0.71776
8151	0.70723
8152	0.38413
8153	0.99502
8154	0.74736
8155	0.42479
8156	1.0562
8157	0.72959
8158	0.42124
8159	1.0832
8160	0.7526
8161	0.73846
8162	0.81158
8163	0.43912
8164	1.1227
8165	0.76449
8166	0.8307
8167	0.49918
8168	1.1342
8169	0.50576
8170	1.1607
8171	0.85916
8172	0.54454
8173	1.1939
8174	0.90936
8175	0.88039
8176	0.56958
8177	1.2303
8178	0.92445
8179	0.92767
8180	0.57527
8181	1.237
8182	0.91293
8183	0.92924
8184	0.68003
8185	1.4015
8186	1.0406
8187	1.0093
8188	0.69425
8189	1.3859
8190	1.0258
8191	1.0394
8192	0.72409
8193	1.4019
8194	1.0386
8195	1.0698
8196	1.3802
8197	1.0601
8198	1.0568
8199	0.71599
8200	0.74658
8201	1.4512
8202	1.1308
8203	1.1124
8204	1.1748
8205	0.79733
8206	1.4795
8207	1.1514
8208	1.1571
8209	0.82808
8210	1.5084
8211	0.77264
8212	1.4537
8213	1.1323
8214	1.1214
8215	0.79988
8216	1.4658
8217	1.1288
8218	0.77386
8219	1.4435
8220	1.1245
8221	0.78881
8222	1.4401
8223	1.1294
8224	1.1239
8225	1.1678
8226	0.82423
8227	1.4593
8228	1.1569
8229	1.4935
8230	1.1693
8231	0.84338
8232	1.1516
8233	0.80715
8234	1.4515
8235	1.1368
8236	0.86803
8237	1.49
8238	1.1892
8239	0.94948
8240	1.5456
8241	1.2457
8242	1.2482
8243	1.3216
8244	1.624
8245	1.2743
8246	1.383
8247	1.6333
8248	1.1465
8249	1.7069
8250	1.4581
8251	1.8635
8252	1.6877
8253	1.5484
8254	1.353
8255	2.0872
8256	1.8114
8257	1.8862
8258	1.5993
8259	2.4882
8260	2.6231
8261	2.3523
8262	2.2065
8263	2.763
8264	2.625
8265	2.693
8266	3.0738
8267	2.9658
8268	2.7866
8269	3.0807
8270	3.4119
8271	3.1484
8272	3.3292
8273	3.4479
8274	3.7431
8275	3.6725
8276	3.5013
8277	3.7694
8278	4.0331
8279	3.9583
8280	3.8238
8281	4.1042
8282	4.2711
8283	4.1477
8284	3.9866
8285	3.9958
8286	4.2039
8287	3.754
8288	3.8235
8289	4.0345
8290	3.3906
8291	3.0483
8292	3.3598
8293	2.8622
8294	3.5157
8295	3.7632
8296	0.55908
8297	1.5153
8298	0.5402
8299	1.4554
8300	-1.3372
8301	-0.16999
8302	-0.45677
8303	-1.7964
8304	-1.8688
8305	-2.9125
8306	-0.98275
8307	-1.1064
8308	-2.0555
8309	-5.5989e-002
8310	-0.56982
8311	-0.70841
8312	0.62508
8313	-0.17566
8314	0.36562
8315	4.5162
8316	4.4773
8317	4.2971
8318	4.1116
8319	4.8679
8320	4.8352
8321	4.4772
8322	5.1702
8323	4.8829
8324	5.2203
8325	5.8326
8326	5.8988
8327	5.5714
8328	5.659
8329	6.4357
8330	6.5196
8331	6.2137
8332	7.5903
8333	7.5674
8334	7.7415
8335	7.4177
8336	8.2165
8337	8.4105
8338	8.0759
8339	10.029
8340	10.321
8341	9.9043
8342	10.278
8343	11.882
8344	12.168
8345	11.763
8346	12.612
8347	12.891
8348	12.559
8349	12.889
8350	13.739
8351	13.575
8352	13.736
8353	13.952
8354	14.458
8355	14.317
8356	14.654
8357	15.678
8358	15.5
8359	15.345
8360	16.01
8361	15.834
8362	16.163
8363	16.346
8364	16.96
8365	16.892
8366	16.67
8367	17.166
8368	17.035
8369	17.229
8370	18.108
8371	18.205
8372	17.968
8373	18.277
8374	18.368
8375	18.566
8376	18.402
8377	18.433
8378	18.911
8379	18.752
8380	18.546
8381	19.755
8382	19.227
8383	18.533
8384	19.083
8385	18.838
8386	18.268
8387	19.598
8388	18.984
8389	18.066
8390	19.447
8391	18.726
8392	19.053
8393	17.464
8394	18.406
8395	18.391
8396	19.347
8397	18.125
8398	18.62
8399	20.009
8400	19.791
8401	19.58
8402	19.331
8403	19.672
8404	19.731
8405	19.156
8406	18.788
8407	19.801
8408	19.426
8409	18.625
8410	19.221
8411	18.907
8412	18.53
8413	18.956
8414	18.541
8415	19.023
8416	18.835
8417	18.915
8418	18.295
8419	17.997
8420	18.106
8421	17.769
8422	17.569
8423	16.512
8424	16.132
8425	15.89
8426	15.732
8427	16.161
8428	15.729
8429	15.198
8430	15.698
8431	16.161
8432	15.431
8433	15.981
8434	15.063
8435	15.638
8436	14.745
8437	15.307
8438	14.576
8439	14.936
8440	14.546
8441	14.166
8442	15.042
8443	13.135
8444	13.684
8445	13.509
8446	12.871
8447	12.72
8448	13.257
8449	13.4
8450	12.557
8451	12.26
8452	12.809
8453	12.085
8454	12.42
8455	11.894
8456	11.369
8457	11.842
8458	11.612
8459	11.457
8460	11.601
8461	10.999
8462	10.149
8463	10.608
8464	10.541
8465	9.8078
8466	10.257
8467	8.9823
8468	8.9886
8469	8.6157
8470	8.3673
8471	8.3182
8472	8.0911
8473	7.6401
8474	7.4799
8475	7.8167
8476	6.4892
8477	6.135
8478	6.2744
8479	6.613
8480	6.7042
8481	6.8066
8482	5.7726
8483	5.9146
8484	5.7776
8485	5.1686
8486	5.2165
8487	5.478
8488	3.3967
8489	3.6789
8490	3.8249
8491	3.476
8492	3.1377
8493	3.7874
8494	3.4623
8495	3.4094
8496	3.7223
8497	3.3326
8498	3.9807
8499	3.5604
8500	3.8658
8501	3.4795
8502	4.1175
8503	4.0204
8504	3.6322
8505	4.2463
8506	4.1999
8507	3.8161
8508	4.3995
8509	4.4007
8510	4.0246
8511	4.6215
8512	4.2547
8513	4.7609
8514	4.8519
8515	4.5045
8516	5.0568
8517	4.7435
8518	5.1916
8519	5.158
8520	4.9389
8521	5.7033
8522	5.4588
8523	5.3537
8524	6.036
8525	5.7807
8526	5.9529
8527	6.3545
8528	6.1135
8529	6.3079
8530	6.6514
8531	6.429
8532	6.6409
8533	6.9758
8534	6.74
8535	6.7866
8536	7.2159
8537	7.0729
8538	7.349
8539	8.0776
8540	7.9287
8541	7.8934
8542	7.7245
8543	8.4141
8544	8.2779
8545	8.2301
8546	8.7358
8547	8.617
8548	8.549
8549	9.0485
8550	8.947
8551	8.848
8552	9.3606
8553	9.2701
8554	9.1473
8555	9.6795
8556	9.5894
8557	10.011
8558	9.9211
8559	10.355
8560	10.261
8561	10.73
8562	10.605
8563	10.433
8564	11.098
8565	11.104
8566	10.967
8567	11.436
8568	11.411
8569	11.131
8570	11.78
8571	11.742
8572	11.467
8573	12.152
8574	12.085
8575	12.555
8576	12.455
8577	12.957
8578	12.825
8579	12.922
8580	13.524
8581	13.544
8582	13.236
8583	13.793
8584	13.818
8585	14.12
8586	14.095
8587	14.454
8588	14.547
8589	14.428
8590	14.751
8591	14.802
8592	14.396
8593	15.073
8594	15.095
8595	14.713
8596	15.43
8597	15.407
8598	15.752
8599	16.001
8600	16.083
8601	15.733
8602	15.851
8603	15.74
8604	15.421
8605	16.256
8606	16.314
8607	15.851
8608	16.495
8609	16.656
8610	16.566
8611	16.841
8612	16.759
8613	18.455
8614	18.294
8615	18.127
8616	18.582
8617	18.759
8618	18.443
8619	18.903
8620	18.773
8621	18.351
8622	19.389
8623	19.332
8624	19.007
8625	19.093
8626	18.786
8627	19.029
8628	19.374
8629	18.526
8630	18.999
8631	19.478
8632	19.168
8633	19.601
8634	19.89
8635	19.354
8636	20.16
8637	19.915
8638	19.338
8639	20.242
8640	20.622
8641	20.16
8642	19.829
8643	20.317
8644	20.68
8645	19.768
8646	19.951
8647	20.817
8648	20.485
8649	20.355
8650	21.179
8651	20.673
8652	20.826
8653	21.134
8654	21.8
8655	21.49
8656	21.36
8657	21.652
8658	22.291
8659	22.263
8660	21.962
8661	21.968
8662	21.956
8663	21.657
8664	22.187
8665	21.724
8666	22.266
8667	22.006
8668	22.506
8669	22.367
8670	22.228
8671	21.802
8672	22.264
8673	22.028
8674	22.034
8675	21.902
8676	21.651
8677	22.087
8678	21.72
8679	22.163
8680	21.956
8681	21.659
8682	22.062
8683	21.832
8684	21.861
8685	21.64
8686	21.411
8687	21.801
8688	21.487
8689	21.873
8690	21.704
8691	21.4
8692	21.773
8693	21.612
8694	21.587
8695	21.321
8696	21.711
8697	21.525
8698	21.504
8699	21.272
8700	21.654
8701	21.478
8702	21.426
8703	21.618
8704	21.425
8705	21.407
8706	21.278
8707	21.66
8708	21.662
8709	21.459
8710	21.454
8711	21.172
8712	21.552
8713	21.372
8714	21.341
8715	21.067
8716	21.182
8717	21.448
8718	21.286
8719	21.169
8720	21.557
8721	21.395
8722	21.338
8723	21.551
8724	21.16
8725	21.352
8726	21.343
8727	21.344
8728	21.143
8729	21.515
8730	21.335
8731	21.344
8732	21.542
8733	21.161
8734	21.135
8735	21.526
8736	21.332
8737	21.358
8738	21.125
8739	21.301
8740	21.505
8741	21.39
8742	21.209
8743	21.571
8744	21.344
8745	21.136
8746	21.562
8747	21.565
8748	21.106
8749	21.509
8750	21.306
8751	21.117
8752	21.509
8753	21.303
8754	21.318
8755	21.117
8756	21.508
8757	21.322
8758	21.317
8759	21.129
8760	21.518
8761	21.326
8762	21.323
8763	21.107
8764	21.513
8765	21.328
8766	21.306
8767	21.125
8768	21.514
8769	21.342
8770	21.337
8771	21.56
8772	21.357
8773	21.361
8774	21.12
8775	21.498
8776	21.347
8777	21.314
8778	21.387
8779	21.175
8780	21.569
8781	21.371
8782	21.587
8783	21.187
8784	21.373
8785	21.168
8786	21.565
8787	21.361
8788	21.356
8789	21.384
8790	21.542
8791	21.139
8792	21.327
8793	21.388
8794	21.196
8795	21.614
8796	21.615
8797	21.338
8798	21.137
8799	21.549
8800	21.33
8801	21.114
8802	21.532
8803	21.324
8804	21.532
8805	21.13
8806	21.324
8807	21.329
8808	21.534
8809	21.109
8810	21.503
8811	4.628
8812	4.9685
8813	4.7405
8814	4.1099
8815	3.9395
8816	4.3024
8817	3.9886
8818	3.7771
8819	3.8945
8820	3.6749
8821	3.8394
8822	3.5924
8823	3.8645
8824	3.5881
8825	3.9032
8826	3.6569
8827	5.9948
8828	6.3816
8829	5.5931
8830	7.3326
8831	6.8527
8832	7.3447
8833	6.8466
8834	0.23201
8835	0.47987
8836	0.54697
8837	0.40665
8838	0.17231
8839	0.73928
8840	0.45886
8841	0.32285
8842	7.5416e-002
8843	0.26247
8844	-9.2698e-003
8845	0.22575
8846	0.51506
8847	-3.782e-002
8848	0.17527
8849	-0.10564
8850	0.198
8851	0.16195
8852	-0.12738
8853	0.43144
8854	-0.14177
8855	0.14892
8856	7.5181e-002
8857	0.39694
8858	0.12186
8859	-0.19626
8860	6.4323e-002
8861	-0.24781
8862	0.29093
8863	0.10486
8864	-0.24195
8865	0.39393
8866	0.10943
8867	-0.19854
8868	0.47266
8869	0.10169
8870	-0.2315
8871	9.7879e-002
8872	-0.21417
8873	9.0687e-002
8874	0.40267
8875	-0.24625
8876	9.4236e-002
8877	-0.24231
8878	0.4256
8879	0.10051
8880	-0.25156
8881	9.2355e-002
8882	-0.22067
8883	0.41773
8884	0.12672
8885	-0.25527
8886	0.17424
8887	-0.16655
8888	0.18266
8889	-0.17657
8890	0.20022
8891	-0.1452
8892	0.53606
8893	0.23169
8894	-0.14
8895	0.24163
8896	-9.8903e-002
8897	0.59651
8898	0.24013
8899	-0.12649
8900	0.24425
8901	-9.7562e-002
8902	0.59821
8903	0.24503
8904	-0.1273
8905	0.272
8906	-9.431e-002
8907	0.58269
8908	0.28716
8909	0.63741
8910	-5.3195e-002
8911	0.2992
8912	-8.0304e-002
8913	0.62844
8914	0.32204
8915	-4.6984e-002
8916	0.33739
8917	-2.388e-002
8918	0.68256
8919	0.3431
8920	-1.6325e-002
8921	0.36019
8922	-1.9383e-002
8923	0.67468
8924	0.35656
8925	3.8057e-002
8926	-6.6053e-003
8927	0.70229
8928	0.36143
8929	0.39744
8930	0.73738
8931	4.197e-002
8932	0.3933
8933	0.40612
8934	3.0676e-002
8935	0.73611
8936	0.40514
8937	2.4672e-002
8938	0.41147
8939	0.43534
8940	6.0459e-002
8941	0.78941
8942	0.45057
8943	6.2707e-002
8944	0.44364
8945	9.2522e-002
8946	4.4178e-002
8947	0.46494
8948	0.4364
8949	0.45428
8950	3.6176e-002
8951	0.7653
8952	0.45234
8953	8.9884e-002
8954	0.45771
8955	8.2282e-002
8956	0.46663
8957	0.10707
8958	0.46783
8959	0.48213
8960	0.11456
8961	0.80168
8962	0.15762
8963	0.47268
8964	0.83364
8965	0.49689
8966	0.47624
8967	0.17065
8968	0.82958
8969	0.15234
8970	0.49985
8971	0.52362
8972	0.15325
8973	0.55543
8974	0.21395
8975	0.59415
8976	0.87664
8977	0.21362
8978	0.63518
8979	0.30625
8980	0.93145
8981	0.32744
8982	0.64905
8983	0.92434
8984	0.59121
8985	1.236
8986	0.73025
8987	1.0405
8988	2.6017
8989	2.3361
8990	2.8068
8991	2.5439
8992	2.8745
8993	3.0128
8994	2.7661
8995	3.4006
8996	3.2078
8997	3.1768
8998	3.5708
8999	3.3767
9000	3.6252
9001	3.7207
9002	3.5442
9003	3.8327
9004	3.9104
9005	3.5852
9006	3.751
9007	3.1734
9008	3.4408
9009	2.9127
9010	2.5676
9011	-0.46326
9012	0.62172
9013	-5.1882
9014	-5.1588
9015	-3.3717
9016	-7.2405
9017	-7.1634
9018	-9.707
9019	-12.454
9020	-12.094
9021	-10.059
9022	-8.0726
9023	-10.347
9024	-5.9838
9025	-7.1671
9026	-8.283
9027	-3.9809
9028	-4.3513
9029	-4.9229
9030	-2.5031
9031	-3.2001
9032	-1.4021
9033	-1.9364
9034	-0.49189
9035	-0.88074
9036	6.608e-003
9037	0.3548
9038	2.2494
9039	2.0047
9040	1.7254
9041	2.7161
9042	2.4558
9043	3.1152
9044	2.8515
9045	3.4747
9046	3.1936
9047	3.8671
9048	3.6132
9049	4.3
9050	4.0271
9051	4.7486
9052	4.5066
9053	5.1935
9054	4.98
9055	5.085
9056	5.5881
9057	5.3859
9058	5.5299
9059	5.9413
9060	5.7597
9061	5.7073
9062	6.3017
9063	6.1549
9064	6.1082
9065	6.6648
9066	6.5101
9067	6.4823
9068	7.016
9069	6.8558
9070	6.8326
9071	7.3555
9072	7.2077
9073	7.6965
9074	7.5547
9075	8.0536
9076	7.8744
9077	8.4024
9078	8.1948
9079	8.323
9080	8.7381
9081	8.634
9082	9.0517
9083	8.9467
9084	9.3152
9085	9.2448
9086	9.5159
9087	9.542
9088	10.382
9089	10.336
9090	10.067
9091	10.665
9092	10.727
9093	11.4
9094	11.345
9095	11.08
9096	11.695
9097	11.647
9098	12.
9099	11.941
9100	12.307
9101	12.25
9102	12.632
9103	12.543
9104	12.972
9105	12.966
9106	12.852
9107	13.33
9108	13.248
9109	13.668
9110	13.574
9111	13.682
9112	13.967
9113	13.93
9114	14.264
9115	14.21
9116	14.558
9117	14.476
9118	14.83
9119	14.735
9120	14.828
9121	15.06
9122	15.034
9123	15.258
9124	15.238
9125	15.435
9126	15.413
9127	15.621
9128	15.581
9129	15.812
9130	15.76
9131	16.002
9132	15.928
9133	15.9
9134	16.184
9135	16.095
9136	16.117
9137	16.335
9138	16.248
9139	16.433
9140	16.366
9141	16.513
9142	16.438
9143	16.616
9144	16.525
9145	16.725
9146	16.719
9147	16.62
9148	16.827
9149	16.712
9150	16.842
9151	16.934
9152	16.802
9153	17.062
9154	16.908
9155	17.217
9156	17.035
9157	17.685
9158	17.459
9159	17.438
9160	17.917
9161	17.648
9162	18.119
9163	17.84
9164	18.233
9165	18.25
9166	17.963
9167	18.354
9168	18.016
9169	18.569
9170	18.421
9171	18.094
9172	18.703
9173	18.461
9174	18.095
9175	18.759
9176	18.47
9177	18.103
9178	18.849
9179	18.457
9180	18.017
9181	18.863
9182	18.415
9183	18.008
9184	18.91
9185	18.368
9186	17.901
9187	18.863
9188	18.309
9189	17.84
9190	18.878
9191	18.229
9192	17.685
9193	18.8
9194	18.764
9195	18.07
9196	17.587
9197	17.659
9198	17.022
9199	17.825
9200	18.376
9201	17.496
9202	16.916
9203	17.299
9204	16.673
9205	17.093
9206	16.474
9207	17.96
9208	16.812
9209	16.199
9210	17.739
9211	14.99
9212	14.869
9213	16.046
9214	14.184
9215	14.042
9216	14.865
9217	13.575
9218	13.39
9219	13.162
9220	12.891
9221	12.915
9222	12.565
9223	12.718
9224	12.348
9225	13.316
9226	12.459
9227	12.148
9228	13.073
9229	12.129
9230	11.854
9231	11.883
9232	11.544
9233	11.938
9234	11.374
9235	11.549
9236	11.978
9237	12.663
9238	11.457
9239	11.084
9240	11.731
9241	11.253
9242	10.861
9243	11.088
9244	10.669
9245	10.977
9246	10.522
9247	10.844
9248	10.422
9249	10.651
9250	10.238
9251	10.467
9252	10.05
9253	10.117
9254	10.299
9255	9.7112
9256	9.8786
9257	9.516
9258	9.5463
9259	9.2588
9260	9.2797
9261	8.9323
9262	9.2833
9263	8.765
9264	9.3395
9265	8.8513
9266	8.7956
9267	9.2424
9268	8.8506
9269	8.4518
9270	9.0554
9271	8.6077
9272	8.2749
9273	9.2305
9274	8.3795
9275	8.0146
9276	8.2542
9277	7.8575
9278	8.1187
9279	7.7623
9280	8.6781
9281	7.5045
9282	7.9876
9283	7.8818
9284	8.4087
9285	7.5796
9286	7.7404
9287	7.247
9288	8.0891
9289	7.3958
9290	7.0972
9291	7.1772
9292	6.923
9293	6.936
9294	6.7201
9295	7.3737
9296	6.7576
9297	6.5176
9298	6.7071
9299	6.4116
9300	6.4158
9301	6.7614
9302	7.0067
9303	6.7748
9304	6.5089
9305	6.8283
9306	6.6568
9307	6.4008
9308	6.5678
9309	6.3271
9310	6.508
9311	6.2631
9312	6.4574
9313	6.2406
9314	6.7405
9315	6.4043
9316	6.199
9317	6.6655
9318	6.1741
9319	6.3401
9320	6.5828
9321	6.0695
9322	5.9983
9323	6.2177
9324	6.0795
9325	5.9195
9326	5.8853
9327	6.2186
9328	6.0622
9329	6.1781
9330	6.3029
9331	6.4124
9332	6.3897
9333	6.344
9334	6.3016
9335	6.4657
9336	6.3836
9337	6.5764
9338	6.4978
9339	6.7187
9340	6.646
9341	6.8253
9342	7.3658
9343	7.3067
9344	7.0774
9345	7.6962
9346	7.6414
9347	7.3183
9348	8.1129
9349	8.0696
9350	7.6172
9351	8.6205
9352	8.6265
9353	9.1963
9354	9.3495
9355	10.114
9356	9.7212
9357	10.041
9358	11.314
9359	10.002
9360	9.9063
9361	11.003
9362	9.2736
9363	9.5855
9364	10.501
9365	9.1174
9366	9.1532
9367	9.8872
9368	8.844
9369	8.7285
9370	9.2447
9371	8.5163
9372	8.3631
9373	8.7566
9374	8.0665
9375	8.379
9376	8.0981
9377	7.8427
9378	7.5854
9379	7.6821
9380	7.7504
9381	7.6694
9382	7.525
9383	7.4237
9384	7.513
9385	7.4315
9386	7.3052
9387	7.4391
9388	7.5079
9389	7.5232
9390	7.4783
9391	7.3681
9392	7.6063
9393	7.5368
9394	7.6089
9395	7.6788
9396	7.6691
9397	7.7303
9398	7.7549
9399	7.9508
9400	7.8868
9401	7.8455
9402	8.0644
9403	7.9827
9404	8.1834
9405	8.0851
9406	8.4087
9407	8.2935
9408	8.2984
9409	8.534
9410	8.401
9411	8.6777
9412	8.5303
9413	8.9543
9414	8.8236
9415	8.7965
9416	8.912
9417	9.0768
9418	9.5563
9419	9.3842
9420	9.3448
9421	9.5858
9422	9.7419
9423	9.5123
9424	9.9391
9425	9.6909
9426	10.312
9427	10.139
9428	10.059
9429	10.473
9430	10.211
9431	10.669
9432	10.381
9433	10.88
9434	10.584
9435	10.963
9436	11.085
9437	10.776
9438	11.249
9439	10.958
9440	11.422
9441	11.44
9442	11.155
9443	11.077
9444	11.689
9445	11.38
9446	11.905
9447	11.592
9448	12.077
9449	12.238
9450	11.773
9451	12.141
9452	11.914
9453	12.189
9454	11.947
9455	12.324
9456	12.353
9457	12.071
9458	12.381
9459	12.568
9460	12.272
9461	12.638
9462	12.979
9463	12.77
9464	12.666
9465	13.227
9466	12.883
9467	13.459
9468	13.127
9469	13.767
9470	13.457
9471	13.625
9472	13.945
9473	13.615
9474	14.145
9475	13.811
9476	14.508
9477	14.177
9478	14.342
9479	14.724
9480	14.654
9481	14.311
9482	14.838
9483	14.485
9484	15.257
9485	15.049
9486	14.886
9487	15.411
9488	15.075
9489	15.662
9490	15.793
9491	15.188
9492	15.312
9493	16.3
9494	15.838
9495	16.502
9496	16.044
9497	16.846
9498	16.168
9499	16.445
9500	17.304
9501	17.048
9502	17.647
9503	17.416
9504	16.903
9505	17.903
9506	17.617
9507	16.997
9508	17.105
9509	18.81
9510	17.456
9511	17.972
9512	18.346
9513	18.994
9514	19.059
9515	18.526
9516	19.615
9517	19.091
9518	19.402
9519	19.83
9520	19.284
9521	20.148
9522	20.008
9523	19.511
9524	20.164
9525	19.661
9526	20.479
9527	20.334
9528	19.838
9529	20.671
9530	20.443
9531	20.028
9532	20.8
9533	20.554
9534	20.098
9535	20.864
9536	20.719
9537	20.262
9538	20.945
9539	20.783
9540	20.44
9541	20.86
9542	20.438
9543	21.139
9544	20.994
9545	20.593
9546	21.293
9547	21.065
9548	20.706
9549	21.376
9550	21.159
9551	21.429
9552	20.766
9553	21.266
9554	20.881
9555	21.582
9556	21.304
9557	20.997
9558	21.326
9559	20.985
9560	21.615
9561	21.39
9562	21.054
9563	21.651
9564	21.429
9565	21.119
9566	21.712
9567	21.445
9568	21.134
9569	21.727
9570	21.426
9571	21.17
9572	21.365
9573	21.133
9574	21.3
9575	21.093
9576	21.056
9577	21.145
9578	21.299
9579	21.838
9580	21.588
9581	21.575
9582	21.327
9583	21.572
9584	21.556
9585	21.33
9586	21.801
9587	21.549
9588	21.306
9589	21.755
9590	21.542
9591	21.322
9592	21.784
9593	21.513
9594	21.749
9595	21.295
9596	21.469
9597	21.287
9598	21.399
9599	21.225
9600	21.321
9601	21.163
9602	21.181
9603	21.113
9604	21.287
9605	21.692
9606	21.453
9607	21.421
9608	21.223
9609	21.425
9610	21.398
9611	21.198
9612	21.595
9613	21.38
9614	21.177
9615	21.576
9616	21.361
9617	21.18
9618	21.557
9619	21.323
9620	21.539
9621	21.141
9622	21.258
9623	21.101
9624	21.173
9625	21.031
9626	21.078
9627	20.955
9628	20.921
9629	20.886
9630	21.196
9631	21.02
9632	21.42
9633	21.182
9634	20.972
9635	21.37
9636	20.973
9637	21.226
9638	21.009
9639	21.219
9640	21.037
9641	21.439
9642	21.17
9643	21.387
9644	20.978
9645	21.138
9646	20.96
9647	21.343
9648	21.123
9649	20.924
9650	21.1
9651	20.933
9652	21.306
9653	20.893
9654	21.04
9655	20.865
9656	21.05
9657	21.236
9658	21.045
9659	20.835
9660	21.037
9661	21.226
9662	21.05
9663	20.862
9664	21.018
9665	20.828
9666	21.226
9667	20.992
9668	20.807
9669	21.193
9670	20.96
9671	20.782
9672	20.911
9673	20.752
9674	21.13
9675	20.837
9676	20.702
9677	20.952
9678	20.687
9679	20.636
9680	21.046
9681	21.272
9682	20.942
9683	20.78
9684	20.713
9685	20.729
9686	20.928
9687	21.111
9688	20.948
9689	20.757
9690	20.948
9691	21.141
9692	20.754
9693	20.959
9694	20.94
9695	20.738
9696	20.952
9697	20.935
9698	21.137
9699	20.752
9700	20.932
9701	20.729
9702	21.107
9703	20.976
9704	20.732
9705	20.955
9706	20.798
9707	20.899
9708	20.696
9709	20.685
9710	20.911
9711	20.707
9712	20.91
9713	20.716
9714	21.11
9715	20.912
9716	20.703
9717	21.114
9718	20.72
9719	20.924
9720	20.726
9721	21.116
9722	20.925
9723	20.724
9724	21.125
9725	20.934
9726	20.723
9727	20.949
9728	20.74
9729	21.139
9730	20.976
9731	20.753
9732	21.153
9733	20.781
9734	21.2
9735	20.913
9736	20.71
9737	21.089
9738	20.93
9739	20.72
9740	21.116
9741	20.938
9742	20.735
9743	21.135
9744	20.734
9745	20.93
9746	20.9
9747	20.7
9748	20.906
9749	21.099
9750	20.911
9751	20.706
9752	20.92
9753	20.714
9754	21.132
9755	20.933
9756	20.72
9757	20.736
9758	21.15
9759	21.163
9760	20.961
9761	20.741
9762	20.928
9763	20.945
9764	20.727
9765	21.01
9766	20.736
9767	21.123
9768	21.279
9769	21.033
9770	20.847
9771	21.153
9772	20.963
9773	20.737
9774	20.956
9775	20.975
9776	20.764
9777	21.171
9778	20.96
9779	20.769
9780	20.955
9781	20.956
9782	20.769
9783	20.933
9784	20.738
9785	21.143
9786	20.923
9787	20.711
9788	21.118
9789	20.864
9790	20.667
9791	21.056
9792	20.891
9793	20.889
9794	20.66
9795	21.058
9796	20.924
9797	21.112
9798	20.699
9799	20.945
9800	20.747
9801	20.951
9802	20.914
9803	20.695
9804	20.693
9805	20.915
9806	20.681
9807	20.915
9808	1.6808
9809	1.5075
9810	1.2142
9811	21.318
9812	21.113
9813	21.533
9814	5.1342
9815	5.5067
9816	5.5387
9817	5.9345
9818	21.511
9819	21.31
9820	21.102
9821	20.681
9822	20.478
9823	20.465
9824	20.246
9825	20.896
9826	0.69497
9827	0.90094
9828	0.98536
9829	3.7081
9830	4.1147
9831	3.8936
9832	4.8013
9833	4.4166
9834	4.7967
9835	20.476
9836	20.47
9837	20.244
9838	20.284
9839	20.482
9840	20.475
9841	20.263
9842	20.261
9843	20.704
9844	20.498
9845	20.522
9846	20.299
9847	20.254
9848	20.302
9849	20.726
9850	20.501
9851	20.463
9852	20.49
9853	20.266
9854	20.238
9855	20.471
9856	20.302
9857	20.715
9858	20.502
9859	20.321
9860	20.516
9861	20.552
9862	20.325
9863	20.74
9864	20.548
9865	20.552
9866	20.315
9867	20.549
9868	20.548
9869	20.349
9870	20.772
9871	20.554
9872	20.562
9873	20.358
9874	20.55
9875	20.54
9876	20.759
9877	20.331
9878	20.757
9879	20.572
9880	20.531
9881	20.329
9882	20.573
9883	20.534
9884	20.327
9885	20.75
9886	20.53
9887	20.532
9888	20.536
9889	20.523
9890	20.329
9891	20.343
9892	20.533
9893	20.514
9894	20.312
9895	20.509
9896	20.306
9897	20.515
9898	20.307
9899	20.506
9900	20.515
9901	20.309
9902	20.518
9903	20.714
9904	20.329
9905	20.721
9906	20.526
9907	20.325
9908	20.532
9909	20.518
9910	20.305
9911	20.516
9912	20.323
9913	20.559
9914	20.36
9915	20.542
9916	20.544
9917	20.328
9918	20.529
9919	20.339
9920	20.527
9921	20.316
9922	20.522
9923	20.517
9924	20.293
9925	20.51
9926	20.321
9927	20.508
9928	20.3
9929	20.51
9930	20.31
9931	20.512
9932	20.486
9933	20.539
9934	20.31
9935	20.284
9936	20.493
9937	20.554
9938	20.33
9939	20.53
9940	20.359
9941	20.34
9942	20.562
9943	20.55
9944	20.562
9945	20.365
9946	20.56
9947	20.352
9948	20.57
9949	20.537
9950	20.316
9951	20.536
9952	20.568
9953	20.532
9954	20.373
9955	20.352
9956	20.501
9957	20.543
9958	20.338
9959	20.311
9960	20.574
9961	20.597
9962	20.389
9963	20.376
9964	20.617
9965	20.64
9966	20.423
9967	20.421
9968	20.651
9969	20.437
9970	20.653
9971	20.449
9972	20.67
9973	20.479
9974	20.67
9975	20.641
9976	20.432
9977	20.63
9978	20.81
9979	20.465
9980	20.727
9981	20.509
9982	20.673
9983	20.734
9984	20.745
9985	20.532
9986	20.54
9987	20.571
9988	20.768
9989	20.621
9990	20.796
9991	20.82
9992	20.593
9993	20.783
9994	20.799
9995	20.615
9996	20.797
9997	20.775
9998	20.609
9999	20.813
10000	20.763
10001	20.703
10002	20.875
10003	20.92
10004	20.769
10005	20.977
10006	20.96
10007	20.777
10008	20.977
10009	21.
10010	20.782
10011	20.991
10012	21.
10013	21.202
10014	20.858
10015	21.036
10016	21.012
10017	20.765
10018	20.989
10019	20.955
10020	20.838
10021	21.043
10022	21.069
10023	20.862
10024	21.08
10025	21.075
10026	20.848
10027	21.08
10028	21.082
10029	20.794
10030	21.065
10031	21.061
10032	21.306
10033	20.938
10034	20.85
10035	20.62
10036	20.752
10037	21.055
10038	20.861
10039	20.877
10040	20.604
10041	20.604
10042	20.616
10043	20.86
10044	20.509
10045	20.783
10046	20.825
10047	20.338
10048	20.713
10049	20.678
10050	20.231
10051	20.487
10052	20.612
10053	20.022
10054	20.407
10055	20.304
10056	19.75
10057	20.095
10058	20.17
10059	19.504
10060	19.983
10061	19.805
10062	19.225
10063	19.531
10064	19.683
10065	18.842
10066	19.334
10067	19.163
10068	18.76
10069	18.539
10070	18.242
10071	18.407
10072	18.965
10073	18.202
10074	17.818
10075	17.642
10076	17.982
10077	18.85
10078	17.512
10079	17.251
10080	17.01
10081	17.767
10082	17.255
10083	17.998
10084	16.733
10085	16.945
10086	16.14
10087	16.484
10088	16.662
10089	15.706
10090	15.357
10091	15.236
10092	15.535
10093	16.138
10094	15.039
10095	14.852
10096	14.67
10097	14.904
10098	14.521
10099	14.704
10100	14.169
10101	14.684
10102	14.331
10103	14.522
10104	13.98
10105	13.823
10106	13.665
10107	13.809
10108	14.142
10109	13.492
10110	13.988
10111	13.655
10112	13.147
10113	12.986
10114	13.304
10115	12.832
10116	13.315
10117	12.983
10118	12.453
10119	12.783
10120	12.57
10121	12.074
10122	12.476
10123	12.18
10124	12.372
10125	11.83
10126	11.72
10127	11.566
10128	11.707
10129	11.99
10130	11.457
10131	11.611
10132	11.155
10133	11.282
10134	11.459
10135	10.797
10136	10.921
10137	11.094
10138	10.515
10139	10.786
10140	10.65
10141	10.297
10142	10.119
10143	10.016
10144	10.191
10145	10.48
10146	9.855
10147	9.9578
10148	9.5537
10149	9.8823
10150	9.8023
10151	9.6341
10152	9.2367
10153	9.3008
10154	9.4613
10155	9.0046
10156	8.8724
10157	8.8221
10158	9.0371
10159	8.9538
10160	9.1889
10161	9.1496
10162	8.7045
10163	8.7543
10164	8.4861
10165	8.6653
10166	8.5179
10167	8.6382
10168	8.2672
10169	8.2858
10170	8.3973
10171	8.0859
10172	8.1856
10173	8.1905
10174	8.0922
10175	7.9311
10176	7.9187
10177	8.0033
10178	7.8031
10179	7.8422
10180	7.7762
10181	7.8008
10182	7.7147
10183	7.7205
10184	7.6716
10185	7.605
10186	7.592
10187	7.6515
10188	7.6614
10189	7.5601
10190	7.6322
10191	7.5972
10192	7.6246
10193	7.681
10194	7.6578
10195	7.6755
10196	7.7453
10197	7.7914
10198	7.6009
10199	7.7262
10200	7.543
10201	7.875
10202	7.8345
10203	8.1411
10204	8.1504
10205	7.895
10206	7.9633
10207	8.7725
10208	9.2728
10209	9.0738
10210	8.6564
10211	8.4106
10212	9.6745
10213	9.9786
10214	11.868
10215	10.803
10216	11.597
10217	12.131
10218	11.213
10219	13.433
10220	10.82
10221	13.749
10222	12.276
10223	10.267
10224	9.3555
10225	9.9771
10226	11.353
10227	8.5832
10228	8.0148
10229	8.3089
10230	8.9976
10231	7.8023
10232	7.5823
10233	7.1032
10234	6.9751
10235	7.2454
10236	6.6351
10237	6.7525
10238	6.5674
10239	6.3037
10240	6.2955
10241	6.4158
10242	6.1182
10243	6.0217
10244	5.979
10245	6.076
10246	6.243
10247	6.2006
10248	5.9021
10249	5.8047
10250	5.7424
10251	5.8637
10252	5.814
10253	5.8915
10254	5.7018
10255	5.6679
10256	5.9449
10257	5.9688
10258	5.7449
10259	5.7329
10260	6.1109
10261	5.7373
10262	5.9822
10263	5.7321
10264	6.0224
10265	5.9957
10266	5.7911
10267	6.1348
10268	6.0711
10269	5.8293
10270	6.1344
10271	6.1606
10272	6.48
10273	5.8196
10274	6.1203
10275	6.1716
10276	6.0308
10277	6.4659
10278	6.3016
10279	6.2949
10280	6.6243
10281	6.7646
10282	6.5088
10283	6.9994
10284	7.3767
10285	6.8833
10286	6.7241
10287	7.1131
10288	7.5962
10289	7.2398
10290	7.4926
10291	7.6818
10292	7.1135
10293	6.9655
10294	7.3655
10295	7.8761
10296	8.044
10297	7.4641
10298	7.3065
10299	8.2008
10300	8.3074
10301	7.7612
10302	7.622
10303	8.6476
10304	7.8482
10305	8.3329
10306	8.6449
10307	8.8963
10308	8.2929
10309	8.0581
10310	8.4176
10311	8.5089
10312	9.1101
10313	8.8571
10314	9.8738
10315	9.4565
10316	9.2858
10317	9.2146
10318	9.6368
10319	9.8158
10320	9.5293
10321	9.9673
10322	10.104
10323	10.488
10324	10.723
10325	10.098
10326	9.8832
10327	10.277
10328	10.327
10329	10.94
10330	11.37
10331	10.506
10332	10.985
10333	11.035
10334	10.943
10335	11.542
10336	11.269
10337	11.397
10338	11.998
10339	11.778
10340	12.705
10341	13.248
10342	12.416
10343	11.976
10344	12.293
10345	13.921
10346	13.582
10347	14.703
10348	12.955
10349	14.991
10350	15.847
10351	15.58
10352	16.279
10353	16.502
10354	15.701
10355	15.579
10356	16.093
10357	16.025
10358	17.305
10359	16.823
10360	17.217
10361	17.374
10362	16.767
10363	16.55
10364	17.044
10365	17.495
10366	17.569
10367	17.084
10368	16.938
10369	17.183
10370	17.65
10371	17.768
10372	17.757
10373	17.471
10374	17.411
10375	17.737
10376	17.475
10377	17.729
10378	17.451
10379	17.684
10380	17.571
10381	17.261
10382	17.114
10383	17.077
10384	17.24
10385	17.22
10386	17.422
10387	16.951
10388	17.177
10389	16.995
10390	16.725
10391	16.776
10392	16.882
10393	16.581
10394	16.687
10395	16.608
10396	16.45
10397	16.371
10398	16.392
10399	16.454
10400	16.53
10401	16.317
10402	16.278
10403	16.022
10404	16.16
10405	16.107
10406	15.719
10407	15.559
10408	15.695
10409	15.844
10410	15.876
10411	15.554
10412	15.393
10413	15.032
10414	15.212
10415	15.204
10416	14.838
10417	14.854
10418	14.652
10419	14.399
10420	14.421
10421	14.173
10422	13.733
10423	13.492
10424	13.731
10425	13.959
10426	13.944
10427	13.243
10428	13.011
10429	13.246
10430	13.474
10431	12.763
10432	12.486
10433	12.72
10434	12.993
10435	12.191
10436	11.892
10437	12.151
10438	12.451
10439	11.839
10440	11.592
10441	10.943
10442	10.619
10443	10.878
10444	11.23
10445	11.269
10446	11.004
10447	10.295
10448	9.9949
10449	10.278
10450	10.026
10451	10.574
10452	9.726
10453	9.4455
10454	9.628
10455	9.9379
10456	9.7521
10457	9.1398
10458	8.8426
10459	9.1136
10460	9.3448
10461	8.7225
10462	8.5546
10463	8.0155
10464	7.7326
10465	7.8772
10466	8.2549
10467	8.2814
10468	7.4069
10469	7.0475
10470	7.2917
10471	7.576
10472	6.9962
10473	6.7011
10474	6.1753
10475	6.3633
10476	5.9734
10477	5.1724
10478	4.738
10479	4.9012
10480	5.4506
10481	5.5574
10482	4.4903
10483	4.2336
10484	3.3088
10485	3.7731
10486	3.3321
10487	2.7305
10488	2.5912
10489	2.9299
10490	1.9816
10491	2.2111
10492	1.7211
10493	0.92593
10494	0.39411
10495	1.0781
10496	0.74231
10497	-1.4151
10498	-2.6334
10499	-1.5848
10500	-0.73659
10501	-0.38224
10502	-3.0789
10503	-4.142
10504	-6.9038
10505	-6.1061
10506	-8.313
10507	-13.195
10508	-12.734
10509	-10.557
10510	-17.464
10511	-14.142
10512	-14.028
10513	-14.164
10514	-11.137
10515	-12.836
10516	-10.562
10517	-7.2111
10518	-5.4472
10519	-7.115
10520	-8.987
10521	-9.1562
10522	-5.7772
10523	-3.6601
10524	-3.6648
10525	-1.2656
10526	-0.17087
10527	-1.8265
10528	2.3287
10529	2.4824
10530	1.3363
10531	2.1374
10532	3.6067
10533	3.8287
10534	3.862
10535	3.6261
10536	3.1802
10537	3.9675
10538	3.9143
10539	3.8746
10540	3.9033
10541	3.8264
10542	3.9249
10543	3.5567
10544	3.6952
10545	3.7056
10546	3.5291
10547	3.1464
10548	3.3501
10549	3.153
10550	2.6902
10551	2.969
10552	2.7223
10553	2.938
10554	2.2314
10555	2.2784
10556	2.5031
10557	1.7983
10558	2.0735
10559	1.8815
10560	1.4859
10561	1.2962
10562	1.1746
10563	1.6148
10564	1.3684
10565	1.6791
10566	1.7846
10567	0.96423
10568	1.111
10569	1.42
10570	0.62543
10571	0.95849
10572	1.151
10573	0.82912
10574	0.31869
10575	0.53146
10576	0.84173
10577	0.67788
10578	3.8385e-002
10579	0.24189
10580	0.39712
10581	9.17e-002
10582	6.0962e-002
10583	-0.23269
10584	-0.21942
10585	0.12567
10586	1.8638e-002
10587	-1.4862e-003
10588	-0.33236
10589	-0.33664
10590	0.34024
10591	-0.37636
10592	-7.4281e-002
10593	-0.46164
10594	-0.12786
10595	-0.15642
10596	-0.49764
10597	-0.16538
10598	-0.17064
10599	-0.5426
10600	-0.18524
10601	-0.1739
10602	-0.20209
10603	-0.20994
10604	-0.55294
10605	-0.60128
10606	0.11296
10607	-0.19262
10608	-0.6178
10609	-0.24499
10610	-0.66562
10611	-0.31034
10612	-0.28017
10613	-0.68548
10614	-0.32063
10615	0.10014
10616	-0.31797
10617	-0.67144
10618	-0.29534
10619	-0.30694
10620	-0.67323
10621	-0.31217
10622	-0.32001
10623	-0.69732
10624	-0.34168
10625	-0.32273
10626	6.4071e-002
10627	-0.3251
10628	-0.34151
10629	-0.69751
10630	-0.72798
10631	-0.33325
10632	-0.7527
10633	-0.3788
10634	-0.7731
10635	-0.3776
10636	-0.39291
10637	-0.82453
10638	-0.42649
10639	-0.42066
10640	-0.46664
10641	-0.46911
10642	-0.84765
10643	-0.82817
10644	-0.4195
10645	-0.46418
10646	-0.46703
10647	-0.84038
10648	-0.80398
10649	-0.47059
10650	-0.48541
10651	-0.83946
10652	-0.82403
10653	-0.81538
10654	-0.50443
10655	-0.86946
10656	-0.54854
10657	-0.51736
10658	-0.90392
10659	-0.57273
10660	-0.56829
10661	-0.92154
10662	-0.5881
10663	-0.57925
10664	-0.54736
10665	-0.53947
10666	-0.88548
10667	-0.88165
10668	-0.5583
10669	-0.84005
10670	-0.54536
10671	-0.85746
10672	-0.55408
10673	-0.51924
10674	-0.76362
10675	-0.44321
10676	-0.15251
10677	-0.47063
10678	-0.72301
10679	-0.40829
10680	-0.4311
10681	-0.58677
10682	-0.2567
10683	-0.30956
10684	-9.6587e-002
10685	-5.7895e-002
10686	-0.37368
10687	0.18997
10688	-0.41191
10689	-0.15893
10690	-0.31701
10691	2.7856e-002
10692	-9.2839e-002
10693	0.22848
10694	0.43951
10695	0.13262
10696	0.10469
10697	0.3326
10698	0.40448
10699	21.727
10700	21.715
10701	21.918
10702	20.483
10703	20.245
10704	20.68
10705	0.56127
10706	0.19178
10707	0.51114
10708	0.82227
10709	21.108
10710	20.702
10711	20.899
10712	20.903
10713	21.514
10714	21.303
10715	6.3666
10716	5.9441
10717	6.3596
10718	5.9798
10719	3.7175
10720	3.7627
10721	3.7925
10722	3.8198
10723	21.738
10724	21.936
10725	21.713
10726	21.945
10727	21.711
10728	21.903
10729	21.735
10730	21.93
10731	21.743
10732	21.933
10733	21.775
10734	21.94
10735	21.802
10736	21.977
10737	21.773
10738	21.978
10739	21.733
10740	21.932
10741	21.706
10742	21.92
10743	21.517
10744	21.716
10745	21.903
10746	21.47
10747	21.731
10748	21.934
10749	21.538
10750	21.731
10751	21.916
10752	21.516
10753	21.752
10754	21.939
10755	21.543
10756	21.753
10757	21.97
10758	21.752
10759	21.943
10760	21.55
10761	21.754
10762	21.953
10763	21.563
10764	21.753
10765	21.944
10766	21.556
10767	21.77
10768	21.947
10769	21.77
10770	21.966
10771	21.768
10772	21.95
10773	21.556
10774	21.766
10775	21.964
10776	21.577
10777	21.761
10778	21.951
10779	21.556
10780	21.785
10781	21.955
10782	21.569
10783	21.768
10784	21.979
10785	21.637
10786	21.707
10787	21.93
10788	21.523
10789	21.719
10790	21.899
10791	21.757
10792	21.953
10793	21.567
10794	21.762
10795	21.95
10796	21.562
10797	21.752
10798	21.955
10799	21.721
10800	21.929
10801	21.549
10802	21.716
10803	21.909
10804	21.724
10805	21.932
10806	21.54
10807	21.714
10808	21.918
10809	21.717
10810	21.905
10811	21.506
10812	21.723
10813	21.925
10814	21.524
10815	21.719
10816	21.918
10817	21.524
10818	21.722
10819	21.914
10820	21.724
10821	21.934
10822	21.53
10823	21.701
10824	21.907
10825	21.516
10826	21.71
10827	21.89
10828	21.478
10829	21.746
10830	21.936
10831	21.539
10832	21.737
10833	21.935
10834	21.579
10835	21.723
10836	21.905
10837	21.535
10838	21.716
10839	21.913
10840	21.53
10841	21.715
10842	21.892
10843	21.71
10844	21.908
10845	21.524
10846	21.709
10847	21.881
10848	21.504
10849	21.713
10850	21.907
10851	21.508
10852	21.717
10853	21.899
10854	21.712
10855	21.909
10856	21.527
10857	21.702
10858	21.881
10859	21.499
10860	21.727
10861	21.897
10862	21.75
10863	21.926
10864	21.746
10865	21.94
10866	21.92
10867	21.718
10868	21.71
10869	21.884
10870	21.486
10871	21.69
10872	21.727
10873	21.935
10874	21.534
10875	21.723
10876	21.908
10877	21.713
10878	21.92
10879	21.703
10880	21.891
10881	21.721
10882	21.889
10883	21.522
10884	21.728
10885	21.93
10886	21.738
10887	21.915
10888	21.519
10889	21.761
10890	21.946
10891	21.707
10892	21.941
10893	21.599
10894	21.679
10895	21.864
10896	21.538
10897	21.728
10898	21.906
10899	21.517
10900	21.742
10901	21.939
10902	21.759
10903	21.932
10904	21.562
10905	21.803
10906	21.953
10907	21.597
10908	21.832
10909	21.998
10910	21.821
10911	22.003
10912	21.805
10913	21.988
10914	21.618
10915	21.799
10916	21.988
10917	21.615
10918	21.802
10919	21.984
10920	21.609
10921	21.81
10922	21.999
10923	21.827
10924	22.002
10925	21.599
10926	21.85
10927	22.032
10928	21.88
10929	22.045
10930	21.673
10931	21.907
10932	22.093
10933	21.922
10934	22.09
10935	21.721
10936	21.957
10937	22.113
10938	21.76
10939	21.983
10940	22.153
10941	21.804
10942	21.968
10943	22.167
10944	21.808
10945	21.954
10946	22.14
10947	21.974
10948	22.152
10949	21.769
10950	22.017
10951	22.18
10952	21.799
10953	22.072
10954	22.235
10955	21.863
10956	22.049
10957	22.266
10958	21.932
10959	22.033
10960	22.213
10961	21.883
10962	22.091
10963	22.265
10964	22.114
10965	22.302
10966	21.922
10967	22.13
10968	22.308
10969	21.927
10970	22.17
10971	22.338
10972	21.957
10973	22.214
10974	22.385
10975	21.985
10976	22.24
10977	22.447
10978	22.25
10979	22.442
10980	22.04
10981	22.286
10982	22.464
10983	22.049
10984	22.342
10985	22.518
10986	22.101
10987	22.389
10988	22.562
10989	22.182
10990	22.359
10991	22.594
10992	22.245
10993	22.349
10994	22.545
10995	22.197
10996	22.401
10997	22.601
10998	22.444
10999	22.625
11000	22.194
11001	22.469
11002	22.684
11003	22.241
11004	22.48
11005	22.689
11006	22.219
11007	22.498
11008	22.719
11009	22.261
11010	22.52
11011	22.724
11012	22.553
11013	22.777
11014	22.289
11015	22.574
11016	22.804
11017	22.338
11018	22.602
11019	22.822
11020	22.342
11021	22.679
11022	22.863
11023	22.401
11024	22.878
11025	22.943
11026	22.498
11027	22.739
11028	22.571
11029	22.816
11030	22.585
11031	22.867
11032	22.31
11033	22.55
11034	22.855
11035	22.284
11036	22.527
11037	22.831
11038	22.239
11039	22.556
11040	22.823
11041	22.228
11042	22.562
11043	22.869
11044	22.506
11045	22.831
11046	22.421
11047	22.786
11048	22.21
11049	22.384
11050	22.705
11051	22.062
11052	22.352
11053	22.717
11054	22.062
11055	22.293
11056	22.645
11057	21.965
11058	22.21
11059	22.642
11060	21.9
11061	22.076
11062	22.497
11063	21.987
11064	22.394
11065	21.636
11066	21.913
11067	22.327
11068	21.572
11069	21.815
11070	22.243
11071	21.477
11072	21.677
11073	22.13
11074	21.324
11075	21.505
11076	21.98
11077	21.332
11078	21.821
11079	20.999
11080	21.18
11081	21.646
11082	21.061
11083	21.53
11084	20.916
11085	21.396
11086	20.699
11087	21.258
11088	20.454
11089	20.449
11090	20.986
11091	20.762
11092	20.236
11093	19.822
11094	20.308
11095	20.011
11096	20.175
11097	19.756
11098	19.604
11099	19.912
11100	19.679
11101	19.779
11102	19.45
11103	19.081
11104	19.407
11105	19.255
11106	18.93
11107	19.25
11108	18.775
11109	19.094
11110	18.614
11111	18.605
11112	18.929
11113	18.749
11114	18.414
11115	18.277
11116	17.99
11117	18.34
11118	17.851
11119	18.204
11120	17.772
11121	18.13
11122	17.631
11123	17.579
11124	17.916
11125	17.397
11126	17.405
11127	17.737
11128	17.208
11129	17.199
11130	17.543
11131	17.117
11132	17.002
11133	17.322
11134	16.828
11135	17.138
11136	16.624
11137	16.94
11138	16.397
11139	16.711
11140	16.183
11141	16.483
11142	15.97
11143	16.267
11144	15.716
11145	16.032
11146	15.755
11147	15.429
11148	14.895
11149	15.203
11150	15.146
11151	14.664
11152	14.962
11153	14.403
11154	14.709
11155	14.121
11156	14.424
11157	13.839
11158	14.142
11159	13.55
11160	13.854
11161	13.278
11162	13.562
11163	13.243
11164	13.019
11165	13.292
11166	12.724
11167	13.008
11168	12.387
11169	12.684
11170	12.046
11171	12.346
11172	11.717
11173	12.014
11174	11.416
11175	11.69
11176	11.141
11177	11.394
11178	10.843
11179	11.097
11180	10.511
11181	10.766
11182	10.425
11183	10.171
11184	9.4989
11185	9.7354
11186	9.8311
11187	9.1685
11188	9.397
11189	8.8282
11190	9.0522
11191	8.4808
11192	8.6989
11193	8.1291
11194	8.3415
11195	7.7764
11196	7.9812
11197	7.439
11198	7.6239
11199	7.5721
11200	7.1344
11201	7.2839
11202	6.8371
11203	6.9641
11204	6.5175
11205	6.6321
11206	6.188
11207	6.2861
11208	5.8581
11209	5.9402
11210	5.5362
11211	5.5928
11212	5.2745
11213	5.2553
11214	4.9822
11215	4.6255
11216	4.5632
11217	4.763
11218	4.3961
11219	4.311
11220	4.1377
11221	4.0381
11222	3.8787
11223	3.7479
11224	3.6408
11225	3.478
11226	3.4279
11227	3.2318
11228	3.0149
11229	3.2458
11230	2.9443
11231	2.6826
11232	3.0897
11233	2.5463
11234	2.8424
11235	3.1721
11236	2.8021
11237	2.4955
11238	2.8174
11239	2.6053
11240	2.4935
11241	3.0739
11242	3.0777
11243	2.7428
11244	2.6884
11245	3.157
11246	3.324
11247	3.0264
11248	3.5385
11249	3.3192
11250	3.6063
11251	3.7
11252	3.6109
11253	3.7298
11254	3.6311
11255	3.7184
11256	3.5884
11257	3.5479
11258	3.4138
11259	3.7334
11260	3.4617
11261	3.271
11262	3.3805
11263	3.1487
11264	3.3411
11265	3.0638
11266	3.0517
11267	3.3728
11268	3.2347
11269	3.6068
11270	3.4634
11271	4.0356
11272	3.648
11273	3.8059
11274	4.1688
11275	4.2812
11276	3.9017
11277	4.3936
11278	4.5497
11279	4.1797
11280	4.8423
11281	4.4854
11282	4.8902
11283	4.8136
11284	5.1494
11285	5.7447
11286	5.4806
11287	5.4538
11288	6.0539
11289	5.811
11290	6.3983
11291	6.1746
11292	6.7558
11293	6.5502
11294	7.1188
11295	6.9321
11296	6.9494
11297	7.4729
11298	7.3156
11299	7.3126
11300	7.8222
11301	7.6848
11302	8.1501
11303	8.0626
11304	7.9988
11305	8.425
11306	8.4054
11307	8.1487
11308	8.7011
11309	8.7042
11310	9.0186
11311	9.0341
11312	8.652
11313	9.3812
11314	9.3894
11315	9.783
11316	9.3874
11317	9.7605
11318	11.086
11319	11.171
11320	10.716
11321	11.476
11322	11.559
11323	11.018
11324	11.812
11325	11.939
11326	12.074
11327	12.256
11328	12.528
11329	12.326
11330	12.969
11331	13.145
11332	12.622
11333	13.346
11334	13.507
11335	13.874
11336	13.68
11337	14.26
11338	14.453
11339	13.949
11340	14.712
11341	14.805
11342	14.086
11343	15.269
11344	14.762
11345	15.098
11346	15.702
11347	15.273
11348	15.402
11349	15.883
11350	16.146
11351	15.604
11352	16.189
11353	16.442
11354	16.735
11355	16.445
11356	17.092
11357	16.59
11358	16.704
11359	17.136
11360	17.499
11361	16.896
11362	17.389
11363	17.737
11364	16.756
11365	17.991
11366	17.037
11367	17.701
11368	18.223
11369	18.551
11370	17.642
11371	18.005
11372	18.425
11373	18.746
11374	17.887
11375	18.636
11376	18.955
11377	19.158
11378	18.299
11379	18.839
11380	19.272
11381	19.582
11382	19.065
11383	19.397
11384	19.746
11385	19.449
11386	19.852
11387	19.552
11388	19.911
11389	19.753
11390	20.083
11391	19.955
11392	20.272
11393	19.439
11394	20.111
11395	20.45
11396	20.201
11397	20.571
11398	20.278
11399	20.649
11400	20.355
11401	20.74
11402	19.903
11403	20.409
11404	20.815
11405	19.948
11406	20.427
11407	20.878
11408	19.998
11409	20.203
11410	20.881
11411	20.618
11412	19.951
11413	19.897
11414	20.544
11415	19.871
11416	20.119
11417	20.662
11418	19.235
11419	20.211
11420	20.909
11421	20.89
11422	19.49
11423	20.207
11424	20.842
11425	20.276
11426	20.894
11427	20.333
11428	20.873
11429	19.662
11430	20.395
11431	20.942
11432	20.425
11433	20.937
11434	19.867
11435	20.388
11436	20.917
11437	19.892
11438	20.793
11439	20.307
11440	19.864
11441	20.653
11442	19.814
11443	20.272
11444	20.171
11445	19.847
11446	20.298
11447	19.57
11448	20.001
11449	19.677
11450	20.097
11451	19.424
11452	19.473
11453	19.908
11454	19.293
11455	19.257
11456	19.643
11457	19.098
11458	19.034
11459	19.406
11460	18.833
11461	19.15
11462	18.669
11463	18.656
11464	18.95
11465	18.465
11466	18.73
11467	18.297
11468	18.528
11469	18.122
11470	18.346
11471	18.059
11472	17.901
11473	18.132
11474	17.963
11475	17.643
11476	17.874
11477	17.681
11478	17.373
11479	17.6
11480	17.436
11481	17.099
11482	17.316
11483	16.831
11484	17.029
11485	16.573
11486	16.749
11487	16.609
11488	16.298
11489	16.464
11490	16.481
11491	15.988
11492	16.154
11493	15.656
11494	15.822
11495	15.316
11496	15.48
11497	15.132
11498	14.965
11499	15.162
11500	14.259
11501	14.418
11502	14.61
11503	13.906
11504	14.063
11505	14.119
11506	13.557
11507	13.708
11508	13.226
11509	13.361
11510	13.393
11511	12.925
11512	13.031
11513	13.054
11514	12.636
11515	12.723
11516	12.913
11517	12.414
11518	12.328
11519	11.273
11520	11.386
11521	11.626
11522	11.507
11523	11.05
11524	11.15
11525	10.933
11526	10.333
11527	10.417
11528	10.612
11529	10.45
11530	10.074
11531	10.146
11532	10.323
11533	9.7776
11534	9.8751
11535	9.4493
11536	9.5653
11537	9.6532
11538	9.14
11539	9.2566
11540	9.2977
11541	8.8662
11542	8.9714
11543	8.9588
11544	8.7105
11545	8.8307
11546	8.6083
11547	8.1775
11548	8.334
11549	8.0434
11550	7.4649
11551	7.6277
11552	7.7517
11553	7.1863
11554	7.3604
11555	7.2923
11556	7.0975
11557	6.9125
11558	7.0046
11559	6.3574
11560	6.5709
11561	6.638
11562	6.0693
11563	6.2987
11564	6.1355
11565	5.7726
11566	6.0208
11567	5.4614
11568	5.734
11569	5.5115
11570	5.1376
11571	5.4311
11572	4.7963
11573	5.1188
11574	4.4198
11575	4.782
11576	4.0124
11577	4.4129
11578	4.0542
11579	4.0254
11580	3.594
11581	3.5995
11582	3.2448
11583	2.7454
11584	3.1702
11585	2.6684
11586	1.8648
11587	2.3248
11588	2.4677
11589	1.7132
11590	1.6791
11591	1.3964
11592	1.0052
11593	0.58755
11594	1.17
11595	0.71827
11596	0.85834
11597	1.0848
11598	-6.4863e-002
11599	-0.22039
11600	0.5022
11601	-0.32786
11602	0.18443
11603	0.62069
11604	0.86766
11605	1.2026
11606	1.5559
11607	1.7125
11608	0.58088
11609	2.24
11610	2.3868
11611	2.9299
11612	2.7894
11613	2.1801
11614	3.8225
11615	3.7323
11616	3.2912
11617	4.2517
11618	4.3635
11619	4.0436
11620	4.3708
11621	4.5132
11622	4.4277
11623	4.5715
11624	4.4129
11625	4.6041
11626	4.3043
11627	4.5279
11628	4.3376
11629	4.2387
11630	4.1066
11631	4.3326
11632	4.2367
11633	3.968
11634	4.2024
11635	3.8974
11636	3.8133
11637	4.0606
11638	3.6542
11639	3.8899
11640	3.5715
11641	3.7598
11642	3.4947
11643	3.4498
11644	3.1862
11645	3.3392
11646	2.8979
11647	3.1629
11648	3.037
11649	2.7848
11650	3.0187
11651	2.934
11652	2.6616
11653	2.5141
11654	2.7028
11655	2.248
11656	2.4317
11657	2.5318
11658	2.2722
11659	2.5399
11660	2.3481
11661	2.1722
11662	2.4564
11663	1.9964
11664	2.0684
11665	2.3508
11666	2.0021
11667	2.2957
11668	1.7533
11669	1.9572
11670	2.2398
11671	1.9357
11672	2.2047
11673	1.9012
11674	2.2201
11675	1.8489
11676	2.1415
11677	1.5515
11678	1.8322
11679	2.1046
11680	1.8129
11681	2.1188
11682	1.5324
11683	1.7953
11684	2.0894
11685	1.4944
11686	1.79
11687	2.092
11688	2.0832
11689	1.7777
11690	1.7851
11691	2.1243
11692	1.7873
11693	1.7863
11694	2.0784
11695	1.7734
11696	2.1059
11697	1.4839
11698	2.066
11699	1.432
11700	1.7717
11701	1.7868
11702	2.0542
11703	1.7663
11704	1.795
11705	2.112
11706	1.476
11707	2.1
11708	1.7879
11709	2.094
11710	1.7818
11711	1.7861
11712	1.4447
11713	1.805
11714	2.0873
11715	1.7983
11716	1.8131
11717	2.1261
11718	1.8246
11719	2.1103
11720	1.8168
11721	2.1458
11722	1.4965
11723	1.7956
11724	2.118
11725	2.1308
11726	1.7839
11727	1.4569
11728	2.1208
11729	1.7686
11730	1.4408
11731	1.7792
11732	1.7307
11733	2.0762
11734	1.4106
11735	1.7468
11736	1.727
11737	2.0423
11738	1.7358
11739	2.0577
11740	1.4037
11741	1.7104
11742	2.0475
11743	1.7071
11744	2.0177
11745	1.347
11746	1.7144
11747	2.037
11748	1.729
11749	2.0171
11750	1.368
11751	1.6954
11752	2.0415
11753	1.6643
11754	1.9307
11755	1.3031
11756	1.6433
11757	1.9837
11758	1.3398
11759	1.5756
11760	1.8973
11761	1.2515
11762	1.893
11763	1.5673
11764	1.8476
11765	1.5478
11766	1.5622
11767	1.5335
11768	1.7885
11769	1.5265
11770	1.5215
11771	1.8464
11772	1.22
11773	1.4642
11774	1.7963
11775	1.4454
11776	1.7443
11777	1.4236
11778	1.7538
11779	1.4102
11780	1.716
11781	1.0654
11782	1.7265
11783	1.3897
11784	1.3621
11785	1.6388
11786	1.357
11787	1.0355
11788	1.344
11789	1.6537
11790	1.3284
11791	1.5989
11792	1.3189
11793	1.6195
11794	1.0807
11795	1.5893
11796	1.2657
11797	0.99992
11798	1.5622
11799	0.98764
11800	1.2612
11801	1.2825
11802	1.2947
11803	1.5734
11804	1.2942
11805	1.2873
11806	1.5512
11807	0.9888
11808	1.2973
11809	1.5634
11810	1.2976
11811	1.5573
11812	1.0271
11813	1.3179
11814	1.5511
11815	1.0423
11816	1.3543
11817	1.5807
11818	1.6012
11819	1.4148
11820	1.493
11821	1.7191
11822	1.2596
11823	1.475
11824	1.5023
11825	1.7212
11826	1.2466
11827	1.7404
11828	1.5426
11829	1.6923
11830	1.8523
11831	1.611
11832	1.7838
11833	1.9503
11834	1.5127
11835	1.8665
11836	2.0405
11837	2.1211
11838	1.964
11839	2.318
11840	2.0577
11841	1.8519
11842	2.1528
11843	3.81
11844	3.871
11845	21.933
11846	21.69
11847	20.284
11848	20.505
11849	0.26445
11850	0.86272
11851	2.5083
11852	2.6114
11853	2.4051
11854	2.248
11855	2.2951
11856	2.207
11857	2.1103
11858	2.0399
11859	1.9965
11860	1.7987
11861	1.9593
11862	1.9474
11863	1.9248
11864	1.8671
11865	1.6807
11866	1.8138
11867	1.8275
11868	1.8108
11869	1.8234
11870	1.8273
11871	1.8299
11872	1.8284
11873	1.829
11874	1.5493
11875	1.8385
11876	1.8612
11877	1.5375
11878	1.8899
11879	1.8901
11880	1.9086
11881	1.9304
11882	1.9465
11883	2.0014
11884	1.6646
11885	2.0324
11886	2.0462
11887	2.0527
11888	2.0764
11889	2.1212
11890	2.1014
11891	2.117
11892	2.1548
11893	1.855
11894	2.1771
11895	2.2173
11896	1.8917
11897	2.2146
11898	2.2376
11899	2.2501
11900	2.2768
11901	2.3296
11902	2.3397
11903	2.3477
11904	2.3548
11905	2.3694
11906	2.373
11907	2.3878
11908	2.4086
11909	2.4315
11910	2.0792
11911	2.4199
11912	2.4252
11913	2.0783
11914	2.4532
11915	2.447
11916	2.4314
11917	2.4233
11918	2.4084
11919	2.4067
11920	2.4257
11921	2.1178
11922	2.4344
11923	2.4343
11924	2.1222
11925	2.417
11926	2.3794
11927	2.374
11928	2.4246
11929	2.0862
11930	2.4194
11931	2.1251
11932	2.3985
11933	2.398
11934	2.4176
11935	2.4139
11936	2.3823
11937	2.0769
11938	2.3852
11939	2.3862
11940	2.3954
11941	2.3912
11942	2.3973
11943	2.4604
11944	2.4891
11945	2.4874
11946	2.5334
11947	2.5781
11948	2.635
11949	2.7241
11950	2.7946
11951	2.8739
11952	2.6028
11953	2.9573
11954	3.0587
11955	2.7863
11956	3.1679
11957	3.2837
11958	3.4239
11959	3.5616
11960	3.298
11961	3.7032
11962	3.8578
11963	3.5926
11964	3.9956
11965	4.1372
11966	4.2951
11967	4.4284
11968	4.5526
11969	4.7192
11970	4.647
11971	4.748
11972	4.714
11973	4.625
11974	4.4786
11975	4.2489
11976	4.1587
11977	3.9036
11978	3.5129
11979	3.3723
11980	3.0767
11981	2.5434
11982	2.0475
11983	1.6389
11984	1.3433
11985	1.1986
11986	1.3722
11987	0.36851
11988	1.6673
11989	1.8385
11990	2.0606
11991	1.3867
11992	2.3269
11993	2.0442
11994	2.6472
11995	3.3559
11996	2.8565
11997	2.9994
11998	3.714
11999	4.0707
12000	3.6394
12001	4.4258
12002	4.775
12003	5.4124
12004	5.1045
12005	5.7037
12006	5.9822
12007	6.2502
12008	6.5122
12009	6.7685
12010	7.0207
12011	6.8357
12012	7.2715
12013	7.5232
12014	7.7777
12015	8.0358
12016	7.9017
12017	8.2949
12018	8.5536
12019	8.4514
12020	8.8157
12021	9.088
12022	9.3725
12023	9.6628
12024	9.9477
12025	10.231
12026	10.527
12027	10.839
12028	10.722
12029	11.163
12030	11.496
12031	11.837
12032	11.737
12033	12.174
12034	12.088
12035	12.501
12036	12.829
12037	13.166
12038	13.512
12039	13.865
12040	14.222
12041	14.58
12042	14.938
12043	14.772
12044	15.295
12045	15.646
12046	15.989
12047	16.32
12048	16.639
12049	16.947
12050	17.247
12051	17.544
12052	17.832
12053	18.106
12054	18.356
12055	18.577
12056	18.793
12057	19.023
12058	19.266
12059	19.522
12060	19.791
12061	20.077
12062	20.328
12063	20.549
12064	20.751
12065	20.935
12066	20.453
12067	21.08
12068	21.185
12069	20.699
12070	21.322
12071	21.429
12072	21.484
12073	21.482
12074	21.492
12075	21.528
12076	21.539
12077	21.53
12078	21.433
12079	21.309
12080	21.255
12081	21.25
12082	20.582
12083	21.296
12084	21.331
12085	21.284
12086	21.2
12087	21.111
12088	21.019
12089	20.909
12090	20.767
12091	20.602
12092	20.441
12093	20.314
12094	20.201
12095	20.055
12096	19.87
12097	19.672
12098	19.353
12099	19.477
12100	19.277
12101	19.073
12102	18.854
12103	18.599
12104	18.309
12105	18.339
12106	18.099
12107	17.867
12108	17.652
12109	17.265
12110	17.461
12111	17.25
12112	16.959
12113	16.988
12114	16.705
12115	16.433
12116	16.191
12117	15.891
12118	15.968
12119	15.709
12120	15.538
12121	15.363
12122	14.999
12123	14.683
12124	14.372
12125	14.178
12126	14.035
12127	13.683
12128	13.343
12129	13.023
12130	12.82
12131	12.71
12132	12.383
12133	12.022
12134	11.644
12135	11.277
12136	10.925
12137	10.821
12138	10.568
12139	10.514
12140	10.186
12141	10.163
12142	9.7912
12143	9.4049
12144	9.0372
12145	8.6847
12146	8.3179
12147	7.9251
12148	7.5275
12149	7.1289
12150	6.7265
12151	6.3265
12152	5.5469
12153	5.9318
12154	5.1741
12155	4.8115
12156	5.1473
12157	4.4567
12158	4.1154
12159	3.8002
12160	3.5141
12161	3.2572
12162	3.043
12163	3.4151
12164	2.8871
12165	2.7947
12166	3.1158
12167	2.7744
12168	2.8321
12169	2.958
12170	3.137
12171	3.3711
12172	3.6801
12173	4.059
12174	4.12
12175	3.7818
12176	3.3916
12177	3.0216
12178	2.6915
12179	2.4832
12180	2.317
12181	2.1869
12182	2.1639
12183	2.1896
12184	2.4857
12185	2.2845
12186	2.4256
12187	2.6018
12188	2.8328
12189	2.8187
12190	3.069
12191	3.3472
12192	3.6483
12193	3.953
12194	4.2486
12195	4.5951
12196	4.9629
12197	5.312
12198	5.6749
12199	6.0383
12200	6.4007
12201	6.7591
12202	7.1136
12203	7.4688
12204	7.8288
12205	8.1936
12206	8.5596
12207	8.9228
12208	9.2806
12209	9.6335
12210	9.9846
12211	10.334
12212	10.08
12213	10.68
12214	11.02
12215	11.35
12216	11.668
12217	11.987
12218	12.313
12219	12.643
12220	12.969
12221	13.281
12222	13.576
12223	13.866
12224	14.158
12225	14.446
12226	14.73
12227	15.006
12228	15.269
12229	15.531
12230	15.8
12231	15.475
12232	16.07
12233	16.328
12234	16.567
12235	16.797
12236	17.027
12237	17.25
12238	17.459
12239	17.667
12240	17.876
12241	18.074
12242	18.274
12243	18.48
12244	18.686
12245	18.885
12246	18.55
12247	19.073
12248	19.248
12249	19.414
12250	19.576
12251	19.745
12252	19.921
12253	19.592
12254	20.086
12255	20.227
12256	20.356
12257	19.995
12258	20.499
12259	20.08
12260	20.661
12261	20.894
12262	21.122
12263	20.596
12264	21.3
12265	21.545
12266	21.739
12267	21.866
12268	21.996
12269	22.135
12270	22.297
12271	22.434
12272	22.558
12273	22.656
12274	22.734
12275	22.816
12276	22.929
12277	22.994
12278	23.011
12279	23.039
12280	23.07
12281	23.111
12282	23.137
12283	23.136
12284	23.128
12285	23.136
12286	23.137
12287	23.113
12288	23.058
12289	23.088
12290	23.127
12291	23.083
12292	23.052
12293	23.028
12294	22.982
12295	22.945
12296	22.928
12297	22.904
12298	22.865
12299	22.824
12300	22.797
12301	22.779
12302	22.767
12303	22.738
12304	22.696
12305	22.656
12306	22.649
12307	22.617
12308	22.554
12309	22.516
12310	22.496
12311	22.475
12312	22.444
12313	22.43
12314	22.429
12315	22.398
12316	22.358
12317	22.338
12318	22.339
12319	22.337
12320	22.309
12321	22.282
12322	22.276
12323	22.258
12324	22.227
12325	22.206
12326	22.191
12327	22.181
12328	22.173
12329	22.171
12330	22.171
12331	22.169
12332	22.147
12333	22.126
12334	22.128
12335	22.117
12336	22.091
12337	22.098
12338	22.126
12339	22.123
12340	22.116
12341	22.097
12342	22.078
12343	22.099
12344	22.105
12345	22.116
12346	22.109
12347	22.085
12348	22.093
12349	21.891
12350	22.114
12351	22.117
12352	22.096
12353	22.076
12354	22.078
12355	22.091
12356	22.093
12357	22.079
12358	22.079
12359	22.085
12360	22.09
12361	22.095
12362	22.103
12363	22.125
12364	22.116
12365	22.096
12366	22.116
12367	22.125
12368	22.112
12369	22.12
12370	22.113
12371	22.109
12372	22.126
12373	22.125
12374	22.116
12375	22.132
12376	22.143
12377	22.146
12378	22.133
12379	22.121
12380	22.14
12381	22.149
12382	22.146
12383	22.149
12384	22.147
12385	22.146
12386	22.143
12387	22.138
12388	22.143
12389	22.144
12390	22.16
12391	22.157
12392	22.124
12393	22.118
12394	22.121
12395	22.117
12396	22.12
12397	22.137
12398	22.153
12399	22.142
12400	22.13
12401	22.128
12402	22.122
12403	22.134
12404	22.142
12405	22.127
12406	22.136
12407	22.129
12408	3.7976
12409	4.0048
12410	5.5573
12411	5.2594
12412	21.886
12413	21.479
12414	-0.10504
12415	-0.10387
12416	-9.0317e-002
12417	0.21549
12418	-0.14537
12419	0.15442
12420	-0.23704
12421	-0.33045
12422	-9.1281e-003
12423	-0.42451
12424	-0.54392
12425	-0.19905
12426	-0.6328
12427	-0.689
12428	-0.76228
12429	-0.83937
12430	-0.5093
12431	-0.881
12432	-0.92622
12433	-0.60379
12434	-0.98737
12435	-0.66221
12436	-1.0197
12437	-0.70501
12438	-1.055
12439	-1.0835
12440	-0.76306
12441	-1.1082
12442	-1.1535
12443	-0.81525
12444	-1.1838
12445	-1.1751
12446	-0.88046
12447	-1.1861
12448	-1.2198
12449	-1.2419
12450	-1.2609
12451	-0.91856
12452	-1.2645
12453	-1.2622
12454	-0.93102
12455	-1.2758
12456	-1.2611
12457	-0.94013
12458	-1.2377
12459	-1.1965
12460	-0.88557
12461	-1.1694
12462	-1.1929
12463	-1.1974
12464	-1.1802
12465	-1.1825
12466	-1.2092
12467	-1.1997
12468	-1.1949
12469	-0.79101
12470	-1.1756
12471	-1.1577
12472	-0.77754
12473	-1.138
12474	-1.1164
12475	-0.74251
12476	-1.1087
12477	-1.1004
12478	-1.0694
12479	-1.0403
12480	-0.67468
12481	-1.0755
12482	-0.6822
12483	-1.0855
12484	-0.71814
12485	-1.0912
12486	-0.69011
12487	-1.0983
12488	-0.74271
12489	-1.0938
12490	-1.0725
12491	-0.71924
12492	-1.0809
12493	-1.096
12494	-0.71989
12495	-1.0858
12496	-1.0861
12497	-0.72127
12498	-1.0894
12499	-1.0772
12500	-0.72188
12501	-1.0479
12502	-1.0224
12503	-0.66249
12504	-1.0067
12505	-0.60955
12506	-1.005
12507	-0.63215
12508	-0.9608
12509	-0.95212
12510	-0.93608
12511	-0.89612
12512	-0.52742
12513	-0.88929
12514	-0.86418
12515	-0.53193
12516	-0.85309
12517	-0.83131
12518	-0.5261
12519	-0.79878
12520	-0.76708
12521	-0.465
12522	-0.70724
12523	-0.68763
12524	-0.63029
12525	-0.54382
12526	-0.46269
12527	-0.3211
12528	-0.1176
12529	-0.17184
12530	-2.5878e-002
12531	0.18689
12532	0.13148
12533	0.28699
12534	0.49068
12535	0.45334
12536	0.63965
12537	0.7864
12538	0.84265
12539	1.0571
12540	1.2839
12541	1.5114
12542	1.5945
12543	1.7164
12544	1.9446
12545	1.9915
12546	2.1945
12547	2.4342
12548	2.4662
12549	2.6726
12550	2.9137
12551	2.9203
12552	3.1564
12553	3.3876
12554	3.36
12555	3.6017
12556	3.7885
12557	3.7402
12558	3.9346
12559	4.0164
12560	3.9632
12561	4.0008
12562	3.8814
12563	3.5655
12564	2.9659
12565	3.1197
12566	2.0203
12567	-6.6745e-002
12568	1.028
12569	-4.0233
12570	-6.6966
12571	-4.5842
12572	-7.4451
12573	-8.8909
12574	-11.399
12575	-14.595
12576	-11.568
12577	-17.749
12578	-19.858
12579	-16.421
12580	-19.61
12581	-16.749
12582	-16.289
12583	-12.542
12584	-8.4959
12585	-9.9051
12586	-5.6438
12587	-3.783
12588	-4.8461
12589	-2.0303
12590	-0.90631
12591	-0.27859
12592	0.60759
12593	7.5768e-002
12594	1.435
12595	1.8477
12596	1.5872
12597	2.2139
12598	2.6779
12599	2.5827
12600	2.854
12601	2.8773
12602	3.623
12603	4.344
12604	4.0873
12605	4.6535
12606	5.1794
12607	5.677
12608	5.9858
12609	5.7838
12610	6.3559
12611	6.8389
12612	6.5438
12613	7.2404
12614	7.4608
12615	7.7206
12616	8.1166
12617	8.3951
12618	8.5894
12619	8.4216
12620	8.9935
12621	9.3186
12622	9.5273
12623	9.8399
12624	10.557
12625	10.221
12626	10.833
12627	11.165
12628	11.522
12629	12.097
12630	11.809
12631	12.412
12632	12.685
12633	12.95
12634	13.228
12635	13.477
12636	13.713
12637	13.957
12638	14.177
12639	14.388
12640	14.162
12641	14.602
12642	14.81
12643	14.624
12644	15.024
12645	15.039
12646	15.211
12647	15.543
12648	15.383
12649	15.374
12650	15.69
12651	15.819
12652	15.951
12653	15.983
12654	16.068
12655	16.26
12656	16.222
12657	16.169
12658	16.338
12659	16.396
12660	16.442
12661	16.491
12662	16.517
12663	16.537
12664	16.68
12665	16.591
12666	16.792
12667	16.837
12668	16.914
12669	17.036
12670	17.134
12671	17.216
12672	17.335
12673	17.252
12674	17.23
12675	17.485
12676	17.189
12677	17.114
12678	17.013
12679	16.872
12680	17.339
12681	16.698
12682	16.527
12683	16.331
12684	16.1
12685	15.882
12686	15.578
12687	16.376
12688	15.224
12689	15.001
12690	14.712
12691	14.37
12692	15.226
12693	14.033
12694	13.632
12695	14.622
12696	13.156
12697	14.277
12698	12.616
12699	12.123
12700	11.687
12701	11.327
12702	10.808
12703	11.043
12704	10.59
12705	11.19
12706	10.368
12707	10.165
12708	10.695
12709	10.026
12710	9.891
12711	10.505
12712	9.7014
12713	9.4934
12714	9.2945
12715	9.1141
12716	9.6886
12717	8.9548
12718	8.7915
12719	9.3928
12720	8.6102
12721	8.4331
12722	9.0325
12723	8.2647
12724	8.0922
12725	8.6934
12726	7.9056
12727	7.7061
12728	7.5245
12729	7.3992
12730	7.884
12731	7.302
12732	7.1824
12733	7.0421
12734	6.8945
12735	6.7382
12736	6.5864
12737	6.4564
12738	6.3408
12739	6.8565
12740	6.2319
12741	6.1304
12742	6.6209
12743	6.0334
12744	5.9383
12745	6.4079
12746	5.8393
12747	5.7337
12748	6.1687
12749	5.6311
12750	5.5499
12751	5.9019
12752	5.5074
12753	5.503
12754	5.8082
12755	5.5069
12756	5.4946
12757	5.8383
12758	5.4734
12759	5.4631
12760	5.7534
12761	5.4703
12762	5.489
12763	5.734
12764	5.5133
12765	5.5329
12766	5.5431
12767	5.5556
12768	5.6056
12769	5.704
12770	5.821
12771	5.9368
12772	6.0555
12773	6.1883
12774	6.1801
12775	6.3421
12776	6.5219
12777	6.4542
12778	6.7315
12779	6.977
12780	6.8489
12781	7.2703
12782	7.6325
12783	7.4125
12784	8.0963
12785	8.7233
12786	9.6192
12787	11.063
12788	13.573
12789	15.05
12790	15.344
12791	14.141
12792	13.871
12793	11.633
12794	10.264
12795	10.568
12796	9.4755
12797	8.9577
12798	8.6025
12799	8.3474
12800	8.3567
12801	8.1612
12802	8.024
12803	7.9835
12804	7.9211
12805	7.8421
12806	7.7826
12807	7.7416
12808	7.7173
12809	7.7079
12810	7.7111
12811	7.7249
12812	7.6819
12813	7.7483
12814	7.7811
12815	7.7542
12816	7.823
12817	7.8745
12818	7.8621
12819	7.9339
12820	7.9998
12821	8.0061
12822	8.0728
12823	8.154
12824	8.1726
12825	8.2459
12826	8.3441
12827	8.376
12828	8.4446
12829	8.547
12830	8.5968
12831	8.6542
12832	8.7713
12833	8.8964
12834	9.0281
12835	9.0921
12836	9.1658
12837	9.3101
12838	9.3904
12839	9.4566
12840	9.6023
12841	9.7052
12842	9.7529
12843	9.9107
12844	10.07
12845	10.225
12846	10.36
12847	10.37
12848	10.518
12849	10.641
12850	10.681
12851	10.85
12852	10.977
12853	11.014
12854	11.165
12855	11.319
12856	11.303
12857	11.443
12858	11.603
12859	11.78
12860	11.886
12861	11.959
12862	12.14
12863	12.257
12864	12.326
12865	12.506
12866	12.656
12867	12.671
12868	12.831
12869	12.997
12870	13.149
12871	13.166
12872	13.329
12873	13.333
12874	13.494
12875	13.655
12876	13.826
12877	13.989
12878	13.999
12879	14.169
12880	14.352
12881	14.339
12882	14.535
12883	14.784
12884	15.065
12885	15.371
12886	15.63
12887	15.974
12888	15.856
12889	16.167
12890	16.379
12891	16.493
12892	16.754
12893	17.079
12894	17.422
12895	17.685
12896	17.889
12897	18.089
12898	18.327
12899	18.647
12900	18.515
12901	18.701
12902	19.007
12903	18.862
12904	19.019
12905	19.32
12906	19.207
12907	19.34
12908	19.685
12909	19.454
12910	19.592
12911	19.875
12912	19.699
12913	19.827
12914	20.084
12915	19.956
12916	19.996
12917	20.336
12918	20.076
12919	20.177
12920	20.451
12921	20.231
12922	20.303
12923	20.546
12924	20.343
12925	20.347
12926	20.373
12927	20.434
12928	20.503
12929	20.535
12930	20.806
12931	20.554
12932	20.589
12933	20.822
12934	20.598
12935	20.611
12936	20.829
12937	20.621
12938	20.603
12939	20.834
12940	20.585
12941	20.566
12942	20.79
12943	20.56
12944	20.597
12945	20.75
12946	20.611
12947	20.58
12948	20.789
12949	20.589
12950	20.584
12951	20.807
12952	20.559
12953	20.55
12954	20.759
12955	20.524
12956	20.499
12957	20.715
12958	20.479
12959	20.447
12960	20.651
12961	20.423
12962	20.417
12963	20.577
12964	20.406
12965	20.398
12966	20.588
12967	20.412
12968	20.419
12969	20.618
12970	20.401
12971	20.38
12972	20.576
12973	20.358
12974	20.338
12975	20.323
12976	20.291
12977	20.257
12978	20.455
12979	20.256
12980	20.274
12981	20.269
12982	20.246
12983	20.461
12984	20.235
12985	20.232
12986	20.227
12987	20.213
12988	20.192
12989	20.172
12990	20.149
12991	20.153
12992	20.158
12993	20.132
12994	20.142
12995	20.167
12996	20.362
12997	20.156
12998	20.155
12999	20.151
13000	20.372
13001	20.148
13002	20.144
13003	20.358
13004	20.132
13005	20.332
13006	20.134
13007	20.13
13008	20.108
13009	20.099
13010	20.107
13011	20.309
13012	20.102
13013	20.101
13014	20.098
13015	20.095
13016	20.111
13017	20.107
13018	20.123
13019	20.111
13020	20.14
13021	20.133
13022	20.109
13023	20.103
13024	20.121
13025	20.115
13026	20.123
13027	20.113
13028	20.121
13029	20.109
13030	20.104
13031	20.11
13032	20.112
13033	20.136
13034	20.118
13035	20.105
13036	20.308
13037	20.114
13038	20.113
13039	20.319
13040	20.13
13041	20.134
13042	20.375
13043	20.101
13044	20.118
13045	20.301
13046	20.145
13047	20.133
13048	20.338
13049	20.135
13050	20.114
13051	20.347
13052	20.104
13053	20.115
13054	20.338
13055	20.116
13056	20.113
13057	20.344
13058	20.099
13059	20.093
13060	20.293
13061	20.078
13062	20.041
13063	20.041
13064	20.075
13065	20.274
13066	20.078
13067	20.055
13068	20.042
13069	20.042
13070	20.036
13071	20.052
13072	20.052
13073	20.026
13074	20.046
13075	20.097
13076	20.318
13077	4.5504
13078	4.2532
13079	5.5204
13080	5.1738
13081	5.9359
13082	4.5268
13083	3.9962
13084	4.1421
13085	4.2035
13086	5.1538
13087	4.8071
13088	4.8559
13089	4.4838
13090	0.80838
13091	7.1432
13092	11.644
13093	1.242
13094	12.842
13095	13.544
13096	9.9615
13097	10.11
13098	10.41
13099	13.481
13100	14.891
13101	1.0133
13102	1.2442
13103	8.9645
13104	9.1165
13105	8.7503
13106	20.751
13107	21.303
13108	21.343
13109	16.643
13110	21.293
13111	21.307
13112	20.855
13113	21.239
13114	15.237
13115	14.705
13116	14.1
13117	-0.37985
13118	-0.23497
13119	0.84953
13120	0.91452
13121	19.125
13122	18.676
13123	0.12578
13124	2.0704
13125	1.9634
13126	21.314
13127	0.13662
13128	21.318
13129	21.378
13130	21.321
13131	16.836
13132	0.48245
13133	0.77176
13134	1.076
13135	7.2148
13136	7.1703
13137	22.14
13138	22.106
13139	21.74
13140	21.851
13141	21.941
13142	21.864
13143	21.292
13144	21.282
13145	21.594
13146	21.646
13147	21.364
13148	21.367
13149	21.606
13150	21.425
13151	19.243
13152	19.317
13153	19.674
13154	-0.34158
13155	1.2926e-003
13156	19.147
13157	19.04
13158	19.355
13159	1.5136
13160	2.1923
13161	1.5806
13162	2.1152
13163	22.01
13164	21.974
13165	22.037
13166	21.572
13167	21.221
13168	21.136
13169	21.36
13170	21.364
13171	21.723
13172	21.559
13173	21.373
13174	21.428
13175	21.991
13176	21.991
13177	21.736
13178	21.754
13179	21.421
13180	21.392
13181	21.401
13182	17.492
13183	17.256
13184	14.136
13185	14.883
13186	17.984
13187	18.524
13188	17.65
13189	9.1752
13190	6.2995
13191	6.4858
13192	1.0591
13193	0.73759
13194	1.2139
13195	4.0321
13196	0.78917
13197	1.1425
13198	1.1501
13199	15.881
13200	8.528
13201	19.359
13202	19.816
13203	19.373
13204	5.2718e-002
13205	-0.32273
13206	1.4122
13207	16.706
13208	1.7908
13209	0.94811
13210	11.26
13211	1.477
13212	15.721
13213	16.404
13214	8.5195
13215	0.82462
13216	5.2852
13217	11.988
13218	18.918
13219	5.9114
13220	5.3687
13221	12.377
13222	0.6962
13223	0.61269
13224	2.7936
13225	15.3
13226	20.546
13227	6.8518
13228	7.0853
13229	6.7741
13230	12.096
13231	6.722
13232	17.004
13233	0.16227
13234	-0.24964
13235	2.1471
13236	3.9425
13237	4.4923
13238	19.701
13239	13.79
13240	0.73285
13241	3.142
13242	11.384
13243	11.012
13244	20.307
13245	17.743
13246	17.474
13247	20.322
13248	20.315
13249	20.312
13250	20.312
13251	15.453
13252	3.2612
13253	-9.0791
13254	-8.5039
13255	1.0443
13256	15.531
13257	14.489
13258	14.817
13259	9.4218
13260	4.4567
13261	7.4685
13262	7.3135
13263	21.309
13264	3.2312
13265	0.97869
13266	20.819
13267	16.273
13268	8.2611
13269	0.94778
13270	0.75443
13271	1.0844
13272	1.0751
13273	0.39559
13274	13.088
13275	16.531
13276	19.223
13277	1.5523
13278	15.328
13279	11.159
13280	19.496
13281	16.248
13282	7.5273
13283	7.3861
13284	14.807
13285	13.646
13286	20.776
13287	13.601
13288	13.763
13289	14.09
13290	1.886
13291	2.3542
13292	2.2067
13293	1.4978
13294	10.484
13295	12.274
13296	19.335
13297	19.368
13298	9.7948
13299	16.814
13300	1.6625
13301	1.3756
13302	5.4588
13303	1.1369
13304	9.3273
13305	9.5015
13306	9.6884
13307	10.752
13308	10.83
13309	3.9095
13310	4.1619
13311	4.063
13312	1.7386
13313	-0.31653
13314	3.4792e-002
13315	1.463
13316	17.381
13317	-7.6204e-002
13318	19.718
13319	19.381
13320	6.6239
13321	6.8141
13322	4.0929
13323	4.473
13324	10.742
13325	11.052
13326	19.383
13327	15.267
13328	13.222
13329	15.198
13330	7.1838
13331	11.561
13332	5.735
13333	18.131
13334	17.645
13335	12.763
13336	13.34
13337	12.904
13338	16.825
13339	8.3016
13340	9.2214
13341	9.4033
13342	14.509
13343	17.026
13344	16.619
13345	0.91412
13346	15.206
13347	2.4434
13348	7.5555
13349	19.648
13350	7.2904
13351	21.172
13352	0.20443
13353	0.98529
13354	21.174
13355	9.5224
13356	9.6966
13357	21.149
13358	21.773
13359	9.1998
13360	21.127
13361	21.322
13362	21.675
13363	22.
13364	18.606
13365	0.99102
13366	0.42111
13367	17.306
13368	16.855
13369	17.518
13370	-0.3248
13371	20.706
13372	1.3412
13373	0.85424
13374	-0.33978
13375	0.88628
13376	0.76173
13377	2.899
13378	3.7571
13379	3.6413
13380	3.7149
13381	5.9557
13382	6.0437
13383	7.7776
13384	13.807
13385	14.095
13386	17.721
13387	8.4099
13388	12.871
13389	13.291
13390	12.941
13391	7.9028
13392	10.795
13393	15.402
13394	6.5943
13395	8.0459
13396	12.937
13397	6.8639
13398	14.891
13399	5.9639
13400	6.1532
13401	13.756
13402	20.974
13403	13.247
13404	3.1394
13405	3.8374
13406	21.94
13407	20.986
13408	7.0926
13409	1.4419
13410	0.53857
13411	0.7496
13412	-11.632
13413	4.3759
13414	11.923
13415	11.319
13416	21.345
13417	21.202
13418	20.755
13419	5.6222
13420	3.8478
13421	1.2595
13422	18.074
13423	12.083
13424	5.8743
13425	6.2887
13426	19.046
13427	0.64971
13428	1.2175
13429	7.1454
13430	17.102
13431	17.31
13432	9.079
13433	0.34282
13434	7.3364
13435	7.6852
13436	1.4135
13437	1.0537
13438	19.316
13439	5.9893
13440	13.16
13441	7.2393
13442	15.747
13443	15.003
13444	3.145
13445	4.4981
13446	17.046
13447	16.441
13448	11.72
13449	12.293
13450	0.62054
13451	-4.3323
13452	8.4325
13453	8.0541
13454	13.443
13455	16.448
13456	17.067
13457	16.732
13458	16.127
13459	17.352
13460	6.6287
13461	6.8959
13462	6.7626
13463	7.0299
13464	20.92
13465	21.121
13466	21.124
13467	21.313
13468	21.325
13469	6.4208
13470	6.0607
13471	6.4242
13472	6.0804
13473	6.4058
13474	5.7203
13475	5.6727
13476	5.7667
13477	4.8668
13478	5.2803
13479	5.2012
13480	5.6147
13481	6.0362
13482	5.9957
13483	6.4172
13484	6.8381
13485	6.8668
13486	6.3915
13487	7.2877
13488	7.6806
13489	7.8142
13490	7.3264
13491	8.207
13492	8.3758
13493	16.04
13494	16.164
13495	15.892
13496	16.016
13497	6.3638
13498	6.8512
13499	6.8517
13500	7.339
13501	7.8881
13502	7.9356
13503	8.4847
13504	13.671
13505	14.29
13506	13.991
13507	14.61
13508	15.268
13509	14.931
13510	15.589
13511	16.185
13512	16.712
13513	17.261
13514	5.4214
13515	5.2784
13516	5.713
13517	5.57
13518	5.4696
13519	5.8498
13520	5.7495
13521	2.7455
13522	2.4461
13523	2.5754
13524	21.328
13525	2.0593
13526	21.194
13527	2.3633
13528	12.666
13529	18.253
13530	18.784
13531	18.54
13532	1.1356
13533	8.0108
13534	5.6503
13535	5.8803
13536	5.329
13537	6.98
13538	7.2697
13539	6.844
13540	1.9135
13541	7.1872
13542	7.0286
13543	7.0469
13544	6.8883
13545	6.6851
13546	6.7426
13547	6.5394
13548	6.295
13549	6.3992
13550	6.1548
13551	5.8746
13552	6.0232
13553	5.743
13554	6.3984
13555	6.0921
13556	6.1226
13557	5.8163
13558	5.4792
13559	5.559
13560	5.2219
13561	4.8639
13562	4.9835
13563	4.6255
13564	4.1301
13565	4.0648
13566	4.0012
13567	3.9359
13568	7.1502
13569	6.9681
13570	7.1252
13571	6.9431
13572	6.7215
13573	6.9353
13574	6.7137
13575	6.4533
13576	6.7286
13577	6.4682
13578	6.1765
13579	6.5166
13580	6.2248
13581	9.6049
13582	9.6124
13583	9.8269
13584	9.8343
13585	9.8346
13586	10.072
13587	10.072
13588	10.068
13589	10.326
13590	10.307
13591	10.321
13592	10.575
13593	6.65
13594	6.4962
13595	6.8311
13596	6.5473
13597	6.6773
13598	6.7408
13599	1.0865
13600	0.77727
13601	0.71628
13602	0.40704
13603	2.6376
13604	2.6659
13605	2.0994
13606	2.1277
13607	2.2351
13608	1.5627
13609	1.6701
13610	1.8376
13611	1.1142
13612	1.2817
13613	1.5452
13614	0.84252
13615	1.1061
13616	8.6097
13617	9.1466
13618	8.788
13619	8.9301
13620	9.467
13621	10.027
13622	9.6873
13623	9.7463
13624	10.306
13625	10.883
13626	10.58
13627	10.538
13628	11.115
13629	11.442
13630	2.1843
13631	1.518
13632	2.3815
13633	1.7151
13634	17.791
13635	18.293
13636	18.165
13637	18.666
13638	19.136
13639	19.067
13640	19.536
13641	8.8028
13642	9.1537
13643	8.8413
13644	9.1923
13645	9.4908
13646	9.2173
13647	9.5158
13648	9.7818
13649	9.5168
13650	9.7828
13651	5.0166
13652	4.8717
13653	4.6718
13654	4.5268
13655	17.727
13656	17.794
13657	18.187
13658	18.254
13659	7.1106
13660	7.2364
13661	6.931
13662	7.0569
13663	7.1952
13664	6.8709
13665	7.0091
13666	1.7868
13667	1.4899
13668	1.4501
13669	1.1532
13670	1.585
13671	1.3334
13672	1.361
13673	1.6542
13674	1.0401
13675	0.69487
13676	0.80543
13677	1.1166
13678	0.46023
13679	20.964
13680	21.169
13681	21.16
13682	21.365
13683	21.586
13684	21.857
13685	21.804
13686	22.075
13687	12.608
13688	12.015
13689	12.309
13690	11.717
13691	11.138
13692	11.397
13693	10.819
13694	10.24
13695	10.456
13696	9.8775
13697	9.3287
13698	9.4895
13699	8.9407
13700	11.162
13701	11.173
13702	10.86
13703	10.87
13704	10.868
13705	10.59
13706	10.587
13707	14.358
13708	14.327
13709	13.994
13710	13.962
13711	13.938
13712	13.583
13713	13.559
13714	13.502
13715	13.143
13716	13.087
13717	13.008
13718	12.665
13719	12.586
13720	7.9853
13721	7.8167
13722	7.5592
13723	7.3906
13724	16.626
13725	16.718
13726	17.011
13727	17.104
13728	17.184
13729	17.275
13730	17.471
13731	17.608
13732	17.799
13733	17.937
13734	10.633
13735	21.372
13736	19.071
13737	6.9486
13738	7.2488
13739	7.1336
13740	7.5957
13741	7.4339
13742	7.9374
13743	8.7099
13744	8.3188
13745	8.5277
13746	8.1366
13747	7.7756
13748	7.9405
13749	7.5794
13750	8.365
13751	8.4926
13752	8.6613
13753	8.1964
13754	8.3239
13755	8.4322
13756	8.5924
13757	8.1614
13758	8.2697
13759	8.3722
13760	8.5187
13761	8.1344
13762	8.2369
13763	8.3109
13764	8.4496
13765	8.1104
13766	8.1844
13767	8.3683
13768	-9.3579
13769	-7.6783
13770	-8.2301
13771	-6.5505
13772	-5.2267
13773	-5.5704
13774	-4.2467
13775	-3.1232
13776	-3.3705
13777	-2.247
13778	-1.277
13779	-1.5247
13780	-0.55469
13781	21.413
13782	21.625
13783	21.627
13784	21.839
13785	12.903
13786	13.53
13787	13.258
13788	13.885
13789	14.533
13790	14.227
13791	14.875
13792	15.503
13793	15.209
13794	15.837
13795	1.4098
13796	1.7862
13797	2.1072
13798	1.9551
13799	2.2761
13800	8.5531
13801	8.507
13802	8.7076
13803	8.6616
13804	8.5961
13805	8.8223
13806	8.7568
13807	8.6789
13808	8.9268
13809	8.8489
13810	8.7611
13811	9.0346
13812	8.9468
13813	21.098
