Node Number	Temperature (K)
1	800.52
2	800.47
3	799.57
4	799.6
5	799.62
6	799.65
7	799.67
8	799.69
9	799.71
10	799.73
11	799.74
12	799.76
13	799.78
14	799.79
15	799.81
16	799.82
17	799.83
18	799.84
19	799.86
20	799.87
21	799.88
22	799.89
23	799.9
24	799.91
25	799.91
26	799.92
27	799.93
28	799.94
29	799.94
30	799.95
31	799.96
32	799.96
33	799.97
34	799.98
35	799.98
36	799.99
37	800.
38	800.01
39	800.02
40	800.03
41	800.05
42	800.06
43	800.08
44	800.11
45	800.13
46	800.16
47	800.19
48	800.23
49	800.26
50	800.3
51	800.35
52	800.39
53	800.43
54	800.47
55	800.51
56	800.53
57	800.54
58	799.11
59	799.54
60	799.51
61	799.48
62	799.45
63	799.42
64	799.39
65	799.36
66	799.33
67	799.31
68	799.29
69	799.27
70	799.25
71	799.23
72	799.22
73	799.2
74	799.19
75	799.18
76	799.17
77	799.16
78	799.15
79	799.14
80	799.14
81	799.13
82	799.12
83	799.12
84	799.12
85	798.5
86	799.11
87	799.11
88	799.1
89	799.1
90	799.1
91	799.1
92	799.09
93	799.09
94	799.09
95	799.08
96	799.08
97	799.08
98	799.08
99	799.07
100	799.07
101	799.07
102	799.07
103	799.06
104	799.06
105	799.06
106	799.06
107	799.05
108	799.05
109	799.05
110	799.05
111	799.04
112	799.04
113	799.04
114	799.03
115	799.03
116	799.03
117	799.02
118	799.02
119	799.02
120	799.01
121	799.01
122	799.
123	799.
124	799.
125	798.99
126	798.99
127	798.98
128	798.98
129	798.97
130	798.96
131	798.96
132	798.95
133	798.94
134	798.94
135	798.93
136	798.92
137	798.91
138	798.9
139	798.89
140	798.88
141	798.87
142	798.86
143	798.84
144	798.83
145	798.82
146	798.8
147	798.78
148	798.77
149	798.75
150	798.73
151	798.71
152	798.69
153	798.67
154	798.64
155	798.62
156	798.6
157	798.57
158	798.55
159	798.52
160	798.95
161	798.95
162	798.95
163	798.95
164	798.95
165	798.95
166	798.95
167	798.95
168	798.95
169	798.95
170	798.95
171	798.95
172	798.95
173	798.95
174	798.95
175	798.95
176	798.95
177	798.95
178	798.95
179	798.95
180	798.95
181	798.95
182	798.95
183	798.95
184	798.95
185	798.95
186	798.95
187	798.94
188	798.94
189	798.94
190	798.94
191	798.94
192	798.94
193	798.94
194	798.94
195	798.93
196	798.93
197	798.93
198	798.93
199	798.93
200	798.92
201	798.92
202	798.92
203	798.92
204	798.91
205	798.91
206	798.9
207	798.9
208	798.89
209	798.89
210	798.88
211	798.88
212	798.87
213	798.86
214	798.85
215	798.85
216	798.84
217	798.83
218	798.82
219	798.8
220	798.79
221	798.78
222	798.76
223	798.75
224	798.73
225	798.71
226	798.7
227	798.68
228	798.66
229	798.64
230	798.62
231	798.59
232	798.57
233	798.55
234	798.52
235	799.04
236	799.04
237	799.04
238	799.04
239	799.04
240	799.04
241	799.04
242	799.04
243	799.04
244	799.03
245	799.03
246	799.03
247	799.03
248	799.03
249	799.03
250	799.02
251	799.02
252	799.02
253	799.02
254	799.02
255	799.02
256	799.01
257	799.01
258	799.01
259	799.01
260	799.01
261	799.01
262	799.
263	799.
264	799.
265	799.
266	799.
267	799.
268	799.
269	799.
270	799.
271	798.99
272	798.99
273	798.99
274	798.99
275	798.99
276	798.99
277	798.99
278	798.99
279	798.99
280	798.99
281	798.99
282	798.99
283	798.99
284	798.98
285	798.98
286	798.98
287	798.98
288	798.98
289	798.98
290	798.98
291	798.98
292	798.98
293	798.98
294	798.98
295	798.98
296	798.98
297	798.98
298	798.98
299	798.98
300	798.98
301	798.98
302	798.98
303	798.98
304	798.98
305	798.98
306	798.97
307	798.97
308	798.97
309	798.97
310	798.97
311	798.97
312	798.97
313	798.97
314	798.97
315	798.97
316	798.97
317	798.97
318	798.97
319	798.97
320	798.97
321	798.97
322	798.97
323	798.97
324	798.97
325	798.97
326	798.97
327	798.97
328	798.97
329	798.97
330	798.97
331	798.97
332	798.97
333	798.97
334	798.97
335	798.97
336	798.97
337	798.97
338	798.97
339	798.97
340	798.97
341	798.96
342	798.96
343	798.96
344	798.96
345	798.96
346	798.96
347	798.96
348	798.96
349	798.96
350	798.96
351	798.96
352	798.96
353	798.96
354	798.96
355	798.96
356	798.96
357	798.96
358	798.96
359	798.96
360	798.96
361	798.96
362	798.96
363	798.96
364	798.96
365	798.96
366	798.96
367	798.96
368	798.96
369	798.96
370	798.96
371	798.96
372	798.96
373	798.96
374	798.96
375	798.96
376	798.96
377	798.96
378	798.96
379	798.96
380	798.96
381	798.96
382	798.96
383	798.96
384	798.96
385	800.
386	799.18
387	799.32
388	799.48
389	799.63
390	799.77
391	799.9
392	799.98
393	800.03
394	800.06
395	800.08
396	800.07
397	800.08
398	800.08
399	800.07
400	800.07
401	800.07
402	800.06
403	800.06
404	800.06
405	800.05
406	800.05
407	800.05
408	800.05
409	800.04
410	800.04
411	800.04
412	800.04
413	800.03
414	800.03
415	800.03
416	800.03
417	800.03
418	800.03
419	800.02
420	800.02
421	800.02
422	800.02
423	800.02
424	800.02
425	800.02
426	800.02
427	800.02
428	800.01
429	800.01
430	800.01
431	800.01
432	800.01
433	800.01
434	800.01
435	800.01
436	800.01
437	800.01
438	800.01
439	800.01
440	800.01
441	800.01
442	800.01
443	800.
444	800.
445	800.
446	800.
447	800.
448	800.
449	800.
450	800.
451	800.
452	800.
453	800.
454	800.
455	800.
456	800.
457	800.
458	800.
459	800.
460	800.
461	800.
462	800.
463	800.
464	800.
465	800.
466	800.
467	800.
468	800.
469	799.99
470	799.99
471	799.99
472	799.99
473	799.99
474	799.99
475	799.99
476	799.99
477	799.99
478	799.99
479	799.99
480	799.99
481	799.99
482	799.99
483	799.99
484	799.99
485	799.99
486	799.99
487	799.99
488	799.99
489	799.99
490	799.99
491	799.99
492	799.99
493	799.99
494	799.99
495	799.99
496	799.99
497	799.99
498	799.99
499	799.99
500	799.99
501	799.99
502	799.99
503	799.99
504	799.99
505	799.98
506	799.98
507	799.98
508	799.98
509	799.98
510	799.98
511	799.98
512	799.98
513	799.98
514	799.98
515	799.98
516	799.98
517	799.98
518	799.98
519	799.98
520	799.98
521	799.98
522	799.98
523	799.98
524	799.98
525	799.98
526	799.98
527	799.98
528	799.98
529	799.98
530	799.98
531	799.98
532	799.98
533	799.98
534	799.98
535	799.98
536	799.98
537	799.98
538	799.98
539	799.98
540	799.98
541	799.98
542	799.98
543	799.98
544	799.98
545	799.98
546	799.98
547	799.98
548	799.98
549	799.98
550	799.98
551	799.98
552	799.98
553	799.98
554	799.98
555	799.98
556	799.98
557	799.98
558	799.98
559	799.98
560	799.98
561	799.98
562	799.98
563	799.98
564	799.98
565	799.98
566	799.98
567	799.98
568	799.98
569	799.98
570	799.98
571	799.98
572	799.98
573	799.98
574	799.98
575	799.98
576	799.98
577	799.98
578	799.98
579	799.98
580	799.98
581	799.98
582	799.98
583	799.98
584	799.98
585	799.98
586	799.98
587	799.98
588	799.98
589	799.98
590	799.98
591	799.98
592	799.98
593	799.98
594	799.98
595	799.98
596	799.98
597	799.98
598	799.98
599	799.98
600	799.98
601	799.98
602	799.98
603	799.98
604	799.98
605	799.98
606	799.98
607	799.98
608	799.98
609	799.98
610	799.98
611	800.12
612	800.12
613	800.12
614	800.12
615	800.11
616	800.11
617	800.11
618	800.11
619	800.11
620	800.1
621	800.1
622	800.1
623	800.1
624	800.1
625	800.09
626	800.09
627	800.09
628	800.09
629	800.08
630	800.08
631	800.08
632	800.08
633	800.07
634	800.07
635	800.07
636	800.07
637	800.07
638	800.06
639	800.06
640	800.06
641	800.06
642	800.06
643	800.05
644	800.05
645	800.05
646	800.05
647	800.05
648	800.05
649	800.04
650	800.04
651	800.04
652	800.03
653	800.03
654	800.03
655	800.03
656	800.02
657	800.02
658	800.02
659	800.02
660	800.01
661	800.01
662	800.01
663	800.01
664	800.01
665	800.
666	800.
667	800.
668	800.
669	800.
670	799.99
671	799.99
672	799.99
673	799.99
674	799.98
675	799.98
676	799.98
677	799.98
678	800.6
679	800.53
680	800.49
681	800.43
682	800.4
683	800.37
684	800.35
685	800.33
686	800.31
687	800.27
688	800.26
689	800.25
690	800.24
691	800.22
692	800.21
693	800.2
694	800.19
695	800.18
696	800.17
697	800.16
698	800.16
699	800.15
700	800.14
701	800.14
702	800.13
703	800.13
704	800.13
705	801.91
706	800.66
707	800.72
708	800.73
709	800.72
710	800.75
711	800.74
712	800.74
713	800.78
714	800.76
715	800.75
716	800.81
717	800.78
718	800.77
719	800.86
720	800.79
721	800.81
722	800.9
723	800.82
724	800.9
725	800.87
726	800.84
727	800.95
728	800.87
729	800.87
730	800.99
731	800.88
732	800.89
733	801.01
734	800.94
735	800.9
736	801.03
737	800.87
738	800.91
739	800.99
740	801.06
741	801.07
742	800.93
743	800.83
744	801.08
745	800.76
746	800.8
747	801.15
748	800.69
749	800.77
750	800.9
751	801.06
752	800.77
753	800.78
754	800.54
755	801.18
756	800.62
757	800.38
758	801.37
759	800.42
760	800.44
761	801.74
762	800.49
763	800.16
764	801.43
765	801.25
766	801.18
767	800.88
768	801.42
769	801.33
770	800.75
771	800.95
772	807.92
773	804.97
774	807.33
775	809.
776	793.95
777	805.65
778	803.45
779	804.26
780	803.79
781	803.45
782	798.88
783	798.14
784	797.74
785	797.46
786	797.29
787	797.08
788	796.93
789	796.83
790	796.7
791	796.59
792	796.52
793	796.43
794	796.34
795	796.29
796	796.21
797	796.14
798	796.09
799	796.02
800	795.95
801	795.9
802	795.84
803	795.79
804	795.76
805	795.72
806	795.67
807	795.64
808	795.6
809	795.56
810	795.53
811	795.49
812	795.44
813	795.41
814	795.37
815	795.33
816	795.3
817	795.25
818	795.21
819	795.18
820	795.13
821	795.08
822	795.05
823	795.
824	794.95
825	794.92
826	794.88
827	794.84
828	794.82
829	794.79
830	794.76
831	794.73
832	794.7
833	794.67
834	794.64
835	794.61
836	794.58
837	794.54
838	794.52
839	794.48
840	794.44
841	794.41
842	794.37
843	794.34
844	794.32
845	794.3
846	794.28
847	794.26
848	794.24
849	794.21
850	794.2
851	794.17
852	794.15
853	794.13
854	794.1
855	794.07
856	794.05
857	794.02
858	794.
859	793.98
860	793.97
861	793.95
862	793.94
863	793.92
864	793.91
865	793.9
866	793.88
867	793.86
868	793.85
869	793.83
870	793.81
871	793.79
872	793.77
873	793.76
874	793.75
875	793.74
876	793.73
877	793.72
878	793.71
879	793.7
880	793.7
881	793.69
882	793.67
883	793.66
884	793.65
885	793.64
886	793.63
887	793.62
888	793.61
889	793.62
890	793.63
891	793.84
892	792.41
893	793.53
894	793.29
895	793.07
896	792.88
897	792.71
898	792.56
899	800.36
900	800.21
901	800.
902	799.73
903	799.41
904	799.06
905	798.69
906	798.31
907	797.94
908	797.59
909	797.27
910	796.97
911	796.7
912	796.46
913	796.24
914	796.05
915	795.88
916	795.73
917	795.59
918	795.47
919	795.35
920	795.25
921	795.16
922	795.08
923	795.
924	794.93
925	794.86
926	794.8
927	794.74
928	794.68
929	794.63
930	794.58
931	794.53
932	794.49
933	794.44
934	794.4
935	794.36
936	794.31
937	794.27
938	794.23
939	794.19
940	794.15
941	794.11
942	794.07
943	794.03
944	793.99
945	793.96
946	793.92
947	793.88
948	793.85
949	793.81
950	793.78
951	793.75
952	793.71
953	793.68
954	793.65
955	793.62
956	793.59
957	793.56
958	793.53
959	793.5
960	793.47
961	793.44
962	793.41
963	793.38
964	793.35
965	793.33
966	793.3
967	793.27
968	793.25
969	793.23
970	793.2
971	793.18
972	793.15
973	793.13
974	793.11
975	793.09
976	793.07
977	793.04
978	793.02
979	793.
980	792.98
981	792.96
982	792.95
983	792.93
984	792.91
985	792.89
986	792.88
987	792.86
988	792.84
989	792.83
990	792.81
991	792.8
992	792.78
993	792.77
994	792.76
995	792.74
996	792.73
997	792.72
998	792.71
999	792.69
1000	792.68
1001	792.67
1002	792.66
1003	792.65
1004	792.64
1005	792.62
1006	792.61
1007	792.6
1008	792.59
1009	792.57
1010	792.56
1011	792.54
1012	792.52
1013	792.49
1014	792.47
1015	792.44
1016	799.53
1017	799.45
1018	799.53
1019	799.57
1020	799.46
1021	799.47
1022	799.44
1023	799.35
1024	799.41
1025	799.4
1026	799.49
1027	799.42
1028	799.39
1029	799.46
1030	799.5
1031	799.5
1032	799.5
1033	799.49
1034	799.48
1035	799.49
1036	799.49
1037	799.48
1038	799.5
1039	799.47
1040	799.49
1041	799.49
1042	799.48
1043	799.47
1044	799.48
1045	799.45
1046	799.45
1047	799.42
1048	799.4
1049	799.39
1050	799.48
1051	799.52
1052	799.52
1053	799.59
1054	799.56
1055	799.57
1056	799.53
1057	799.59
1058	799.62
1059	799.66
1060	799.65
1061	799.56
1062	799.33
1063	799.41
1064	799.41
1065	799.4
1066	799.46
1067	799.42
1068	799.39
1069	799.4
1070	799.43
1071	799.41
1072	799.4
1073	799.39
1074	799.38
1075	799.35
1076	799.35
1077	799.35
1078	799.42
1079	799.37
1080	799.42
1081	799.41
1082	799.45
1083	799.55
1084	799.54
1085	799.54
1086	799.57
1087	799.59
1088	799.57
1089	799.51
1090	799.65
1091	800.66
1092	799.29
1093	799.33
1094	799.31
1095	799.32
1096	799.38
1097	799.31
1098	799.31
1099	799.5
1100	799.5
1101	799.48
1102	800.44
1103	799.47
1104	799.43
1105	799.66
1106	799.28
1107	799.31
1108	799.37
1109	800.39
1110	799.59
1111	799.59
1112	799.59
1113	799.58
1114	799.58
1115	799.56
1116	799.57
1117	799.57
1118	799.55
1119	799.58
1120	799.57
1121	799.57
1122	799.57
1123	799.56
1124	799.57
1125	799.57
1126	799.56
1127	799.57
1128	799.56
1129	799.54
1130	799.54
1131	799.53
1132	799.51
1133	799.5
1134	799.48
1135	799.49
1136	799.45
1137	799.46
1138	799.41
1139	799.48
1140	799.56
1141	799.53
1142	799.53
1143	799.54
1144	799.53
1145	799.62
1146	799.6
1147	799.58
1148	799.67
1149	799.64
1150	799.66
1151	799.65
1152	799.68
1153	799.7
1154	799.71
1155	799.75
1156	799.68
1157	799.73
1158	800.23
1159	800.21
1160	800.34
1161	800.35
1162	800.69
1163	799.17
1164	799.22
1165	799.33
1166	799.33
1167	799.36
1168	799.33
1169	799.32
1170	799.32
1171	799.31
1172	799.3
1173	799.28
1174	799.36
1175	799.31
1176	799.3
1177	799.27
1178	799.21
1179	799.15
1180	799.25
1181	799.28
1182	799.28
1183	799.3
1184	799.37
1185	799.42
1186	799.38
1187	799.38
1188	799.41
1189	799.45
1190	799.45
1191	799.47
1192	799.45
1193	799.4
1194	799.49
1195	799.46
1196	799.5
1197	799.48
1198	799.48
1199	799.51
1200	800.2
1201	800.31
1202	800.44
1203	800.43
1204	800.41
1205	800.45
1206	800.52
1207	800.56
1208	800.59
1209	800.7
1210	801.51
1211	801.3
1212	801.33
1213	801.17
1214	801.66
1215	800.41
1216	800.14
1217	799.12
1218	799.85
1219	799.46
1220	799.6
1221	799.69
1222	799.38
1223	799.09
1224	799.22
1225	800.11
1226	800.23
1227	800.63
1228	802.31
1229	799.67
1230	799.68
1231	799.67
1232	799.67
1233	799.66
1234	799.66
1235	799.7
1236	799.69
1237	799.64
1238	799.68
1239	799.66
1240	799.68
1241	799.65
1242	799.66
1243	799.65
1244	799.65
1245	799.66
1246	799.66
1247	799.66
1248	799.65
1249	799.65
1250	799.66
1251	799.65
1252	799.64
1253	799.64
1254	799.64
1255	799.64
1256	799.62
1257	799.63
1258	799.61
1259	799.61
1260	799.59
1261	799.56
1262	799.57
1263	799.54
1264	799.5
1265	799.48
1266	799.51
1267	799.64
1268	799.62
1269	799.63
1270	799.64
1271	799.63
1272	799.67
1273	799.68
1274	799.7
1275	799.69
1276	799.68
1277	799.77
1278	799.72
1279	799.73
1280	799.75
1281	799.74
1282	799.81
1283	799.77
1284	799.74
1285	799.77
1286	799.76
1287	799.77
1288	799.76
1289	799.78
1290	799.78
1291	799.8
1292	799.78
1293	799.78
1294	799.8
1295	799.82
1296	799.82
1297	799.8
1298	799.69
1299	800.29
1300	800.39
1301	800.33
1302	800.33
1303	800.39
1304	800.41
1305	800.45
1306	800.44
1307	800.47
1308	800.47
1309	800.47
1310	800.47
1311	800.54
1312	800.55
1313	800.55
1314	800.53
1315	800.66
1316	800.59
1317	800.62
1318	800.58
1319	800.57
1320	800.57
1321	800.57
1322	800.69
1323	800.63
1324	800.71
1325	800.76
1326	800.74
1327	800.79
1328	800.83
1329	801.09
1330	801.67
1331	799.46
1332	799.47
1333	799.28
1334	799.18
1335	798.95
1336	798.98
1337	799.02
1338	799.13
1339	799.58
1340	799.57
1341	799.56
1342	799.57
1343	799.55
1344	799.51
1345	799.48
1346	799.49
1347	799.45
1348	799.48
1349	799.49
1350	799.45
1351	799.35
1352	799.3
1353	799.26
1354	799.25
1355	799.25
1356	799.25
1357	799.26
1358	799.26
1359	799.24
1360	799.24
1361	799.24
1362	799.23
1363	799.22
1364	799.22
1365	799.22
1366	799.25
1367	799.23
1368	799.23
1369	799.23
1370	799.22
1371	799.19
1372	799.18
1373	799.12
1374	799.13
1375	799.1
1376	799.
1377	799.17
1378	799.18
1379	799.2
1380	799.21
1381	799.21
1382	799.22
1383	799.26
1384	799.28
1385	799.28
1386	799.29
1387	799.31
1388	799.32
1389	799.3
1390	799.3
1391	799.32
1392	799.35
1393	799.36
1394	799.35
1395	799.35
1396	799.34
1397	799.31
1398	799.39
1399	799.4
1400	799.37
1401	799.36
1402	799.36
1403	799.41
1404	799.39
1405	799.39
1406	799.61
1407	800.04
1408	800.01
1409	800.03
1410	800.1
1411	800.11
1412	800.14
1413	800.16
1414	800.18
1415	800.22
1416	800.25
1417	800.21
1418	800.31
1419	800.31
1420	800.33
1421	800.34
1422	800.36
1423	800.4
1424	800.39
1425	800.44
1426	800.49
1427	800.7
1428	801.03
1429	801.23
1430	801.29
1431	801.18
1432	799.87
1433	796.74
1434	795.5
1435	795.44
1436	795.22
1437	794.98
1438	794.91
1439	794.61
1440	798.94
1441	799.38
1442	801.27
1443	801.5
1444	800.51
1445	800.51
1446	800.53
1447	800.01
1448	800.07
1449	799.68
1450	799.44
1451	799.6
1452	799.73
1453	800.2
1454	800.55
1455	802.07
1456	799.05
1457	799.37
1458	792.97
1459	793.01
1460	793.04
1461	793.07
1462	793.1
1463	793.13
1464	793.15
1465	793.25
1466	793.25
1467	793.31
1468	793.33
1469	793.35
1470	793.37
1471	793.4
1472	793.45
1473	793.5
1474	793.57
1475	793.62
1476	793.67
1477	793.73
1478	793.89
1479	793.94
1480	793.96
1481	794.01
1482	794.11
1483	794.14
1484	794.21
1485	794.38
1486	794.41
1487	794.51
1488	794.53
1489	794.66
1490	794.75
1491	794.8
1492	794.83
1493	794.92
1494	794.98
1495	795.24
1496	795.3
1497	795.45
1498	795.62
1499	795.82
1500	796.06
1501	796.71
1502	796.93
1503	797.18
1504	797.81
1505	797.47
1506	799.07
1507	800.04
1508	800.48
1509	800.75
1510	800.97
1511	801.
1512	800.51
1513	800.47
1514	800.44
1515	800.39
1516	800.36
1517	800.31
1518	800.29
1519	800.28
1520	800.22
1521	800.17
1522	800.15
1523	800.13
1524	800.08
1525	800.06
1526	800.04
1527	800.
1528	799.98
1529	799.92
1530	799.92
1531	799.9
1532	799.87
1533	799.62
1534	799.6
1535	799.59
1536	799.55
1537	799.46
1538	799.36
1539	799.31
1540	799.32
1541	799.32
1542	799.33
1543	799.29
1544	799.28
1545	799.29
1546	799.31
1547	799.29
1548	799.26
1549	799.25
1550	799.26
1551	799.27
1552	799.24
1553	799.26
1554	799.27
1555	799.26
1556	799.27
1557	799.27
1558	799.24
1559	799.22
1560	799.23
1561	799.22
1562	799.2
1563	799.15
1564	799.14
1565	799.12
1566	799.12
1567	799.09
1568	799.08
1569	798.83
1570	798.88
1571	798.95
1572	798.97
1573	798.99
1574	799.01
1575	799.02
1576	799.03
1577	799.04
1578	799.05
1579	799.04
1580	799.06
1581	799.08
1582	799.09
1583	799.09
1584	799.09
1585	799.09
1586	799.12
1587	799.12
1588	799.13
1589	799.13
1590	799.14
1591	799.14
1592	799.15
1593	799.15
1594	799.15
1595	799.14
1596	799.16
1597	799.16
1598	799.16
1599	799.15
1600	799.14
1601	799.15
1602	799.15
1603	799.16
1604	799.15
1605	799.16
1606	799.17
1607	799.16
1608	799.16
1609	799.15
1610	799.16
1611	799.16
1612	799.17
1613	799.17
1614	799.18
1615	799.19
1616	799.18
1617	799.31
1618	799.33
1619	799.36
1620	799.35
1621	799.34
1622	799.37
1623	799.38
1624	799.38
1625	799.38
1626	799.36
1627	799.42
1628	799.4
1629	799.32
1630	799.39
1631	799.42
1632	799.4
1633	799.37
1634	799.43
1635	799.4
1636	799.39
1637	799.39
1638	799.4
1639	799.41
1640	799.37
1641	799.41
1642	799.44
1643	799.4
1644	799.39
1645	799.4
1646	799.39
1647	799.4
1648	799.41
1649	799.38
1650	799.39
1651	799.41
1652	799.41
1653	799.42
1654	799.42
1655	799.43
1656	799.43
1657	799.42
1658	799.44
1659	799.43
1660	799.42
1661	799.44
1662	799.45
1663	799.42
1664	799.45
1665	799.46
1666	799.46
1667	799.46
1668	799.46
1669	799.04
1670	798.96
1671	798.94
1672	798.91
1673	798.89
1674	798.87
1675	798.86
1676	799.26
1677	799.14
1678	799.35
1679	799.35
1680	793.2
1681	793.2
1682	793.22
1683	793.24
1684	793.25
1685	793.28
1686	793.29
1687	793.3
1688	793.33
1689	793.36
1690	793.36
1691	793.36
1692	793.39
1693	793.4
1694	793.42
1695	793.44
1696	793.46
1697	793.47
1698	793.5
1699	793.49
1700	793.52
1701	793.53
1702	793.55
1703	793.56
1704	793.59
1705	793.61
1706	793.64
1707	793.66
1708	793.68
1709	793.7
1710	793.72
1711	793.74
1712	793.77
1713	793.79
1714	793.81
1715	793.85
1716	793.89
1717	793.92
1718	794.04
1719	794.07
1720	794.09
1721	794.12
1722	794.16
1723	794.23
1724	794.25
1725	794.29
1726	794.35
1727	794.38
1728	794.42
1729	794.49
1730	794.53
1731	794.65
1732	794.69
1733	794.73
1734	794.76
1735	794.81
1736	795.
1737	795.04
1738	795.58
1739	795.65
1740	795.74
1741	795.93
1742	796.03
1743	796.15
1744	796.95
1745	797.2
1746	797.48
1747	797.83
1748	799.25
1749	800.96
1750	801.59
1751	803.13
1752	802.84
1753	802.43
1754	801.95
1755	801.6
1756	801.36
1757	801.2
1758	801.07
1759	800.84
1760	800.82
1761	800.8
1762	800.8
1763	800.79
1764	800.77
1765	800.75
1766	800.7
1767	800.69
1768	800.68
1769	800.67
1770	800.65
1771	800.65
1772	800.64
1773	800.65
1774	800.66
1775	800.68
1776	800.68
1777	800.7
1778	800.72
1779	800.72
1780	800.65
1781	800.64
1782	800.65
1783	800.65
1784	800.64
1785	800.64
1786	800.64
1787	800.63
1788	800.61
1789	800.62
1790	800.58
1791	800.58
1792	800.57
1793	800.58
1794	800.55
1795	800.54
1796	800.53
1797	800.51
1798	800.49
1799	800.48
1800	800.46
1801	800.44
1802	800.45
1803	800.47
1804	800.46
1805	800.43
1806	800.41
1807	800.4
1808	800.36
1809	800.32
1810	800.18
1811	800.11
1812	800.04
1813	800.
1814	799.97
1815	799.93
1816	799.91
1817	799.88
1818	799.86
1819	799.83
1820	799.82
1821	799.79
1822	799.78
1823	799.76
1824	799.76
1825	799.74
1826	799.73
1827	799.71
1828	799.7
1829	799.77
1830	799.83
1831	799.87
1832	799.89
1833	799.9
1834	799.89
1835	799.89
1836	799.9
1837	799.91
1838	799.91
1839	799.87
1840	799.87
1841	799.88
1842	799.88
1843	799.87
1844	799.86
1845	799.86
1846	799.86
1847	799.85
1848	799.85
1849	799.85
1850	799.87
1851	799.87
1852	799.84
1853	799.83
1854	799.82
1855	799.82
1856	799.83
1857	799.83
1858	799.82
1859	799.81
1860	799.81
1861	799.81
1862	799.81
1863	799.82
1864	799.84
1865	799.84
1866	799.82
1867	799.78
1868	799.78
1869	799.78
1870	799.78
1871	799.77
1872	799.76
1873	799.76
1874	799.8
1875	799.84
1876	799.79
1877	799.75
1878	799.73
1879	799.73
1880	799.72
1881	799.71
1882	799.7
1883	799.67
1884	799.65
1885	799.64
1886	799.63
1887	799.61
1888	799.6
1889	799.59
1890	799.59
1891	799.6
1892	799.62
1893	799.64
1894	799.65
1895	799.66
1896	799.67
1897	799.69
1898	799.7
1899	799.7
1900	799.7
1901	799.7
1902	799.71
1903	799.72
1904	799.73
1905	799.73
1906	799.73
1907	799.73
1908	799.74
1909	799.74
1910	799.73
1911	799.73
1912	799.74
1913	799.74
1914	799.74
1915	799.74
1916	799.73
1917	799.74
1918	799.74
1919	799.73
1920	799.74
1921	799.74
1922	799.76
1923	799.75
1924	799.74
1925	799.75
1926	799.75
1927	799.78
1928	799.79
1929	799.78
1930	799.77
1931	799.76
1932	799.74
1933	799.75
1934	799.75
1935	799.74
1936	799.75
1937	799.75
1938	799.75
1939	799.74
1940	799.74
1941	799.75
1942	799.68
1943	799.67
1944	799.56
1945	799.58
1946	799.62
1947	799.48
1948	799.61
1949	799.58
1950	799.53
1951	799.53
1952	799.52
1953	799.53
1954	799.53
1955	799.52
1956	799.54
1957	799.53
1958	799.52
1959	799.55
1960	799.53
1961	799.53
1962	799.53
1963	799.52
1964	799.52
1965	799.53
1966	799.53
1967	799.52
1968	799.53
1969	799.54
1970	799.56
1971	799.58
1972	799.61
1973	799.52
1974	799.53
1975	799.53
1976	799.54
1977	799.53
1978	799.54
1979	799.54
1980	799.56
1981	799.58
1982	799.6
1983	799.53
1984	799.53
1985	799.53
1986	799.53
1987	799.53
1988	799.53
1989	799.55
1990	799.57
1991	799.6
1992	799.63
1993	799.54
1994	799.56
1995	799.54
1996	799.51
1997	799.53
1998	799.54
1999	799.54
2000	799.54
2001	799.55
2002	799.55
2003	799.55
2004	799.53
2005	799.54
2006	799.55
2007	799.55
2008	799.56
2009	799.58
2010	799.62
2011	799.49
2012	799.54
2013	799.57
2014	799.55
2015	799.55
2016	799.55
2017	799.55
2018	799.55
2019	799.55
2020	799.52
2021	799.56
2022	799.56
2023	799.56
2024	799.56
2025	799.56
2026	799.56
2027	799.56
2028	799.56
2029	799.55
2030	799.55
2031	799.53
2032	799.57
2033	799.56
2034	799.56
2035	799.56
2036	799.58
2037	799.58
2038	799.57
2039	799.57
2040	799.57
2041	799.56
2042	799.58
2043	799.58
2044	799.52
2045	799.58
2046	799.57
2047	799.57
2048	799.58
2049	799.59
2050	799.6
2051	799.62
2052	799.62
2053	799.6
2054	799.59
2055	799.6
2056	799.61
2057	799.61
2058	792.97
2059	799.46
2060	799.14
2061	799.47
2062	799.76
2063	799.61
2064	793.1
2065	798.83
2066	799.03
2067	799.77
2068	799.75
2069	799.76
2070	799.76
2071	799.74
2072	799.76
2073	799.74
2074	799.76
2075	799.76
2076	799.74
2077	799.73
2078	799.73
2079	799.73
2080	799.72
2081	799.72
2082	799.72
2083	799.72
2084	799.72
2085	799.72
2086	799.71
2087	799.72
2088	799.72
2089	799.72
2090	799.72
2091	799.71
2092	799.71
2093	799.71
2094	799.71
2095	799.69
2096	799.7
2097	799.7
2098	799.7
2099	799.71
2100	799.7
2101	799.71
2102	799.71
2103	799.71
2104	799.72
2105	799.7
2106	799.68
2107	799.7
2108	799.69
2109	799.69
2110	799.71
2111	799.69
2112	799.7
2113	799.72
2114	799.73
2115	799.7
2116	799.7
2117	799.69
2118	799.69
2119	799.69
2120	799.68
2121	799.69
2122	799.72
2123	799.7
2124	799.69
2125	799.7
2126	799.68
2127	799.68
2128	799.67
2129	799.7
2130	799.7
2131	799.72
2132	799.69
2133	799.67
2134	799.68
2135	799.69
2136	799.67
2137	799.71
2138	799.68
2139	799.68
2140	799.68
2141	799.68
2142	799.72
2143	799.68
2144	799.7
2145	799.71
2146	799.68
2147	799.68
2148	799.68
2149	799.67
2150	799.67
2151	799.68
2152	799.68
2153	799.67
2154	799.68
2155	799.67
2156	799.68
2157	799.71
2158	799.68
2159	799.72
2160	799.72
2161	799.72
2162	799.73
2163	799.78
2164	799.76
2165	799.83
2166	799.81
2167	799.82
2168	799.82
2169	799.82
2170	799.83
2171	799.82
2172	799.82
2173	799.82
2174	799.83
2175	799.84
2176	799.84
2177	799.85
2178	799.83
2179	799.82
2180	799.83
2181	799.82
2182	799.82
2183	799.82
2184	799.82
2185	799.81
2186	799.82
2187	799.82
2188	799.82
2189	799.82
2190	799.81
2191	799.82
2192	799.81
2193	799.81
2194	799.81
2195	799.81
2196	799.8
2197	799.8
2198	799.79
2199	799.79
2200	799.8
2201	799.8
2202	799.79
2203	799.78
2204	799.76
2205	799.77
2206	799.75
2207	799.73
2208	799.71
2209	799.71
2210	799.73
2211	799.72
2212	799.75
2213	799.74
2214	799.76
2215	799.79
2216	799.81
2217	799.82
2218	799.83
2219	799.82
2220	799.89
2221	799.86
2222	799.87
2223	799.9
2224	799.85
2225	799.85
2226	799.85
2227	799.86
2228	799.87
2229	799.88
2230	799.9
2231	799.9
2232	799.89
2233	799.9
2234	799.9
2235	799.91
2236	799.91
2237	799.91
2238	799.9
2239	799.91
2240	799.91
2241	799.92
2242	799.93
2243	799.94
2244	799.93
2245	799.93
2246	799.94
2247	799.95
2248	799.95
2249	799.95
2250	799.95
2251	799.97
2252	799.97
2253	799.97
2254	799.95
2255	799.97
2256	799.89
2257	799.92
2258	799.86
2259	799.91
2260	799.88
2261	799.9
2262	799.93
2263	799.92
2264	799.97
2265	799.95
2266	800.
2267	800.06
2268	800.04
2269	800.1
2270	800.16
2271	800.34
2272	800.28
2273	800.39
2274	800.47
2275	800.52
2276	800.56
2277	800.55
2278	800.55
2279	800.56
2280	800.6
2281	800.59
2282	800.62
2283	800.64
2284	800.67
2285	800.68
2286	800.71
2287	800.7
2288	800.72
2289	800.71
2290	800.73
2291	800.73
2292	800.74
2293	800.74
2294	800.74
2295	800.74
2296	800.74
2297	800.78
2298	800.76
2299	800.79
2300	800.79
2301	800.78
2302	800.79
2303	800.76
2304	800.73
2305	800.76
2306	800.72
2307	800.72
2308	800.73
2309	800.71
2310	800.75
2311	800.75
2312	800.79
2313	800.82
2314	800.85
2315	800.82
2316	800.96
2317	801.34
2318	801.14
2319	801.56
2320	802.37
2321	803.49
2322	804.14
2323	803.26
2324	801.41
2325	802.02
2326	800.76
2327	799.31
2328	798.18
2329	797.17
2330	797.44
2331	796.95
2332	796.6
2333	796.34
2334	796.12
2335	795.94
2336	795.78
2337	795.64
2338	795.46
2339	795.52
2340	795.42
2341	795.32
2342	795.24
2343	795.16
2344	795.05
2345	795.11
2346	794.96
2347	795.01
2348	794.91
2349	794.84
2350	794.76
2351	794.68
2352	794.56
2353	794.61
2354	794.54
2355	794.41
2356	794.35
2357	794.28
2358	794.22
2359	794.16
2360	793.96
2361	793.99
2362	793.95
2363	793.89
2364	793.86
2365	793.79
2366	793.81
2367	793.74
2368	793.76
2369	793.7
2370	793.72
2371	793.68
2372	793.64
2373	793.62
2374	793.59
2375	793.54
2376	793.55
2377	793.52
2378	793.5
2379	793.45
2380	793.44
2381	793.4
2382	793.36
2383	793.35
2384	793.35
2385	793.31
2386	793.29
2387	799.32
2388	799.76
2389	793.32
2390	799.61
2391	799.47
2392	799.23
2393	799.24
2394	798.74
2395	799.31
2396	799.32
2397	799.33
2398	799.32
2399	799.31
2400	799.31
2401	799.29
2402	799.29
2403	799.31
2404	799.31
2405	799.32
2406	799.3
2407	799.31
2408	799.3
2409	799.29
2410	799.3
2411	799.29
2412	799.29
2413	799.29
2414	799.28
2415	799.29
2416	799.28
2417	799.28
2418	799.28
2419	799.26
2420	799.29
2421	799.31
2422	799.28
2423	799.27
2424	799.27
2425	799.28
2426	799.29
2427	799.28
2428	799.28
2429	799.28
2430	799.28
2431	799.28
2432	799.28
2433	799.27
2434	799.27
2435	799.28
2436	799.26
2437	799.26
2438	799.27
2439	799.26
2440	799.27
2441	799.26
2442	799.27
2443	799.26
2444	799.27
2445	799.26
2446	799.27
2447	799.26
2448	799.25
2449	799.25
2450	799.25
2451	799.27
2452	799.25
2453	799.26
2454	799.25
2455	799.27
2456	799.26
2457	799.25
2458	799.26
2459	799.25
2460	799.24
2461	799.29
2462	799.27
2463	799.26
2464	799.26
2465	799.25
2466	799.23
2467	799.23
2468	799.25
2469	799.25
2470	799.26
2471	799.26
2472	799.26
2473	799.26
2474	799.26
2475	799.24
2476	799.25
2477	799.24
2478	799.23
2479	799.23
2480	799.26
2481	799.26
2482	799.26
2483	799.24
2484	799.23
2485	799.27
2486	799.26
2487	799.25
2488	799.26
2489	799.25
2490	799.25
2491	799.24
2492	799.25
2493	799.25
2494	799.24
2495	799.23
2496	799.23
2497	799.27
2498	799.25
2499	799.25
2500	799.24
2501	799.25
2502	799.24
2503	799.25
2504	799.24
2505	799.24
2506	799.24
2507	799.23
2508	799.2
2509	799.28
2510	799.25
2511	799.24
2512	799.24
2513	799.25
2514	799.25
2515	799.22
2516	799.23
2517	799.24
2518	799.25
2519	799.23
2520	799.24
2521	799.23
2522	799.24
2523	799.25
2524	799.24
2525	799.23
2526	799.23
2527	799.24
2528	799.24
2529	799.24
2530	799.23
2531	799.22
2532	799.21
2533	799.22
2534	799.22
2535	799.21
2536	799.19
2537	799.11
2538	799.11
2539	799.11
2540	799.11
2541	799.1
2542	799.1
2543	799.1
2544	799.1
2545	799.1
2546	799.1
2547	799.1
2548	799.09
2549	799.1
2550	799.09
2551	799.09
2552	799.09
2553	799.09
2554	799.08
2555	799.08
2556	799.09
2557	799.09
2558	799.08
2559	799.08
2560	799.09
2561	799.08
2562	799.08
2563	799.08
2564	799.07
2565	799.07
2566	799.08
2567	799.08
2568	799.08
2569	799.08
2570	799.07
2571	799.07
2572	799.07
2573	799.07
2574	799.07
2575	799.06
2576	799.06
2577	799.05
2578	799.05
2579	799.05
2580	799.04
2581	799.03
2582	799.02
2583	799.02
2584	799.02
2585	799.01
2586	799.
2587	798.99
2588	799.
2589	798.96
2590	798.97
2591	798.96
2592	798.95
2593	798.94
2594	798.93
2595	798.91
2596	798.87
2597	798.85
2598	798.81
2599	798.78
2600	798.75
2601	798.74
2602	798.73
2603	798.7
2604	798.69
2605	798.73
2606	798.76
2607	798.78
2608	798.8
2609	798.82
2610	798.87
2611	798.92
2612	798.94
2613	798.96
2614	798.98
2615	798.99
2616	799.01
2617	799.02
2618	799.03
2619	799.04
2620	799.05
2621	799.06
2622	799.06
2623	799.05
2624	799.06
2625	799.08
2626	799.1
2627	799.12
2628	799.12
2629	799.14
2630	799.14
2631	799.14
2632	799.15
2633	799.16
2634	799.18
2635	799.18
2636	799.18
2637	799.19
2638	799.18
2639	799.15
2640	799.17
2641	799.19
2642	799.19
2643	799.19
2644	799.21
2645	799.22
2646	799.23
2647	799.23
2648	799.21
2649	799.22
2650	799.22
2651	799.22
2652	799.22
2653	799.22
2654	799.23
2655	799.24
2656	799.24
2657	799.24
2658	799.24
2659	799.24
2660	799.25
2661	799.25
2662	799.26
2663	799.27
2664	799.29
2665	799.35
2666	799.41
2667	799.42
2668	799.41
2669	799.45
2670	799.46
2671	799.47
2672	799.48
2673	799.49
2674	799.5
2675	799.53
2676	799.55
2677	799.61
2678	799.64
2679	799.66
2680	799.7
2681	799.73
2682	799.77
2683	799.77
2684	799.79
2685	799.8
2686	799.8
2687	799.81
2688	799.84
2689	799.86
2690	799.88
2691	799.9
2692	799.9
2693	799.92
2694	799.95
2695	799.97
2696	799.98
2697	800.
2698	800.03
2699	800.04
2700	800.04
2701	800.04
2702	800.04
2703	800.05
2704	800.08
2705	800.12
2706	800.13
2707	800.13
2708	800.14
2709	800.16
2710	800.16
2711	800.15
2712	800.15
2713	800.15
2714	800.19
2715	800.21
2716	800.22
2717	800.24
2718	800.27
2719	800.29
2720	800.31
2721	800.33
2722	800.36
2723	800.39
2724	800.44
2725	800.49
2726	800.54
2727	800.64
2728	800.73
2729	800.81
2730	800.74
2731	800.62
2732	800.41
2733	800.17
2734	799.77
2735	799.38
2736	798.95
2737	798.54
2738	797.79
2739	797.15
2740	796.88
2741	796.65
2742	796.44
2743	796.27
2744	795.96
2745	795.83
2746	795.71
2747	795.61
2748	795.51
2749	795.33
2750	795.19
2751	795.12
2752	795.05
2753	794.95
2754	794.84
2755	794.8
2756	794.77
2757	794.73
2758	794.68
2759	794.64
2760	794.59
2761	794.55
2762	794.51
2763	794.47
2764	794.43
2765	794.39
2766	794.35
2767	794.27
2768	794.24
2769	794.19
2770	794.18
2771	794.07
2772	794.03
2773	794.
2774	793.93
2775	793.87
2776	793.83
2777	793.8
2778	793.76
2779	793.74
2780	793.71
2781	793.66
2782	793.61
2783	793.58
2784	793.55
2785	793.52
2786	793.51
2787	793.47
2788	793.45
2789	793.41
2790	793.41
2791	793.37
2792	793.37
2793	793.35
2794	793.31
2795	793.27
2796	793.23
2797	793.22
2798	793.21
2799	793.19
2800	793.18
2801	793.15
2802	793.13
2803	793.1
2804	793.1
2805	793.07
2806	793.07
2807	793.04
2808	793.
2809	793.
2810	792.99
2811	792.98
2812	792.97
2813	792.95
2814	792.94
2815	792.9
2816	792.9
2817	792.9
2818	792.87
2819	792.85
2820	792.83
2821	792.82
2822	792.8
2823	798.66
2824	799.32
2825	799.75
2826	793.32
2827	792.64
2828	792.65
2829	792.68
2830	792.69
2831	792.71
2832	792.73
2833	792.74
2834	792.75
2835	792.76
2836	792.76
2837	792.78
2838	792.81
2839	792.83
2840	792.83
2841	792.84
2842	792.86
2843	792.87
2844	792.89
2845	792.9
2846	792.91
2847	792.92
2848	792.94
2849	792.96
2850	792.97
2851	792.99
2852	793.
2853	793.
2854	793.03
2855	793.04
2856	793.07
2857	793.08
2858	793.1
2859	793.14
2860	793.14
2861	793.17
2862	793.18
2863	793.2
2864	793.23
2865	793.25
2866	793.28
2867	793.29
2868	793.31
2869	793.34
2870	793.36
2871	793.39
2872	793.41
2873	793.45
2874	793.46
2875	793.49
2876	793.51
2877	793.55
2878	793.57
2879	793.6
2880	793.63
2881	793.67
2882	793.69
2883	793.74
2884	793.76
2885	793.79
2886	793.82
2887	793.86
2888	793.89
2889	793.94
2890	793.96
2891	793.98
2892	794.03
2893	794.06
2894	794.1
2895	794.12
2896	794.17
2897	794.21
2898	794.25
2899	794.29
2900	794.32
2901	794.38
2902	794.41
2903	794.44
2904	794.49
2905	794.54
2906	794.58
2907	794.63
2908	794.67
2909	794.71
2910	794.76
2911	794.81
2912	794.87
2913	794.92
2914	795.
2915	795.06
2916	795.13
2917	795.21
2918	795.29
2919	795.38
2920	795.49
2921	795.59
2922	795.71
2923	795.85
2924	796.17
2925	796.35
2926	796.57
2927	796.81
2928	797.08
2929	797.36
2930	797.69
2931	798.06
2932	798.42
2933	798.81
2934	799.2
2935	799.56
2936	799.9
2937	800.17
2938	800.4
2939	800.48
2940	800.58
2941	800.64
2942	800.65
2943	800.64
2944	800.58
2945	800.53
2946	800.49
2947	800.44
2948	800.4
2949	800.31
2950	800.28
2951	800.25
2952	800.22
2953	800.2
2954	800.18
2955	800.16
2956	800.14
2957	800.13
2958	800.12
2959	800.11
2960	800.1
2961	800.08
2962	800.07
2963	800.06
2964	800.06
2965	800.06
2966	800.06
2967	800.05
2968	800.04
2969	800.03
2970	800.03
2971	800.02
2972	800.01
2973	800.
2974	799.99
2975	799.97
2976	799.96
2977	799.95
2978	799.95
2979	799.94
2980	799.93
2981	799.92
2982	799.9
2983	799.89
2984	799.87
2985	799.85
2986	799.83
2987	799.82
2988	799.8
2989	799.78
2990	799.76
2991	799.74
2992	799.72
2993	799.7
2994	799.68
2995	799.66
2996	799.64
2997	799.62
2998	799.59
2999	799.56
3000	799.52
3001	799.5
3002	799.47
3003	799.45
3004	799.42
3005	799.41
3006	799.39
3007	799.37
3008	799.36
3009	799.35
3010	799.34
3011	799.32
3012	799.31
3013	799.29
3014	799.28
3015	799.28
3016	799.27
3017	799.25
3018	799.23
3019	799.21
3020	799.2
3021	799.19
3022	799.18
3023	799.18
3024	799.17
3025	799.17
3026	799.17
3027	799.17
3028	799.17
3029	799.16
3030	799.15
3031	799.15
3032	799.15
3033	799.15
3034	799.15
3035	799.15
3036	799.14
3037	799.14
3038	799.15
3039	799.15
3040	799.14
3041	799.14
3042	799.13
3043	799.12
3044	799.12
3045	799.12
3046	799.12
3047	799.11
3048	799.11
3049	799.1
3050	799.1
3051	799.1
3052	799.11
3053	799.1
3054	799.1
3055	799.1
3056	799.1
3057	799.09
3058	799.08
3059	799.07
3060	799.07
3061	799.07
3062	799.06
3063	799.06
3064	799.05
3065	799.04
3066	799.04
3067	799.04
3068	799.03
3069	799.01
3070	799.
3071	798.99
3072	798.99
3073	798.98
3074	798.98
3075	798.97
3076	798.94
3077	798.93
3078	798.92
3079	798.91
3080	798.9
3081	798.88
3082	798.86
3083	798.84
3084	798.82
3085	798.8
3086	798.78
3087	798.75
3088	798.73
3089	798.71
3090	798.69
3091	798.66
3092	798.63
3093	798.6
3094	798.56
3095	798.59
3096	798.62
3097	798.65
3098	798.67
3099	798.68
3100	798.71
3101	798.72
3102	798.74
3103	798.76
3104	798.78
3105	798.8
3106	798.82
3107	798.84
3108	798.85
3109	798.86
3110	798.88
3111	798.89
3112	798.9
3113	798.9
3114	798.92
3115	798.92
3116	798.93
3117	798.94
3118	798.95
3119	798.95
3120	798.95
3121	798.96
3122	798.97
3123	798.97
3124	798.98
3125	798.98
3126	798.99
3127	798.99
3128	798.99
3129	799.
3130	799.
3131	799.
3132	799.
3133	799.
3134	799.01
3135	799.01
3136	799.01
3137	799.01
3138	799.01
3139	799.01
3140	799.01
3141	799.01
3142	799.01
3143	799.01
3144	799.01
3145	799.02
3146	799.02
3147	799.02
3148	799.02
3149	799.02
3150	799.02
3151	799.02
3152	799.02
3153	799.02
3154	799.02
3155	799.02
3156	799.02
3157	799.02
3158	799.03
3159	799.03
3160	799.03
3161	799.02
3162	799.02
3163	799.03
3164	799.03
3165	799.03
3166	799.03
3167	799.03
3168	799.03
3169	799.04
3170	799.05
3171	799.06
3172	799.07
3173	799.08
3174	799.08
3175	799.08
3176	799.09
3177	799.08
3178	799.09
3179	799.09
3180	799.1
3181	799.1
3182	799.1
3183	799.09
3184	799.09
3185	799.1
3186	799.1
3187	799.1
3188	799.08
3189	799.1
3190	799.1
3191	799.1
3192	799.1
3193	799.09
3194	799.09
3195	799.1
3196	799.1
3197	799.1
3198	799.1
3199	799.11
3200	799.12
3201	799.08
3202	799.09
3203	799.1
3204	799.1
3205	799.1
3206	799.11
3207	799.1
3208	799.11
3209	799.1
3210	799.11
3211	799.11
3212	799.11
3213	799.1
3214	799.1
3215	799.1
3216	799.11
3217	799.1
3218	799.09
3219	799.11
3220	799.12
3221	799.11
3222	799.11
3223	799.11
3224	799.11
3225	799.1
3226	799.1
3227	799.11
3228	799.11
3229	799.11
3230	799.1
3231	799.1
3232	799.11
3233	799.11
3234	799.1
3235	799.11
3236	799.11
3237	799.12
3238	799.11
3239	799.12
3240	799.11
3241	799.11
3242	799.11
3243	799.11
3244	799.12
3245	799.12
3246	799.11
3247	799.12
3248	799.13
3249	799.11
3250	799.1
3251	799.11
3252	799.11
3253	799.13
3254	799.12
3255	799.11
3256	799.11
3257	799.1
3258	799.12
3259	799.12
3260	799.11
3261	799.1
3262	799.11
3263	799.12
3264	799.13
3265	799.12
3266	799.12
3267	799.12
3268	799.13
3269	799.13
3270	799.13
3271	799.12
3272	799.13
3273	799.12
3274	799.12
3275	799.13
3276	799.13
3277	799.12
3278	799.13
3279	799.13
3280	799.13
3281	799.14
3282	799.13
3283	799.13
3284	799.14
3285	799.14
3286	799.13
3287	799.13
3288	799.13
3289	799.15
3290	799.14
3291	799.14
3292	799.14
3293	799.14
3294	799.14
3295	799.15
3296	799.15
3297	799.15
3298	799.15
3299	799.15
3300	799.16
3301	799.14
3302	799.16
3303	799.17
3304	799.17
3305	799.17
3306	799.17
3307	799.17
3308	799.16
3309	799.16
3310	799.17
3311	799.17
3312	799.17
3313	799.18
3314	799.17
3315	799.18
3316	799.18
3317	799.17
3318	798.79
3319	799.13
3320	799.34
3321	799.18
3322	793.52
3323	793.51
3324	793.47
3325	793.46
3326	793.46
3327	793.47
3328	793.47
3329	793.49
3330	793.51
3331	793.51
3332	793.52
3333	793.54
3334	793.55
3335	793.55
3336	793.57
3337	793.58
3338	793.58
3339	793.6
3340	793.61
3341	793.63
3342	793.64
3343	793.66
3344	793.66
3345	793.69
3346	793.7
3347	793.72
3348	793.74
3349	793.75
3350	793.77
3351	793.79
3352	793.8
3353	793.82
3354	793.82
3355	793.85
3356	793.87
3357	793.9
3358	793.91
3359	793.94
3360	793.97
3361	793.99
3362	794.01
3363	794.03
3364	794.06
3365	794.07
3366	794.1
3367	794.12
3368	794.15
3369	794.16
3370	794.19
3371	794.23
3372	794.25
3373	794.29
3374	794.32
3375	794.35
3376	794.37
3377	794.42
3378	794.44
3379	794.48
3380	794.51
3381	794.55
3382	794.57
3383	794.6
3384	794.63
3385	794.67
3386	794.7
3387	794.72
3388	794.77
3389	794.79
3390	794.84
3391	794.88
3392	794.91
3393	794.96
3394	795.
3395	795.05
3396	795.08
3397	795.12
3398	795.18
3399	795.21
3400	795.26
3401	795.29
3402	795.32
3403	795.36
3404	795.4
3405	795.43
3406	795.48
3407	795.52
3408	795.57
3409	795.61
3410	795.66
3411	795.71
3412	795.77
3413	795.84
3414	795.9
3415	795.96
3416	796.04
3417	796.11
3418	796.2
3419	796.29
3420	796.38
3421	796.49
3422	796.62
3423	796.75
3424	796.91
3425	797.09
3426	797.3
3427	797.59
3428	797.93
3429	798.44
3430	799.8
3431	801.3
3432	801.29
3433	801.14
3434	801.91
3435	803.02
3436	804.3
3437	805.34
3438	805.78
3439	805.28
3440	804.21
3441	802.96
3442	802.15
3443	801.77
3444	801.32
3445	800.89
3446	800.92
3447	800.88
3448	800.63
3449	800.72
3450	800.74
3451	800.97
3452	801.04
3453	801.07
3454	800.86
3455	800.8
3456	800.89
3457	800.79
3458	800.76
3459	800.85
3460	800.78
3461	800.71
3462	800.76
3463	800.85
3464	800.83
3465	800.82
3466	800.88
3467	800.89
3468	800.85
3469	800.89
3470	800.92
3471	800.83
3472	800.85
3473	800.86
3474	800.83
3475	800.84
3476	800.82
3477	800.83
3478	800.83
3479	800.82
3480	800.82
3481	800.8
3482	800.8
3483	800.8
3484	800.78
3485	800.78
3486	800.78
3487	800.76
3488	800.75
3489	800.72
3490	800.72
3491	800.7
3492	800.69
3493	800.68
3494	800.66
3495	800.66
3496	800.65
3497	800.65
3498	800.64
3499	800.62
3500	800.58
3501	800.54
3502	800.49
3503	800.43
3504	800.38
3505	800.33
3506	800.28
3507	800.25
3508	800.22
3509	800.19
3510	800.17
3511	800.14
3512	800.13
3513	800.11
3514	800.09
3515	800.08
3516	800.06
3517	800.04
3518	800.05
3519	800.04
3520	800.01
3521	800.02
3522	800.
3523	800.
3524	800.
3525	800.02
3526	800.03
3527	800.04
3528	800.05
3529	800.05
3530	800.04
3531	800.04
3532	800.04
3533	800.04
3534	800.03
3535	800.03
3536	800.03
3537	800.03
3538	800.03
3539	800.02
3540	800.02
3541	800.02
3542	800.01
3543	800.01
3544	800.01
3545	800.01
3546	800.01
3547	800.01
3548	800.01
3549	800.
3550	799.99
3551	799.99
3552	799.99
3553	799.99
3554	799.99
3555	799.99
3556	799.98
3557	799.98
3558	799.98
3559	799.98
3560	799.97
3561	799.97
3562	799.97
3563	799.97
3564	799.97
3565	799.97
3566	799.97
3567	799.96
3568	799.95
3569	799.95
3570	799.95
3571	799.94
3572	799.94
3573	799.94
3574	799.93
3575	799.94
3576	799.94
3577	799.95
3578	799.95
3579	799.93
3580	799.92
3581	799.91
3582	799.91
3583	799.91
3584	799.91
3585	799.9
3586	799.9
3587	799.89
3588	799.88
3589	799.88
3590	799.87
3591	799.86
3592	799.86
3593	799.85
3594	799.84
3595	799.83
3596	799.84
3597	799.85
3598	799.86
3599	799.86
3600	799.87
3601	799.87
3602	799.88
3603	799.88
3604	799.88
3605	799.88
3606	799.89
3607	799.89
3608	799.89
3609	799.89
3610	799.89
3611	799.89
3612	799.89
3613	799.89
3614	799.89
3615	799.89
3616	799.89
3617	799.89
3618	799.89
3619	799.89
3620	799.9
3621	799.89
3622	799.89
3623	799.89
3624	799.89
3625	799.9
3626	799.9
3627	799.9
3628	799.9
3629	799.9
3630	799.9
3631	799.9
3632	799.9
3633	799.9
3634	799.9
3635	799.9
3636	799.9
3637	799.9
3638	799.9
3639	799.9
3640	799.9
3641	799.9
3642	799.9
3643	799.9
3644	799.91
3645	799.91
3646	799.91
3647	799.91
3648	799.91
3649	799.9
3650	799.9
3651	799.9
3652	799.9
3653	799.9
3654	799.9
3655	799.9
3656	799.9
3657	799.9
3658	799.9
3659	799.9
3660	799.9
3661	799.9
3662	799.9
3663	799.89
3664	799.88
3665	799.87
3666	799.85
3667	799.86
3668	799.87
3669	799.85
3670	799.85
3671	799.86
3672	799.83
3673	799.83
3674	799.82
3675	799.84
3676	799.83
3677	799.83
3678	799.83
3679	799.83
3680	799.84
3681	799.83
3682	799.82
3683	799.83
3684	799.83
3685	799.83
3686	799.84
3687	799.82
3688	799.82
3689	799.84
3690	799.82
3691	799.83
3692	799.83
3693	799.82
3694	799.84
3695	799.85
3696	799.85
3697	799.83
3698	799.83
3699	799.83
3700	799.83
3701	799.82
3702	799.83
3703	799.82
3704	799.83
3705	799.83
3706	799.85
3707	799.85
3708	799.85
3709	799.82
3710	799.84
3711	799.84
3712	799.82
3713	799.83
3714	799.83
3715	799.83
3716	799.85
3717	799.84
3718	799.85
3719	799.85
3720	799.86
3721	799.85
3722	799.85
3723	799.85
3724	799.83
3725	799.83
3726	799.84
3727	799.83
3728	799.84
3729	799.84
3730	799.84
3731	799.85
3732	799.86
3733	799.84
3734	799.84
3735	799.84
3736	799.85
3737	799.84
3738	799.84
3739	799.84
3740	799.85
3741	799.85
3742	799.86
3743	799.86
3744	799.85
3745	799.85
3746	799.86
3747	799.84
3748	799.84
3749	799.85
3750	799.84
3751	799.85
3752	799.84
3753	799.85
3754	799.85
3755	799.84
3756	799.85
3757	799.86
3758	799.85
3759	799.85
3760	799.86
3761	799.86
3762	799.85
3763	799.85
3764	799.85
3765	799.85
3766	799.84
3767	799.86
3768	799.85
3769	799.86
3770	799.86
3771	799.86
3772	799.86
3773	799.87
3774	799.87
3775	799.86
3776	799.86
3777	799.88
3778	799.87
3779	799.87
3780	799.87
3781	799.86
3782	799.87
3783	799.89
3784	799.86
3785	799.87
3786	799.87
3787	799.87
3788	799.89
3789	799.88
3790	799.88
3791	799.88
3792	799.89
3793	799.89
3794	799.89
3795	799.9
3796	799.92
3797	799.9
3798	799.89
3799	799.9
3800	799.91
3801	799.91
3802	799.91
3803	799.91
3804	799.9
3805	799.92
3806	799.92
3807	799.9
3808	799.89
3809	798.91
3810	799.12
3811	798.91
3812	799.12
3813	799.02
3814	798.82
3815	799.03
3816	799.
3817	799.18
3818	794.17
3819	799.9
3820	794.26
3821	797.78
3822	799.14
3823	799.97
3824	800.08
3825	793.28
3826	799.62
3827	799.12
3828	799.82
3829	799.21
3830	799.73
3831	793.03
3832	800.23
3833	799.87
3834	799.55
3835	799.42
3836	799.4
3837	799.41
3838	799.37
3839	800.5
3840	799.43
3841	799.54
3842	799.38
3843	793.43
3844	794.5
3845	801.03
3846	799.19
3847	794.32
3848	799.85
3849	794.32
3850	795.08
3851	799.41
3852	801.13
3853	799.41
3854	799.41
3855	799.4
3856	799.42
3857	800.33
3858	793.12
3859	793.96
3860	793.75
3861	799.45
3862	799.37
3863	799.39
3864	799.39
3865	799.48
3866	799.4
3867	799.43
3868	799.37
3869	799.42
3870	799.4
3871	801.77
3872	799.72
3873	794.14
3874	799.78
3875	799.74
3876	799.52
3877	800.81
3878	799.76
3879	799.38
3880	799.34
3881	799.39
3882	799.38
3883	799.43
3884	799.35
3885	799.39
3886	799.42
3887	799.39
3888	799.39
3889	799.4
3890	799.39
3891	799.4
3892	799.18
3893	800.76
3894	799.21
3895	799.29
3896	800.32
3897	799.32
3898	793.28
3899	794.58
3900	798.8
3901	794.31
3902	800.27
3903	799.69
3904	800.17
3905	799.68
3906	794.1
3907	799.73
3908	793.64
3909	799.56
3910	792.8
3911	793.52
3912	800.33
3913	797.45
3914	793.9
3915	799.31
3916	799.82
3917	794.18
3918	799.06
3919	800.11
3920	799.83
3921	799.2
3922	801.9
3923	799.59
3924	793.19
3925	798.16
3926	799.58
3927	799.7
3928	799.26
3929	793.15
3930	799.17
3931	800.25
3932	799.64
3933	794.72
3934	794.46
3935	794.9
3936	800.01
3937	795.37
3938	800.56
3939	799.21
3940	799.4
3941	799.53
3942	798.89
3943	799.59
3944	793.05
3945	793.65
3946	798.83
3947	799.68
3948	799.67
3949	799.68
3950	799.68
3951	800.23
3952	799.87
3953	799.94
3954	799.86
3955	799.67
3956	799.68
3957	799.68
3958	799.66
3959	799.68
3960	799.86
3961	799.86
3962	799.48
3963	799.85
3964	799.5
3965	795.83
3966	799.35
3967	802.13
3968	792.99
3969	799.61
3970	799.89
3971	799.2
3972	796.
3973	799.77
3974	799.56
3975	799.7
3976	799.42
3977	799.89
3978	795.54
3979	800.27
3980	793.53
3981	799.71
3982	799.72
3983	799.3
3984	799.69
3985	799.71
3986	799.71
3987	800.58
3988	799.7
3989	794.61
3990	799.81
3991	794.71
3992	799.7
3993	799.7
3994	799.16
3995	793.8
3996	793.95
3997	800.72
3998	799.42
3999	799.52
4000	799.4
4001	799.5
4002	793.69
4003	795.14
4004	794.94
4005	799.32
4006	799.33
4007	799.18
4008	799.83
4009	799.82
4010	799.56
4011	799.32
4012	799.66
4013	800.4
4014	800.01
4015	799.7
4016	799.48
4017	799.54
4018	799.68
4019	799.63
4020	799.58
4021	799.4
4022	799.26
4023	793.92
4024	799.7
4025	800.66
4026	799.82
4027	799.81
4028	795.14
4029	800.92
4030	799.95
4031	800.33
4032	800.1
4033	799.64
4034	799.2
4035	799.43
4036	795.17
4037	800.4
4038	800.55
4039	799.
4040	794.89
4041	800.78
4042	800.24
4043	799.74
4044	800.54
4045	796.2
4046	795.03
4047	795.28
4048	794.01
4049	799.27
4050	799.71
4051	794.46
4052	799.29
4053	793.27
4054	799.16
4055	800.82
4056	799.9
4057	802.62
4058	800.34
4059	793.42
4060	799.81
4061	799.82
4062	799.69
4063	800.63
4064	799.11
4065	798.97
4066	800.69
4067	799.62
4068	799.57
4069	799.14
4070	799.85
4071	800.13
4072	799.75
4073	800.
4074	799.61
4075	799.76
4076	801.02
4077	800.74
4078	799.09
4079	804.
4080	799.25
4081	799.59
4082	796.76
4083	799.73
4084	799.31
4085	799.33
4086	799.22
4087	799.73
4088	799.74
4089	799.74
4090	799.17
4091	799.94
4092	799.57
4093	798.73
4094	800.2
4095	799.72
4096	799.4
4097	799.9
4098	800.82
4099	799.45
4100	799.68
4101	792.8
4102	799.68
4103	799.33
4104	800.2
4105	799.74
4106	799.35
4107	799.31
4108	799.41
4109	798.89
4110	799.41
4111	799.42
4112	799.42
4113	799.3
4114	799.39
4115	799.94
4116	799.4
4117	799.42
4118	799.4
4119	799.41
4120	799.38
4121	801.02
4122	800.95
4123	799.42
4124	800.36
4125	799.4
4126	799.83
4127	799.81
4128	799.44
4129	799.38
4130	799.66
4131	799.4
4132	799.63
4133	799.45
4134	799.4
4135	799.38
4136	799.73
4137	794.46
4138	799.39
4139	799.56
4140	799.38
4141	794.63
4142	799.74
4143	793.17
4144	799.8
4145	799.29
4146	793.61
4147	794.07
4148	793.59
4149	794.88
4150	800.33
4151	799.75
4152	793.91
4153	799.87
4154	793.03
4155	799.19
4156	799.31
4157	793.41
4158	793.07
4159	793.2
4160	795.26
4161	800.67
4162	799.42
4163	800.57
4164	798.92
4165	799.74
4166	793.14
4167	800.64
4168	800.52
4169	799.3
4170	799.72
4171	799.76
4172	799.57
4173	800.37
4174	799.18
4175	799.64
4176	799.66
4177	799.7
4178	800.2
4179	800.74
4180	793.38
4181	800.61
4182	800.12
4183	800.13
4184	800.05
4185	799.87
4186	795.38
4187	794.34
4188	799.39
4189	799.23
4190	799.16
4191	799.2
4192	799.23
4193	799.23
4194	799.58
4195	799.66
4196	799.67
4197	799.63
4198	799.25
4199	799.43
4200	799.3
4201	799.6
4202	799.59
4203	799.82
4204	799.6
4205	799.59
4206	799.57
4207	799.57
4208	793.27
4209	799.56
4210	799.69
4211	793.64
4212	799.27
4213	799.58
4214	800.59
4215	794.32
4216	800.43
4217	796.46
4218	799.29
4219	799.38
4220	799.12
4221	799.39
4222	799.36
4223	799.36
4224	799.46
4225	799.38
4226	799.39
4227	799.43
4228	799.55
4229	799.38
4230	800.88
4231	800.85
4232	799.69
4233	799.65
4234	793.45
4235	800.53
4236	793.87
4237	800.67
4238	799.31
4239	793.15
4240	793.78
4241	795.94
4242	800.39
4243	799.36
4244	802.92
4245	793.38
4246	794.39
4247	799.9
4248	799.16
4249	794.2
4250	799.74
4251	800.74
4252	793.3
4253	799.18
4254	799.15
4255	799.11
4256	795.19
4257	799.54
4258	803.78
4259	799.8
4260	799.71
4261	799.82
4262	799.82
4263	799.82
4264	799.03
4265	799.74
4266	799.36
4267	795.71
4268	799.77
4269	794.44
4270	799.18
4271	799.91
4272	798.91
4273	799.82
4274	799.81
4275	799.77
4276	799.94
4277	799.09
4278	799.07
4279	799.67
4280	799.68
4281	799.7
4282	799.75
4283	800.35
4284	799.7
4285	799.75
4286	799.69
4287	799.72
4288	799.71
4289	799.72
4290	799.71
4291	799.7
4292	799.69
4293	799.72
4294	793.51
4295	799.13
4296	796.28
4297	800.84
4298	793.46
4299	799.86
4300	800.32
4301	799.99
4302	800.61
4303	800.78
4304	799.95
4305	799.97
4306	799.1
4307	800.88
4308	800.43
4309	800.68
4310	799.82
4311	799.84
4312	799.93
4313	799.8
4314	799.22
4315	799.81
4316	793.67
4317	799.58
4318	799.78
4319	799.82
4320	800.26
4321	793.03
4322	793.31
4323	798.88
4324	793.82
4325	799.72
4326	799.68
4327	799.73
4328	799.74
4329	799.72
4330	799.69
4331	799.71
4332	799.72
4333	799.68
4334	799.89
4335	799.72
4336	799.69
4337	799.68
4338	800.6
4339	793.11
4340	799.83
4341	799.82
4342	799.26
4343	795.85
4344	795.72
4345	792.88
4346	793.16
4347	795.08
4348	798.96
4349	799.8
4350	799.98
4351	799.22
4352	799.66
4353	800.64
4354	799.7
4355	799.62
4356	799.57
4357	799.81
4358	799.82
4359	799.84
4360	800.26
4361	799.34
4362	799.33
4363	796.1
4364	794.81
4365	796.23
4366	799.22
4367	793.32
4368	798.84
4369	799.74
4370	795.42
4371	795.58
4372	793.33
4373	792.91
4374	793.48
4375	799.91
4376	799.85
4377	799.38
4378	799.19
4379	800.49
4380	799.14
4381	800.22
4382	796.02
4383	793.69
4384	794.04
4385	793.4
4386	795.27
4387	795.
4388	793.57
4389	800.8
4390	799.47
4391	800.15
4392	799.13
4393	800.37
4394	799.11
4395	800.41
4396	799.49
4397	799.52
4398	799.95
4399	799.26
4400	799.65
4401	799.66
4402	799.22
4403	800.29
4404	800.87
4405	800.27
4406	800.22
4407	800.1
4408	800.13
4409	800.62
4410	799.06
4411	800.3
4412	799.58
4413	799.37
4414	799.17
4415	799.35
4416	799.75
4417	799.23
4418	799.67
4419	799.78
4420	799.12
4421	799.65
4422	793.24
4423	799.35
4424	801.72
4425	800.5
4426	800.42
4427	800.37
4428	799.49
4429	799.49
4430	799.47
4431	799.34
4432	799.44
4433	799.45
4434	799.37
4435	799.37
4436	799.43
4437	799.45
4438	799.54
4439	799.56
4440	799.57
4441	799.57
4442	799.43
4443	799.42
4444	799.42
4445	799.32
4446	799.34
4447	799.22
4448	799.24
4449	794.57
4450	799.09
4451	799.06
4452	799.19
4453	799.17
4454	799.3
4455	799.28
4456	799.41
4457	799.39
4458	799.52
4459	799.5
4460	798.83
4461	800.24
4462	800.27
4463	800.35
4464	800.37
4465	799.25
4466	799.24
4467	799.36
4468	799.35
4469	799.48
4470	799.47
4471	799.81
4472	799.81
4473	799.73
4474	799.73
4475	799.64
4476	799.65
4477	799.57
4478	799.56
4479	800.63
4480	800.62
4481	800.56
4482	800.54
4483	800.47
4484	800.46
4485	792.62
4486	792.6
4487	799.46
4488	799.44
4489	795.19
4490	799.57
4491	800.33
4492	799.26
4493	800.77
4494	793.86
4495	794.86
4496	795.1
4497	799.71
4498	799.73
4499	799.61
4500	799.6
4501	799.59
4502	793.2
4503	800.12
4504	799.38
4505	799.39
4506	799.61
4507	793.18
4508	794.04
4509	794.08
4510	793.56
4511	793.33
4512	799.38
4513	799.37
4514	799.39
4515	799.61
4516	799.29
4517	799.2
4518	799.56
4519	799.66
4520	795.38
4521	795.33
4522	799.6
4523	799.61
4524	799.51
4525	799.51
4526	799.41
4527	799.41
4528	799.31
4529	799.31
4530	799.22
4531	799.22
4532	799.36
4533	799.38
4534	799.26
4535	799.28
4536	799.17
4537	799.18
4538	799.08
4539	799.09
4540	796.51
4541	796.35
4542	796.57
4543	796.41
4544	799.52
4545	799.53
4546	799.42
4547	799.43
4548	799.33
4549	799.34
4550	799.24
4551	799.25
4552	799.15
4553	799.17
4554	799.66
4555	799.66
4556	799.57
4557	799.57
4558	799.48
4559	799.49
4560	799.4
4561	799.31
4562	800.58
4563	800.58
4564	800.51
4565	800.43
4566	793.86
4567	793.84
4568	794.
4569	793.99
4570	800.68
4571	800.74
4572	800.77
4573	800.84
4574	800.84
4575	800.92
4576	800.89
4577	800.97
4578	800.89
4579	800.96
4580	799.72
4581	799.72
4582	799.63
4583	799.63
4584	799.54
4585	799.54
4586	799.44
4587	799.45
4588	798.63
4589	798.21
4590	798.69
4591	798.22
4592	799.49
4593	799.49
4594	799.42
4595	799.41
4596	799.35
4597	799.34
4598	800.44
4599	800.49
4600	800.5
4601	800.55
4602	800.59
4603	800.62
4604	800.67
4605	800.7
4606	799.11
4607	799.08
4608	799.02
4609	799.
4610	799.38
4611	799.36
4612	799.29
4613	799.27
4614	800.31
4615	800.33
4616	800.41
4617	800.42
4618	800.49
4619	800.5
4620	794.13
4621	794.1
4622	794.27
4623	794.24
4624	792.95
4625	792.95
4626	793.13
4627	793.11
4628	793.3
4629	793.3
4630	799.57
4631	799.57
4632	799.42
4633	799.43
4634	799.52
4635	799.53
4636	799.37
4637	799.39
4638	799.36
4639	799.37
4640	799.45
4641	799.46
4642	799.54
4643	799.55
4644	799.64
4645	799.64
4646	799.73
4647	799.73
4648	799.24
4649	799.23
4650	799.32
4651	799.32
4652	799.41
4653	799.4
4654	799.24
4655	799.24
4656	799.32
4657	799.32
4658	799.41
4659	799.41
4660	799.49
4661	799.49
4662	799.58
4663	799.58
4664	799.64
4665	799.7
4666	799.72
4667	799.76
4668	799.41
4669	799.4
4670	799.32
4671	799.32
4672	799.24
4673	799.24
4674	799.17
4675	799.17
4676	800.23
4677	800.22
4678	800.49
4679	799.4
4680	799.4
4681	799.39
4682	799.38
4683	799.41
4684	799.43
4685	799.44
4686	799.47
4687	799.47
4688	793.21
4689	799.68
4690	799.66
4691	799.56
4692	799.47
4693	799.38
4694	799.4
4695	799.48
4696	799.5
4697	799.58
4698	799.59
4699	799.21
4700	799.2
4701	799.29
4702	799.29
4703	799.38
4704	799.38
4705	799.47
4706	799.46
4707	799.55
4708	799.55
4709	802.53
4710	802.85
4711	801.92
4712	802.17
4713	801.4
4714	801.62
4715	800.98
4716	801.17
4717	800.64
4718	800.85
4719	799.55
4720	799.54
4721	799.4
4722	799.39
4723	799.7
4724	799.7
4725	799.61
4726	799.61
4727	799.53
4728	799.53
4729	799.45
4730	799.45
4731	793.14
4732	792.92
4733	792.95
4734	792.76
4735	792.78
4736	799.56
4737	799.56
4738	799.47
4739	799.47
4740	799.38
4741	799.38
4742	799.29
4743	799.3
4744	799.21
4745	799.22
4746	799.47
4747	799.61
4748	800.5
4749	800.53
4750	800.57
4751	800.42
4752	800.52
4753	799.59
4754	799.56
4755	799.63
4756	799.61
4757	799.65
4758	799.63
4759	799.67
4760	799.66
4761	799.69
4762	799.68
4763	799.71
4764	799.7
4765	799.74
4766	799.72
4767	799.75
4768	799.74
4769	799.77
4770	799.75
4771	799.79
4772	799.77
4773	799.81
4774	799.78
4775	799.82
4776	799.8
4777	799.84
4778	799.81
4779	799.85
4780	799.83
4781	799.87
4782	799.84
4783	799.88
4784	799.85
4785	799.89
4786	799.86
4787	799.9
4788	799.87
4789	799.91
4790	799.88
4791	799.92
4792	799.89
4793	799.93
4794	799.9
4795	799.94
4796	799.91
4797	799.95
4798	799.92
4799	799.96
4800	799.92
4801	799.97
4802	799.93
4803	799.98
4804	799.94
4805	799.98
4806	799.95
4807	799.99
4808	799.95
4809	800.
4810	799.96
4811	800.01
4812	799.97
4813	800.01
4814	799.97
4815	800.02
4816	799.98
4817	800.02
4818	799.99
4819	800.03
4820	799.99
4821	800.04
4822	800.
4823	800.05
4824	800.01
4825	800.06
4826	800.03
4827	800.07
4828	800.04
4829	800.08
4830	800.06
4831	800.1
4832	800.07
4833	800.11
4834	800.09
4835	800.13
4836	800.12
4837	800.15
4838	800.14
4839	800.18
4840	800.17
4841	800.2
4842	800.21
4843	800.24
4844	800.24
4845	800.27
4846	800.28
4847	800.31
4848	800.33
4849	800.35
4850	800.37
4851	800.4
4852	800.41
4853	800.44
4854	800.45
4855	800.48
4856	800.49
4857	800.52
4858	800.52
4859	800.56
4860	800.54
4861	800.58
4862	800.59
4863	799.11
4864	799.11
4865	799.15
4866	799.53
4867	799.6
4868	799.5
4869	799.58
4870	799.46
4871	799.55
4872	799.43
4873	799.52
4874	799.4
4875	799.49
4876	799.37
4877	799.45
4878	799.35
4879	799.43
4880	799.32
4881	799.4
4882	799.3
4883	799.38
4884	799.28
4885	799.35
4886	799.26
4887	799.34
4888	799.24
4889	799.32
4890	799.23
4891	799.3
4892	799.21
4893	799.29
4894	799.2
4895	799.28
4896	799.19
4897	799.27
4898	799.17
4899	799.25
4900	799.16
4901	799.24
4902	799.16
4903	799.23
4904	799.15
4905	799.22
4906	799.14
4907	799.21
4908	799.13
4909	799.2
4910	799.13
4911	799.19
4912	799.12
4913	799.18
4914	799.12
4915	799.16
4916	799.16
4917	798.51
4918	798.51
4919	798.53
4920	799.11
4921	799.15
4922	799.1
4923	799.14
4924	799.1
4925	799.14
4926	799.1
4927	799.13
4928	799.1
4929	799.13
4930	799.09
4931	799.13
4932	799.09
4933	799.13
4934	799.09
4935	799.12
4936	799.09
4937	799.12
4938	799.08
4939	799.12
4940	799.08
4941	799.12
4942	799.08
4943	799.11
4944	799.08
4945	799.11
4946	799.07
4947	799.11
4948	799.07
4949	799.11
4950	799.07
4951	799.11
4952	799.07
4953	799.11
4954	799.06
4955	799.1
4956	799.06
4957	799.1
4958	799.06
4959	799.1
4960	799.06
4961	799.09
4962	799.05
4963	799.09
4964	799.05
4965	799.09
4966	799.05
4967	799.08
4968	799.04
4969	799.08
4970	799.04
4971	799.08
4972	799.04
4973	799.07
4974	799.04
4975	799.07
4976	799.03
4977	799.06
4978	799.03
4979	799.07
4980	799.03
4981	799.07
4982	799.02
4983	799.06
4984	799.02
4985	799.06
4986	799.01
4987	799.06
4988	799.01
4989	799.05
4990	799.01
4991	799.05
4992	799.
4993	799.04
4994	799.
4995	799.04
4996	798.99
4997	799.03
4998	798.99
4999	799.03
5000	798.98
5001	799.03
5002	798.98
5003	799.02
5004	798.97
5005	799.01
5006	798.97
5007	799.01
5008	798.96
5009	799.
5010	798.95
5011	799.
5012	798.95
5013	798.99
5014	798.94
5015	798.98
5016	798.93
5017	798.97
5018	798.92
5019	798.96
5020	798.92
5021	798.95
5022	798.91
5023	798.95
5024	798.9
5025	798.94
5026	798.89
5027	798.93
5028	798.87
5029	798.92
5030	798.86
5031	798.91
5032	798.85
5033	798.89
5034	798.84
5035	798.88
5036	798.82
5037	798.87
5038	798.81
5039	798.85
5040	798.79
5041	798.84
5042	798.77
5043	798.82
5044	798.76
5045	798.8
5046	798.74
5047	798.78
5048	798.72
5049	798.76
5050	798.7
5051	798.74
5052	798.68
5053	798.72
5054	798.66
5055	798.7
5056	798.63
5057	798.68
5058	798.61
5059	798.65
5060	798.59
5061	798.63
5062	798.56
5063	798.6
5064	798.54
5065	798.58
5066	798.54
5067	798.95
5068	798.95
5069	799.
5070	798.95
5071	798.99
5072	798.95
5073	798.99
5074	798.95
5075	798.99
5076	798.95
5077	798.99
5078	798.95
5079	798.99
5080	798.95
5081	798.99
5082	798.95
5083	798.99
5084	798.95
5085	798.99
5086	798.95
5087	798.99
5088	798.95
5089	798.99
5090	798.95
5091	798.99
5092	798.95
5093	798.99
5094	798.95
5095	798.99
5096	798.95
5097	798.99
5098	798.95
5099	798.99
5100	798.95
5101	798.98
5102	798.95
5103	798.98
5104	798.95
5105	798.98
5106	798.95
5107	798.98
5108	798.95
5109	798.98
5110	798.95
5111	798.98
5112	798.95
5113	798.98
5114	798.95
5115	798.98
5116	798.95
5117	798.98
5118	798.95
5119	798.98
5120	798.94
5121	798.98
5122	798.94
5123	798.98
5124	798.94
5125	798.98
5126	798.94
5127	798.98
5128	798.94
5129	798.97
5130	798.94
5131	798.97
5132	798.94
5133	798.97
5134	798.94
5135	798.97
5136	798.94
5137	798.97
5138	798.93
5139	798.97
5140	798.93
5141	798.97
5142	798.93
5143	798.97
5144	798.93
5145	798.96
5146	798.93
5147	798.96
5148	798.92
5149	798.96
5150	798.92
5151	798.96
5152	798.92
5153	798.95
5154	798.91
5155	798.95
5156	798.91
5157	798.95
5158	798.91
5159	798.94
5160	798.9
5161	798.94
5162	798.9
5163	798.93
5164	798.89
5165	798.93
5166	798.89
5167	798.92
5168	798.88
5169	798.92
5170	798.87
5171	798.91
5172	798.87
5173	798.9
5174	798.86
5175	798.9
5176	798.85
5177	798.89
5178	798.84
5179	798.89
5180	798.83
5181	798.87
5182	798.82
5183	798.86
5184	798.81
5185	798.85
5186	798.8
5187	798.84
5188	798.78
5189	798.83
5190	798.77
5191	798.81
5192	798.76
5193	798.8
5194	798.74
5195	798.78
5196	798.72
5197	798.77
5198	798.71
5199	798.75
5200	798.69
5201	798.73
5202	798.67
5203	798.71
5204	798.65
5205	798.69
5206	798.63
5207	798.67
5208	798.6
5209	798.65
5210	798.58
5211	798.63
5212	798.56
5213	798.61
5214	798.54
5215	798.59
5216	798.56
5217	799.04
5218	799.1
5219	799.04
5220	799.11
5221	799.04
5222	799.1
5223	799.04
5224	799.11
5225	799.04
5226	799.11
5227	799.04
5228	799.1
5229	799.04
5230	799.11
5231	799.04
5232	799.1
5233	799.03
5234	799.1
5235	799.03
5236	799.1
5237	799.03
5238	799.1
5239	799.03
5240	799.1
5241	799.03
5242	799.1
5243	799.03
5244	799.1
5245	799.03
5246	799.1
5247	799.02
5248	799.1
5249	799.02
5250	799.1
5251	799.02
5252	799.09
5253	799.02
5254	799.08
5255	799.02
5256	799.09
5257	799.01
5258	799.08
5259	799.01
5260	799.08
5261	799.01
5262	799.08
5263	799.01
5264	799.08
5265	799.01
5266	799.08
5267	799.01
5268	799.07
5269	799.01
5270	799.07
5271	799.
5272	799.07
5273	799.
5274	799.07
5275	799.
5276	799.07
5277	799.
5278	799.07
5279	799.
5280	799.07
5281	799.
5282	799.07
5283	799.
5284	799.06
5285	799.
5286	799.07
5287	798.99
5288	799.07
5289	798.99
5290	799.06
5291	798.99
5292	799.06
5293	798.99
5294	799.07
5295	798.99
5296	799.06
5297	798.99
5298	799.06
5299	798.99
5300	799.06
5301	798.99
5302	799.05
5303	798.99
5304	799.06
5305	798.99
5306	799.06
5307	798.99
5308	799.05
5309	798.99
5310	799.05
5311	798.99
5312	799.06
5313	798.98
5314	799.05
5315	798.98
5316	799.06
5317	798.98
5318	799.05
5319	798.98
5320	799.06
5321	798.98
5322	799.05
5323	798.98
5324	799.05
5325	798.98
5326	799.05
5327	798.98
5328	799.06
5329	798.98
5330	799.05
5331	798.98
5332	799.05
5333	798.98
5334	799.04
5335	798.98
5336	799.05
5337	798.98
5338	799.05
5339	798.98
5340	799.05
5341	798.98
5342	799.04
5343	798.98
5344	799.05
5345	798.98
5346	799.04
5347	798.98
5348	799.05
5349	798.98
5350	799.05
5351	798.98
5352	799.04
5353	798.98
5354	799.04
5355	798.98
5356	799.04
5357	798.98
5358	799.04
5359	798.97
5360	799.05
5361	798.97
5362	799.05
5363	798.97
5364	799.04
5365	798.97
5366	799.04
5367	798.97
5368	799.04
5369	798.97
5370	799.04
5371	798.97
5372	799.04
5373	798.97
5374	799.04
5375	798.97
5376	799.04
5377	798.97
5378	799.04
5379	798.97
5380	799.04
5381	798.97
5382	799.04
5383	798.97
5384	799.04
5385	798.97
5386	799.04
5387	798.97
5388	799.03
5389	798.97
5390	799.04
5391	798.97
5392	799.04
5393	798.97
5394	799.03
5395	798.97
5396	799.03
5397	798.97
5398	799.04
5399	798.97
5400	799.04
5401	798.97
5402	799.04
5403	798.97
5404	799.03
5405	798.97
5406	799.04
5407	798.97
5408	799.04
5409	798.97
5410	799.04
5411	798.97
5412	799.04
5413	798.97
5414	799.04
5415	798.97
5416	799.04
5417	798.97
5418	799.04
5419	798.97
5420	799.03
5421	798.97
5422	799.03
5423	798.97
5424	799.04
5425	798.97
5426	799.03
5427	798.96
5428	799.03
5429	798.96
5430	799.03
5431	798.96
5432	799.04
5433	798.96
5434	799.04
5435	798.96
5436	799.04
5437	798.96
5438	799.03
5439	798.96
5440	799.03
5441	798.96
5442	799.03
5443	798.96
5444	799.04
5445	798.96
5446	799.03
5447	798.96
5448	799.03
5449	798.96
5450	799.03
5451	798.96
5452	799.03
5453	798.96
5454	799.02
5455	798.96
5456	799.04
5457	798.96
5458	799.03
5459	798.96
5460	799.03
5461	798.96
5462	799.03
5463	798.96
5464	799.03
5465	798.96
5466	799.03
5467	798.96
5468	799.03
5469	798.96
5470	799.03
5471	798.96
5472	799.03
5473	798.96
5474	799.03
5475	798.96
5476	799.03
5477	798.96
5478	799.03
5479	798.96
5480	799.02
5481	798.96
5482	799.03
5483	798.96
5484	799.03
5485	798.96
5486	799.03
5487	798.96
5488	799.03
5489	798.96
5490	799.03
5491	798.96
5492	799.03
5493	798.96
5494	799.03
5495	798.96
5496	799.03
5497	798.96
5498	799.02
5499	798.96
5500	799.02
5501	798.96
5502	799.02
5503	798.96
5504	799.02
5505	798.96
5506	799.02
5507	798.96
5508	799.02
5509	798.96
5510	799.02
5511	798.96
5512	799.01
5513	798.96
5514	799.01
5515	799.
5516	799.95
5517	800.02
5518	799.25
5519	799.18
5520	799.4
5521	799.33
5522	799.56
5523	799.48
5524	799.7
5525	799.62
5526	799.84
5527	799.76
5528	799.89
5529	799.98
5530	799.98
5531	799.94
5532	800.04
5533	799.96
5534	800.07
5535	799.98
5536	800.07
5537	800.
5538	800.08
5539	799.99
5540	800.08
5541	799.99
5542	800.07
5543	799.99
5544	800.07
5545	799.99
5546	800.07
5547	799.99
5548	800.07
5549	799.99
5550	800.06
5551	799.98
5552	800.06
5553	799.98
5554	800.06
5555	799.98
5556	800.05
5557	799.99
5558	800.05
5559	799.98
5560	800.05
5561	799.97
5562	800.04
5563	799.97
5564	800.04
5565	799.96
5566	800.04
5567	799.96
5568	800.04
5569	799.96
5570	800.03
5571	799.96
5572	800.03
5573	799.96
5574	800.03
5575	799.95
5576	800.03
5577	799.95
5578	800.03
5579	799.95
5580	800.03
5581	799.94
5582	800.02
5583	799.96
5584	800.02
5585	799.95
5586	800.02
5587	799.94
5588	800.02
5589	799.95
5590	800.02
5591	799.95
5592	800.02
5593	799.94
5594	800.02
5595	799.95
5596	800.02
5597	799.94
5598	800.02
5599	799.94
5600	800.02
5601	799.94
5602	800.01
5603	799.94
5604	800.01
5605	799.94
5606	800.01
5607	799.94
5608	800.01
5609	799.93
5610	800.01
5611	799.94
5612	800.01
5613	799.94
5614	800.01
5615	799.93
5616	800.01
5617	799.93
5618	800.01
5619	799.94
5620	800.01
5621	799.93
5622	800.01
5623	799.92
5624	800.01
5625	799.93
5626	800.01
5627	799.93
5628	800.01
5629	799.93
5630	800.01
5631	799.93
5632	800.
5633	799.93
5634	800.
5635	799.93
5636	800.
5637	799.93
5638	800.
5639	799.93
5640	800.
5641	799.93
5642	800.
5643	799.93
5644	800.
5645	799.93
5646	800.
5647	799.92
5648	800.
5649	799.92
5650	800.
5651	799.92
5652	800.
5653	799.92
5654	800.
5655	799.92
5656	800.
5657	799.92
5658	800.
5659	799.92
5660	800.
5661	799.92
5662	800.
5663	799.92
5664	800.
5665	799.92
5666	800.
5667	799.93
5668	800.
5669	799.92
5670	800.
5671	799.92
5672	800.
5673	799.93
5674	800.
5675	799.93
5676	800.
5677	799.92
5678	800.
5679	799.92
5680	800.
5681	799.92
5682	799.99
5683	799.92
5684	799.99
5685	799.92
5686	799.99
5687	799.92
5688	799.99
5689	799.92
5690	799.99
5691	799.92
5692	799.99
5693	799.92
5694	799.99
5695	799.93
5696	799.99
5697	799.92
5698	799.99
5699	799.92
5700	799.99
5701	799.92
5702	799.99
5703	799.92
5704	799.99
5705	799.91
5706	799.99
5707	799.91
5708	799.99
5709	799.91
5710	799.99
5711	799.91
5712	799.99
5713	799.92
5714	799.99
5715	799.92
5716	799.99
5717	799.92
5718	799.99
5719	799.92
5720	799.99
5721	799.92
5722	799.99
5723	799.92
5724	799.99
5725	799.91
5726	799.99
5727	799.92
5728	799.99
5729	799.91
5730	799.99
5731	799.91
5732	799.99
5733	799.91
5734	799.99
5735	799.91
5736	799.99
5737	799.91
5738	799.99
5739	799.91
5740	799.99
5741	799.9
5742	799.99
5743	799.92
5744	799.99
5745	799.92
5746	799.99
5747	799.92
5748	799.99
5749	799.91
5750	799.99
5751	799.91
5752	799.99
5753	799.9
5754	799.98
5755	799.91
5756	799.98
5757	799.9
5758	799.98
5759	799.91
5760	799.98
5761	799.91
5762	799.98
5763	799.91
5764	799.98
5765	799.91
5766	799.98
5767	799.92
5768	799.98
5769	799.91
5770	799.98
5771	799.91
5772	799.98
5773	799.9
5774	799.98
5775	799.91
5776	799.98
5777	799.9
5778	799.98
5779	799.9
5780	799.98
5781	799.91
5782	799.98
5783	799.9
5784	799.98
5785	799.9
5786	799.98
5787	799.91
5788	799.98
5789	799.9
5790	799.98
5791	799.91
5792	799.98
5793	799.91
5794	799.98
5795	799.9
5796	799.98
5797	799.9
5798	799.98
5799	799.91
5800	799.98
5801	799.9
5802	799.98
5803	799.91
5804	799.98
5805	799.9
5806	799.98
5807	799.9
5808	799.98
5809	799.91
5810	799.98
5811	799.9
5812	799.98
5813	799.9
5814	799.98
5815	799.91
5816	799.98
5817	799.92
5818	799.98
5819	799.91
5820	799.98
5821	799.91
5822	799.98
5823	799.92
5824	799.98
5825	799.92
5826	799.98
5827	799.91
5828	799.98
5829	799.92
5830	799.98
5831	799.93
5832	799.93
5833	799.98
5834	799.98
5835	799.9
5836	799.98
5837	799.94
5838	799.98
5839	799.94
5840	799.98
5841	799.94
5842	799.98
5843	799.94
5844	799.98
5845	799.94
5846	799.98
5847	799.94
5848	799.98
5849	799.94
5850	799.98
5851	799.94
5852	799.98
5853	799.94
5854	799.98
5855	799.94
5856	799.98
5857	799.94
5858	799.98
5859	799.94
5860	799.98
5861	799.94
5862	799.98
5863	799.94
5864	799.98
5865	799.94
5866	799.98
5867	799.94
5868	799.98
5869	799.94
5870	799.98
5871	799.94
5872	799.98
5873	799.94
5874	799.98
5875	799.94
5876	799.98
5877	799.94
5878	799.98
5879	799.94
5880	799.98
5881	799.94
5882	799.98
5883	799.94
5884	799.98
5885	799.94
5886	799.98
5887	799.94
5888	799.98
5889	799.94
5890	799.98
5891	799.94
5892	799.98
5893	799.94
5894	799.98
5895	799.94
5896	799.98
5897	799.94
5898	799.98
5899	799.94
5900	799.98
5901	799.94
5902	799.98
5903	799.94
5904	799.98
5905	799.94
5906	799.98
5907	799.94
5908	799.98
5909	799.94
5910	799.98
5911	799.93
5912	799.98
5913	799.93
5914	799.98
5915	799.93
5916	799.98
5917	799.94
5918	799.98
5919	799.94
5920	799.98
5921	799.93
5922	799.98
5923	799.93
5924	799.98
5925	799.93
5926	799.98
5927	799.93
5928	799.98
5929	799.93
5930	799.98
5931	799.93
5932	799.98
5933	799.93
5934	799.98
5935	799.93
5936	799.98
5937	799.93
5938	799.98
5939	799.93
5940	799.98
5941	799.93
5942	799.98
5943	799.93
5944	799.98
5945	799.93
5946	799.98
5947	799.93
5948	799.98
5949	799.93
5950	799.98
5951	799.93
5952	799.98
5953	799.93
5954	799.98
5955	799.93
5956	799.98
5957	799.92
5958	799.98
5959	799.92
5960	799.98
5961	799.92
5962	799.98
5963	799.92
5964	799.98
5965	799.92
5966	799.91
5967	800.12
5968	800.13
5969	800.09
5970	800.12
5971	800.08
5972	800.12
5973	800.08
5974	800.11
5975	800.08
5976	800.11
5977	800.08
5978	800.11
5979	800.08
5980	800.11
5981	800.07
5982	800.11
5983	800.07
5984	800.1
5985	800.07
5986	800.1
5987	800.07
5988	800.1
5989	800.06
5990	800.1
5991	800.06
5992	800.1
5993	800.06
5994	800.1
5995	800.06
5996	800.09
5997	800.05
5998	800.09
5999	800.05
6000	800.09
6001	800.05
6002	800.08
6003	800.05
6004	800.08
6005	800.05
6006	800.08
6007	800.04
6008	800.08
6009	800.04
6010	800.07
6011	800.04
6012	800.07
6013	800.03
6014	800.07
6015	800.03
6016	800.07
6017	800.03
6018	800.07
6019	800.03
6020	800.07
6021	800.03
6022	800.06
6023	800.02
6024	800.06
6025	800.02
6026	800.06
6027	800.02
6028	800.06
6029	800.02
6030	800.06
6031	800.02
6032	800.05
6033	800.01
6034	800.05
6035	800.01
6036	800.05
6037	800.01
6038	800.05
6039	800.01
6040	800.05
6041	800.01
6042	800.04
6043	800.01
6044	800.04
6045	800.
6046	800.04
6047	800.
6048	800.03
6049	799.99
6050	800.03
6051	799.99
6052	800.03
6053	799.99
6054	800.03
6055	799.99
6056	800.02
6057	799.98
6058	800.02
6059	799.98
6060	800.02
6061	799.98
6062	800.02
6063	799.98
6064	800.01
6065	799.98
6066	800.01
6067	799.98
6068	800.01
6069	799.98
6070	800.01
6071	799.97
6072	800.01
6073	799.96
6074	800.
6075	799.96
6076	800.
6077	799.96
6078	800.
6079	799.95
6080	800.
6081	799.95
6082	800.
6083	799.95
6084	799.99
6085	799.95
6086	799.99
6087	799.94
6088	799.99
6089	799.94
6090	799.99
6091	799.93
6092	799.99
6093	799.93
6094	799.98
6095	799.92
6096	799.98
6097	799.92
6098	799.98
6099	799.92
6100	799.91
6101	800.57
6102	800.63
6103	800.54
6104	800.5
6105	800.49
6106	800.46
6107	800.43
6108	800.43
6109	800.38
6110	800.4
6111	800.34
6112	800.35
6113	800.31
6114	800.33
6115	800.28
6116	800.31
6117	800.26
6118	800.29
6119	800.24
6120	800.28
6121	800.21
6122	800.27
6123	800.19
6124	800.26
6125	800.18
6126	800.22
6127	800.16
6128	800.21
6129	800.15
6130	800.2
6131	800.14
6132	800.19
6133	800.12
6134	800.19
6135	800.12
6136	800.18
6137	800.11
6138	800.17
6139	800.09
6140	800.16
6141	800.09
6142	800.15
6143	800.08
6144	800.15
6145	800.08
6146	800.14
6147	800.07
6148	800.14
6149	800.08
6150	800.13
6151	800.08
6152	800.13
6153	800.08
6154	800.09
6155	801.1
6156	803.36
6157	802.76
6158	800.69
6159	800.6
6160	800.76
6161	800.65
6162	800.72
6163	800.67
6164	800.72
6165	800.67
6166	800.77
6167	800.69
6168	800.73
6169	800.69
6170	800.74
6171	800.7
6172	800.78
6173	800.71
6174	800.75
6175	800.71
6176	800.78
6177	800.72
6178	800.81
6179	800.74
6180	800.77
6181	800.74
6182	800.8
6183	800.75
6184	800.82
6185	800.77
6186	800.8
6187	800.77
6188	800.84
6189	800.78
6190	800.84
6191	800.81
6192	800.84
6193	800.81
6194	800.95
6195	800.83
6196	800.84
6197	800.82
6198	800.88
6199	800.83
6200	800.92
6201	800.85
6202	800.86
6203	800.84
6204	800.91
6205	800.85
6206	800.92
6207	800.88
6208	800.89
6209	800.86
6210	800.95
6211	800.87
6212	800.92
6213	800.9
6214	800.87
6215	800.88
6216	801.01
6217	800.89
6218	800.9
6219	800.9
6220	800.86
6221	800.87
6222	801.09
6223	800.89
6224	800.86
6225	800.91
6226	800.84
6227	800.94
6228	801.08
6229	800.97
6230	801.06
6231	800.92
6232	800.95
6233	800.89
6234	800.84
6235	800.92
6236	801.13
6237	800.86
6238	800.98
6239	800.86
6240	800.75
6241	800.91
6242	801.04
6243	800.82
6244	800.96
6245	800.8
6246	800.65
6247	800.83
6248	800.61
6249	800.85
6250	801.07
6251	800.81
6252	801.
6253	800.77
6254	800.53
6255	800.75
6256	801.06
6257	800.88
6258	801.13
6259	800.77
6260	800.44
6261	800.7
6262	801.12
6263	800.96
6264	801.56
6265	800.82
6266	801.12
6267	800.85
6268	801.38
6269	801.11
6270	800.03
6271	800.7
6272	800.93
6273	800.64
6274	800.36
6275	800.91
6276	800.11
6277	800.98
6278	801.3
6279	801.02
6280	800.34
6281	800.95
6282	800.14
6283	801.13
6284	801.63
6285	801.31
6286	801.53
6287	801.31
6288	801.63
6289	808.88
6290	807.21
6291	806.41
6292	806.14
6293	804.56
6294	808.25
6295	806.25
6296	807.04
6297	793.87
6298	793.7
6299	804.61
6300	804.87
6301	802.61
6302	803.47
6303	800.93
6304	802.99
6305	800.21
6306	802.57
6307	803.48
6308	802.
6309	803.23
6310	800.32
6311	797.92
6312	798.88
6313	797.58
6314	798.19
6315	797.4
6316	797.72
6317	797.18
6318	797.45
6319	797.
6320	797.2
6321	796.89
6322	797.02
6323	796.76
6324	796.87
6325	796.64
6326	796.73
6327	796.57
6328	796.61
6329	796.47
6330	796.51
6331	796.38
6332	796.41
6333	796.32
6334	796.32
6335	796.25
6336	796.24
6337	796.17
6338	796.16
6339	796.12
6340	796.09
6341	796.05
6342	796.02
6343	795.98
6344	795.96
6345	795.93
6346	795.9
6347	795.87
6348	795.84
6349	795.82
6350	795.78
6351	795.78
6352	795.73
6353	795.74
6354	795.69
6355	795.69
6356	795.64
6357	795.66
6358	795.6
6359	795.62
6360	795.56
6361	795.58
6362	795.52
6363	795.54
6364	795.48
6365	795.51
6366	795.44
6367	795.46
6368	795.4
6369	795.42
6370	795.37
6371	795.39
6372	795.34
6373	795.35
6374	795.29
6375	795.31
6376	795.26
6377	795.28
6378	795.21
6379	795.23
6380	795.17
6381	795.19
6382	795.13
6383	795.15
6384	795.09
6385	795.11
6386	795.05
6387	795.06
6388	795.
6389	795.02
6390	794.96
6391	794.97
6392	794.92
6393	794.93
6394	794.87
6395	794.9
6396	794.84
6397	794.86
6398	794.8
6399	794.83
6400	794.77
6401	794.81
6402	794.74
6403	794.77
6404	794.71
6405	794.74
6406	794.68
6407	794.72
6408	794.65
6409	794.69
6410	794.62
6411	794.65
6412	794.59
6413	794.63
6414	794.56
6415	794.59
6416	794.53
6417	794.56
6418	794.5
6419	794.53
6420	794.46
6421	794.5
6422	794.43
6423	794.46
6424	794.4
6425	794.43
6426	794.37
6427	794.39
6428	794.33
6429	794.36
6430	794.3
6431	794.34
6432	794.27
6433	794.31
6434	794.24
6435	794.29
6436	794.22
6437	794.27
6438	794.2
6439	794.25
6440	794.18
6441	794.23
6442	794.15
6443	794.21
6444	794.14
6445	794.19
6446	794.11
6447	794.16
6448	794.09
6449	794.14
6450	794.07
6451	794.12
6452	794.05
6453	794.09
6454	794.02
6455	794.07
6456	793.99
6457	794.04
6458	793.97
6459	794.01
6460	793.95
6461	793.99
6462	793.92
6463	793.97
6464	793.9
6465	793.96
6466	793.89
6467	793.94
6468	793.87
6469	793.93
6470	793.87
6471	793.91
6472	793.85
6473	793.9
6474	793.83
6475	793.89
6476	793.82
6477	793.87
6478	793.8
6479	793.85
6480	793.78
6481	793.84
6482	793.77
6483	793.82
6484	793.74
6485	793.8
6486	793.73
6487	793.78
6488	793.72
6489	793.76
6490	793.7
6491	793.75
6492	793.68
6493	793.74
6494	793.67
6495	793.73
6496	793.66
6497	793.72
6498	793.65
6499	793.72
6500	793.64
6501	793.71
6502	793.63
6503	793.7
6504	793.63
6505	793.69
6506	793.62
6507	793.68
6508	793.6
6509	793.67
6510	793.59
6511	793.66
6512	793.59
6513	793.64
6514	793.57
6515	793.63
6516	793.55
6517	793.62
6518	793.55
6519	793.62
6520	793.54
6521	793.61
6522	793.54
6523	793.62
6524	793.55
6525	793.71
6526	793.59
6527	793.67
6528	792.49
6529	792.43
6530	793.4
6531	793.54
6532	793.17
6533	793.31
6534	792.97
6535	793.11
6536	792.99
6537	792.79
6538	792.9
6539	792.63
6540	792.74
6541	792.58
6542	800.29
6543	800.42
6544	800.11
6545	800.29
6546	799.87
6547	800.07
6548	799.57
6549	799.8
6550	799.24
6551	799.48
6552	798.87
6553	799.13
6554	798.5
6555	798.75
6556	798.13
6557	798.37
6558	797.76
6559	798.
6560	797.43
6561	797.64
6562	797.11
6563	797.32
6564	796.83
6565	797.03
6566	796.58
6567	796.76
6568	796.35
6569	796.52
6570	796.14
6571	796.3
6572	795.96
6573	796.11
6574	795.8
6575	795.94
6576	795.66
6577	795.79
6578	795.53
6579	795.65
6580	795.41
6581	795.53
6582	795.3
6583	795.43
6584	795.2
6585	795.32
6586	795.12
6587	795.23
6588	795.04
6589	795.14
6590	794.96
6591	795.06
6592	794.89
6593	794.99
6594	794.83
6595	794.93
6596	794.77
6597	794.86
6598	794.71
6599	794.8
6600	794.66
6601	794.74
6602	794.61
6603	794.7
6604	794.56
6605	794.64
6606	794.51
6607	794.6
6608	794.46
6609	794.56
6610	794.42
6611	794.51
6612	794.38
6613	794.47
6614	794.33
6615	794.42
6616	794.29
6617	794.38
6618	794.25
6619	794.34
6620	794.21
6621	794.3
6622	794.17
6623	794.26
6624	794.13
6625	794.22
6626	794.09
6627	794.18
6628	794.05
6629	794.14
6630	794.01
6631	794.1
6632	793.98
6633	794.06
6634	793.94
6635	794.03
6636	793.9
6637	793.99
6638	793.87
6639	793.95
6640	793.83
6641	793.92
6642	793.8
6643	793.89
6644	793.76
6645	793.86
6646	793.73
6647	793.82
6648	793.7
6649	793.78
6650	793.67
6651	793.75
6652	793.64
6653	793.72
6654	793.6
6655	793.69
6656	793.57
6657	793.66
6658	793.54
6659	793.63
6660	793.51
6661	793.6
6662	793.48
6663	793.56
6664	793.45
6665	793.53
6666	793.42
6667	793.5
6668	793.4
6669	793.48
6670	793.37
6671	793.45
6672	793.34
6673	793.42
6674	793.31
6675	793.4
6676	793.29
6677	793.37
6678	793.26
6679	793.34
6680	793.24
6681	793.32
6682	793.21
6683	793.29
6684	793.19
6685	793.27
6686	793.17
6687	793.25
6688	793.14
6689	793.22
6690	793.12
6691	793.21
6692	793.1
6693	793.18
6694	793.08
6695	793.16
6696	793.06
6697	793.13
6698	793.03
6699	793.11
6700	793.01
6701	793.1
6702	792.99
6703	793.07
6704	792.97
6705	793.06
6706	792.95
6707	793.03
6708	792.94
6709	793.01
6710	792.92
6711	793.
6712	792.9
6713	792.98
6714	792.88
6715	792.96
6716	792.87
6717	792.94
6718	792.85
6719	792.93
6720	792.84
6721	792.92
6722	792.82
6723	792.9
6724	792.81
6725	792.89
6726	792.79
6727	792.87
6728	792.78
6729	792.85
6730	792.76
6731	792.84
6732	792.75
6733	792.83
6734	792.74
6735	792.81
6736	792.72
6737	792.8
6738	792.71
6739	792.79
6740	792.7
6741	792.77
6742	792.69
6743	792.76
6744	792.68
6745	792.75
6746	792.66
6747	792.74
6748	792.65
6749	792.73
6750	792.64
6751	792.71
6752	792.63
6753	792.7
6754	792.62
6755	792.69
6756	792.61
6757	792.68
6758	792.59
6759	792.67
6760	792.58
6761	792.66
6762	792.57
6763	792.64
6764	792.55
6765	792.62
6766	792.53
6767	792.61
6768	792.51
6769	792.58
6770	792.48
6771	792.57
6772	792.46
6773	792.54
6774	792.52
6775	799.53
6776	799.52
6777	799.49
6778	799.57
6779	799.47
6780	799.44
6781	799.39
6782	799.52
6783	799.57
6784	799.49
6785	799.53
6786	799.62
6787	799.58
6788	799.57
6789	799.53
6790	799.45
6791	799.5
6792	799.41
6793	799.46
6794	799.47
6795	799.43
6796	799.51
6797	799.47
6798	799.44
6799	799.39
6800	799.49
6801	799.44
6802	799.33
6803	799.36
6804	799.3
6805	799.4
6806	799.45
6807	799.42
6808	799.4
6809	799.36
6810	799.45
6811	799.36
6812	799.4
6813	799.41
6814	799.53
6815	799.51
6816	799.49
6817	799.46
6818	799.46
6819	799.37
6820	799.4
6821	799.41
6822	799.44
6823	799.39
6824	799.39
6825	799.35
6826	799.41
6827	799.45
6828	799.51
6829	799.46
6830	799.5
6831	799.5
6832	799.54
6833	799.49
6834	799.54
6835	799.5
6836	799.54
6837	799.5
6838	799.45
6839	799.54
6840	799.45
6841	799.44
6842	799.47
6843	799.53
6844	799.49
6845	799.49
6846	799.44
6847	799.48
6848	799.53
6849	799.54
6850	799.49
6851	799.47
6852	799.52
6853	799.48
6854	799.48
6855	799.5
6856	799.46
6857	799.54
6858	799.45
6859	799.42
6860	799.52
6861	799.49
6862	799.53
6863	799.49
6864	799.45
6865	799.45
6866	799.54
6867	799.48
6868	799.44
6869	799.53
6870	799.48
6871	799.47
6872	799.52
6873	799.43
6874	799.43
6875	799.52
6876	799.45
6877	799.5
6878	799.4
6879	799.4
6880	799.5
6881	799.47
6882	799.37
6883	799.41
6884	799.42
6885	799.4
6886	799.45
6887	799.35
6888	799.4
6889	799.44
6890	799.34
6891	799.38
6892	799.45
6893	799.52
6894	799.52
6895	799.47
6896	799.52
6897	799.49
6898	799.57
6899	799.55
6900	799.47
6901	799.56
6902	799.47
6903	799.51
6904	799.57
6905	799.54
6906	799.63
6907	799.62
6908	799.56
6909	799.57
6910	799.61
6911	799.52
6912	799.56
6913	799.61
6914	799.53
6915	799.51
6916	799.49
6917	799.57
6918	799.53
6919	799.54
6920	799.63
6921	799.6
6922	799.59
6923	799.66
6924	799.62
6925	799.62
6926	799.7
6927	799.67
6928	799.65
6929	799.69
6930	799.64
6931	799.65
6932	799.61
6933	799.54
6934	799.6
6935	799.57
6936	799.53
6937	799.34
6938	799.28
6939	799.32
6940	799.38
6941	799.41
6942	799.46
6943	799.37
6944	799.41
6945	799.41
6946	799.37
6947	799.45
6948	799.37
6949	799.38
6950	799.44
6951	799.51
6952	799.41
6953	799.38
6954	799.48
6955	799.38
6956	799.35
6957	799.36
6958	799.44
6959	799.4
6960	799.35
6961	799.4
6962	799.44
6963	799.42
6964	799.39
6965	799.37
6966	799.41
6967	799.39
6968	799.35
6969	799.4
6970	799.35
6971	799.39
6972	799.34
6973	799.39
6974	799.38
6975	799.31
6976	799.35
6977	799.36
6978	799.3
6979	799.35
6980	799.35
6981	799.3
6982	799.4
6983	799.37
6984	799.46
6985	799.43
6986	799.38
6987	799.4
6988	799.39
6989	799.32
6990	799.41
6991	799.35
6992	799.42
6993	799.47
6994	799.36
6995	799.47
6996	799.36
6997	799.42
6998	799.48
6999	799.42
7000	799.42
7001	799.55
7002	799.6
7003	799.5
7004	799.5
7005	799.59
7006	799.54
7007	799.59
7008	799.5
7009	799.56
7010	799.52
7011	799.61
7012	799.58
7013	799.53
7014	799.64
7015	799.54
7016	799.6
7017	799.52
7018	799.61
7019	799.57
7020	799.49
7021	799.52
7022	799.55
7023	799.65
7024	799.69
7025	799.65
7026	800.67
7027	800.62
7028	800.64
7029	800.68
7030	799.23
7031	799.28
7032	799.34
7033	799.3
7034	799.29
7035	799.33
7036	799.31
7037	799.31
7038	799.31
7039	799.27
7040	799.32
7041	799.28
7042	799.32
7043	799.34
7044	799.37
7045	799.31
7046	799.3
7047	799.27
7048	799.3
7049	799.27
7050	799.31
7051	799.35
7052	799.54
7053	799.45
7054	799.48
7055	799.5
7056	799.48
7057	799.45
7058	799.49
7059	799.48
7060	799.44
7061	800.44
7062	800.49
7063	800.39
7064	800.44
7065	799.46
7066	799.52
7067	799.43
7068	799.44
7069	799.49
7070	799.38
7071	799.42
7072	799.67
7073	799.7
7074	799.65
7075	799.28
7076	799.24
7077	799.33
7078	799.29
7079	799.31
7080	799.26
7081	799.26
7082	799.37
7083	799.37
7084	799.32
7085	800.42
7086	800.36
7087	800.36
7088	800.41
7089	799.59
7090	799.58
7091	799.63
7092	799.63
7093	799.58
7094	799.63
7095	799.58
7096	799.58
7097	799.62
7098	799.62
7099	799.58
7100	799.63
7101	799.58
7102	799.54
7103	799.57
7104	799.61
7105	799.55
7106	799.6
7107	799.61
7108	799.6
7109	799.55
7110	799.58
7111	799.55
7112	799.59
7113	799.55
7114	799.62
7115	799.58
7116	799.58
7117	799.57
7118	799.57
7119	799.62
7120	799.53
7121	799.57
7122	799.61
7123	799.57
7124	799.61
7125	799.57
7126	799.61
7127	799.62
7128	799.58
7129	799.57
7130	799.57
7131	799.62
7132	799.57
7133	799.56
7134	799.56
7135	799.6
7136	799.61
7137	799.6
7138	799.56
7139	799.54
7140	799.54
7141	799.59
7142	799.59
7143	799.58
7144	799.53
7145	799.56
7146	799.51
7147	799.52
7148	799.5
7149	799.56
7150	799.5
7151	799.49
7152	799.47
7153	799.53
7154	799.43
7155	799.54
7156	799.46
7157	799.5
7158	799.4
7159	799.52
7160	799.41
7161	799.4
7162	799.36
7163	799.47
7164	799.42
7165	799.53
7166	799.47
7167	799.43
7168	799.55
7169	799.6
7170	799.56
7171	799.58
7172	799.49
7173	799.53
7174	799.58
7175	799.54
7176	799.53
7177	799.48
7178	799.55
7179	799.59
7180	799.58
7181	799.61
7182	799.66
7183	799.65
7184	799.65
7185	799.6
7186	799.63
7187	799.61
7188	799.66
7189	799.71
7190	799.69
7191	799.69
7192	799.64
7193	799.61
7194	799.66
7195	799.7
7196	799.65
7197	799.7
7198	799.65
7199	799.72
7200	799.69
7201	799.68
7202	799.74
7203	799.66
7204	799.7
7205	799.7
7206	799.75
7207	799.71
7208	799.7
7209	799.79
7210	799.76
7211	799.74
7212	799.69
7213	799.73
7214	799.76
7215	799.73
7216	799.68
7217	799.74
7218	800.22
7219	800.18
7220	800.26
7221	800.27
7222	800.21
7223	800.16
7224	800.27
7225	800.15
7226	800.27
7227	800.29
7228	800.39
7229	800.36
7230	800.33
7231	800.41
7232	800.31
7233	800.37
7234	800.36
7235	800.31
7236	800.69
7237	800.66
7238	800.72
7239	799.13
7240	799.17
7241	799.19
7242	799.12
7243	799.24
7244	799.18
7245	799.21
7246	799.33
7247	799.29
7248	799.33
7249	799.35
7250	799.29
7251	799.35
7252	799.31
7253	799.29
7254	799.32
7255	799.33
7256	799.28
7257	799.32
7258	799.31
7259	799.28
7260	799.36
7261	799.27
7262	799.29
7263	799.26
7264	799.32
7265	799.25
7266	799.26
7267	799.34
7268	799.31
7269	799.27
7270	799.31
7271	799.26
7272	799.3
7273	799.23
7274	799.27
7275	799.25
7276	799.16
7277	799.2
7278	799.21
7279	799.13
7280	799.1
7281	799.19
7282	799.16
7283	799.27
7284	799.2
7285	799.22
7286	799.27
7287	799.31
7288	799.33
7289	799.23
7290	799.29
7291	799.27
7292	799.26
7293	799.26
7294	799.3
7295	799.33
7296	799.42
7297	799.38
7298	799.4
7299	799.37
7300	799.41
7301	799.38
7302	799.34
7303	799.39
7304	799.34
7305	799.43
7306	799.36
7307	799.45
7308	799.4
7309	799.4
7310	799.45
7311	799.46
7312	799.42
7313	799.52
7314	799.46
7315	799.4
7316	799.44
7317	799.37
7318	799.41
7319	799.38
7320	799.44
7321	799.54
7322	799.49
7323	799.45
7324	799.41
7325	799.45
7326	799.45
7327	799.51
7328	799.48
7329	799.44
7330	799.43
7331	799.52
7332	799.48
7333	799.48
7334	799.54
7335	799.5
7336	800.27
7337	800.15
7338	800.16
7339	800.22
7340	800.36
7341	800.26
7342	800.3
7343	800.32
7344	800.44
7345	800.5
7346	800.39
7347	800.42
7348	800.38
7349	800.48
7350	800.43
7351	800.47
7352	800.35
7353	800.38
7354	800.5
7355	800.4
7356	800.48
7357	800.48
7358	800.56
7359	800.53
7360	800.51
7361	800.58
7362	800.6
7363	800.53
7364	800.56
7365	800.61
7366	800.56
7367	800.67
7368	800.73
7369	800.67
7370	800.73
7371	801.42
7372	801.59
7373	801.37
7374	801.64
7375	801.47
7376	801.27
7377	801.31
7378	801.15
7379	801.25
7380	801.42
7381	801.23
7382	801.1
7383	801.23
7384	801.1
7385	801.86
7386	801.7
7387	800.36
7388	800.46
7389	800.41
7390	800.41
7391	800.12
7392	800.09
7393	800.17
7394	799.08
7395	799.17
7396	799.11
7397	799.83
7398	799.88
7399	799.88
7400	799.81
7401	799.4
7402	799.51
7403	799.44
7404	799.41
7405	799.61
7406	799.65
7407	799.59
7408	799.73
7409	799.73
7410	799.64
7411	799.68
7412	799.44
7413	799.33
7414	799.38
7415	799.39
7416	799.14
7417	799.06
7418	799.07
7419	799.17
7420	799.27
7421	799.22
7422	799.23
7423	800.06
7424	800.07
7425	800.22
7426	800.24
7427	800.18
7428	800.6
7429	802.21
7430	802.68
7431	802.58
7432	801.99
7433	802.27
7434	799.7
7435	799.66
7436	799.67
7437	799.71
7438	799.71
7439	799.67
7440	799.67
7441	799.67
7442	799.71
7443	799.62
7444	799.66
7445	799.66
7446	799.71
7447	799.71
7448	799.66
7449	799.67
7450	799.7
7451	799.7
7452	799.69
7453	799.73
7454	799.67
7455	799.7
7456	799.72
7457	799.66
7458	799.66
7459	799.63
7460	799.67
7461	799.71
7462	799.63
7463	799.67
7464	799.7
7465	799.67
7466	799.7
7467	799.67
7468	799.62
7469	799.72
7470	799.71
7471	799.67
7472	799.63
7473	799.69
7474	799.66
7475	799.61
7476	799.65
7477	799.66
7478	799.7
7479	799.7
7480	799.66
7481	799.65
7482	799.66
7483	799.69
7484	799.69
7485	799.66
7486	799.7
7487	799.66
7488	799.7
7489	799.62
7490	799.66
7491	799.7
7492	799.7
7493	799.66
7494	799.65
7495	799.65
7496	799.69
7497	799.69
7498	799.65
7499	799.7
7500	799.7
7501	799.65
7502	799.61
7503	799.69
7504	799.64
7505	799.68
7506	799.64
7507	799.6
7508	799.64
7509	799.68
7510	799.64
7511	799.68
7512	799.6
7513	799.63
7514	799.68
7515	799.69
7516	799.64
7517	799.62
7518	799.66
7519	799.62
7520	799.57
7521	799.67
7522	799.66
7523	799.61
7524	799.61
7525	799.6
7526	799.66
7527	799.66
7528	799.61
7529	799.64
7530	799.58
7531	799.56
7532	799.55
7533	799.61
7534	799.62
7535	799.57
7536	799.59
7537	799.53
7538	799.49
7539	799.5
7540	799.55
7541	799.48
7542	799.43
7543	799.54
7544	799.57
7545	799.45
7546	799.52
7547	799.63
7548	799.64
7549	799.68
7550	799.67
7551	799.63
7552	799.63
7553	799.68
7554	799.68
7555	799.6
7556	799.68
7557	799.64
7558	799.7
7559	799.71
7560	799.61
7561	799.66
7562	799.66
7563	799.69
7564	799.73
7565	799.68
7566	799.64
7567	799.7
7568	799.69
7569	799.74
7570	799.74
7571	799.73
7572	799.7
7573	799.8
7574	799.81
7575	799.76
7576	799.74
7577	799.76
7578	799.73
7579	799.76
7580	799.68
7581	799.72
7582	799.77
7583	799.74
7584	799.79
7585	799.79
7586	799.74
7587	799.7
7588	799.75
7589	799.78
7590	799.74
7591	799.74
7592	799.79
7593	799.79
7594	799.84
7595	799.84
7596	799.76
7597	799.8
7598	799.79
7599	799.74
7600	799.76
7601	799.81
7602	799.76
7603	799.8
7604	799.72
7605	799.77
7606	799.78
7607	799.81
7608	799.73
7609	799.81
7610	799.78
7611	799.82
7612	799.78
7613	799.82
7614	799.74
7615	799.79
7616	799.8
7617	799.84
7618	799.84
7619	799.82
7620	799.74
7621	799.79
7622	799.82
7623	799.74
7624	799.78
7625	799.84
7626	799.84
7627	799.75
7628	799.86
7629	799.82
7630	799.81
7631	799.86
7632	799.86
7633	799.78
7634	799.82
7635	799.83
7636	799.78
7637	799.65
7638	799.73
7639	799.67
7640	799.73
7641	800.25
7642	800.34
7643	800.33
7644	800.3
7645	800.36
7646	800.43
7647	800.42
7648	800.36
7649	800.33
7650	800.39
7651	800.38
7652	800.34
7653	800.4
7654	800.44
7655	800.34
7656	800.38
7657	800.43
7658	800.46
7659	800.44
7660	800.46
7661	800.5
7662	800.49
7663	800.48
7664	800.38
7665	800.47
7666	800.47
7667	800.52
7668	800.42
7669	800.52
7670	800.42
7671	800.47
7672	800.49
7673	800.53
7674	800.53
7675	800.42
7676	800.55
7677	800.54
7678	800.59
7679	800.6
7680	800.6
7681	800.54
7682	800.54
7683	800.6
7684	800.57
7685	800.59
7686	800.53
7687	800.64
7688	800.69
7689	800.69
7690	800.64
7691	800.6
7692	800.59
7693	800.63
7694	800.54
7695	800.66
7696	800.58
7697	800.58
7698	800.63
7699	800.54
7700	800.57
7701	800.57
7702	800.61
7703	800.53
7704	800.62
7705	800.53
7706	800.61
7707	800.57
7708	800.53
7709	800.66
7710	800.7
7711	800.72
7712	800.7
7713	800.63
7714	800.73
7715	800.74
7716	800.75
7717	800.77
7718	800.78
7719	800.77
7720	800.77
7721	800.81
7722	800.81
7723	800.78
7724	800.84
7725	800.8
7726	800.86
7727	801.18
7728	801.09
7729	801.07
7730	801.03
7731	801.41
7732	801.64
7733	801.89
7734	801.81
7735	799.47
7736	799.4
7737	799.52
7738	799.47
7739	799.41
7740	799.53
7741	799.23
7742	799.27
7743	799.16
7744	798.97
7745	798.94
7746	799.
7747	798.92
7748	798.91
7749	799.
7750	799.02
7751	798.95
7752	798.99
7753	798.98
7754	799.05
7755	799.09
7756	799.15
7757	799.12
7758	799.57
7759	799.57
7760	799.65
7761	799.5
7762	799.49
7763	799.57
7764	799.57
7765	799.64
7766	799.55
7767	799.56
7768	799.63
7769	799.48
7770	799.56
7771	799.56
7772	799.64
7773	799.5
7774	799.48
7775	799.55
7776	799.62
7777	799.56
7778	799.49
7779	799.57
7780	799.53
7781	799.44
7782	799.45
7783	799.54
7784	799.42
7785	799.47
7786	799.55
7787	799.51
7788	799.42
7789	799.44
7790	799.52
7791	799.4
7792	799.54
7793	799.5
7794	799.42
7795	799.42
7796	799.48
7797	799.55
7798	799.48
7799	799.39
7800	799.52
7801	799.46
7802	799.44
7803	799.33
7804	799.39
7805	799.31
7806	799.26
7807	799.33
7808	799.29
7809	799.22
7810	799.25
7811	799.27
7812	799.21
7813	799.25
7814	799.28
7815	799.24
7816	799.25
7817	799.29
7818	799.21
7819	799.25
7820	799.25
7821	799.21
7822	799.22
7823	799.26
7824	799.25
7825	799.21
7826	799.3
7827	799.26
7828	799.2
7829	799.24
7830	799.2
7831	799.24
7832	799.24
7833	799.24
7834	799.19
7835	799.24
7836	799.23
7837	799.2
7838	799.19
7839	799.19
7840	799.22
7841	799.22
7842	799.18
7843	799.22
7844	799.23
7845	799.18
7846	799.2
7847	799.29
7848	799.24
7849	799.18
7850	799.23
7851	799.27
7852	799.23
7853	799.23
7854	799.19
7855	799.27
7856	799.23
7857	799.22
7858	799.19
7859	799.18
7860	799.22
7861	799.18
7862	799.2
7863	799.15
7864	799.14
7865	799.17
7866	799.22
7867	799.08
7868	799.09
7869	799.13
7870	799.14
7871	799.08
7872	799.13
7873	799.12
7874	799.17
7875	799.06
7876	799.11
7877	799.15
7878	799.1
7879	798.98
7880	799.01
7881	798.95
7882	799.05
7883	799.13
7884	799.17
7885	799.17
7886	799.19
7887	799.14
7888	799.18
7889	799.16
7890	799.21
7891	799.25
7892	799.21
7893	799.21
7894	799.17
7895	799.22
7896	799.18
7897	799.24
7898	799.18
7899	799.18
7900	799.27
7901	799.22
7902	799.28
7903	799.24
7904	799.28
7905	799.24
7906	799.3
7907	799.24
7908	799.33
7909	799.31
7910	799.26
7911	799.35
7912	799.31
7913	799.27
7914	799.3
7915	799.26
7916	799.31
7917	799.26
7918	799.33
7919	799.28
7920	799.35
7921	799.3
7922	799.31
7923	799.36
7924	799.35
7925	799.36
7926	799.31
7927	799.33
7928	799.34
7929	799.31
7930	799.38
7931	799.32
7932	799.3
7933	799.28
7934	799.28
7935	799.33
7936	799.35
7937	799.39
7938	799.44
7939	799.4
7940	799.39
7941	799.4
7942	799.36
7943	799.37
7944	799.33
7945	799.32
7946	799.32
7947	799.37
7948	799.4
7949	799.34
7950	799.33
7951	799.4
7952	799.36
7953	799.4
7954	799.37
7955	799.42
7956	799.35
7957	799.35
7958	799.39
7959	799.35
7960	799.36
7961	799.39
7962	799.4
7963	799.65
7964	799.59
7965	799.56
7966	800.02
7967	800.05
7968	799.98
7969	799.97
7970	799.95
7971	800.06
7972	799.99
7973	799.99
7974	800.1
7975	800.05
7976	800.09
7977	800.12
7978	800.06
7979	800.15
7980	800.09
7981	800.19
7982	800.17
7983	800.11
7984	800.21
7985	800.13
7986	800.19
7987	800.24
7988	800.21
7989	800.27
7990	800.17
7991	800.26
7992	800.2
7993	800.31
7994	800.24
7995	800.17
7996	800.23
7997	800.17
7998	800.31
7999	800.29
8000	800.35
8001	800.26
8002	800.32
8003	800.27
8004	800.36
8005	800.33
8006	800.38
8007	800.27
8008	800.33
8009	800.33
8010	800.28
8011	800.38
8012	800.34
8013	800.31
8014	800.4
8015	800.4
8016	800.34
8017	800.45
8018	800.44
8019	800.4
8020	800.35
8021	800.44
8022	800.4
8023	800.45
8024	800.43
8025	800.51
8026	800.45
8027	800.48
8028	800.67
8029	800.66
8030	800.74
8031	800.73
8032	801.08
8033	800.97
8034	800.95
8035	801.11
8036	801.19
8037	801.12
8038	801.49
8039	801.24
8040	800.95
8041	801.08
8042	801.3
8043	799.52
8044	799.71
8045	800.12
8046	799.94
8047	796.73
8048	796.84
8049	796.75
8050	796.65
8051	795.47
8052	795.54
8053	795.57
8054	795.44
8055	795.37
8056	795.51
8057	795.41
8058	795.15
8059	795.3
8060	795.2
8061	795.25
8062	794.94
8063	794.89
8064	794.99
8065	795.04
8066	795.06
8067	794.83
8068	794.98
8069	794.89
8070	794.63
8071	794.68
8072	794.53
8073	794.59
8074	798.9
8075	798.92
8076	798.98
8077	799.34
8078	799.37
8079	801.38
8080	801.32
8081	801.25
8082	801.56
8083	801.63
8084	800.51
8085	800.56
8086	800.45
8087	800.52
8088	800.56
8089	800.54
8090	800.58
8091	800.47
8092	800.04
8093	799.95
8094	800.06
8095	799.96
8096	800.14
8097	799.99
8098	800.12
8099	799.69
8100	799.68
8101	799.74
8102	799.63
8103	799.45
8104	799.4
8105	799.43
8106	799.53
8107	799.6
8108	799.6
8109	799.67
8110	799.76
8111	799.76
8112	799.69
8113	800.26
8114	800.24
8115	800.59
8116	800.59
8117	800.49
8118	802.26
8119	801.92
8120	799.09
8121	799.04
8122	799.31
8123	799.36
8124	792.97
8125	793.04
8126	792.9
8127	792.98
8128	792.94
8129	793.
8130	793.02
8131	793.09
8132	793.12
8133	792.97
8134	793.04
8135	793.04
8136	793.09
8137	793.15
8138	793.
8139	793.05
8140	793.17
8141	793.02
8142	793.1
8143	793.2
8144	793.06
8145	793.12
8146	793.14
8147	793.23
8148	793.08
8149	793.15
8150	793.16
8151	793.25
8152	793.32
8153	793.17
8154	793.22
8155	793.32
8156	793.18
8157	793.26
8158	793.38
8159	793.23
8160	793.29
8161	793.32
8162	793.34
8163	793.41
8164	793.26
8165	793.33
8166	793.36
8167	793.42
8168	793.28
8169	793.44
8170	793.3
8171	793.37
8172	793.48
8173	793.33
8174	793.41
8175	793.39
8176	793.52
8177	793.38
8178	793.43
8179	793.45
8180	793.57
8181	793.42
8182	793.51
8183	793.48
8184	793.64
8185	793.49
8186	793.58
8187	793.56
8188	793.69
8189	793.54
8190	793.64
8191	793.61
8192	793.74
8193	793.6
8194	793.66
8195	793.68
8196	793.66
8197	793.74
8198	793.71
8199	793.79
8200	793.97
8201	793.82
8202	793.9
8203	793.88
8204	793.95
8205	794.02
8206	793.87
8207	793.93
8208	793.99
8209	794.04
8210	793.9
8211	794.09
8212	793.94
8213	794.03
8214	794.12
8215	794.18
8216	794.03
8217	794.09
8218	794.22
8219	794.07
8220	794.16
8221	794.28
8222	794.14
8223	794.19
8224	794.23
8225	794.4
8226	794.45
8227	794.31
8228	794.36
8229	794.34
8230	794.44
8231	794.49
8232	794.52
8233	794.58
8234	794.43
8235	794.48
8236	794.61
8237	794.46
8238	794.56
8239	794.73
8240	794.58
8241	794.63
8242	794.68
8243	794.77
8244	794.67
8245	794.73
8246	794.82
8247	794.72
8248	794.92
8249	794.76
8250	794.86
8251	794.84
8252	794.93
8253	794.9
8254	795.
8255	794.91
8256	794.96
8257	795.01
8258	795.04
8259	795.27
8260	795.18
8261	795.21
8262	795.31
8263	795.25
8264	795.34
8265	795.52
8266	795.39
8267	795.5
8268	795.41
8269	795.68
8270	795.56
8271	795.58
8272	795.67
8273	795.88
8274	795.77
8275	795.88
8276	795.77
8277	796.11
8278	796.01
8279	796.13
8280	796.
8281	796.81
8282	796.68
8283	796.61
8284	797.05
8285	796.94
8286	796.91
8287	797.32
8288	797.2
8289	797.17
8290	797.63
8291	797.83
8292	797.81
8293	798.
8294	797.48
8295	797.46
8296	799.16
8297	799.01
8298	799.33
8299	798.85
8300	800.26
8301	799.9
8302	799.81
8303	800.21
8304	800.62
8305	800.71
8306	800.31
8307	800.57
8308	800.87
8309	800.85
8310	801.
8311	800.92
8312	800.9
8313	801.01
8314	800.97
8315	800.49
8316	800.47
8317	800.54
8318	800.54
8319	800.46
8320	800.43
8321	800.52
8322	800.4
8323	800.48
8324	800.43
8325	800.35
8326	800.38
8327	800.4
8328	800.43
8329	800.31
8330	800.35
8331	800.36
8332	800.26
8333	800.35
8334	800.3
8335	800.31
8336	800.24
8337	800.28
8338	800.29
8339	800.22
8340	800.31
8341	800.27
8342	800.25
8343	800.17
8344	800.21
8345	800.22
8346	800.13
8347	800.22
8348	800.19
8349	800.15
8350	800.09
8351	800.14
8352	800.2
8353	800.15
8354	800.08
8355	800.14
8356	800.12
8357	800.07
8358	800.03
8359	800.09
8360	800.05
8361	800.02
8362	799.99
8363	800.02
8364	799.99
8365	799.95
8366	800.
8367	799.93
8368	800.03
8369	799.96
8370	799.92
8371	799.86
8372	799.91
8373	799.91
8374	799.85
8375	799.84
8376	799.91
8377	799.93
8378	799.8
8379	799.85
8380	799.89
8381	799.55
8382	799.62
8383	799.69
8384	799.62
8385	799.6
8386	799.67
8387	799.53
8388	799.61
8389	799.66
8390	799.52
8391	799.58
8392	799.48
8393	799.62
8394	799.53
8395	799.55
8396	799.4
8397	799.51
8398	799.48
8399	799.33
8400	799.36
8401	799.36
8402	799.31
8403	799.27
8404	799.27
8405	799.31
8406	799.35
8407	799.28
8408	799.32
8409	799.32
8410	799.28
8411	799.31
8412	799.31
8413	799.28
8414	799.29
8415	799.26
8416	799.25
8417	799.25
8418	799.29
8419	799.33
8420	799.25
8421	799.29
8422	799.29
8423	799.26
8424	799.31
8425	799.3
8426	799.27
8427	799.25
8428	799.29
8429	799.32
8430	799.26
8431	799.23
8432	799.26
8433	799.22
8434	799.27
8435	799.23
8436	799.27
8437	799.23
8438	799.25
8439	799.21
8440	799.23
8441	799.27
8442	799.22
8443	799.26
8444	799.23
8445	799.27
8446	799.31
8447	799.26
8448	799.22
8449	799.22
8450	799.3
8451	799.27
8452	799.22
8453	799.31
8454	799.22
8455	799.26
8456	799.23
8457	799.2
8458	799.25
8459	799.18
8460	799.18
8461	799.22
8462	799.22
8463	799.18
8464	799.22
8465	799.21
8466	799.18
8467	799.16
8468	799.2
8469	799.19
8470	799.12
8471	799.17
8472	799.13
8473	799.1
8474	799.14
8475	799.13
8476	799.12
8477	799.1
8478	799.07
8479	799.08
8480	799.17
8481	799.13
8482	799.05
8483	799.05
8484	799.09
8485	799.04
8486	799.07
8487	799.08
8488	798.79
8489	798.82
8490	798.87
8491	798.83
8492	798.84
8493	798.92
8494	798.9
8495	798.86
8496	798.96
8497	798.91
8498	798.99
8499	798.93
8500	798.98
8501	798.93
8502	799.01
8503	799.
8504	798.95
8505	799.03
8506	799.01
8507	798.97
8508	799.05
8509	799.03
8510	798.98
8511	799.04
8512	798.99
8513	799.07
8514	799.04
8515	799.
8516	799.04
8517	799.01
8518	799.09
8519	799.02
8520	799.
8521	799.07
8522	799.02
8523	799.03
8524	799.08
8525	799.04
8526	799.11
8527	799.09
8528	799.05
8529	799.13
8530	799.09
8531	799.05
8532	799.12
8533	799.09
8534	799.06
8535	799.13
8536	799.06
8537	799.06
8538	799.1
8539	799.12
8540	799.08
8541	799.16
8542	799.12
8543	799.13
8544	799.09
8545	799.16
8546	799.13
8547	799.09
8548	799.17
8549	799.13
8550	799.09
8551	799.17
8552	799.14
8553	799.1
8554	799.18
8555	799.14
8556	799.1
8557	799.15
8558	799.11
8559	799.15
8560	799.11
8561	799.14
8562	799.11
8563	799.19
8564	799.15
8565	799.11
8566	799.11
8567	799.16
8568	799.12
8569	799.19
8570	799.16
8571	799.12
8572	799.2
8573	799.16
8574	799.12
8575	799.14
8576	799.11
8577	799.11
8578	799.11
8579	799.15
8580	799.15
8581	799.12
8582	799.15
8583	799.16
8584	799.12
8585	799.16
8586	799.12
8587	799.16
8588	799.12
8589	799.12
8590	799.17
8591	799.13
8592	799.2
8593	799.17
8594	799.13
8595	799.21
8596	799.16
8597	799.13
8598	799.15
8599	799.16
8600	799.12
8601	799.19
8602	799.12
8603	799.12
8604	799.19
8605	799.16
8606	799.12
8607	799.19
8608	799.17
8609	799.12
8610	799.12
8611	799.14
8612	799.17
8613	799.13
8614	799.17
8615	799.17
8616	799.19
8617	799.15
8618	799.18
8619	799.15
8620	799.19
8621	799.24
8622	799.15
8623	799.14
8624	799.18
8625	799.2
8626	799.23
8627	799.32
8628	799.25
8629	799.36
8630	799.28
8631	799.27
8632	799.34
8633	799.35
8634	799.29
8635	799.35
8636	799.28
8637	799.34
8638	799.41
8639	799.36
8640	799.28
8641	799.34
8642	799.4
8643	799.38
8644	799.3
8645	799.45
8646	799.45
8647	799.31
8648	799.38
8649	799.45
8650	799.31
8651	799.38
8652	799.38
8653	799.45
8654	799.31
8655	799.38
8656	799.39
8657	799.44
8658	799.29
8659	799.29
8660	799.37
8661	799.36
8662	799.41
8663	799.49
8664	799.35
8665	799.47
8666	799.32
8667	799.39
8668	799.26
8669	799.3
8670	799.34
8671	799.46
8672	799.32
8673	799.39
8674	799.39
8675	799.41
8676	799.49
8677	799.34
8678	799.47
8679	799.32
8680	799.39
8681	799.45
8682	799.3
8683	799.38
8684	799.38
8685	799.41
8686	799.5
8687	799.35
8688	799.48
8689	799.33
8690	799.4
8691	799.46
8692	799.32
8693	799.38
8694	799.4
8695	799.47
8696	799.32
8697	799.39
8698	799.39
8699	799.48
8700	799.33
8701	799.4
8702	799.41
8703	799.33
8704	799.41
8705	799.42
8706	799.45
8707	799.3
8708	799.3
8709	799.38
8710	799.38
8711	799.48
8712	799.33
8713	799.4
8714	799.41
8715	799.51
8716	799.47
8717	799.37
8718	799.43
8719	799.47
8720	799.32
8721	799.39
8722	799.41
8723	799.32
8724	799.47
8725	799.4
8726	799.4
8727	799.4
8728	799.47
8729	799.33
8730	799.4
8731	799.4
8732	799.32
8733	799.47
8734	799.48
8735	799.33
8736	799.4
8737	799.39
8738	799.48
8739	799.41
8740	799.34
8741	799.38
8742	799.45
8743	799.31
8744	799.4
8745	799.47
8746	799.32
8747	799.31
8748	799.49
8749	799.34
8750	799.41
8751	799.48
8752	799.34
8753	799.41
8754	799.41
8755	799.49
8756	799.34
8757	799.41
8758	799.41
8759	799.49
8760	799.35
8761	799.42
8762	799.42
8763	799.5
8764	799.36
8765	799.42
8766	799.43
8767	799.5
8768	799.36
8769	799.42
8770	799.42
8771	799.34
8772	799.42
8773	799.42
8774	799.51
8775	799.37
8776	799.43
8777	799.44
8778	799.42
8779	799.5
8780	799.36
8781	799.43
8782	799.35
8783	799.49
8784	799.43
8785	799.51
8786	799.36
8787	799.44
8788	799.44
8789	799.44
8790	799.38
8791	799.52
8792	799.46
8793	799.44
8794	799.5
8795	799.35
8796	799.35
8797	799.45
8798	799.52
8799	799.38
8800	799.46
8801	799.53
8802	799.38
8803	799.46
8804	799.39
8805	799.53
8806	799.46
8807	799.46
8808	799.39
8809	799.54
8810	799.4
8811	799.
8812	799.05
8813	799.03
8814	798.95
8815	798.93
8816	798.98
8817	798.93
8818	798.9
8819	798.9
8820	798.88
8821	798.88
8822	798.85
8823	798.86
8824	798.83
8825	798.84
8826	798.82
8827	799.2
8828	799.25
8829	799.14
8830	799.35
8831	799.29
8832	799.35
8833	799.29
8834	793.27
8835	793.2
8836	793.19
8837	793.21
8838	793.28
8839	793.12
8840	793.2
8841	793.23
8842	793.3
8843	793.25
8844	793.32
8845	793.26
8846	793.18
8847	793.33
8848	793.28
8849	793.35
8850	793.27
8851	793.29
8852	793.36
8853	793.22
8854	793.37
8855	793.31
8856	793.35
8857	793.26
8858	793.32
8859	793.4
8860	793.36
8861	793.43
8862	793.3
8863	793.36
8864	793.44
8865	793.29
8866	793.38
8867	793.44
8868	793.28
8869	793.39
8870	793.46
8871	793.41
8872	793.47
8873	793.43
8874	793.35
8875	793.5
8876	793.45
8877	793.51
8878	793.36
8879	793.46
8880	793.53
8881	793.48
8882	793.54
8883	793.4
8884	793.49
8885	793.57
8886	793.5
8887	793.57
8888	793.52
8889	793.59
8890	793.54
8891	793.61
8892	793.46
8893	793.56
8894	793.63
8895	793.58
8896	793.64
8897	793.49
8898	793.6
8899	793.67
8900	793.63
8901	793.69
8902	793.54
8903	793.65
8904	793.72
8905	793.67
8906	793.73
8907	793.59
8908	793.69
8909	793.6
8910	793.75
8911	793.71
8912	793.78
8913	793.63
8914	793.73
8915	793.8
8916	793.75
8917	793.82
8918	793.67
8919	793.78
8920	793.84
8921	793.8
8922	793.87
8923	793.72
8924	793.83
8925	793.88
8926	793.92
8927	793.77
8928	793.86
8929	793.91
8930	793.82
8931	793.97
8932	793.88
8933	793.93
8934	794.
8935	793.85
8936	794.05
8937	794.12
8938	794.02
8939	794.08
8940	794.14
8941	793.99
8942	794.11
8943	794.17
8944	794.14
8945	794.2
8946	794.24
8947	794.17
8948	794.24
8949	794.21
8950	794.31
8951	794.15
8952	794.27
8953	794.33
8954	794.3
8955	794.37
8956	794.37
8957	794.43
8958	794.33
8959	794.4
8960	794.46
8961	794.31
8962	794.49
8963	794.44
8964	794.34
8965	794.51
8966	794.47
8967	794.56
8968	794.41
8969	794.6
8970	794.55
8971	794.67
8972	794.73
8973	794.71
8974	794.76
8975	794.74
8976	794.65
8977	794.81
8978	794.78
8979	794.84
8980	794.69
8981	794.88
8982	794.84
8983	795.02
8984	795.08
8985	794.96
8986	795.11
8987	795.06
8988	795.61
8989	795.65
8990	795.69
8991	795.71
8992	795.59
8993	795.78
8994	795.79
8995	795.98
8996	795.88
8997	795.98
8998	796.09
8999	796.08
9000	795.99
9001	796.21
9002	796.19
9003	797.07
9004	796.95
9005	797.34
9006	797.19
9007	797.65
9008	797.47
9009	797.81
9010	798.01
9011	799.29
9012	798.96
9013	801.31
9014	801.19
9015	800.71
9016	801.81
9017	801.88
9018	803.01
9019	803.59
9020	803.54
9021	803.02
9022	802.65
9023	803.15
9024	802.17
9025	802.45
9026	802.67
9027	801.76
9028	801.87
9029	801.95
9030	801.48
9031	801.6
9032	801.29
9033	801.36
9034	801.14
9035	801.18
9036	801.06
9037	801.02
9038	800.83
9039	800.84
9040	800.87
9041	800.81
9042	800.82
9043	800.8
9044	800.82
9045	800.79
9046	800.82
9047	800.78
9048	800.81
9049	800.76
9050	800.79
9051	800.72
9052	800.77
9053	800.69
9054	800.73
9055	800.67
9056	800.69
9057	800.72
9058	800.66
9059	800.67
9060	800.71
9061	800.65
9062	800.66
9063	800.69
9064	800.63
9065	800.65
9066	800.69
9067	800.62
9068	800.65
9069	800.69
9070	800.61
9071	800.65
9072	800.68
9073	800.65
9074	800.69
9075	800.67
9076	800.7
9077	800.68
9078	800.72
9079	800.72
9080	800.69
9081	800.72
9082	800.71
9083	800.74
9084	800.72
9085	800.76
9086	800.76
9087	800.71
9088	800.65
9089	800.7
9090	800.67
9091	800.69
9092	800.64
9093	800.65
9094	800.7
9095	800.64
9096	800.64
9097	800.7
9098	800.64
9099	800.69
9100	800.64
9101	800.69
9102	800.63
9103	800.68
9104	800.62
9105	800.68
9106	800.68
9107	800.61
9108	800.66
9109	800.6
9110	800.66
9111	800.66
9112	800.58
9113	800.63
9114	800.58
9115	800.63
9116	800.57
9117	800.62
9118	800.56
9119	800.62
9120	800.62
9121	800.55
9122	800.6
9123	800.53
9124	800.59
9125	800.52
9126	800.57
9127	800.5
9128	800.56
9129	800.48
9130	800.54
9131	800.47
9132	800.53
9133	800.42
9134	800.45
9135	800.51
9136	800.4
9137	800.44
9138	800.5
9139	800.46
9140	800.5
9141	800.47
9142	800.51
9143	800.45
9144	800.51
9145	800.42
9146	800.38
9147	800.48
9148	800.4
9149	800.46
9150	800.36
9151	800.38
9152	800.45
9153	800.34
9154	800.41
9155	800.3
9156	800.37
9157	800.14
9158	800.23
9159	800.22
9160	800.08
9161	800.17
9162	800.02
9163	800.1
9164	799.98
9165	799.98
9166	800.06
9167	799.95
9168	800.03
9169	799.9
9170	799.92
9171	800.
9172	799.86
9173	799.89
9174	799.97
9175	799.84
9176	799.87
9177	799.94
9178	799.81
9179	799.85
9180	799.93
9181	799.79
9182	799.83
9183	799.9
9184	799.76
9185	799.81
9186	799.89
9187	799.75
9188	799.79
9189	799.86
9190	799.72
9191	799.77
9192	799.85
9193	799.71
9194	799.69
9195	799.76
9196	799.83
9197	799.75
9198	799.83
9199	799.76
9200	799.68
9201	799.73
9202	799.81
9203	799.72
9204	799.8
9205	799.71
9206	799.78
9207	799.64
9208	799.7
9209	799.77
9210	799.63
9211	799.8
9212	799.83
9213	799.73
9214	799.85
9215	799.88
9216	799.8
9217	799.88
9218	799.91
9219	799.89
9220	799.93
9221	799.89
9222	799.93
9223	799.89
9224	799.93
9225	799.85
9226	799.89
9227	799.93
9228	799.85
9229	799.9
9230	799.93
9231	799.91
9232	799.94
9233	799.89
9234	799.94
9235	799.91
9236	799.87
9237	799.83
9238	799.88
9239	799.91
9240	799.87
9241	799.88
9242	799.91
9243	799.87
9244	799.91
9245	799.87
9246	799.91
9247	799.86
9248	799.9
9249	799.86
9250	799.9
9251	799.85
9252	799.9
9253	799.85
9254	799.85
9255	799.89
9256	799.85
9257	799.89
9258	799.86
9259	799.89
9260	799.87
9261	799.9
9262	799.86
9263	799.9
9264	799.84
9265	799.88
9266	799.87
9267	799.83
9268	799.82
9269	799.86
9270	799.82
9271	799.83
9272	799.86
9273	799.78
9274	799.83
9275	799.87
9276	799.83
9277	799.87
9278	799.82
9279	799.86
9280	799.78
9281	799.86
9282	799.82
9283	799.81
9284	799.77
9285	799.81
9286	799.81
9287	799.85
9288	799.76
9289	799.81
9290	799.85
9291	799.82
9292	799.85
9293	799.83
9294	799.86
9295	799.78
9296	799.84
9297	799.87
9298	799.83
9299	799.87
9300	799.86
9301	799.81
9302	799.79
9303	799.78
9304	799.82
9305	799.79
9306	799.78
9307	799.82
9308	799.78
9309	799.82
9310	799.77
9311	799.82
9312	799.77
9313	799.81
9314	799.72
9315	799.76
9316	799.81
9317	799.71
9318	799.8
9319	799.76
9320	799.71
9321	799.82
9322	799.83
9323	799.78
9324	799.81
9325	799.86
9326	799.87
9327	799.77
9328	799.82
9329	799.79
9330	799.74
9331	799.7
9332	799.73
9333	799.73
9334	799.77
9335	799.72
9336	799.77
9337	799.72
9338	799.77
9339	799.71
9340	799.76
9341	799.75
9342	799.66
9343	799.72
9344	799.61
9345	799.65
9346	799.71
9347	799.6
9348	799.63
9349	799.69
9350	799.58
9351	799.62
9352	799.68
9353	799.61
9354	799.67
9355	799.66
9356	799.6
9357	799.59
9358	799.65
9359	799.59
9360	799.6
9361	799.65
9362	799.53
9363	799.61
9364	799.66
9365	799.54
9366	799.63
9367	799.68
9368	799.56
9369	799.64
9370	799.69
9371	799.58
9372	799.66
9373	799.7
9374	799.67
9375	799.71
9376	799.72
9377	799.68
9378	799.7
9379	799.68
9380	799.74
9381	799.75
9382	799.7
9383	799.7
9384	799.75
9385	799.7
9386	799.65
9387	799.7
9388	799.75
9389	799.75
9390	799.71
9391	799.66
9392	799.72
9393	799.71
9394	799.76
9395	799.73
9396	799.77
9397	799.77
9398	799.73
9399	799.73
9400	799.77
9401	799.72
9402	799.73
9403	799.77
9404	799.73
9405	799.77
9406	799.74
9407	799.78
9408	799.73
9409	799.73
9410	799.78
9411	799.73
9412	799.77
9413	799.74
9414	799.73
9415	799.77
9416	799.78
9417	799.74
9418	799.74
9419	799.74
9420	799.78
9421	799.7
9422	799.74
9423	799.78
9424	799.74
9425	799.78
9426	799.74
9427	799.73
9428	799.77
9429	799.74
9430	799.78
9431	799.74
9432	799.78
9433	799.74
9434	799.77
9435	799.69
9436	799.74
9437	799.78
9438	799.75
9439	799.78
9440	799.7
9441	799.75
9442	799.79
9443	799.79
9444	799.75
9445	799.79
9446	799.74
9447	799.78
9448	799.75
9449	799.71
9450	799.78
9451	799.77
9452	799.79
9453	799.78
9454	799.81
9455	799.76
9456	799.78
9457	799.82
9458	799.76
9459	799.77
9460	799.81
9461	799.74
9462	799.76
9463	799.77
9464	799.8
9465	799.75
9466	799.79
9467	799.74
9468	799.78
9469	799.75
9470	799.78
9471	799.74
9472	799.75
9473	799.79
9474	799.74
9475	799.78
9476	799.75
9477	799.78
9478	799.74
9479	799.7
9480	799.75
9481	799.79
9482	799.75
9483	799.79
9484	799.74
9485	799.74
9486	799.78
9487	799.75
9488	799.78
9489	799.7
9490	799.71
9491	799.79
9492	799.78
9493	799.67
9494	799.73
9495	799.62
9496	799.67
9497	799.61
9498	799.71
9499	799.69
9500	799.57
9501	799.56
9502	799.49
9503	799.6
9504	799.65
9505	799.54
9506	799.61
9507	799.67
9508	799.68
9509	799.41
9510	799.66
9511	799.6
9512	799.65
9513	799.55
9514	799.53
9515	799.59
9516	799.53
9517	799.6
9518	799.53
9519	799.52
9520	799.6
9521	799.45
9522	799.52
9523	799.6
9524	799.53
9525	799.6
9526	799.46
9527	799.53
9528	799.6
9529	799.45
9530	799.53
9531	799.6
9532	799.45
9533	799.53
9534	799.61
9535	799.47
9536	799.52
9537	799.6
9538	799.46
9539	799.53
9540	799.59
9541	799.54
9542	799.61
9543	799.47
9544	799.53
9545	799.6
9546	799.45
9547	799.53
9548	799.6
9549	799.45
9550	799.53
9551	799.46
9552	799.61
9553	799.52
9554	799.6
9555	799.44
9556	799.52
9557	799.59
9558	799.53
9559	799.61
9560	799.46
9561	799.53
9562	799.6
9563	799.46
9564	799.53
9565	799.6
9566	799.45
9567	799.53
9568	799.61
9569	799.46
9570	799.55
9571	799.61
9572	799.57
9573	799.63
9574	799.59
9575	799.65
9576	799.66
9577	799.64
9578	799.6
9579	799.45
9580	799.52
9581	799.53
9582	799.6
9583	799.53
9584	799.53
9585	799.6
9586	799.46
9587	799.53
9588	799.61
9589	799.47
9590	799.53
9591	799.6
9592	799.46
9593	799.54
9594	799.46
9595	799.61
9596	799.55
9597	799.61
9598	799.57
9599	799.63
9600	799.59
9601	799.65
9602	799.64
9603	799.66
9604	799.6
9605	799.46
9606	799.54
9607	799.53
9608	799.6
9609	799.54
9610	799.53
9611	799.61
9612	799.46
9613	799.53
9614	799.61
9615	799.46
9616	799.53
9617	799.6
9618	799.46
9619	799.54
9620	799.46
9621	799.61
9622	799.56
9623	799.62
9624	799.58
9625	799.64
9626	799.61
9627	799.66
9628	799.66
9629	799.68
9630	799.55
9631	799.62
9632	799.47
9633	799.55
9634	799.63
9635	799.48
9636	799.63
9637	799.53
9638	799.61
9639	799.52
9640	799.59
9641	799.44
9642	799.53
9643	799.45
9644	799.61
9645	799.54
9646	799.61
9647	799.47
9648	799.54
9649	799.62
9650	799.54
9651	799.61
9652	799.47
9653	799.62
9654	799.56
9655	799.62
9656	799.54
9657	799.47
9658	799.54
9659	799.62
9660	799.54
9661	799.47
9662	799.53
9663	799.6
9664	799.54
9665	799.61
9666	799.46
9667	799.55
9668	799.62
9669	799.47
9670	799.56
9671	799.63
9672	799.57
9673	799.63
9674	799.49
9675	799.6
9676	799.65
9677	799.55
9678	799.65
9679	799.67
9680	799.52
9681	799.43
9682	799.55
9683	799.62
9684	799.64
9685	799.63
9686	799.56
9687	799.49
9688	799.55
9689	799.62
9690	799.55
9691	799.48
9692	799.62
9693	799.54
9694	799.55
9695	799.62
9696	799.54
9697	799.55
9698	799.47
9699	799.62
9700	799.55
9701	799.63
9702	799.49
9703	799.53
9704	799.62
9705	799.54
9706	799.6
9707	799.56
9708	799.64
9709	799.64
9710	799.56
9711	799.63
9712	799.56
9713	799.63
9714	799.48
9715	799.56
9716	799.64
9717	799.48
9718	799.63
9719	799.56
9720	799.63
9721	799.48
9722	799.56
9723	799.63
9724	799.48
9725	799.55
9726	799.63
9727	799.55
9728	799.63
9729	799.48
9730	799.54
9731	799.62
9732	799.47
9733	799.61
9734	799.46
9735	799.57
9736	799.64
9737	799.5
9738	799.56
9739	799.64
9740	799.49
9741	799.56
9742	799.63
9743	799.49
9744	799.63
9745	799.56
9746	799.58
9747	799.65
9748	799.58
9749	799.51
9750	799.58
9751	799.65
9752	799.57
9753	799.65
9754	799.5
9755	799.57
9756	799.65
9757	799.64
9758	799.49
9759	799.49
9760	799.56
9761	799.64
9762	799.58
9763	799.57
9764	799.65
9765	799.55
9766	799.65
9767	799.51
9768	799.45
9769	799.54
9770	799.61
9771	799.5
9772	799.57
9773	799.65
9774	799.57
9775	799.57
9776	799.65
9777	799.5
9778	799.58
9779	799.65
9780	799.58
9781	799.58
9782	799.65
9783	799.59
9784	799.66
9785	799.52
9786	799.6
9787	799.67
9788	799.53
9789	799.62
9790	799.69
9791	799.55
9792	799.61
9793	799.61
9794	799.69
9795	799.55
9796	799.6
9797	799.53
9798	799.68
9799	799.59
9800	799.66
9801	799.59
9802	799.6
9803	799.68
9804	799.68
9805	799.6
9806	799.69
9807	799.6
9808	792.9
9809	792.96
9810	793.05
9811	799.46
9812	799.54
9813	799.39
9814	799.08
9815	799.13
9816	799.15
9817	799.19
9818	799.4
9819	799.47
9820	799.54
9821	799.69
9822	799.76
9823	799.76
9824	799.84
9825	799.61
9826	793.19
9827	793.12
9828	793.12
9829	798.8
9830	798.87
9831	798.82
9832	799.02
9833	798.98
9834	799.05
9835	799.76
9836	799.76
9837	799.84
9838	799.83
9839	799.76
9840	799.76
9841	799.83
9842	799.83
9843	799.68
9844	799.75
9845	799.74
9846	799.82
9847	799.84
9848	799.82
9849	799.67
9850	799.75
9851	799.76
9852	799.75
9853	799.83
9854	799.84
9855	799.76
9856	799.82
9857	799.67
9858	799.75
9859	799.81
9860	799.74
9861	799.73
9862	799.81
9863	799.66
9864	799.73
9865	799.73
9866	799.81
9867	799.73
9868	799.73
9869	799.79
9870	799.64
9871	799.72
9872	799.72
9873	799.79
9874	799.72
9875	799.72
9876	799.65
9877	799.8
9878	799.64
9879	799.71
9880	799.73
9881	799.8
9882	799.71
9883	799.72
9884	799.79
9885	799.64
9886	799.72
9887	799.72
9888	799.72
9889	799.72
9890	799.79
9891	799.79
9892	799.72
9893	799.72
9894	799.79
9895	799.72
9896	799.8
9897	799.72
9898	799.79
9899	799.72
9900	799.72
9901	799.79
9902	799.71
9903	799.64
9904	799.78
9905	799.64
9906	799.71
9907	799.78
9908	799.71
9909	799.71
9910	799.79
9911	799.71
9912	799.78
9913	799.69
9914	799.77
9915	799.7
9916	799.7
9917	799.78
9918	799.7
9919	799.77
9920	799.7
9921	799.78
9922	799.7
9923	799.7
9924	799.79
9925	799.71
9926	799.78
9927	799.71
9928	799.78
9929	799.71
9930	799.78
9931	799.71
9932	799.72
9933	799.7
9934	799.78
9935	799.79
9936	799.71
9937	799.69
9938	799.77
9939	799.7
9940	799.76
9941	799.77
9942	799.69
9943	799.69
9944	799.69
9945	799.77
9946	799.69
9947	799.77
9948	799.69
9949	799.71
9950	799.79
9951	799.7
9952	799.7
9953	799.71
9954	799.77
9955	799.78
9956	799.73
9957	799.71
9958	799.79
9959	799.8
9960	799.7
9961	799.7
9962	799.77
9963	799.78
9964	799.69
9965	799.69
9966	799.77
9967	799.76
9968	799.69
9969	799.77
9970	799.69
9971	799.76
9972	799.69
9973	799.76
9974	799.69
9975	799.71
9976	799.79
9977	799.71
9978	799.65
9979	799.77
9980	799.69
9981	799.77
9982	799.7
9983	799.69
9984	799.69
9985	799.77
9986	799.76
9987	799.76
9988	799.69
9989	799.75
9990	799.68
9991	799.68
9992	799.77
9993	799.7
9994	799.69
9995	799.78
9996	799.7
9997	799.72
9998	799.79
9999	799.72
10000	799.73
10001	799.77
10002	799.7
10003	799.69
10004	799.75
10005	799.68
10006	799.68
10007	799.76
10008	799.69
10009	799.68
10010	799.77
10011	799.69
10012	799.69
10013	799.62
10014	799.74
10015	799.68
10016	799.69
10017	799.78
10018	799.71
10019	799.72
10020	799.76
10021	799.69
10022	799.68
10023	799.75
10024	799.68
10025	799.68
10026	799.75
10027	799.68
10028	799.68
10029	799.76
10030	799.67
10031	799.68
10032	799.61
10033	799.7
10034	799.72
10035	799.78
10036	799.75
10037	799.67
10038	799.7
10039	799.69
10040	799.77
10041	799.78
10042	799.75
10043	799.68
10044	799.75
10045	799.68
10046	799.68
10047	799.76
10048	799.68
10049	799.67
10050	799.75
10051	799.68
10052	799.67
10053	799.75
10054	799.68
10055	799.68
10056	799.76
10057	799.67
10058	799.68
10059	799.75
10060	799.67
10061	799.68
10062	799.75
10063	799.67
10064	799.68
10065	799.75
10066	799.68
10067	799.68
10068	799.68
10069	799.68
10070	799.75
10071	799.76
10072	799.68
10073	799.69
10074	799.71
10075	799.77
10076	799.75
10077	799.6
10078	799.72
10079	799.72
10080	799.78
10081	799.66
10082	799.79
10083	799.66
10084	799.79
10085	799.73
10086	799.8
10087	799.73
10088	799.74
10089	799.77
10090	799.8
10091	799.83
10092	799.81
10093	799.74
10094	799.82
10095	799.82
10096	799.86
10097	799.85
10098	799.86
10099	799.82
10100	799.86
10101	799.79
10102	799.83
10103	799.82
10104	799.83
10105	799.82
10106	799.86
10107	799.87
10108	799.83
10109	799.86
10110	799.78
10111	799.82
10112	799.82
10113	799.86
10114	799.82
10115	799.86
10116	799.78
10117	799.82
10118	799.87
10119	799.83
10120	799.83
10121	799.87
10122	799.8
10123	799.84
10124	799.84
10125	799.85
10126	799.84
10127	799.88
10128	799.88
10129	799.85
10130	799.87
10131	799.83
10132	799.86
10133	799.82
10134	799.82
10135	799.86
10136	799.83
10137	799.83
10138	799.86
10139	799.82
10140	799.82
10141	799.82
10142	799.82
10143	799.86
10144	799.86
10145	799.82
10146	799.86
10147	799.82
10148	799.85
10149	799.77
10150	799.81
10151	799.81
10152	799.86
10153	799.82
10154	799.82
10155	799.82
10156	799.82
10157	799.86
10158	799.78
10159	799.86
10160	799.78
10161	799.82
10162	799.86
10163	799.82
10164	799.85
10165	799.77
10166	799.81
10167	799.81
10168	799.85
10169	799.82
10170	799.81
10171	799.85
10172	799.81
10173	799.77
10174	799.81
10175	799.85
10176	799.81
10177	799.81
10178	799.85
10179	799.81
10180	799.81
10181	799.77
10182	799.85
10183	799.81
10184	799.8
10185	799.8
10186	799.8
10187	799.84
10188	799.84
10189	799.75
10190	799.8
10191	799.79
10192	799.79
10193	799.84
10194	799.84
10195	799.8
10196	799.79
10197	799.84
10198	799.75
10199	799.84
10200	799.75
10201	799.84
10202	799.79
10203	799.83
10204	799.78
10205	799.73
10206	799.78
10207	799.76
10208	799.75
10209	799.81
10210	799.82
10211	799.77
10212	799.81
10213	799.74
10214	799.79
10215	799.73
10216	799.72
10217	799.71
10218	799.72
10219	799.77
10220	799.65
10221	799.77
10222	799.71
10223	799.73
10224	799.74
10225	799.79
10226	799.78
10227	799.75
10228	799.76
10229	799.81
10230	799.8
10231	799.82
10232	799.77
10233	799.84
10234	799.79
10235	799.78
10236	799.85
10237	799.8
10238	799.81
10239	799.86
10240	799.82
10241	799.81
10242	799.83
10243	799.84
10244	799.88
10245	799.87
10246	799.77
10247	799.82
10248	799.87
10249	799.89
10250	799.92
10251	799.9
10252	799.88
10253	799.86
10254	799.91
10255	799.92
10256	799.85
10257	799.85
10258	799.89
10259	799.89
10260	799.81
10261	799.89
10262	799.85
10263	799.9
10264	799.86
10265	799.86
10266	799.91
10267	799.87
10268	799.86
10269	799.92
10270	799.89
10271	799.87
10272	799.84
10273	799.94
10274	799.9
10275	799.9
10276	799.94
10277	799.9
10278	799.9
10279	799.93
10280	799.89
10281	799.89
10282	799.94
10283	799.9
10284	799.85
10285	799.89
10286	799.94
10287	799.9
10288	799.86
10289	799.9
10290	799.91
10291	799.91
10292	799.95
10293	799.95
10294	799.91
10295	799.9
10296	799.91
10297	799.95
10298	799.95
10299	799.91
10300	799.92
10301	799.95
10302	799.95
10303	799.87
10304	799.96
10305	799.93
10306	799.93
10307	799.93
10308	799.97
10309	799.97
10310	799.94
10311	799.97
10312	799.93
10313	799.97
10314	799.89
10315	799.93
10316	799.93
10317	799.98
10318	799.94
10319	799.94
10320	799.99
10321	799.94
10322	799.95
10323	799.95
10324	799.95
10325	799.99
10326	799.99
10327	799.95
10328	799.99
10329	799.95
10330	799.91
10331	800.01
10332	799.96
10333	799.97
10334	800.01
10335	799.97
10336	799.97
10337	800.01
10338	799.97
10339	799.97
10340	799.96
10341	799.94
10342	799.99
10343	800.
10344	799.97
10345	799.91
10346	799.95
10347	799.86
10348	799.98
10349	799.93
10350	799.86
10351	799.85
10352	799.89
10353	799.9
10354	799.97
10355	799.95
10356	799.88
10357	799.98
10358	799.83
10359	799.9
10360	799.93
10361	799.94
10362	800.01
10363	799.99
10364	799.91
10365	799.96
10366	799.99
10367	800.04
10368	800.02
10369	800.07
10370	800.01
10371	800.05
10372	800.08
10373	800.13
10374	800.1
10375	800.02
10376	800.16
10377	800.11
10378	800.22
10379	800.14
10380	800.19
10381	800.31
10382	800.36
10383	800.39
10384	800.31
10385	800.33
10386	800.25
10387	800.44
10388	800.33
10389	800.41
10390	800.52
10391	800.48
10392	800.45
10393	800.57
10394	800.51
10395	800.52
10396	800.55
10397	800.55
10398	800.6
10399	800.6
10400	800.54
10401	800.6
10402	800.55
10403	800.57
10404	800.56
10405	800.62
10406	800.6
10407	800.61
10408	800.65
10409	800.64
10410	800.58
10411	800.67
10412	800.63
10413	800.65
10414	800.64
10415	800.69
10416	800.72
10417	800.67
10418	800.67
10419	800.73
10420	800.68
10421	800.68
10422	800.71
10423	800.71
10424	800.76
10425	800.75
10426	800.69
10427	800.72
10428	800.73
10429	800.77
10430	800.76
10431	800.73
10432	800.74
10433	800.78
10434	800.77
10435	800.74
10436	800.74
10437	800.78
10438	800.78
10439	800.79
10440	800.74
10441	800.74
10442	800.75
10443	800.8
10444	800.79
10445	800.74
10446	800.69
10447	800.76
10448	800.78
10449	800.81
10450	800.72
10451	800.8
10452	800.8
10453	800.8
10454	800.85
10455	800.83
10456	800.74
10457	800.79
10458	800.77
10459	800.82
10460	800.84
10461	800.82
10462	800.78
10463	800.74
10464	800.74
10465	800.78
10466	800.8
10467	800.76
10468	800.72
10469	800.71
10470	800.74
10471	800.77
10472	800.73
10473	800.71
10474	800.77
10475	800.73
10476	800.74
10477	800.76
10478	800.79
10479	800.8
10480	800.78
10481	800.73
10482	800.81
10483	800.79
10484	800.92
10485	800.84
10486	800.88
10487	800.89
10488	800.84
10489	800.85
10490	800.79
10491	800.82
10492	800.84
10493	800.83
10494	800.94
10495	800.87
10496	800.96
10497	801.19
10498	801.39
10499	801.17
10500	801.03
10501	801.07
10502	801.45
10503	801.74
10504	802.33
10505	802.14
10506	802.63
10507	803.84
10508	803.76
10509	803.21
10510	804.84
10511	804.1
10512	804.
10513	803.74
10514	802.92
10515	803.56
10516	802.88
10517	801.55
10518	800.97
10519	801.35
10520	801.99
10521	802.21
10522	800.99
10523	800.56
10524	800.5
10525	799.57
10526	799.05
10527	799.84
10528	798.08
10529	797.97
10530	798.43
10531	798.21
10532	797.3
10533	797.06
10534	797.14
10535	797.38
10536	797.6
10537	796.93
10538	796.85
10539	796.61
10540	796.68
10541	796.53
10542	796.59
10543	796.36
10544	796.4
10545	796.31
10546	796.28
10547	796.16
10548	796.17
10549	796.07
10550	795.99
10551	795.89
10552	795.9
10553	795.98
10554	795.84
10555	795.74
10556	795.81
10557	795.71
10558	795.67
10559	795.61
10560	795.49
10561	795.44
10562	795.54
10563	795.4
10564	795.59
10565	795.55
10566	795.45
10567	795.5
10568	795.4
10569	795.35
10570	795.4
10571	795.35
10572	795.25
10573	795.3
10574	795.32
10575	795.22
10576	795.16
10577	795.25
10578	795.24
10579	795.15
10580	795.18
10581	795.08
10582	795.03
10583	795.13
10584	795.18
10585	795.12
10586	794.99
10587	794.94
10588	795.04
10589	795.1
10590	794.94
10591	795.
10592	794.9
10593	794.92
10594	794.87
10595	794.83
10596	794.84
10597	794.74
10598	794.78
10599	794.76
10600	794.7
10601	794.66
10602	794.59
10603	794.55
10604	794.64
10605	794.69
10606	794.53
10607	794.62
10608	794.62
10609	794.52
10610	794.49
10611	794.4
10612	794.43
10613	794.43
10614	794.34
10615	794.26
10616	794.37
10617	794.36
10618	794.27
10619	794.3
10620	794.3
10621	794.24
10622	794.21
10623	794.24
10624	794.15
10625	794.18
10626	794.08
10627	793.97
10628	793.95
10629	794.04
10630	794.07
10631	794.
10632	794.02
10633	793.93
10634	793.97
10635	793.91
10636	793.88
10637	793.94
10638	793.87
10639	793.84
10640	793.8
10641	793.78
10642	793.87
10643	793.89
10644	793.81
10645	793.75
10646	793.73
10647	793.82
10648	793.83
10649	793.71
10650	793.69
10651	793.77
10652	793.79
10653	793.75
10654	793.67
10655	793.72
10656	793.64
10657	793.66
10658	793.69
10659	793.61
10660	793.63
10661	793.66
10662	793.6
10663	793.58
10664	793.54
10665	793.53
10666	793.61
10667	793.62
10668	793.56
10669	793.59
10670	793.52
10671	793.57
10672	793.51
10673	793.49
10674	793.53
10675	793.45
10676	793.38
10677	793.47
10678	793.51
10679	793.43
10680	793.44
10681	793.47
10682	793.39
10683	793.4
10684	793.36
10685	793.35
10686	793.43
10687	793.28
10688	793.44
10689	793.37
10690	793.43
10691	793.34
10692	793.39
10693	793.31
10694	793.24
10695	793.32
10696	793.37
10697	793.3
10698	793.29
10699	799.32
10700	799.32
10701	799.25
10702	799.76
10703	799.84
10704	799.69
10705	793.32
10706	793.41
10707	793.31
10708	793.23
10709	799.54
10710	799.68
10711	799.61
10712	799.61
10713	799.39
10714	799.47
10715	799.23
10716	799.17
10717	799.23
10718	799.18
10719	798.72
10720	798.7
10721	798.77
10722	798.77
10723	799.31
10724	799.24
10725	799.32
10726	799.24
10727	799.32
10728	799.25
10729	799.31
10730	799.24
10731	799.31
10732	799.24
10733	799.3
10734	799.24
10735	799.29
10736	799.23
10737	799.3
10738	799.22
10739	799.31
10740	799.24
10741	799.32
10742	799.24
10743	799.39
10744	799.31
10745	799.25
10746	799.4
10747	799.31
10748	799.24
10749	799.38
10750	799.31
10751	799.24
10752	799.38
10753	799.3
10754	799.23
10755	799.37
10756	799.3
10757	799.22
10758	799.3
10759	799.23
10760	799.37
10761	799.29
10762	799.22
10763	799.36
10764	799.29
10765	799.22
10766	799.36
10767	799.29
10768	799.22
10769	799.28
10770	799.21
10771	799.28
10772	799.22
10773	799.36
10774	799.28
10775	799.21
10776	799.35
10777	799.28
10778	799.21
10779	799.36
10780	799.27
10781	799.21
10782	799.35
10783	799.28
10784	799.2
10785	799.32
10786	799.3
10787	799.22
10788	799.36
10789	799.29
10790	799.23
10791	799.28
10792	799.2
10793	799.35
10794	799.27
10795	799.2
10796	799.35
10797	799.27
10798	799.2
10799	799.28
10800	799.21
10801	799.35
10802	799.28
10803	799.21
10804	799.28
10805	799.2
10806	799.35
10807	799.28
10808	799.21
10809	799.28
10810	799.21
10811	799.36
10812	799.28
10813	799.2
10814	799.35
10815	799.28
10816	799.2
10817	799.35
10818	799.27
10819	799.2
10820	799.27
10821	799.19
10822	799.34
10823	799.28
10824	799.2
10825	799.35
10826	799.27
10827	799.21
10828	799.36
10829	799.26
10830	799.19
10831	799.34
10832	799.26
10833	799.19
10834	799.32
10835	799.26
10836	799.2
10837	799.33
10838	799.27
10839	799.19
10840	799.34
10841	799.27
10842	799.2
10843	799.27
10844	799.19
10845	799.34
10846	799.27
10847	799.2
10848	799.34
10849	799.26
10850	799.19
10851	799.34
10852	799.26
10853	799.19
10854	799.26
10855	799.19
10856	799.33
10857	799.27
10858	799.2
10859	799.34
10860	799.26
10861	799.19
10862	799.25
10863	799.18
10864	799.25
10865	799.17
10866	799.18
10867	799.26
10868	799.26
10869	799.19
10870	799.34
10871	799.27
10872	799.25
10873	799.18
10874	799.33
10875	799.26
10876	799.19
10877	799.26
10878	799.18
10879	799.26
10880	799.19
10881	799.26
10882	799.19
10883	799.33
10884	799.26
10885	799.18
10886	799.25
10887	799.19
10888	799.34
10889	799.25
10890	799.18
10891	799.27
10892	799.18
10893	799.31
10894	799.28
10895	799.21
10896	799.33
10897	799.26
10898	799.2
10899	799.34
10900	799.26
10901	799.18
10902	799.26
10903	799.19
10904	799.33
10905	799.24
10906	799.18
10907	799.32
10908	799.23
10909	799.17
10910	799.24
10911	799.17
10912	799.25
10913	799.18
10914	799.32
10915	799.26
10916	799.18
10917	799.33
10918	799.26
10919	799.19
10920	799.33
10921	799.26
10922	799.19
10923	799.26
10924	799.19
10925	799.34
10926	799.26
10927	799.18
10928	799.25
10929	799.18
10930	799.33
10931	799.25
10932	799.17
10933	799.25
10934	799.18
10935	799.32
10936	799.24
10937	799.17
10938	799.31
10939	799.23
10940	799.16
10941	799.3
10942	799.25
10943	799.17
10944	799.3
10945	799.26
10946	799.18
10947	799.26
10948	799.19
10949	799.33
10950	799.25
10951	799.18
10952	799.33
10953	799.23
10954	799.17
10955	799.31
10956	799.25
10957	799.17
10958	799.29
10959	799.27
10960	799.19
10961	799.31
10962	799.25
10963	799.18
10964	799.25
10965	799.18
10966	799.32
10967	799.26
10968	799.19
10969	799.33
10970	799.25
10971	799.18
10972	799.32
10973	799.24
10974	799.18
10975	799.32
10976	799.24
10977	799.16
10978	799.25
10979	799.18
10980	799.32
10981	799.25
10982	799.18
10983	799.32
10984	799.23
10985	799.17
10986	799.31
10987	799.23
10988	799.16
10989	799.29
10990	799.25
10991	799.16
10992	799.28
10993	799.26
10994	799.19
10995	799.3
10996	799.25
10997	799.18
10998	799.24
10999	799.18
11000	799.32
11001	799.24
11002	799.17
11003	799.31
11004	799.25
11005	799.18
11006	799.32
11007	799.25
11008	799.17
11009	799.32
11010	799.24
11011	799.18
11012	799.24
11013	799.17
11014	799.31
11015	799.24
11016	799.17
11017	799.3
11018	799.23
11019	799.17
11020	799.31
11021	799.21
11022	799.16
11023	799.29
11024	799.16
11025	799.14
11026	799.27
11027	799.2
11028	799.24
11029	799.18
11030	799.24
11031	799.17
11032	799.31
11033	799.25
11034	799.17
11035	799.31
11036	799.25
11037	799.17
11038	799.32
11039	799.24
11040	799.17
11041	799.31
11042	799.23
11043	799.16
11044	799.23
11045	799.16
11046	799.24
11047	799.17
11048	799.3
11049	799.24
11050	799.18
11051	799.32
11052	799.24
11053	799.16
11054	799.31
11055	799.23
11056	799.17
11057	799.31
11058	799.24
11059	799.16
11060	799.31
11061	799.25
11062	799.17
11063	799.24
11064	799.17
11065	799.32
11066	799.24
11067	799.17
11068	799.31
11069	799.23
11070	799.16
11071	799.31
11072	799.23
11073	799.16
11074	799.31
11075	799.24
11076	799.17
11077	799.24
11078	799.17
11079	799.31
11080	799.23
11081	799.17
11082	799.22
11083	799.16
11084	799.21
11085	799.15
11086	799.21
11087	799.14
11088	799.27
11089	799.22
11090	799.15
11091	799.15
11092	799.22
11093	799.2
11094	799.15
11095	799.21
11096	799.13
11097	799.18
11098	799.11
11099	799.07
11100	799.12
11101	799.07
11102	799.11
11103	799.11
11104	799.07
11105	799.11
11106	799.1
11107	799.07
11108	799.1
11109	799.06
11110	799.14
11111	799.1
11112	799.06
11113	799.06
11114	799.1
11115	799.13
11116	799.1
11117	799.06
11118	799.14
11119	799.1
11120	799.1
11121	799.06
11122	799.14
11123	799.1
11124	799.06
11125	799.14
11126	799.09
11127	799.06
11128	799.13
11129	799.1
11130	799.06
11131	799.13
11132	799.09
11133	799.06
11134	799.09
11135	799.05
11136	799.09
11137	799.05
11138	799.09
11139	799.05
11140	799.08
11141	799.05
11142	799.08
11143	799.05
11144	799.09
11145	799.05
11146	799.05
11147	799.09
11148	799.09
11149	799.05
11150	799.09
11151	799.08
11152	799.05
11153	799.08
11154	799.05
11155	799.08
11156	799.05
11157	799.08
11158	799.05
11159	799.08
11160	799.05
11161	799.08
11162	799.05
11163	799.12
11164	799.07
11165	799.04
11166	799.08
11167	799.04
11168	799.08
11169	799.04
11170	799.08
11171	799.05
11172	799.08
11173	799.05
11174	799.08
11175	799.04
11176	799.07
11177	799.04
11178	799.07
11179	799.03
11180	799.07
11181	799.04
11182	799.04
11183	799.07
11184	799.06
11185	799.03
11186	799.07
11187	799.06
11188	799.03
11189	799.06
11190	799.02
11191	799.05
11192	799.02
11193	799.05
11194	799.01
11195	799.04
11196	799.01
11197	799.03
11198	799.
11199	799.08
11200	799.02
11201	798.99
11202	799.02
11203	798.99
11204	799.02
11205	798.99
11206	799.01
11207	798.98
11208	799.01
11209	798.98
11210	799.
11211	798.97
11212	798.99
11213	798.96
11214	798.96
11215	798.97
11216	798.93
11217	798.94
11218	798.97
11219	798.93
11220	798.96
11221	798.93
11222	798.95
11223	798.91
11224	798.93
11225	798.9
11226	798.92
11227	798.89
11228	798.87
11229	798.9
11230	798.86
11231	798.84
11232	798.88
11233	798.81
11234	798.84
11235	798.88
11236	798.79
11237	798.78
11238	798.82
11239	798.74
11240	798.75
11241	798.8
11242	798.75
11243	798.72
11244	798.73
11245	798.79
11246	798.74
11247	798.71
11248	798.72
11249	798.69
11250	798.77
11251	798.68
11252	798.66
11253	798.74
11254	798.71
11255	798.68
11256	798.66
11257	798.74
11258	798.7
11259	798.76
11260	798.77
11261	798.72
11262	798.79
11263	798.75
11264	798.81
11265	798.77
11266	798.79
11267	798.83
11268	798.83
11269	798.88
11270	798.86
11271	798.93
11272	798.88
11273	798.9
11274	798.96
11275	798.95
11276	798.9
11277	798.98
11278	798.97
11279	798.92
11280	798.98
11281	798.94
11282	799.02
11283	798.95
11284	799.
11285	799.01
11286	798.97
11287	799.
11288	799.02
11289	798.98
11290	799.04
11291	798.99
11292	799.05
11293	799.
11294	799.06
11295	799.01
11296	799.09
11297	799.06
11298	799.02
11299	799.1
11300	799.06
11301	799.03
11302	799.05
11303	799.02
11304	799.08
11305	799.07
11306	799.03
11307	799.08
11308	799.09
11309	799.05
11310	799.11
11311	799.06
11312	799.14
11313	799.12
11314	799.08
11315	799.08
11316	799.16
11317	799.12
11318	799.14
11319	799.1
11320	799.14
11321	799.14
11322	799.11
11323	799.18
11324	799.14
11325	799.1
11326	799.15
11327	799.11
11328	799.12
11329	799.17
11330	799.18
11331	799.14
11332	799.18
11333	799.18
11334	799.14
11335	799.14
11336	799.18
11337	799.18
11338	799.15
11339	799.18
11340	799.17
11341	799.14
11342	799.23
11343	799.12
11344	799.18
11345	799.15
11346	799.14
11347	799.17
11348	799.18
11349	799.19
11350	799.15
11351	799.19
11352	799.19
11353	799.15
11354	799.15
11355	799.19
11356	799.17
11357	799.2
11358	799.21
11359	799.23
11360	799.18
11361	799.22
11362	799.23
11363	799.19
11364	799.27
11365	799.19
11366	799.27
11367	799.22
11368	799.21
11369	799.18
11370	799.25
11371	799.22
11372	799.22
11373	799.18
11374	799.25
11375	799.22
11376	799.18
11377	799.18
11378	799.26
11379	799.22
11380	799.22
11381	799.18
11382	799.22
11383	799.22
11384	799.19
11385	799.23
11386	799.19
11387	799.24
11388	799.2
11389	799.24
11390	799.21
11391	799.24
11392	799.2
11393	799.28
11394	799.24
11395	799.2
11396	799.24
11397	799.2
11398	799.25
11399	799.21
11400	799.26
11401	799.22
11402	799.29
11403	799.27
11404	799.23
11405	799.3
11406	799.28
11407	799.24
11408	799.31
11409	799.32
11410	799.25
11411	799.29
11412	799.36
11413	799.41
11414	799.34
11415	799.39
11416	799.42
11417	799.35
11418	799.49
11419	799.43
11420	799.35
11421	799.35
11422	799.49
11423	799.45
11424	799.38
11425	799.47
11426	799.39
11427	799.48
11428	799.41
11429	799.54
11430	799.49
11431	799.41
11432	799.5
11433	799.43
11434	799.56
11435	799.51
11436	799.44
11437	799.57
11438	799.46
11439	799.53
11440	799.59
11441	799.49
11442	799.62
11443	799.55
11444	799.57
11445	799.62
11446	799.54
11447	799.68
11448	799.6
11449	799.65
11450	799.57
11451	799.71
11452	799.68
11453	799.59
11454	799.73
11455	799.71
11456	799.63
11457	799.77
11458	799.75
11459	799.66
11460	799.77
11461	799.69
11462	799.84
11463	799.78
11464	799.71
11465	799.79
11466	799.73
11467	799.8
11468	799.74
11469	799.8
11470	799.75
11471	799.85
11472	799.82
11473	799.76
11474	799.85
11475	799.85
11476	799.79
11477	799.89
11478	799.87
11479	799.81
11480	799.9
11481	799.89
11482	799.83
11483	799.9
11484	799.85
11485	799.91
11486	799.86
11487	799.95
11488	799.93
11489	799.88
11490	799.96
11491	799.96
11492	799.9
11493	799.98
11494	799.92
11495	799.99
11496	799.94
11497	799.95
11498	800.01
11499	800.05
11500	800.03
11501	799.98
11502	800.02
11503	800.04
11504	799.99
11505	800.09
11506	800.04
11507	800.
11508	800.04
11509	800.
11510	800.08
11511	800.05
11512	800.
11513	800.08
11514	800.07
11515	800.01
11516	800.09
11517	800.04
11518	800.09
11519	800.12
11520	800.07
11521	800.12
11522	800.17
11523	800.08
11524	800.18
11525	800.13
11526	800.13
11527	800.08
11528	800.13
11529	800.18
11530	800.15
11531	800.09
11532	800.18
11533	800.16
11534	800.11
11535	800.16
11536	800.11
11537	800.21
11538	800.15
11539	800.11
11540	800.2
11541	800.15
11542	800.11
11543	800.19
11544	800.11
11545	800.19
11546	800.16
11547	800.14
11548	800.18
11549	800.2
11550	800.22
11551	800.16
11552	800.21
11553	800.23
11554	800.18
11555	800.27
11556	800.19
11557	800.24
11558	800.29
11559	800.28
11560	800.22
11561	800.26
11562	800.3
11563	800.24
11564	800.33
11565	800.32
11566	800.27
11567	800.35
11568	800.29
11569	800.37
11570	800.38
11571	800.32
11572	800.41
11573	800.35
11574	800.46
11575	800.39
11576	800.51
11577	800.44
11578	800.53
11579	800.49
11580	800.56
11581	800.58
11582	800.59
11583	800.66
11584	800.61
11585	800.69
11586	800.76
11587	800.71
11588	800.67
11589	800.8
11590	800.73
11591	800.8
11592	800.81
11593	800.69
11594	800.65
11595	800.78
11596	800.51
11597	800.54
11598	800.73
11599	800.3
11600	800.28
11601	800.53
11602	799.97
11603	800.02
11604	799.58
11605	799.66
11606	799.16
11607	799.29
11608	799.48
11609	798.74
11610	798.88
11611	798.48
11612	798.35
11613	798.59
11614	797.75
11615	797.62
11616	797.97
11617	797.01
11618	797.12
11619	797.29
11620	796.76
11621	796.85
11622	796.54
11623	796.62
11624	796.35
11625	796.4
11626	796.48
11627	796.22
11628	796.18
11629	796.31
11630	795.89
11631	795.9
11632	796.03
11633	795.76
11634	795.77
11635	795.88
11636	795.65
11637	795.65
11638	795.55
11639	795.55
11640	795.66
11641	795.44
11642	795.46
11643	795.27
11644	795.29
11645	795.37
11646	795.15
11647	795.12
11648	795.22
11649	795.08
11650	795.06
11651	794.99
11652	795.02
11653	795.12
11654	794.88
11655	795.02
11656	794.93
11657	794.98
11658	794.82
11659	794.78
11660	794.87
11661	794.78
11662	794.73
11663	794.87
11664	794.75
11665	794.7
11666	794.71
11667	794.65
11668	794.81
11669	794.66
11670	794.61
11671	794.61
11672	794.57
11673	794.57
11674	794.51
11675	794.53
11676	794.48
11677	794.63
11678	794.49
11679	794.44
11680	794.45
11681	794.4
11682	794.54
11683	794.41
11684	794.36
11685	794.51
11686	794.37
11687	794.32
11688	794.28
11689	794.33
11690	794.26
11691	794.19
11692	794.29
11693	794.22
11694	794.17
11695	794.18
11696	794.13
11697	794.27
11698	794.1
11699	794.24
11700	794.15
11701	794.05
11702	794.
11703	794.09
11704	794.01
11705	793.96
11706	794.1
11707	793.93
11708	793.98
11709	793.86
11710	793.95
11711	793.92
11712	794.01
11713	793.85
11714	793.8
11715	793.88
11716	793.82
11717	793.76
11718	793.78
11719	793.74
11720	793.75
11721	793.7
11722	793.84
11723	793.73
11724	793.67
11725	793.64
11726	793.7
11727	793.79
11728	793.58
11729	793.65
11730	793.73
11731	793.67
11732	793.6
11733	793.54
11734	793.68
11735	793.62
11736	793.57
11737	793.51
11738	793.54
11739	793.48
11740	793.62
11741	793.52
11742	793.46
11743	793.49
11744	793.44
11745	793.58
11746	793.46
11747	793.4
11748	793.43
11749	793.38
11750	793.52
11751	793.41
11752	793.35
11753	793.39
11754	793.35
11755	793.48
11756	793.37
11757	793.31
11758	793.45
11759	793.36
11760	793.3
11761	793.45
11762	793.28
11763	793.34
11764	793.24
11765	793.29
11766	793.31
11767	793.25
11768	793.2
11769	793.27
11770	793.23
11771	793.16
11772	793.3
11773	793.22
11774	793.15
11775	793.2
11776	793.14
11777	793.18
11778	793.12
11779	793.16
11780	793.1
11781	793.25
11782	793.08
11783	793.15
11784	793.11
11785	793.06
11786	793.14
11787	793.2
11788	793.1
11789	793.03
11790	793.08
11791	793.03
11792	793.07
11793	793.
11794	793.14
11795	792.99
11796	793.07
11797	793.14
11798	792.97
11799	793.11
11800	793.05
11801	793.03
11802	793.
11803	792.94
11804	793.02
11805	792.99
11806	792.93
11807	793.08
11808	792.98
11809	792.91
11810	792.97
11811	792.9
11812	793.05
11813	792.96
11814	792.9
11815	793.04
11816	792.94
11817	792.88
11818	792.87
11819	792.92
11820	792.9
11821	792.83
11822	792.96
11823	792.9
11824	792.9
11825	792.83
11826	792.97
11827	792.82
11828	792.89
11829	792.86
11830	792.8
11831	792.87
11832	792.84
11833	792.78
11834	792.92
11835	792.83
11836	792.76
11837	792.75
11838	792.81
11839	792.72
11840	792.8
11841	792.87
11842	792.79
11843	798.63
11844	798.63
11845	799.25
11846	799.33
11847	799.83
11848	799.75
11849	793.42
11850	793.23
11851	792.65
11852	792.63
11853	792.66
11854	792.72
11855	792.68
11856	792.7
11857	792.72
11858	792.74
11859	792.74
11860	792.81
11861	792.75
11862	792.76
11863	792.77
11864	792.79
11865	792.84
11866	792.82
11867	792.81
11868	792.83
11869	792.84
11870	792.85
11871	792.86
11872	792.88
11873	792.89
11874	792.96
11875	792.91
11876	792.92
11877	792.99
11878	792.93
11879	792.95
11880	792.96
11881	792.98
11882	792.99
11883	793.
11884	793.07
11885	793.02
11886	793.04
11887	793.06
11888	793.08
11889	793.09
11890	793.12
11891	793.14
11892	793.16
11893	793.21
11894	793.18
11895	793.19
11896	793.25
11897	793.22
11898	793.24
11899	793.26
11900	793.28
11901	793.3
11902	793.33
11903	793.35
11904	793.38
11905	793.4
11906	793.43
11907	793.45
11908	793.48
11909	793.5
11910	793.56
11911	793.53
11912	793.56
11913	793.62
11914	793.58
11915	793.62
11916	793.65
11917	793.68
11918	793.72
11919	793.75
11920	793.77
11921	793.83
11922	793.8
11923	793.84
11924	793.89
11925	793.87
11926	793.91
11927	793.95
11928	793.97
11929	794.03
11930	794.
11931	794.05
11932	794.04
11933	794.08
11934	794.11
11935	794.14
11936	794.19
11937	794.24
11938	794.23
11939	794.27
11940	794.31
11941	794.35
11942	794.39
11943	794.42
11944	794.47
11945	794.52
11946	794.56
11947	794.6
11948	794.65
11949	794.69
11950	794.73
11951	794.78
11952	794.83
11953	794.84
11954	794.9
11955	794.94
11956	794.96
11957	795.03
11958	795.09
11959	795.17
11960	795.2
11961	795.25
11962	795.33
11963	795.35
11964	795.43
11965	795.54
11966	795.65
11967	795.78
11968	795.92
11969	796.26
11970	796.08
11971	796.46
11972	796.69
11973	796.94
11974	797.22
11975	797.52
11976	797.41
11977	797.87
11978	798.23
11979	798.11
11980	798.61
11981	799.
11982	799.39
11983	799.73
11984	800.04
11985	800.29
11986	800.44
11987	800.51
11988	800.53
11989	800.61
11990	800.65
11991	800.71
11992	800.65
11993	800.71
11994	800.63
11995	800.56
11996	800.63
11997	800.6
11998	800.51
11999	800.47
12000	800.54
12001	800.42
12002	800.37
12003	800.29
12004	800.33
12005	800.26
12006	800.23
12007	800.21
12008	800.19
12009	800.17
12010	800.15
12011	800.21
12012	800.14
12013	800.12
12014	800.11
12015	800.1
12016	800.15
12017	800.09
12018	800.08
12019	800.13
12020	800.07
12021	800.06
12022	800.06
12023	800.06
12024	800.05
12025	800.04
12026	800.03
12027	800.03
12028	800.08
12029	800.02
12030	800.02
12031	800.01
12032	800.06
12033	800.
12034	800.05
12035	799.98
12036	799.97
12037	799.96
12038	799.95
12039	799.94
12040	799.93
12041	799.92
12042	799.91
12043	799.96
12044	799.9
12045	799.88
12046	799.86
12047	799.84
12048	799.82
12049	799.81
12050	799.79
12051	799.77
12052	799.75
12053	799.73
12054	799.71
12055	799.69
12056	799.67
12057	799.65
12058	799.63
12059	799.6
12060	799.57
12061	799.54
12062	799.51
12063	799.48
12064	799.46
12065	799.43
12066	799.52
12067	799.42
12068	799.4
12069	799.48
12070	799.38
12071	799.37
12072	799.35
12073	799.34
12074	799.33
12075	799.31
12076	799.3
12077	799.29
12078	799.28
12079	799.27
12080	799.26
12081	799.24
12082	799.31
12083	799.22
12084	799.2
12085	799.19
12086	799.19
12087	799.18
12088	799.17
12089	799.17
12090	799.17
12091	799.17
12092	799.17
12093	799.16
12094	799.16
12095	799.15
12096	799.15
12097	799.15
12098	799.19
12099	799.15
12100	799.15
12101	799.14
12102	799.14
12103	799.14
12104	799.18
12105	799.15
12106	799.14
12107	799.14
12108	799.14
12109	799.18
12110	799.13
12111	799.12
12112	799.16
12113	799.12
12114	799.12
12115	799.12
12116	799.11
12117	799.15
12118	799.1
12119	799.1
12120	799.13
12121	799.1
12122	799.11
12123	799.1
12124	799.1
12125	799.14
12126	799.1
12127	799.1
12128	799.09
12129	799.09
12130	799.13
12131	799.08
12132	799.07
12133	799.07
12134	799.07
12135	799.06
12136	799.05
12137	799.1
12138	799.05
12139	799.09
12140	799.04
12141	799.08
12142	799.04
12143	799.03
12144	799.02
12145	799.01
12146	798.99
12147	798.99
12148	798.99
12149	798.98
12150	798.97
12151	798.96
12152	798.94
12153	798.95
12154	798.93
12155	798.92
12156	798.96
12157	798.9
12158	798.89
12159	798.87
12160	798.85
12161	798.83
12162	798.81
12163	798.85
12164	798.79
12165	798.77
12166	798.81
12167	798.74
12168	798.72
12169	798.7
12170	798.68
12171	798.65
12172	798.62
12173	798.58
12174	798.58
12175	798.61
12176	798.64
12177	798.66
12178	798.67
12179	798.7
12180	798.72
12181	798.73
12182	798.75
12183	798.77
12184	798.79
12185	798.79
12186	798.81
12187	798.83
12188	798.86
12189	798.84
12190	798.86
12191	798.87
12192	798.88
12193	798.89
12194	798.9
12195	798.91
12196	798.92
12197	798.93
12198	798.94
12199	798.94
12200	798.95
12201	798.95
12202	798.96
12203	798.97
12204	798.97
12205	798.98
12206	798.98
12207	798.98
12208	798.99
12209	798.99
12210	799.
12211	799.
12212	799.03
12213	799.
12214	799.
12215	799.
12216	799.
12217	799.01
12218	799.01
12219	799.01
12220	799.01
12221	799.01
12222	799.01
12223	799.01
12224	799.01
12225	799.01
12226	799.01
12227	799.01
12228	799.02
12229	799.02
12230	799.02
12231	799.06
12232	799.02
12233	799.02
12234	799.02
12235	799.02
12236	799.02
12237	799.02
12238	799.02
12239	799.02
12240	799.02
12241	799.02
12242	799.03
12243	799.03
12244	799.03
12245	799.02
12246	799.06
12247	799.02
12248	799.03
12249	799.03
12250	799.03
12251	799.03
12252	799.03
12253	799.07
12254	799.03
12255	799.04
12256	799.05
12257	799.09
12258	799.06
12259	799.11
12260	799.08
12261	799.08
12262	799.08
12263	799.14
12264	799.09
12265	799.08
12266	799.08
12267	799.09
12268	799.1
12269	799.1
12270	799.1
12271	799.1
12272	799.09
12273	799.1
12274	799.1
12275	799.1
12276	799.09
12277	799.09
12278	799.1
12279	799.1
12280	799.1
12281	799.1
12282	799.09
12283	799.1
12284	799.1
12285	799.1
12286	799.1
12287	799.1
12288	799.12
12289	799.1
12290	799.09
12291	799.1
12292	799.1
12293	799.1
12294	799.1
12295	799.11
12296	799.1
12297	799.1
12298	799.11
12299	799.11
12300	799.11
12301	799.1
12302	799.1
12303	799.1
12304	799.1
12305	799.1
12306	799.1
12307	799.1
12308	799.11
12309	799.11
12310	799.11
12311	799.11
12312	799.11
12313	799.11
12314	799.1
12315	799.1
12316	799.11
12317	799.11
12318	799.1
12319	799.1
12320	799.1
12321	799.11
12322	799.1
12323	799.1
12324	799.11
12325	799.11
12326	799.11
12327	799.11
12328	799.11
12329	799.11
12330	799.11
12331	799.11
12332	799.11
12333	799.12
12334	799.11
12335	799.12
12336	799.12
12337	799.12
12338	799.11
12339	799.11
12340	799.11
12341	799.12
12342	799.12
12343	799.11
12344	799.11
12345	799.11
12346	799.11
12347	799.12
12348	799.12
12349	799.19
12350	799.11
12351	799.11
12352	799.12
12353	799.13
12354	799.13
12355	799.12
12356	799.12
12357	799.13
12358	799.13
12359	799.13
12360	799.13
12361	799.13
12362	799.13
12363	799.12
12364	799.12
12365	799.13
12366	799.13
12367	799.12
12368	799.13
12369	799.13
12370	799.13
12371	799.14
12372	799.13
12373	799.13
12374	799.14
12375	799.14
12376	799.13
12377	799.13
12378	799.14
12379	799.15
12380	799.14
12381	799.14
12382	799.14
12383	799.14
12384	799.15
12385	799.15
12386	799.15
12387	799.15
12388	799.15
12389	799.15
12390	799.15
12391	799.15
12392	799.17
12393	799.17
12394	799.17
12395	799.17
12396	799.17
12397	799.17
12398	799.16
12399	799.17
12400	799.17
12401	799.17
12402	799.18
12403	799.17
12404	799.17
12405	799.18
12406	799.17
12407	799.18
12408	798.8
12409	798.83
12410	799.12
12411	799.08
12412	799.26
12413	799.41
12414	793.53
12415	793.49
12416	793.46
12417	793.39
12418	793.46
12419	793.38
12420	793.46
12421	793.47
12422	793.39
12423	793.48
12424	793.5
12425	793.41
12426	793.51
12427	793.52
12428	793.53
12429	793.54
12430	793.46
12431	793.55
12432	793.56
12433	793.48
12434	793.57
12435	793.49
12436	793.58
12437	793.5
12438	793.59
12439	793.6
12440	793.52
12441	793.62
12442	793.63
12443	793.55
12444	793.65
12445	793.66
12446	793.59
12447	793.67
12448	793.69
12449	793.71
12450	793.73
12451	793.65
12452	793.75
12453	793.76
12454	793.68
12455	793.78
12456	793.8
12457	793.72
12458	793.81
12459	793.82
12460	793.74
12461	793.83
12462	793.86
12463	793.88
12464	793.9
12465	793.93
12466	793.96
12467	793.98
12468	794.
12469	793.9
12470	794.02
12471	794.04
12472	793.95
12473	794.06
12474	794.08
12475	793.99
12476	794.11
12477	794.13
12478	794.15
12479	794.18
12480	794.09
12481	794.21
12482	794.12
12483	794.24
12484	794.15
12485	794.27
12486	794.18
12487	794.31
12488	794.22
12489	794.34
12490	794.36
12491	794.27
12492	794.4
12493	794.43
12494	794.34
12495	794.46
12496	794.49
12497	794.4
12498	794.53
12499	794.56
12500	794.47
12501	794.59
12502	794.61
12503	794.52
12504	794.65
12505	794.55
12506	794.68
12507	794.58
12508	794.71
12509	794.75
12510	794.78
12511	794.81
12512	794.71
12513	794.86
12514	794.9
12515	794.8
12516	794.94
12517	794.98
12518	794.89
12519	795.02
12520	795.07
12521	794.97
12522	795.1
12523	795.15
12524	795.2
12525	795.23
12526	795.28
12527	795.31
12528	795.22
12529	795.34
12530	795.38
12531	795.27
12532	795.42
12533	795.46
12534	795.35
12535	795.5
12536	795.55
12537	795.45
12538	795.59
12539	795.64
12540	795.68
12541	795.74
12542	795.64
12543	795.8
12544	795.87
12545	795.78
12546	795.93
12547	796.
12548	795.91
12549	796.07
12550	796.15
12551	796.07
12552	796.24
12553	796.34
12554	796.26
12555	796.44
12556	796.55
12557	796.48
12558	796.68
12559	796.82
12560	796.76
12561	796.99
12562	797.19
12563	797.43
12564	797.74
12565	797.71
12566	798.14
12567	798.97
12568	798.67
12569	799.61
12570	800.85
12571	800.52
12572	801.85
12573	802.17
12574	802.76
12575	803.61
12576	802.83
12577	804.76
12578	805.58
12579	804.46
12580	805.64
12581	804.8
12582	804.58
12583	803.58
12584	802.51
12585	803.02
12586	801.78
12587	801.42
12588	801.85
12589	801.33
12590	801.08
12591	800.89
12592	800.97
12593	800.93
12594	800.9
12595	800.74
12596	800.8
12597	800.76
12598	801.01
12599	800.85
12600	800.83
12601	800.94
12602	800.9
12603	800.9
12604	800.85
12605	800.72
12606	800.81
12607	800.83
12608	800.74
12609	800.76
12610	800.76
12611	800.8
12612	800.75
12613	800.8
12614	800.78
12615	800.77
12616	800.84
12617	800.86
12618	800.82
12619	800.82
12620	800.87
12621	800.87
12622	800.87
12623	800.89
12624	800.87
12625	800.89
12626	800.83
12627	800.84
12628	800.84
12629	800.84
12630	800.84
12631	800.84
12632	800.83
12633	800.82
12634	800.82
12635	800.81
12636	800.8
12637	800.8
12638	800.79
12639	800.78
12640	800.73
12641	800.77
12642	800.77
12643	800.72
12644	800.76
12645	800.71
12646	800.75
12647	800.72
12648	800.68
12649	800.73
12650	800.71
12651	800.69
12652	800.68
12653	800.63
12654	800.68
12655	800.66
12656	800.61
12657	800.66
12658	800.66
12659	800.65
12660	800.64
12661	800.63
12662	800.58
12663	800.62
12664	800.56
12665	800.59
12666	800.51
12667	800.48
12668	800.46
12669	800.41
12670	800.35
12671	800.3
12672	800.28
12673	800.26
12674	800.23
12675	800.19
12676	800.2
12677	800.18
12678	800.15
12679	800.13
12680	800.08
12681	800.12
12682	800.1
12683	800.09
12684	800.07
12685	800.05
12686	800.05
12687	799.97
12688	800.04
12689	800.03
12690	800.01
12691	800.01
12692	799.94
12693	800.
12694	800.
12695	799.93
12696	800.01
12697	799.92
12698	800.02
12699	800.03
12700	800.04
12701	800.05
12702	800.05
12703	800.05
12704	800.04
12705	800.01
12706	800.04
12707	800.04
12708	800.01
12709	800.04
12710	800.03
12711	799.99
12712	800.03
12713	800.03
12714	800.03
12715	800.03
12716	799.99
12717	800.02
12718	800.02
12719	799.98
12720	800.02
12721	800.01
12722	799.98
12723	800.01
12724	800.01
12725	799.97
12726	800.01
12727	800.01
12728	800.01
12729	800.
12730	799.97
12731	800.
12732	799.99
12733	799.99
12734	799.99
12735	799.99
12736	799.99
12737	799.98
12738	799.98
12739	799.94
12740	799.98
12741	799.98
12742	799.94
12743	799.97
12744	799.97
12745	799.93
12746	799.97
12747	799.97
12748	799.93
12749	799.97
12750	799.97
12751	799.94
12752	799.97
12753	799.96
12754	799.93
12755	799.96
12756	799.95
12757	799.91
12758	799.95
12759	799.95
12760	799.91
12761	799.94
12762	799.94
12763	799.9
12764	799.94
12765	799.94
12766	799.94
12767	799.95
12768	799.95
12769	799.94
12770	799.93
12771	799.92
12772	799.91
12773	799.91
12774	799.86
12775	799.91
12776	799.9
12777	799.86
12778	799.9
12779	799.89
12780	799.85
12781	799.89
12782	799.88
12783	799.83
12784	799.87
12785	799.87
12786	799.86
12787	799.85
12788	799.85
12789	799.84
12790	799.84
12791	799.85
12792	799.78
12793	799.86
12794	799.86
12795	799.8
12796	799.87
12797	799.87
12798	799.87
12799	799.88
12800	799.82
12801	799.88
12802	799.88
12803	799.83
12804	799.89
12805	799.89
12806	799.89
12807	799.89
12808	799.89
12809	799.89
12810	799.89
12811	799.89
12812	799.85
12813	799.89
12814	799.89
12815	799.85
12816	799.89
12817	799.89
12818	799.85
12819	799.89
12820	799.89
12821	799.85
12822	799.9
12823	799.9
12824	799.86
12825	799.89
12826	799.89
12827	799.85
12828	799.89
12829	799.9
12830	799.85
12831	799.9
12832	799.9
12833	799.9
12834	799.9
12835	799.86
12836	799.9
12837	799.9
12838	799.86
12839	799.9
12840	799.9
12841	799.86
12842	799.9
12843	799.9
12844	799.9
12845	799.9
12846	799.86
12847	799.9
12848	799.9
12849	799.86
12850	799.9
12851	799.9
12852	799.86
12853	799.9
12854	799.9
12855	799.86
12856	799.91
12857	799.91
12858	799.91
12859	799.91
12860	799.88
12861	799.91
12862	799.9
12863	799.87
12864	799.9
12865	799.9
12866	799.86
12867	799.9
12868	799.9
12869	799.9
12870	799.86
12871	799.9
12872	799.86
12873	799.9
12874	799.9
12875	799.9
12876	799.9
12877	799.86
12878	799.9
12879	799.9
12880	799.86
12881	799.9
12882	799.9
12883	799.88
12884	799.87
12885	799.86
12886	799.86
12887	799.78
12888	799.86
12889	799.86
12890	799.8
12891	799.85
12892	799.85
12893	799.85
12894	799.83
12895	799.82
12896	799.83
12897	799.83
12898	799.83
12899	799.75
12900	799.83
12901	799.83
12902	799.75
12903	799.83
12904	799.83
12905	799.76
12906	799.83
12907	799.83
12908	799.74
12909	799.83
12910	799.83
12911	799.76
12912	799.83
12913	799.83
12914	799.76
12915	799.82
12916	799.83
12917	799.74
12918	799.83
12919	799.83
12920	799.75
12921	799.83
12922	799.83
12923	799.76
12924	799.83
12925	799.84
12926	799.85
12927	799.84
12928	799.83
12929	799.83
12930	799.75
12931	799.83
12932	799.82
12933	799.75
12934	799.83
12935	799.83
12936	799.76
12937	799.83
12938	799.83
12939	799.76
12940	799.84
12941	799.85
12942	799.77
12943	799.85
12944	799.84
12945	799.78
12946	799.83
12947	799.84
12948	799.77
12949	799.83
12950	799.83
12951	799.75
12952	799.83
12953	799.83
12954	799.76
12955	799.84
12956	799.84
12957	799.77
12958	799.85
12959	799.85
12960	799.78
12961	799.86
12962	799.85
12963	799.8
12964	799.85
12965	799.85
12966	799.78
12967	799.84
12968	799.83
12969	799.76
12970	799.83
12971	799.83
12972	799.76
12973	799.84
12974	799.84
12975	799.84
12976	799.85
12977	799.86
12978	799.78
12979	799.85
12980	799.84
12981	799.84
12982	799.84
12983	799.76
12984	799.84
12985	799.84
12986	799.84
12987	799.84
12988	799.85
12989	799.85
12990	799.86
12991	799.85
12992	799.85
12993	799.86
12994	799.85
12995	799.84
12996	799.77
12997	799.84
12998	799.84
12999	799.84
13000	799.76
13001	799.84
13002	799.84
13003	799.76
13004	799.85
13005	799.77
13006	799.85
13007	799.85
13008	799.85
13009	799.86
13010	799.85
13011	799.78
13012	799.86
13013	799.86
13014	799.86
13015	799.86
13016	799.85
13017	799.86
13018	799.85
13019	799.85
13020	799.85
13021	799.85
13022	799.86
13023	799.86
13024	799.86
13025	799.86
13026	799.86
13027	799.86
13028	799.86
13029	799.87
13030	799.87
13031	799.87
13032	799.87
13033	799.86
13034	799.87
13035	799.87
13036	799.8
13037	799.87
13038	799.87
13039	799.8
13040	799.87
13041	799.87
13042	799.78
13043	799.88
13044	799.88
13045	799.81
13046	799.87
13047	799.87
13048	799.8
13049	799.87
13050	799.88
13051	799.8
13052	799.88
13053	799.88
13054	799.8
13055	799.88
13056	799.88
13057	799.8
13058	799.89
13059	799.89
13060	799.82
13061	799.9
13062	799.91
13063	799.91
13064	799.9
13065	799.83
13066	799.9
13067	799.91
13068	799.91
13069	799.91
13070	799.91
13071	799.91
13072	799.91
13073	799.92
13074	799.91
13075	799.9
13076	799.82
13077	798.95
13078	798.9
13079	799.12
13080	799.07
13081	799.18
13082	798.96
13083	798.86
13084	798.92
13085	798.9
13086	799.06
13087	799.01
13088	799.01
13089	798.94
13090	794.24
13091	799.13
13092	800.01
13093	793.35
13094	799.65
13095	799.62
13096	799.16
13097	799.12
13098	799.13
13099	799.82
13100	799.73
13101	793.04
13102	792.97
13103	800.28
13104	800.24
13105	800.25
13106	799.62
13107	799.42
13108	799.41
13109	800.55
13110	799.43
13111	799.42
13112	799.61
13113	799.47
13114	799.34
13115	799.37
13116	799.43
13117	793.42
13118	794.48
13119	800.98
13120	800.97
13121	799.15
13122	799.23
13123	794.39
13124	795.11
13125	795.06
13126	799.41
13127	801.04
13128	799.41
13129	799.39
13130	799.42
13131	800.32
13132	793.19
13133	793.11
13134	793.76
13135	799.44
13136	799.5
13137	799.36
13138	799.37
13139	799.38
13140	799.37
13141	799.37
13142	799.39
13143	799.47
13144	799.47
13145	799.4
13146	799.39
13147	799.43
13148	799.43
13149	799.37
13150	799.4
13151	799.73
13152	799.71
13153	799.65
13154	794.12
13155	794.06
13156	799.76
13157	799.79
13158	799.5
13159	800.87
13160	800.75
13161	800.84
13162	800.77
13163	799.38
13164	799.39
13165	799.35
13166	799.38
13167	799.39
13168	799.38
13169	799.44
13170	799.43
13171	799.37
13172	799.39
13173	799.42
13174	799.4
13175	799.39
13176	799.39
13177	799.4
13178	799.4
13179	799.4
13180	799.41
13181	799.39
13182	799.18
13183	799.18
13184	799.24
13185	799.18
13186	799.29
13187	799.26
13188	799.33
13189	800.32
13190	799.32
13191	799.33
13192	793.21
13193	793.28
13194	794.6
13195	798.84
13196	794.38
13197	794.33
13198	794.29
13199	799.77
13200	800.22
13201	799.69
13202	799.61
13203	799.67
13204	794.02
13205	794.09
13206	793.71
13207	799.56
13208	792.88
13209	793.53
13210	800.28
13211	793.97
13212	799.36
13213	799.31
13214	799.78
13215	794.11
13216	799.11
13217	800.11
13218	799.82
13219	799.25
13220	799.16
13221	799.64
13222	793.18
13223	793.22
13224	798.19
13225	799.54
13226	799.69
13227	799.21
13228	799.26
13229	799.25
13230	799.22
13231	800.3
13232	799.6
13233	794.64
13234	794.45
13235	794.97
13236	800.6
13237	800.54
13238	799.28
13239	799.58
13240	793.12
13241	798.87
13242	800.23
13243	800.23
13244	799.79
13245	799.92
13246	799.94
13247	799.78
13248	799.78
13249	799.78
13250	799.78
13251	799.5
13252	795.78
13253	802.38
13254	802.34
13255	793.07
13256	799.56
13257	799.65
13258	799.61
13259	799.2
13260	796.05
13261	799.7
13262	799.65
13263	799.41
13264	795.48
13265	793.54
13266	799.64
13267	799.26
13268	799.77
13269	794.79
13270	793.88
13271	793.79
13272	793.82
13273	793.97
13274	799.46
13275	799.48
13276	799.44
13277	795.02
13278	799.27
13279	799.33
13280	799.33
13281	799.61
13282	800.44
13283	800.4
13284	800.06
13285	799.48
13286	799.61
13287	799.63
13288	799.7
13289	799.66
13290	795.21
13291	795.07
13292	795.16
13293	800.88
13294	800.28
13295	800.15
13296	799.63
13297	799.65
13298	799.16
13299	799.44
13300	795.1
13301	795.13
13302	799.04
13303	800.86
13304	800.28
13305	800.25
13306	799.78
13307	799.69
13308	800.59
13309	796.24
13310	796.15
13311	796.27
13312	795.3
13313	794.03
13314	793.94
13315	794.39
13316	799.33
13317	793.34
13318	799.15
13319	799.21
13320	800.38
13321	800.34
13322	798.94
13323	799.01
13324	799.61
13325	799.56
13326	799.18
13327	799.85
13328	800.13
13329	799.71
13330	799.57
13331	800.79
13332	799.13
13333	799.21
13334	799.29
13335	799.63
13336	799.54
13337	799.59
13338	799.32
13339	799.69
13340	799.74
13341	799.7
13342	799.7
13343	799.17
13344	799.21
13345	798.72
13346	800.15
13347	800.82
13348	799.63
13349	799.4
13350	799.31
13351	799.49
13352	800.9
13353	800.91
13354	799.49
13355	800.34
13356	800.31
13357	799.51
13358	799.4
13359	799.63
13360	799.52
13361	799.45
13362	799.38
13363	799.39
13364	799.56
13365	793.1
13366	793.24
13367	799.29
13368	799.3
13369	799.25
13370	794.06
13371	799.68
13372	792.95
13373	793.1
13374	793.41
13375	793.15
13376	793.21
13377	795.32
13378	800.6
13379	800.59
13380	798.88
13381	799.3
13382	799.31
13383	799.68
13384	800.31
13385	800.37
13386	799.17
13387	799.6
13388	799.73
13389	799.66
13390	799.7
13391	800.25
13392	800.18
13393	799.23
13394	799.16
13395	799.2
13396	799.19
13397	799.57
13398	799.66
13399	799.21
13400	799.3
13401	799.28
13402	799.57
13403	799.32
13404	800.64
13405	796.44
13406	799.39
13407	799.38
13408	799.56
13409	800.89
13410	793.22
13411	793.15
13412	803.27
13413	799.04
13414	799.35
13415	799.4
13416	799.59
13417	799.62
13418	799.65
13419	799.18
13420	796.34
13421	793.39
13422	799.13
13423	800.42
13424	800.61
13425	800.59
13426	799.24
13427	793.17
13428	795.09
13429	799.76
13430	799.36
13431	799.32
13432	799.74
13433	793.25
13434	800.49
13435	800.49
13436	793.77
13437	795.19
13438	799.47
13439	800.42
13440	799.48
13441	799.53
13442	800.28
13443	800.11
13444	800.65
13445	799.07
13446	799.37
13447	799.41
13448	799.4
13449	799.36
13450	793.23
13451	801.68
13452	800.49
13453	800.49
13454	799.49
13455	799.45
13456	799.41
13457	799.41
13458	799.45
13459	799.37
13460	799.44
13461	799.49
13462	799.51
13463	799.55
13464	799.57
13465	799.5
13466	799.49
13467	799.43
13468	799.42
13469	799.33
13470	799.27
13471	799.31
13472	799.29
13473	799.35
13474	799.23
13475	799.21
13476	799.25
13477	799.08
13478	799.14
13479	799.11
13480	799.18
13481	799.25
13482	799.22
13483	799.29
13484	799.35
13485	799.33
13486	799.26
13487	799.4
13488	799.46
13489	799.44
13490	799.38
13491	799.51
13492	799.49
13493	800.25
13494	800.29
13495	800.32
13496	800.36
13497	799.24
13498	799.31
13499	799.29
13500	799.36
13501	799.42
13502	799.41
13503	799.48
13504	799.81
13505	799.77
13506	799.77
13507	799.73
13508	799.69
13509	799.69
13510	799.65
13511	799.6
13512	799.57
13513	799.53
13514	800.62
13515	800.59
13516	800.58
13517	800.55
13518	800.52
13519	800.5
13520	800.47
13521	792.61
13522	792.7
13523	792.68
13524	799.45
13525	795.26
13526	799.5
13527	800.8
13528	799.72
13529	799.6
13530	799.53
13531	799.53
13532	794.06
13533	799.37
13534	799.24
13535	799.28
13536	799.19
13537	799.61
13538	799.56
13539	799.66
13540	795.35
13541	799.61
13542	799.55
13543	799.56
13544	799.51
13545	799.46
13546	799.46
13547	799.41
13548	799.36
13549	799.36
13550	799.31
13551	799.26
13552	799.27
13553	799.22
13554	799.37
13555	799.31
13556	799.33
13557	799.27
13558	799.21
13559	799.23
13560	799.17
13561	799.12
13562	799.14
13563	799.08
13564	796.43
13565	796.54
13566	796.38
13567	796.49
13568	799.52
13569	799.47
13570	799.48
13571	799.43
13572	799.38
13573	799.39
13574	799.34
13575	799.28
13576	799.3
13577	799.25
13578	799.2
13579	799.21
13580	799.16
13581	799.66
13582	799.61
13583	799.61
13584	799.57
13585	799.53
13586	799.53
13587	799.48
13588	799.44
13589	799.44
13590	799.35
13591	799.4
13592	799.31
13593	800.58
13594	800.55
13595	800.54
13596	800.47
13597	800.5
13598	800.42
13599	793.85
13600	793.93
13601	793.91
13602	793.99
13603	800.71
13604	800.73
13605	800.79
13606	800.8
13607	800.8
13608	800.89
13609	800.88
13610	800.86
13611	800.95
13612	800.92
13613	800.89
13614	800.97
13615	800.93
13616	799.72
13617	799.68
13618	799.72
13619	799.67
13620	799.63
13621	799.58
13622	799.63
13623	799.58
13624	799.54
13625	799.49
13626	799.54
13627	799.49
13628	799.45
13629	799.45
13630	798.42
13631	798.67
13632	798.22
13633	798.45
13634	799.49
13635	799.46
13636	799.45
13637	799.41
13638	799.38
13639	799.37
13640	799.34
13641	800.46
13642	800.47
13643	800.52
13644	800.53
13645	800.54
13646	800.59
13647	800.6
13648	800.63
13649	800.66
13650	800.69
13651	799.09
13652	799.07
13653	799.04
13654	799.01
13655	799.37
13656	799.34
13657	799.32
13658	799.28
13659	800.32
13660	800.36
13661	800.38
13662	800.41
13663	800.45
13664	800.46
13665	800.49
13666	794.11
13667	794.2
13668	794.17
13669	794.25
13670	792.95
13671	793.03
13672	793.03
13673	792.95
13674	793.12
13675	793.22
13676	793.2
13677	793.13
13678	793.3
13679	799.57
13680	799.5
13681	799.5
13682	799.43
13683	799.52
13684	799.44
13685	799.46
13686	799.38
13687	799.36
13688	799.41
13689	799.41
13690	799.46
13691	799.5
13692	799.51
13693	799.55
13694	799.59
13695	799.6
13696	799.64
13697	799.68
13698	799.69
13699	799.73
13700	799.24
13701	799.28
13702	799.28
13703	799.32
13704	799.36
13705	799.36
13706	799.4
13707	799.24
13708	799.28
13709	799.28
13710	799.32
13711	799.37
13712	799.37
13713	799.41
13714	799.45
13715	799.45
13716	799.49
13717	799.54
13718	799.54
13719	799.58
13720	799.67
13721	799.68
13722	799.73
13723	799.74
13724	799.4
13725	799.36
13726	799.36
13727	799.32
13728	799.28
13729	799.28
13730	799.24
13731	799.21
13732	799.21
13733	799.17
13734	800.23
13735	799.4
13736	799.47
13737	799.67
13738	799.63
13739	799.61
13740	799.52
13741	799.57
13742	799.47
13743	799.39
13744	799.43
13745	799.45
13746	799.49
13747	799.53
13748	799.54
13749	799.58
13750	799.21
13751	799.25
13752	799.21
13753	799.25
13754	799.29
13755	799.33
13756	799.29
13757	799.33
13758	799.38
13759	799.42
13760	799.38
13761	799.42
13762	799.46
13763	799.51
13764	799.47
13765	799.51
13766	799.55
13767	799.55
13768	802.7
13769	802.21
13770	802.48
13771	802.06
13772	801.65
13773	801.88
13774	801.52
13775	801.18
13776	801.38
13777	801.08
13778	800.79
13779	801.
13780	800.75
13781	799.55
13782	799.47
13783	799.47
13784	799.4
13785	799.7
13786	799.66
13787	799.66
13788	799.61
13789	799.57
13790	799.57
13791	799.53
13792	799.49
13793	799.49
13794	799.45
13795	793.04
13796	792.93
13797	792.84
13798	792.86
13799	792.77
13800	799.56
13801	799.51
13802	799.52
13803	799.47
13804	799.42
13805	799.43
13806	799.38
13807	799.34
13808	799.34
13809	799.29
13810	799.25
13811	799.26
13812	799.21
13813	799.54
