Node Number	Total Deformation (mm)
1	1.1778
2	1.1808
3	1.054
4	1.0553
5	1.0568
6	1.0582
7	1.0597
8	1.0613
9	1.0629
10	1.0645
11	1.0662
12	1.0679
13	1.0696
14	1.0714
15	1.0732
16	1.0751
17	1.077
18	1.0789
19	1.0809
20	1.0829
21	1.085
22	1.087
23	1.0891
24	1.0913
25	1.0935
26	1.0957
27	1.0979
28	1.1001
29	1.1024
30	1.1048
31	1.1071
32	1.1095
33	1.1119
34	1.1143
35	1.1167
36	1.1192
37	1.1217
38	1.1242
39	1.1267
40	1.1293
41	1.1319
42	1.1345
43	1.1371
44	1.1397
45	1.1423
46	1.145
47	1.1477
48	1.1504
49	1.1531
50	1.1558
51	1.1585
52	1.1612
53	1.164
54	1.1667
55	1.1695
56	1.1722
57	1.175
58	1.002
59	1.0523
60	1.0505
61	1.0485
62	1.0464
63	1.0443
64	1.0422
65	1.0401
66	1.0379
67	1.0358
68	1.0336
69	1.0315
70	1.0294
71	1.0273
72	1.0252
73	1.0231
74	1.021
75	1.019
76	1.0169
77	1.0149
78	1.0128
79	1.0109
80	1.009
81	1.0073
82	1.0058
83	1.0045
84	1.0032
85	0.94553
86	1.0012
87	1.0003
88	0.99942
89	0.99855
90	0.99768
91	0.99681
92	0.99595
93	0.99509
94	0.99423
95	0.99337
96	0.99251
97	0.99166
98	0.99081
99	0.98996
100	0.98912
101	0.98828
102	0.98744
103	0.9866
104	0.98576
105	0.98493
106	0.9841
107	0.98327
108	0.98245
109	0.98163
110	0.98081
111	0.97999
112	0.97918
113	0.97837
114	0.97756
115	0.97676
116	0.97596
117	0.97516
118	0.97437
119	0.97358
120	0.97279
121	0.97201
122	0.97123
123	0.97046
124	0.96968
125	0.96892
126	0.96815
127	0.96739
128	0.96664
129	0.96589
130	0.96514
131	0.9644
132	0.96367
133	0.96293
134	0.96221
135	0.96149
136	0.96077
137	0.96006
138	0.95935
139	0.95865
140	0.95796
141	0.95727
142	0.95659
143	0.95592
144	0.95525
145	0.95459
146	0.95393
147	0.95328
148	0.95265
149	0.95201
150	0.95139
151	0.95077
152	0.95016
153	0.94956
154	0.94897
155	0.94838
156	0.9478
157	0.94722
158	0.94666
159	0.94609
160	0.81299
161	0.81471
162	0.81644
163	0.81818
164	0.81991
165	0.82164
166	0.82338
167	0.82511
168	0.82685
169	0.82859
170	0.83033
171	0.83207
172	0.83381
173	0.83555
174	0.83729
175	0.83904
176	0.84078
177	0.84253
178	0.84427
179	0.84602
180	0.84777
181	0.84952
182	0.85127
183	0.85302
184	0.85478
185	0.85653
186	0.85828
187	0.86004
188	0.86179
189	0.86355
190	0.86531
191	0.86707
192	0.86883
193	0.87059
194	0.87235
195	0.87411
196	0.87588
197	0.87764
198	0.87941
199	0.88117
200	0.88294
201	0.88471
202	0.88648
203	0.88825
204	0.89002
205	0.89179
206	0.89356
207	0.89533
208	0.89711
209	0.89888
210	0.90066
211	0.90243
212	0.90421
213	0.90599
214	0.90777
215	0.90955
216	0.91133
217	0.91311
218	0.9149
219	0.91668
220	0.91847
221	0.92026
222	0.92205
223	0.92384
224	0.92563
225	0.92743
226	0.92922
227	0.93102
228	0.93283
229	0.93463
230	0.93644
231	0.93825
232	0.94007
233	0.94188
234	0.94371
235	0.43118
236	0.4312
237	0.43128
238	0.4314
239	0.43158
240	0.4318
241	0.43207
242	0.4324
243	0.43277
244	0.43319
245	0.43366
246	0.43418
247	0.43475
248	0.43536
249	0.43603
250	0.43674
251	0.4375
252	0.43831
253	0.43917
254	0.44007
255	0.44102
256	0.44202
257	0.44306
258	0.44415
259	0.44529
260	0.44647
261	0.44769
262	0.44896
263	0.45028
264	0.45163
265	0.45303
266	0.45448
267	0.45596
268	0.45749
269	0.45906
270	0.46067
271	0.46233
272	0.46402
273	0.46575
274	0.46752
275	0.46934
276	0.47119
277	0.47307
278	0.475
279	0.47696
280	0.47896
281	0.481
282	0.48307
283	0.48518
284	0.48733
285	0.4895
286	0.49171
287	0.49396
288	0.49624
289	0.49855
290	0.50089
291	0.50327
292	0.50568
293	0.50811
294	0.51058
295	0.51308
296	0.51561
297	0.51817
298	0.52075
299	0.52337
300	0.52601
301	0.52868
302	0.53138
303	0.5341
304	0.53685
305	0.53963
306	0.54243
307	0.54525
308	0.54811
309	0.55098
310	0.55388
311	0.5568
312	0.55975
313	0.56272
314	0.56571
315	0.56873
316	0.57176
317	0.57482
318	0.5779
319	0.581
320	0.58412
321	0.58726
322	0.59041
323	0.59359
324	0.59679
325	0.60001
326	0.60325
327	0.6065
328	0.60977
329	0.61306
330	0.61637
331	0.61969
332	0.62303
333	0.62639
334	0.62977
335	0.63316
336	0.63656
337	0.63998
338	0.64342
339	0.64687
340	0.65034
341	0.65382
342	0.65731
343	0.66082
344	0.66434
345	0.66788
346	0.67143
347	0.67499
348	0.67857
349	0.68215
350	0.68575
351	0.68937
352	0.69299
353	0.69663
354	0.70027
355	0.70393
356	0.7076
357	0.71128
358	0.71497
359	0.71867
360	0.72239
361	0.72611
362	0.72984
363	0.73358
364	0.73733
365	0.74109
366	0.74486
367	0.74864
368	0.75242
369	0.75622
370	0.76002
371	0.76383
372	0.76765
373	0.77147
374	0.77531
375	0.77915
376	0.783
377	0.78685
378	0.79071
379	0.79458
380	0.79833
381	0.80178
382	0.80484
383	0.80764
384	0.81031
385	0.3947
386	0.42599
387	0.42052
388	0.41486
389	0.40931
390	0.40427
391	0.39948
392	0.79364
393	0.39472
394	0.3948
395	0.39494
396	0.39512
397	0.39536
398	0.39566
399	0.396
400	0.3964
401	0.39686
402	0.39736
403	0.39792
404	0.39853
405	0.39919
406	0.3999
407	0.40067
408	0.40148
409	0.40235
410	0.40327
411	0.40424
412	0.40525
413	0.40632
414	0.40744
415	0.4086
416	0.40981
417	0.41107
418	0.41238
419	0.41374
420	0.41514
421	0.41658
422	0.41808
423	0.41962
424	0.4212
425	0.42282
426	0.42449
427	0.42621
428	0.42796
429	0.42976
430	0.4316
431	0.43348
432	0.4354
433	0.43736
434	0.43936
435	0.4414
436	0.44348
437	0.44559
438	0.44775
439	0.44993
440	0.45216
441	0.45442
442	0.45672
443	0.45905
444	0.46141
445	0.46381
446	0.46624
447	0.4687
448	0.4712
449	0.47373
450	0.47629
451	0.47888
452	0.48149
453	0.48414
454	0.48682
455	0.48953
456	0.49226
457	0.49502
458	0.49781
459	0.50063
460	0.50347
461	0.50634
462	0.50923
463	0.51215
464	0.5151
465	0.51806
466	0.52106
467	0.52407
468	0.52711
469	0.53017
470	0.53325
471	0.53636
472	0.53948
473	0.54263
474	0.5458
475	0.54899
476	0.55219
477	0.55542
478	0.55867
479	0.56193
480	0.56522
481	0.56852
482	0.57184
483	0.57518
484	0.57854
485	0.58191
486	0.5853
487	0.5887
488	0.59213
489	0.59556
490	0.59902
491	0.60249
492	0.60597
493	0.60947
494	0.61298
495	0.61651
496	0.62005
497	0.6236
498	0.62717
499	0.63075
500	0.63434
501	0.63795
502	0.64156
503	0.64519
504	0.64883
505	0.65249
506	0.65615
507	0.65982
508	0.66351
509	0.66721
510	0.67091
511	0.67463
512	0.67835
513	0.68209
514	0.68583
515	0.68959
516	0.69335
517	0.69712
518	0.7009
519	0.70469
520	0.70848
521	0.71229
522	0.7161
523	0.71992
524	0.72374
525	0.72757
526	0.73141
527	0.73526
528	0.73911
529	0.74297
530	0.74683
531	0.7507
532	0.75458
533	0.75846
534	0.76235
535	0.76624
536	0.77014
537	0.77402
538	0.77778
539	0.7813
540	0.78447
541	0.78723
542	0.78953
543	0.79158
544	0.91503
545	0.7954
546	0.79717
547	0.79893
548	0.8007
549	0.80246
550	0.80423
551	0.806
552	0.80776
553	0.80953
554	0.81131
555	0.81308
556	0.81485
557	0.81663
558	0.8184
559	0.82018
560	0.82196
561	0.82374
562	0.82552
563	0.8273
564	0.82908
565	0.83086
566	0.83265
567	0.83444
568	0.83623
569	0.83802
570	0.83981
571	0.8416
572	0.84339
573	0.84519
574	0.84699
575	0.84878
576	0.85058
577	0.85239
578	0.85419
579	0.856
580	0.8578
581	0.85961
582	0.86142
583	0.86324
584	0.86505
585	0.86687
586	0.86869
587	0.87051
588	0.87233
589	0.87416
590	0.87599
591	0.87782
592	0.87965
593	0.88148
594	0.88332
595	0.88516
596	0.887
597	0.88885
598	0.8907
599	0.89255
600	0.8944
601	0.89625
602	0.89811
603	0.89998
604	0.90184
605	0.90371
606	0.90558
607	0.90745
608	0.90933
609	0.91122
610	0.9131
611	0.96907
612	0.96818
613	0.96728
614	0.96639
615	0.9655
616	0.96461
617	0.96372
618	0.96283
619	0.96195
620	0.96107
621	0.96019
622	0.95931
623	0.95844
624	0.95756
625	0.95669
626	0.95582
627	0.95496
628	0.95409
629	0.95323
630	0.95237
631	0.95151
632	0.95066
633	0.94981
634	0.94896
635	0.94811
636	0.94727
637	0.94642
638	0.94558
639	0.94475
640	0.94391
641	0.94308
642	0.94225
643	0.94143
644	0.94061
645	0.93979
646	0.93897
647	0.93816
648	0.93735
649	0.93655
650	0.93574
651	0.93494
652	0.93415
653	0.93336
654	0.93257
655	0.93179
656	0.93101
657	0.93023
658	0.92946
659	0.9287
660	0.92793
661	0.92718
662	0.92642
663	0.92568
664	0.92493
665	0.9242
666	0.92346
667	0.92274
668	0.92201
669	0.9213
670	0.92059
671	0.91988
672	0.91918
673	0.91848
674	0.91779
675	0.9171
676	0.91642
677	0.91573
678	1.0221
679	1.0205
680	1.0188
681	1.0169
682	1.0148
683	1.0127
684	1.0105
685	1.0083
686	1.0061
687	1.004
688	1.0018
689	0.99959
690	0.99742
691	0.99526
692	0.99312
693	0.99099
694	0.98887
695	0.98676
696	0.98466
697	0.98257
698	0.98049
699	0.97846
700	0.97653
701	0.97478
702	0.97323
703	0.9718
704	0.97044
705	1.1749
706	1.0235
707	1.025
708	1.0264
709	1.028
710	1.0295
711	1.0311
712	1.0327
713	1.0343
714	1.036
715	1.0378
716	1.0395
717	1.0413
718	1.0431
719	1.045
720	1.0468
721	1.0487
722	1.0507
723	1.0527
724	1.0547
725	1.0567
726	1.0588
727	1.0608
728	1.063
729	1.0651
730	1.0673
731	1.0695
732	1.0717
733	1.074
734	1.0762
735	1.0785
736	1.0808
737	1.0832
738	1.0856
739	1.0879
740	1.0904
741	1.0928
742	1.0952
743	1.0977
744	1.1002
745	1.1027
746	1.1052
747	1.1078
748	1.1103
749	1.1129
750	1.1155
751	1.1181
752	1.1207
753	1.1233
754	1.1259
755	1.1286
756	1.1312
757	1.1339
758	1.1366
759	1.1393
760	1.142
761	1.1447
762	1.1474
763	1.1501
764	1.1529
765	1.1556
766	1.1583
767	1.1611
768	1.1638
769	1.1666
770	1.1694
771	1.1721
772	1.1849
773	1.1774
774	1.1799
775	1.1824
776	1.7048
777	1.1882
778	1.1917
779	1.1956
780	1.1997
781	1.204
782	1.2085
783	1.2129
784	1.2174
785	1.2219
786	1.2264
787	1.231
788	1.2355
789	1.24
790	1.2446
791	1.2491
792	1.2537
793	1.2582
794	1.2628
795	1.2673
796	1.2718
797	1.2764
798	1.2809
799	1.2855
800	1.29
801	1.2945
802	1.2991
803	1.3036
804	1.3082
805	1.3127
806	1.3172
807	1.3218
808	1.3263
809	1.3308
810	1.3354
811	1.3399
812	1.3444
813	1.349
814	1.3535
815	1.358
816	1.3626
817	1.3671
818	1.3716
819	1.3761
820	1.3807
821	1.3852
822	1.3897
823	1.3943
824	1.3988
825	1.4033
826	1.4078
827	1.4124
828	1.4169
829	1.4214
830	1.4259
831	1.4304
832	1.435
833	1.4395
834	1.444
835	1.4485
836	1.4531
837	1.4576
838	1.4621
839	1.4666
840	1.4711
841	1.4757
842	1.4802
843	1.4847
844	1.4892
845	1.4937
846	1.4983
847	1.5028
848	1.5073
849	1.5118
850	1.5163
851	1.5209
852	1.5254
853	1.5299
854	1.5344
855	1.5389
856	1.5435
857	1.548
858	1.5525
859	1.557
860	1.5616
861	1.5661
862	1.5706
863	1.5751
864	1.5796
865	1.5842
866	1.5887
867	1.5932
868	1.5977
869	1.6023
870	1.6068
871	1.6113
872	1.6158
873	1.6203
874	1.6249
875	1.6294
876	1.6339
877	1.6384
878	1.6429
879	1.6475
880	1.652
881	1.6565
882	1.661
883	1.6656
884	1.6701
885	1.6746
886	1.6791
887	1.6837
888	1.6882
889	1.6925
890	1.6967
891	1.7007
892	1.7109
893	1.7055
894	1.7064
895	1.7073
896	1.7083
897	1.7092
898	1.71
899	1.1841
900	1.1878
901	1.1917
902	1.196
903	1.2003
904	1.2048
905	1.2093
906	1.2139
907	1.2184
908	1.223
909	1.2275
910	1.2321
911	1.2367
912	1.2412
913	1.2458
914	1.2503
915	1.2549
916	1.2594
917	1.2639
918	1.2685
919	1.273
920	1.2776
921	1.2821
922	1.2866
923	1.2912
924	1.2957
925	1.3002
926	1.3048
927	1.3093
928	1.3138
929	1.3184
930	1.3229
931	1.3274
932	1.332
933	1.3365
934	1.341
935	1.3456
936	1.3501
937	1.3546
938	1.3592
939	1.3637
940	1.3682
941	1.3728
942	1.3773
943	1.3819
944	1.3864
945	1.3909
946	1.3954
947	1.4
948	1.4045
949	1.4091
950	1.4136
951	1.4181
952	1.4227
953	1.4272
954	1.4317
955	1.4363
956	1.4408
957	1.4453
958	1.4499
959	1.4544
960	1.4589
961	1.4635
962	1.468
963	1.4725
964	1.4771
965	1.4816
966	1.4861
967	1.4906
968	1.4952
969	1.4997
970	1.5042
971	1.5088
972	1.5133
973	1.5178
974	1.5223
975	1.5269
976	1.5314
977	1.5359
978	1.5405
979	1.545
980	1.5495
981	1.5541
982	1.5586
983	1.5631
984	1.5677
985	1.5722
986	1.5767
987	1.5812
988	1.5858
989	1.5903
990	1.5948
991	1.5993
992	1.6039
993	1.6084
994	1.6129
995	1.6174
996	1.622
997	1.6265
998	1.631
999	1.6355
1000	1.6401
1001	1.6446
1002	1.6491
1003	1.6536
1004	1.6581
1005	1.6627
1006	1.6672
1007	1.6717
1008	1.6762
1009	1.6807
1010	1.6853
1011	1.6898
1012	1.6943
1013	1.6987
1014	1.7028
1015	1.7069
1016	0.98001
1017	0.68577
1018	0.97858
1019	0.9827
1020	0.88467
1021	0.87491
1022	0.89183
1023	0.9492
1024	0.83422
1025	0.84641
1026	0.83312
1027	0.81027
1028	0.85475
1029	0.94706
1030	0.80967
1031	0.80699
1032	0.81526
1033	0.81249
1034	0.82358
1035	0.84774
1036	0.84489
1037	0.85336
1038	0.85796
1039	0.85621
1040	0.86237
1041	0.86025
1042	0.86861
1043	0.87289
1044	0.87074
1045	0.88936
1046	0.88708
1047	0.89901
1048	0.90545
1049	0.90758
1050	0.93858
1051	0.95122
1052	0.95013
1053	0.95214
1054	0.96667
1055	0.96492
1056	0.9745
1057	0.97086
1058	0.97589
1059	0.98025
1060	0.98513
1061	0.98859
1062	0.9364
1063	0.81926
1064	0.82183
1065	0.82447
1066	0.82686
1067	0.83066
1068	0.83782
1069	0.85205
1070	0.85919
1071	0.8617
1072	0.87023
1073	0.87236
1074	0.87649
1075	0.88892
1076	0.8935
1077	0.9372
1078	0.93805
1079	0.94137
1080	0.94169
1081	0.94359
1082	0.95431
1083	0.95448
1084	0.95612
1085	0.96416
1086	0.968
1087	0.98076
1088	0.98439
1089	0.93508
1090	0.96092
1091	1.1429
1092	0.93437
1093	0.81171
1094	0.83838
1095	0.84805
1096	0.85746
1097	0.85613
1098	0.87597
1099	0.95406
1100	0.97414
1101	0.98538
1102	1.0875
1103	0.8043
1104	0.91438
1105	0.96466
1106	0.88771
1107	0.94859
1108	0.95009
1109	1.1058
1110	0.80816
1111	0.80485
1112	0.81391
1113	0.81109
1114	0.81905
1115	0.82543
1116	0.82209
1117	0.83186
1118	0.88327
1119	0.84354
1120	0.85166
1121	0.84912
1122	0.85638
1123	0.85415
1124	0.8607
1125	0.86685
1126	0.8712
1127	0.86905
1128	0.87326
1129	0.88782
1130	0.8856
1131	0.89027
1132	0.89719
1133	0.9035
1134	0.90793
1135	0.90574
1136	0.91224
1137	0.9101
1138	0.93244
1139	0.93471
1140	0.93594
1141	0.93545
1142	0.93898
1143	0.94173
1144	0.94043
1145	0.94783
1146	0.94714
1147	0.95039
1148	0.95025
1149	0.95207
1150	0.95829
1151	0.96204
1152	0.96803
1153	0.96962
1154	0.97309
1155	0.9777
1156	0.97808
1157	0.98415
1158	1.0416
1159	1.0455
1160	1.0637
1161	1.0733
1162	1.1465
1163	0.93753
1164	0.93957
1165	0.82327
1166	0.82563
1167	0.82761
1168	0.83315
1169	0.84059
1170	0.85071
1171	0.8535
1172	0.85872
1173	0.86122
1174	0.86021
1175	0.87176
1176	0.87799
1177	0.89008
1178	0.90919
1179	0.91762
1180	0.94031
1181	0.94127
1182	0.94422
1183	0.94705
1184	0.95139
1185	0.95364
1186	0.95595
1187	0.9572
1188	0.9573
1189	0.95709
1190	0.95875
1191	0.96474
1192	0.96668
1193	0.97075
1194	0.97239
1195	0.97683
1196	0.98354
1197	0.98692
1198	0.98828
1199	0.99125
1200	1.0498
1201	1.0588
1202	1.0908
1203	1.0944
1204	1.0985
1205	1.1015
1206	1.1307
1207	1.1402
1208	1.1437
1209	1.1499
1210	1.1745
1211	1.1784
1212	1.1709
1213	1.1672
1214	1.1779
1215	1.0783
1216	1.0412
1217	0.91999
1218	0.9739
1219	0.80089
1220	0.9322
1221	0.96512
1222	0.93
1223	0.938
1224	0.90273
1225	1.0452
1226	1.0668
1227	1.1472
1228	1.1809
1229	0.80235
1230	0.80693
1231	0.8147
1232	0.81713
1233	0.82227
1234	0.82003
1235	0.82459
1236	0.82311
1237	0.83005
1238	0.83168
1239	0.83661
1240	0.83923
1241	0.84497
1242	0.84989
1243	0.8548
1244	0.85254
1245	0.85899
1246	0.85692
1247	0.865
1248	0.86961
1249	0.86747
1250	0.87355
1251	0.8716
1252	0.87785
1253	0.88185
1254	0.87981
1255	0.8862
1256	0.8911
1257	0.88882
1258	0.8954
1259	0.90157
1260	0.90407
1261	0.91045
1262	0.90835
1263	0.91256
1264	0.92729
1265	0.92597
1266	0.92847
1267	0.93336
1268	0.93271
1269	0.93599
1270	0.93458
1271	0.9372
1272	0.93917
1273	0.94347
1274	0.94495
1275	0.94421
1276	0.94672
1277	0.94638
1278	0.95098
1279	0.9497
1280	0.95634
1281	0.95912
1282	0.96102
1283	0.96172
1284	0.96135
1285	0.96316
1286	0.96438
1287	0.96623
1288	0.96538
1289	0.96716
1290	0.96822
1291	0.97008
1292	0.96925
1293	0.97357
1294	0.9716
1295	0.97568
1296	0.97969
1297	0.98183
1298	0.9874
1299	1.0374
1300	1.0416
1301	1.0444
1302	1.0471
1303	1.0536
1304	1.0556
1305	1.0604
1306	1.0576
1307	1.0647
1308	1.0624
1309	1.0702
1310	1.0673
1311	1.085
1312	1.0883
1313	1.0982
1314	1.0955
1315	1.1033
1316	1.1094
1317	1.1062
1318	1.1123
1319	1.1183
1320	1.1155
1321	1.1212
1322	1.1388
1323	1.1395
1324	1.1419
1325	1.1487
1326	1.1451
1327	1.1515
1328	1.1539
1329	1.1629
1330	1.1916
1331	0.92299
1332	0.92465
1333	0.93286
1334	0.93538
1335	0.9399
1336	0.94046
1337	0.94116
1338	0.94254
1339	0.42233
1340	0.43841
1341	0.4599
1342	0.47535
1343	0.55614
1344	0.59613
1345	0.6004
1346	0.63814
1347	0.64244
1348	0.68168
1349	0.78487
1350	0.7929
1351	0.80156
1352	0.80484
1353	0.81342
1354	0.81769
1355	0.82284
1356	0.82488
1357	0.82709
1358	0.83172
1359	0.83462
1360	0.84251
1361	0.84974
1362	0.85228
1363	0.85518
1364	0.86021
1365	0.86253
1366	0.86405
1367	0.87119
1368	0.87535
1369	0.87737
1370	0.87935
1371	0.89136
1372	0.89383
1373	0.90454
1374	0.90878
1375	0.91291
1376	0.92418
1377	0.94435
1378	0.94696
1379	0.94775
1380	0.9499
1381	0.95115
1382	0.95232
1383	0.95243
1384	0.95302
1385	0.95442
1386	0.95553
1387	0.95606
1388	0.95695
1389	0.95865
1390	0.95992
1391	0.96033
1392	0.96061
1393	0.96166
1394	0.96939
1395	0.97087
1396	0.97231
1397	0.9741
1398	0.97447
1399	0.97701
1400	0.97927
1401	0.98112
1402	0.98621
1403	0.98628
1404	0.98819
1405	0.99117
1406	0.99112
1407	1.0418
1408	1.0455
1409	1.0485
1410	1.0518
1411	1.0539
1412	1.0556
1413	1.0577
1414	1.0598
1415	1.0645
1416	1.0693
1417	1.0765
1418	1.08
1419	1.0836
1420	1.0867
1421	1.0929
1422	1.1113
1423	1.1138
1424	1.1176
1425	1.132
1426	1.1411
1427	1.1547
1428	1.1678
1429	1.175
1430	1.1818
1431	1.1928
1432	1.2071
1433	1.2443
1434	1.2948
1435	1.2994
1436	1.3173
1437	1.3472
1438	1.3523
1439	1.3847
1440	0.93826
1441	0.96734
1442	1.1663
1443	1.1701
1444	1.0724
1445	1.0757
1446	1.0786
1447	1.035
1448	1.0372
1449	0.92878
1450	0.99398
1451	0.41155
1452	0.93632
1453	1.0365
1454	1.0814
1455	1.1772
1456	0.93734
1457	0.92859
1458	1.6853
1459	1.6771
1460	1.6677
1461	1.652
1462	1.6473
1463	1.6331
1464	1.6235
1465	1.5974
1466	1.5923
1467	1.5787
1468	1.5697
1469	1.5654
1470	1.5607
1471	1.5514
1472	1.5422
1473	1.5328
1474	1.5155
1475	1.5066
1476	1.4975
1477	1.4887
1478	1.461
1479	1.4518
1480	1.4472
1481	1.4427
1482	1.4291
1483	1.4248
1484	1.4154
1485	1.393
1486	1.3885
1487	1.3798
1488	1.3752
1489	1.3614
1490	1.3521
1491	1.3472
1492	1.3425
1493	1.333
1494	1.3248
1495	1.3032
1496	1.2988
1497	1.2893
1498	1.2798
1499	1.2704
1500	1.2612
1501	1.2436
1502	1.2389
1503	1.2345
1504	1.2252
1505	1.23
1506	1.2112
1507	1.2021
1508	1.1974
1509	1.1931
1510	1.1819
1511	1.175
1512	1.1504
1513	1.1479
1514	1.1451
1515	1.139
1516	1.1334
1517	1.1224
1518	1.1162
1519	1.0999
1520	1.0863
1521	1.0813
1522	1.0745
1523	1.0696
1524	1.0629
1525	1.0609
1526	1.0589
1527	1.0548
1528	1.0528
1529	1.0441
1530	1.041
1531	1.0385
1532	1.0326
1533	1.0081
1534	1.0041
1535	1.0018
1536	0.99577
1537	0.99486
1538	0.99653
1539	0.9923
1540	0.99309
1541	0.98987
1542	0.98839
1543	0.98827
1544	0.98741
1545	0.98391
1546	0.97753
1547	0.97617
1548	0.97627
1549	0.97571
1550	0.97449
1551	0.97332
1552	0.97219
1553	0.9724
1554	0.96827
1555	0.96735
1556	0.96576
1557	0.96454
1558	0.96313
1559	0.9627
1560	0.95998
1561	0.95906
1562	0.95602
1563	0.95528
1564	0.95396
1565	0.95026
1566	0.95119
1567	0.94969
1568	0.94716
1569	0.93302
1570	0.92811
1571	0.92278
1572	0.92048
1573	0.9184
1574	0.9164
1575	0.91443
1576	0.91247
1577	0.91049
1578	0.9086
1579	0.90708
1580	0.90464
1581	0.90257
1582	0.90048
1583	0.89868
1584	0.89694
1585	0.89489
1586	0.89028
1587	0.8883
1588	0.88641
1589	0.88455
1590	0.88268
1591	0.88081
1592	0.87878
1593	0.87681
1594	0.8748
1595	0.87276
1596	0.87028
1597	0.86809
1598	0.86592
1599	0.86405
1600	0.86194
1601	0.85752
1602	0.85572
1603	0.85359
1604	0.85139
1605	0.84878
1606	0.84644
1607	0.8443
1608	0.83998
1609	0.84226
1610	0.83809
1611	0.83591
1612	0.83324
1613	0.8191
1614	0.81496
1615	0.81264
1616	0.8085
1617	0.79832
1618	0.79433
1619	0.78641
1620	0.78282
1621	0.77544
1622	0.77117
1623	0.76705
1624	0.75915
1625	0.73842
1626	0.71474
1627	0.69034
1628	0.69464
1629	0.68864
1630	0.66818
1631	0.6469
1632	0.65094
1633	0.62707
1634	0.60522
1635	0.60924
1636	0.5882
1637	0.57374
1638	0.56647
1639	0.55994
1640	0.54756
1641	0.53653
1642	0.52944
1643	0.52441
1644	0.51892
1645	0.51301
1646	0.51055
1647	0.50769
1648	0.49944
1649	0.4977
1650	0.49436
1651	0.49071
1652	0.48299
1653	0.473
1654	0.45699
1655	0.4493
1656	0.4461
1657	0.44315
1658	0.43788
1659	0.4287
1660	0.43
1661	0.42425
1662	0.41927
1663	0.41977
1664	0.41823
1665	0.41748
1666	0.41717
1667	0.41646
1668	0.41658
1669	0.94547
1670	0.94402
1671	0.94371
1672	0.94313
1673	0.9427
1674	0.94202
1675	0.94093
1676	0.93137
1677	0.93421
1678	0.92542
1679	0.92719
1680	1.6675
1681	1.6575
1682	1.6526
1683	1.648
1684	1.6433
1685	1.6337
1686	1.6289
1687	1.6244
1688	1.6147
1689	1.6103
1690	1.6062
1691	1.6016
1692	1.5972
1693	1.5926
1694	1.588
1695	1.5833
1696	1.5789
1697	1.5745
1698	1.5701
1699	1.5656
1700	1.561
1701	1.5564
1702	1.552
1703	1.5472
1704	1.5427
1705	1.5382
1706	1.5338
1707	1.5292
1708	1.5247
1709	1.5205
1710	1.5161
1711	1.5116
1712	1.5071
1713	1.5024
1714	1.4979
1715	1.4937
1716	1.4847
1717	1.4799
1718	1.4618
1719	1.4571
1720	1.4524
1721	1.4477
1722	1.4431
1723	1.434
1724	1.4294
1725	1.425
1726	1.4163
1727	1.4117
1728	1.4072
1729	1.3982
1730	1.3937
1731	1.3801
1732	1.3755
1733	1.3709
1734	1.3664
1735	1.3616
1736	1.342
1737	1.3371
1738	1.2899
1739	1.2855
1740	1.2804
1741	1.2709
1742	1.2663
1743	1.2618
1744	1.2396
1745	1.2348
1746	1.2303
1747	1.2256
1748	1.2118
1749	1.1969
1750	1.1942
1751	1.182
1752	1.1791
1753	1.1759
1754	1.1726
1755	1.1694
1756	1.1666
1757	1.1641
1758	1.1616
1759	1.1532
1760	1.1505
1761	1.1478
1762	1.1452
1763	1.1429
1764	1.1404
1765	1.1377
1766	1.1356
1767	1.1326
1768	1.1301
1769	1.1278
1770	1.1252
1771	1.1225
1772	1.1198
1773	1.117
1774	1.1141
1775	1.1109
1776	1.1082
1777	1.1053
1778	1.1028
1779	1.1008
1780	1.0953
1781	1.0929
1782	1.0874
1783	1.0851
1784	1.0828
1785	1.0803
1786	1.078
1787	1.0752
1788	1.0727
1789	1.0694
1790	1.0673
1791	1.0647
1792	1.0622
1793	1.0594
1794	1.0575
1795	1.0554
1796	1.0539
1797	1.0523
1798	1.0504
1799	1.0485
1800	1.0466
1801	1.0446
1802	1.0425
1803	1.0405
1804	1.0389
1805	1.038
1806	1.0366
1807	1.035
1808	1.034
1809	1.033
1810	1.0319
1811	1.0305
1812	1.0294
1813	1.0276
1814	1.0253
1815	1.0233
1816	1.0208
1817	1.0187
1818	1.0163
1819	1.0143
1820	1.0117
1821	1.0099
1822	1.0077
1823	1.0059
1824	1.0011
1825	0.99922
1826	0.9971
1827	0.9951
1828	0.993
1829	0.98613
1830	0.98282
1831	0.98023
1832	0.97825
1833	0.97692
1834	0.97591
1835	0.97484
1836	0.97356
1837	0.97224
1838	0.97152
1839	0.97179
1840	0.9696
1841	0.96865
1842	0.96779
1843	0.96706
1844	0.96646
1845	0.96553
1846	0.96457
1847	0.96279
1848	0.96183
1849	0.9607
1850	0.95935
1851	0.95864
1852	0.95874
1853	0.95822
1854	0.9563
1855	0.95534
1856	0.9541
1857	0.95331
1858	0.95266
1859	0.95106
1860	0.94935
1861	0.94838
1862	0.94729
1863	0.94605
1864	0.94478
1865	0.944
1866	0.94363
1867	0.94336
1868	0.94231
1869	0.94142
1870	0.94053
1871	0.93984
1872	0.93894
1873	0.93807
1874	0.93496
1875	0.93313
1876	0.93392
1877	0.93443
1878	0.93295
1879	0.93187
1880	0.93083
1881	0.93004
1882	0.92941
1883	0.92815
1884	0.92741
1885	0.92667
1886	0.9257
1887	0.92469
1888	0.92348
1889	0.92064
1890	0.91893
1891	0.91693
1892	0.91487
1893	0.91281
1894	0.91076
1895	0.90872
1896	0.90668
1897	0.90269
1898	0.90073
1899	0.89562
1900	0.89368
1901	0.8917
1902	0.8876
1903	0.88565
1904	0.88398
1905	0.88038
1906	0.87847
1907	0.87658
1908	0.8729
1909	0.87138
1910	0.86983
1911	0.86607
1912	0.86419
1913	0.8592
1914	0.85728
1915	0.85532
1916	0.8513
1917	0.84934
1918	0.84764
1919	0.84585
1920	0.84377
1921	0.84138
1922	0.8389
1923	0.83698
1924	0.83513
1925	0.83305
1926	0.83102
1927	0.82904
1928	0.82751
1929	0.82624
1930	0.82302
1931	0.82146
1932	0.82006
1933	0.81628
1934	0.8146
1935	0.81283
1936	0.80867
1937	0.80665
1938	0.80492
1939	0.80118
1940	0.79901
1941	0.79674
1942	0.79651
1943	0.79327
1944	0.79511
1945	0.79053
1946	0.78629
1947	0.78864
1948	0.78254
1949	0.77147
1950	0.76442
1951	0.76055
1952	0.75678
1953	0.75244
1954	0.74874
1955	0.74476
1956	0.74072
1957	0.73747
1958	0.7343
1959	0.7302
1960	0.72692
1961	0.72311
1962	0.71916
1963	0.71557
1964	0.71165
1965	0.7075
1966	0.70392
1967	0.69991
1968	0.6958
1969	0.69189
1970	0.68758
1971	0.68373
1972	0.6795
1973	0.67729
1974	0.66654
1975	0.66322
1976	0.65916
1977	0.65588
1978	0.65189
1979	0.64804
1980	0.64409
1981	0.64013
1982	0.6362
1983	0.634
1984	0.62386
1985	0.62054
1986	0.61733
1987	0.61395
1988	0.61021
1989	0.60628
1990	0.60224
1991	0.59806
1992	0.59389
1993	0.59181
1994	0.58744
1995	0.58461
1996	0.58141
1997	0.57733
1998	0.57359
1999	0.56999
2000	0.56661
2001	0.56292
2002	0.55292
2003	0.54605
2004	0.5432
2005	0.53986
2006	0.53641
2007	0.53321
2008	0.52969
2009	0.52624
2010	0.52263
2011	0.52519
2012	0.52082
2013	0.51687
2014	0.5113
2015	0.50856
2016	0.50299
2017	0.50032
2018	0.49719
2019	0.49448
2020	0.49226
2021	0.4884
2022	0.48573
2023	0.48325
2024	0.48062
2025	0.47824
2026	0.47344
2027	0.47124
2028	0.46874
2029	0.46665
2030	0.4645
2031	0.46271
2032	0.45772
2033	0.45583
2034	0.45408
2035	0.45212
2036	0.44604
2037	0.44441
2038	0.44288
2039	0.44128
2040	0.43984
2041	0.43669
2042	0.43315
2043	0.43178
2044	0.43236
2045	0.42795
2046	0.42348
2047	0.42138
2048	0.41929
2049	0.4181
2050	0.4171
2051	0.41489
2052	0.41439
2053	0.41439
2054	0.4139
2055	0.41293
2056	0.4122
2057	0.41145
2058	1.6894
2059	0.4161
2060	0.92565
2061	0.41567
2062	0.40546
2063	0.41077
2064	1.6857
2065	0.94006
2066	0.92807
2067	0.40606
2068	0.40614
2069	0.40708
2070	0.40666
2071	0.4085
2072	0.40727
2073	0.40881
2074	0.41003
2075	0.40919
2076	0.41116
2077	0.41304
2078	0.41483
2079	0.41687
2080	0.41939
2081	0.42174
2082	0.42407
2083	0.42689
2084	0.42989
2085	0.43466
2086	0.43315
2087	0.43782
2088	0.43613
2089	0.44128
2090	0.44499
2091	0.44334
2092	0.44916
2093	0.45305
2094	0.45103
2095	0.45785
2096	0.462
2097	0.45988
2098	0.46631
2099	0.47082
2100	0.46877
2101	0.47562
2102	0.47824
2103	0.48483
2104	0.48245
2105	0.49027
2106	0.48805
2107	0.49847
2108	0.50678
2109	0.50401
2110	0.51182
2111	0.51796
2112	0.51484
2113	0.52284
2114	0.51977
2115	0.52928
2116	0.5261
2117	0.53557
2118	0.53243
2119	0.54182
2120	0.53889
2121	0.54823
2122	0.55355
2123	0.55121
2124	0.55974
2125	0.56624
2126	0.56333
2127	0.56985
2128	0.57682
2129	0.58286
2130	0.58908
2131	0.59537
2132	0.603
2133	0.61043
2134	0.61719
2135	0.62435
2136	0.63153
2137	0.63724
2138	0.6451
2139	0.65233
2140	0.65964
2141	0.66689
2142	0.67717
2143	0.6746
2144	0.68472
2145	0.68083
2146	0.68874
2147	0.69654
2148	0.70418
2149	0.712
2150	0.71952
2151	0.72673
2152	0.73411
2153	0.74191
2154	0.7494
2155	0.76123
2156	0.75723
2157	0.76842
2158	0.76506
2159	0.77578
2160	0.77198
2161	0.7793
2162	0.78546
2163	0.79335
2164	0.79113
2165	0.79616
2166	0.79462
2167	0.79803
2168	0.80182
2169	0.80734
2170	0.8055
2171	0.80922
2172	0.81466
2173	0.81648
2174	0.81981
2175	0.82312
2176	0.82802
2177	0.82628
2178	0.82991
2179	0.83366
2180	0.83702
2181	0.8405
2182	0.84621
2183	0.84437
2184	0.84804
2185	0.85183
2186	0.85561
2187	0.86097
2188	0.85926
2189	0.86273
2190	0.8664
2191	0.86989
2192	0.87341
2193	0.87706
2194	0.88071
2195	0.88433
2196	0.89011
2197	0.88815
2198	0.89392
2199	0.89203
2200	0.89746
2201	0.89571
2202	0.89928
2203	0.90308
2204	0.909
2205	0.90703
2206	0.91099
2207	0.91496
2208	0.91999
2209	0.91858
2210	0.92214
2211	0.9211
2212	0.92392
2213	0.92304
2214	0.92464
2215	0.92602
2216	0.92738
2217	0.92909
2218	0.93143
2219	0.93085
2220	0.93118
2221	0.9314
2222	0.93306
2223	0.93164
2224	0.93545
2225	0.93438
2226	0.9363
2227	0.93787
2228	0.93957
2229	0.94088
2230	0.94183
2231	0.94375
2232	0.94579
2233	0.9475
2234	0.9491
2235	0.95158
2236	0.95071
2237	0.95355
2238	0.95265
2239	0.9553
2240	0.95447
2241	0.95591
2242	0.95823
2243	0.95714
2244	0.95926
2245	0.96104
2246	0.96285
2247	0.96446
2248	0.96711
2249	0.96613
2250	0.96816
2251	0.9692
2252	0.97123
2253	0.97338
2254	0.97792
2255	0.97602
2256	0.9831
2257	0.98026
2258	0.99045
2259	0.99593
2260	0.99441
2261	0.99845
2262	1.0051
2263	1.0029
2264	1.0094
2265	1.0072
2266	1.0112
2267	1.0181
2268	1.0159
2269	1.0201
2270	1.0244
2271	1.0277
2272	1.0271
2273	1.0286
2274	1.031
2275	1.0337
2276	1.038
2277	1.0364
2278	1.04
2279	1.0437
2280	1.0492
2281	1.0473
2282	1.0508
2283	1.0545
2284	1.0577
2285	1.0621
2286	1.0678
2287	1.066
2288	1.072
2289	1.0701
2290	1.0759
2291	1.0738
2292	1.0806
2293	1.0782
2294	1.0829
2295	1.0904
2296	1.0878
2297	1.0948
2298	1.0927
2299	1.0989
2300	1.0969
2301	1.1037
2302	1.1012
2303	1.1063
2304	1.1131
2305	1.1106
2306	1.1184
2307	1.1157
2308	1.121
2309	1.1262
2310	1.134
2311	1.1313
2312	1.1363
2313	1.1416
2314	1.1469
2315	1.1523
2316	1.1577
2317	1.1657
2318	1.163
2319	1.1685
2320	1.1738
2321	1.1785
2322	1.183
2323	1.1886
2324	1.1989
2325	1.1953
2326	1.2032
2327	1.2123
2328	1.2213
2329	1.2351
2330	1.2305
2331	1.2397
2332	1.2488
2333	1.2578
2334	1.2668
2335	1.2758
2336	1.2853
2337	1.2944
2338	1.3083
2339	1.3037
2340	1.3129
2341	1.3221
2342	1.3315
2343	1.3408
2344	1.353
2345	1.3489
2346	1.3621
2347	1.3575
2348	1.3667
2349	1.3758
2350	1.3849
2351	1.394
2352	1.4075
2353	1.403
2354	1.4121
2355	1.4298
2356	1.4389
2357	1.448
2358	1.4572
2359	1.4663
2360	1.4981
2361	1.4936
2362	1.5026
2363	1.5116
2364	1.5208
2365	1.5342
2366	1.5297
2367	1.5432
2368	1.5386
2369	1.5522
2370	1.5476
2371	1.5567
2372	1.5658
2373	1.5748
2374	1.5838
2375	1.5973
2376	1.5928
2377	1.6018
2378	1.6109
2379	1.6199
2380	1.629
2381	1.6478
2382	1.6618
2383	1.6571
2384	1.6666
2385	1.6757
2386	1.6849
2387	0.4208
2388	0.40519
2389	1.6979
2390	0.41034
2391	0.41546
2392	0.92794
2393	0.92979
2394	0.93994
2395	0.42141
2396	0.42159
2397	0.42134
2398	0.4222
2399	0.42267
2400	0.42323
2401	0.42437
2402	0.42483
2403	0.42457
2404	0.42495
2405	0.42519
2406	0.42658
2407	0.42706
2408	0.42812
2409	0.42927
2410	0.42996
2411	0.43115
2412	0.43205
2413	0.43326
2414	0.43462
2415	0.43556
2416	0.43698
2417	0.43797
2418	0.43937
2419	0.44117
2420	0.4416
2421	0.44238
2422	0.44481
2423	0.44649
2424	0.44819
2425	0.44947
2426	0.45067
2427	0.4527
2428	0.45427
2429	0.45593
2430	0.45788
2431	0.45967
2432	0.46155
2433	0.46374
2434	0.46567
2435	0.46724
2436	0.46995
2437	0.47217
2438	0.47394
2439	0.47607
2440	0.47801
2441	0.48045
2442	0.48247
2443	0.48509
2444	0.48739
2445	0.49011
2446	0.49228
2447	0.49485
2448	0.49772
2449	0.49992
2450	0.50217
2451	0.5069
2452	0.50999
2453	0.51228
2454	0.51495
2455	0.51727
2456	0.52007
2457	0.523
2458	0.52559
2459	0.52865
2460	0.53165
2461	0.53293
2462	0.53658
2463	0.53986
2464	0.54286
2465	0.5464
2466	0.54979
2467	0.55217
2468	0.55484
2469	0.55794
2470	0.56115
2471	0.56426
2472	0.56703
2473	0.5704
2474	0.57365
2475	0.57733
2476	0.58047
2477	0.58381
2478	0.58702
2479	0.58974
2480	0.59224
2481	0.59538
2482	0.59871
2483	0.60232
2484	0.60575
2485	0.60803
2486	0.61194
2487	0.61594
2488	0.61903
2489	0.62259
2490	0.62618
2491	0.62984
2492	0.63304
2493	0.63636
2494	0.63981
2495	0.64365
2496	0.64731
2497	0.64966
2498	0.6538
2499	0.65776
2500	0.66172
2501	0.66506
2502	0.66859
2503	0.67198
2504	0.67591
2505	0.67958
2506	0.68318
2507	0.68691
2508	0.69089
2509	0.69316
2510	0.69741
2511	0.70152
2512	0.70498
2513	0.7084
2514	0.7122
2515	0.71647
2516	0.71991
2517	0.72301
2518	0.7264
2519	0.73071
2520	0.73448
2521	0.73831
2522	0.74216
2523	0.74582
2524	0.74967
2525	0.75388
2526	0.75779
2527	0.76172
2528	0.76567
2529	0.76962
2530	0.77367
2531	0.77772
2532	0.7816
2533	0.78535
2534	0.78882
2535	0.79619
2536	0.79987
2537	0.80893
2538	0.81095
2539	0.81462
2540	0.81661
2541	0.81861
2542	0.82053
2543	0.82238
2544	0.8259
2545	0.82772
2546	0.82958
2547	0.8314
2548	0.83296
2549	0.83459
2550	0.83645
2551	0.83804
2552	0.83964
2553	0.84141
2554	0.84316
2555	0.84466
2556	0.84623
2557	0.85007
2558	0.85198
2559	0.8536
2560	0.85524
2561	0.85711
2562	0.85897
2563	0.86078
2564	0.86261
2565	0.86419
2566	0.86579
2567	0.86756
2568	0.8695
2569	0.87143
2570	0.87329
2571	0.87487
2572	0.87645
2573	0.8783
2574	0.88209
2575	0.88387
2576	0.88575
2577	0.88762
2578	0.88949
2579	0.89137
2580	0.89327
2581	0.8951
2582	0.89665
2583	0.89824
2584	0.89998
2585	0.90175
2586	0.90357
2587	0.9053
2588	0.90657
2589	0.90892
2590	0.91035
2591	0.91205
2592	0.91393
2593	0.91582
2594	0.91772
2595	0.91964
2596	0.9236
2597	0.92554
2598	0.92905
2599	0.93108
2600	0.93343
2601	0.935
2602	0.9369
2603	0.93906
2604	0.94232
2605	0.9424
2606	0.94289
2607	0.94364
2608	0.94447
2609	0.94517
2610	0.9463
2611	0.94714
2612	0.94768
2613	0.94834
2614	0.94908
2615	0.94988
2616	0.95174
2617	0.95244
2618	0.9529
2619	0.95364
2620	0.95445
2621	0.95526
2622	0.95611
2623	0.95738
2624	0.95799
2625	0.95796
2626	0.95833
2627	0.95888
2628	0.95984
2629	0.96274
2630	0.96377
2631	0.9648
2632	0.96549
2633	0.96592
2634	0.9673
2635	0.96833
2636	0.96942
2637	0.97089
2638	0.97198
2639	0.97362
2640	0.97461
2641	0.97585
2642	0.97683
2643	0.97781
2644	0.9789
2645	0.98037
2646	0.9813
2647	0.9823
2648	0.98449
2649	0.9853
2650	0.98623
2651	0.98716
2652	0.98916
2653	0.98995
2654	0.99062
2655	0.99111
2656	0.99212
2657	0.99318
2658	0.99418
2659	0.99493
2660	0.9956
2661	0.99645
2662	0.9973
2663	0.99821
2664	0.99899
2665	0.99859
2666	1.0007
2667	1.0027
2668	1.0054
2669	1.0069
2670	1.009
2671	1.0111
2672	1.0133
2673	1.0156
2674	1.0179
2675	1.0198
2676	1.0247
2677	1.0285
2678	1.0307
2679	1.033
2680	1.035
2681	1.0372
2682	1.0393
2683	1.042
2684	1.0445
2685	1.0469
2686	1.0493
2687	1.0509
2688	1.0523
2689	1.0541
2690	1.0557
2691	1.0574
2692	1.0593
2693	1.0607
2694	1.0621
2695	1.0639
2696	1.0658
2697	1.0678
2698	1.0721
2699	1.0743
2700	1.0766
2701	1.0789
2702	1.0811
2703	1.0828
2704	1.0844
2705	1.0914
2706	1.0938
2707	1.0988
2708	1.1007
2709	1.1026
2710	1.1055
2711	1.1084
2712	1.1112
2713	1.1135
2714	1.1183
2715	1.1239
2716	1.1267
2717	1.1293
2718	1.1346
2719	1.1373
2720	1.1401
2721	1.143
2722	1.1458
2723	1.1487
2724	1.1514
2725	1.1541
2726	1.1568
2727	1.1627
2728	1.1686
2729	1.1751
2730	1.1817
2731	1.1852
2732	1.193
2733	1.1974
2734	1.2016
2735	1.2061
2736	1.2106
2737	1.2151
2738	1.2242
2739	1.2336
2740	1.2382
2741	1.2427
2742	1.2472
2743	1.2517
2744	1.2608
2745	1.2654
2746	1.27
2747	1.2745
2748	1.2791
2749	1.2883
2750	1.2974
2751	1.302
2752	1.3065
2753	1.3154
2754	1.3242
2755	1.3286
2756	1.3332
2757	1.3377
2758	1.3422
2759	1.3468
2760	1.3514
2761	1.356
2762	1.3607
2763	1.3652
2764	1.3697
2765	1.3741
2766	1.3787
2767	1.3878
2768	1.3924
2769	1.397
2770	1.4013
2771	1.4146
2772	1.4191
2773	1.4238
2774	1.4332
2775	1.4421
2776	1.4467
2777	1.4513
2778	1.4559
2779	1.4604
2780	1.4649
2781	1.474
2782	1.4831
2783	1.4877
2784	1.4923
2785	1.4967
2786	1.5013
2787	1.506
2788	1.5104
2789	1.5148
2790	1.5192
2791	1.5236
2792	1.528
2793	1.5326
2794	1.5417
2795	1.5508
2796	1.5554
2797	1.56
2798	1.5645
2799	1.569
2800	1.5735
2801	1.5778
2802	1.5871
2803	1.5916
2804	1.5962
2805	1.6007
2806	1.605
2807	1.6139
2808	1.623
2809	1.6276
2810	1.6322
2811	1.6369
2812	1.6416
2813	1.6461
2814	1.6507
2815	1.6589
2816	1.6633
2817	1.6678
2818	1.6767
2819	1.681
2820	1.6853
2821	1.6895
2822	1.6968
2823	0.94158
2824	0.42071
2825	0.40521
2826	1.7018
2827	1.6977
2828	1.6935
2829	1.6895
2830	1.6851
2831	1.6807
2832	1.6764
2833	1.672
2834	1.6675
2835	1.6631
2836	1.659
2837	1.6543
2838	1.6449
2839	1.6405
2840	1.6361
2841	1.6316
2842	1.627
2843	1.6225
2844	1.6181
2845	1.6135
2846	1.6089
2847	1.6045
2848	1.6
2849	1.5954
2850	1.5909
2851	1.5865
2852	1.5821
2853	1.5777
2854	1.5729
2855	1.5684
2856	1.5638
2857	1.5592
2858	1.5547
2859	1.5502
2860	1.5456
2861	1.5411
2862	1.5366
2863	1.5322
2864	1.5278
2865	1.5231
2866	1.5186
2867	1.514
2868	1.5094
2869	1.5049
2870	1.5003
2871	1.4955
2872	1.4912
2873	1.4866
2874	1.4822
2875	1.4778
2876	1.4732
2877	1.4688
2878	1.4642
2879	1.4597
2880	1.4551
2881	1.4506
2882	1.446
2883	1.4415
2884	1.4369
2885	1.4324
2886	1.4275
2887	1.4231
2888	1.4185
2889	1.4139
2890	1.4094
2891	1.4047
2892	1.4005
2893	1.396
2894	1.3916
2895	1.387
2896	1.3825
2897	1.378
2898	1.3735
2899	1.369
2900	1.3644
2901	1.3598
2902	1.3553
2903	1.3507
2904	1.3462
2905	1.3418
2906	1.3373
2907	1.3328
2908	1.3282
2909	1.3238
2910	1.3194
2911	1.3151
2912	1.3105
2913	1.3058
2914	1.3012
2915	1.2966
2916	1.292
2917	1.2874
2918	1.2829
2919	1.2783
2920	1.2738
2921	1.2692
2922	1.2647
2923	1.2603
2924	1.2511
2925	1.2465
2926	1.2419
2927	1.2374
2928	1.2328
2929	1.2283
2930	1.2238
2931	1.2191
2932	1.2146
2933	1.21
2934	1.2057
2935	1.2011
2936	1.1967
2937	1.1924
2938	1.1881
2939	1.1846
2940	1.1813
2941	1.1781
2942	1.1751
2943	1.1721
2944	1.1662
2945	1.1634
2946	1.1605
2947	1.1577
2948	1.1549
2949	1.1495
2950	1.1467
2951	1.144
2952	1.1412
2953	1.1385
2954	1.1359
2955	1.1332
2956	1.1306
2957	1.128
2958	1.1253
2959	1.1227
2960	1.1201
2961	1.1176
2962	1.1151
2963	1.1127
2964	1.1101
2965	1.1075
2966	1.105
2967	1.1028
2968	1.1006
2969	1.0982
2970	1.0958
2971	1.0935
2972	1.0912
2973	1.0889
2974	1.0869
2975	1.085
2976	1.083
2977	1.0809
2978	1.0787
2979	1.0766
2980	1.0746
2981	1.0726
2982	1.0706
2983	1.0686
2984	1.0668
2985	1.0651
2986	1.0635
2987	1.0619
2988	1.0601
2989	1.0585
2990	1.0569
2991	1.0553
2992	1.0538
2993	1.0521
2994	1.0503
2995	1.0482
2996	1.0461
2997	1.0438
2998	1.0415
2999	1.0396
3000	1.0376
3001	1.0354
3002	1.0334
3003	1.0311
3004	1.0291
3005	1.0268
3006	1.0249
3007	1.0228
3008	1.0208
3009	1.0184
3010	1.0162
3011	1.0141
3012	1.0121
3013	1.0104
3014	1.0087
3015	1.0067
3016	1.0049
3017	1.0035
3018	1.0024
3019	1.0017
3020	1.0008
3021	0.99976
3022	0.99884
3023	0.998
3024	0.99719
3025	0.99634
3026	0.99541
3027	0.99446
3028	0.99357
3029	0.99285
3030	0.99209
3031	0.99123
3032	0.9903
3033	0.98941
3034	0.98852
3035	0.98764
3036	0.98679
3037	0.98588
3038	0.98487
3039	0.98395
3040	0.98308
3041	0.98226
3042	0.98153
3043	0.9809
3044	0.98011
3045	0.97922
3046	0.97835
3047	0.97757
3048	0.97692
3049	0.97631
3050	0.97549
3051	0.97436
3052	0.97345
3053	0.97268
3054	0.97185
3055	0.97094
3056	0.97006
3057	0.9693
3058	0.96861
3059	0.96797
3060	0.96721
3061	0.96634
3062	0.96548
3063	0.96476
3064	0.9641
3065	0.96336
3066	0.9625
3067	0.96169
3068	0.96102
3069	0.96049
3070	0.96008
3071	0.95938
3072	0.95845
3073	0.95764
3074	0.95688
3075	0.95615
3076	0.95483
3077	0.95413
3078	0.95335
3079	0.95255
3080	0.95183
3081	0.95115
3082	0.95051
3083	0.94993
3084	0.94942
3085	0.94886
3086	0.94827
3087	0.94766
3088	0.947
3089	0.9463
3090	0.94566
3091	0.94513
3092	0.94472
3093	0.94427
3094	0.94441
3095	0.9425
3096	0.94046
3097	0.93853
3098	0.93673
3099	0.93514
3100	0.93323
3101	0.93174
3102	0.92998
3103	0.92821
3104	0.9264
3105	0.92456
3106	0.9227
3107	0.92084
3108	0.91899
3109	0.91715
3110	0.91533
3111	0.91351
3112	0.91182
3113	0.91025
3114	0.90828
3115	0.90655
3116	0.90477
3117	0.90298
3118	0.90122
3119	0.89948
3120	0.89777
3121	0.89604
3122	0.89425
3123	0.89245
3124	0.89064
3125	0.88882
3126	0.88701
3127	0.88519
3128	0.88339
3129	0.88157
3130	0.87976
3131	0.87796
3132	0.87628
3133	0.87454
3134	0.87271
3135	0.87091
3136	0.86911
3137	0.86737
3138	0.86567
3139	0.86393
3140	0.86214
3141	0.86037
3142	0.85858
3143	0.8568
3144	0.85508
3145	0.85334
3146	0.85151
3147	0.84972
3148	0.84794
3149	0.84627
3150	0.84458
3151	0.84285
3152	0.84112
3153	0.83943
3154	0.8377
3155	0.83595
3156	0.83426
3157	0.83255
3158	0.83079
3159	0.82902
3160	0.82726
3161	0.82552
3162	0.82375
3163	0.82195
3164	0.82011
3165	0.81826
3166	0.81642
3167	0.81461
3168	0.81272
3169	0.81057
3170	0.80805
3171	0.80519
3172	0.80193
3173	0.79861
3174	0.79486
3175	0.79129
3176	0.78721
3177	0.78371
3178	0.77978
3179	0.77622
3180	0.77215
3181	0.76855
3182	0.76489
3183	0.76121
3184	0.7574
3185	0.75311
3186	0.74917
3187	0.74545
3188	0.74216
3189	0.73794
3190	0.73426
3191	0.73025
3192	0.72674
3193	0.72337
3194	0.71945
3195	0.7154
3196	0.71159
3197	0.70785
3198	0.70433
3199	0.70037
3200	0.69598
3201	0.69338
3202	0.68958
3203	0.6861
3204	0.68241
3205	0.67866
3206	0.67494
3207	0.67164
3208	0.668
3209	0.66461
3210	0.66064
3211	0.65724
3212	0.65366
3213	0.65044
3214	0.64694
3215	0.64347
3216	0.63986
3217	0.63648
3218	0.6333
3219	0.6296
3220	0.62587
3221	0.62248
3222	0.61919
3223	0.61575
3224	0.61234
3225	0.60935
3226	0.60618
3227	0.60262
3228	0.59933
3229	0.5962
3230	0.59336
3231	0.59006
3232	0.58694
3233	0.58378
3234	0.58078
3235	0.5774
3236	0.57434
3237	0.571
3238	0.56797
3239	0.56493
3240	0.5621
3241	0.55898
3242	0.55612
3243	0.55312
3244	0.54967
3245	0.54688
3246	0.54418
3247	0.54092
3248	0.53792
3249	0.53552
3250	0.53307
3251	0.52994
3252	0.52743
3253	0.52412
3254	0.52172
3255	0.51953
3256	0.5167
3257	0.51457
3258	0.51135
3259	0.50883
3260	0.50652
3261	0.50464
3262	0.50171
3263	0.49892
3264	0.49621
3265	0.49419
3266	0.49185
3267	0.48952
3268	0.48695
3269	0.48497
3270	0.48269
3271	0.48073
3272	0.47846
3273	0.47659
3274	0.47472
3275	0.47222
3276	0.47013
3277	0.46872
3278	0.46643
3279	0.46456
3280	0.46292
3281	0.46079
3282	0.45924
3283	0.45768
3284	0.45572
3285	0.45402
3286	0.45282
3287	0.45121
3288	0.4498
3289	0.44786
3290	0.4466
3291	0.44554
3292	0.44408
3293	0.44285
3294	0.44167
3295	0.44035
3296	0.4393
3297	0.43789
3298	0.43697
3299	0.43598
3300	0.43504
3301	0.43458
3302	0.43323
3303	0.43209
3304	0.43154
3305	0.43072
3306	0.43012
3307	0.42958
3308	0.42942
3309	0.42889
3310	0.4281
3311	0.42767
3312	0.4273
3313	0.42679
3314	0.42701
3315	0.42644
3316	0.42616
3317	0.4263
3318	0.93744
3319	0.93253
3320	0.41987
3321	0.42571
3322	1.7013
3323	1.6973
3324	1.693
3325	1.6886
3326	1.6842
3327	1.6796
3328	1.6751
3329	1.6706
3330	1.666
3331	1.6614
3332	1.6568
3333	1.6522
3334	1.6477
3335	1.6433
3336	1.6386
3337	1.6345
3338	1.63
3339	1.6254
3340	1.6204
3341	1.6158
3342	1.6113
3343	1.6066
3344	1.602
3345	1.5975
3346	1.5931
3347	1.5886
3348	1.5841
3349	1.5795
3350	1.575
3351	1.5705
3352	1.5659
3353	1.5614
3354	1.5568
3355	1.5524
3356	1.5479
3357	1.5434
3358	1.5389
3359	1.5343
3360	1.5298
3361	1.5253
3362	1.5208
3363	1.5163
3364	1.5119
3365	1.5074
3366	1.5028
3367	1.4982
3368	1.4937
3369	1.4891
3370	1.4846
3371	1.4802
3372	1.4756
3373	1.4712
3374	1.4665
3375	1.462
3376	1.4574
3377	1.4529
3378	1.4483
3379	1.4438
3380	1.4393
3381	1.4348
3382	1.4302
3383	1.4257
3384	1.4212
3385	1.4167
3386	1.4121
3387	1.4076
3388	1.4032
3389	1.3986
3390	1.3941
3391	1.3896
3392	1.385
3393	1.3805
3394	1.3759
3395	1.3714
3396	1.3669
3397	1.3624
3398	1.3582
3399	1.3535
3400	1.3493
3401	1.3447
3402	1.3401
3403	1.3356
3404	1.3309
3405	1.3264
3406	1.3219
3407	1.3173
3408	1.3128
3409	1.3082
3410	1.3037
3411	1.299
3412	1.2945
3413	1.29
3414	1.2854
3415	1.2811
3416	1.2764
3417	1.2721
3418	1.2675
3419	1.2628
3420	1.2584
3421	1.2537
3422	1.249
3423	1.2445
3424	1.2399
3425	1.2353
3426	1.2308
3427	1.2262
3428	1.2219
3429	1.2175
3430	1.213
3431	1.2083
3432	1.2038
3433	1.1996
3434	1.1957
3435	1.1921
3436	1.1887
3437	1.1856
3438	1.1829
3439	1.1804
3440	1.1779
3441	1.1754
3442	1.1729
3443	1.1702
3444	1.1675
3445	1.1648
3446	1.162
3447	1.1593
3448	1.1566
3449	1.1539
3450	1.1512
3451	1.1458
3452	1.1431
3453	1.1405
3454	1.1378
3455	1.1353
3456	1.1326
3457	1.13
3458	1.1273
3459	1.1247
3460	1.1222
3461	1.1196
3462	1.117
3463	1.1144
3464	1.1118
3465	1.1093
3466	1.1068
3467	1.1044
3468	1.1019
3469	1.0995
3470	1.0971
3471	1.0925
3472	1.0903
3473	1.0879
3474	1.0855
3475	1.0807
3476	1.0784
3477	1.0761
3478	1.0739
3479	1.0717
3480	1.0696
3481	1.0675
3482	1.0654
3483	1.0634
3484	1.0615
3485	1.0594
3486	1.0573
3487	1.0552
3488	1.0534
3489	1.0497
3490	1.0479
3491	1.0461
3492	1.0443
3493	1.0425
3494	1.039
3495	1.0372
3496	1.0354
3497	1.0338
3498	1.0323
3499	1.0308
3500	1.028
3501	1.0266
3502	1.0253
3503	1.024
3504	1.0228
3505	1.0212
3506	1.0197
3507	1.0175
3508	1.0152
3509	1.0132
3510	1.0109
3511	1.0089
3512	1.0066
3513	1.0044
3514	1.0024
3515	1.0002
3516	0.99802
3517	0.99614
3518	0.99354
3519	0.99147
3520	0.98994
3521	0.98754
3522	0.9858
3523	0.98364
3524	0.98153
3525	0.97915
3526	0.97698
3527	0.97503
3528	0.97336
3529	0.97083
3530	0.96981
3531	0.96884
3532	0.96784
3533	0.96697
3534	0.96631
3535	0.96548
3536	0.96454
3537	0.96361
3538	0.96272
3539	0.96188
3540	0.96108
3541	0.96021
3542	0.95931
3543	0.95844
3544	0.95757
3545	0.95668
3546	0.95574
3547	0.95478
3548	0.95393
3549	0.95325
3550	0.95252
3551	0.9517
3552	0.95083
3553	0.94995
3554	0.94902
3555	0.94815
3556	0.94732
3557	0.9465
3558	0.94568
3559	0.94487
3560	0.94404
3561	0.94319
3562	0.9423
3563	0.94138
3564	0.94046
3565	0.93962
3566	0.93891
3567	0.9383
3568	0.93762
3569	0.93684
3570	0.93601
3571	0.93522
3572	0.93444
3573	0.93366
3574	0.93284
3575	0.93193
3576	0.93091
3577	0.9299
3578	0.92924
3579	0.92887
3580	0.92848
3581	0.92786
3582	0.9271
3583	0.92629
3584	0.92547
3585	0.92471
3586	0.92399
3587	0.9233
3588	0.9226
3589	0.9219
3590	0.92119
3591	0.92042
3592	0.91961
3593	0.91876
3594	0.91786
3595	0.91665
3596	0.91494
3597	0.91307
3598	0.91114
3599	0.90922
3600	0.90729
3601	0.90537
3602	0.90345
3603	0.90154
3604	0.89965
3605	0.89777
3606	0.89592
3607	0.8941
3608	0.89228
3609	0.89043
3610	0.88856
3611	0.88667
3612	0.88479
3613	0.88293
3614	0.88108
3615	0.87926
3616	0.87743
3617	0.87562
3618	0.87379
3619	0.87198
3620	0.87017
3621	0.86838
3622	0.86661
3623	0.86482
3624	0.86301
3625	0.86118
3626	0.85938
3627	0.8576
3628	0.8558
3629	0.85399
3630	0.85216
3631	0.85033
3632	0.84848
3633	0.84664
3634	0.84481
3635	0.84299
3636	0.84116
3637	0.83932
3638	0.8375
3639	0.83573
3640	0.83401
3641	0.83225
3642	0.83045
3643	0.82864
3644	0.82681
3645	0.82502
3646	0.8233
3647	0.82162
3648	0.8199
3649	0.81819
3650	0.8165
3651	0.81476
3652	0.81298
3653	0.81119
3654	0.80941
3655	0.80762
3656	0.80581
3657	0.804
3658	0.8022
3659	0.80041
3660	0.7986
3661	0.79675
3662	0.79484
3663	0.79299
3664	0.79113
3665	0.78892
3666	0.78643
3667	0.78307
3668	0.77933
3669	0.77627
3670	0.77258
3671	0.76822
3672	0.76485
3673	0.76149
3674	0.75767
3675	0.75369
3676	0.75005
3677	0.74626
3678	0.7423
3679	0.73855
3680	0.73462
3681	0.73094
3682	0.72714
3683	0.72317
3684	0.7194
3685	0.71579
3686	0.71182
3687	0.70835
3688	0.70457
3689	0.70044
3690	0.69695
3691	0.69307
3692	0.68925
3693	0.68568
3694	0.68162
3695	0.67777
3696	0.67402
3697	0.67075
3698	0.66724
3699	0.66346
3700	0.65978
3701	0.65635
3702	0.65241
3703	0.6491
3704	0.64515
3705	0.64153
3706	0.63787
3707	0.63411
3708	0.63052
3709	0.6278
3710	0.62392
3711	0.6204
3712	0.61724
3713	0.61339
3714	0.60983
3715	0.60642
3716	0.6028
3717	0.59939
3718	0.59585
3719	0.59218
3720	0.58868
3721	0.58553
3722	0.5824
3723	0.57936
3724	0.57632
3725	0.57291
3726	0.56936
3727	0.56611
3728	0.5626
3729	0.55939
3730	0.55611
3731	0.5529
3732	0.54956
3733	0.54681
3734	0.54378
3735	0.5406
3736	0.53733
3737	0.53446
3738	0.53136
3739	0.52852
3740	0.52526
3741	0.5224
3742	0.5191
3743	0.51606
3744	0.5135
3745	0.51066
3746	0.50762
3747	0.50543
3748	0.50255
3749	0.49955
3750	0.49693
3751	0.49403
3752	0.49149
3753	0.48865
3754	0.486
3755	0.48347
3756	0.48091
3757	0.4781
3758	0.47583
3759	0.4734
3760	0.47084
3761	0.46592
3762	0.46385
3763	0.46152
3764	0.45708
3765	0.45495
3766	0.4531
3767	0.44831
3768	0.44663
3769	0.44436
3770	0.44032
3771	0.43862
3772	0.43648
3773	0.43289
3774	0.431
3775	0.42964
3776	0.42814
3777	0.42594
3778	0.42469
3779	0.42306
3780	0.42166
3781	0.42056
3782	0.41894
3783	0.41707
3784	0.41675
3785	0.41521
3786	0.41404
3787	0.41293
3788	0.41135
3789	0.41059
3790	0.40959
3791	0.40874
3792	0.40773
3793	0.40674
3794	0.40608
3795	0.40496
3796	0.40384
3797	0.40375
3798	0.40355
3799	0.40283
3800	0.40213
3801	0.40174
3802	0.40139
3803	0.40096
3804	0.40117
3805	0.40037
3806	0.39988
3807	0.39997
3808	0.4001
3809	0.93719
3810	0.9283
3811	0.93298
3812	0.93068
3813	0.93085
3814	0.93501
3815	0.93541
3816	0.93377
3817	0.97022
3818	1.42
3819	0.94834
3820	1.4527
3821	1.2258
3822	0.95306
3823	0.97454
3824	1.0495
3825	1.5462
3826	0.97163
3827	0.96156
3828	0.81287
3829	0.94885
3830	0.98251
3831	1.6575
3832	1.1107
3833	0.9923
3834	0.5142
3835	0.48033
3836	0.51576
3837	0.47105
3838	0.52793
3839	1.0322
3840	0.46259
3841	0.54952
3842	0.97347
3843	1.6336
3844	1.4165
3845	1.1638
3846	0.8107
3847	1.4435
3848	0.96366
3849	1.4206
3850	1.3164
3851	0.48559
3852	1.1713
3853	0.47567
3854	0.52117
3855	0.4692
3856	0.45904
3857	1.0413
3858	1.6379
3859	1.4284
3860	1.4839
3861	0.94592
3862	0.68015
3863	0.72268
3864	0.63674
3865	0.41958
3866	0.59493
3867	0.43301
3868	0.58496
3869	0.44482
3870	0.5568
3871	1.1737
3872	1.0213
3873	1.4709
3874	1.0256
3875	0.95801
3876	0.76903
3877	1.1651
3878	0.93678
3879	0.70253
3880	0.64476
3881	0.73441
3882	0.74699
3883	0.42619
3884	0.60288
3885	0.57726
3886	0.44154
3887	0.55038
3888	0.65859
3889	0.6164
3890	0.43726
3891	0.53989
3892	0.82638
3893	1.1085
3894	0.97221
3895	0.98592
3896	1.1089
3897	0.9009
3898	1.5831
3899	1.3704
3900	0.93944
3901	1.4023
3902	1.0776
3903	0.99059
3904	1.1157
3905	1.0169
3906	1.4754
3907	0.86799
3908	1.4785
3909	0.79859
3910	1.6931
3911	1.5283
3912	1.0898
3913	1.229
3914	1.4376
3915	0.97852
3916	0.95171
3917	1.4384
3918	0.94624
3919	1.0888
3920	1.0302
3921	0.93851
3922	1.1713
3923	0.96892
3924	1.6138
3925	1.2197
3926	0.8164
3927	0.49312
3928	0.89504
3929	1.6284
3930	0.96649
3931	1.132
3932	0.98749
3933	1.3895
3934	1.421
3935	1.3198
3936	1.0137
3937	1.3176
3938	1.1483
3939	0.79246
3940	0.84921
3941	0.82958
3942	0.94673
3943	0.92215
3944	1.6627
3945	1.5021
3946	0.92725
3947	0.74559
3948	0.73065
3949	0.71561
3950	0.70038
3951	1.0919
3952	0.43461
3953	1.0491
3954	0.44237
3955	0.75336
3956	0.7378
3957	0.72297
3958	0.70847
3959	0.69264
3960	0.45052
3961	0.45918
3962	0.85057
3963	0.46853
3964	0.81782
3965	1.2756
3966	0.68429
3967	1.1914
3968	1.6813
3969	0.97892
3970	0.94481
3971	0.95719
3972	1.2556
3973	0.90507
3974	0.99118
3975	0.89754
3976	0.50191
3977	0.94129
3978	1.2845
3979	1.0318
3980	1.5241
3981	0.55629
3982	0.43954
3983	0.97659
3984	0.54499
3985	0.44723
3986	0.45517
3987	1.0456
3988	0.46404
3989	1.3658
3990	0.95025
3991	1.357
3992	0.50952
3993	0.47336
3994	0.94328
3995	1.4746
3996	1.4753
3997	1.1236
3998	0.96885
3999	0.98166
4000	0.505
4001	0.99537
4002	1.4932
4003	1.3451
4004	1.3287
4005	0.83585
4006	0.86289
4007	0.95545
4008	0.83872
4009	0.87161
4010	0.93711
4011	0.99401
4012	0.79992
4013	1.1208
4014	1.0701
4015	0.89919
4016	0.97116
4017	0.50601
4018	0.50156
4019	0.82558
4020	0.85862
4021	0.93134
4022	0.96364
4023	1.5071
4024	0.97454
4025	1.056
4026	0.83544
4027	0.86818
4028	1.312
4029	1.1645
4030	0.96906
4031	1.0961
4032	1.0864
4033	1.0126
4034	0.95847
4035	0.98412
4036	1.3218
4037	1.0757
4038	1.0419
4039	0.9508
4040	1.3713
4041	1.1718
4042	1.1071
4043	0.96035
4044	1.0922
4045	1.2567
4046	1.3208
4047	1.3128
4048	1.4891
4049	0.50421
4050	0.88964
4051	1.3841
4052	0.98478
4053	1.6387
4054	0.80327
4055	1.139
4056	0.95
4057	1.1919
4058	1.1307
4059	1.5468
4060	0.8789
4061	0.84246
4062	0.96873
4063	1.0526
4064	0.81276
4065	0.92703
4066	1.1658
4067	1.0106
4068	0.96177
4069	0.80633
4070	0.98833
4071	1.0773
4072	0.80313
4073	1.0573
4074	0.89331
4075	1.0033
4076	1.1604
4077	1.0853
4078	0.94834
4079	1.1808
4080	0.81558
4081	0.83445
4082	1.2443
4083	0.93395
4084	0.87393
4085	0.82097
4086	0.98809
4087	0.87471
4088	0.86107
4089	0.81079
4090	0.83094
4091	0.95625
4092	0.80187
4093	1.2167
4094	1.062
4095	0.78907
4096	0.97556
4097	0.9427
4098	1.1496
4099	0.93842
4100	0.90467
4101	1.6494
4102	0.96675
4103	0.77919
4104	1.0834
4105	0.78239
4106	0.89116
4107	0.93546
4108	0.48822
4109	0.9216
4110	0.47798
4111	0.53311
4112	0.4608
4113	0.94512
4114	0.54339
4115	0.96195
4116	0.55365
4117	0.4481
4118	0.57007
4119	0.44014
4120	0.58122
4121	1.1784
4122	1.1716
4123	0.43461
4124	1.1025
4125	0.59143
4126	0.80361
4127	0.88252
4128	0.42505
4129	0.76309
4130	0.95941
4131	0.62256
4132	0.95356
4133	0.42134
4134	0.74232
4135	0.72682
4136	0.85333
4137	1.4029
4138	0.6655
4139	0.99788
4140	0.69884
4141	1.3984
4142	0.81822
4143	1.6186
4144	0.9267
4145	0.98173
4146	1.5794
4147	1.48
4148	1.5111
4149	1.3381
4150	1.1059
4151	0.40512
4152	1.4565
4153	0.97088
4154	1.6725
4155	0.97852
4156	0.99098
4157	1.638
4158	1.6093
4159	1.6012
4160	1.2927
4161	1.0408
4162	0.79766
4163	1.1529
4164	0.93026
4165	1.0236
4166	1.5824
4167	1.1514
4168	1.1447
4169	0.90737
4170	0.88232
4171	0.98431
4172	1.0001
4173	1.0696
4174	0.82446
4175	0.87585
4176	0.84224
4177	0.8264
4178	1.121
4179	1.0516
4180	1.5561
4181	1.1691
4182	1.0224
4183	1.0964
4184	0.97196
4185	0.94044
4186	1.2943
4187	1.3976
4188	0.98957
4189	0.84012
4190	0.89655
4191	0.88907
4192	0.85768
4193	0.87324
4194	0.93169
4195	0.80977
4196	0.83413
4197	0.88403
4198	0.94341
4199	0.94496
4200	0.9698
4201	0.41212
4202	0.41411
4203	0.95737
4204	0.41626
4205	0.41992
4206	0.42472
4207	0.4296
4208	1.5877
4209	0.43515
4210	0.49603
4211	1.5703
4212	0.96961
4213	1.2067
4214	1.1597
4215	1.3833
4216	1.0298
4217	1.2533
4218	0.98295
4219	0.71013
4220	0.96073
4221	0.65473
4222	0.71876
4223	0.64077
4224	0.4196
4225	0.7512
4226	0.61296
4227	0.42726
4228	0.94266
4229	0.59888
4230	1.155
4231	1.1442
4232	1.0193
4233	0.96347
4234	1.6244
4235	1.0351
4236	1.5162
4237	1.0599
4238	0.9797
4239	1.681
4240	1.4793
4241	1.2658
4242	1.2023
4243	0.97325
4244	1.1761
4245	1.6525
4246	1.4345
4247	1.0475
4248	0.97432
4249	1.4618
4250	0.86264
4251	1.1287
4252	1.6803
4253	0.82848
4254	0.85943
4255	0.89244
4256	1.3361
4257	1.022
4258	1.1856
4259	1.0281
4260	0.48068
4261	0.93003
4262	0.84993
4263	0.81822
4264	0.92158
4265	0.913
4266	0.96303
4267	1.2899
4268	0.82472
4269	1.4254
4270	0.81707
4271	1.0009
4272	0.92549
4273	0.8111
4274	0.87522
4275	0.92536
4276	0.96373
4277	0.8481
4278	0.88015
4279	0.67124
4280	0.65589
4281	0.64106
4282	0.40904
4283	1.1522
4284	0.62759
4285	0.41178
4286	0.61362
4287	0.41611
4288	0.59932
4289	0.4203
4290	0.58559
4291	0.42627
4292	0.57307
4293	0.43135
4294	1.6063
4295	0.90665
4296	1.2572
4297	1.0831
4298	1.5375
4299	0.93872
4300	1.0393
4301	1.2077
4302	1.0294
4303	1.1485
4304	0.96523
4305	0.9724
4306	0.82414
4307	1.0948
4308	1.0843
4309	1.0643
4310	0.85747
4311	0.82471
4312	0.96018
4313	0.88626
4314	0.98356
4315	0.92819
4316	1.5613
4317	1.0263
4318	0.90122
4319	0.79993
4320	1.0726
4321	1.6184
4322	1.6194
4323	0.93603
4324	1.5252
4325	0.42821
4326	0.58007
4327	0.42254
4328	0.59173
4329	0.41821
4330	0.6066
4331	0.91688
4332	0.41432
4333	0.62071
4334	0.94669
4335	0.63379
4336	0.64855
4337	0.66326
4338	1.1295
4339	1.6426
4340	0.82145
4341	0.85373
4342	0.80197
4343	1.2806
4344	1.2751
4345	1.6724
4346	1.6767
4347	1.3322
4348	0.95545
4349	0.94361
4350	0.97012
4351	0.96123
4352	1.0148
4353	1.0901
4354	0.97627
4355	0.82797
4356	0.84636
4357	0.86457
4358	0.83179
4359	0.98632
4360	1.1036
4361	0.83058
4362	0.81415
4363	1.2564
4364	1.3804
4365	1.2623
4366	0.97948
4367	1.537
4368	0.94572
4369	0.95552
4370	1.2837
4371	1.2991
4372	1.6711
4373	1.6549
4374	1.6155
4375	1.0347
4376	0.93712
4377	0.99961
4378	0.97507
4379	1.1198
4380	0.96197
4381	1.0257
4382	1.2713
4383	1.4695
4384	1.4846
4385	1.643
4386	1.3267
4387	1.3111
4388	1.5884
4389	1.1783
4390	0.77363
4391	1.0715
4392	0.9521
4393	1.1361
4394	0.95575
4395	1.142
4396	0.96745
4397	0.92951
4398	1.0514
4399	0.82933
4400	0.84749
4401	0.81228
4402	0.80526
4403	1.0566
4404	1.1683
4405	1.1135
4406	1.0892
4407	1.065
4408	1.0798
4409	1.1558
4410	0.91919
4411	1.1193
4412	0.90627
4413	0.98216
4414	0.94585
4415	0.96443
4416	0.94818
4417	0.83749
4418	0.80454
4419	0.97512
4420	0.91084
4421	0.938
4422	1.6092
4423	0.79028
4424	1.1815
4425	1.1133
4426	1.0815
4427	1.0663
4428	0.83615
4429	0.82063
4430	0.96983
4431	0.94085
4432	0.98253
4433	0.98105
4434	0.98485
4435	0.98344
4436	0.93332
4437	0.93408
4438	0.93033
4439	0.93108
4440	0.44813
4441	0.45004
4442	0.45101
4443	0.45302
4444	0.45499
4445	0.91633
4446	0.9141
4447	0.91824
4448	0.91593
4449	1.3892
4450	0.92254
4451	0.92529
4452	0.92066
4453	0.92316
4454	0.91863
4455	0.92105
4456	0.91666
4457	0.91889
4458	0.91473
4459	0.91687
4460	0.93103
4461	1.0523
4462	1.0545
4463	1.0494
4464	1.0515
4465	0.92349
4466	0.92581
4467	0.92121
4468	0.92342
4469	0.91905
4470	0.92114
4471	0.97859
4472	0.97724
4473	0.98115
4474	0.9796
4475	0.98381
4476	0.98212
4477	0.98721
4478	0.9859
4479	1.1361
4480	1.1325
4481	1.137
4482	1.1337
4483	1.1377
4484	1.1348
4485	1.7018
4486	1.7059
4487	0.42179
4488	0.4231
4489	1.3075
4490	0.55872
4491	1.0611
4492	0.89261
4493	1.1534
4494	1.4892
4495	1.3566
4496	1.3269
4497	0.82804
4498	0.82923
4499	1.0061
4500	0.77517
4501	0.77896
4502	1.6628
4503	1.0672
4504	0.73065
4505	0.75502
4506	0.41041
4507	1.6721
4508	1.4381
4509	1.4336
4510	1.5198
4511	1.5744
4512	0.93784
4513	0.88642
4514	0.87443
4515	0.97733
4516	0.90944
4517	0.91122
4518	0.9438
4519	0.94078
4520	1.3036
4521	1.308
4522	0.89954
4523	0.89749
4524	0.90147
4525	0.89937
4526	0.9034
4527	0.90123
4528	0.90528
4529	0.90311
4530	0.90704
4531	0.90488
4532	0.91193
4533	0.90975
4534	0.91371
4535	0.91155
4536	0.91542
4537	0.91328
4538	0.91698
4539	0.91489
4540	1.248
4541	1.2523
4542	1.2485
4543	1.2529
4544	0.89499
4545	0.89267
4546	0.89671
4547	0.89432
4548	0.89849
4549	0.89593
4550	0.90015
4551	0.89754
4552	0.90174
4553	0.89902
4554	0.86301
4555	0.86102
4556	0.86483
4557	0.86278
4558	0.86657
4559	0.86446
4560	0.86815
4561	0.86967
4562	1.1267
4563	1.1239
4564	1.128
4565	1.1294
4566	1.4655
4567	1.4701
4568	1.466
4569	1.4706
4570	1.1588
4571	1.162
4572	1.1579
4573	1.1612
4574	1.1571
4575	1.1605
4576	1.1567
4577	1.1597
4578	1.1559
4579	1.1588
4580	0.95306
4581	0.95209
4582	0.9559
4583	0.95482
4584	0.95877
4585	0.95753
4586	0.96158
4587	0.96025
4588	1.2159
4589	1.2205
4590	1.2166
4591	1.2211
4592	0.99066
4593	0.98948
4594	0.99308
4595	0.99205
4596	0.99563
4597	0.99474
4598	1.1077
4599	1.11
4600	1.1039
4601	1.1057
4602	1.1005
4603	1.1023
4604	1.0975
4605	1.0994
4606	0.94169
4607	0.94099
4608	0.94471
4609	0.94414
4610	0.80753
4611	0.80513
4612	0.81035
4613	0.80787
4614	1.1253
4615	1.1279
4616	1.1239
4617	1.1265
4618	1.1225
4619	1.1253
4620	1.4056
4621	1.41
4622	1.4066
4623	1.4109
4624	1.6927
4625	1.696
4626	1.69
4627	1.6946
4628	1.6893
4629	1.6938
4630	0.4269
4631	0.42578
4632	0.43205
4633	0.43059
4634	0.67385
4635	0.66983
4636	0.6762
4637	0.67202
4638	0.96545
4639	0.96653
4640	0.9626
4641	0.96361
4642	0.95973
4643	0.96077
4644	0.95682
4645	0.9577
4646	0.95393
4647	0.95472
4648	0.86658
4649	0.86891
4650	0.86527
4651	0.86749
4652	0.86387
4653	0.86601
4654	0.84471
4655	0.84716
4656	0.84281
4657	0.84539
4658	0.84075
4659	0.8436
4660	0.83907
4661	0.84201
4662	0.83769
4663	0.84061
4664	0.94938
4665	0.94822
4666	0.94646
4667	0.94603
4668	0.81672
4669	0.81385
4670	0.81878
4671	0.81633
4672	0.82114
4673	0.81955
4674	0.8227
4675	0.82094
4676	1.0948
4677	1.0979
4678	1.1166
4679	0.61972
4680	0.66167
4681	0.70622
4682	0.46764
4683	0.46505
4684	0.56245
4685	0.43651
4686	0.78103
4687	0.77728
4688	1.605
4689	0.94267
4690	0.94188
4691	0.9449
4692	0.9481
4693	0.95222
4694	0.95289
4695	0.94895
4696	0.94966
4697	0.94571
4698	0.94651
4699	0.88502
4700	0.88697
4701	0.88355
4702	0.88554
4703	0.8821
4704	0.88419
4705	0.88059
4706	0.8826
4707	0.8792
4708	0.8812
4709	1.1883
4710	1.1851
4711	1.1883
4712	1.1846
4713	1.1888
4714	1.1851
4715	1.1892
4716	1.1854
4717	1.189
4718	1.1854
4719	0.63013
4720	0.62699
4721	0.63316
4722	0.62998
4723	0.97199
4724	0.97084
4725	0.97462
4726	0.97324
4727	0.97723
4728	0.97585
4729	0.97971
4730	0.97842
4731	1.7005
4732	1.7047
4733	1.7005
4734	1.7051
4735	1.7009
4736	0.87726
4737	0.87525
4738	0.87874
4739	0.87679
4740	0.88025
4741	0.87841
4742	0.88175
4743	0.87991
4744	0.88317
4745	0.88129
4746	0.41514
4747	0.41008
4748	1.1793
4749	1.1764
4750	1.178
4751	1.1824
4752	1.1811
4753	1.0547
4754	1.0531
4755	1.0521
4756	1.0561
4757	1.0537
4758	1.0575
4759	1.0553
4760	1.059
4761	1.0568
4762	1.0605
4763	1.0583
4764	1.0621
4765	1.0599
4766	1.0637
4767	1.0615
4768	1.0653
4769	1.0632
4770	1.067
4771	1.0648
4772	1.0687
4773	1.0665
4774	1.0705
4775	1.0682
4776	1.0723
4777	1.07
4778	1.0742
4779	1.0719
4780	1.076
4781	1.0738
4782	1.078
4783	1.0758
4784	1.0799
4785	1.0778
4786	1.0819
4787	1.0798
4788	1.0839
4789	1.0819
4790	1.086
4791	1.084
4792	1.0881
4793	1.086
4794	1.0902
4795	1.088
4796	1.0924
4797	1.0901
4798	1.0945
4799	1.0923
4800	1.0968
4801	1.0946
4802	1.099
4803	1.0969
4804	1.1013
4805	1.0992
4806	1.1036
4807	1.1015
4808	1.1059
4809	1.1038
4810	1.1083
4811	1.106
4812	1.1107
4813	1.1085
4814	1.1131
4815	1.111
4816	1.1155
4817	1.1135
4818	1.118
4819	1.1159
4820	1.1204
4821	1.1184
4822	1.123
4823	1.1209
4824	1.1255
4825	1.1234
4826	1.128
4827	1.126
4828	1.1306
4829	1.1286
4830	1.1332
4831	1.1312
4832	1.1358
4833	1.1338
4834	1.1384
4835	1.1365
4836	1.141
4837	1.1391
4838	1.1437
4839	1.1418
4840	1.1463
4841	1.1445
4842	1.149
4843	1.1472
4844	1.1517
4845	1.1499
4846	1.1544
4847	1.1526
4848	1.1571
4849	1.1554
4850	1.1599
4851	1.1581
4852	1.1626
4853	1.1609
4854	1.1653
4855	1.1637
4856	1.1681
4857	1.1665
4858	1.1709
4859	1.1693
4860	1.1736
4861	1.1722
4862	1.175
4863	1.0026
4864	1.0016
4865	1.0009
4866	1.0514
4867	1.0503
4868	1.0495
4869	1.0483
4870	1.0475
4871	1.0462
4872	1.0454
4873	1.044
4874	1.0433
4875	1.042
4876	1.0411
4877	1.0399
4878	1.039
4879	1.0377
4880	1.0368
4881	1.0357
4882	1.0347
4883	1.0334
4884	1.0326
4885	1.0314
4886	1.0304
4887	1.0292
4888	1.0283
4889	1.0271
4890	1.0262
4891	1.025
4892	1.0241
4893	1.023
4894	1.0221
4895	1.0208
4896	1.02
4897	1.0186
4898	1.0179
4899	1.0165
4900	1.0159
4901	1.0145
4902	1.0138
4903	1.0126
4904	1.0118
4905	1.0108
4906	1.0099
4907	1.0088
4908	1.0081
4909	1.007
4910	1.0065
4911	1.0054
4912	1.0051
4913	1.0041
4914	1.0039
4915	1.0031
4916	1.002
4917	0.94581
4918	0.94462
4919	0.94497
4920	1.0007
4921	1.
4922	0.99985
4923	0.99914
4924	0.99898
4925	0.9983
4926	0.99811
4927	0.99744
4928	0.99724
4929	0.99654
4930	0.99638
4931	0.99563
4932	0.99552
4933	0.99476
4934	0.99466
4935	0.99397
4936	0.9938
4937	0.99316
4938	0.99294
4939	0.9923
4940	0.99209
4941	0.99141
4942	0.99124
4943	0.99053
4944	0.99039
4945	0.98967
4946	0.98954
4947	0.9888
4948	0.9887
4949	0.98796
4950	0.98786
4951	0.98708
4952	0.98702
4953	0.98615
4954	0.98618
4955	0.98527
4956	0.98535
4957	0.98442
4958	0.98451
4959	0.98359
4960	0.98369
4961	0.98282
4962	0.98286
4963	0.98208
4964	0.98204
4965	0.98128
4966	0.98122
4967	0.98042
4968	0.9804
4969	0.97958
4970	0.97959
4971	0.97878
4972	0.97877
4973	0.97805
4974	0.97797
4975	0.97734
4976	0.97716
4977	0.97653
4978	0.97636
4979	0.97556
4980	0.97556
4981	0.9747
4982	0.97477
4983	0.97392
4984	0.97397
4985	0.97311
4986	0.97319
4987	0.97226
4988	0.9724
4989	0.97142
4990	0.97162
4991	0.97065
4992	0.97084
4993	0.96992
4994	0.97007
4995	0.96921
4996	0.9693
4997	0.96845
4998	0.96853
4999	0.96763
5000	0.96777
5001	0.96682
5002	0.96702
5003	0.96608
5004	0.96626
5005	0.96537
5006	0.96552
5007	0.96462
5008	0.96477
5009	0.96382
5010	0.96403
5011	0.96305
5012	0.9633
5013	0.96234
5014	0.96257
5015	0.96171
5016	0.96185
5017	0.96114
5018	0.96113
5019	0.96043
5020	0.96041
5021	0.95961
5022	0.9597
5023	0.95885
5024	0.959
5025	0.95812
5026	0.95831
5027	0.9574
5028	0.95761
5029	0.95671
5030	0.95693
5031	0.95605
5032	0.95625
5033	0.95536
5034	0.95558
5035	0.95463
5036	0.95492
5037	0.9539
5038	0.95426
5039	0.95321
5040	0.95361
5041	0.95254
5042	0.95296
5043	0.95189
5044	0.95233
5045	0.95129
5046	0.9517
5047	0.95072
5048	0.95108
5049	0.95012
5050	0.95047
5051	0.94952
5052	0.94986
5053	0.94891
5054	0.94926
5055	0.94828
5056	0.94867
5057	0.94763
5058	0.94809
5059	0.94702
5060	0.94751
5061	0.94646
5062	0.94694
5063	0.94597
5064	0.94637
5065	0.94546
5066	0.94525
5067	0.81385
5068	0.81165
5069	0.81178
5070	0.81558
5071	0.81372
5072	0.81731
5073	0.81553
5074	0.81904
5075	0.8173
5076	0.82078
5077	0.81908
5078	0.82251
5079	0.82088
5080	0.82424
5081	0.82266
5082	0.82598
5083	0.82443
5084	0.82772
5085	0.82618
5086	0.82946
5087	0.82792
5088	0.8312
5089	0.82967
5090	0.83294
5091	0.83143
5092	0.83468
5093	0.83318
5094	0.83642
5095	0.8349
5096	0.83816
5097	0.83662
5098	0.83991
5099	0.83837
5100	0.84165
5101	0.8401
5102	0.8434
5103	0.84182
5104	0.84515
5105	0.84356
5106	0.8469
5107	0.8453
5108	0.84865
5109	0.84702
5110	0.8504
5111	0.84873
5112	0.85215
5113	0.85049
5114	0.8539
5115	0.85227
5116	0.85565
5117	0.85406
5118	0.85741
5119	0.85581
5120	0.85916
5121	0.85754
5122	0.86092
5123	0.85931
5124	0.86267
5125	0.86108
5126	0.86443
5127	0.86285
5128	0.86619
5129	0.86462
5130	0.86795
5131	0.86637
5132	0.86971
5133	0.8681
5134	0.87147
5135	0.86985
5136	0.87323
5137	0.87163
5138	0.875
5139	0.87341
5140	0.87676
5141	0.87521
5142	0.87852
5143	0.87696
5144	0.88029
5145	0.87868
5146	0.88206
5147	0.88046
5148	0.88382
5149	0.88225
5150	0.88559
5151	0.88405
5152	0.88736
5153	0.88583
5154	0.88913
5155	0.88762
5156	0.8909
5157	0.88942
5158	0.89267
5159	0.89121
5160	0.89445
5161	0.893
5162	0.89622
5163	0.89479
5164	0.89799
5165	0.89657
5166	0.89977
5167	0.89833
5168	0.90155
5169	0.90007
5170	0.90332
5171	0.90183
5172	0.9051
5173	0.9036
5174	0.90688
5175	0.90538
5176	0.90866
5177	0.90716
5178	0.91044
5179	0.90891
5180	0.91222
5181	0.91079
5182	0.91401
5183	0.91247
5184	0.91579
5185	0.9142
5186	0.91758
5187	0.916
5188	0.91936
5189	0.91781
5190	0.92115
5191	0.91962
5192	0.92294
5193	0.92144
5194	0.92473
5195	0.92327
5196	0.92653
5197	0.9251
5198	0.92832
5199	0.92691
5200	0.93012
5201	0.92871
5202	0.93192
5203	0.9305
5204	0.93373
5205	0.93228
5206	0.93553
5207	0.93393
5208	0.93734
5209	0.93579
5210	0.93916
5211	0.93749
5212	0.94097
5213	0.9393
5214	0.94279
5215	0.94117
5216	0.9431
5217	0.43118
5218	0.42859
5219	0.43123
5220	0.42846
5221	0.43133
5222	0.42879
5223	0.43148
5224	0.42878
5225	0.43168
5226	0.42901
5227	0.43193
5228	0.42941
5229	0.43223
5230	0.42943
5231	0.43258
5232	0.42985
5233	0.43297
5234	0.43022
5235	0.43342
5236	0.43065
5237	0.43391
5238	0.43127
5239	0.43446
5240	0.4318
5241	0.43505
5242	0.43216
5243	0.43569
5244	0.43274
5245	0.43638
5246	0.43337
5247	0.43712
5248	0.43414
5249	0.4379
5250	0.4348
5251	0.43874
5252	0.43577
5253	0.43962
5254	0.43687
5255	0.44054
5256	0.43756
5257	0.44152
5258	0.4385
5259	0.44254
5260	0.4395
5261	0.4436
5262	0.44048
5263	0.44472
5264	0.44173
5265	0.44587
5266	0.44282
5267	0.44708
5268	0.44407
5269	0.44832
5270	0.44527
5271	0.44961
5272	0.44652
5273	0.45095
5274	0.44791
5275	0.45233
5276	0.44911
5277	0.45375
5278	0.45044
5279	0.45522
5280	0.45214
5281	0.45672
5282	0.45358
5283	0.45827
5284	0.45515
5285	0.45986
5286	0.45654
5287	0.4615
5288	0.4582
5289	0.46317
5290	0.46
5291	0.46488
5292	0.46163
5293	0.46663
5294	0.46327
5295	0.46843
5296	0.46522
5297	0.47026
5298	0.46695
5299	0.47213
5300	0.46881
5301	0.47403
5302	0.4709
5303	0.47598
5304	0.47257
5305	0.47796
5306	0.47459
5307	0.47998
5308	0.47684
5309	0.48203
5310	0.4788
5311	0.48412
5312	0.48077
5313	0.48625
5314	0.48295
5315	0.48841
5316	0.48501
5317	0.4906
5318	0.48723
5319	0.49283
5320	0.48933
5321	0.4951
5322	0.49174
5323	0.49739
5324	0.49404
5325	0.49972
5326	0.49637
5327	0.50208
5328	0.49855
5329	0.50447
5330	0.50109
5331	0.50689
5332	0.50369
5333	0.50934
5334	0.50638
5335	0.51183
5336	0.50855
5337	0.51434
5338	0.51095
5339	0.51688
5340	0.51348
5341	0.51946
5342	0.51637
5343	0.52206
5344	0.51873
5345	0.52468
5346	0.52145
5347	0.52734
5348	0.52386
5349	0.53002
5350	0.5264
5351	0.53273
5352	0.5294
5353	0.53547
5354	0.53202
5355	0.53823
5356	0.53496
5357	0.54102
5358	0.53757
5359	0.54384
5360	0.54017
5361	0.54668
5362	0.54308
5363	0.54954
5364	0.54614
5365	0.55243
5366	0.54893
5367	0.55534
5368	0.55177
5369	0.55827
5370	0.55496
5371	0.56123
5372	0.55793
5373	0.56421
5374	0.56085
5375	0.56722
5376	0.5639
5377	0.57024
5378	0.56682
5379	0.57329
5380	0.56986
5381	0.57635
5382	0.5729
5383	0.57944
5384	0.57612
5385	0.58255
5386	0.57919
5387	0.58568
5388	0.58245
5389	0.58883
5390	0.58551
5391	0.592
5392	0.58867
5393	0.59519
5394	0.59183
5395	0.5984
5396	0.59507
5397	0.60163
5398	0.5981
5399	0.60487
5400	0.60128
5401	0.60813
5402	0.60456
5403	0.61141
5404	0.60797
5405	0.61471
5406	0.6112
5407	0.61803
5408	0.61435
5409	0.62136
5410	0.61772
5411	0.62471
5412	0.62111
5413	0.62808
5414	0.62443
5415	0.63146
5416	0.62782
5417	0.63486
5418	0.63138
5419	0.63827
5420	0.63493
5421	0.6417
5422	0.63823
5423	0.64514
5424	0.64164
5425	0.6486
5426	0.64517
5427	0.65207
5428	0.64864
5429	0.65556
5430	0.65212
5431	0.65906
5432	0.65548
5433	0.66258
5434	0.65903
5435	0.66611
5436	0.66249
5437	0.66965
5438	0.66624
5439	0.67321
5440	0.66971
5441	0.67678
5442	0.67331
5443	0.68036
5444	0.67675
5445	0.68395
5446	0.6804
5447	0.68756
5448	0.68408
5449	0.69118
5450	0.68773
5451	0.69481
5452	0.69128
5453	0.69845
5454	0.695
5455	0.7021
5456	0.69812
5457	0.70577
5458	0.70215
5459	0.70944
5460	0.70596
5461	0.71313
5462	0.70956
5463	0.71682
5464	0.71328
5465	0.72053
5466	0.71703
5467	0.72425
5468	0.72092
5469	0.72797
5470	0.72474
5471	0.73171
5472	0.72829
5473	0.73545
5474	0.73192
5475	0.73921
5476	0.7358
5477	0.74297
5478	0.73951
5479	0.74675
5480	0.74351
5481	0.75053
5482	0.74704
5483	0.75432
5484	0.7508
5485	0.75812
5486	0.75466
5487	0.76192
5488	0.7587
5489	0.76574
5490	0.76252
5491	0.76956
5492	0.76627
5493	0.77339
5494	0.77001
5495	0.77723
5496	0.77373
5497	0.78107
5498	0.77768
5499	0.78492
5500	0.78139
5501	0.78878
5502	0.78528
5503	0.79264
5504	0.78896
5505	0.79645
5506	0.79293
5507	0.80005
5508	0.79659
5509	0.80331
5510	0.80019
5511	0.80624
5512	0.80339
5513	0.80898
5514	0.80641
5515	0.80918
5516	0.39709
5517	0.3947
5518	0.42326
5519	0.42585
5520	0.41769
5521	0.42019
5522	0.41208
5523	0.41499
5524	0.40679
5525	0.40969
5526	0.40188
5527	0.40469
5528	0.39979
5529	0.79261
5530	0.79452
5531	0.79424
5532	0.39476
5533	0.39741
5534	0.39486
5535	0.39738
5536	0.39502
5537	0.39741
5538	0.39524
5539	0.39774
5540	0.3955
5541	0.39827
5542	0.39582
5543	0.39831
5544	0.3962
5545	0.3987
5546	0.39662
5547	0.39907
5548	0.3971
5549	0.39949
5550	0.39763
5551	0.4001
5552	0.39822
5553	0.40074
5554	0.39885
5555	0.40114
5556	0.39954
5557	0.40152
5558	0.40028
5559	0.40243
5560	0.40107
5561	0.40338
5562	0.40191
5563	0.40411
5564	0.4028
5565	0.40504
5566	0.40375
5567	0.40601
5568	0.40474
5569	0.40692
5570	0.40578
5571	0.40792
5572	0.40687
5573	0.40883
5574	0.40801
5575	0.41018
5576	0.4092
5577	0.41132
5578	0.41044
5579	0.41251
5580	0.41172
5581	0.41391
5582	0.41305
5583	0.41473
5584	0.41443
5585	0.41634
5586	0.41586
5587	0.41785
5588	0.41733
5589	0.41912
5590	0.41884
5591	0.42057
5592	0.4204
5593	0.42215
5594	0.42201
5595	0.42357
5596	0.42365
5597	0.42548
5598	0.42535
5599	0.42707
5600	0.42708
5601	0.4286
5602	0.42886
5603	0.43042
5604	0.43068
5605	0.43218
5606	0.43254
5607	0.43404
5608	0.43444
5609	0.43605
5610	0.43638
5611	0.43786
5612	0.43836
5613	0.43987
5614	0.44038
5615	0.44186
5616	0.44244
5617	0.44402
5618	0.44453
5619	0.44589
5620	0.44666
5621	0.44806
5622	0.44884
5623	0.45042
5624	0.45104
5625	0.45244
5626	0.45329
5627	0.45462
5628	0.45556
5629	0.4568
5630	0.45788
5631	0.45912
5632	0.46022
5633	0.46145
5634	0.46261
5635	0.46366
5636	0.46502
5637	0.46617
5638	0.46747
5639	0.46854
5640	0.46995
5641	0.47105
5642	0.47246
5643	0.47351
5644	0.475
5645	0.47591
5646	0.47758
5647	0.4786
5648	0.48018
5649	0.48117
5650	0.48281
5651	0.48375
5652	0.48548
5653	0.4864
5654	0.48817
5655	0.48916
5656	0.49089
5657	0.49178
5658	0.49364
5659	0.4946
5660	0.49641
5661	0.49728
5662	0.49922
5663	0.50018
5664	0.50205
5665	0.50303
5666	0.5049
5667	0.50554
5668	0.50778
5669	0.5085
5670	0.51069
5671	0.51137
5672	0.51362
5673	0.5141
5674	0.51658
5675	0.51709
5676	0.51956
5677	0.52023
5678	0.52256
5679	0.52316
5680	0.52559
5681	0.52629
5682	0.52864
5683	0.52923
5684	0.53171
5685	0.53231
5686	0.5348
5687	0.53529
5688	0.53792
5689	0.53847
5690	0.54105
5691	0.54163
5692	0.54421
5693	0.54472
5694	0.54739
5695	0.54768
5696	0.55059
5697	0.55094
5698	0.5538
5699	0.55415
5700	0.55704
5701	0.5574
5702	0.5603
5703	0.56063
5704	0.56357
5705	0.56402
5706	0.56687
5707	0.56729
5708	0.57018
5709	0.57071
5710	0.57351
5711	0.57408
5712	0.57686
5713	0.57727
5714	0.58022
5715	0.58047
5716	0.5836
5717	0.58372
5718	0.587
5719	0.58699
5720	0.59041
5721	0.59044
5722	0.59384
5723	0.59399
5724	0.59729
5725	0.59747
5726	0.60075
5727	0.6009
5728	0.60423
5729	0.60445
5730	0.60772
5731	0.6079
5732	0.61122
5733	0.61143
5734	0.61474
5735	0.6151
5736	0.61827
5737	0.61845
5738	0.62182
5739	0.62198
5740	0.62538
5741	0.6257
5742	0.62896
5743	0.62884
5744	0.63254
5745	0.63243
5746	0.63614
5747	0.63611
5748	0.63975
5749	0.63973
5750	0.64338
5751	0.64336
5752	0.64701
5753	0.64714
5754	0.65066
5755	0.65062
5756	0.65432
5757	0.65441
5758	0.65799
5759	0.65796
5760	0.66167
5761	0.66164
5762	0.66536
5763	0.66537
5764	0.66906
5765	0.66897
5766	0.67277
5767	0.67246
5768	0.67649
5769	0.6762
5770	0.68022
5771	0.67999
5772	0.68396
5773	0.68388
5774	0.68771
5775	0.68754
5776	0.69147
5777	0.69132
5778	0.69523
5779	0.69515
5780	0.69901
5781	0.69878
5782	0.70279
5783	0.70273
5784	0.70659
5785	0.70651
5786	0.71038
5787	0.71015
5788	0.71419
5789	0.71404
5790	0.71801
5791	0.71775
5792	0.72183
5793	0.72154
5794	0.72566
5795	0.72544
5796	0.72949
5797	0.72925
5798	0.73333
5799	0.73301
5800	0.73718
5801	0.7369
5802	0.74104
5803	0.7407
5804	0.7449
5805	0.74461
5806	0.74877
5807	0.74844
5808	0.75264
5809	0.75219
5810	0.75652
5811	0.75612
5812	0.76041
5813	0.75997
5814	0.7643
5815	0.76359
5816	0.76819
5817	0.76723
5818	0.77208
5819	0.77136
5820	0.7759
5821	0.77515
5822	0.77954
5823	0.77855
5824	0.78289
5825	0.78219
5826	0.78585
5827	0.78545
5828	0.78838
5829	0.78808
5830	0.79056
5831	0.79033
5832	0.79229
5833	0.91406
5834	0.91538
5835	0.91584
5836	0.79629
5837	0.79608
5838	0.79805
5839	0.79788
5840	0.79981
5841	0.79967
5842	0.80158
5843	0.80145
5844	0.80334
5845	0.80323
5846	0.80511
5847	0.80502
5848	0.80688
5849	0.80681
5850	0.80865
5851	0.80859
5852	0.81042
5853	0.81036
5854	0.81219
5855	0.81214
5856	0.81396
5857	0.81392
5858	0.81574
5859	0.81568
5860	0.81751
5861	0.81741
5862	0.81929
5863	0.81915
5864	0.82107
5865	0.8209
5866	0.82285
5867	0.82263
5868	0.82463
5869	0.82438
5870	0.82641
5871	0.82616
5872	0.82819
5873	0.82797
5874	0.82997
5875	0.82977
5876	0.83176
5877	0.83156
5878	0.83354
5879	0.83333
5880	0.83533
5881	0.83508
5882	0.83712
5883	0.83686
5884	0.83891
5885	0.83867
5886	0.8407
5887	0.84048
5888	0.8425
5889	0.8423
5890	0.84429
5891	0.8441
5892	0.84609
5893	0.84591
5894	0.84788
5895	0.84773
5896	0.84968
5897	0.84956
5898	0.85149
5899	0.85137
5900	0.85329
5901	0.85319
5902	0.85509
5903	0.855
5904	0.8569
5905	0.8568
5906	0.85871
5907	0.85859
5908	0.86052
5909	0.8604
5910	0.86233
5911	0.86221
5912	0.86414
5913	0.86403
5914	0.86596
5915	0.86583
5916	0.86778
5917	0.86763
5918	0.8696
5919	0.86943
5920	0.87142
5921	0.87124
5922	0.87324
5923	0.87306
5924	0.87507
5925	0.87489
5926	0.8769
5927	0.8767
5928	0.87873
5929	0.87854
5930	0.88056
5931	0.88036
5932	0.8824
5933	0.8822
5934	0.88424
5935	0.88405
5936	0.88608
5937	0.88591
5938	0.88792
5939	0.88778
5940	0.88977
5941	0.88964
5942	0.89162
5943	0.89149
5944	0.89347
5945	0.89332
5946	0.89533
5947	0.89516
5948	0.89718
5949	0.89701
5950	0.89904
5951	0.89888
5952	0.90091
5953	0.90076
5954	0.90277
5955	0.90264
5956	0.90464
5957	0.90454
5958	0.90652
5959	0.90644
5960	0.90839
5961	0.90834
5962	0.91027
5963	0.91024
5964	0.91216
5965	0.91215
5966	0.91403
5967	0.96863
5968	0.96975
5969	0.97052
5970	0.96773
5971	0.96951
5972	0.96683
5973	0.96855
5974	0.96594
5975	0.96761
5976	0.96505
5977	0.96667
5978	0.96416
5979	0.96579
5980	0.96327
5981	0.96502
5982	0.96239
5983	0.96415
5984	0.96151
5985	0.96324
5986	0.96063
5987	0.96234
5988	0.95975
5989	0.96145
5990	0.95887
5991	0.96059
5992	0.958
5993	0.95976
5994	0.95713
5995	0.95889
5996	0.95626
5997	0.958
5998	0.95539
5999	0.95713
6000	0.95452
6001	0.95626
6002	0.95366
6003	0.95538
6004	0.9528
6005	0.95448
6006	0.95194
6007	0.95358
6008	0.95109
6009	0.95272
6010	0.95023
6011	0.95195
6012	0.94938
6013	0.95116
6014	0.94853
6015	0.95033
6016	0.94769
6017	0.94947
6018	0.94684
6019	0.94861
6020	0.946
6021	0.94772
6022	0.94517
6023	0.94687
6024	0.94433
6025	0.94603
6026	0.9435
6027	0.94521
6028	0.94267
6029	0.94438
6030	0.94184
6031	0.94356
6032	0.94102
6033	0.94273
6034	0.9402
6035	0.9419
6036	0.93938
6037	0.94105
6038	0.93857
6039	0.94018
6040	0.93776
6041	0.93931
6042	0.93695
6043	0.93848
6044	0.93614
6045	0.93773
6046	0.93534
6047	0.93702
6048	0.93455
6049	0.93628
6050	0.93375
6051	0.93549
6052	0.93296
6053	0.93468
6054	0.93218
6055	0.93389
6056	0.9314
6057	0.93311
6058	0.93062
6059	0.93233
6060	0.92985
6061	0.93154
6062	0.92908
6063	0.9307
6064	0.92831
6065	0.9298
6066	0.92755
6067	0.92891
6068	0.9268
6069	0.92821
6070	0.92605
6071	0.92765
6072	0.9253
6073	0.92708
6074	0.92456
6075	0.9264
6076	0.92383
6077	0.92565
6078	0.9231
6079	0.92487
6080	0.92237
6081	0.9241
6082	0.92165
6083	0.92336
6084	0.92094
6085	0.92264
6086	0.92023
6087	0.92194
6088	0.91953
6089	0.92124
6090	0.91883
6091	0.92054
6092	0.91814
6093	0.91984
6094	0.91745
6095	0.9191
6096	0.91676
6097	0.91836
6098	0.91608
6099	0.91759
6100	0.91679
6101	1.0213
6102	1.0228
6103	1.0237
6104	1.0197
6105	1.0223
6106	1.0178
6107	1.0208
6108	1.0158
6109	1.019
6110	1.0137
6111	1.0173
6112	1.0116
6113	1.0151
6114	1.0094
6115	1.0129
6116	1.0072
6117	1.0108
6118	1.005
6119	1.0085
6120	1.0029
6121	1.0064
6122	1.0007
6123	1.0042
6124	0.9985
6125	1.002
6126	0.99634
6127	0.9999
6128	0.99419
6129	0.99772
6130	0.99205
6131	0.99557
6132	0.98993
6133	0.99356
6134	0.98781
6135	0.99121
6136	0.98571
6137	0.98911
6138	0.98361
6139	0.9873
6140	0.98153
6141	0.98505
6142	0.97947
6143	0.98315
6144	0.97749
6145	0.98105
6146	0.97565
6147	0.97903
6148	0.974
6149	0.97696
6150	0.97251
6151	0.9751
6152	0.97112
6153	0.97342
6154	0.9719
6155	1.1735
6156	1.1761
6157	1.1752
6158	1.0243
6159	1.0251
6160	1.0257
6161	1.0265
6162	1.0272
6163	1.0279
6164	1.0287
6165	1.0294
6166	1.0303
6167	1.0309
6168	1.0319
6169	1.0324
6170	1.0335
6171	1.0341
6172	1.0352
6173	1.0358
6174	1.0369
6175	1.0375
6176	1.0386
6177	1.0393
6178	1.0404
6179	1.041
6180	1.0422
6181	1.0428
6182	1.044
6183	1.0446
6184	1.0459
6185	1.0464
6186	1.0478
6187	1.0483
6188	1.0497
6189	1.0501
6190	1.0517
6191	1.052
6192	1.0537
6193	1.054
6194	1.0557
6195	1.056
6196	1.0577
6197	1.058
6198	1.0598
6199	1.0601
6200	1.0619
6201	1.0621
6202	1.064
6203	1.0642
6204	1.0662
6205	1.0663
6206	1.0684
6207	1.0684
6208	1.0706
6209	1.0706
6210	1.0728
6211	1.0728
6212	1.0751
6213	1.075
6214	1.0774
6215	1.0773
6216	1.0797
6217	1.0796
6218	1.082
6219	1.082
6220	1.0844
6221	1.0844
6222	1.0867
6223	1.0868
6224	1.0891
6225	1.0891
6226	1.0916
6227	1.0914
6228	1.094
6229	1.0938
6230	1.0965
6231	1.0962
6232	1.0989
6233	1.0986
6234	1.1014
6235	1.1011
6236	1.104
6237	1.1036
6238	1.1065
6239	1.106
6240	1.109
6241	1.1085
6242	1.1116
6243	1.111
6244	1.1142
6245	1.1136
6246	1.1168
6247	1.1162
6248	1.1194
6249	1.1188
6250	1.122
6251	1.1214
6252	1.1246
6253	1.124
6254	1.1273
6255	1.1266
6256	1.1299
6257	1.1293
6258	1.1326
6259	1.1319
6260	1.1353
6261	1.1346
6262	1.1379
6263	1.1372
6264	1.1406
6265	1.1399
6266	1.1433
6267	1.1426
6268	1.1461
6269	1.1453
6270	1.1488
6271	1.148
6272	1.1515
6273	1.1507
6274	1.1542
6275	1.1534
6276	1.157
6277	1.1561
6278	1.1597
6279	1.1588
6280	1.1625
6281	1.1616
6282	1.1652
6283	1.1643
6284	1.168
6285	1.1671
6286	1.1707
6287	1.1698
6288	1.1725
6289	1.1837
6290	1.1866
6291	1.1853
6292	1.1786
6293	1.1776
6294	1.1812
6295	1.1801
6296	1.1827
6297	1.7027
6298	1.7051
6299	1.1899
6300	1.1884
6301	1.1937
6302	1.1919
6303	1.1977
6304	1.1957
6305	1.2019
6306	1.1997
6307	1.2062
6308	1.2039
6309	1.2107
6310	1.2084
6311	1.2152
6312	1.213
6313	1.2197
6314	1.2174
6315	1.2242
6316	1.2219
6317	1.2287
6318	1.2263
6319	1.2332
6320	1.2309
6321	1.2378
6322	1.2354
6323	1.2423
6324	1.24
6325	1.2469
6326	1.2445
6327	1.2514
6328	1.2491
6329	1.2559
6330	1.2537
6331	1.2605
6332	1.2583
6333	1.265
6334	1.2628
6335	1.2696
6336	1.2674
6337	1.2741
6338	1.272
6339	1.2787
6340	1.2764
6341	1.2832
6342	1.281
6343	1.2877
6344	1.2855
6345	1.2923
6346	1.29
6347	1.2968
6348	1.2945
6349	1.3013
6350	1.2991
6351	1.3059
6352	1.3036
6353	1.3104
6354	1.3082
6355	1.315
6356	1.3127
6357	1.3195
6358	1.3173
6359	1.324
6360	1.3218
6361	1.3286
6362	1.3264
6363	1.3331
6364	1.3309
6365	1.3376
6366	1.3355
6367	1.3422
6368	1.34
6369	1.3467
6370	1.3445
6371	1.3512
6372	1.3491
6373	1.3558
6374	1.3535
6375	1.3603
6376	1.3581
6377	1.3648
6378	1.3625
6379	1.3693
6380	1.367
6381	1.3739
6382	1.3715
6383	1.3784
6384	1.376
6385	1.3829
6386	1.3806
6387	1.3875
6388	1.3851
6389	1.392
6390	1.3896
6391	1.3965
6392	1.3942
6393	1.401
6394	1.3987
6395	1.4056
6396	1.4032
6397	1.4101
6398	1.4077
6399	1.4146
6400	1.4122
6401	1.4191
6402	1.4168
6403	1.4237
6404	1.4213
6405	1.4282
6406	1.4258
6407	1.4327
6408	1.4303
6409	1.4372
6410	1.4349
6411	1.4417
6412	1.4394
6413	1.4463
6414	1.4439
6415	1.4508
6416	1.4484
6417	1.4553
6418	1.453
6419	1.4598
6420	1.4575
6421	1.4644
6422	1.4621
6423	1.4689
6424	1.4666
6425	1.4734
6426	1.4712
6427	1.4779
6428	1.4756
6429	1.4824
6430	1.4802
6431	1.487
6432	1.4846
6433	1.4915
6434	1.4892
6435	1.496
6436	1.4937
6437	1.5005
6438	1.4982
6439	1.505
6440	1.5028
6441	1.5096
6442	1.5073
6443	1.5141
6444	1.5119
6445	1.5186
6446	1.5163
6447	1.5231
6448	1.5208
6449	1.5276
6450	1.5253
6451	1.5322
6452	1.5299
6453	1.5367
6454	1.5344
6455	1.5412
6456	1.5389
6457	1.5457
6458	1.5434
6459	1.5503
6460	1.5479
6461	1.5548
6462	1.5524
6463	1.5593
6464	1.5569
6465	1.5638
6466	1.5615
6467	1.5683
6468	1.566
6469	1.5729
6470	1.5706
6471	1.5774
6472	1.575
6473	1.5819
6474	1.5796
6475	1.5864
6476	1.5841
6477	1.591
6478	1.5886
6479	1.5955
6480	1.5931
6481	1.6
6482	1.5976
6483	1.6045
6484	1.6021
6485	1.609
6486	1.6067
6487	1.6136
6488	1.6113
6489	1.6181
6490	1.6158
6491	1.6226
6492	1.6203
6493	1.6271
6494	1.6251
6495	1.6316
6496	1.6297
6497	1.6362
6498	1.6342
6499	1.6407
6500	1.6385
6501	1.6452
6502	1.6431
6503	1.6497
6504	1.6476
6505	1.6542
6506	1.6521
6507	1.6588
6508	1.6567
6509	1.6633
6510	1.6612
6511	1.6678
6512	1.6658
6513	1.6723
6514	1.6703
6515	1.6769
6516	1.6748
6517	1.6814
6518	1.6794
6519	1.6859
6520	1.6839
6521	1.6903
6522	1.6884
6523	1.6946
6524	1.6927
6525	1.6987
6526	1.697
6527	1.701
6528	1.7105
6529	1.7089
6530	1.7059
6531	1.7034
6532	1.7068
6533	1.7041
6534	1.7078
6535	1.7039
6536	1.706
6537	1.7087
6538	1.7065
6539	1.7096
6540	1.7071
6541	1.708
6542	1.1859
6543	1.1843
6544	1.1897
6545	1.1879
6546	1.1939
6547	1.1921
6548	1.1982
6549	1.1963
6550	1.2026
6551	1.2007
6552	1.2071
6553	1.2052
6554	1.2116
6555	1.2097
6556	1.2161
6557	1.2142
6558	1.2207
6559	1.2188
6560	1.2253
6561	1.2234
6562	1.2298
6563	1.2279
6564	1.2344
6565	1.2325
6566	1.2389
6567	1.237
6568	1.2435
6569	1.2416
6570	1.248
6571	1.2461
6572	1.2526
6573	1.2507
6574	1.2571
6575	1.2552
6576	1.2617
6577	1.2598
6578	1.2662
6579	1.2643
6580	1.2708
6581	1.2689
6582	1.2753
6583	1.2734
6584	1.2798
6585	1.2779
6586	1.2844
6587	1.2825
6588	1.2889
6589	1.287
6590	1.2934
6591	1.2916
6592	1.298
6593	1.2961
6594	1.3025
6595	1.3007
6596	1.307
6597	1.3053
6598	1.3116
6599	1.3099
6600	1.3161
6601	1.3145
6602	1.3206
6603	1.3189
6604	1.3252
6605	1.3234
6606	1.3297
6607	1.3278
6608	1.3342
6609	1.3324
6610	1.3388
6611	1.3369
6612	1.3433
6613	1.3414
6614	1.3478
6615	1.3459
6616	1.3524
6617	1.3504
6618	1.3569
6619	1.355
6620	1.3614
6621	1.3595
6622	1.366
6623	1.364
6624	1.3705
6625	1.3686
6626	1.375
6627	1.3732
6628	1.3796
6629	1.3777
6630	1.3841
6631	1.3822
6632	1.3886
6633	1.3867
6634	1.3932
6635	1.3912
6636	1.3977
6637	1.3957
6638	1.4023
6639	1.4002
6640	1.4068
6641	1.4046
6642	1.4113
6643	1.4092
6644	1.4159
6645	1.4137
6646	1.4204
6647	1.4183
6648	1.4249
6649	1.4229
6650	1.4295
6651	1.4273
6652	1.434
6653	1.432
6654	1.4385
6655	1.4366
6656	1.4431
6657	1.4411
6658	1.4476
6659	1.4457
6660	1.4521
6661	1.4502
6662	1.4567
6663	1.4548
6664	1.4612
6665	1.4593
6666	1.4657
6667	1.4638
6668	1.4703
6669	1.4684
6670	1.4748
6671	1.4729
6672	1.4793
6673	1.4774
6674	1.4838
6675	1.4819
6676	1.4884
6677	1.4864
6678	1.4929
6679	1.4909
6680	1.4974
6681	1.4953
6682	1.502
6683	1.5
6684	1.5065
6685	1.5046
6686	1.511
6687	1.5091
6688	1.5156
6689	1.5137
6690	1.5201
6691	1.5182
6692	1.5246
6693	1.5227
6694	1.5291
6695	1.5273
6696	1.5337
6697	1.5318
6698	1.5382
6699	1.5362
6700	1.5427
6701	1.5408
6702	1.5473
6703	1.5453
6704	1.5518
6705	1.5499
6706	1.5563
6707	1.5544
6708	1.5609
6709	1.5589
6710	1.5654
6711	1.5635
6712	1.5699
6713	1.568
6714	1.5744
6715	1.5725
6716	1.579
6717	1.5772
6718	1.5835
6719	1.5817
6720	1.588
6721	1.5861
6722	1.5926
6723	1.5906
6724	1.5971
6725	1.5951
6726	1.6016
6727	1.5996
6728	1.6061
6729	1.6042
6730	1.6107
6731	1.6087
6732	1.6152
6733	1.6132
6734	1.6197
6735	1.6178
6736	1.6242
6737	1.6222
6738	1.6287
6739	1.6268
6740	1.6333
6741	1.6313
6742	1.6378
6743	1.6358
6744	1.6423
6745	1.6403
6746	1.6468
6747	1.6448
6748	1.6514
6749	1.6493
6750	1.6559
6751	1.6539
6752	1.6604
6753	1.6586
6754	1.6649
6755	1.6629
6756	1.6694
6757	1.6674
6758	1.674
6759	1.6719
6760	1.6785
6761	1.6763
6762	1.683
6763	1.6807
6764	1.6875
6765	1.6852
6766	1.6921
6767	1.6896
6768	1.6965
6769	1.6939
6770	1.7007
6771	1.6982
6772	1.7048
6773	1.7023
6774	1.7064
6775	0.97929
6776	0.98083
6777	0.98127
6778	0.97867
6779	0.68372
6780	0.68805
6781	0.6872
6782	0.68474
6783	0.97723
6784	0.97981
6785	0.9779
6786	0.98148
6787	0.98173
6788	0.98355
6789	0.98404
6790	0.88588
6791	0.88397
6792	0.88554
6793	0.88364
6794	0.8739
6795	0.8757
6796	0.87409
6797	0.87585
6798	0.89059
6799	0.89266
6800	0.89105
6801	0.89307
6802	0.94889
6803	0.94964
6804	0.95082
6805	0.94756
6806	0.83367
6807	0.83244
6808	0.83602
6809	0.83503
6810	0.84565
6811	0.84723
6812	0.84781
6813	0.845
6814	0.83249
6815	0.83135
6816	0.83464
6817	0.80997
6818	0.80863
6819	0.81099
6820	0.8089
6821	0.81206
6822	0.85405
6823	0.8534
6824	0.8561
6825	0.85544
6826	0.94858
6827	0.94649
6828	0.94543
6829	0.94758
6830	0.80833
6831	0.81108
6832	0.80891
6833	0.80564
6834	0.80592
6835	0.81387
6836	0.81458
6837	0.81654
6838	0.81599
6839	0.81179
6840	0.81317
6841	0.82402
6842	0.82522
6843	0.82283
6844	0.82211
6845	0.84632
6846	0.84847
6847	0.84915
6848	0.84705
6849	0.84422
6850	0.84345
6851	0.85478
6852	0.85251
6853	0.85196
6854	0.85708
6855	0.8591
6856	0.85857
6857	0.85717
6858	0.8577
6859	0.85683
6860	0.85518
6861	0.86131
6862	0.86153
6863	0.86341
6864	0.86312
6865	0.86097
6866	0.85943
6867	0.86967
6868	0.86942
6869	0.86773
6870	0.86759
6871	0.87181
6872	0.87204
6873	0.87366
6874	0.87155
6875	0.86989
6876	0.88822
6877	0.88859
6878	0.89026
6879	0.888
6880	0.88634
6881	0.8981
6882	0.89995
6883	0.90012
6884	0.89786
6885	0.90651
6886	0.90448
6887	0.90641
6888	0.90442
6889	0.90665
6890	0.90851
6891	0.90866
6892	0.94013
6893	0.93726
6894	0.93784
6895	0.9385
6896	0.95068
6897	0.95276
6898	0.94953
6899	0.9508
6900	0.95243
6901	0.94864
6902	0.95189
6903	0.9499
6904	0.95331
6905	0.9531
6906	0.95119
6907	0.95076
6908	0.9658
6909	0.96733
6910	0.96507
6911	0.96825
6912	0.96454
6913	0.96348
6914	0.96619
6915	0.97432
6916	0.97566
6917	0.97306
6918	0.97518
6919	0.9725
6920	0.96944
6921	0.97124
6922	0.96989
6923	0.97449
6924	0.97661
6925	0.97526
6926	0.97898
6927	0.97916
6928	0.98118
6929	0.98382
6930	0.98631
6931	0.98447
6932	0.98617
6933	0.98992
6934	0.98804
6935	0.9879
6936	0.98962
6937	0.9368
6938	0.93798
6939	0.93593
6940	0.93486
6941	0.82055
6942	0.81854
6943	0.82012
6944	0.81799
6945	0.82315
6946	0.82255
6947	0.82123
6948	0.82505
6949	0.82604
6950	0.82876
6951	0.82614
6952	0.82723
6953	0.8319
6954	0.83012
6955	0.83062
6956	0.8381
6957	0.83921
6958	0.83698
6959	0.83928
6960	0.85277
6961	0.85063
6962	0.85131
6963	0.86044
6964	0.8597
6965	0.86229
6966	0.86278
6967	0.87129
6968	0.87099
6969	0.86919
6970	0.87314
6971	0.87339
6972	0.87724
6973	0.87546
6974	0.87745
6975	0.8895
6976	0.89004
6977	0.88767
6978	0.89427
6979	0.89233
6980	0.89471
6981	0.93875
6982	0.93564
6983	0.93752
6984	0.93657
6985	0.93823
6986	0.93945
6987	0.93794
6988	0.94153
6989	0.9428
6990	0.9399
6991	0.94111
6992	0.94264
6993	0.94033
6994	0.9434
6995	0.94201
6996	0.94532
6997	0.94427
6998	0.95418
6999	0.95513
7000	0.95575
7001	0.9553
7002	0.95328
7003	0.95578
7004	0.95744
7005	0.95484
7006	0.95682
7007	0.96254
7008	0.96542
7009	0.96297
7010	0.96581
7011	0.96633
7012	0.96846
7013	0.96958
7014	0.97942
7015	0.98215
7016	0.97984
7017	0.98566
7018	0.98326
7019	0.98514
7020	0.9349
7021	0.93526
7022	0.93364
7023	0.96148
7024	0.95947
7025	0.96016
7026	1.1447
7027	1.1433
7028	1.1412
7029	1.1424
7030	0.93595
7031	0.93361
7032	0.93285
7033	0.93491
7034	0.81256
7035	0.81293
7036	0.81103
7037	0.83948
7038	0.83711
7039	0.83925
7040	0.84938
7041	0.84889
7042	0.84672
7043	0.85809
7044	0.85883
7045	0.85481
7046	0.85742
7047	0.8569
7048	0.87698
7049	0.87667
7050	0.87495
7051	0.8752
7052	0.95223
7053	0.95568
7054	0.95558
7055	0.97327
7056	0.97548
7057	0.97558
7058	0.98446
7059	0.98615
7060	0.98678
7061	1.0892
7062	1.0863
7063	1.0886
7064	1.0859
7065	0.80259
7066	0.80308
7067	0.80591
7068	0.91331
7069	0.91347
7070	0.91536
7071	0.91552
7072	0.96489
7073	0.96301
7074	0.96407
7075	0.8889
7076	0.88839
7077	0.88706
7078	0.88662
7079	0.94782
7080	0.94987
7081	0.95046
7082	0.94677
7083	0.95074
7084	0.95155
7085	1.1036
7086	1.1073
7087	1.1058
7088	1.1067
7089	0.8065
7090	0.80962
7091	0.80755
7092	0.8036
7093	0.80336
7094	0.80469
7095	0.8125
7096	0.81516
7097	0.8131
7098	0.81043
7099	0.82057
7100	0.81809
7101	0.81773
7102	0.81984
7103	0.82376
7104	0.82385
7105	0.8275
7106	0.8255
7107	0.82106
7108	0.83095
7109	0.83072
7110	0.83315
7111	0.88443
7112	0.88256
7113	0.88223
7114	0.84289
7115	0.84495
7116	0.84208
7117	0.85039
7118	0.85291
7119	0.85078
7120	0.84984
7121	0.84774
7122	0.84831
7123	0.85527
7124	0.85559
7125	0.8575
7126	0.85335
7127	0.85985
7128	0.85966
7129	0.86174
7130	0.86795
7131	0.86592
7132	0.86584
7133	0.87013
7134	0.87223
7135	0.87041
7136	0.86826
7137	0.87243
7138	0.87426
7139	0.88671
7140	0.88904
7141	0.88701
7142	0.88481
7143	0.88955
7144	0.89147
7145	0.8963
7146	0.89828
7147	0.89609
7148	0.90462
7149	0.90254
7150	0.90248
7151	0.90683
7152	0.90901
7153	0.9071
7154	0.90884
7155	0.9049
7156	0.91117
7157	0.91134
7158	0.91317
7159	0.90923
7160	0.91101
7161	0.93189
7162	0.93395
7163	0.93098
7164	0.93288
7165	0.9332
7166	0.9344
7167	0.93628
7168	0.93569
7169	0.93465
7170	0.93652
7171	0.93408
7172	0.93693
7173	0.9397
7174	0.93748
7175	0.93804
7176	0.94108
7177	0.94335
7178	0.94219
7179	0.93987
7180	0.93881
7181	0.94748
7182	0.94639
7183	0.94727
7184	0.94567
7185	0.94682
7186	0.94855
7187	0.94988
7188	0.95116
7189	0.94921
7190	0.94923
7191	0.95089
7192	0.95282
7193	0.96003
7194	0.95885
7195	0.9569
7196	0.95799
7197	0.96058
7198	0.96276
7199	0.96671
7200	0.96838
7201	0.96739
7202	0.96839
7203	0.97062
7204	0.96917
7205	0.97023
7206	0.97159
7207	0.97382
7208	0.97254
7209	0.97669
7210	0.97641
7211	0.97865
7212	0.97717
7213	0.9766
7214	0.98299
7215	0.98333
7216	0.98582
7217	0.98423
7218	1.0435
7219	1.0414
7220	1.0395
7221	1.0405
7222	1.0476
7223	1.0453
7224	1.0449
7225	1.0475
7226	1.0434
7227	1.0652
7228	1.062
7229	1.065
7230	1.0624
7231	1.0718
7232	1.0755
7233	1.0745
7234	1.0715
7235	1.073
7236	1.1482
7237	1.1468
7238	1.1458
7239	0.93776
7240	0.93645
7241	0.93802
7242	0.93926
7243	0.93994
7244	0.94105
7245	0.93903
7246	0.82445
7247	0.82407
7248	0.82212
7249	0.82662
7250	0.82636
7251	0.82909
7252	0.82847
7253	0.83388
7254	0.8345
7255	0.83186
7256	0.84155
7257	0.8417
7258	0.8521
7259	0.8515
7260	0.84996
7261	0.85434
7262	0.85997
7263	0.85946
7264	0.86072
7265	0.86188
7266	0.86264
7267	0.86155
7268	0.87284
7269	0.8725
7270	0.87072
7271	0.87867
7272	0.87895
7273	0.89072
7274	0.89135
7275	0.90828
7276	0.91001
7277	0.91021
7278	0.90812
7279	0.91881
7280	0.9184
7281	0.91678
7282	0.91652
7283	0.94079
7284	0.9418
7285	0.94281
7286	0.94234
7287	0.94106
7288	0.93955
7289	0.94559
7290	0.94466
7291	0.94381
7292	0.94848
7293	0.94795
7294	0.94608
7295	0.9529
7296	0.94974
7297	0.9518
7298	0.9548
7299	0.9553
7300	0.95327
7301	0.95657
7302	0.9573
7303	0.95725
7304	0.95856
7305	0.95719
7306	0.95881
7307	0.95792
7308	0.95885
7309	0.96021
7310	0.9595
7311	0.96571
7312	0.96604
7313	0.96326
7314	0.96417
7315	0.96803
7316	0.96776
7317	0.97153
7318	0.9698
7319	0.972
7320	0.97029
7321	0.97066
7322	0.97177
7323	0.97397
7324	0.97805
7325	0.97762
7326	0.98491
7327	0.9826
7328	0.9876
7329	0.98825
7330	0.98972
7331	0.98709
7332	0.98888
7333	0.99262
7334	0.99122
7335	0.99096
7336	1.0485
7337	1.0508
7338	1.0518
7339	1.051
7340	1.0572
7341	1.0604
7342	1.0577
7343	1.06
7344	1.0926
7345	1.0896
7346	1.0919
7347	1.0965
7348	1.0952
7349	1.0933
7350	1.1
7351	1.097
7352	1.0992
7353	1.1005
7354	1.0999
7355	1.102
7356	1.1027
7357	1.1314
7358	1.1301
7359	1.1322
7360	1.1294
7361	1.142
7362	1.1399
7363	1.1407
7364	1.1386
7365	1.1454
7366	1.1442
7367	1.1485
7368	1.1493
7369	1.1507
7370	1.1517
7371	1.1727
7372	1.1762
7373	1.1748
7374	1.1741
7375	1.1782
7376	1.1767
7377	1.1801
7378	1.1784
7379	1.169
7380	1.1705
7381	1.1711
7382	1.1675
7383	1.1667
7384	1.1655
7385	1.1776
7386	1.1797
7387	1.0792
7388	1.077
7389	1.077
7390	1.0799
7391	1.0432
7392	1.0415
7393	1.0389
7394	0.92079
7395	0.91912
7396	0.92127
7397	0.97479
7398	0.97307
7399	0.97271
7400	0.97451
7401	0.80123
7402	0.79974
7403	0.79928
7404	0.80301
7405	0.93246
7406	0.93081
7407	0.93195
7408	0.96342
7409	0.96414
7410	0.96702
7411	0.96593
7412	0.92865
7413	0.93143
7414	0.92929
7415	0.93067
7416	0.93669
7417	0.93958
7418	0.93766
7419	0.90363
7420	0.90181
7421	0.90381
7422	0.90144
7423	1.0453
7424	1.0468
7425	1.0656
7426	1.068
7427	1.0682
7428	1.1477
7429	1.179
7430	1.1815
7431	1.18
7432	1.1812
7433	1.1827
7434	0.80176
7435	0.80114
7436	0.80345
7437	0.80679
7438	0.80593
7439	0.80835
7440	0.80574
7441	0.81592
7442	0.81377
7443	0.81555
7444	0.81349
7445	0.81858
7446	0.8167
7447	0.81586
7448	0.82115
7449	0.82269
7450	0.82116
7451	0.81912
7452	0.82385
7453	0.8238
7454	0.82508
7455	0.8255
7456	0.82229
7457	0.82435
7458	0.83086
7459	0.82901
7460	0.82904
7461	0.83135
7462	0.83306
7463	0.83291
7464	0.83045
7465	0.83792
7466	0.83587
7467	0.83537
7468	0.83715
7469	0.83906
7470	0.8381
7471	0.84073
7472	0.83992
7473	0.84437
7474	0.84361
7475	0.84567
7476	0.84623
7477	0.85121
7478	0.84961
7479	0.84876
7480	0.84869
7481	0.85367
7482	0.85586
7483	0.85406
7484	0.85192
7485	0.85796
7486	0.85814
7487	0.86
7488	0.85612
7489	0.85777
7490	0.86624
7491	0.8646
7492	0.86382
7493	0.86401
7494	0.86854
7495	0.87061
7496	0.8688
7497	0.86677
7498	0.87257
7499	0.87322
7500	0.87246
7501	0.8747
7502	0.8744
7503	0.87072
7504	0.87883
7505	0.87721
7506	0.87685
7507	0.87852
7508	0.88083
7509	0.88111
7510	0.88294
7511	0.87914
7512	0.8805
7513	0.88751
7514	0.88593
7515	0.88509
7516	0.88512
7517	0.88996
7518	0.89037
7519	0.8922
7520	0.89189
7521	0.88821
7522	0.89454
7523	0.89436
7524	0.89644
7525	0.90282
7526	0.90115
7527	0.90038
7528	0.90056
7529	0.90338
7530	0.90517
7531	0.9094
7532	0.91151
7533	0.90958
7534	0.90752
7535	0.90731
7536	0.91166
7537	0.91364
7538	0.92663
7539	0.92788
7540	0.92599
7541	0.92531
7542	0.92728
7543	0.92473
7544	0.92708
7545	0.92991
7546	0.92899
7547	0.93303
7548	0.93397
7549	0.93209
7550	0.93138
7551	0.93529
7552	0.93659
7553	0.93447
7554	0.93323
7555	0.93584
7556	0.93557
7557	0.9376
7558	0.93775
7559	0.93798
7560	0.94091
7561	0.93859
7562	0.93998
7563	0.94384
7564	0.942
7565	0.94307
7566	0.94499
7567	0.94458
7568	0.94583
7569	0.94363
7570	0.94281
7571	0.94504
7572	0.94659
7573	0.94558
7574	0.94519
7575	0.94728
7576	0.9473
7577	0.9462
7578	0.95034
7579	0.94968
7580	0.95227
7581	0.95154
7582	0.94849
7583	0.94894
7584	0.95522
7585	0.95482
7586	0.95718
7587	0.95787
7588	0.95593
7589	0.95771
7590	0.95857
7591	0.95973
7592	0.96137
7593	0.96209
7594	0.96018
7595	0.95983
7596	0.96153
7597	0.96023
7598	0.95979
7599	0.96085
7600	0.96377
7601	0.96193
7602	0.96488
7603	0.96311
7604	0.96557
7605	0.96581
7606	0.9667
7607	0.96495
7608	0.96748
7609	0.96409
7610	0.96769
7611	0.96586
7612	0.96873
7613	0.96687
7614	0.96953
7615	0.96966
7616	0.97084
7617	0.96894
7618	0.96857
7619	0.96785
7620	0.97062
7621	0.97258
7622	0.97223
7623	0.97492
7624	0.97435
7625	0.9706
7626	0.97012
7627	0.97307
7628	0.97462
7629	0.97646
7630	0.98076
7631	0.97897
7632	0.9783
7633	0.9811
7634	0.97914
7635	0.98103
7636	0.98307
7637	0.98926
7638	0.98676
7639	0.98744
7640	0.98585
7641	1.037
7642	1.0362
7643	1.0357
7644	1.0384
7645	1.043
7646	1.041
7647	1.0403
7648	1.0414
7649	1.0458
7650	1.0434
7651	1.0459
7652	1.0483
7653	1.0546
7654	1.052
7655	1.0551
7656	1.0526
7657	1.0566
7658	1.054
7659	1.059
7660	1.0614
7661	1.059
7662	1.0565
7663	1.0557
7664	1.0594
7665	1.0636
7666	1.066
7667	1.0635
7668	1.0655
7669	1.0609
7670	1.0643
7671	1.0688
7672	1.0713
7673	1.0688
7674	1.066
7675	1.0684
7676	1.0867
7677	1.0832
7678	1.0839
7679	1.0878
7680	1.0867
7681	1.0903
7682	1.0969
7683	1.0968
7684	1.0994
7685	1.0942
7686	1.0938
7687	1.1047
7688	1.103
7689	1.102
7690	1.1028
7691	1.1078
7692	1.1108
7693	1.1088
7694	1.1097
7695	1.1057
7696	1.1059
7697	1.1139
7698	1.1116
7699	1.1128
7700	1.1169
7701	1.1198
7702	1.1177
7703	1.1191
7704	1.1148
7705	1.116
7706	1.1205
7707	1.1226
7708	1.1219
7709	1.1391
7710	1.1403
7711	1.1382
7712	1.1372
7713	1.1378
7714	1.1435
7715	1.1412
7716	1.1469
7717	1.1501
7718	1.1483
7719	1.1452
7720	1.144
7721	1.1527
7722	1.151
7723	1.1524
7724	1.1536
7725	1.1537
7726	1.1553
7727	1.1646
7728	1.1622
7729	1.1633
7730	1.1613
7731	1.1922
7732	1.1929
7733	1.1915
7734	1.19
7735	0.92381
7736	0.9242
7737	0.92181
7738	0.92206
7739	0.92592
7740	0.9234
7741	0.93412
7742	0.93211
7743	0.93479
7744	0.94018
7745	0.93908
7746	0.93862
7747	0.9413
7748	0.94096
7749	0.94081
7750	0.9389
7751	0.9418
7752	0.94259
7753	0.94243
7754	0.94107
7755	0.94401
7756	0.94291
7757	0.94212
7758	0.4229
7759	0.42185
7760	0.4196
7761	0.42479
7762	0.44078
7763	0.43912
7764	0.43754
7765	0.43578
7766	0.4613
7767	0.45881
7768	0.45753
7769	0.46248
7770	0.47679
7771	0.47439
7772	0.47308
7773	0.47784
7774	0.55804
7775	0.55453
7776	0.55367
7777	0.55742
7778	0.59826
7779	0.59501
7780	0.59397
7781	0.5975
7782	0.60281
7783	0.59923
7784	0.60164
7785	0.64029
7786	0.63717
7787	0.63607
7788	0.63945
7789	0.64467
7790	0.64128
7791	0.6436
7792	0.68059
7793	0.67948
7794	0.68298
7795	0.78564
7796	0.78675
7797	0.7837
7798	0.78295
7799	0.79361
7800	0.79171
7801	0.79077
7802	0.79528
7803	0.8032
7804	0.79961
7805	0.80176
7806	0.80505
7807	0.80498
7808	0.80636
7809	0.81419
7810	0.8145
7811	0.81189
7812	0.81839
7813	0.81663
7814	0.81701
7815	0.81862
7816	0.82386
7817	0.8219
7818	0.82365
7819	0.82199
7820	0.82599
7821	0.82563
7822	0.82779
7823	0.82821
7824	0.83317
7825	0.83248
7826	0.83115
7827	0.83053
7828	0.83527
7829	0.83606
7830	0.8434
7831	0.84131
7832	0.84361
7833	0.85101
7834	0.85057
7835	0.84845
7836	0.85373
7837	0.85294
7838	0.85635
7839	0.85545
7840	0.85643
7841	0.86137
7842	0.86108
7843	0.85895
7844	0.86329
7845	0.86329
7846	0.86498
7847	0.86347
7848	0.86532
7849	0.87197
7850	0.87222
7851	0.87043
7852	0.87005
7853	0.87636
7854	0.87608
7855	0.87464
7856	0.8743
7857	0.87836
7858	0.87807
7859	0.88008
7860	0.88032
7861	0.89259
7862	0.89021
7863	0.8919
7864	0.89436
7865	0.89519
7866	0.89322
7867	0.90581
7868	0.90459
7869	0.90559
7870	0.90314
7871	0.90964
7872	0.90772
7873	0.90981
7874	0.90791
7875	0.91367
7876	0.91188
7877	0.91206
7878	0.9139
7879	0.9256
7880	0.92288
7881	0.92483
7882	0.92336
7883	0.94575
7884	0.94381
7885	0.9451
7886	0.94736
7887	0.94833
7888	0.94641
7889	0.94901
7890	0.9483
7891	0.94643
7892	0.95052
7893	0.94938
7894	0.951
7895	0.95173
7896	0.9521
7897	0.95238
7898	0.9538
7899	0.95314
7900	0.95272
7901	0.95394
7902	0.95372
7903	0.95452
7904	0.95497
7905	0.9558
7906	0.95579
7907	0.957
7908	0.95388
7909	0.9565
7910	0.95756
7911	0.95447
7912	0.9578
7913	0.95847
7914	0.95928
7915	0.95994
7916	0.96012
7917	0.96131
7918	0.96047
7919	0.96173
7920	0.96114
7921	0.96213
7922	0.9631
7923	0.96234
7924	0.97013
7925	0.96837
7926	0.9709
7927	0.96959
7928	0.97159
7929	0.9721
7930	0.96986
7931	0.9732
7932	0.9734
7933	0.97519
7934	0.9749
7935	0.97368
7936	0.976
7937	0.97397
7938	0.97281
7939	0.97501
7940	0.97814
7941	0.97628
7942	0.97835
7943	0.98019
7944	0.9805
7945	0.98251
7946	0.98203
7947	0.98164
7948	0.97977
7949	0.9873
7950	0.98724
7951	0.98516
7952	0.98553
7953	0.98724
7954	0.98734
7955	0.9852
7956	0.98903
7957	0.98959
7958	0.98888
7959	0.99213
7960	0.99259
7961	0.99037
7962	0.99161
7963	0.99086
7964	0.99115
7965	0.99325
7966	1.0436
7967	1.0395
7968	1.0429
7969	1.0473
7970	1.0465
7971	1.049
7972	1.0488
7973	1.0499
7974	1.0529
7975	1.0533
7976	1.0507
7977	1.0548
7978	1.0556
7979	1.0567
7980	1.0573
7981	1.054
7982	1.0588
7983	1.0593
7984	1.0561
7985	1.0614
7986	1.0609
7987	1.0582
7988	1.0632
7989	1.0628
7990	1.0658
7991	1.071
7992	1.0704
7993	1.0678
7994	1.0771
7995	1.0769
7996	1.0746
7997	1.0782
7998	1.0818
7999	1.0788
8000	1.0778
8001	1.0817
8002	1.0851
8003	1.0849
8004	1.0826
8005	1.0882
8006	1.0855
8007	1.0879
8008	1.0913
8009	1.0945
8010	1.0938
8011	1.1126
8012	1.1101
8013	1.1124
8014	1.1095
8015	1.1157
8016	1.115
8017	1.1135
8018	1.1119
8019	1.1192
8020	1.1185
8021	1.1171
8022	1.1327
8023	1.1334
8024	1.1307
8025	1.1429
8026	1.1416
8027	1.1394
8028	1.153
8029	1.1552
8030	1.154
8031	1.1563
8032	1.1695
8033	1.1661
8034	1.168
8035	1.175
8036	1.1731
8037	1.1818
8038	1.1816
8039	1.1836
8040	1.1929
8041	1.1948
8042	1.1908
8043	1.2095
8044	1.2069
8045	1.2047
8046	1.2074
8047	1.2439
8048	1.2419
8049	1.2443
8050	1.2464
8051	1.2971
8052	1.2924
8053	1.2946
8054	1.2946
8055	1.2991
8056	1.2992
8057	1.3015
8058	1.3169
8059	1.3175
8060	1.3196
8061	1.3151
8062	1.3497
8063	1.3472
8064	1.3446
8065	1.3481
8066	1.3461
8067	1.3522
8068	1.3526
8069	1.3544
8070	1.3824
8071	1.3848
8072	1.3844
8073	1.3869
8074	0.9396
8075	0.93772
8076	0.93684
8077	0.96857
8078	0.96693
8079	1.1682
8080	1.1664
8081	1.1652
8082	1.1698
8083	1.1719
8084	1.0741
8085	1.0709
8086	1.074
8087	1.0771
8088	1.0742
8089	1.08
8090	1.0769
8091	1.0801
8092	1.0361
8093	1.0367
8094	1.0327
8095	1.0348
8096	1.0369
8097	1.0391
8098	1.0345
8099	0.9291
8100	0.92846
8101	0.9274
8102	0.93024
8103	0.99442
8104	0.99526
8105	0.99353
8106	0.41401
8107	0.41149
8108	0.41115
8109	0.40884
8110	0.93564
8111	0.93512
8112	0.93716
8113	1.0348
8114	1.0342
8115	1.0809
8116	1.0797
8117	1.0828
8118	1.1765
8119	1.1754
8120	0.93577
8121	0.93637
8122	0.92998
8123	0.92789
8124	1.6874
8125	1.6855
8126	1.6853
8127	1.6833
8128	1.6769
8129	1.6792
8130	1.6748
8131	1.6769
8132	1.6676
8133	1.6677
8134	1.6652
8135	1.6701
8136	1.6496
8137	1.6523
8138	1.6513
8139	1.6547
8140	1.6476
8141	1.6467
8142	1.6449
8143	1.6334
8144	1.6327
8145	1.6355
8146	1.6308
8147	1.6239
8148	1.6232
8149	1.626
8150	1.6211
8151	1.5948
8152	1.5973
8153	1.5968
8154	1.5993
8155	1.5924
8156	1.592
8157	1.59
8158	1.5788
8159	1.5782
8160	1.5809
8161	1.5765
8162	1.5676
8163	1.5699
8164	1.5693
8165	1.572
8166	1.5631
8167	1.5655
8168	1.565
8169	1.5609
8170	1.5603
8171	1.5584
8172	1.5517
8173	1.5511
8174	1.5491
8175	1.5537
8176	1.5425
8177	1.5419
8178	1.5445
8179	1.5398
8180	1.5333
8181	1.5327
8182	1.5305
8183	1.5351
8184	1.5158
8185	1.5152
8186	1.5133
8187	1.5176
8188	1.5068
8189	1.5063
8190	1.5043
8191	1.5089
8192	1.4977
8193	1.4971
8194	1.4998
8195	1.4953
8196	1.4882
8197	1.4863
8198	1.4909
8199	1.489
8200	1.4614
8201	1.4607
8202	1.4588
8203	1.4633
8204	1.4495
8205	1.4521
8206	1.4516
8207	1.4542
8208	1.445
8209	1.4475
8210	1.4469
8211	1.4429
8212	1.4424
8213	1.4404
8214	1.427
8215	1.4292
8216	1.4288
8217	1.4314
8218	1.4249
8219	1.4243
8220	1.4224
8221	1.4158
8222	1.415
8223	1.4177
8224	1.4131
8225	1.3908
8226	1.3933
8227	1.3927
8228	1.3953
8229	1.3882
8230	1.3863
8231	1.3889
8232	1.3775
8233	1.3799
8234	1.3792
8235	1.3819
8236	1.3754
8237	1.3746
8238	1.3728
8239	1.3615
8240	1.361
8241	1.3636
8242	1.3592
8243	1.3496
8244	1.3517
8245	1.3546
8246	1.3448
8247	1.347
8248	1.3422
8249	1.3424
8250	1.3403
8251	1.3331
8252	1.3309
8253	1.3356
8254	1.3326
8255	1.3245
8256	1.3268
8257	1.3228
8258	1.3259
8259	1.301
8260	1.3026
8261	1.3053
8262	1.3034
8263	1.2981
8264	1.2965
8265	1.2896
8266	1.2888
8267	1.2869
8268	1.2918
8269	1.2801
8270	1.2794
8271	1.2821
8272	1.2774
8273	1.2707
8274	1.2702
8275	1.2681
8276	1.2727
8277	1.2615
8278	1.261
8279	1.259
8280	1.2635
8281	1.2413
8282	1.2432
8283	1.2458
8284	1.2367
8285	1.2392
8286	1.2386
8287	1.2322
8288	1.2346
8289	1.2341
8290	1.2276
8291	1.2254
8292	1.2247
8293	1.2228
8294	1.2301
8295	1.2295
8296	1.2115
8297	1.2109
8298	1.209
8299	1.2136
8300	1.1998
8301	1.2018
8302	1.2044
8303	1.2022
8304	1.1953
8305	1.1972
8306	1.1974
8307	1.1931
8308	1.1911
8309	1.1818
8310	1.1801
8311	1.1836
8312	1.175
8313	1.1767
8314	1.1733
8315	1.1491
8316	1.1509
8317	1.1493
8318	1.1516
8319	1.1465
8320	1.1483
8321	1.1481
8322	1.1455
8323	1.1449
8324	1.1435
8325	1.1395
8326	1.1375
8327	1.1405
8328	1.1383
8329	1.134
8330	1.132
8331	1.1348
8332	1.1231
8333	1.1216
8334	1.1208
8335	1.1238
8336	1.1172
8337	1.1148
8338	1.1177
8339	1.1013
8340	1.098
8341	1.1018
8342	1.0989
8343	1.0875
8344	1.0849
8345	1.0877
8346	1.0828
8347	1.0794
8348	1.0823
8349	1.0805
8350	1.0755
8351	1.0759
8352	1.0735
8353	1.073
8354	1.0708
8355	1.0705
8356	1.0684
8357	1.0619
8358	1.0644
8359	1.064
8360	1.0599
8361	1.0624
8362	1.0605
8363	1.0581
8364	1.0538
8365	1.0561
8366	1.056
8367	1.0543
8368	1.0512
8369	1.0521
8370	1.0425
8371	1.0455
8372	1.0458
8373	1.0397
8374	1.0427
8375	1.0403
8376	1.0366
8377	1.0301
8378	1.0349
8379	1.0314
8380	1.0336
8381	1.0107
8382	1.0094
8383	1.0057
8384	1.0071
8385	1.0029
8386	1.0016
8387	1.0066
8388	1.0051
8389	0.99944
8390	1.0043
8391	1.0009
8392	0.99821
8393	0.99318
8394	0.99557
8395	0.99683
8396	0.99672
8397	0.99302
8398	0.99511
8399	0.99776
8400	0.99756
8401	0.99608
8402	0.99269
8403	0.99324
8404	0.99362
8405	0.99164
8406	0.99093
8407	0.99434
8408	0.99355
8409	0.98913
8410	0.99099
8411	0.99042
8412	0.98833
8413	0.98975
8414	0.98784
8415	0.98944
8416	0.98828
8417	0.98868
8418	0.98667
8419	0.98613
8420	0.98507
8421	0.98434
8422	0.98343
8423	0.97895
8424	0.97803
8425	0.97706
8426	0.97622
8427	0.97754
8428	0.97638
8429	0.97471
8430	0.97599
8431	0.9774
8432	0.9751
8433	0.97676
8434	0.9739
8435	0.97566
8436	0.97286
8437	0.97459
8438	0.97229
8439	0.9734
8440	0.9722
8441	0.97099
8442	0.97374
8443	0.96781
8444	0.96958
8445	0.96894
8446	0.96686
8447	0.96655
8448	0.96838
8449	0.96879
8450	0.96589
8451	0.96515
8452	0.96704
8453	0.96439
8454	0.96592
8455	0.96409
8456	0.96291
8457	0.96452
8458	0.96339
8459	0.96375
8460	0.96409
8461	0.96196
8462	0.95952
8463	0.96136
8464	0.96061
8465	0.95876
8466	0.96052
8467	0.95745
8468	0.95661
8469	0.95574
8470	0.95662
8471	0.95536
8472	0.95551
8473	0.95504
8474	0.95351
8475	0.95485
8476	0.95072
8477	0.94997
8478	0.95158
8479	0.95241
8480	0.95002
8481	0.95164
8482	0.95072
8483	0.95107
8484	0.94902
8485	0.94852
8486	0.9467
8487	0.94775
8488	0.93401
8489	0.93401
8490	0.93164
8491	0.93202
8492	0.92858
8493	0.92757
8494	0.9268
8495	0.92957
8496	0.92163
8497	0.92318
8498	0.92218
8499	0.92413
8500	0.91944
8501	0.92104
8502	0.91983
8503	0.9174
8504	0.91902
8505	0.91769
8506	0.91541
8507	0.91705
8508	0.91564
8509	0.91345
8510	0.91512
8511	0.91148
8512	0.9132
8513	0.91165
8514	0.90954
8515	0.91127
8516	0.90784
8517	0.90948
8518	0.90762
8519	0.90682
8520	0.908
8521	0.9036
8522	0.90497
8523	0.9056
8524	0.90153
8525	0.90307
8526	0.90215
8527	0.89958
8528	0.90112
8529	0.89975
8530	0.89781
8531	0.89933
8532	0.89762
8533	0.89591
8534	0.89759
8535	0.89675
8536	0.89499
8537	0.89577
8538	0.89366
8539	0.88929
8540	0.89082
8541	0.88967
8542	0.89136
8543	0.88735
8544	0.88889
8545	0.88763
8546	0.88548
8547	0.88702
8548	0.88571
8549	0.88362
8550	0.88515
8551	0.88386
8552	0.88175
8553	0.88328
8554	0.88199
8555	0.8798
8556	0.88145
8557	0.87779
8558	0.87946
8559	0.8758
8560	0.87755
8561	0.87378
8562	0.87562
8563	0.87402
8564	0.87152
8565	0.87302
8566	0.87381
8567	0.86918
8568	0.87085
8569	0.86959
8570	0.867
8571	0.86879
8572	0.86733
8573	0.86498
8574	0.86674
8575	0.86299
8576	0.86492
8577	0.86227
8578	0.86307
8579	0.86068
8580	0.85662
8581	0.85825
8582	0.85847
8583	0.85466
8584	0.85641
8585	0.85249
8586	0.85441
8587	0.85008
8588	0.85169
8589	0.85249
8590	0.84761
8591	0.84942
8592	0.84797
8593	0.84537
8594	0.84727
8595	0.84557
8596	0.84328
8597	0.84526
8598	0.84112
8599	0.83903
8600	0.8407
8601	0.83874
8602	0.84271
8603	0.84346
8604	0.84119
8605	0.837
8606	0.83886
8607	0.83779
8608	0.83458
8609	0.83618
8610	0.83697
8611	0.83391
8612	0.83209
8613	0.81982
8614	0.81808
8615	0.82002
8616	0.8138
8617	0.81579
8618	0.81601
8619	0.81363
8620	0.81167
8621	0.81149
8622	0.80872
8623	0.80973
8624	0.8096
8625	0.80688
8626	0.80819
8627	0.79633
8628	0.79909
8629	0.79799
8630	0.80014
8631	0.79526
8632	0.7923
8633	0.78461
8634	0.78761
8635	0.78834
8636	0.78408
8637	0.781
8638	0.78192
8639	0.7733
8640	0.77658
8641	0.77732
8642	0.77454
8643	0.76911
8644	0.77242
8645	0.77009
8646	0.76573
8647	0.76833
8648	0.76507
8649	0.75796
8650	0.76044
8651	0.76112
8652	0.75709
8653	0.73636
8654	0.74029
8655	0.73642
8656	0.74037
8657	0.7132
8658	0.71561
8659	0.71733
8660	0.71244
8661	0.71675
8662	0.69249
8663	0.68895
8664	0.69175
8665	0.69326
8666	0.69602
8667	0.69674
8668	0.68976
8669	0.6909
8670	0.68647
8671	0.66736
8672	0.67008
8673	0.66684
8674	0.6701
8675	0.64892
8676	0.64549
8677	0.64828
8678	0.64949
8679	0.65237
8680	0.65284
8681	0.62546
8682	0.62846
8683	0.62482
8684	0.62852
8685	0.60723
8686	0.60373
8687	0.60662
8688	0.60776
8689	0.61059
8690	0.6111
8691	0.5864
8692	0.59022
8693	0.58658
8694	0.58981
8695	0.57186
8696	0.57553
8697	0.5755
8698	0.5719
8699	0.56469
8700	0.56843
8701	0.56827
8702	0.56446
8703	0.5621
8704	0.55837
8705	0.5612
8706	0.54538
8707	0.54867
8708	0.54987
8709	0.54897
8710	0.54547
8711	0.53487
8712	0.53819
8713	0.53821
8714	0.53482
8715	0.52784
8716	0.52732
8717	0.53119
8718	0.53127
8719	0.52261
8720	0.52653
8721	0.52617
8722	0.52278
8723	0.52096
8724	0.51656
8725	0.51733
8726	0.52004
8727	0.51177
8728	0.51078
8729	0.51514
8730	0.51438
8731	0.50911
8732	0.51275
8733	0.50828
8734	0.50534
8735	0.50998
8736	0.50634
8737	0.49856
8738	0.49696
8739	0.50067
8740	0.50183
8741	0.49602
8742	0.49498
8743	0.49993
8744	0.49253
8745	0.49138
8746	0.49604
8747	0.49714
8748	0.48822
8749	0.49278
8750	0.48946
8751	0.48061
8752	0.48519
8753	0.48166
8754	0.48428
8755	0.47087
8756	0.4755
8757	0.47202
8758	0.47433
8759	0.45455
8760	0.45927
8761	0.45801
8762	0.45599
8763	0.44685
8764	0.45179
8765	0.44869
8766	0.45015
8767	0.44369
8768	0.44839
8769	0.44546
8770	0.44709
8771	0.44567
8772	0.44398
8773	0.44234
8774	0.43551
8775	0.44013
8776	0.43901
8777	0.43719
8778	0.42934
8779	0.42609
8780	0.43098
8781	0.42798
8782	0.43231
8783	0.42736
8784	0.43029
8785	0.42177
8786	0.42676
8787	0.42464
8788	0.42367
8789	0.41951
8790	0.42192
8791	0.41669
8792	0.41943
8793	0.41899
8794	0.41684
8795	0.42207
8796	0.4223
8797	0.41785
8798	0.41558
8799	0.42073
8800	0.41732
8801	0.41484
8802	0.42008
8803	0.41687
8804	0.41968
8805	0.41464
8806	0.41651
8807	0.41627
8808	0.41903
8809	0.41401
8810	0.41896
8811	0.94691
8812	0.94585
8813	0.94509
8814	0.94386
8815	0.94537
8816	0.94408
8817	0.94342
8818	0.945
8819	0.94292
8820	0.94443
8821	0.94236
8822	0.94394
8823	0.94147
8824	0.94325
8825	0.9405
8826	0.94229
8827	0.93279
8828	0.93058
8829	0.93337
8830	0.9263
8831	0.92668
8832	0.92442
8833	0.92849
8834	1.6671
8835	1.6652
8836	1.6698
8837	1.6551
8838	1.6573
8839	1.6575
8840	1.6601
8841	1.6503
8842	1.6526
8843	1.6457
8844	1.6479
8845	1.641
8846	1.643
8847	1.6432
8848	1.6313
8849	1.6336
8850	1.6362
8851	1.6266
8852	1.6289
8853	1.6286
8854	1.6244
8855	1.6219
8856	1.6125
8857	1.6143
8858	1.6171
8859	1.6151
8860	1.6083
8861	1.6106
8862	1.6098
8863	1.6039
8864	1.6063
8865	1.6056
8866	1.5994
8867	1.6017
8868	1.6014
8869	1.5949
8870	1.5973
8871	1.5903
8872	1.5927
8873	1.5856
8874	1.5878
8875	1.5882
8876	1.5811
8877	1.5836
8878	1.5832
8879	1.5767
8880	1.5791
8881	1.5723
8882	1.5746
8883	1.5744
8884	1.5678
8885	1.5702
8886	1.5633
8887	1.5657
8888	1.5587
8889	1.5611
8890	1.5542
8891	1.5566
8892	1.5563
8893	1.5496
8894	1.5521
8895	1.545
8896	1.5474
8897	1.547
8898	1.5405
8899	1.5429
8900	1.536
8901	1.5384
8902	1.5379
8903	1.5315
8904	1.534
8905	1.5269
8906	1.5294
8907	1.5287
8908	1.5226
8909	1.5244
8910	1.5249
8911	1.5183
8912	1.5206
8913	1.5201
8914	1.5139
8915	1.5161
8916	1.5093
8917	1.5116
8918	1.5114
8919	1.5047
8920	1.5071
8921	1.5002
8922	1.5025
8923	1.5022
8924	1.4958
8925	1.498
8926	1.4936
8927	1.4934
8928	1.4914
8929	1.4823
8930	1.4843
8931	1.4846
8932	1.4869
8933	1.4776
8934	1.48
8935	1.4796
8936	1.4594
8937	1.4618
8938	1.4639
8939	1.4547
8940	1.4571
8941	1.4568
8942	1.4501
8943	1.4525
8944	1.4454
8945	1.4479
8946	1.4433
8947	1.4408
8948	1.4317
8949	1.4362
8950	1.4342
8951	1.4338
8952	1.4272
8953	1.4296
8954	1.4228
8955	1.4252
8956	1.414
8957	1.4164
8958	1.4184
8959	1.4094
8960	1.4119
8961	1.4113
8962	1.4073
8963	1.4051
8964	1.4069
8965	1.3959
8966	1.4005
8967	1.3983
8968	1.3979
8969	1.3938
8970	1.3914
8971	1.3778
8972	1.3802
8973	1.3732
8974	1.3756
8975	1.3687
8976	1.3707
8977	1.3711
8978	1.364
8979	1.3665
8980	1.3661
8981	1.3619
8982	1.3591
8983	1.3395
8984	1.3414
8985	1.3376
8986	1.3366
8987	1.3347
8988	1.2877
8989	1.2899
8990	1.2829
8991	1.2854
8992	1.285
8993	1.278
8994	1.2805
8995	1.2686
8996	1.2733
8997	1.2711
8998	1.264
8999	1.2665
9000	1.266
9001	1.2595
9002	1.262
9003	1.2372
9004	1.2396
9005	1.2325
9006	1.2349
9007	1.2279
9008	1.2304
9009	1.2257
9010	1.2234
9011	1.212
9012	1.2142
9013	1.1956
9014	1.1979
9015	1.1996
9016	1.1948
9017	1.1928
9018	1.1805
9019	1.1825
9020	1.1814
9021	1.1836
9022	1.1775
9023	1.1788
9024	1.1742
9025	1.1748
9026	1.176
9027	1.171
9028	1.1731
9029	1.172
9030	1.168
9031	1.169
9032	1.1654
9033	1.1662
9034	1.1629
9035	1.1636
9036	1.161
9037	1.1602
9038	1.1519
9039	1.1527
9040	1.1546
9041	1.1492
9042	1.15
9043	1.1465
9044	1.1474
9045	1.144
9046	1.1447
9047	1.1416
9048	1.1423
9049	1.1391
9050	1.1397
9051	1.1366
9052	1.137
9053	1.1341
9054	1.1348
9055	1.1358
9056	1.1313
9057	1.1319
9058	1.1325
9059	1.1289
9060	1.1294
9061	1.1313
9062	1.1265
9063	1.127
9064	1.1286
9065	1.1238
9066	1.1244
9067	1.1259
9068	1.1212
9069	1.1218
9070	1.1232
9071	1.1184
9072	1.1191
9073	1.1156
9074	1.1164
9075	1.1125
9076	1.1136
9077	1.1096
9078	1.1107
9079	1.1097
9080	1.1068
9081	1.1072
9082	1.104
9083	1.1045
9084	1.1018
9085	1.102
9086	1.0999
9087	1.1001
9088	1.0941
9089	1.094
9090	1.0964
9091	1.0916
9092	1.0915
9093	1.0862
9094	1.0863
9095	1.0887
9096	1.0839
9097	1.084
9098	1.0815
9099	1.0817
9100	1.0791
9101	1.0792
9102	1.0766
9103	1.0769
9104	1.074
9105	1.0736
9106	1.0745
9107	1.0711
9108	1.0714
9109	1.0684
9110	1.0686
9111	1.0677
9112	1.066
9113	1.0658
9114	1.0635
9115	1.0634
9116	1.0608
9117	1.0611
9118	1.0585
9119	1.0586
9120	1.0577
9121	1.0565
9122	1.056
9123	1.0546
9124	1.054
9125	1.0531
9126	1.0523
9127	1.0514
9128	1.0508
9129	1.0495
9130	1.0489
9131	1.0476
9132	1.0471
9133	1.05
9134	1.0456
9135	1.0452
9136	1.048
9137	1.0436
9138	1.0433
9139	1.0415
9140	1.0412
9141	1.0397
9142	1.0393
9143	1.0385
9144	1.0377
9145	1.0373
9146	1.0397
9147	1.0366
9148	1.0358
9149	1.0351
9150	1.038
9151	1.0345
9152	1.0336
9153	1.0335
9154	1.0325
9155	1.0324
9156	1.0314
9157	1.0312
9158	1.0295
9159	1.0318
9160	1.0299
9161	1.0281
9162	1.0285
9163	1.0269
9164	1.032
9165	1.0264
9166	1.025
9167	1.0243
9168	1.0227
9169	1.0278
9170	1.0221
9171	1.0207
9172	1.0257
9173	1.0198
9174	1.0184
9175	1.0232
9176	1.0175
9177	1.0162
9178	1.0211
9179	1.0153
9180	1.0137
9181	1.0188
9182	1.013
9183	1.0118
9184	1.0168
9185	1.0108
9186	1.0095
9187	1.0143
9188	1.0088
9189	1.0075
9190	1.0124
9191	1.0068
9192	1.0053
9193	1.0102
9194	1.0083
9195	1.0046
9196	1.0034
9197	1.0001
9198	0.99849
9199	1.0022
9200	1.0036
9201	0.99816
9202	0.99682
9203	0.9961
9204	0.9947
9205	0.99405
9206	0.99278
9207	0.99759
9208	0.99179
9209	0.99067
9210	0.99544
9211	0.98448
9212	0.98461
9213	0.98836
9214	0.98153
9215	0.98154
9216	0.98356
9217	0.97924
9218	0.97908
9219	0.97758
9220	0.97713
9221	0.97641
9222	0.97573
9223	0.97538
9224	0.97464
9225	0.97725
9226	0.9742
9227	0.97362
9228	0.97604
9229	0.9729
9230	0.9724
9231	0.97188
9232	0.97118
9233	0.97166
9234	0.97036
9235	0.97043
9236	0.97134
9237	0.97346
9238	0.96912
9239	0.96835
9240	0.97024
9241	0.96822
9242	0.96739
9243	0.96743
9244	0.96651
9245	0.96676
9246	0.96576
9247	0.96599
9248	0.96509
9249	0.96505
9250	0.96419
9251	0.96411
9252	0.96326
9253	0.96231
9254	0.96323
9255	0.96149
9256	0.96127
9257	0.96054
9258	0.96003
9259	0.95947
9260	0.95899
9261	0.95825
9262	0.95869
9263	0.95745
9264	0.95848
9265	0.95732
9266	0.95676
9267	0.9578
9268	0.95582
9269	0.95493
9270	0.95684
9271	0.95472
9272	0.954
9273	0.95668
9274	0.9537
9275	0.95284
9276	0.95298
9277	0.95201
9278	0.95218
9279	0.95133
9280	0.95409
9281	0.9497
9282	0.95138
9283	0.95065
9284	0.95249
9285	0.94887
9286	0.9498
9287	0.94802
9288	0.95072
9289	0.94783
9290	0.94709
9291	0.94667
9292	0.94605
9293	0.94542
9294	0.9449
9295	0.94711
9296	0.94439
9297	0.94374
9298	0.94381
9299	0.94292
9300	0.94246
9301	0.94362
9302	0.94483
9303	0.94283
9304	0.9419
9305	0.94348
9306	0.94186
9307	0.94094
9308	0.94098
9309	0.94007
9310	0.94019
9311	0.9392
9312	0.93939
9313	0.93848
9314	0.94126
9315	0.9385
9316	0.93762
9317	0.94041
9318	0.93676
9319	0.93742
9320	0.93942
9321	0.93404
9322	0.93401
9323	0.93587
9324	0.93352
9325	0.93216
9326	0.93238
9327	0.93417
9328	0.93266
9329	0.93293
9330	0.93419
9331	0.93622
9332	0.93241
9333	0.93345
9334	0.93149
9335	0.93135
9336	0.93048
9337	0.93043
9338	0.92951
9339	0.92972
9340	0.92871
9341	0.92805
9342	0.92778
9343	0.92675
9344	0.92961
9345	0.92704
9346	0.92602
9347	0.92887
9348	0.92618
9349	0.92529
9350	0.92809
9351	0.92519
9352	0.92437
9353	0.92409
9354	0.92342
9355	0.92229
9356	0.92281
9357	0.91978
9358	0.91961
9359	0.92139
9360	0.91793
9361	0.91791
9362	0.92003
9363	0.9159
9364	0.91595
9365	0.91799
9366	0.91384
9367	0.91394
9368	0.91587
9369	0.91179
9370	0.9119
9371	0.91377
9372	0.90974
9373	0.90988
9374	0.9077
9375	0.90788
9376	0.90587
9377	0.90567
9378	0.90171
9379	0.90368
9380	0.90195
9381	0.9
9382	0.89996
9383	0.89465
9384	0.89477
9385	0.89658
9386	0.89656
9387	0.89269
9388	0.89286
9389	0.8909
9390	0.89067
9391	0.8925
9392	0.88662
9393	0.88862
9394	0.88693
9395	0.88482
9396	0.88499
9397	0.88325
9398	0.88315
9399	0.87942
9400	0.87964
9401	0.88135
9402	0.87752
9403	0.87776
9404	0.87564
9405	0.8759
9406	0.87214
9407	0.87225
9408	0.8738
9409	0.87061
9410	0.87064
9411	0.86891
9412	0.869
9413	0.86513
9414	0.86703
9415	0.86532
9416	0.86346
9417	0.86342
9418	0.85824
9419	0.86013
9420	0.85834
9421	0.86011
9422	0.8563
9423	0.85645
9424	0.85432
9425	0.85452
9426	0.85032
9427	0.85231
9428	0.85061
9429	0.84849
9430	0.84869
9431	0.84674
9432	0.84692
9433	0.84481
9434	0.84511
9435	0.84667
9436	0.84258
9437	0.84312
9438	0.84014
9439	0.84094
9440	0.84181
9441	0.83794
9442	0.83796
9443	0.83881
9444	0.83606
9445	0.83621
9446	0.83409
9447	0.8344
9448	0.83203
9449	0.83359
9450	0.83242
9451	0.83003
9452	0.83046
9453	0.82828
9454	0.82853
9455	0.82913
9456	0.82688
9457	0.82689
9458	0.82837
9459	0.82548
9460	0.82547
9461	0.82714
9462	0.82224
9463	0.82387
9464	0.82223
9465	0.82076
9466	0.82063
9467	0.81914
9468	0.81914
9469	0.81544
9470	0.81547
9471	0.81725
9472	0.81371
9473	0.81373
9474	0.81181
9475	0.81196
9476	0.80766
9477	0.80801
9478	0.80973
9479	0.80922
9480	0.80579
9481	0.80607
9482	0.80403
9483	0.80427
9484	0.80009
9485	0.80215
9486	0.80055
9487	0.79787
9488	0.79852
9489	0.79946
9490	0.79662
9491	0.79645
9492	0.79568
9493	0.79489
9494	0.79493
9495	0.79755
9496	0.79821
9497	0.79419
9498	0.7922
9499	0.79117
9500	0.79282
9501	0.79685
9502	0.79639
9503	0.78841
9504	0.7898
9505	0.78746
9506	0.78441
9507	0.78587
9508	0.78434
9509	0.78946
9510	0.78092
9511	0.78075
9512	0.76994
9513	0.77025
9514	0.77255
9515	0.77332
9516	0.76248
9517	0.76282
9518	0.76672
9519	0.75866
9520	0.75889
9521	0.76181
9522	0.75461
9523	0.75507
9524	0.75059
9525	0.75092
9526	0.75373
9527	0.74675
9528	0.74716
9529	0.74997
9530	0.74274
9531	0.74333
9532	0.74587
9533	0.73909
9534	0.73926
9535	0.74152
9536	0.73588
9537	0.73579
9538	0.7399
9539	0.73225
9540	0.73247
9541	0.72856
9542	0.72846
9543	0.7323
9544	0.72501
9545	0.72494
9546	0.72879
9547	0.72113
9548	0.72131
9549	0.72496
9550	0.71736
9551	0.72092
9552	0.71738
9553	0.71361
9554	0.71378
9555	0.71716
9556	0.70958
9557	0.71006
9558	0.70571
9559	0.70584
9560	0.70881
9561	0.70191
9562	0.70214
9563	0.70506
9564	0.69785
9565	0.69822
9566	0.70122
9567	0.69384
9568	0.69421
9569	0.69731
9570	0.68973
9571	0.69031
9572	0.68565
9573	0.68615
9574	0.68161
9575	0.68228
9576	0.67833
9577	0.67705
9578	0.67594
9579	0.67872
9580	0.67557
9581	0.66488
9582	0.6649
9583	0.66818
9584	0.66119
9585	0.66143
9586	0.66436
9587	0.65752
9588	0.65752
9589	0.66041
9590	0.65388
9591	0.65411
9592	0.65723
9593	0.64996
9594	0.65331
9595	0.65021
9596	0.64606
9597	0.64657
9598	0.64211
9599	0.64257
9600	0.63817
9601	0.63868
9602	0.63387
9603	0.63499
9604	0.63276
9605	0.63537
9606	0.63206
9607	0.6222
9608	0.62229
9609	0.62542
9610	0.61893
9611	0.61886
9612	0.62155
9613	0.61564
9614	0.61547
9615	0.61852
9616	0.61208
9617	0.61219
9618	0.61517
9619	0.60824
9620	0.61158
9621	0.6084
9622	0.60426
9623	0.60464
9624	0.60015
9625	0.60078
9626	0.59597
9627	0.59671
9628	0.59148
9629	0.59281
9630	0.58962
9631	0.59044
9632	0.59336
9633	0.58602
9634	0.58515
9635	0.58943
9636	0.58651
9637	0.58301
9638	0.58234
9639	0.57937
9640	0.57911
9641	0.58319
9642	0.57546
9643	0.57927
9644	0.5752
9645	0.57178
9646	0.57171
9647	0.57542
9648	0.56829
9649	0.56811
9650	0.56476
9651	0.56496
9652	0.56834
9653	0.56133
9654	0.56082
9655	0.55057
9656	0.55121
9657	0.55486
9658	0.54462
9659	0.54393
9660	0.54778
9661	0.54821
9662	0.54153
9663	0.54105
9664	0.53813
9665	0.53771
9666	0.54162
9667	0.53481
9668	0.53441
9669	0.53814
9670	0.53145
9671	0.53124
9672	0.52796
9673	0.52789
9674	0.53139
9675	0.52443
9676	0.52454
9677	0.52391
9678	0.52029
9679	0.5212
9680	0.523
9681	0.52656
9682	0.51884
9683	0.51938
9684	0.51434
9685	0.51585
9686	0.51553
9687	0.51901
9688	0.50992
9689	0.50904
9690	0.51275
9691	0.51353
9692	0.50628
9693	0.50728
9694	0.50165
9695	0.50073
9696	0.5045
9697	0.49875
9698	0.50266
9699	0.49817
9700	0.49583
9701	0.49515
9702	0.49955
9703	0.49336
9704	0.49237
9705	0.49033
9706	0.49015
9707	0.48706
9708	0.48661
9709	0.48543
9710	0.48448
9711	0.48321
9712	0.48193
9713	0.48074
9714	0.48573
9715	0.47942
9716	0.47812
9717	0.4831
9718	0.4758
9719	0.47234
9720	0.47111
9721	0.47571
9722	0.46999
9723	0.46878
9724	0.47346
9725	0.46769
9726	0.46639
9727	0.46557
9728	0.46432
9729	0.46885
9730	0.4636
9731	0.46219
9732	0.46685
9733	0.46028
9734	0.46517
9735	0.45677
9736	0.45538
9737	0.46015
9738	0.45495
9739	0.45343
9740	0.45832
9741	0.4531
9742	0.45162
9743	0.45656
9744	0.44967
9745	0.45107
9746	0.44522
9747	0.44366
9748	0.44708
9749	0.44853
9750	0.44364
9751	0.44198
9752	0.44208
9753	0.44035
9754	0.44549
9755	0.44056
9756	0.43871
9757	0.43725
9758	0.44233
9759	0.43911
9760	0.43592
9761	0.43402
9762	0.43246
9763	0.43415
9764	0.43068
9765	0.43206
9766	0.42934
9767	0.43415
9768	0.43481
9769	0.43098
9770	0.42931
9771	0.43048
9772	0.42877
9773	0.42525
9774	0.42742
9775	0.4241
9776	0.42084
9777	0.42379
9778	0.42064
9779	0.41875
9780	0.41869
9781	0.41959
9782	0.41681
9783	0.4176
9784	0.41557
9785	0.4206
9786	0.41668
9787	0.41444
9788	0.41945
9789	0.41463
9790	0.41246
9791	0.41724
9792	0.41557
9793	0.41438
9794	0.41179
9795	0.41698
9796	0.41424
9797	0.417
9798	0.41171
9799	0.41341
9800	0.4112
9801	0.414
9802	0.41256
9803	0.4101
9804	0.40964
9805	0.41215
9806	0.40875
9807	0.41178
9808	1.6894
9809	1.6911
9810	1.6897
9811	0.41588
9812	0.41344
9813	0.41875
9814	0.92686
9815	0.92698
9816	0.92441
9817	0.92457
9818	0.41823
9819	0.41556
9820	0.41304
9821	0.40812
9822	0.40579
9823	0.40532
9824	0.40291
9825	0.41059
9826	1.6853
9827	1.6834
9828	1.6878
9829	0.94148
9830	0.93863
9831	0.93975
9832	0.92946
9833	0.92917
9834	0.92668
9835	0.40609
9836	0.40635
9837	0.40351
9838	0.40365
9839	0.40686
9840	0.40716
9841	0.40441
9842	0.40403
9843	0.40939
9844	0.40788
9845	0.40865
9846	0.40567
9847	0.4047
9848	0.40618
9849	0.41146
9850	0.40892
9851	0.40961
9852	0.41059
9853	0.40749
9854	0.40652
9855	0.40911
9856	0.40862
9857	0.41371
9858	0.41146
9859	0.41039
9860	0.4124
9861	0.41368
9862	0.41221
9863	0.41737
9864	0.41547
9865	0.41457
9866	0.41411
9867	0.41649
9868	0.41753
9869	0.41672
9870	0.42206
9871	0.41984
9872	0.41879
9873	0.41925
9874	0.42101
9875	0.42214
9876	0.42432
9877	0.42151
9878	0.42684
9879	0.42517
9880	0.4233
9881	0.42427
9882	0.42657
9883	0.42754
9884	0.42729
9885	0.43252
9886	0.43062
9887	0.42904
9888	0.4339
9889	0.43539
9890	0.43215
9891	0.43065
9892	0.43225
9893	0.43697
9894	0.43535
9895	0.43868
9896	0.43356
9897	0.4423
9898	0.43888
9899	0.44041
9900	0.44416
9901	0.44265
9902	0.44611
9903	0.44751
9904	0.44098
9905	0.44573
9906	0.45009
9907	0.44676
9908	0.44819
9909	0.45203
9910	0.45068
9911	0.45411
9912	0.44883
9913	0.45886
9914	0.45547
9915	0.45651
9916	0.46093
9917	0.45954
9918	0.46301
9919	0.45741
9920	0.46754
9921	0.46392
9922	0.46517
9923	0.46979
9924	0.46837
9925	0.47209
9926	0.46631
9927	0.47692
9928	0.47323
9929	0.47448
9930	0.47582
9931	0.47946
9932	0.48364
9933	0.48644
9934	0.48287
9935	0.48027
9936	0.48156
9937	0.48916
9938	0.48814
9939	0.49169
9940	0.48576
9941	0.49625
9942	0.50001
9943	0.49724
9944	0.50539
9945	0.50466
9946	0.50815
9947	0.50178
9948	0.50278
9949	0.51333
9950	0.50972
9951	0.51067
9952	0.51639
9953	0.51886
9954	0.51573
9955	0.51275
9956	0.5213
9957	0.52447
9958	0.52097
9959	0.51791
9960	0.52769
9961	0.53085
9962	0.52727
9963	0.52425
9964	0.534
9965	0.53723
9966	0.53346
9967	0.53047
9968	0.54035
9969	0.53957
9970	0.5434
9971	0.53668
9972	0.54971
9973	0.546
9974	0.5466
9975	0.55237
9976	0.55155
9977	0.55492
9978	0.55613
9979	0.549
9980	0.56153
9981	0.55792
9982	0.55801
9983	0.56478
9984	0.56804
9985	0.56442
9986	0.56136
9987	0.56798
9988	0.57145
9989	0.57486
9990	0.57494
9991	0.57844
9992	0.58111
9993	0.58423
9994	0.58146
9995	0.5873
9996	0.58733
9997	0.5904
9998	0.59377
9999	0.59734
10000	0.59355
10001	0.60119
10002	0.60116
10003	0.6048
10004	0.60842
10005	0.61202
10006	0.60852
10007	0.61529
10008	0.6154
10009	0.61895
10010	0.62237
10011	0.62597
10012	0.62253
10013	0.62566
10014	0.62967
10015	0.62956
10016	0.63266
10017	0.63568
10018	0.63915
10019	0.63551
10020	0.64331
10021	0.64308
10022	0.64682
10023	0.65071
10024	0.65411
10025	0.65044
10026	0.65799
10027	0.65777
10028	0.66145
10029	0.66517
10030	0.66906
10031	0.66507
10032	0.66836
10033	0.67588
10034	0.679
10035	0.67559
10036	0.67267
10037	0.67292
10038	0.68277
10039	0.68673
10040	0.68317
10041	0.6793
10042	0.68721
10043	0.69069
10044	0.6948
10045	0.69846
10046	0.69459
10047	0.70231
10048	0.70228
10049	0.70633
10050	0.71017
10051	0.7138
10052	0.71023
10053	0.71765
10054	0.71756
10055	0.72124
10056	0.72495
10057	0.72869
10058	0.72485
10059	0.73252
10060	0.73238
10061	0.73596
10062	0.74023
10063	0.74375
10064	0.73985
10065	0.74783
10066	0.7475
10067	0.75138
10068	0.75923
10069	0.76314
10070	0.75945
10071	0.75546
10072	0.7553
10073	0.76674
10074	0.7702
10075	0.76663
10076	0.76327
10077	0.76704
10078	0.77388
10079	0.77754
10080	0.77418
10081	0.77737
10082	0.77009
10083	0.77357
10084	0.77779
10085	0.78085
10086	0.78426
10087	0.78727
10088	0.78393
10089	0.79224
10090	0.79398
10091	0.79224
10092	0.79003
10093	0.7901
10094	0.79539
10095	0.7971
10096	0.7955
10097	0.7938
10098	0.79739
10099	0.79898
10100	0.80112
10101	0.80248
10102	0.80272
10103	0.80087
10104	0.80642
10105	0.80828
10106	0.80658
10107	0.80475
10108	0.80455
10109	0.80842
10110	0.81
10111	0.81016
10112	0.81557
10113	0.81382
10114	0.81376
10115	0.81562
10116	0.81735
10117	0.81735
10118	0.819
10119	0.81902
10120	0.82063
10121	0.82237
10122	0.82392
10123	0.82391
10124	0.82228
10125	0.82715
10126	0.82896
10127	0.82741
10128	0.82565
10129	0.82549
10130	0.82927
10131	0.83085
10132	0.83295
10133	0.83455
10134	0.83272
10135	0.83638
10136	0.83787
10137	0.83623
10138	0.83991
10139	0.83961
10140	0.84148
10141	0.84529
10142	0.84713
10143	0.84551
10144	0.84368
10145	0.84342
10146	0.84734
10147	0.84899
10148	0.85108
10149	0.85258
10150	0.85088
10151	0.85278
10152	0.8548
10153	0.85654
10154	0.85467
10155	0.86012
10156	0.86185
10157	0.86018
10158	0.86181
10159	0.85843
10160	0.86016
10161	0.85837
10162	0.86196
10163	0.86365
10164	0.86561
10165	0.86719
10166	0.86729
10167	0.86548
10168	0.86914
10169	0.87075
10170	0.86903
10171	0.87269
10172	0.87251
10173	0.87406
10174	0.87431
10175	0.87634
10176	0.87798
10177	0.87614
10178	0.87998
10179	0.8798
10180	0.88161
10181	0.88151
10182	0.88363
10183	0.88343
10184	0.8853
10185	0.88913
10186	0.89107
10187	0.88933
10188	0.88741
10189	0.8889
10190	0.88721
10191	0.89297
10192	0.89482
10193	0.8931
10194	0.89123
10195	0.89659
10196	0.89837
10197	0.89669
10198	0.89832
10199	0.89491
10200	0.89663
10201	0.89852
10202	0.90025
10203	0.90231
10204	0.90408
10205	0.90388
10206	0.90215
10207	0.90802
10208	0.91
10209	0.90815
10210	0.9062
10211	0.90605
10212	0.91011
10213	0.912
10214	0.91402
10215	0.91398
10216	0.91592
10217	0.91928
10218	0.92054
10219	0.91892
10220	0.92107
10221	0.91761
10222	0.91773
10223	0.92162
10224	0.92259
10225	0.92088
10226	0.91993
10227	0.92348
10228	0.92428
10229	0.92255
10230	0.92173
10231	0.92327
10232	0.925
10233	0.92465
10234	0.92636
10235	0.92569
10236	0.92605
10237	0.92704
10238	0.92779
10239	0.92769
10240	0.92956
10241	0.92864
10242	0.93114
10243	0.93141
10244	0.92995
10245	0.92936
10246	0.9324
10247	0.93044
10248	0.93129
10249	0.93141
10250	0.93021
10251	0.93013
10252	0.93235
10253	0.93372
10254	0.93199
10255	0.93077
10256	0.93491
10257	0.93587
10258	0.93415
10259	0.93315
10260	0.93558
10261	0.93498
10262	0.93671
10263	0.93654
10264	0.93829
10265	0.93749
10266	0.9382
10267	0.94
10268	0.93914
10269	0.93959
10270	0.94109
10271	0.94066
10272	0.94225
10273	0.94073
10274	0.94156
10275	0.94226
10276	0.94257
10277	0.94428
10278	0.94322
10279	0.94449
10280	0.9453
10281	0.94624
10282	0.94618
10283	0.94792
10284	0.94887
10285	0.94709
10286	0.9478
10287	0.94872
10288	0.95041
10289	0.94955
10290	0.95115
10291	0.95212
10292	0.9503
10293	0.94943
10294	0.95035
10295	0.9531
10296	0.95401
10297	0.95219
10298	0.9513
10299	0.95489
10300	0.9556
10301	0.95391
10302	0.95309
10303	0.95592
10304	0.95458
10305	0.95608
10306	0.95769
10307	0.95875
10308	0.95699
10309	0.95596
10310	0.9567
10311	0.95797
10312	0.95972
10313	0.95974
10314	0.96235
10315	0.9615
10316	0.96061
10317	0.96153
10318	0.9624
10319	0.96329
10320	0.96317
10321	0.96409
10322	0.96484
10323	0.96662
10324	0.96763
10325	0.96582
10326	0.96487
10327	0.96568
10328	0.96682
10329	0.96861
10330	0.96952
10331	0.96808
10332	0.96913
10333	0.96966
10334	0.97003
10335	0.97182
10336	0.97067
10337	0.97211
10338	0.97396
10339	0.97289
10340	0.97697
10341	0.97909
10342	0.97648
10343	0.97469
10344	0.97528
10345	0.98168
10346	0.98112
10347	0.98471
10348	0.97862
10349	0.98813
10350	0.99137
10351	0.98939
10352	0.99517
10353	0.99719
10354	0.9937
10355	0.99217
10356	0.99335
10357	0.996
10358	1.0009
10359	0.99966
10360	1.004
10361	1.0062
10362	1.0027
10363	1.0005
10364	1.0019
10365	1.0083
10366	1.0103
10367	1.0069
10368	1.0048
10369	1.0089
10370	1.0125
10371	1.017
10372	1.0191
10373	1.0157
10374	1.0134
10375	1.0148
10376	1.0176
10377	1.0212
10378	1.0221
10379	1.0234
10380	1.025
10381	1.0274
10382	1.0282
10383	1.0259
10384	1.0298
10385	1.0249
10386	1.0264
10387	1.027
10388	1.0302
10389	1.0292
10390	1.0295
10391	1.0316
10392	1.0304
10393	1.0323
10394	1.033
10395	1.0344
10396	1.0372
10397	1.039
10398	1.0367
10399	1.0351
10400	1.0358
10401	1.0386
10402	1.0409
10403	1.0447
10404	1.0428
10405	1.0422
10406	1.0482
10407	1.05
10408	1.0476
10409	1.0458
10410	1.0465
10411	1.0494
10412	1.0517
10413	1.0552
10414	1.0535
10415	1.053
10416	1.0565
10417	1.0569
10418	1.0588
10419	1.0607
10420	1.061
10421	1.0632
10422	1.0669
10423	1.0689
10424	1.0666
10425	1.0647
10426	1.0652
10427	1.071
10428	1.0729
10429	1.0708
10430	1.0688
10431	1.0749
10432	1.0771
10433	1.0749
10434	1.0727
10435	1.0794
10436	1.0817
10437	1.0795
10438	1.0771
10439	1.0818
10440	1.0841
10441	1.0891
10442	1.0915
10443	1.0892
10444	1.0867
10445	1.0866
10446	1.089
10447	1.0938
10448	1.0959
10449	1.0937
10450	1.0962
10451	1.0915
10452	1.0979
10453	1.1001
10454	1.098
10455	1.0958
10456	1.0981
10457	1.1025
10458	1.105
10459	1.1028
10460	1.1004
10461	1.1054
10462	1.1074
10463	1.1118
10464	1.1144
10465	1.1124
10466	1.1099
10467	1.1096
10468	1.1171
10469	1.1197
10470	1.1177
10471	1.115
10472	1.1203
10473	1.1223
10474	1.1255
10475	1.1249
10476	1.1275
10477	1.1327
10478	1.1352
10479	1.1333
10480	1.1306
10481	1.13
10482	1.1358
10483	1.1377
10484	1.141
10485	1.1403
10486	1.1429
10487	1.1464
10488	1.1482
10489	1.1456
10490	1.1517
10491	1.1509
10492	1.1536
10493	1.1572
10494	1.1591
10495	1.1563
10496	1.1582
10497	1.1644
10498	1.1671
10499	1.1652
10500	1.1625
10501	1.1617
10502	1.168
10503	1.1699
10504	1.1733
10505	1.1726
10506	1.1749
10507	1.1782
10508	1.1796
10509	1.1773
10510	1.183
10511	1.1819
10512	1.1843
10513	1.1886
10514	1.1903
10515	1.1871
10516	1.1884
10517	1.1971
10518	1.201
10519	1.1992
10520	1.1955
10521	1.1936
10522	1.2035
10523	1.2027
10524	1.2054
10525	1.2126
10526	1.2145
10527	1.21
10528	1.2216
10529	1.2236
10530	1.219
10531	1.2212
10532	1.2328
10533	1.2374
10534	1.2352
10535	1.2306
10536	1.2281
10537	1.2398
10538	1.242
10539	1.2489
10540	1.2465
10541	1.251
10542	1.2486
10543	1.2581
10544	1.2555
10545	1.2575
10546	1.2601
10547	1.2671
10548	1.2645
10549	1.2691
10550	1.2761
10551	1.2757
10552	1.2782
10553	1.2736
10554	1.2854
10555	1.2876
10556	1.2829
10557	1.2944
10558	1.2922
10559	1.2967
10560	1.306
10561	1.3106
10562	1.3083
10563	1.3082
10564	1.3037
10565	1.3014
10566	1.3037
10567	1.3128
10568	1.3153
10569	1.3128
10570	1.322
10571	1.3199
10572	1.3219
10573	1.3244
10574	1.3312
10575	1.3338
10576	1.3318
10577	1.3291
10578	1.3405
10579	1.343
10580	1.3385
10581	1.351
10582	1.3553
10583	1.3532
10584	1.3491
10585	1.347
10586	1.3598
10587	1.3644
10588	1.3622
10589	1.3579
10590	1.3571
10591	1.3668
10592	1.369
10593	1.3758
10594	1.3735
10595	1.3781
10596	1.3849
10597	1.3872
10598	1.3826
10599	1.3941
10600	1.3918
10601	1.3962
10602	1.4052
10603	1.4098
10604	1.4076
10605	1.4031
10606	1.4029
10607	1.4007
10608	1.4121
10609	1.4143
10610	1.43
10611	1.4322
10612	1.4276
10613	1.4391
10614	1.4412
10615	1.4387
10616	1.4367
10617	1.4481
10618	1.4503
10619	1.4458
10620	1.4573
10621	1.4549
10622	1.4595
10623	1.4664
10624	1.4686
10625	1.4641
10626	1.4662
10627	1.4958
10628	1.5003
10629	1.4981
10630	1.4937
10631	1.4914
10632	1.5027
10633	1.5048
10634	1.5117
10635	1.5093
10636	1.5139
10637	1.5208
10638	1.5185
10639	1.523
10640	1.5319
10641	1.5364
10642	1.5342
10643	1.5297
10644	1.5274
10645	1.5409
10646	1.5454
10647	1.5433
10648	1.5387
10649	1.5499
10650	1.5544
10651	1.5523
10652	1.5477
10653	1.5568
10654	1.559
10655	1.5658
10656	1.568
10657	1.5635
10658	1.5749
10659	1.5771
10660	1.5725
10661	1.584
10662	1.5816
10663	1.5861
10664	1.5951
10665	1.5996
10666	1.5974
10667	1.5929
10668	1.5906
10669	1.6019
10670	1.6041
10671	1.6111
10672	1.6086
10673	1.6132
10674	1.6201
10675	1.6222
10676	1.6197
10677	1.6177
10678	1.6295
10679	1.6313
10680	1.6267
10681	1.6477
10682	1.6502
10683	1.6454
10684	1.6595
10685	1.6642
10686	1.6616
10687	1.6623
10688	1.657
10689	1.6548
10690	1.6663
10691	1.6689
10692	1.6754
10693	1.678
10694	1.6762
10695	1.6734
10696	1.6845
10697	1.6826
10698	1.6871
10699	0.4211
10700	0.42075
10701	0.42348
10702	0.40519
10703	0.40253
10704	0.4078
10705	1.6998
10706	1.6976
10707	1.6958
10708	1.6992
10709	0.4129
10710	0.40778
10711	0.41037
10712	0.4102
10713	0.41809
10714	0.4153
10715	0.92886
10716	0.92931
10717	0.92687
10718	0.93116
10719	0.94113
10720	0.94076
10721	0.93869
10722	0.93969
10723	0.42149
10724	0.42392
10725	0.42146
10726	0.4243
10727	0.42176
10728	0.42406
10729	0.42243
10730	0.42475
10731	0.42295
10732	0.42517
10733	0.4238
10734	0.42566
10735	0.4246
10736	0.42663
10737	0.4247
10738	0.42713
10739	0.42476
10740	0.42708
10741	0.42506
10742	0.42754
10743	0.42228
10744	0.42587
10745	0.42795
10746	0.42239
10747	0.42681
10748	0.42906
10749	0.42396
10750	0.42759
10751	0.42958
10752	0.42443
10753	0.42869
10754	0.43068
10755	0.42561
10756	0.42961
10757	0.43193
10758	0.43055
10759	0.4325
10760	0.42751
10761	0.43159
10762	0.43356
10763	0.42867
10764	0.43265
10765	0.43451
10766	0.42966
10767	0.43393
10768	0.43558
10769	0.43508
10770	0.43696
10771	0.43627
10772	0.43795
10773	0.43308
10774	0.43747
10775	0.43933
10776	0.43452
10777	0.43866
10778	0.44041
10779	0.43549
10780	0.44026
10781	0.44172
10782	0.43699
10783	0.44138
10784	0.44336
10785	0.43921
10786	0.44199
10787	0.4441
10788	0.43906
10789	0.44359
10790	0.44512
10791	0.44564
10792	0.4473
10793	0.44247
10794	0.44733
10795	0.44885
10796	0.44401
10797	0.44883
10798	0.4505
10799	0.45007
10800	0.45175
10801	0.44715
10802	0.45168
10803	0.4532
10804	0.45348
10805	0.45519
10806	0.4504
10807	0.4551
10808	0.45675
10809	0.4569
10810	0.45836
10811	0.45347
10812	0.45877
10813	0.4604
10814	0.45545
10815	0.46061
10816	0.46212
10817	0.45733
10818	0.46264
10819	0.46399
10820	0.4647
10821	0.46623
10822	0.46139
10823	0.46645
10824	0.4679
10825	0.46323
10826	0.46859
10827	0.46973
10828	0.46491
10829	0.47106
10830	0.47234
10831	0.4675
10832	0.47305
10833	0.47438
10834	0.4699
10835	0.475
10836	0.4762
10837	0.47157
10838	0.47704
10839	0.4784
10840	0.47356
10841	0.47923
10842	0.48035
10843	0.48146
10844	0.48271
10845	0.47806
10846	0.48377
10847	0.48471
10848	0.48022
10849	0.48623
10850	0.4873
10851	0.48271
10852	0.48875
10853	0.48962
10854	0.49119
10855	0.49215
10856	0.48785
10857	0.49356
10858	0.49424
10859	0.49024
10860	0.49628
10861	0.49688
10862	0.49882
10863	0.49971
10864	0.50104
10865	0.50228
10866	0.50435
10867	0.50319
10868	0.50844
10869	0.50912
10870	0.5044
10871	0.50555
10872	0.51113
10873	0.51228
10874	0.50749
10875	0.51361
10876	0.51449
10877	0.51611
10878	0.51724
10879	0.51867
10880	0.51949
10881	0.52153
10882	0.52209
10883	0.51791
10884	0.52429
10885	0.52521
10886	0.52712
10887	0.52777
10888	0.52338
10889	0.53015
10890	0.53086
10891	0.53229
10892	0.53358
10893	0.52979
10894	0.53475
10895	0.53542
10896	0.53043
10897	0.53821
10898	0.53874
10899	0.53484
10900	0.54136
10901	0.54202
10902	0.54463
10903	0.54487
10904	0.54137
10905	0.54809
10906	0.54803
10907	0.54489
10908	0.55098
10909	0.55146
10910	0.55351
10911	0.55414
10912	0.55639
10913	0.55691
10914	0.55261
10915	0.55954
10916	0.56001
10917	0.55579
10918	0.5627
10919	0.56303
10920	0.55897
10921	0.56564
10922	0.56611
10923	0.56871
10924	0.56901
10925	0.56474
10926	0.57202
10927	0.57237
10928	0.57549
10929	0.57552
10930	0.57186
10931	0.5789
10932	0.57905
10933	0.58214
10934	0.58212
10935	0.57886
10936	0.58541
10937	0.58537
10938	0.58251
10939	0.58838
10940	0.58854
10941	0.58599
10942	0.59099
10943	0.59155
10944	0.58735
10945	0.59381
10946	0.59421
10947	0.59704
10948	0.59735
10949	0.5934
10950	0.60051
10951	0.60066
10952	0.59681
10953	0.60403
10954	0.60425
10955	0.6006
10956	0.60688
10957	0.60755
10958	0.60431
10959	0.60998
10960	0.61018
10961	0.60545
10962	0.61394
10963	0.61384
10964	0.61748
10965	0.61756
10966	0.61444
10967	0.62081
10968	0.62075
10969	0.61771
10970	0.62439
10971	0.62423
10972	0.62115
10973	0.62801
10974	0.62789
10975	0.62437
10976	0.63144
10977	0.63157
10978	0.6347
10979	0.63476
10980	0.63151
10981	0.63808
10982	0.63811
10983	0.63476
10984	0.64173
10985	0.64163
10986	0.63827
10987	0.64548
10988	0.6453
10989	0.64221
10990	0.64848
10991	0.64887
10992	0.64603
10993	0.65173
10994	0.65166
10995	0.64721
10996	0.65578
10997	0.65552
10998	0.65974
10999	0.6592
11000	0.65624
11001	0.66339
11002	0.66316
11003	0.66015
11004	0.66682
11005	0.66653
11006	0.66336
11007	0.67028
11008	0.67011
11009	0.66704
11010	0.67394
11011	0.67346
11012	0.67774
11013	0.67728
11014	0.67396
11015	0.68138
11016	0.68099
11017	0.67788
11018	0.68504
11019	0.68464
11020	0.68166
11021	0.6889
11022	0.68824
11023	0.6856
11024	0.69344
11025	0.69213
11026	0.69528
11027	0.69457
11028	0.69946
11029	0.69889
11030	0.70325
11031	0.70292
11032	0.70017
11033	0.70669
11034	0.70641
11035	0.70375
11036	0.7103
11037	0.70999
11038	0.70731
11039	0.71434
11040	0.7138
11041	0.71116
11042	0.71819
11043	0.71796
11044	0.72146
11045	0.72164
11046	0.72471
11047	0.72487
11048	0.72089
11049	0.72856
11050	0.72833
11051	0.72454
11052	0.7326
11053	0.73249
11054	0.72876
11055	0.7364
11056	0.73621
11057	0.73257
11058	0.74024
11059	0.74023
11060	0.73636
11061	0.74399
11062	0.7438
11063	0.74775
11064	0.74749
11065	0.74407
11066	0.75177
11067	0.75139
11068	0.74833
11069	0.75583
11070	0.75563
11071	0.75254
11072	0.75975
11073	0.75949
11074	0.7564
11075	0.76369
11076	0.76331
11077	0.76764
11078	0.7671
11079	0.76438
11080	0.77165
11081	0.77088
11082	0.7757
11083	0.77495
11084	0.77966
11085	0.77875
11086	0.78348
11087	0.78265
11088	0.7804
11089	0.78708
11090	0.78628
11091	0.79005
11092	0.79064
11093	0.79803
11094	0.79739
11095	0.79432
11096	0.80089
11097	0.80157
11098	0.80994
11099	0.80975
11100	0.80763
11101	0.81184
11102	0.81186
11103	0.81562
11104	0.81552
11105	0.81369
11106	0.81761
11107	0.81744
11108	0.81957
11109	0.81936
11110	0.81784
11111	0.82146
11112	0.82124
11113	0.82307
11114	0.82326
11115	0.82166
11116	0.82681
11117	0.82658
11118	0.82518
11119	0.82502
11120	0.82865
11121	0.82837
11122	0.82705
11123	0.83049
11124	0.83018
11125	0.82903
11126	0.83218
11127	0.83197
11128	0.83116
11129	0.83377
11130	0.83361
11131	0.83195
11132	0.83552
11133	0.83527
11134	0.83724
11135	0.83707
11136	0.83884
11137	0.83873
11138	0.84052
11139	0.84038
11140	0.84228
11141	0.84213
11142	0.84391
11143	0.84387
11144	0.84544
11145	0.84546
11146	0.84709
11147	0.84717
11148	0.85103
11149	0.85079
11150	0.84909
11151	0.85279
11152	0.85266
11153	0.85442
11154	0.85434
11155	0.85617
11156	0.85602
11157	0.85804
11158	0.85784
11159	0.85987
11160	0.85967
11161	0.86169
11162	0.86146
11163	0.8601
11164	0.8634
11165	0.86327
11166	0.86499
11167	0.86493
11168	0.86667
11169	0.86658
11170	0.86853
11171	0.86833
11172	0.87046
11173	0.87021
11174	0.87236
11175	0.87207
11176	0.87408
11177	0.87391
11178	0.87566
11179	0.87558
11180	0.87738
11181	0.87721
11182	0.87903
11183	0.87923
11184	0.88298
11185	0.88274
11186	0.88112
11187	0.88481
11188	0.88453
11189	0.88669
11190	0.88638
11191	0.88855
11192	0.88822
11193	0.89043
11194	0.89006
11195	0.89232
11196	0.8919
11197	0.89418
11198	0.89376
11199	0.89285
11200	0.89587
11201	0.89557
11202	0.89744
11203	0.89721
11204	0.89911
11205	0.89886
11206	0.90087
11207	0.9006
11208	0.90266
11209	0.90237
11210	0.90444
11211	0.90417
11212	0.90594
11213	0.90593
11214	0.90742
11215	0.90963
11216	0.90958
11217	0.9086
11218	0.9112
11219	0.91109
11220	0.91299
11221	0.91278
11222	0.91487
11223	0.91463
11224	0.91677
11225	0.91648
11226	0.91868
11227	0.91835
11228	0.92024
11229	0.92062
11230	0.92457
11231	0.92408
11232	0.9226
11233	0.92597
11234	0.9264
11235	0.92551
11236	0.93007
11237	0.92952
11238	0.92815
11239	0.93216
11240	0.93141
11241	0.93105
11242	0.93421
11243	0.93429
11244	0.93333
11245	0.93223
11246	0.93595
11247	0.93586
11248	0.93798
11249	0.93772
11250	0.93596
11251	0.94032
11252	0.93976
11253	0.93825
11254	0.94236
11255	0.94195
11256	0.94352
11257	0.94264
11258	0.94376
11259	0.94092
11260	0.94327
11261	0.94427
11262	0.94406
11263	0.94497
11264	0.94482
11265	0.94574
11266	0.94642
11267	0.94545
11268	0.94758
11269	0.94652
11270	0.94601
11271	0.9474
11272	0.94853
11273	0.94693
11274	0.94564
11275	0.94801
11276	0.94909
11277	0.94619
11278	0.94871
11279	0.94974
11280	0.94948
11281	0.95046
11282	0.94766
11283	0.95121
11284	0.95034
11285	0.95209
11286	0.95293
11287	0.95127
11288	0.95267
11289	0.95364
11290	0.95327
11291	0.95417
11292	0.95404
11293	0.95489
11294	0.95485
11295	0.95567
11296	0.95327
11297	0.95569
11298	0.95645
11299	0.95416
11300	0.95674
11301	0.95728
11302	0.95768
11303	0.95838
11304	0.95656
11305	0.95798
11306	0.95903
11307	0.95687
11308	0.95815
11309	0.95923
11310	0.9586
11311	0.95968
11312	0.95689
11313	0.95936
11314	0.96028
11315	0.96117
11316	0.95851
11317	0.96028
11318	0.96325
11319	0.96411
11320	0.96236
11321	0.96428
11322	0.96505
11323	0.9625
11324	0.96514
11325	0.96601
11326	0.9657
11327	0.96673
11328	0.96727
11329	0.9662
11330	0.96781
11331	0.96868
11332	0.9669
11333	0.96887
11334	0.96963
11335	0.97063
11336	0.96982
11337	0.97144
11338	0.97217
11339	0.97056
11340	0.9728
11341	0.97317
11342	0.97079
11343	0.97456
11344	0.97292
11345	0.97397
11346	0.97577
11347	0.97446
11348	0.97484
11349	0.97634
11350	0.9771
11351	0.97546
11352	0.97732
11353	0.97802
11354	0.97896
11355	0.97816
11356	0.98022
11357	0.97871
11358	0.97919
11359	0.98083
11360	0.98173
11361	0.97993
11362	0.9818
11363	0.98262
11364	0.97991
11365	0.98359
11366	0.981
11367	0.98293
11368	0.9849
11369	0.98564
11370	0.98311
11371	0.98403
11372	0.98576
11373	0.98647
11374	0.98413
11375	0.98669
11376	0.98737
11377	0.98828
11378	0.98597
11379	0.98762
11380	0.98955
11381	0.99019
11382	0.98862
11383	0.99028
11384	0.99102
11385	0.99086
11386	0.99173
11387	0.99162
11388	0.99234
11389	0.99265
11390	0.99329
11391	0.99368
11392	0.99429
11393	0.99208
11394	0.99456
11395	0.99526
11396	0.99526
11397	0.99606
11398	0.99602
11399	0.9968
11400	0.99688
11401	0.99765
11402	0.99523
11403	0.99775
11404	0.99853
11405	0.99602
11406	0.9986
11407	0.99948
11408	0.99692
11409	0.99879
11410	1.0003
11411	1.0005
11412	0.9991
11413	1.0017
11414	1.0028
11415	1.0001
11416	1.004
11417	1.0047
11418	1.0003
11419	1.0061
11420	1.0079
11421	1.007
11422	1.0027
11423	1.008
11424	1.0095
11425	1.0101
11426	1.0116
11427	1.0122
11428	1.0136
11429	1.0086
11430	1.0145
11431	1.0159
11432	1.0168
11433	1.0182
11434	1.0131
11435	1.0189
11436	1.0204
11437	1.0153
11438	1.0224
11439	1.0209
11440	1.0173
11441	1.0269
11442	1.022
11443	1.0233
11444	1.0255
11445	1.0296
11446	1.031
11447	1.0261
11448	1.0274
11449	1.0319
11450	1.0331
11451	1.0282
11452	1.034
11453	1.0353
11454	1.0305
11455	1.0361
11456	1.0373
11457	1.0326
11458	1.0382
11459	1.0394
11460	1.0406
11461	1.0416
11462	1.037
11463	1.0433
11464	1.0441
11465	1.0457
11466	1.0464
11467	1.0481
11468	1.0486
11469	1.0501
11470	1.0507
11471	1.0484
11472	1.0516
11473	1.0524
11474	1.0492
11475	1.0532
11476	1.0538
11477	1.0507
11478	1.0549
11479	1.0555
11480	1.0527
11481	1.0566
11482	1.0571
11483	1.0584
11484	1.0588
11485	1.06
11486	1.0606
11487	1.0583
11488	1.0614
11489	1.0621
11490	1.059
11491	1.063
11492	1.0636
11493	1.0649
11494	1.0654
11495	1.0668
11496	1.0672
11497	1.0692
11498	1.069
11499	1.0664
11500	1.0732
11501	1.0733
11502	1.0711
11503	1.0754
11504	1.0755
11505	1.0729
11506	1.0777
11507	1.0776
11508	1.08
11509	1.0799
11510	1.0781
11511	1.0819
11512	1.082
11513	1.0805
11514	1.0836
11515	1.0839
11516	1.0813
11517	1.0856
11518	1.0854
11519	1.0926
11520	1.0924
11521	1.0901
11522	1.0903
11523	1.0948
11524	1.0929
11525	1.0951
11526	1.0998
11527	1.0997
11528	1.0976
11529	1.0984
11530	1.1017
11531	1.1018
11532	1.0993
11533	1.1041
11534	1.1038
11535	1.1069
11536	1.1065
11537	1.1045
11538	1.1098
11539	1.1092
11540	1.1078
11541	1.1123
11542	1.1119
11543	1.1109
11544	1.1143
11545	1.1121
11546	1.1146
11547	1.1192
11548	1.117
11549	1.1197
11550	1.1253
11551	1.1246
11552	1.1225
11553	1.128
11554	1.1273
11555	1.126
11556	1.1299
11557	1.1306
11558	1.1286
11559	1.136
11560	1.1352
11561	1.1333
11562	1.1387
11563	1.1379
11564	1.1367
11565	1.1416
11566	1.1407
11567	1.1444
11568	1.1435
11569	1.1425
11570	1.1473
11571	1.1463
11572	1.15
11573	1.1491
11574	1.1527
11575	1.1518
11576	1.1554
11577	1.1545
11578	1.1535
11579	1.1572
11580	1.1583
11581	1.1563
11582	1.163
11583	1.1642
11584	1.1612
11585	1.1624
11586	1.1702
11587	1.1672
11588	1.1689
11589	1.1684
11590	1.1751
11591	1.1735
11592	1.1767
11593	1.1835
11594	1.1815
11595	1.18
11596	1.1867
11597	1.1849
11598	1.1853
11599	1.1952
11600	1.1927
11601	1.191
11602	1.1995
11603	1.1971
11604	1.2039
11605	1.2013
11606	1.2084
11607	1.2059
11608	1.2064
11609	1.2129
11610	1.2103
11611	1.2149
11612	1.2174
11613	1.2155
11614	1.224
11615	1.2266
11616	1.222
11617	1.2359
11618	1.2332
11619	1.2313
11620	1.2405
11621	1.2378
11622	1.245
11623	1.2423
11624	1.2495
11625	1.2468
11626	1.2476
11627	1.2514
11628	1.254
11629	1.252
11630	1.2631
11631	1.2606
11632	1.2586
11633	1.2677
11634	1.2651
11635	1.2656
11636	1.2723
11637	1.2696
11638	1.2768
11639	1.2741
11640	1.2748
11641	1.2787
11642	1.2814
11643	1.2879
11644	1.2905
11645	1.286
11646	1.2997
11647	1.297
11648	1.2951
11649	1.3042
11650	1.3016
11651	1.3061
11652	1.3088
11653	1.307
11654	1.3152
11655	1.3159
11656	1.3176
11657	1.3132
11658	1.3264
11659	1.324
11660	1.322
11661	1.3309
11662	1.3284
11663	1.3287
11664	1.3354
11665	1.333
11666	1.34
11667	1.3375
11668	1.3379
11669	1.3445
11670	1.342
11671	1.3491
11672	1.3465
11673	1.3537
11674	1.351
11675	1.3584
11676	1.3557
11677	1.3565
11678	1.3629
11679	1.3603
11680	1.3674
11681	1.3648
11682	1.3655
11683	1.3719
11684	1.3693
11685	1.3701
11686	1.3764
11687	1.3738
11688	1.3784
11689	1.381
11690	1.3901
11691	1.3874
11692	1.3855
11693	1.3947
11694	1.392
11695	1.3991
11696	1.3965
11697	1.3973
11698	1.4009
11699	1.4018
11700	1.4034
11701	1.4168
11702	1.4142
11703	1.4123
11704	1.4215
11705	1.4188
11706	1.4195
11707	1.4234
11708	1.4261
11709	1.4328
11710	1.4308
11711	1.4354
11712	1.4334
11713	1.4444
11714	1.4418
11715	1.4399
11716	1.449
11717	1.4463
11718	1.4536
11719	1.4509
11720	1.4581
11721	1.4555
11722	1.4562
11723	1.4627
11724	1.46
11725	1.4646
11726	1.4672
11727	1.4652
11728	1.4736
11729	1.4763
11730	1.4743
11731	1.4718
11732	1.4854
11733	1.4826
11734	1.4835
11735	1.4808
11736	1.49
11737	1.4871
11738	1.4945
11739	1.4917
11740	1.4927
11741	1.499
11742	1.4961
11743	1.5037
11744	1.5008
11745	1.5017
11746	1.5082
11747	1.5055
11748	1.5126
11749	1.5099
11750	1.5108
11751	1.517
11752	1.5144
11753	1.5214
11754	1.5189
11755	1.5195
11756	1.5258
11757	1.5233
11758	1.5238
11759	1.5303
11760	1.5279
11761	1.5281
11762	1.5324
11763	1.5348
11764	1.5414
11765	1.5439
11766	1.5393
11767	1.5531
11768	1.5505
11769	1.5485
11770	1.5577
11771	1.555
11772	1.5557
11773	1.5622
11774	1.5596
11775	1.5668
11776	1.5642
11777	1.5712
11778	1.5687
11779	1.5757
11780	1.5732
11781	1.5739
11782	1.5778
11783	1.5801
11784	1.5893
11785	1.5868
11786	1.5847
11787	1.5874
11788	1.5939
11789	1.5913
11790	1.5984
11791	1.5958
11792	1.6028
11793	1.6003
11794	1.6009
11795	1.6047
11796	1.6071
11797	1.605
11798	1.6137
11799	1.6138
11800	1.6116
11801	1.6161
11802	1.6253
11803	1.6227
11804	1.6207
11805	1.6299
11806	1.6273
11807	1.628
11808	1.6346
11809	1.6319
11810	1.6393
11811	1.6365
11812	1.6374
11813	1.6439
11814	1.641
11815	1.6421
11816	1.6484
11817	1.6455
11818	1.6501
11819	1.6528
11820	1.6611
11821	1.6589
11822	1.6582
11823	1.6569
11824	1.6656
11825	1.6632
11826	1.663
11827	1.6677
11828	1.6701
11829	1.6789
11830	1.6766
11831	1.6745
11832	1.6832
11833	1.6809
11834	1.6812
11835	1.6874
11836	1.6852
11837	1.6895
11838	1.6913
11839	1.6972
11840	1.695
11841	1.6964
11842	1.6989
11843	0.94292
11844	0.94204
11845	0.42351
11846	0.42029
11847	0.40259
11848	0.40516
11849	1.7015
11850	1.7012
11851	1.6956
11852	1.6998
11853	1.6915
11854	1.6933
11855	1.6873
11856	1.6829
11857	1.6786
11858	1.6742
11859	1.6698
11860	1.6722
11861	1.6653
11862	1.6611
11863	1.6566
11864	1.6519
11865	1.6546
11866	1.6427
11867	1.6472
11868	1.6383
11869	1.6339
11870	1.6293
11871	1.6248
11872	1.6203
11873	1.6158
11874	1.6183
11875	1.6112
11876	1.6067
11877	1.6091
11878	1.6022
11879	1.5977
11880	1.5932
11881	1.5887
11882	1.5843
11883	1.5799
11884	1.5823
11885	1.5753
11886	1.5706
11887	1.5661
11888	1.5615
11889	1.557
11890	1.5524
11891	1.5479
11892	1.5434
11893	1.5459
11894	1.5388
11895	1.5344
11896	1.5368
11897	1.53
11898	1.5254
11899	1.5208
11900	1.5163
11901	1.5117
11902	1.5071
11903	1.5026
11904	1.4979
11905	1.4934
11906	1.4889
11907	1.4844
11908	1.48
11909	1.4755
11910	1.4781
11911	1.471
11912	1.4665
11913	1.4691
11914	1.462
11915	1.4574
11916	1.4529
11917	1.4483
11918	1.4438
11919	1.4392
11920	1.4346
11921	1.4373
11922	1.4299
11923	1.4253
11924	1.428
11925	1.4208
11926	1.4162
11927	1.4116
11928	1.4071
11929	1.4097
11930	1.4026
11931	1.4052
11932	1.3982
11933	1.3938
11934	1.3893
11935	1.3848
11936	1.3803
11937	1.3829
11938	1.3758
11939	1.3713
11940	1.3667
11941	1.3621
11942	1.3576
11943	1.353
11944	1.3484
11945	1.344
11946	1.3395
11947	1.3351
11948	1.3305
11949	1.326
11950	1.3216
11951	1.3172
11952	1.3196
11953	1.3128
11954	1.3081
11955	1.3108
11956	1.3035
11957	1.2989
11958	1.2943
11959	1.2897
11960	1.2924
11961	1.2852
11962	1.2806
11963	1.2833
11964	1.276
11965	1.2715
11966	1.267
11967	1.2625
11968	1.2579
11969	1.2488
11970	1.2534
11971	1.2442
11972	1.2397
11973	1.2351
11974	1.2306
11975	1.2261
11976	1.2286
11977	1.2215
11978	1.2169
11979	1.2194
11980	1.2123
11981	1.2078
11982	1.2034
11983	1.1989
11984	1.1946
11985	1.1903
11986	1.1864
11987	1.1886
11988	1.183
11989	1.1797
11990	1.1766
11991	1.1782
11992	1.1736
11993	1.172
11994	1.1706
11995	1.1648
11996	1.166
11997	1.1677
11998	1.1619
11999	1.1591
12000	1.1601
12001	1.1563
12002	1.1536
12003	1.1481
12004	1.1509
12005	1.1454
12006	1.1426
12007	1.1399
12008	1.1372
12009	1.1345
12010	1.1319
12011	1.1326
12012	1.1293
12013	1.1266
12014	1.124
12015	1.1214
12016	1.1219
12017	1.1188
12018	1.1164
12019	1.1166
12020	1.1139
12021	1.1114
12022	1.1088
12023	1.1062
12024	1.1039
12025	1.1017
12026	1.0994
12027	1.097
12028	1.0973
12029	1.0947
12030	1.0923
12031	1.09
12032	1.09
12033	1.0879
12034	1.0876
12035	1.0859
12036	1.084
12037	1.0819
12038	1.0798
12039	1.0777
12040	1.0756
12041	1.0736
12042	1.0716
12043	1.0713
12044	1.0696
12045	1.0677
12046	1.0659
12047	1.0643
12048	1.0627
12049	1.061
12050	1.0593
12051	1.0577
12052	1.0561
12053	1.0545
12054	1.053
12055	1.0512
12056	1.0492
12057	1.0472
12058	1.045
12059	1.0427
12060	1.0406
12061	1.0386
12062	1.0365
12063	1.0344
12064	1.0322
12065	1.0301
12066	1.0287
12067	1.028
12068	1.0258
12069	1.0244
12070	1.0238
12071	1.0218
12072	1.0196
12073	1.0173
12074	1.0151
12075	1.0131
12076	1.0112
12077	1.0095
12078	1.0077
12079	1.0058
12080	1.0042
12081	1.003
12082	1.0016
12083	1.002
12084	1.0012
12085	1.0003
12086	0.9993
12087	0.99842
12088	0.99759
12089	0.99676
12090	0.99587
12091	0.99493
12092	0.99402
12093	0.99321
12094	0.99247
12095	0.99166
12096	0.99077
12097	0.98985
12098	0.98919
12099	0.98896
12100	0.98808
12101	0.98722
12102	0.98634
12103	0.98537
12104	0.98472
12105	0.98441
12106	0.98352
12107	0.98267
12108	0.98189
12109	0.98087
12110	0.98121
12111	0.9805
12112	0.97971
12113	0.97966
12114	0.97878
12115	0.97796
12116	0.97725
12117	0.97632
12118	0.97662
12119	0.9759
12120	0.97531
12121	0.97493
12122	0.9739
12123	0.97306
12124	0.97226
12125	0.97145
12126	0.97139
12127	0.97049
12128	0.96968
12129	0.96895
12130	0.96789
12131	0.96829
12132	0.96759
12133	0.96677
12134	0.96591
12135	0.96512
12136	0.96443
12137	0.96337
12138	0.96373
12139	0.96283
12140	0.96293
12141	0.96204
12142	0.96209
12143	0.96135
12144	0.96076
12145	0.96029
12146	0.95973
12147	0.95892
12148	0.95804
12149	0.95726
12150	0.95651
12151	0.9558
12152	0.95448
12153	0.95514
12154	0.95374
12155	0.95295
12156	0.95208
12157	0.95219
12158	0.95149
12159	0.95083
12160	0.95022
12161	0.94967
12162	0.94914
12163	0.94808
12164	0.94856
12165	0.94796
12166	0.947
12167	0.94733
12168	0.94665
12169	0.94598
12170	0.94539
12171	0.94492
12172	0.94449
12173	0.94434
12174	0.94346
12175	0.94148
12176	0.9395
12177	0.93763
12178	0.93594
12179	0.93419
12180	0.93249
12181	0.93086
12182	0.92909
12183	0.9273
12184	0.92773
12185	0.92548
12186	0.92363
12187	0.92177
12188	0.92215
12189	0.91992
12190	0.91807
12191	0.91624
12192	0.91442
12193	0.91267
12194	0.91104
12195	0.90926
12196	0.90741
12197	0.90566
12198	0.90387
12199	0.9021
12200	0.90035
12201	0.89863
12202	0.89691
12203	0.89515
12204	0.89335
12205	0.89154
12206	0.88973
12207	0.88791
12208	0.8861
12209	0.88429
12210	0.88248
12211	0.88066
12212	0.88086
12213	0.87886
12214	0.87712
12215	0.87541
12216	0.87363
12217	0.87181
12218	0.87001
12219	0.86824
12220	0.86652
12221	0.8648
12222	0.86304
12223	0.86125
12224	0.85947
12225	0.85769
12226	0.85594
12227	0.85421
12228	0.85243
12229	0.85061
12230	0.84883
12231	0.84891
12232	0.8471
12233	0.84542
12234	0.84371
12235	0.84198
12236	0.84028
12237	0.83856
12238	0.83682
12239	0.8351
12240	0.8334
12241	0.83167
12242	0.82991
12243	0.82814
12244	0.82639
12245	0.82463
12246	0.82483
12247	0.82285
12248	0.82103
12249	0.81919
12250	0.81734
12251	0.81552
12252	0.81367
12253	0.81369
12254	0.81165
12255	0.80931
12256	0.80662
12257	0.80719
12258	0.80356
12259	0.80423
12260	0.80027
12261	0.79673
12262	0.79308
12263	0.79366
12264	0.78925
12265	0.78546
12266	0.78174
12267	0.778
12268	0.77419
12269	0.77035
12270	0.76672
12271	0.76305
12272	0.7593
12273	0.75525
12274	0.75114
12275	0.74731
12276	0.7438
12277	0.74005
12278	0.7361
12279	0.73226
12280	0.7285
12281	0.72505
12282	0.72141
12283	0.71742
12284	0.71349
12285	0.70972
12286	0.70609
12287	0.70235
12288	0.69818
12289	0.69468
12290	0.69148
12291	0.68784
12292	0.68426
12293	0.68053
12294	0.6768
12295	0.67329
12296	0.66982
12297	0.6663
12298	0.66262
12299	0.65894
12300	0.65545
12301	0.65205
12302	0.64869
12303	0.6452
12304	0.64166
12305	0.63817
12306	0.63489
12307	0.63145
12308	0.62774
12309	0.62417
12310	0.62083
12311	0.61747
12312	0.61404
12313	0.61084
12314	0.60776
12315	0.6044
12316	0.60097
12317	0.59776
12318	0.59477
12319	0.59171
12320	0.5885
12321	0.58535
12322	0.58228
12323	0.57909
12324	0.57587
12325	0.57267
12326	0.56948
12327	0.56644
12328	0.56351
12329	0.56053
12330	0.55754
12331	0.55462
12332	0.55139
12333	0.54827
12334	0.54553
12335	0.54255
12336	0.53941
12337	0.53672
12338	0.53429
12339	0.53151
12340	0.52868
12341	0.52577
12342	0.52291
12343	0.52062
12344	0.51811
12345	0.51563
12346	0.51296
12347	0.51009
12348	0.50767
12349	0.50652
12350	0.50558
12351	0.50317
12352	0.50031
12353	0.49756
12354	0.49519
12355	0.49301
12356	0.49068
12357	0.48823
12358	0.48595
12359	0.48382
12360	0.4817
12361	0.47959
12362	0.47752
12363	0.47565
12364	0.47347
12365	0.47117
12366	0.46942
12367	0.46757
12368	0.46549
12369	0.46373
12370	0.46185
12371	0.46001
12372	0.45845
12373	0.4567
12374	0.45487
12375	0.45341
12376	0.45201
12377	0.4505
12378	0.44882
12379	0.44722
12380	0.44606
12381	0.44481
12382	0.44346
12383	0.44225
12384	0.44101
12385	0.43982
12386	0.43859
12387	0.43743
12388	0.43647
12389	0.43551
12390	0.4348
12391	0.4339
12392	0.43265
12393	0.43181
12394	0.43112
12395	0.43041
12396	0.42985
12397	0.42949
12398	0.42915
12399	0.42849
12400	0.42788
12401	0.42748
12402	0.42704
12403	0.42689
12404	0.42672
12405	0.42629
12406	0.42623
12407	0.426
12408	0.93623
12409	0.93673
12410	0.9316
12411	0.93397
12412	0.42279
12413	0.41751
12414	1.6993
12415	1.6951
12416	1.6908
12417	1.6934
12418	1.6864
12419	1.689
12420	1.6819
12421	1.6774
12422	1.68
12423	1.6728
12424	1.6683
12425	1.6708
12426	1.6637
12427	1.6591
12428	1.6545
12429	1.6499
12430	1.6524
12431	1.6455
12432	1.6409
12433	1.6432
12434	1.6366
12435	1.6383
12436	1.6323
12437	1.634
12438	1.6277
12439	1.6229
12440	1.6249
12441	1.6181
12442	1.6136
12443	1.6157
12444	1.609
12445	1.6043
12446	1.6065
12447	1.5998
12448	1.5953
12449	1.5908
12450	1.5863
12451	1.5885
12452	1.5818
12453	1.5772
12454	1.5795
12455	1.5727
12456	1.5682
12457	1.5704
12458	1.5637
12459	1.5591
12460	1.5613
12461	1.5546
12462	1.5501
12463	1.5456
12464	1.5411
12465	1.5366
12466	1.5321
12467	1.5276
12468	1.523
12469	1.5252
12470	1.5185
12471	1.5141
12472	1.5162
12473	1.5096
12474	1.5051
12475	1.5072
12476	1.5005
12477	1.496
12478	1.4914
12479	1.4869
12480	1.4891
12481	1.4824
12482	1.4846
12483	1.4779
12484	1.4801
12485	1.4734
12486	1.4755
12487	1.4689
12488	1.4711
12489	1.4643
12490	1.4597
12491	1.4619
12492	1.4552
12493	1.4506
12494	1.4528
12495	1.4461
12496	1.4415
12497	1.4437
12498	1.437
12499	1.4325
12500	1.4346
12501	1.4279
12502	1.4234
12503	1.4255
12504	1.4189
12505	1.4211
12506	1.4144
12507	1.4166
12508	1.4098
12509	1.4054
12510	1.4009
12511	1.3964
12512	1.3985
12513	1.3918
12514	1.3873
12515	1.3895
12516	1.3828
12517	1.3782
12518	1.3804
12519	1.3737
12520	1.3692
12521	1.3714
12522	1.3646
12523	1.3603
12524	1.3558
12525	1.3514
12526	1.347
12527	1.3424
12528	1.3449
12529	1.3379
12530	1.3333
12531	1.3359
12532	1.3287
12533	1.3241
12534	1.3266
12535	1.3196
12536	1.315
12537	1.3175
12538	1.3105
12539	1.3059
12540	1.3013
12541	1.2968
12542	1.299
12543	1.2922
12544	1.2877
12545	1.29
12546	1.2833
12547	1.2787
12548	1.2808
12549	1.2742
12550	1.2698
12551	1.2717
12552	1.2651
12553	1.2606
12554	1.2625
12555	1.256
12556	1.2513
12557	1.2535
12558	1.2467
12559	1.2422
12560	1.2444
12561	1.2376
12562	1.233
12563	1.2285
12564	1.224
12565	1.226
12566	1.2197
12567	1.2152
12568	1.2171
12569	1.2106
12570	1.206
12571	1.208
12572	1.2017
12573	1.1977
12574	1.1939
12575	1.1904
12576	1.192
12577	1.1871
12578	1.1842
12579	1.1856
12580	1.1816
12581	1.1791
12582	1.1806
12583	1.1767
12584	1.1741
12585	1.1757
12586	1.1715
12587	1.1689
12588	1.1708
12589	1.1661
12590	1.1634
12591	1.1607
12592	1.158
12593	1.1599
12594	1.1553
12595	1.1526
12596	1.1545
12597	1.1499
12598	1.1445
12599	1.1472
12600	1.1418
12601	1.1437
12602	1.1391
12603	1.1366
12604	1.1384
12605	1.134
12606	1.1313
12607	1.1286
12608	1.126
12609	1.128
12610	1.1235
12611	1.1209
12612	1.1229
12613	1.1183
12614	1.1157
12615	1.1131
12616	1.1105
12617	1.108
12618	1.1056
12619	1.1077
12620	1.1032
12621	1.1007
12622	1.0983
12623	1.0959
12624	1.0914
12625	1.0937
12626	1.0891
12627	1.0867
12628	1.0843
12629	1.0796
12630	1.0819
12631	1.0773
12632	1.075
12633	1.0728
12634	1.0706
12635	1.0686
12636	1.0665
12637	1.0644
12638	1.0624
12639	1.0604
12640	1.0629
12641	1.0583
12642	1.0563
12643	1.0586
12644	1.0543
12645	1.0547
12646	1.0525
12647	1.0488
12648	1.0512
12649	1.0506
12650	1.047
12651	1.0452
12652	1.0434
12653	1.0441
12654	1.0416
12655	1.0381
12656	1.0404
12657	1.0399
12658	1.0363
12659	1.0346
12660	1.0331
12661	1.0316
12662	1.0337
12663	1.0301
12664	1.0273
12665	1.0287
12666	1.026
12667	1.0282
12668	1.0247
12669	1.0234
12670	1.022
12671	1.0205
12672	1.0235
12673	1.0186
12674	1.0163
12675	1.0199
12676	1.0142
12677	1.0121
12678	1.0099
12679	1.0077
12680	1.0113
12681	1.0055
12682	1.0034
12683	1.0013
12684	0.99909
12685	0.99708
12686	0.99484
12687	0.99851
12688	0.9925
12689	0.9907
12690	0.98873
12691	0.98667
12692	0.98992
12693	0.98472
12694	0.98259
12695	0.98599
12696	0.98034
12697	0.98393
12698	0.97806
12699	0.976
12700	0.9742
12701	0.97266
12702	0.97032
12703	0.9714
12704	0.96932
12705	0.97111
12706	0.96834
12707	0.9674
12708	0.96898
12709	0.96664
12710	0.9659
12711	0.96769
12712	0.96501
12713	0.96407
12714	0.96316
12715	0.9623
12716	0.96397
12717	0.96148
12718	0.96065
12719	0.9624
12720	0.95976
12721	0.95887
12722	0.96063
12723	0.958
12724	0.95712
12725	0.95888
12726	0.95621
12727	0.95526
12728	0.95435
12729	0.95359
12730	0.95509
12731	0.95288
12732	0.95211
12733	0.95127
12734	0.95039
12735	0.94949
12736	0.94859
12737	0.94773
12738	0.94691
12739	0.94866
12740	0.94609
12741	0.94527
12742	0.94701
12743	0.94445
12744	0.94362
12745	0.94536
12746	0.94275
12747	0.94184
12748	0.94356
12749	0.94092
12750	0.94004
12751	0.94158
12752	0.93926
12753	0.93861
12754	0.9401
12755	0.93796
12756	0.93723
12757	0.93903
12758	0.93642
12759	0.93561
12760	0.93736
12761	0.93483
12762	0.93405
12763	0.93578
12764	0.93325
12765	0.93239
12766	0.93142
12767	0.9304
12768	0.92957
12769	0.92905
12770	0.92867
12771	0.92817
12772	0.92748
12773	0.92669
12774	0.92856
12775	0.92588
12776	0.92509
12777	0.92683
12778	0.92435
12779	0.92364
12780	0.92534
12781	0.92295
12782	0.92225
12783	0.92398
12784	0.92155
12785	0.9208
12786	0.92002
12787	0.91919
12788	0.91831
12789	0.91725
12790	0.9158
12791	0.91401
12792	0.91591
12793	0.91211
12794	0.91018
12795	0.91207
12796	0.90826
12797	0.90633
12798	0.90441
12799	0.90249
12800	0.90426
12801	0.90059
12802	0.89871
12803	0.90043
12804	0.89684
12805	0.89501
12806	0.89319
12807	0.89135
12808	0.88949
12809	0.88761
12810	0.88573
12811	0.88386
12812	0.88553
12813	0.882
12814	0.88017
12815	0.8818
12816	0.87834
12817	0.87652
12818	0.87816
12819	0.87471
12820	0.87289
12821	0.87451
12822	0.87107
12823	0.86928
12824	0.87089
12825	0.8675
12826	0.86571
12827	0.8674
12828	0.86391
12829	0.86209
12830	0.86379
12831	0.86028
12832	0.85849
12833	0.8567
12834	0.8549
12835	0.85664
12836	0.85307
12837	0.85124
12838	0.85294
12839	0.8494
12840	0.84756
12841	0.84921
12842	0.84572
12843	0.8439
12844	0.84208
12845	0.84024
12846	0.84181
12847	0.83841
12848	0.83661
12849	0.83811
12850	0.83487
12851	0.83313
12852	0.83472
12853	0.83135
12854	0.82954
12855	0.83112
12856	0.82772
12857	0.82591
12858	0.82416
12859	0.82246
12860	0.824
12861	0.82076
12862	0.81905
12863	0.82067
12864	0.81735
12865	0.81563
12866	0.81736
12867	0.81387
12868	0.81209
12869	0.8103
12870	0.81203
12871	0.80852
12872	0.81026
12873	0.80672
12874	0.80491
12875	0.8031
12876	0.80131
12877	0.80291
12878	0.79951
12879	0.79767
12880	0.79926
12881	0.79579
12882	0.79391
12883	0.79206
12884	0.79003
12885	0.78768
12886	0.78475
12887	0.78775
12888	0.7812
12889	0.7778
12890	0.78086
12891	0.77443
12892	0.7704
12893	0.76653
12894	0.76317
12895	0.75958
12896	0.75568
12897	0.75187
12898	0.74816
12899	0.7517
12900	0.74428
12901	0.74042
12902	0.74394
12903	0.73658
12904	0.73278
12905	0.73621
12906	0.72904
12907	0.72515
12908	0.72889
12909	0.72128
12910	0.7176
12911	0.72118
12912	0.7138
12913	0.71008
12914	0.71371
12915	0.70646
12916	0.70251
12917	0.70652
12918	0.6987
12919	0.69501
12920	0.69866
12921	0.69116
12922	0.68746
12923	0.69094
12924	0.68365
12925	0.67969
12926	0.67589
12927	0.67238
12928	0.66899
12929	0.66535
12930	0.66923
12931	0.66162
12932	0.65806
12933	0.66151
12934	0.65438
12935	0.65075
12936	0.65415
12937	0.64712
12938	0.64334
12939	0.64685
12940	0.6397
12941	0.63599
12942	0.63946
12943	0.63232
12944	0.62916
12945	0.63215
12946	0.62586
12947	0.62216
12948	0.62575
12949	0.61881
12950	0.61531
12951	0.61897
12952	0.61161
12953	0.60812
12954	0.61172
12955	0.60461
12956	0.60109
12957	0.6047
12958	0.59762
12959	0.59401
12960	0.59758
12961	0.59043
12962	0.5871
12963	0.59021
12964	0.58396
12965	0.58087
12966	0.58399
12967	0.57783
12968	0.57461
12969	0.57819
12970	0.57113
12971	0.56773
12972	0.57121
12973	0.56435
12974	0.56099
12975	0.55775
12976	0.5545
12977	0.55123
12978	0.55459
12979	0.54818
12980	0.54529
12981	0.54219
12982	0.53896
12983	0.54279
12984	0.5359
12985	0.53291
12986	0.52994
12987	0.52689
12988	0.52382
12989	0.52074
12990	0.51757
12991	0.51478
12992	0.51208
12993	0.50914
12994	0.50652
12995	0.50398
12996	0.50747
12997	0.50104
12998	0.49824
12999	0.49548
13000	0.49925
13001	0.49276
13002	0.49007
13003	0.49376
13004	0.48732
13005	0.49089
13006	0.48473
13007	0.48219
13008	0.4795
13009	0.47696
13010	0.47461
13011	0.47825
13012	0.47211
13013	0.46968
13014	0.46488
13015	0.46722
13016	0.46268
13017	0.46035
13018	0.45601
13019	0.45813
13020	0.45402
13021	0.45181
13022	0.44747
13023	0.44941
13024	0.44549
13025	0.44336
13026	0.43946
13027	0.44134
13028	0.43754
13029	0.43554
13030	0.43194
13031	0.43374
13032	0.43031
13033	0.42888
13034	0.42704
13035	0.42531
13036	0.42865
13037	0.42387
13038	0.42235
13039	0.42564
13040	0.4211
13041	0.41974
13042	0.42341
13043	0.418
13044	0.41691
13045	0.41981
13046	0.41598
13047	0.41462
13048	0.41776
13049	0.41348
13050	0.41213
13051	0.41557
13052	0.41096
13053	0.41008
13054	0.41335
13055	0.40916
13056	0.40823
13057	0.41153
13058	0.40723
13059	0.4064
13060	0.40926
13061	0.40551
13062	0.40439
13063	0.40379
13064	0.40365
13065	0.4064
13066	0.40319
13067	0.40248
13068	0.40193
13069	0.40156
13070	0.40117
13071	0.40106
13072	0.40076
13073	0.40011
13074	0.39991
13075	0.40003
13076	0.40261
13077	0.93548
13078	0.93661
13079	0.92949
13080	0.92958
13081	0.92706
13082	0.93192
13083	0.934
13084	0.93162
13085	0.93451
13086	0.93223
13087	0.93231
13088	0.93459
13089	0.9349
13090	1.4203
13091	0.95258
13092	0.97325
13093	1.5465
13094	0.97018
13095	0.97243
13096	0.96002
13097	0.96115
13098	0.96177
13099	0.81198
13100	0.98183
13101	1.6601
13102	1.6562
13103	1.1098
13104	1.1089
13105	1.1121
13106	0.51186
13107	0.47915
13108	0.47012
13109	1.0308
13110	0.46169
13111	0.46382
13112	0.54725
13113	0.55158
13114	0.97503
13115	0.97336
13116	0.97165
13117	1.6358
13118	1.4187
13119	1.1641
13120	1.1621
13121	0.81173
13122	0.80929
13123	1.4208
13124	1.3142
13125	1.3186
13126	0.4869
13127	1.1714
13128	0.47682
13129	0.46841
13130	0.45992
13131	1.0403
13132	1.6383
13133	1.6402
13134	1.4816
13135	0.94544
13136	0.94429
13137	0.68222
13138	0.67817
13139	0.72475
13140	0.72072
13141	0.63875
13142	0.63495
13143	0.42046
13144	0.41958
13145	0.59317
13146	0.5969
13147	0.4338
13148	0.43253
13149	0.58309
13150	0.55522
13151	1.0224
13152	1.0203
13153	1.0238
13154	1.4732
13155	1.4708
13156	1.0246
13157	1.0268
13158	0.77133
13159	1.1648
13160	1.1654
13161	1.1667
13162	1.1636
13163	0.70068
13164	0.70437
13165	0.64276
13166	0.73253
13167	0.74465
13168	0.74909
13169	0.42562
13170	0.42672
13171	0.60088
13172	0.57923
13173	0.44083
13174	0.55201
13175	0.65666
13176	0.66013
13177	0.61468
13178	0.61806
13179	0.43593
13180	0.43688
13181	0.54164
13182	0.82542
13183	0.82743
13184	0.97091
13185	0.97327
13186	0.98535
13187	0.987
13188	0.98468
13189	1.1074
13190	0.902
13191	0.89969
13192	1.5828
13193	1.5854
13194	1.3681
13195	0.93774
13196	1.4026
13197	1.3999
13198	1.4044
13199	0.98846
13200	1.1146
13201	1.0181
13202	1.0195
13203	1.0159
13204	1.4754
13205	1.4777
13206	1.4789
13207	0.80023
13208	1.6929
13209	1.5262
13210	1.0908
13211	1.4379
13212	0.97704
13213	0.97911
13214	0.95322
13215	1.4383
13216	0.94476
13217	1.0876
13218	1.0291
13219	0.93698
13220	0.9401
13221	0.96784
13222	1.6162
13223	1.6115
13224	1.2201
13225	0.81711
13226	0.49457
13227	0.8958
13228	0.89383
13229	0.89629
13230	0.96507
13231	1.1313
13232	0.98934
13233	1.3894
13234	1.4232
13235	1.3203
13236	1.1498
13237	1.1465
13238	0.79137
13239	0.82877
13240	1.6628
13241	0.92637
13242	1.0905
13243	1.0933
13244	0.43707
13245	1.0483
13246	1.0502
13247	0.4448
13248	0.45285
13249	0.46161
13250	0.47094
13251	0.81923
13252	1.2753
13253	1.1916
13254	1.1898
13255	1.6812
13256	0.98029
13257	0.97759
13258	0.97812
13259	0.95783
13260	1.256
13261	0.89836
13262	0.89854
13263	0.50345
13264	1.2841
13265	1.5219
13266	0.5575
13267	0.97803
13268	0.95166
13269	1.3568
13270	1.475
13271	1.477
13272	1.4724
13273	1.473
13274	0.96815
13275	0.98289
13276	0.99749
13277	1.3278
13278	0.83667
13279	0.86408
13280	0.99437
13281	0.8009
13282	1.1203
13283	1.1223
13284	1.0687
13285	0.97049
13286	0.50378
13287	0.82677
13288	0.9754
13289	0.97593
13290	1.3124
13291	1.3116
13292	1.3097
13293	1.1629
13294	1.097
13295	1.0849
13296	1.0116
13297	1.0137
13298	0.9596
13299	0.98333
13300	1.3213
13301	1.3243
13302	0.94957
13303	1.1717
13304	1.1065
13305	1.1054
13306	0.95886
13307	0.96191
13308	1.0911
13309	1.2569
13310	1.2565
13311	1.2545
13312	1.3104
13313	1.4868
13314	1.4892
13315	1.3837
13316	0.98347
13317	1.6383
13318	0.8048
13319	0.80262
13320	1.13
13321	1.1293
13322	0.92865
13323	0.92616
13324	0.96059
13325	0.96127
13326	0.80579
13327	0.98733
13328	1.0785
13329	0.80384
13330	0.89415
13331	1.0842
13332	0.9471
13333	0.81632
13334	0.81486
13335	0.83429
13336	0.8353
13337	0.83607
13338	0.81988
13339	0.87528
13340	0.86185
13341	0.86204
13342	0.81153
13343	0.82971
13344	0.83013
13345	1.2167
13346	1.0635
13347	1.149
13348	0.90547
13349	0.77824
13350	0.89189
13351	0.43765
13352	1.1784
13353	1.1699
13354	0.43211
13355	1.1042
13356	1.1031
13357	0.42248
13358	0.62114
13359	0.95419
13360	0.4188
13361	0.42156
13362	0.72873
13363	0.66358
13364	0.99898
13365	1.6185
13366	1.619
13367	0.98234
13368	0.98072
13369	0.98265
13370	1.4823
13371	0.4076
13372	1.6724
13373	1.6723
13374	1.6405
13375	1.6092
13376	1.6031
13377	1.2935
13378	1.1522
13379	1.1543
13380	0.93064
13381	0.90841
13382	0.90632
13383	0.88318
13384	1.0711
13385	1.0679
13386	0.82358
13387	0.87656
13388	0.82556
13389	0.82719
13390	0.82722
13391	1.1202
13392	1.0956
13393	0.83881
13394	0.89779
13395	0.88802
13396	0.85855
13397	0.93139
13398	0.81103
13399	0.94463
13400	0.94213
13401	0.9697
13402	0.42524
13403	0.96807
13404	1.1593
13405	1.2531
13406	0.70817
13407	0.75311
13408	0.94323
13409	1.1555
13410	1.6807
13411	1.6789
13412	1.1854
13413	0.92038
13414	0.96373
13415	0.96164
13416	0.67254
13417	0.62886
13418	0.42304
13419	0.90576
13420	1.2551
13421	1.5373
13422	0.82342
13423	1.0829
13424	1.131
13425	1.1281
13426	0.80361
13427	1.6744
13428	1.3295
13429	0.94504
13430	0.814
13431	0.81524
13432	0.95512
13433	1.6716
13434	1.1212
13435	1.1182
13436	1.4698
13437	1.3268
13438	0.77546
13439	1.1355
13440	0.96864
13441	0.92992
13442	1.0556
13443	1.0661
13444	1.1573
13445	0.91809
13446	0.9828
13447	0.98094
13448	0.96301
13449	0.96494
13450	1.6071
13451	1.1833
13452	1.1117
13453	1.1149
13454	0.83761
13455	0.98179
13456	0.98369
13457	0.98225
13458	0.98038
13459	0.98414
13460	0.9337
13461	0.93183
13462	0.93258
13463	0.93071
13464	0.44908
13465	0.45057
13466	0.45251
13467	0.45201
13468	0.454
13469	0.91522
13470	0.91729
13471	0.91748
13472	0.91502
13473	0.91301
13474	0.91709
13475	0.91945
13476	0.91482
13477	0.92391
13478	0.9216
13479	0.92422
13480	0.92191
13481	0.91965
13482	0.92211
13483	0.91984
13484	0.91765
13485	0.91997
13486	0.92227
13487	0.91778
13488	0.91569
13489	0.91788
13490	0.92005
13491	0.9158
13492	0.91796
13493	1.0534
13494	1.0509
13495	1.053
13496	1.0505
13497	0.92465
13498	0.92235
13499	0.92462
13500	0.92231
13501	0.92013
13502	0.92228
13503	0.92009
13504	0.97792
13505	0.97987
13506	0.97842
13507	0.98038
13508	0.98248
13509	0.98086
13510	0.98297
13511	0.98485
13512	0.98655
13513	0.98834
13514	1.1343
13515	1.1365
13516	1.1331
13517	1.1354
13518	1.1373
13519	1.1343
13520	1.1363
13521	1.7039
13522	1.7014
13523	1.7055
13524	0.42244
13525	1.3077
13526	0.56058
13527	1.1553
13528	0.82863
13529	0.77707
13530	0.77623
13531	0.77999
13532	1.4359
13533	0.8853
13534	0.91033
13535	0.9105
13536	0.91225
13537	0.94229
13538	0.94435
13539	0.94133
13540	1.3058
13541	0.89852
13542	0.9005
13543	0.89843
13544	0.90042
13545	0.90243
13546	0.9003
13547	0.90232
13548	0.90434
13549	0.90217
13550	0.90419
13551	0.90616
13552	0.904
13553	0.90596
13554	0.91084
13555	0.91282
13556	0.91065
13557	0.91263
13558	0.91456
13559	0.91242
13560	0.91435
13561	0.9162
13562	0.91409
13563	0.91594
13564	1.2502
13565	1.2483
13566	1.2526
13567	1.2507
13568	0.89383
13569	0.89585
13570	0.8935
13571	0.89552
13572	0.8976
13573	0.89512
13574	0.89721
13575	0.89932
13576	0.89673
13577	0.89885
13578	0.90094
13579	0.89828
13580	0.90038
13581	0.86201
13582	0.86392
13583	0.8619
13584	0.86381
13585	0.8657
13586	0.86362
13587	0.86552
13588	0.86736
13589	0.86524
13590	0.86891
13591	0.86708
13592	0.86858
13593	1.1253
13594	1.1273
13595	1.1246
13596	1.1287
13597	1.1267
13598	1.128
13599	1.4678
13600	1.4658
13601	1.4704
13602	1.4683
13603	1.1604
13604	1.1584
13605	1.1616
13606	1.1596
13607	1.1575
13608	1.1608
13609	1.1588
13610	1.1569
13611	1.1601
13612	1.1582
13613	1.1563
13614	1.1592
13615	1.1573
13616	0.95258
13617	0.95448
13618	0.9535
13619	0.95346
13620	0.95536
13621	0.95734
13622	0.95636
13623	0.95617
13624	0.95815
13625	0.96018
13626	0.95925
13627	0.95889
13628	0.96091
13629	0.96209
13630	1.2182
13631	1.2162
13632	1.2208
13633	1.2189
13634	0.99007
13635	0.99187
13636	0.99077
13637	0.99256
13638	0.99435
13639	0.99339
13640	0.99518
13641	1.1089
13642	1.1058
13643	1.1079
13644	1.1048
13645	1.1022
13646	1.104
13647	1.1014
13648	1.099
13649	1.1008
13650	1.0984
13651	0.94134
13652	0.9432
13653	0.94257
13654	0.94442
13655	0.80633
13656	0.80894
13657	0.8065
13658	0.80911
13659	1.1266
13660	1.1246
13661	1.1272
13662	1.1252
13663	1.1232
13664	1.1259
13665	1.1239
13666	1.4078
13667	1.4061
13668	1.4105
13669	1.4087
13670	1.6943
13671	1.6937
13672	1.6953
13673	1.6982
13674	1.6923
13675	1.6896
13676	1.6942
13677	1.6976
13678	1.6915
13679	0.42633
13680	0.42948
13681	0.42819
13682	0.43132
13683	0.67184
13684	0.67502
13685	0.67092
13686	0.67411
13687	0.96599
13688	0.96403
13689	0.96507
13690	0.96311
13691	0.96117
13692	0.96219
13693	0.96025
13694	0.95827
13695	0.95923
13696	0.95726
13697	0.95538
13698	0.95621
13699	0.95433
13700	0.86774
13701	0.86592
13702	0.8682
13703	0.86638
13704	0.86457
13705	0.86675
13706	0.86494
13707	0.84593
13708	0.84376
13709	0.84627
13710	0.8441
13711	0.84178
13712	0.84449
13713	0.84217
13714	0.83991
13715	0.8428
13716	0.84054
13717	0.83838
13718	0.84131
13719	0.83915
13720	0.9488
13721	0.94792
13722	0.94712
13723	0.94625
13724	0.81528
13725	0.81775
13726	0.81509
13727	0.81756
13728	0.81996
13729	0.81916
13730	0.82035
13731	0.82192
13732	0.82024
13733	0.82182
13734	1.0963
13735	0.46634
13736	0.77916
13737	0.94228
13738	0.94419
13739	0.94339
13740	0.9465
13741	0.9453
13742	0.94852
13743	0.95256
13744	0.95059
13745	0.95128
13746	0.9493
13747	0.94733
13748	0.94809
13749	0.94611
13750	0.88599
13751	0.88428
13752	0.88409
13753	0.88625
13754	0.88454
13755	0.88282
13756	0.88265
13757	0.88487
13758	0.88315
13759	0.88135
13760	0.88118
13761	0.8834
13762	0.8816
13763	0.87989
13764	0.87967
13765	0.8819
13766	0.8802
13767	0.87823
13768	1.1867
13769	1.1883
13770	1.1848
13771	1.1864
13772	1.1886
13773	1.1848
13774	1.1869
13775	1.189
13776	1.1852
13777	1.1873
13778	1.1891
13779	1.1854
13780	1.1872
13781	0.62855
13782	0.63164
13783	0.62848
13784	0.63157
13785	0.97141
13786	0.97331
13787	0.97204
13788	0.97393
13789	0.97593
13790	0.97455
13791	0.97654
13792	0.97847
13793	0.97714
13794	0.97906
13795	1.7005
13796	1.7026
13797	1.7049
13798	1.7007
13799	1.703
13800	0.87625
13801	0.878
13802	0.87602
13803	0.87776
13804	0.8795
13805	0.8776
13806	0.87933
13807	0.881
13808	0.87916
13809	0.88083
13810	0.88246
13811	0.8806
13812	0.88223
13813	0.41261
