Node Number	Equivalent (von-Mises) Stress (MPa)
1	5.3733
2	5.3821
3	16.404
4	16.218
5	15.995
6	15.753
7	15.501
8	15.244
9	14.986
10	14.728
11	14.473
12	14.222
13	13.976
14	13.736
15	13.502
16	13.275
17	13.054
18	12.839
19	12.629
20	12.425
21	12.224
22	12.026
23	11.831
24	11.635
25	11.44
26	11.243
27	11.042
28	10.837
29	10.627
30	10.41
31	10.185
32	9.9513
33	9.7087
34	9.4557
35	9.1913
36	8.9152
37	8.6267
38	8.3263
39	8.0137
40	7.6889
41	7.353
42	7.0071
43	6.6528
44	6.2933
45	5.9323
46	5.5744
47	5.2263
48	4.8967
49	4.5963
50	4.3382
51	4.1384
52	4.0116
53	3.9686
54	4.0156
55	4.1499
56	4.3761
57	4.6888
58	21.167
59	16.623
60	16.884
61	17.168
62	17.466
63	17.77
64	18.072
65	18.371
66	18.663
67	18.948
68	19.223
69	19.487
70	19.74
71	19.981
72	20.205
73	20.416
74	20.607
75	20.782
76	20.934
77	21.06
78	21.16
79	21.231
80	21.273
81	21.287
82	21.279
83	21.255
84	21.219
85	5.6455
86	21.119
87	21.064
88	21.
89	20.927
90	20.845
91	20.753
92	20.653
93	20.543
94	20.423
95	20.293
96	20.153
97	20.002
98	19.841
99	19.669
100	19.487
101	19.293
102	19.088
103	18.871
104	18.642
105	18.403
106	18.152
107	17.89
108	17.615
109	17.328
110	17.029
111	16.718
112	16.395
113	16.062
114	15.716
115	15.358
116	14.987
117	14.606
118	14.216
119	13.813
120	13.401
121	12.981
122	12.553
123	12.119
124	11.679
125	11.235
126	10.789
127	10.344
128	9.9046
129	9.4749
130	9.0576
131	8.6616
132	8.2951
133	7.9683
134	7.6926
135	7.4798
136	7.3423
137	7.293
138	7.3425
139	7.4947
140	7.7488
141	8.0974
142	8.5283
143	9.0248
144	9.5665
145	10.131
146	10.693
147	11.226
148	11.703
149	12.1
150	12.384
151	12.534
152	12.525
153	12.338
154	11.954
155	11.363
156	10.554
157	9.5166
158	8.2283
159	6.7404
160	18.825
161	18.716
162	18.602
163	18.482
164	18.358
165	18.228
166	18.093
167	17.951
168	17.804
169	17.651
170	17.492
171	17.326
172	17.154
173	16.975
174	16.789
175	16.596
176	16.395
177	16.187
178	15.972
179	15.749
180	15.518
181	15.278
182	15.03
183	14.774
184	14.509
185	14.236
186	13.954
187	13.663
188	13.363
189	13.055
190	12.738
191	12.412
192	12.078
193	11.735
194	11.384
195	11.026
196	10.662
197	10.292
198	9.9161
199	9.5367
200	9.1556
201	8.7748
202	8.3974
203	8.0266
204	7.6675
205	7.3254
206	7.0082
207	6.7244
208	6.4852
209	6.3025
210	6.1884
211	6.1556
212	6.2136
213	6.3681
214	6.6188
215	6.9664
216	7.3918
217	7.8823
218	8.429
219	9.0091
220	9.6015
221	10.184
222	10.732
223	11.223
224	11.628
225	11.93
226	12.101
227	12.115
228	11.977
229	11.606
230	11.094
231	10.336
232	9.3482
233	8.1361
234	6.7519
235	19.516
236	19.516
237	19.515
238	19.513
239	19.511
240	19.509
241	19.507
242	19.506
243	19.506
244	19.506
245	19.507
246	19.507
247	19.509
248	19.51
249	19.511
250	19.513
251	19.514
252	19.515
253	19.516
254	19.517
255	19.518
256	19.518
257	19.518
258	19.518
259	19.518
260	19.517
261	19.517
262	19.516
263	19.515
264	19.514
265	19.513
266	19.511
267	19.51
268	19.508
269	19.506
270	19.504
271	19.503
272	19.501
273	19.499
274	19.497
275	19.495
276	19.493
277	19.49
278	19.489
279	19.487
280	19.485
281	19.483
282	19.481
283	19.479
284	19.477
285	19.476
286	19.474
287	19.473
288	19.471
289	19.47
290	19.469
291	19.468
292	19.468
293	19.467
294	19.467
295	19.467
296	19.467
297	19.467
298	19.468
299	19.469
300	19.47
301	19.472
302	19.474
303	19.476
304	19.479
305	19.482
306	19.486
307	19.49
308	19.495
309	19.5
310	19.506
311	19.512
312	19.52
313	19.527
314	19.536
315	19.545
316	19.555
317	19.565
318	19.577
319	19.589
320	19.602
321	19.616
322	19.63
323	19.646
324	19.662
325	19.68
326	19.698
327	19.717
328	19.738
329	19.759
330	19.781
331	19.804
332	19.827
333	19.852
334	19.877
335	19.904
336	19.931
337	19.958
338	19.987
339	20.016
340	20.046
341	20.076
342	20.106
343	20.137
344	20.169
345	20.2
346	20.231
347	20.263
348	20.294
349	20.324
350	20.354
351	20.384
352	20.413
353	20.439
354	20.466
355	20.493
356	20.515
357	20.537
358	20.556
359	20.574
360	20.588
361	20.599
362	20.607
363	20.611
364	20.611
365	20.607
366	20.597
367	20.582
368	20.561
369	20.534
370	20.499
371	20.456
372	20.405
373	20.343
374	20.272
375	20.19
376	20.096
377	19.988
378	19.866
379	19.729
380	19.579
381	19.427
382	19.28
383	19.134
384	18.986
385	19.163
386	19.431
387	19.347
388	19.266
389	19.195
390	19.143
391	19.112
392	15.03
393	19.075
394	18.996
395	18.933
396	18.951
397	18.929
398	18.932
399	18.939
400	18.956
401	18.957
402	18.964
403	18.982
404	18.983
405	18.988
406	19.003
407	19.003
408	19.007
409	19.019
410	19.018
411	19.02
412	19.029
413	19.028
414	19.029
415	19.036
416	19.033
417	19.034
418	19.039
419	19.036
420	19.036
421	19.04
422	19.037
423	19.035
424	19.038
425	19.035
426	19.034
427	19.036
428	19.033
429	19.031
430	19.032
431	19.029
432	19.028
433	19.029
434	19.026
435	19.025
436	19.025
437	19.023
438	19.022
439	19.023
440	19.021
441	19.02
442	19.021
443	19.02
444	19.02
445	19.021
446	19.021
447	19.021
448	19.023
449	19.023
450	19.024
451	19.027
452	19.028
453	19.03
454	19.034
455	19.036
456	19.039
457	19.044
458	19.047
459	19.052
460	19.058
461	19.062
462	19.068
463	19.075
464	19.081
465	19.088
466	19.097
467	19.105
468	19.113
469	19.123
470	19.132
471	19.142
472	19.154
473	19.165
474	19.176
475	19.189
476	19.201
477	19.215
478	19.229
479	19.243
480	19.257
481	19.273
482	19.287
483	19.303
484	19.319
485	19.335
486	19.351
487	19.368
488	19.383
489	19.399
490	19.417
491	19.432
492	19.447
493	19.464
494	19.478
495	19.492
496	19.507
497	19.519
498	19.531
499	19.543
500	19.552
501	19.56
502	19.568
503	19.572
504	19.575
505	19.577
506	19.576
507	19.572
508	19.567
509	19.557
510	19.545
511	19.53
512	19.51
513	19.486
514	19.459
515	19.427
516	19.389
517	19.347
518	19.299
519	19.244
520	19.184
521	19.116
522	19.04
523	18.958
524	18.866
525	18.765
526	18.656
527	18.535
528	18.403
529	18.261
530	18.106
531	17.938
532	17.757
533	17.561
534	17.35
535	17.123
536	16.879
537	16.619
538	16.352
539	16.085
540	15.832
541	15.602
542	15.403
543	15.219
544	82.283
545	14.864
546	14.694
547	14.521
548	14.344
549	14.163
550	13.978
551	13.79
552	13.599
553	13.405
554	13.208
555	13.009
556	12.807
557	12.604
558	12.399
559	12.194
560	11.989
561	11.785
562	11.582
563	11.381
564	11.185
565	10.993
566	10.807
567	10.628
568	10.46
569	10.302
570	10.158
571	10.028
572	9.9171
573	9.8257
574	9.7571
575	9.7137
576	9.6976
577	9.7115
578	9.7575
579	9.8379
580	9.9537
581	10.107
582	10.298
583	10.528
584	10.796
585	11.102
586	11.445
587	11.826
588	12.242
589	12.692
590	13.174
591	13.688
592	14.23
593	14.8
594	15.396
595	16.017
596	16.662
597	17.33
598	18.022
599	18.741
600	19.489
601	20.276
602	21.113
603	22.022
604	23.031
605	24.199
606	25.619
607	27.453
608	30.205
609	34.636
610	47.662
611	14.384
612	14.149
613	13.904
614	13.653
615	13.402
616	13.134
617	12.872
618	12.598
619	12.317
620	12.038
621	11.744
622	11.45
623	11.156
624	10.847
625	10.546
626	10.235
627	9.9225
628	9.6154
629	9.2954
630	8.9888
631	8.678
632	8.3699
633	8.0768
634	7.7808
635	7.5018
636	7.2437
637	6.9941
638	6.7799
639	6.5895
640	6.4345
641	6.326
642	6.2545
643	6.2436
644	6.2839
645	6.3815
646	6.5427
647	6.7539
648	7.0274
649	7.3561
650	7.7297
651	8.156
652	8.622
653	9.1248
654	9.665
655	10.236
656	10.837
657	11.464
658	12.113
659	12.784
660	13.469
661	14.176
662	14.901
663	15.643
664	16.401
665	17.176
666	17.97
667	18.786
668	19.634
669	20.526
670	21.485
671	22.54
672	23.753
673	25.217
674	27.094
675	29.914
676	34.224
677	47.018
678	19.176
679	19.381
680	19.488
681	19.596
682	19.603
683	19.629
684	19.63
685	19.569
686	19.477
687	19.416
688	19.275
689	19.119
690	18.967
691	18.821
692	18.609
693	18.377
694	18.118
695	17.837
696	17.538
697	17.217
698	16.863
699	16.495
700	16.114
701	15.747
702	15.405
703	15.067
704	14.736
705	6.0647
706	18.984
707	18.76
708	18.703
709	18.744
710	18.595
711	18.555
712	18.539
713	18.318
714	18.259
715	18.179
716	17.865
717	17.808
718	17.686
719	17.302
720	17.279
721	17.042
722	16.633
723	16.62
724	16.087
725	15.942
726	15.856
727	15.289
728	15.236
729	14.992
730	14.423
731	14.397
732	14.063
733	13.523
734	13.487
735	13.131
736	12.554
737	12.757
738	12.09
739	11.706
740	11.636
741	10.985
742	10.606
743	10.686
744	10.109
745	10.169
746	9.626
747	9.1281
748	9.6015
749	8.8039
750	8.8368
751	8.6733
752	8.3943
753	7.5094
754	8.4401
755	6.7992
756	6.9636
757	7.9182
758	5.5912
759	6.2376
760	6.0103
761	3.734
762	6.7506
763	7.4251
764	5.176
765	5.8299
766	5.3838
767	5.7374
768	4.8524
769	4.773
770	5.6127
771	4.902
772	26.381
773	15.058
774	23.239
775	28.881
776	1.1842
777	19.327
778	12.003
779	10.424
780	6.4
781	10.619
782	10.113
783	4.8969
784	6.5883
785	6.7843
786	6.385
787	6.1636
788	5.7708
789	5.2824
790	4.9195
791	4.4916
792	4.0281
793	3.6876
794	3.3182
795	2.9305
796	2.6513
797	2.3545
798	2.0433
799	1.8244
800	1.5912
801	1.3382
802	1.141
803	0.91356
804	0.6726
805	0.48255
806	0.28429
807	7.8016e-002
808	9.9348e-002
809	0.2565
810	0.43109
811	0.58383
812	0.71311
813	0.86114
814	0.98684
815	1.0893
816	1.2069
817	1.3092
818	1.3851
819	1.4777
820	1.5567
821	1.6104
822	1.6814
823	1.7401
824	1.7803
825	1.8395
826	1.8942
827	1.9365
828	1.9862
829	2.0309
830	2.0617
831	2.0988
832	2.1314
833	2.15
834	2.1741
835	2.195
836	2.2012
837	2.2135
838	2.2247
839	2.2189
840	2.2224
841	2.2223
842	2.2101
843	2.2112
844	2.2131
845	2.2076
846	2.2082
847	2.2089
848	2.1994
849	2.1962
850	2.1918
851	2.1765
852	2.1649
853	2.1543
854	2.1288
855	2.1072
856	2.0878
857	2.0527
858	2.0223
859	2.0036
860	1.9849
861	1.9601
862	1.9435
863	1.9214
864	1.8913
865	1.8684
866	1.8383
867	1.7964
868	1.7634
869	1.7198
870	1.6632
871	1.6168
872	1.5611
873	1.5066
874	1.4677
875	1.4243
876	1.3761
877	1.3335
878	1.2838
879	1.2254
880	1.1712
881	1.1071
882	1.0312
883	0.95455
884	0.87485
885	0.77469
886	0.68508
887	0.60446
888	0.52146
889	0.45672
890	0.46283
891	0.97828
892	3.4417
893	0.10418
894	0.87951
895	1.5587
896	2.1486
897	2.6272
898	3.0478
899	4.7023
900	4.4185
901	4.109
902	3.8018
903	3.5174
904	3.3402
905	3.3383
906	3.5346
907	3.8674
908	4.2654
909	4.6644
910	5.0168
911	5.3079
912	5.5259
913	5.6751
914	5.7548
915	5.7791
916	5.7512
917	5.6812
918	5.576
919	5.4411
920	5.2875
921	5.1145
922	4.9304
923	4.7384
924	4.5419
925	4.3445
926	4.1499
927	3.9602
928	3.7778
929	3.6052
930	3.4437
931	3.2949
932	3.1602
933	3.0396
934	2.9347
935	2.8446
936	2.7685
937	2.7073
938	2.6595
939	2.6226
940	2.5969
941	2.5802
942	2.5711
943	2.5684
944	2.5697
945	2.5755
946	2.5835
947	2.593
948	2.603
949	2.6138
950	2.6247
951	2.6346
952	2.6444
953	2.6533
954	2.6622
955	2.6697
956	2.677
957	2.6828
958	2.688
959	2.6917
960	2.6947
961	2.6956
962	2.6959
963	2.6937
964	2.6905
965	2.685
966	2.678
967	2.6689
968	2.6581
969	2.6457
970	2.6319
971	2.617
972	2.6004
973	2.5835
974	2.5649
975	2.5458
976	2.525
977	2.5036
978	2.4811
979	2.4574
980	2.4325
981	2.4061
982	2.3794
983	2.3513
984	2.3224
985	2.2935
986	2.264
987	2.2355
988	2.2071
989	2.1794
990	2.1533
991	2.1285
992	2.106
993	2.0857
994	2.068
995	2.0533
996	2.0425
997	2.0359
998	2.034
999	2.0382
1000	2.0485
1001	2.0656
1002	2.0901
1003	2.1222
1004	2.1631
1005	2.2127
1006	2.2714
1007	2.3392
1008	2.417
1009	2.5051
1010	2.605
1011	2.7179
1012	2.8447
1013	2.9814
1014	3.1253
1015	3.2785
1016	14.484
1017	19.856
1018	14.226
1019	14.717
1020	10.849
1021	10.743
1022	11.09
1023	10.384
1024	13.573
1025	12.521
1026	13.194
1027	15.581
1028	11.866
1029	10.979
1030	15.161
1031	15.408
1032	14.721
1033	14.97
1034	14.088
1035	12.024
1036	12.222
1037	11.645
1038	11.292
1039	11.486
1040	11.087
1041	11.181
1042	10.864
1043	10.765
1044	10.81
1045	10.996
1046	10.878
1047	11.358
1048	11.554
1049	11.406
1050	12.352
1051	10.811
1052	10.821
1053	10.568
1054	12.096
1055	11.804
1056	13.545
1057	12.656
1058	13.416
1059	14.065
1060	14.882
1061	15.636
1062	10.119
1063	14.857
1064	14.649
1065	14.474
1066	13.938
1067	13.815
1068	13.34
1069	12.077
1070	11.415
1071	11.275
1072	10.771
1073	10.662
1074	10.475
1075	10.099
1076	10.15
1077	10.841
1078	11.891
1079	11.067
1080	11.435
1081	11.18
1082	10.95
1083	10.782
1084	10.917
1085	11.798
1086	12.262
1087	14.337
1088	15.012
1089	13.308
1090	10.879
1091	5.5389
1092	7.9676
1093	15.984
1094	13.773
1095	12.797
1096	11.685
1097	12.063
1098	10.292
1099	10.901
1100	13.656
1101	15.569
1102	11.873
1103	15.734
1104	11.527
1105	11.362
1106	9.5416
1107	10.109
1108	10.503
1109	9.8036
1110	14.875
1111	15.136
1112	14.385
1113	14.644
1114	13.954
1115	13.483
1116	13.745
1117	12.896
1118	11.381
1119	11.889
1120	11.402
1121	11.552
1122	11.14
1123	11.279
1124	10.977
1125	10.873
1126	10.886
1127	10.874
1128	10.922
1129	11.752
1130	11.523
1131	11.935
1132	12.584
1133	13.336
1134	13.255
1135	13.355
1136	12.422
1137	12.966
1138	11.513
1139	13.082
1140	13.29
1141	13.382
1142	12.399
1143	11.763
1144	12.044
1145	10.582
1146	10.708
1147	10.607
1148	10.084
1149	10.238
1150	10.504
1151	10.991
1152	11.847
1153	12.076
1154	12.71
1155	13.564
1156	13.652
1157	14.684
1158	16.832
1159	16.478
1160	14.725
1161	13.591
1162	5.0639
1163	6.1604
1164	8.4291
1165	15.034
1166	14.819
1167	14.466
1168	14.172
1169	13.548
1170	12.554
1171	12.308
1172	11.839
1173	11.631
1174	11.527
1175	10.618
1176	10.138
1177	9.3752
1178	8.2709
1179	6.0295
1180	9.235
1181	9.8002
1182	9.889
1183	10.042
1184	10.578
1185	10.862
1186	10.935
1187	11.076
1188	11.176
1189	11.177
1190	11.363
1191	12.188
1192	12.569
1193	13.462
1194	13.355
1195	14.333
1196	15.2
1197	15.82
1198	16.012
1199	16.227
1200	16.085
1201	15.246
1202	11.479
1203	11.056
1204	10.599
1205	10.233
1206	7.0479
1207	5.8983
1208	5.4439
1209	4.5747
1210	2.0886
1211	1.7347
1212	1.5821
1213	1.6964
1214	2.8469
1215	12.997
1216	16.802
1217	5.0989
1218	13.039
1219	16.089
1220	14.832
1221	11.316
1222	9.0762
1223	4.8339
1224	8.7179
1225	16.44
1226	14.324
1227	4.9635
1228	5.4526
1229	15.025
1230	14.591
1231	13.94
1232	13.693
1233	13.294
1234	13.502
1235	12.877
1236	13.06
1237	12.685
1238	12.356
1239	11.998
1240	11.737
1241	11.429
1242	11.099
1243	10.921
1244	11.017
1245	10.803
1246	10.849
1247	10.789
1248	10.919
1249	10.852
1250	11.144
1251	11.006
1252	11.433
1253	11.83
1254	11.617
1255	12.449
1256	13.004
1257	12.685
1258	13.684
1259	15.096
1260	15.243
1261	15.418
1262	15.54
1263	14.91
1264	12.419
1265	10.529
1266	13.681
1267	14.3
1268	14.627
1269	13.214
1270	13.755
1271	12.763
1272	11.897
1273	10.681
1274	10.276
1275	10.467
1276	10.243
1277	9.3253
1278	9.6303
1279	9.5778
1280	9.7508
1281	10.171
1282	10.262
1283	10.485
1284	10.489
1285	10.741
1286	10.983
1287	11.325
1288	11.169
1289	11.506
1290	11.721
1291	12.116
1292	11.932
1293	12.805
1294	12.428
1295	13.32
1296	14.091
1297	14.409
1298	15.193
1299	17.243
1300	17.004
1301	16.695
1302	16.443
1303	15.872
1304	15.668
1305	15.156
1306	15.472
1307	14.664
1308	14.929
1309	13.989
1310	14.343
1311	12.151
1312	11.743
1313	10.552
1314	10.881
1315	9.932
1316	9.2958
1317	9.6249
1318	8.9864
1319	8.3668
1320	8.665
1321	8.0689
1322	6.055
1323	5.9765
1324	5.6629
1325	4.8005
1326	5.2688
1327	4.4266
1328	4.0724
1329	2.5524
1330	4.6863
1331	7.1863
1332	8.3457
1333	6.7155
1334	5.0603
1335	5.5303
1336	5.3253
1337	5.5245
1338	7.3863
1339	19.222
1340	19.22
1341	19.206
1342	19.192
1343	19.325
1344	19.513
1345	19.543
1346	19.739
1347	19.774
1348	19.834
1349	17.035
1350	16.67
1351	16.611
1352	16.687
1353	16.349
1354	16.091
1355	15.622
1356	15.429
1357	15.211
1358	14.786
1359	14.598
1360	13.845
1361	13.077
1362	12.8
1363	12.533
1364	11.957
1365	11.692
1366	11.431
1367	10.656
1368	10.198
1369	9.9841
1370	9.7718
1371	8.5973
1372	8.3414
1373	7.3762
1374	7.2945
1375	6.7705
1376	4.7295
1377	8.3533
1378	8.6532
1379	8.9441
1380	9.0558
1381	9.1081
1382	9.2114
1383	9.6825
1384	9.9864
1385	10.122
1386	10.308
1387	10.546
1388	10.738
1389	10.913
1390	11.147
1391	11.365
1392	11.528
1393	11.744
1394	13.339
1395	13.67
1396	14.007
1397	14.49
1398	14.23
1399	14.663
1400	15.253
1401	15.671
1402	16.529
1403	16.195
1404	16.606
1405	17.012
1406	15.832
1407	16.711
1408	16.388
1409	16.116
1410	15.825
1411	15.627
1412	15.47
1413	15.273
1414	15.061
1415	14.574
1416	14.038
1417	13.198
1418	12.796
1419	12.377
1420	12.009
1421	11.283
1422	9.235
1423	8.9413
1424	8.5372
1425	6.9365
1426	5.8096
1427	3.8201
1428	1.5539
1429	1.325
1430	2.0674
1431	3.1668
1432	2.2261
1433	4.6689
1434	2.5816
1435	2.4165
1436	1.851
1437	1.1262
1438	1.1262
1439	0.95442
1440	5.5677
1441	12.863
1442	2.1647
1443	2.207
1444	13.723
1445	13.317
1446	12.956
1447	17.254
1448	17.103
1449	16.817
1450	17.009
1451	19.187
1452	12.384
1453	17.24
1454	12.6
1455	4.2847
1456	4.2507
1457	7.1576
1458	1.4437
1459	1.2403
1460	1.0879
1461	0.95359
1462	0.88438
1463	0.82302
1464	0.79675
1465	0.73833
1466	0.78384
1467	0.79059
1468	0.83132
1469	0.84842
1470	0.86388
1471	0.9006
1472	0.92875
1473	0.93855
1474	1.0476
1475	1.0559
1476	1.0845
1477	1.0782
1478	1.1465
1479	1.1809
1480	1.2179
1481	1.1672
1482	1.199
1483	1.1874
1484	1.2103
1485	1.2817
1486	1.3107
1487	1.2973
1488	1.3585
1489	1.4692
1490	1.559
1491	1.6092
1492	1.7086
1493	1.9098
1494	2.1698
1495	2.7872
1496	2.932
1497	3.2713
1498	3.6648
1499	4.0369
1500	4.3799
1501	4.7593
1502	4.7357
1503	4.6256
1504	4.0725
1505	4.419
1506	2.4135
1507	1.7815
1508	1.9346
1509	2.0337
1510	1.5829
1511	1.2982
1512	4.5381
1513	4.901
1514	5.3
1515	6.12
1516	6.8236
1517	8.1013
1518	8.7775
1519	10.537
1520	12.082
1521	12.654
1522	13.415
1523	13.963
1524	14.68
1525	14.895
1526	15.093
1527	15.514
1528	15.708
1529	16.538
1530	16.8
1531	17.009
1532	17.406
1533	17.479
1534	17.253
1535	17.078
1536	16.614
1537	16.955
1538	17.863
1539	17.867
1540	17.884
1541	17.446
1542	17.147
1543	17.393
1544	17.338
1545	16.683
1546	15.271
1547	15.055
1548	15.178
1549	15.056
1550	14.716
1551	14.408
1552	14.125
1553	14.173
1554	13.077
1555	12.798
1556	12.397
1557	12.08
1558	11.538
1559	11.225
1560	10.59
1561	10.298
1562	9.4137
1563	8.702
1564	8.3629
1565	7.8959
1566	8.003
1567	7.6158
1568	7.4447
1569	7.1275
1570	6.3133
1571	5.8702
1572	5.8964
1573	6.0281
1574	6.161
1575	6.2912
1576	6.4094
1577	6.5055
1578	6.5501
1579	6.4702
1580	6.6704
1581	6.8937
1582	7.0639
1583	7.1466
1584	7.2852
1585	7.4762
1586	8.127
1587	8.3648
1588	8.6059
1589	8.8604
1590	9.12
1591	9.381
1592	9.6692
1593	9.9396
1594	10.219
1595	10.515
1596	10.846
1597	11.138
1598	11.432
1599	11.73
1600	12.064
1601	12.612
1602	12.835
1603	13.07
1604	13.384
1605	13.625
1606	13.877
1607	14.153
1608	14.682
1609	14.47
1610	14.871
1611	15.094
1612	15.247
1613	16.537
1614	16.758
1615	16.855
1616	17.232
1617	17.106
1618	17.216
1619	17.562
1620	17.802
1621	18.212
1622	18.277
1623	18.422
1624	18.75
1625	19.373
1626	19.802
1627	19.877
1628	19.889
1629	19.984
1630	19.905
1631	19.812
1632	19.84
1633	19.726
1634	19.584
1635	19.612
1636	19.504
1637	19.436
1638	19.405
1639	19.379
1640	19.353
1641	19.313
1642	19.285
1643	19.293
1644	19.288
1645	19.277
1646	19.278
1647	19.273
1648	19.265
1649	19.279
1650	19.274
1651	19.263
1652	19.263
1653	19.265
1654	19.274
1655	19.277
1656	19.282
1657	19.289
1658	19.284
1659	19.295
1660	19.298
1661	19.287
1662	19.268
1663	19.282
1664	19.265
1665	19.259
1666	19.26
1667	19.262
1668	19.257
1669	6.9638
1670	6.4711
1671	6.5194
1672	6.5347
1673	6.7172
1674	6.8265
1675	6.8999
1676	4.772
1677	3.6307
1678	4.1033
1679	5.2237
1680	0.64471
1681	0.61957
1682	0.55847
1683	0.50569
1684	0.48261
1685	0.4539
1686	0.44275
1687	0.44226
1688	0.4226
1689	0.40681
1690	0.41828
1691	0.43154
1692	0.42487
1693	0.43302
1694	0.43442
1695	0.44483
1696	0.45538
1697	0.46926
1698	0.48099
1699	0.50923
1700	0.5234
1701	0.54218
1702	0.55865
1703	0.58138
1704	0.58818
1705	0.60426
1706	0.61362
1707	0.62945
1708	0.64813
1709	0.66111
1710	0.68012
1711	0.69869
1712	0.71733
1713	0.73392
1714	0.75598
1715	0.76451
1716	0.79932
1717	0.80909
1718	0.82613
1719	0.83663
1720	0.84445
1721	0.85179
1722	0.85114
1723	0.85914
1724	0.8788
1725	0.88056
1726	0.90046
1727	0.91069
1728	0.92344
1729	0.93605
1730	0.93815
1731	0.9539
1732	0.98615
1733	1.002
1734	1.0491
1735	1.0722
1736	1.2705
1737	1.3751
1738	2.7695
1739	2.9672
1740	3.1978
1741	3.6291
1742	3.8544
1743	4.0449
1744	4.7276
1745	4.6874
1746	4.5541
1747	4.2365
1748	2.5242
1749	3.283
1750	4.9558
1751	8.4779
1752	7.2663
1753	5.6162
1754	3.8033
1755	2.8542
1756	2.6665
1757	2.7813
1758	3.0913
1759	4.3702
1760	4.7092
1761	5.007
1762	5.2939
1763	5.5379
1764	5.8584
1765	6.1817
1766	6.4364
1767	6.8045
1768	7.0825
1769	7.342
1770	7.6349
1771	7.9262
1772	8.2013
1773	8.485
1774	8.7779
1775	9.1058
1776	9.3844
1777	9.6966
1778	9.9685
1779	10.183
1780	10.855
1781	11.159
1782	11.849
1783	12.136
1784	12.425
1785	12.739
1786	13.04
1787	13.39
1788	13.71
1789	14.125
1790	14.377
1791	14.704
1792	15.004
1793	15.351
1794	15.565
1795	15.799
1796	15.971
1797	16.117
1798	16.308
1799	16.481
1800	16.642
1801	16.814
1802	17.011
1803	17.221
1804	17.338
1805	17.367
1806	17.459
1807	17.564
1808	17.618
1809	17.654
1810	17.61
1811	17.65
1812	17.657
1813	17.718
1814	17.788
1815	17.814
1816	17.841
1817	17.821
1818	17.79
1819	17.724
1820	17.635
1821	17.532
1822	17.408
1823	17.276
1824	16.896
1825	16.704
1826	16.476
1827	16.24
1828	15.979
1829	15.068
1830	14.68
1831	14.376
1832	14.122
1833	13.899
1834	13.673
1835	13.438
1836	13.206
1837	12.993
1838	12.816
1839	12.696
1840	12.224
1841	12.021
1842	11.826
1843	11.647
1844	11.475
1845	11.255
1846	11.031
1847	10.619
1848	10.411
1849	10.172
1850	9.8833
1851	9.7308
1852	9.7715
1853	9.6972
1854	9.3833
1855	9.2453
1856	9.0232
1857	8.9217
1858	8.8955
1859	8.8356
1860	8.8309
1861	8.8369
1862	8.8252
1863	8.7859
1864	8.7314
1865	8.8223
1866	9.0658
1867	9.7063
1868	9.8771
1869	10.119
1870	10.389
1871	10.719
1872	11.055
1873	11.456
1874	12.285
1875	12.74
1876	12.901
1877	13.106
1878	14.055
1879	14.657
1880	15.293
1881	15.861
1882	16.353
1883	17.22
1884	17.606
1885	17.722
1886	17.716
1887	16.895
1888	15.113
1889	10.678
1890	12.004
1891	14.64
1892	17.145
1893	18.342
1894	18.64
1895	18.457
1896	18.046
1897	17.045
1898	16.695
1899	15.164
1900	14.667
1901	14.198
1902	13.405
1903	13.112
1904	12.836
1905	12.202
1906	11.92
1907	11.674
1908	11.283
1909	11.141
1910	11.003
1911	10.77
1912	10.676
1913	10.573
1914	10.576
1915	10.602
1916	10.72
1917	10.768
1918	10.853
1919	10.981
1920	11.104
1921	11.238
1922	11.33
1923	11.528
1924	11.716
1925	11.881
1926	12.023
1927	12.066
1928	12.187
1929	12.361
1930	12.716
1931	12.906
1932	13.11
1933	13.447
1934	13.6
1935	13.783
1936	14.17
1937	14.332
1938	14.487
1939	14.852
1940	15.046
1941	15.202
1942	15.474
1943	15.763
1944	16.047
1945	16.282
1946	16.454
1947	16.85
1948	16.741
1949	17.487
1950	18.03
1951	18.211
1952	18.394
1953	18.54
1954	18.689
1955	18.827
1956	18.922
1957	19.038
1958	19.149
1959	19.195
1960	19.307
1961	19.379
1962	19.446
1963	19.522
1964	19.585
1965	19.614
1966	19.656
1967	19.7
1968	19.723
1969	19.745
1970	19.745
1971	19.742
1972	19.735
1973	19.807
1974	19.807
1975	19.803
1976	19.79
1977	19.787
1978	19.771
1979	19.756
1980	19.734
1981	19.709
1982	19.684
1983	19.705
1984	19.654
1985	19.635
1986	19.618
1987	19.6
1988	19.58
1989	19.556
1990	19.529
1991	19.5
1992	19.471
1993	19.482
1994	19.456
1995	19.447
1996	19.438
1997	19.415
1998	19.397
1999	19.38
2000	19.367
2001	19.35
2002	19.315
2003	19.292
2004	19.29
2005	19.278
2006	19.266
2007	19.257
2008	19.245
2009	19.231
2010	19.213
2011	19.26
2012	19.235
2013	19.22
2014	19.219
2015	19.216
2016	19.21
2017	19.209
2018	19.204
2019	19.204
2020	19.216
2021	19.196
2022	19.197
2023	19.199
2024	19.196
2025	19.199
2026	19.2
2027	19.201
2028	19.201
2029	19.205
2030	19.208
2031	19.215
2032	19.202
2033	19.206
2034	19.21
2035	19.21
2036	19.207
2037	19.209
2038	19.212
2039	19.214
2040	19.218
2041	19.223
2042	19.218
2043	19.219
2044	19.246
2045	19.223
2046	19.224
2047	19.222
2048	19.217
2049	19.21
2050	19.205
2051	19.189
2052	19.187
2053	19.192
2054	19.195
2055	19.185
2056	19.179
2057	19.178
2058	1.5026
2059	19.263
2060	2.5928
2061	19.264
2062	19.103
2063	19.183
2064	1.0729
2065	7.2906
2066	3.712
2067	19.096
2068	19.104
2069	19.103
2070	19.101
2071	19.118
2072	19.103
2073	19.119
2074	19.123
2075	19.117
2076	19.133
2077	19.143
2078	19.148
2079	19.152
2080	19.159
2081	19.159
2082	19.157
2083	19.157
2084	19.156
2085	19.153
2086	19.156
2087	19.149
2088	19.15
2089	19.146
2090	19.144
2091	19.147
2092	19.146
2093	19.141
2094	19.143
2095	19.148
2096	19.141
2097	19.144
2098	19.138
2099	19.134
2100	19.139
2101	19.135
2102	19.136
2103	19.136
2104	19.132
2105	19.143
2106	19.149
2107	19.15
2108	19.162
2109	19.157
2110	19.162
2111	19.179
2112	19.171
2113	19.18
2114	19.17
2115	19.2
2116	19.192
2117	19.219
2118	19.211
2119	19.238
2120	19.232
2121	19.26
2122	19.271
2123	19.267
2124	19.301
2125	19.326
2126	19.317
2127	19.344
2128	19.377
2129	19.399
2130	19.429
2131	19.455
2132	19.501
2133	19.543
2134	19.573
2135	19.603
2136	19.641
2137	19.647
2138	19.684
2139	19.701
2140	19.711
2141	19.706
2142	19.658
2143	19.696
2144	19.639
2145	19.648
2146	19.624
2147	19.566
2148	19.475
2149	19.366
2150	19.232
2151	19.053
2152	18.858
2153	18.624
2154	18.323
2155	17.797
2156	17.98
2157	17.336
2158	17.588
2159	16.853
2160	17.091
2161	16.617
2162	16.15
2163	15.418
2164	15.638
2165	15.06
2166	15.226
2167	14.905
2168	14.553
2169	14.03
2170	14.193
2171	13.846
2172	13.31
2173	13.139
2174	12.767
2175	12.393
2176	11.88
2177	12.033
2178	11.756
2179	11.449
2180	11.123
2181	10.899
2182	10.547
2183	10.662
2184	10.46
2185	10.358
2186	10.305
2187	10.418
2188	10.36
2189	10.511
2190	10.779
2191	11.138
2192	11.601
2193	12.176
2194	12.895
2195	13.677
2196	15.031
2197	14.55
2198	16.13
2199	15.566
2200	17.398
2201	16.754
2202	18.027
2203	19.414
2204	22.167
2205	21.167
2206	23.114
2207	22.08
2208	18.123
2209	16.471
2210	22.776
2211	21.891
2212	21.136
2213	22.135
2214	20.239
2215	18.571
2216	17.097
2217	15.641
2218	13.829
2219	14.34
2220	13.195
2221	13.487
2222	12.292
2223	12.748
2224	11.368
2225	11.825
2226	10.916
2227	10.087
2228	9.4156
2229	8.8227
2230	8.227
2231	8.0352
2232	7.9869
2233	7.9447
2234	7.9934
2235	8.2848
2236	8.153
2237	8.6474
2238	8.4827
2239	9.005
2240	8.8295
2241	9.1452
2242	9.7252
2243	9.4717
2244	9.9705
2245	10.445
2246	10.936
2247	11.399
2248	12.081
2249	11.851
2250	12.316
2251	12.765
2252	13.208
2253	13.679
2254	14.439
2255	14.185
2256	14.979
2257	14.697
2258	15.952
2259	16.81
2260	16.535
2261	17.042
2262	17.628
2263	17.462
2264	17.916
2265	17.784
2266	18.058
2267	18.204
2268	18.176
2269	18.238
2270	18.152
2271	18.17
2272	18.14
2273	18.145
2274	18.
2275	17.839
2276	17.58
2277	17.696
2278	17.41
2279	17.081
2280	16.579
2281	16.763
2282	16.416
2283	16.011
2284	15.63
2285	15.084
2286	14.373
2287	14.602
2288	13.839
2289	14.081
2290	13.321
2291	13.603
2292	12.714
2293	13.03
2294	12.423
2295	11.464
2296	11.782
2297	10.873
2298	11.159
2299	10.385
2300	10.618
2301	9.838
2302	10.121
2303	9.5804
2304	8.885
2305	9.118
2306	8.362
2307	8.6428
2308	8.0787
2309	7.5564
2310	6.6806
2311	6.9247
2312	6.377
2313	5.7444
2314	5.1944
2315	4.8581
2316	4.0763
2317	3.1294
2318	3.5702
2319	3.3454
2320	5.6935
2321	9.5753
2322	12.141
2323	9.9398
2324	4.7902
2325	6.4265
2326	3.8111
2327	2.4939
2328	4.1845
2329	4.8563
2330	4.8129
2331	4.7979
2332	4.4661
2333	3.9914
2334	3.508
2335	3.0037
2336	2.5461
2337	2.1522
2338	1.637
2339	1.787
2340	1.4642
2341	1.2319
2342	1.0141
2343	0.84863
2344	0.76478
2345	0.73874
2346	0.76106
2347	0.75079
2348	0.76778
2349	0.78096
2350	0.81847
2351	0.86389
2352	0.90168
2353	0.90437
2354	0.92742
2355	0.95001
2356	0.95717
2357	0.9459
2358	0.96596
2359	0.97349
2360	0.90273
2361	0.94902
2362	0.92513
2363	0.8786
2364	0.87547
2365	0.84926
2366	0.83646
2367	0.81031
2368	0.80644
2369	0.77779
2370	0.77622
2371	0.75289
2372	0.71893
2373	0.69635
2374	0.67356
2375	0.60903
2376	0.61067
2377	0.57448
2378	0.5628
2379	0.4841
2380	0.44895
2381	0.35363
2382	0.29586
2383	0.31074
2384	0.29373
2385	0.37691
2386	0.51485
2387	19.342
2388	19.113
2389	0.59534
2390	19.196
2391	19.267
2392	1.9172
2393	2.974
2394	8.4909
2395	19.345
2396	19.342
2397	19.332
2398	19.34
2399	19.341
2400	19.344
2401	19.356
2402	19.357
2403	19.347
2404	19.345
2405	19.34
2406	19.352
2407	19.35
2408	19.355
2409	19.361
2410	19.359
2411	19.363
2412	19.362
2413	19.364
2414	19.369
2415	19.365
2416	19.369
2417	19.365
2418	19.367
2419	19.374
2420	19.359
2421	19.35
2422	19.362
2423	19.362
2424	19.362
2425	19.357
2426	19.349
2427	19.353
2428	19.349
2429	19.347
2430	19.348
2431	19.347
2432	19.344
2433	19.345
2434	19.342
2435	19.334
2436	19.343
2437	19.345
2438	19.338
2439	19.338
2440	19.334
2441	19.336
2442	19.33
2443	19.334
2444	19.331
2445	19.334
2446	19.328
2447	19.33
2448	19.337
2449	19.338
2450	19.336
2451	19.328
2452	19.338
2453	19.336
2454	19.34
2455	19.336
2456	19.341
2457	19.347
2458	19.348
2459	19.356
2460	19.362
2461	19.346
2462	19.361
2463	19.371
2464	19.377
2465	19.388
2466	19.403
2467	19.409
2468	19.412
2469	19.419
2470	19.427
2471	19.438
2472	19.447
2473	19.462
2474	19.474
2475	19.494
2476	19.506
2477	19.523
2478	19.541
2479	19.553
2480	19.56
2481	19.576
2482	19.595
2483	19.619
2484	19.642
2485	19.643
2486	19.67
2487	19.698
2488	19.713
2489	19.738
2490	19.762
2491	19.789
2492	19.806
2493	19.827
2494	19.852
2495	19.882
2496	19.907
2497	19.901
2498	19.934
2499	19.956
2500	19.984
2501	19.995
2502	20.013
2503	20.026
2504	20.045
2505	20.061
2506	20.07
2507	20.088
2508	20.126
2509	20.037
2510	20.062
2511	20.079
2512	20.062
2513	20.04
2514	20.026
2515	20.04
2516	20.003
2517	19.964
2518	19.895
2519	19.89
2520	19.817
2521	19.786
2522	19.679
2523	19.587
2524	19.526
2525	19.443
2526	19.349
2527	19.214
2528	19.073
2529	18.931
2530	18.816
2531	18.72
2532	18.573
2533	18.372
2534	18.174
2535	17.814
2536	17.741
2537	17.734
2538	17.659
2539	17.35
2540	17.239
2541	17.133
2542	17.013
2543	16.877
2544	16.537
2545	16.366
2546	16.187
2547	16.062
2548	15.914
2549	15.723
2550	15.597
2551	15.451
2552	15.259
2553	15.07
2554	14.903
2555	14.712
2556	14.463
2557	13.973
2558	13.777
2559	13.567
2560	13.314
2561	13.065
2562	12.806
2563	12.54
2564	12.3
2565	12.055
2566	11.767
2567	11.46
2568	11.15
2569	10.844
2570	10.557
2571	10.295
2572	10.017
2573	9.7039
2574	9.0617
2575	8.7624
2576	8.4427
2577	8.1307
2578	7.8326
2579	7.545
2580	7.2582
2581	6.9655
2582	6.7599
2583	6.6047
2584	6.4544
2585	6.3423
2586	6.2421
2587	6.1689
2588	6.2169
2589	6.2022
2590	6.2795
2591	6.366
2592	6.4813
2593	6.6149
2594	6.7629
2595	6.9184
2596	7.2681
2597	7.5776
2598	7.8755
2599	8.2349
2600	8.2906
2601	8.1926
2602	8.3738
2603	8.6794
2604	8.6952
2605	8.4799
2606	8.2518
2607	8.1518
2608	8.184
2609	8.1765
2610	7.9577
2611	7.5385
2612	7.4077
2613	7.3276
2614	7.2663
2615	7.218
2616	7.1349
2617	7.1188
2618	7.1766
2619	7.2453
2620	7.3453
2621	7.4838
2622	7.6185
2623	7.6698
2624	7.8682
2625	8.2315
2626	8.571
2627	8.9175
2628	9.2228
2629	10.492
2630	10.845
2631	11.181
2632	11.479
2633	11.776
2634	12.416
2635	12.764
2636	13.115
2637	13.645
2638	13.993
2639	14.479
2640	14.833
2641	15.214
2642	15.503
2643	15.793
2644	16.025
2645	16.334
2646	16.536
2647	16.762
2648	17.338
2649	17.49
2650	17.669
2651	17.835
2652	18.222
2653	18.346
2654	18.374
2655	18.309
2656	18.459
2657	18.635
2658	18.8
2659	18.88
2660	18.884
2661	18.914
2662	18.904
2663	18.867
2664	18.77
2665	18.205
2666	17.899
2667	17.986
2668	18.214
2669	18.077
2670	18.147
2671	18.158
2672	18.213
2673	18.232
2674	18.236
2675	18.165
2676	18.081
2677	17.85
2678	17.728
2679	17.59
2680	17.431
2681	17.269
2682	17.083
2683	16.872
2684	16.647
2685	16.415
2686	16.197
2687	16.018
2688	15.848
2689	15.648
2690	15.462
2691	15.269
2692	15.066
2693	14.899
2694	14.74
2695	14.542
2696	14.328
2697	14.106
2698	13.636
2699	13.392
2700	13.148
2701	12.888
2702	12.655
2703	12.473
2704	12.307
2705	11.562
2706	11.298
2707	10.781
2708	10.571
2709	10.348
2710	10.057
2711	9.7586
2712	9.4835
2713	9.2321
2714	8.6702
2715	8.0333
2716	7.7101
2717	7.3931
2718	6.732
2719	6.3852
2720	6.0181
2721	5.6313
2722	5.2372
2723	4.8421
2724	4.4547
2725	4.0651
2726	3.6659
2727	2.8935
2728	2.3752
2729	2.0281
2730	2.1303
2731	2.3707
2732	1.8481
2733	1.7028
2734	1.7852
2735	2.0258
2736	2.4774
2737	2.9881
2738	3.9574
2739	4.625
2740	4.8116
2741	4.9115
2742	4.978
2743	4.9319
2744	4.7576
2745	4.629
2746	4.4895
2747	4.3108
2748	4.1517
2749	3.8085
2750	3.4563
2751	3.2828
2752	3.1734
2753	2.8377
2754	2.596
2755	2.4717
2756	2.3293
2757	2.2067
2758	2.132
2759	2.0501
2760	2.0158
2761	1.9221
2762	1.8704
2763	1.8374
2764	1.7911
2765	1.7678
2766	1.7448
2767	1.7301
2768	1.6901
2769	1.7117
2770	1.6548
2771	1.6541
2772	1.683
2773	1.6572
2774	1.6409
2775	1.6548
2776	1.6721
2777	1.6638
2778	1.6874
2779	1.6488
2780	1.6511
2781	1.6411
2782	1.6033
2783	1.5786
2784	1.5943
2785	1.5897
2786	1.5501
2787	1.5816
2788	1.5592
2789	1.6033
2790	1.5014
2791	1.5496
2792	1.4644
2793	1.4355
2794	1.4241
2795	1.3865
2796	1.4301
2797	1.3641
2798	1.3339
2799	1.3308
2800	1.2964
2801	1.3066
2802	1.2524
2803	1.2682
2804	1.2232
2805	1.2431
2806	1.2098
2807	1.2066
2808	1.2318
2809	1.2118
2810	1.2325
2811	1.2418
2812	1.2507
2813	1.2939
2814	1.3311
2815	1.4537
2816	1.4736
2817	1.5007
2818	1.6495
2819	1.7464
2820	1.8422
2821	1.9235
2822	2.1205
2823	8.828
2824	19.345
2825	19.131
2826	0.66926
2827	2.5597
2828	2.4775
2829	2.3359
2830	2.2371
2831	2.134
2832	2.0189
2833	1.9633
2834	1.8965
2835	1.853
2836	1.8327
2837	1.7726
2838	1.6728
2839	1.6455
2840	1.6435
2841	1.6449
2842	1.6334
2843	1.6371
2844	1.6231
2845	1.6332
2846	1.6359
2847	1.6695
2848	1.6837
2849	1.6735
2850	1.7186
2851	1.7142
2852	1.751
2853	1.8104
2854	1.8086
2855	1.8401
2856	1.8256
2857	1.8854
2858	1.906
2859	1.857
2860	1.9367
2861	1.9249
2862	1.9784
2863	1.9965
2864	1.9764
2865	2.038
2866	1.9994
2867	2.085
2868	2.0903
2869	2.1027
2870	2.1042
2871	2.1147
2872	2.1286
2873	2.1204
2874	2.1531
2875	2.1549
2876	2.1906
2877	2.1344
2878	2.1981
2879	2.1797
2880	2.1857
2881	2.1518
2882	2.1698
2883	2.1251
2884	2.1646
2885	2.1538
2886	2.1761
2887	2.1517
2888	2.147
2889	2.0928
2890	2.1396
2891	2.1726
2892	2.1353
2893	2.1463
2894	2.143
2895	2.1865
2896	2.1535
2897	2.1622
2898	2.1859
2899	2.2001
2900	2.245
2901	2.2517
2902	2.3226
2903	2.4241
2904	2.4591
2905	2.5272
2906	2.6456
2907	2.7229
2908	2.8763
2909	3.0156
2910	3.1415
2911	3.3018
2912	3.4338
2913	3.6369
2914	3.7729
2915	3.9809
2916	4.1637
2917	4.3463
2918	4.5167
2919	4.714
2920	4.8039
2921	4.9903
2922	5.1103
2923	5.2002
2924	5.2649
2925	5.2591
2926	5.1385
2927	4.9765
2928	4.7286
2929	4.4231
2930	4.032
2931	3.5712
2932	3.1432
2933	2.7555
2934	2.4527
2935	2.4207
2936	2.4833
2937	2.7194
2938	2.8867
2939	3.4477
2940	3.2345
2941	3.1073
2942	3.2682
2943	3.1873
2944	3.1889
2945	3.3078
2946	3.5174
2947	3.7941
2948	4.1174
2949	4.8233
2950	5.1952
2951	5.5719
2952	5.9468
2953	6.3126
2954	6.6675
2955	7.0131
2956	7.3519
2957	7.679
2958	8.0006
2959	8.3147
2960	8.6188
2961	8.9089
2962	9.1871
2963	9.4567
2964	9.7222
2965	9.9835
2966	10.234
2967	10.466
2968	10.693
2969	10.923
2970	11.157
2971	11.387
2972	11.617
2973	11.842
2974	12.047
2975	12.237
2976	12.436
2977	12.654
2978	12.882
2979	13.107
2980	13.331
2981	13.554
2982	13.783
2983	14.008
2984	14.23
2985	14.445
2986	14.652
2987	14.865
2988	15.083
2989	15.3
2990	15.515
2991	15.727
2992	15.932
2993	16.135
2994	16.362
2995	16.604
2996	16.837
2997	17.069
2998	17.306
2999	17.531
3000	17.775
3001	17.966
3002	18.177
3003	18.346
3004	18.541
3005	18.651
3006	18.788
3007	18.965
3008	19.062
3009	19.162
3010	19.162
3011	19.306
3012	19.386
3013	19.488
3014	19.531
3015	19.445
3016	19.448
3017	19.545
3018	19.662
3019	19.886
3020	19.976
3021	19.976
3022	19.96
3023	19.935
3024	19.897
3025	19.822
3026	19.699
3027	19.566
3028	19.457
3029	19.416
3030	19.345
3031	19.216
3032	19.042
3033	18.881
3034	18.717
3035	18.543
3036	18.367
3037	18.15
3038	17.884
3039	17.657
3040	17.443
3041	17.234
3042	17.052
3043	16.89
3044	16.654
3045	16.37
3046	16.08
3047	15.815
3048	15.583
3049	15.348
3050	15.032
3051	14.617
3052	14.265
3053	13.94
3054	13.59
3055	13.213
3056	12.832
3057	12.462
3058	12.095
3059	11.728
3060	11.34
3061	10.935
3062	10.529
3063	10.133
3064	9.7432
3065	9.3566
3066	8.9785
3067	8.6087
3068	8.2517
3069	7.922
3070	7.6252
3071	7.3865
3072	7.2111
3073	7.0765
3074	6.9977
3075	6.9883
3076	7.2029
3077	7.4007
3078	7.6349
3079	7.8959
3080	8.2195
3081	8.5601
3082	8.9054
3083	9.2576
3084	9.6142
3085	9.8679
3086	10.015
3087	10.038
3088	9.913
3089	9.658
3090	9.3631
3091	9.0643
3092	8.7179
3093	8.3074
3094	7.6317
3095	8.2926
3096	8.4964
3097	8.7122
3098	9.0316
3099	9.4461
3100	9.42
3101	9.818
3102	9.7457
3103	9.6792
3104	9.4781
3105	9.1543
3106	8.8538
3107	8.5015
3108	8.1262
3109	7.741
3110	7.3636
3111	7.0086
3112	6.7353
3113	6.5131
3114	6.1984
3115	6.0819
3116	6.0026
3117	5.9985
3118	6.0611
3119	6.183
3120	6.3528
3121	6.5736
3122	6.8419
3123	7.1374
3124	7.4543
3125	7.7882
3126	8.1339
3127	8.4851
3128	8.8376
3129	9.194
3130	9.5492
3131	9.8983
3132	10.234
3133	10.565
3134	10.892
3135	11.221
3136	11.55
3137	11.875
3138	12.19
3139	12.488
3140	12.77
3141	13.054
3142	13.332
3143	13.602
3144	13.867
3145	14.117
3146	14.35
3147	14.593
3148	14.837
3149	15.08
3150	15.3
3151	15.498
3152	15.696
3153	15.894
3154	16.074
3155	16.238
3156	16.417
3157	16.583
3158	16.737
3159	16.903
3160	17.07
3161	17.236
3162	17.389
3163	17.527
3164	17.653
3165	17.771
3166	17.89
3167	18.023
3168	18.158
3169	18.26
3170	18.332
3171	18.4
3172	18.492
3173	18.596
3174	18.825
3175	18.922
3176	19.06
3177	19.285
3178	19.338
3179	19.451
3180	19.516
3181	19.647
3182	19.75
3183	19.844
3184	19.926
3185	19.982
3186	20.037
3187	20.099
3188	20.189
3189	20.187
3190	20.217
3191	20.23
3192	20.26
3193	20.28
3194	20.292
3195	20.283
3196	20.286
3197	20.289
3198	20.283
3199	20.262
3200	20.231
3201	20.271
3202	20.243
3203	20.222
3204	20.202
3205	20.181
3206	20.148
3207	20.133
3208	20.108
3209	20.088
3210	20.055
3211	20.033
3212	20.006
3213	19.987
3214	19.962
3215	19.937
3216	19.907
3217	19.883
3218	19.865
3219	19.833
3220	19.803
3221	19.781
3222	19.76
3223	19.737
3224	19.714
3225	19.699
3226	19.681
3227	19.657
3228	19.637
3229	19.621
3230	19.61
3231	19.593
3232	19.576
3233	19.561
3234	19.551
3235	19.533
3236	19.52
3237	19.506
3238	19.496
3239	19.486
3240	19.478
3241	19.47
3242	19.464
3243	19.456
3244	19.444
3245	19.438
3246	19.435
3247	19.425
3248	19.418
3249	19.42
3250	19.421
3251	19.413
3252	19.414
3253	19.402
3254	19.403
3255	19.406
3256	19.403
3257	19.408
3258	19.398
3259	19.398
3260	19.4
3261	19.405
3262	19.401
3263	19.398
3264	19.394
3265	19.399
3266	19.4
3267	19.401
3268	19.397
3269	19.403
3270	19.401
3271	19.407
3272	19.406
3273	19.412
3274	19.417
3275	19.411
3276	19.412
3277	19.422
3278	19.418
3279	19.42
3280	19.423
3281	19.42
3282	19.424
3283	19.429
3284	19.427
3285	19.428
3286	19.435
3287	19.435
3288	19.438
3289	19.432
3290	19.435
3291	19.441
3292	19.44
3293	19.44
3294	19.442
3295	19.44
3296	19.441
3297	19.438
3298	19.438
3299	19.439
3300	19.438
3301	19.444
3302	19.434
3303	19.428
3304	19.429
3305	19.426
3306	19.425
3307	19.424
3308	19.43
3309	19.428
3310	19.423
3311	19.422
3312	19.422
3313	19.42
3314	19.43
3315	19.426
3316	19.426
3317	19.433
3318	8.0073
3319	2.7437
3320	19.336
3321	19.426
3322	8.996e-002
3323	0.1163
3324	0.10215
3325	0.12442
3326	0.16113
3327	0.22987
3328	0.28873
3329	0.37574
3330	0.47438
3331	0.52154
3332	0.57264
3333	0.64666
3334	0.70641
3335	0.72642
3336	0.79467
3337	0.84351
3338	0.86789
3339	0.92572
3340	0.94426
3341	0.99597
3342	1.0465
3343	1.075
3344	1.0585
3345	1.1218
3346	1.1489
3347	1.1951
3348	1.221
3349	1.2471
3350	1.2654
3351	1.3226
3352	1.2959
3353	1.3378
3354	1.2791
3355	1.3423
3356	1.3628
3357	1.3828
3358	1.3606
3359	1.4177
3360	1.4386
3361	1.4327
3362	1.4688
3363	1.4395
3364	1.4773
3365	1.4509
3366	1.4867
3367	1.4821
3368	1.5185
3369	1.471
3370	1.4999
3371	1.5529
3372	1.5224
3373	1.5506
3374	1.5212
3375	1.5264
3376	1.4668
3377	1.5269
3378	1.4777
3379	1.4942
3380	1.4675
3381	1.4857
3382	1.4332
3383	1.4274
3384	1.377
3385	1.3836
3386	1.3529
3387	1.2873
3388	1.2986
3389	1.2141
3390	1.1728
3391	1.1249
3392	1.0613
3393	1.0251
3394	0.95323
3395	0.9095
3396	0.83758
3397	0.77141
3398	0.736
3399	0.64053
3400	0.58317
3401	0.51412
3402	0.47857
3403	0.47809
3404	0.51127
3405	0.59326
3406	0.67153
3407	0.80815
3408	0.9474
3409	1.1328
3410	1.3089
3411	1.5257
3412	1.7117
3413	1.8914
3414	2.1388
3415	2.3865
3416	2.629
3417	2.8913
3418	3.1731
3419	3.4784
3420	3.771
3421	4.1065
3422	4.4175
3423	4.7187
3424	4.9792
3425	5.177
3426	5.3331
3427	5.2572
3428	5.0296
3429	4.4713
3430	3.9525
3431	4.4174
3432	5.7027
3433	6.9801
3434	7.9901
3435	10.618
3436	13.475
3437	16.464
3438	17.665
3439	16.148
3440	12.265
3441	8.4385
3442	5.5223
3443	4.1896
3444	3.9279
3445	4.3103
3446	4.2416
3447	4.4499
3448	5.0417
3449	5.2614
3450	5.3131
3451	5.5072
3452	5.355
3453	5.5943
3454	6.3715
3455	6.5817
3456	6.7828
3457	7.2452
3458	7.4315
3459	7.717
3460	7.9794
3461	8.3962
3462	8.5811
3463	8.7662
3464	8.992
3465	9.3509
3466	9.4593
3467	9.7197
3468	10.119
3469	10.286
3470	10.536
3471	11.188
3472	11.481
3473	11.759
3474	12.105
3475	12.709
3476	13.035
3477	13.35
3478	13.625
3479	13.922
3480	14.216
3481	14.463
3482	14.75
3483	15.016
3484	15.24
3485	15.508
3486	15.76
3487	16.018
3488	16.281
3489	16.693
3490	16.901
3491	17.066
3492	17.249
3493	17.419
3494	17.714
3495	17.864
3496	18.002
3497	18.104
3498	18.176
3499	18.25
3500	18.399
3501	18.506
3502	18.625
3503	18.713
3504	18.759
3505	18.784
3506	18.749
3507	18.812
3508	18.822
3509	18.772
3510	18.714
3511	18.604
3512	18.52
3513	18.379
3514	18.214
3515	18.049
3516	17.846
3517	17.587
3518	17.396
3519	17.113
3520	16.761
3521	16.483
3522	16.148
3523	15.85
3524	15.47
3525	15.206
3526	14.921
3527	14.654
3528	14.38
3529	13.84
3530	13.592
3531	13.352
3532	13.116
3533	12.866
3534	12.603
3535	12.353
3536	12.103
3537	11.849
3538	11.59
3539	11.328
3540	11.061
3541	10.79
3542	10.515
3543	10.239
3544	9.9634
3545	9.6907
3546	9.4203
3547	9.1495
3548	8.8918
3549	8.6659
3550	8.445
3551	8.2201
3552	7.999
3553	7.79
3554	7.5863
3555	7.415
3556	7.2808
3557	7.1777
3558	7.1064
3559	7.0751
3560	7.0767
3561	7.1156
3562	7.1759
3563	7.2677
3564	7.4045
3565	7.6124
3566	7.9003
3567	8.247
3568	8.6022
3569	8.9689
3570	9.367
3571	9.8154
3572	10.298
3573	10.811
3574	11.339
3575	11.884
3576	12.45
3577	13.05
3578	13.628
3579	14.144
3580	14.671
3581	15.284
3582	15.978
3583	16.73
3584	17.524
3585	18.346
3586	19.208
3587	20.136
3588	21.183
3589	22.4
3590	23.892
3591	25.833
3592	28.41
3593	32.628
3594	34.326
3595	16.793
3596	34.862
3597	33.481
3598	29.198
3599	26.582
3600	24.628
3601	23.125
3602	21.91
3603	20.878
3604	19.99
3605	19.197
3606	18.458
3607	17.747
3608	17.071
3609	16.435
3610	15.834
3611	15.267
3612	14.73
3613	14.222
3614	13.739
3615	13.27
3616	12.835
3617	12.42
3618	12.05
3619	11.708
3620	11.397
3621	11.115
3622	10.867
3623	10.652
3624	10.468
3625	10.311
3626	10.188
3627	10.099
3628	10.039
3629	10.009
3630	10.005
3631	10.031
3632	10.075
3633	10.139
3634	10.228
3635	10.337
3636	10.458
3637	10.584
3638	10.715
3639	10.865
3640	11.032
3641	11.203
3642	11.376
3643	11.544
3644	11.712
3645	11.892
3646	12.081
3647	12.275
3648	12.467
3649	12.661
3650	12.854
3651	13.043
3652	13.229
3653	13.415
3654	13.602
3655	13.787
3656	13.97
3657	14.149
3658	14.327
3659	14.504
3660	14.678
3661	14.851
3662	15.026
3663	15.204
3664	15.388
3665	15.595
3666	15.822
3667	16.066
3668	16.338
3669	16.576
3670	16.826
3671	17.087
3672	17.317
3673	17.512
3674	17.715
3675	17.894
3676	18.067
3677	18.23
3678	18.378
3679	18.52
3680	18.641
3681	18.762
3682	18.873
3683	18.967
3684	19.056
3685	19.138
3686	19.207
3687	19.283
3688	19.337
3689	19.382
3690	19.436
3691	19.475
3692	19.509
3693	19.542
3694	19.56
3695	19.577
3696	19.593
3697	19.612
3698	19.625
3699	19.63
3700	19.634
3701	19.638
3702	19.632
3703	19.634
3704	19.622
3705	19.614
3706	19.602
3707	19.59
3708	19.579
3709	19.577
3710	19.558
3711	19.544
3712	19.534
3713	19.515
3714	19.498
3715	19.483
3716	19.463
3717	19.448
3718	19.429
3719	19.41
3720	19.393
3721	19.379
3722	19.363
3723	19.351
3724	19.339
3725	19.325
3726	19.307
3727	19.293
3728	19.277
3729	19.264
3730	19.25
3731	19.235
3732	19.221
3733	19.214
3734	19.206
3735	19.194
3736	19.182
3737	19.175
3738	19.166
3739	19.159
3740	19.148
3741	19.141
3742	19.13
3743	19.123
3744	19.121
3745	19.115
3746	19.105
3747	19.11
3748	19.105
3749	19.099
3750	19.098
3751	19.093
3752	19.093
3753	19.087
3754	19.086
3755	19.085
3756	19.082
3757	19.076
3758	19.078
3759	19.077
3760	19.075
3761	19.073
3762	19.077
3763	19.078
3764	19.08
3765	19.082
3766	19.086
3767	19.079
3768	19.085
3769	19.084
3770	19.086
3771	19.09
3772	19.087
3773	19.09
3774	19.088
3775	19.094
3776	19.097
3777	19.09
3778	19.094
3779	19.093
3780	19.095
3781	19.099
3782	19.096
3783	19.089
3784	19.1
3785	19.095
3786	19.094
3787	19.093
3788	19.085
3789	19.087
3790	19.084
3791	19.082
3792	19.077
3793	19.071
3794	19.068
3795	19.059
3796	19.048
3797	19.049
3798	19.048
3799	19.041
3800	19.031
3801	19.026
3802	19.022
3803	19.017
3804	19.027
3805	19.022
3806	19.035
3807	19.064
3808	19.102
3809	6.098
3810	2.2332
3811	6.0108
3812	2.4208
3813	4.099
3814	7.4475
3815	4.0784
3816	4.5957
3817	13.389
3818	1.2181
3819	7.971
3820	0.96997
3821	4.5247
3822	8.252
3823	13.931
3824	16.037
3825	1.4215
3826	12.681
3827	9.8065
3828	13.485
3829	9.0136
3830	14.412
3831	1.074
3832	9.4225
3833	16.252
3834	19.222
3835	19.26
3836	19.279
3837	19.27
3838	19.308
3839	17.927
3840	19.263
3841	19.305
3842	14.077
3843	0.42759
3844	0.93269
3845	2.2019
3846	17.057
3847	0.97944
3848	10.819
3849	0.89664
3850	2.3492
3851	19.265
3852	1.2073
3853	19.266
3854	19.283
3855	19.273
3856	19.275
3857	16.96
3858	0.83166
3859	1.6649
3860	1.1049
3861	11.048
3862	19.937
3863	19.654
3864	19.774
3865	19.257
3866	19.536
3867	19.292
3868	19.493
3869	19.288
3870	19.369
3871	3.042
3872	17.767
3873	1.0107
3874	17.695
3875	10.033
3876	17.815
3877	2.2227
3878	11.881
3879	19.865
3880	19.84
3881	19.439
3882	19.135
3883	19.29
3884	19.591
3885	19.452
3886	19.292
3887	19.352
3888	19.879
3889	19.655
3890	19.312
3891	19.322
3892	15.867
3893	9.3427
3894	14.115
3895	17.01
3896	9.5307
3897	10.065
3898	0.79472
3899	1.382
3900	7.831
3901	1.2426
3902	13.078
3903	15.658
3904	8.9694
3905	17.761
3906	0.97551
3907	10.877
3908	1.6075
3909	15.76
3910	2.0472
3911	0.93961
3912	11.649
3913	4.3465
3914	1.6658
3915	15.453
3916	8.8115
3917	0.87445
3918	7.2293
3919	11.836
3920	17.529
3921	7.5001
3922	4.2287
3923	12.312
3924	0.75736
3925	3.5032
3926	14.18
3927	19.145
3928	9.1366
3929	0.77929
3930	12.088
3931	7.0654
3932	15.27
3933	0.84131
3934	0.92617
3935	2.6984
3936	18.112
3937	1.3305
3938	4.8193
3939	18.032
3940	12.297
3941	13.3
3942	7.757
3943	12.648
3944	1.0584
3945	1.0363
3946	7.7732
3947	18.471
3948	18.975
3949	19.297
3950	19.525
3951	11.454
3952	19.088
3953	16.071
3954	19.085
3955	18.163
3956	18.737
3957	19.143
3958	19.438
3959	19.594
3960	19.081
3961	19.077
3962	11.829
3963	19.077
3964	14.484
3965	3.4058
3966	19.956
3967	6.3501
3968	1.3351
3969	13.976
3970	8.0139
3971	9.6598
3972	5.2722
3973	20.237
3974	16.01
3975	15.677
3976	19.262
3977	8.5014
3978	3.4504
3979	17.708
3980	0.99588
3981	19.282
3982	19.147
3983	15.09
3984	19.249
3985	19.147
3986	19.14
3987	16.917
3988	19.138
3989	1.4328
3990	8.8373
3991	1.4837
3992	19.163
3993	19.137
3994	7.9815
3995	1.125
3996	0.81941
3997	7.8123
3998	13.036
3999	14.806
4000	19.27
4001	16.787
4002	1.0897
4003	0.7644
4004	2.0663
4005	13.992
4006	11.351
4007	9.0847
4008	10.991
4009	11.354
4010	12.929
4011	17.941
4012	15.257
4013	8.1964
4014	13.857
4015	16.241
4016	13.203
4017	19.217
4018	19.159
4019	13.124
4020	11.039
4021	10.455
4022	11.801
4023	0.89953
4024	12.982
4025	15.836
4026	11.283
4027	10.946
4028	2.4737
4029	2.0947
4030	12.549
4031	10.93
4032	12.094
4033	17.678
4034	9.9374
4035	15.683
4036	1.7499
4037	13.317
4038	17.239
4039	7.177
4040	0.76328
4041	2.1699
4042	9.7913
4043	10.351
4044	11.278
4045	4.5399
4046	2.2399
4047	1.9535
4048	0.95109
4049	19.329
4050	13.79
4051	1.3086
4052	16.804
4053	0.46431
4054	17.736
4055	5.9479
4056	8.0884
4057	8.1942
4058	7.1458
4059	0.9433
4060	12.519
4061	10.781
4062	11.929
4063	16.225
4064	17.504
4065	4.8253
4066	2.595
4067	17.618
4068	11.376
4069	17.731
4070	15.631
4071	13.097
4072	14.667
4073	15.259
4074	13.306
4075	17.093
4076	3.8128
4077	12.111
4078	7.56
4079	11.5
4080	16.221
4081	12.567
4082	4.6543
4083	13.512
4084	10.444
4085	15.235
4086	17.989
4087	11.458
4088	10.597
4089	13.974
4090	15.509
4091	9.2521
4092	15.469
4093	3.3203
4094	14.834
4095	15.93
4096	14.393
4097	8.0879
4098	5.0658
4099	12.16
4100	17.55
4101	1.6965
4102	11.618
4103	18.066
4104	12.413
4105	16.365
4106	10.145
4107	9.1817
4108	19.261
4109	7.0703
4110	19.263
4111	19.301
4112	19.27
4113	10.148
4114	19.334
4115	10.69
4116	19.361
4117	19.285
4118	19.42
4119	19.295
4120	19.473
4121	1.3747
4122	1.4491
4123	19.295
4124	10.19
4125	19.516
4126	14.378
4127	13.279
4128	19.287
4129	18.59
4130	10.64
4131	19.691
4132	10.339
4133	19.275
4134	19.228
4135	19.603
4136	10.655
4137	0.91634
4138	19.9
4139	16.808
4140	19.885
4141	0.87417
4142	13.291
4143	0.77362
4144	17.813
4145	16.256
4146	0.70568
4147	0.9843
4148	1.0435
4149	1.7777
4150	9.8494
4151	19.144
4152	1.1787
4153	12.475
4154	1.1643
4155	15.975
4156	17.635
4157	0.40044
4158	1.1634
4159	0.84581
4160	3.616
4161	17.562
4162	16.488
4163	4.1475
4164	5.5399
4165	17.741
4166	1.2612
4167	4.34
4168	5.3298
4169	9.8233
4170	12.5
4171	14.745
4172	16.999
4173	14.043
4174	16.048
4175	11.275
4176	11.581
4177	12.72
4178	8.3576
4179	16.477
4180	0.89542
4181	3.1525
4182	18.187
4183	11.03
4184	14.106
4185	9.154
4186	3.0716
4187	1.2743
4188	16.775
4189	14.119
4190	8.0593
4191	8.8281
4192	12.225
4193	10.428
4194	14.929
4195	14.389
4196	12.178
4197	12.068
4198	9.5426
4199	11.082
4200	13.493
4201	19.183
4202	19.193
4203	9.56
4204	19.201
4205	19.215
4206	19.226
4207	19.227
4208	0.76805
4209	19.224
4210	19.151
4211	0.7473
4212	13.433
4213	1.9482
4214	3.2636
4215	1.7172
4216	18.064
4217	4.2471
4218	16.506
4219	19.806
4220	9.5247
4221	19.859
4222	19.758
4223	19.808
4224	19.266
4225	19.029
4226	19.636
4227	19.291
4228	11.555
4229	19.562
4230	4.5235
4231	5.4269
4232	17.779
4233	11.204
4234	0.47396
4235	17.764
4236	0.87294
4237	15.361
4238	15.692
4239	0.89518
4240	1.1096
4241	4.2235
4242	2.5121
4243	14.134
4244	7.5476
4245	0.3221
4246	0.97491
4247	16.248
4248	14.723
4249	0.98357
4250	10.623
4251	7.247
4252	0.43228
4253	15.67
4254	12.352
4255	7.8563
4256	0.94395
4257	18.113
4258	11.258
4259	17.621
4260	19.137
4261	14.951
4262	10.403
4263	12.958
4264	4.9904
4265	23.641
4266	12.002
4267	2.3233
4268	12.542
4269	0.94676
4270	16.653
4271	17.254
4272	6.1119
4273	13.67
4274	11.87
4275	19.361
4276	11.173
4277	14.213
4278	9.3912
4279	19.711
4280	19.705
4281	19.664
4282	19.119
4283	4.4628
4284	19.616
4285	19.134
4286	19.555
4287	19.154
4288	19.478
4289	19.157
4290	19.411
4291	19.168
4292	19.357
4293	19.153
4294	0.59266
4295	7.4179
4296	4.2509
4297	12.453
4298	0.9545
4299	9.7348
4300	17.108
4301	3.2855
4302	18.32
4303	5.5321
4304	11.624
4305	13.436
4306	16.712
4307	10.843
4308	12.27
4309	14.808
4310	10.322
4311	12.21
4312	10.208
4313	14.068
4314	17.111
4315	16.363
4316	0.75572
4317	17.957
4318	18.645
4319	14.734
4320	13.659
4321	1.2013
4322	0.43308
4323	6.691
4324	0.82527
4325	19.155
4326	19.39
4327	19.154
4328	19.434
4329	19.157
4330	19.52
4331	17.51
4332	19.151
4333	19.59
4334	7.9686
4335	19.633
4336	19.69
4337	19.712
4338	7.1662
4339	0.86123
4340	12.577
4341	10.317
4342	17.13
4343	2.7794
4344	3.8411
4345	1.5734
4346	0.80731
4347	1.4689
4348	7.0539
4349	9.4102
4350	12.989
4351	10.877
4352	17.735
4353	11.505
4354	13.31
4355	12.963
4356	11.731
4357	10.635
4358	11.61
4359	15.298
4360	10.149
4361	14.322
4362	15.827
4363	4.8756
4364	0.80143
4365	3.7425
4366	16.13
4367	1.4481
4368	8.0694
4369	9.7263
4370	3.9661
4371	1.9736
4372	0.32973
4373	1.416
4374	0.52713
4375	17.269
4376	10.495
4377	18.055
4378	14.979
4379	8.2456
4380	10.145
4381	18.161
4382	3.2547
4383	1.6273
4384	0.96395
4385	0.37212
4386	1.1471
4387	2.9685
4388	0.65423
4389	1.997
4390	17.77
4391	13.753
4392	8.1015
4393	6.4808
4394	8.2141
4395	5.7185
4396	12.545
4397	14.391
4398	15.855
4399	14.971
4400	11.275
4401	14.171
4402	17.171
4403	15.469
4404	1.8126
4405	9.0962
4406	11.761
4407	14.454
4408	12.808
4409	3.6906
4410	5.4708
4411	8.4431
4412	15.429
4413	15.786
4414	8.4374
4415	12.283
4416	9.4785
4417	14.405
4418	14.824
4419	13.112
4420	7.0821
4421	12.377
4422	0.65102
4423	17.379
4424	3.3894
4425	8.9233
4426	12.601
4427	14.436
4428	12.944
4429	14.282
4430	13.034
4431	10.712
4432	15.361
4433	15.087
4434	16.272
4435	16.002
4436	12.268
4437	12.773
4438	14.803
4439	14.937
4440	19.209
4441	19.209
4442	19.275
4443	19.277
4444	19.276
4445	8.5589
4446	9.6988
4447	6.3463
4448	7.5027
4449	0.94659
4450	4.1611
4451	3.5809
4452	4.9865
4453	3.5879
4454	7.0816
4455	5.3315
4456	10.036
4457	8.2594
4458	13.764
4459	12.033
4460	6.9952
4461	15.87
4462	15.673
4463	16.245
4464	16.065
4465	3.5409
4466	2.1676
4467	6.2076
4468	4.5643
4469	9.7755
4470	7.7456
4471	13.851
4472	13.595
4473	14.176
4474	13.904
4475	14.686
4476	14.401
4477	15.422
4478	15.245
4479	6.3912
4480	6.8105
4481	6.3035
4482	6.696
4483	6.2435
4484	6.5965
4485	2.6989
4486	2.8406
4487	19.273
4488	19.281
4489	2.6435
4490	19.327
4491	15.003
4492	9.2223
4493	4.0433
4494	0.78547
4495	1.0926
4496	1.6885
4497	12.519
4498	12.301
4499	17.368
4500	17.227
4501	17.017
4502	0.63046
4503	14.218
4504	19.528
4505	18.874
4506	19.187
4507	0.73045
4508	1.1952
4509	1.183
4510	0.99048
4511	0.77675
4512	11.373
4513	10.22
4514	10.564
4515	13.676
4516	9.5295
4517	7.9318
4518	11.327
4519	11.491
4520	2.2822
4521	2.1312
4522	14.467
4523	14.054
4524	13.058
4525	12.788
4526	11.508
4527	11.426
4528	9.9656
4529	10.027
4530	8.5175
4531	8.6436
4532	10.494
4533	11.055
4534	8.3896
4535	9.0598
4536	6.8137
4537	7.4484
4538	5.9723
4539	6.4158
4540	4.7333
4541	4.6453
4542	4.5702
4543	4.4203
4544	12.336
4545	12.131
4546	11.261
4547	11.189
4548	10.119
4549	10.201
4550	8.9206
4551	9.073
4552	7.7783
4553	8.0046
4554	10.779
4555	10.783
4556	10.892
4557	10.929
4558	10.926
4559	11.003
4560	10.886
4561	10.789
4562	7.48
4563	7.7755
4564	7.3546
4565	7.2446
4566	1.1472
4567	1.1061
4568	0.83274
4569	0.81843
4570	3.1987
4571	2.6963
4572	3.2644
4573	2.6795
4574	3.4184
4575	2.8146
4576	3.6158
4577	3.0877
4578	3.9808
4579	3.566
4580	9.6874
4581	9.671
4582	10.469
4583	10.415
4584	11.162
4585	11.043
4586	11.752
4587	11.56
4588	3.0038
4589	3.5902
4590	3.1869
4591	3.7725
4592	16.27
4593	16.134
4594	17.024
4595	16.995
4596	17.896
4597	17.902
4598	9.5588
4599	9.2808
4600	9.9343
4601	9.708
4602	10.275
4603	10.059
4604	10.59
4605	10.36
4606	6.7244
4607	5.9553
4608	6.6827
4609	6.4549
4610	15.977
4611	16.276
4612	16.347
4613	16.672
4614	7.773
4615	7.4688
4616	7.8598
4617	7.5645
4618	7.9568
4619	7.6527
4620	1.6952
4621	1.6632
4622	1.2642
4623	1.2283
4624	1.6012
4625	1.6581
4626	1.0424
4627	1.1728
4628	0.52503
4629	0.58767
4630	19.224
4631	19.225
4632	19.296
4633	19.291
4634	19.816
4635	19.807
4636	19.935
4637	19.915
4638	12.496
4639	12.715
4640	11.892
4641	12.029
4642	11.232
4643	11.318
4644	10.502
4645	10.536
4646	9.7047
4647	9.7092
4648	11.16
4649	10.907
4650	11.16
4651	10.972
4652	11.143
4653	11.013
4654	13.572
4655	13.319
4656	13.285
4657	13.034
4658	13.012
4659	12.751
4660	12.682
4661	12.44
4662	12.341
4663	12.104
4664	10.285
4665	9.8814
4666	9.9132
4667	9.5544
4668	15.102
4669	15.385
4670	15.494
4671	15.679
4672	15.819
4673	15.962
4674	16.236
4675	16.397
4676	11.138
4677	10.801
4678	8.59
4679	19.675
4680	19.879
4681	19.832
4682	19.284
4683	19.273
4684	19.383
4685	19.284
4686	17.342
4687	17.58
4688	0.7627
4689	10.905
4690	11.189
4691	11.143
4692	10.92
4693	10.658
4694	10.761
4695	10.892
4696	10.867
4697	10.989
4698	10.845
4699	9.1782
4700	9.0036
4701	9.7623
4702	9.6592
4703	10.308
4704	10.272
4705	10.763
4706	10.803
4707	11.134
4708	11.245
4709	7.2284
4710	7.8714
4711	5.0351
4712	5.379
4713	3.3141
4714	3.5169
4715	2.1225
4716	2.1732
4717	1.8925
4718	1.7816
4719	19.678
4720	19.665
4721	19.75
4722	19.735
4723	12.513
4724	12.306
4725	13.207
4726	12.969
4727	14.
4728	13.772
4729	14.861
4730	14.655
4731	1.1881
4732	1.9396
4733	1.7504
4734	2.3868
4735	2.2513
4736	11.046
4737	10.987
4738	10.738
4739	10.738
4740	10.342
4741	10.4
4742	9.8739
4743	9.9976
4744	9.369
4745	9.5645
4746	19.268
4747	19.201
4748	5.3343
4749	5.0205
4750	4.2203
4751	5.0402
4752	4.2976
4753	16.311
4754	16.513
4755	16.369
4756	16.106
4757	16.162
4758	15.873
4759	15.949
4760	15.626
4761	15.725
4762	15.372
4763	15.494
4764	15.114
4765	15.259
4766	14.856
4767	15.022
4768	14.599
4769	14.786
4770	14.346
4771	14.553
4772	14.098
4773	14.324
4774	13.855
4775	14.094
4776	13.618
4777	13.864
4778	13.387
4779	13.635
4780	13.163
4781	13.408
4782	12.945
4783	13.187
4784	12.733
4785	12.968
4786	12.526
4787	12.752
4788	12.323
4789	12.536
4790	12.124
4791	12.328
4792	11.928
4793	12.129
4794	11.732
4795	11.936
4796	11.537
4797	11.736
4798	11.341
4799	11.526
4800	11.142
4801	11.313
4802	10.939
4803	11.097
4804	10.732
4805	10.879
4806	10.518
4807	10.658
4808	10.297
4809	10.436
4810	10.068
4811	10.207
4812	9.8299
4813	9.9655
4814	9.5822
4815	9.7138
4816	9.3235
4817	9.4547
4818	9.0532
4819	9.1877
4820	8.7709
4821	8.9102
4822	8.4764
4823	8.6206
4824	8.1698
4825	8.318
4826	7.851
4827	8.0042
4828	7.5205
4829	7.6805
4830	7.1793
4831	7.3483
4832	6.8289
4833	7.0051
4834	6.4717
4835	6.6541
4836	6.1109
4837	6.2955
4838	5.7507
4839	5.9305
4840	5.3968
4841	5.5624
4842	5.0569
4843	5.1977
4844	4.7405
4845	4.8441
4846	4.4596
4847	4.5093
4848	4.2289
4849	4.2014
4850	4.0641
4851	3.9331
4852	3.9784
4853	3.7298
4854	3.9806
4855	3.604
4856	4.0724
4857	3.5717
4858	4.2545
4859	3.6242
4860	4.5257
4861	3.7558
4862	3.948
4863	21.193
4864	21.143
4865	20.563
4866	16.753
4867	16.599
4868	17.025
4869	16.843
4870	17.316
4871	17.098
4872	17.617
4873	17.362
4874	17.92
4875	17.626
4876	18.221
4877	17.901
4878	18.516
4879	18.142
4880	18.805
4881	18.394
4882	19.084
4883	18.617
4884	19.354
4885	18.853
4886	19.612
4887	19.034
4888	19.859
4889	19.228
4890	20.092
4891	19.44
4892	20.31
4893	19.598
4894	20.511
4895	19.753
4896	20.693
4897	19.843
4898	20.857
4899	20.008
4900	20.996
4901	20.127
4902	21.11
4903	20.244
4904	21.195
4905	20.316
4906	21.252
4907	20.306
4908	21.28
4909	20.33
4910	21.283
4911	20.391
4912	21.267
4913	20.451
4914	21.237
4915	20.558
4916	20.588
4917	6.0954
4918	6.0669
4919	6.3768
4920	21.092
4921	20.532
4922	21.032
4923	20.493
4924	20.963
4925	20.443
4926	20.886
4927	20.368
4928	20.799
4929	20.266
4930	20.703
4931	20.153
4932	20.598
4933	20.048
4934	20.483
4935	19.974
4936	20.358
4937	19.879
4938	20.223
4939	19.75
4940	20.078
4941	19.592
4942	19.922
4943	19.437
4944	19.755
4945	19.274
4946	19.578
4947	19.101
4948	19.39
4949	18.922
4950	19.19
4951	18.716
4952	18.979
4953	18.48
4954	18.757
4955	18.258
4956	18.523
4957	18.036
4958	18.277
4959	17.812
4960	18.021
4961	17.596
4962	17.752
4963	17.385
4964	17.471
4965	17.13
4966	17.178
4967	16.843
4968	16.873
4969	16.548
4970	16.556
4971	16.26
4972	16.228
4973	15.983
4974	15.889
4975	15.7
4976	15.537
4977	15.368
4978	15.172
4979	14.979
4980	14.796
4981	14.616
4982	14.411
4983	14.263
4984	14.014
4985	13.891
4986	13.607
4987	13.499
4988	13.191
4989	13.1
4990	12.766
4991	12.704
4992	12.335
4993	12.306
4994	11.898
4995	11.906
4996	11.456
4997	11.49
4998	11.01
4999	11.061
5000	10.565
5001	10.631
5002	10.122
5003	10.208
5004	9.6872
5005	9.7922
5006	9.263
5007	9.38
5008	8.8556
5009	8.9743
5010	8.4734
5011	8.5836
5012	8.1257
5013	8.2179
5014	7.8233
5015	7.8904
5016	7.5777
5017	7.6095
5018	7.4012
5019	7.3769
5020	7.3067
5021	7.1981
5022	7.3063
5023	7.0889
5024	7.4071
5025	7.0621
5026	7.6107
5027	7.1247
5028	7.9131
5029	7.2811
5030	8.3042
5031	7.5352
5032	8.7693
5033	7.8485
5034	9.2898
5035	8.2114
5036	9.8444
5037	8.6139
5038	10.409
5039	9.0716
5040	10.957
5041	9.5397
5042	11.463
5043	9.9978
5044	11.901
5045	10.432
5046	12.241
5047	10.826
5048	12.459
5049	11.107
5050	12.53
5051	11.263
5052	12.432
5053	11.272
5054	12.146
5055	11.113
5056	11.658
5057	10.781
5058	10.957
5059	10.316
5060	10.03
5061	9.7299
5062	8.8584
5063	9.0033
5064	7.4435
5065	8.1087
5066	7.0368
5067	18.771
5068	18.905
5069	18.537
5070	18.659
5071	18.432
5072	18.542
5073	18.308
5074	18.42
5075	18.181
5076	18.293
5077	18.06
5078	18.16
5079	17.936
5080	18.022
5081	17.806
5082	17.878
5083	17.666
5084	17.728
5085	17.516
5086	17.571
5087	17.356
5088	17.409
5089	17.193
5090	17.24
5091	17.027
5092	17.064
5093	16.865
5094	16.882
5095	16.692
5096	16.692
5097	16.509
5098	16.496
5099	16.331
5100	16.291
5101	16.141
5102	16.08
5103	15.938
5104	15.86
5105	15.732
5106	15.633
5107	15.521
5108	15.398
5109	15.295
5110	15.154
5111	15.054
5112	14.902
5113	14.807
5114	14.641
5115	14.558
5116	14.373
5117	14.309
5118	14.095
5119	14.048
5120	13.808
5121	13.773
5122	13.513
5123	13.493
5124	13.209
5125	13.204
5126	12.896
5127	12.907
5128	12.575
5129	12.608
5130	12.245
5131	12.296
5132	11.906
5133	11.97
5134	11.559
5135	11.634
5136	11.205
5137	11.294
5138	10.844
5139	10.949
5140	10.477
5141	10.603
5142	10.104
5143	10.252
5144	9.7257
5145	9.8936
5146	9.3453
5147	9.5274
5148	8.9641
5149	9.157
5150	8.5847
5151	8.7862
5152	8.2101
5153	8.4185
5154	7.8447
5155	8.0546
5156	7.4934
5157	7.6985
5158	7.1629
5159	7.3557
5160	6.8614
5161	7.033
5162	6.5988
5163	6.7382
5164	6.3866
5165	6.4811
5166	6.237
5167	6.2733
5168	6.1625
5169	6.1207
5170	6.1745
5171	6.0324
5172	6.2806
5173	6.0199
5174	6.4838
5175	6.0935
5176	6.7836
5177	6.2544
5178	7.1716
5179	6.4585
5180	7.6308
5181	6.8742
5182	8.1506
5183	7.2191
5184	8.7152
5185	7.6252
5186	9.3024
5187	8.1012
5188	9.8906
5189	8.5969
5190	10.457
5191	9.0934
5192	10.976
5193	9.5685
5194	11.425
5195	10.003
5196	11.779
5197	10.368
5198	12.015
5199	10.69
5200	12.108
5201	10.881
5202	12.046
5203	10.922
5204	11.791
5205	10.887
5206	11.349
5207	10.49
5208	10.712
5209	10.238
5210	9.8356
5211	9.6217
5212	8.7273
5213	8.9218
5214	7.4047
5215	8.1534
5216	7.32
5217	19.516
5218	19.473
5219	19.515
5220	19.47
5221	19.514
5222	19.473
5223	19.512
5224	19.469
5225	19.51
5226	19.467
5227	19.508
5228	19.469
5229	19.507
5230	19.463
5231	19.506
5232	19.464
5233	19.506
5234	19.463
5235	19.506
5236	19.464
5237	19.507
5238	19.467
5239	19.508
5240	19.468
5241	19.509
5242	19.466
5243	19.511
5244	19.467
5245	19.512
5246	19.468
5247	19.513
5248	19.47
5249	19.515
5250	19.47
5251	19.516
5252	19.474
5253	19.517
5254	19.479
5255	19.517
5256	19.476
5257	19.518
5258	19.478
5259	19.518
5260	19.478
5261	19.518
5262	19.477
5263	19.518
5264	19.479
5265	19.518
5266	19.478
5267	19.517
5268	19.479
5269	19.516
5270	19.478
5271	19.515
5272	19.477
5273	19.514
5274	19.477
5275	19.513
5276	19.474
5277	19.512
5278	19.471
5279	19.51
5280	19.474
5281	19.509
5282	19.472
5283	19.507
5284	19.471
5285	19.505
5286	19.467
5287	19.503
5288	19.465
5289	19.502
5290	19.465
5291	19.5
5292	19.462
5293	19.498
5294	19.459
5295	19.496
5296	19.459
5297	19.494
5298	19.457
5299	19.492
5300	19.455
5301	19.49
5302	19.456
5303	19.488
5304	19.449
5305	19.486
5306	19.448
5307	19.484
5308	19.45
5309	19.482
5310	19.447
5311	19.48
5312	19.443
5313	19.478
5314	19.442
5315	19.477
5316	19.439
5317	19.475
5318	19.439
5319	19.473
5320	19.435
5321	19.472
5322	19.436
5323	19.471
5324	19.435
5325	19.47
5326	19.434
5327	19.469
5328	19.431
5329	19.468
5330	19.432
5331	19.467
5332	19.434
5333	19.467
5334	19.435
5335	19.467
5336	19.433
5337	19.467
5338	19.432
5339	19.467
5340	19.432
5341	19.468
5342	19.437
5343	19.468
5344	19.435
5345	19.47
5346	19.437
5347	19.471
5348	19.436
5349	19.473
5350	19.436
5351	19.475
5352	19.443
5353	19.478
5354	19.444
5355	19.481
5356	19.45
5357	19.484
5358	19.451
5359	19.488
5360	19.452
5361	19.493
5362	19.457
5363	19.498
5364	19.465
5365	19.503
5366	19.469
5367	19.509
5368	19.475
5369	19.516
5370	19.484
5371	19.524
5372	19.491
5373	19.532
5374	19.498
5375	19.54
5376	19.506
5377	19.55
5378	19.515
5379	19.56
5380	19.525
5381	19.571
5382	19.535
5383	19.583
5384	19.548
5385	19.595
5386	19.56
5387	19.609
5388	19.576
5389	19.623
5390	19.588
5391	19.638
5392	19.603
5393	19.654
5394	19.619
5395	19.671
5396	19.636
5397	19.689
5398	19.65
5399	19.708
5400	19.667
5401	19.727
5402	19.687
5403	19.748
5404	19.709
5405	19.77
5406	19.728
5407	19.792
5408	19.747
5409	19.815
5410	19.77
5411	19.84
5412	19.793
5413	19.865
5414	19.816
5415	19.891
5416	19.84
5417	19.917
5418	19.867
5419	19.944
5420	19.897
5421	19.973
5422	19.92
5423	20.002
5424	19.946
5425	20.031
5426	19.975
5427	20.061
5428	20.003
5429	20.091
5430	20.03
5431	20.122
5432	20.055
5433	20.153
5434	20.083
5435	20.184
5436	20.11
5437	20.216
5438	20.142
5439	20.247
5440	20.168
5441	20.278
5442	20.196
5443	20.309
5444	20.218
5445	20.339
5446	20.25
5447	20.369
5448	20.276
5449	20.398
5450	20.3
5451	20.426
5452	20.325
5453	20.453
5454	20.353
5455	20.48
5456	20.344
5457	20.504
5458	20.373
5459	20.526
5460	20.395
5461	20.547
5462	20.408
5463	20.565
5464	20.416
5465	20.581
5466	20.422
5467	20.593
5468	20.435
5469	20.603
5470	20.434
5471	20.609
5472	20.426
5473	20.611
5474	20.412
5475	20.609
5476	20.406
5477	20.602
5478	20.389
5479	20.589
5480	20.386
5481	20.571
5482	20.33
5483	20.547
5484	20.288
5485	20.516
5486	20.247
5487	20.477
5488	20.202
5489	20.43
5490	20.138
5491	20.374
5492	20.065
5493	20.308
5494	19.982
5495	20.231
5496	19.879
5497	20.143
5498	19.807
5499	20.041
5500	19.702
5501	19.926
5502	19.624
5503	19.797
5504	19.448
5505	19.654
5506	19.311
5507	19.503
5508	19.19
5509	19.353
5510	18.998
5511	19.207
5512	18.874
5513	19.06
5514	18.758
5515	18.652
5516	19.136
5517	19.119
5518	19.388
5519	19.429
5520	19.305
5521	19.341
5522	19.229
5523	19.267
5524	19.168
5525	19.198
5526	19.127
5527	19.144
5528	19.107
5529	15.125
5530	14.947
5531	15.02
5532	19.035
5533	19.087
5534	18.964
5535	19.029
5536	18.942
5537	18.983
5538	18.94
5539	18.986
5540	18.93
5541	18.977
5542	18.935
5543	18.974
5544	18.948
5545	18.98
5546	18.957
5547	18.99
5548	18.961
5549	18.993
5550	18.973
5551	19.001
5552	18.982
5553	19.014
5554	18.985
5555	19.015
5556	18.995
5557	19.017
5558	19.003
5559	19.03
5560	19.005
5561	19.035
5562	19.013
5563	19.038
5564	19.018
5565	19.047
5566	19.019
5567	19.049
5568	19.025
5569	19.051
5570	19.028
5571	19.057
5572	19.028
5573	19.056
5574	19.032
5575	19.06
5576	19.035
5577	19.064
5578	19.034
5579	19.063
5580	19.036
5581	19.066
5582	19.038
5583	19.063
5584	19.036
5585	19.065
5586	19.038
5587	19.066
5588	19.038
5589	19.066
5590	19.036
5591	19.064
5592	19.037
5593	19.064
5594	19.037
5595	19.063
5596	19.035
5597	19.065
5598	19.035
5599	19.063
5600	19.034
5601	19.061
5602	19.032
5603	19.06
5604	19.032
5605	19.059
5606	19.031
5607	19.059
5608	19.029
5609	19.059
5610	19.028
5611	19.056
5612	19.028
5613	19.056
5614	19.025
5615	19.054
5616	19.025
5617	19.054
5618	19.024
5619	19.052
5620	19.023
5621	19.051
5622	19.023
5623	19.053
5624	19.022
5625	19.051
5626	19.021
5627	19.05
5628	19.021
5629	19.048
5630	19.021
5631	19.049
5632	19.02
5633	19.048
5634	19.02
5635	19.046
5636	19.021
5637	19.048
5638	19.021
5639	19.047
5640	19.022
5641	19.048
5642	19.023
5643	19.05
5644	19.024
5645	19.049
5646	19.026
5647	19.052
5648	19.028
5649	19.055
5650	19.029
5651	19.056
5652	19.032
5653	19.058
5654	19.035
5655	19.063
5656	19.038
5657	19.064
5658	19.042
5659	19.068
5660	19.046
5661	19.071
5662	19.05
5663	19.075
5664	19.055
5665	19.08
5666	19.06
5667	19.081
5668	19.065
5669	19.088
5670	19.072
5671	19.094
5672	19.078
5673	19.099
5674	19.085
5675	19.105
5676	19.093
5677	19.114
5678	19.101
5679	19.122
5680	19.109
5681	19.131
5682	19.118
5683	19.139
5684	19.128
5685	19.149
5686	19.137
5687	19.157
5688	19.148
5689	19.168
5690	19.159
5691	19.179
5692	19.17
5693	19.189
5694	19.183
5695	19.198
5696	19.195
5697	19.212
5698	19.208
5699	19.225
5700	19.222
5701	19.239
5702	19.236
5703	19.252
5704	19.25
5705	19.267
5706	19.265
5707	19.282
5708	19.28
5709	19.298
5710	19.295
5711	19.312
5712	19.311
5713	19.326
5714	19.327
5715	19.341
5716	19.343
5717	19.356
5718	19.359
5719	19.371
5720	19.376
5721	19.388
5722	19.391
5723	19.405
5724	19.408
5725	19.423
5726	19.424
5727	19.439
5728	19.44
5729	19.457
5730	19.456
5731	19.472
5732	19.471
5733	19.488
5734	19.485
5735	19.505
5736	19.499
5737	19.517
5738	19.513
5739	19.531
5740	19.525
5741	19.547
5742	19.537
5743	19.554
5744	19.547
5745	19.565
5746	19.556
5747	19.575
5748	19.564
5749	19.585
5750	19.57
5751	19.593
5752	19.574
5753	19.6
5754	19.576
5755	19.601
5756	19.577
5757	19.605
5758	19.574
5759	19.602
5760	19.57
5761	19.598
5762	19.562
5763	19.592
5764	19.551
5765	19.581
5766	19.537
5767	19.566
5768	19.52
5769	19.55
5770	19.498
5771	19.531
5772	19.473
5773	19.509
5774	19.443
5775	19.478
5776	19.408
5777	19.445
5778	19.368
5779	19.406
5780	19.323
5781	19.358
5782	19.271
5783	19.31
5784	19.214
5785	19.253
5786	19.15
5787	19.187
5788	19.078
5789	19.116
5790	18.999
5791	19.038
5792	18.912
5793	18.951
5794	18.815
5795	18.856
5796	18.71
5797	18.75
5798	18.595
5799	18.635
5800	18.469
5801	18.511
5802	18.332
5803	18.375
5804	18.183
5805	18.227
5806	18.022
5807	18.068
5808	17.847
5809	17.898
5810	17.659
5811	17.714
5812	17.455
5813	17.514
5814	17.236
5815	17.312
5816	17.001
5817	17.09
5818	16.749
5819	16.833
5820	16.486
5821	16.578
5822	16.219
5823	16.33
5824	15.959
5825	16.059
5826	15.717
5827	15.807
5828	15.503
5829	15.582
5830	15.311
5831	15.383
5832	15.201
5833	59.441
5834	59.399
5835	49.311
5836	14.779
5837	14.849
5838	14.608
5839	14.678
5840	14.432
5841	14.504
5842	14.253
5843	14.327
5844	14.07
5845	14.147
5846	13.884
5847	13.966
5848	13.694
5849	13.78
5850	13.502
5851	13.591
5852	13.306
5853	13.401
5854	13.108
5855	13.209
5856	12.908
5857	13.016
5858	12.705
5859	12.821
5860	12.501
5861	12.624
5862	12.296
5863	12.425
5864	12.091
5865	12.227
5866	11.886
5867	12.029
5868	11.683
5869	11.832
5870	11.481
5871	11.64
5872	11.282
5873	11.455
5874	11.088
5875	11.272
5876	10.899
5877	11.09
5878	10.717
5879	10.911
5880	10.543
5881	10.739
5882	10.379
5883	10.58
5884	10.228
5885	10.435
5886	10.091
5887	10.299
5888	9.9708
5889	10.174
5890	9.8692
5891	10.064
5892	9.7891
5893	9.9739
5894	9.7328
5895	9.9069
5896	9.7029
5897	9.8631
5898	9.7016
5899	9.8418
5900	9.7315
5901	9.8501
5902	9.7946
5903	9.888
5904	9.8926
5905	9.9578
5906	10.027
5907	10.06
5908	10.199
5909	10.197
5910	10.41
5911	10.369
5912	10.659
5913	10.575
5914	10.946
5915	10.816
5916	11.271
5917	11.093
5918	11.633
5919	11.405
5920	12.031
5921	11.75
5922	12.465
5923	12.128
5924	12.931
5925	12.537
5926	13.429
5927	12.986
5928	13.957
5929	13.459
5930	14.514
5931	13.965
5932	15.097
5933	14.491
5934	15.705
5935	15.041
5936	16.339
5937	15.62
5938	16.995
5939	16.225
5940	17.676
5941	16.859
5942	18.381
5943	17.523
5944	19.114
5945	18.22
5946	19.882
5947	18.949
5948	20.694
5949	19.71
5950	21.567
5951	20.521
5952	22.526
5953	21.414
5954	23.615
5955	22.425
5956	24.909
5957	23.599
5958	26.535
5959	25.028
5960	28.829
5961	26.854
5962	32.421
5963	29.375
5964	41.135
5965	33.115
5966	37.249
5967	14.266
5968	14.56
5969	14.222
5970	14.027
5971	13.972
5972	13.778
5973	13.726
5974	13.527
5975	13.48
5976	13.268
5977	13.238
5978	13.003
5979	12.979
5980	12.735
5981	12.711
5982	12.457
5983	12.448
5984	12.177
5985	12.184
5986	11.891
5987	11.918
5988	11.597
5989	11.642
5990	11.302
5991	11.362
5992	11.001
5993	11.08
5994	10.696
5995	10.79
5996	10.39
5997	10.502
5998	10.079
5999	10.207
6000	9.7685
6001	9.9126
6002	9.4549
6003	9.6228
6004	9.1414
6005	9.3294
6006	8.8325
6007	9.0432
6008	8.5229
6009	8.7596
6010	8.2221
6011	8.4895
6012	7.9273
6013	8.2306
6014	7.6394
6015	7.9697
6016	7.3705
6017	7.7202
6018	7.1162
6019	7.4879
6020	6.8838
6021	7.2637
6022	6.681
6023	7.0727
6024	6.5077
6025	6.9116
6026	6.3754
6027	6.7836
6028	6.2849
6029	6.6946
6030	6.2434
6031	6.6438
6032	6.2578
6033	6.6394
6034	6.3267
6035	6.6791
6036	6.4564
6037	6.7585
6038	6.6427
6039	6.8857
6040	6.8855
6041	7.0602
6042	7.1872
6043	7.3002
6044	7.5387
6045	7.6057
6046	7.9394
6047	7.9609
6048	8.3859
6049	8.3479
6050	8.8707
6051	8.7626
6052	9.3927
6053	9.2127
6054	9.9486
6055	9.7059
6056	10.535
6057	10.231
6058	11.149
6059	10.787
6060	11.787
6061	11.365
6062	12.447
6063	11.965
6064	13.126
6065	12.591
6066	13.822
6067	13.24
6068	14.538
6069	13.881
6070	15.271
6071	14.494
6072	16.022
6073	15.121
6074	16.788
6075	15.804
6076	17.573
6077	16.538
6078	18.378
6079	17.311
6080	19.21
6081	18.117
6082	20.08
6083	18.95
6084	21.005
6085	19.823
6086	22.013
6087	20.758
6088	23.146
6089	21.797
6090	24.485
6091	22.989
6092	26.156
6093	24.428
6094	28.504
6095	26.26
6096	32.069
6097	28.776
6098	40.613
6099	32.434
6100	36.76
6101	19.279
6102	19.08
6103	18.894
6104	19.435
6105	19.039
6106	19.542
6107	19.112
6108	19.599
6109	19.175
6110	19.616
6111	19.154
6112	19.63
6113	19.2
6114	19.6
6115	19.204
6116	19.523
6117	19.145
6118	19.446
6119	19.068
6120	19.345
6121	18.977
6122	19.197
6123	18.864
6124	19.043
6125	18.712
6126	18.894
6127	18.549
6128	18.715
6129	18.391
6130	18.493
6131	18.18
6132	18.247
6133	17.925
6134	17.977
6135	17.708
6136	17.687
6137	17.422
6138	17.377
6139	17.078
6140	17.04
6141	16.784
6142	16.679
6143	16.43
6144	16.305
6145	16.101
6146	15.931
6147	15.719
6148	15.576
6149	15.422
6150	15.236
6151	15.121
6152	14.901
6153	14.829
6154	14.532
6155	5.1983
6156	10.217
6157	7.1222
6158	18.872
6159	18.739
6160	18.731
6161	18.574
6162	18.724
6163	18.507
6164	18.669
6165	18.493
6166	18.575
6167	18.381
6168	18.547
6169	18.326
6170	18.429
6171	18.267
6172	18.289
6173	18.087
6174	18.219
6175	17.982
6176	18.022
6177	17.867
6178	17.837
6179	17.638
6180	17.747
6181	17.525
6182	17.494
6183	17.373
6184	17.29
6185	17.098
6186	17.16
6187	16.983
6188	16.837
6189	16.757
6190	16.626
6191	16.455
6192	16.353
6193	16.317
6194	16.015
6195	15.922
6196	15.899
6197	15.723
6198	15.573
6199	15.546
6200	15.263
6201	15.151
6202	15.114
6203	14.992
6204	14.708
6205	14.726
6206	14.41
6207	14.318
6208	14.23
6209	14.158
6210	13.793
6211	13.843
6212	13.505
6213	13.436
6214	13.309
6215	13.26
6216	12.842
6217	12.919
6218	12.656
6219	12.502
6220	12.424
6221	12.43
6222	11.898
6223	11.924
6224	11.671
6225	11.592
6226	11.31
6227	11.41
6228	10.795
6229	10.913
6230	10.646
6231	10.571
6232	10.397
6233	10.486
6234	10.136
6235	10.111
6236	9.8955
6237	9.9421
6238	9.3755
6239	9.5425
6240	9.3618
6241	9.2357
6242	9.1998
6243	9.2924
6244	8.8201
6245	8.7844
6246	8.7548
6247	8.7079
6248	8.5304
6249	8.5294
6250	7.9446
6251	8.1802
6252	7.9725
6253	7.6083
6254	7.6155
6255	7.9341
6256	6.8596
6257	7.0094
6258	7.4325
6259	6.8562
6260	6.7396
6261	7.2467
6262	5.8774
6263	5.9571
6264	6.1156
6265	5.8878
6266	4.7978
6267	5.6807
6268	5.1871
6269	4.5492
6270	7.0858
6271	6.1373
6272	6.2158
6273	6.345
6274	5.4531
6275	5.1971
6276	5.5064
6277	5.395
6278	5.5439
6279	4.8732
6280	5.2723
6281	4.986
6282	4.6687
6283	4.507
6284	5.1382
6285	4.2712
6286	5.2557
6287	4.8226
6288	4.91
6289	27.625
6290	22.814
6291	21.417
6292	19.11
6293	13.661
6294	26.055
6295	19.686
6296	23.261
6297	1.0812
6298	0.55285
6299	15.567
6300	16.401
6301	11.212
6302	11.28
6303	8.409
6304	9.1918
6305	8.4417
6306	6.6641
6307	10.097
6308	8.0882
6309	7.087
6310	7.1896
6311	4.6703
6312	3.9042
6313	6.66
6314	5.4322
6315	6.5721
6316	5.8778
6317	6.2705
6318	5.7929
6319	5.9642
6320	5.7287
6321	5.524
6322	5.4569
6323	5.0981
6324	5.1169
6325	4.7036
6326	4.8088
6327	4.2579
6328	4.4453
6329	3.8559
6330	4.0596
6331	3.5014
6332	3.7236
6333	3.1228
6334	3.3923
6335	2.7897
6336	3.0452
6337	2.502
6338	2.7637
6339	2.1979
6340	2.4832
6341	1.9333
6342	2.2036
6343	1.7075
6344	1.9695
6345	1.4642
6346	1.7294
6347	1.2394
6348	1.5091
6349	1.0271
6350	1.3151
6351	0.79282
6352	1.0931
6353	0.57757
6354	0.88171
6355	0.38337
6356	0.69487
6357	0.18081
6358	0.53006
6359	3.268e-002
6360	0.37001
6361	0.17754
6362	0.29179
6363	0.34351
6364	0.27333
6365	0.50741
6366	0.33288
6367	0.64835
6368	0.43816
6369	0.78712
6370	0.55478
6371	0.92386
6372	0.67726
6373	1.0378
6374	0.77
6375	1.1481
6376	0.88543
6377	1.2579
6378	0.9541
6379	1.3469
6380	1.0443
6381	1.4314
6382	1.1242
6383	1.517
6384	1.1905
6385	1.5832
6386	1.2708
6387	1.6458
6388	1.3166
6389	1.7105
6390	1.3851
6391	1.7599
6392	1.4405
6393	1.8099
6394	1.4836
6395	1.8669
6396	1.5579
6397	1.9153
6398	1.5774
6399	1.9613
6400	1.6343
6401	2.0086
6402	1.6741
6403	2.0463
6404	1.692
6405	2.0802
6406	1.7349
6407	2.1151
6408	1.7553
6409	2.1407
6410	1.7996
6411	2.1621
6412	1.7991
6413	2.1845
6414	1.8253
6415	2.198
6416	1.8259
6417	2.2073
6418	1.8558
6419	2.2191
6420	1.8297
6421	2.2218
6422	1.8665
6423	2.2207
6424	1.8614
6425	2.2224
6426	1.8792
6427	2.2162
6428	1.8637
6429	2.2107
6430	1.8749
6431	2.2121
6432	1.8477
6433	2.2103
6434	1.8328
6435	2.2078
6436	1.8561
6437	2.2084
6438	1.8376
6439	2.2041
6440	1.8404
6441	2.1977
6442	1.8175
6443	2.1939
6444	1.8304
6445	2.1841
6446	1.8084
6447	2.1707
6448	1.8169
6449	2.1595
6450	1.7929
6451	2.1416
6452	1.7906
6453	2.118
6454	1.7678
6455	2.0975
6456	1.728
6457	2.0703
6458	1.7299
6459	2.0375
6460	1.703
6461	2.0128
6462	1.678
6463	1.9941
6464	1.6359
6465	1.9724
6466	1.6576
6467	1.9516
6468	1.624
6469	1.9323
6470	1.6298
6471	1.9062
6472	1.5897
6473	1.8797
6474	1.5657
6475	1.8532
6476	1.5411
6477	1.8173
6478	1.5131
6479	1.7797
6480	1.4688
6481	1.7415
6482	1.4385
6483	1.6915
6484	1.3844
6485	1.6399
6486	1.3652
6487	1.5889
6488	1.3278
6489	1.5337
6490	1.2744
6491	1.4869
6492	1.2208
6493	1.4458
6494	1.1923
6495	1.4
6496	1.1409
6497	1.3545
6498	1.1047
6499	1.3084
6500	1.0583
6501	1.2544
6502	0.99804
6503	1.1981
6504	0.95931
6505	1.139
6506	0.90148
6507	1.069
6508	0.83074
6509	0.99271
6510	0.76701
6511	0.9145
6512	0.70546
6513	0.82462
6514	0.61223
6515	0.72969
6516	0.51367
6517	0.64448
6518	0.43731
6519	0.56258
6520	0.34861
6521	0.4889
6522	0.27762
6523	0.45888
6524	0.22996
6525	0.7202
6526	0.27054
6527	0.50392
6528	3.2447
6529	3.3601
6530	0.48526
6531	7.9035e-002
6532	1.2189
6533	0.77345
6534	1.8535
6535	1.3728
6536	1.749
6537	2.3877
6538	2.044
6539	2.8373
6540	2.507
6541	2.9442
6542	4.56
6543	4.062
6544	4.2621
6545	3.6294
6546	3.95
6547	3.3867
6548	3.6478
6549	3.1021
6550	3.4087
6551	2.9184
6552	3.3139
6553	2.8275
6554	3.4124
6555	2.989
6556	3.6829
6557	3.2887
6558	4.0545
6559	3.6768
6560	4.4575
6561	4.1185
6562	4.8361
6563	4.523
6564	5.1594
6565	4.8555
6566	5.415
6567	5.1298
6568	5.5993
6569	5.3227
6570	5.7141
6571	5.4605
6572	5.7664
6573	5.504
6574	5.7648
6575	5.5215
6576	5.716
6577	5.4722
6578	5.6285
6579	5.3928
6580	5.5085
6581	5.2806
6582	5.3643
6583	5.1199
6584	5.201
6585	4.9988
6586	5.0225
6587	4.8136
6588	4.8344
6589	4.6364
6590	4.6401
6591	4.449
6592	4.4431
6593	4.2593
6594	4.2471
6595	4.0564
6596	4.0548
6597	3.8912
6598	3.8687
6599	3.6945
6600	3.6912
6601	3.5376
6602	3.524
6603	3.371
6604	3.3688
6605	3.2274
6606	3.2269
6607	3.0832
6608	3.0992
6609	2.9387
6610	2.9864
6611	2.8401
6612	2.8889
6613	2.7282
6614	2.8058
6615	2.6492
6616	2.7372
6617	2.5941
6618	2.6827
6619	2.5123
6620	2.6404
6621	2.4527
6622	2.6092
6623	2.4314
6624	2.588
6625	2.3959
6626	2.5752
6627	2.3805
6628	2.5694
6629	2.3641
6630	2.5687
6631	2.3584
6632	2.5723
6633	2.3761
6634	2.5792
6635	2.3567
6636	2.588
6637	2.3623
6638	2.5978
6639	2.3614
6640	2.6082
6641	2.3855
6642	2.6191
6643	2.374
6644	2.6295
6645	2.3554
6646	2.6394
6647	2.3882
6648	2.6488
6649	2.3955
6650	2.6577
6651	2.4124
6652	2.6659
6653	2.4055
6654	2.6733
6655	2.4148
6656	2.6798
6657	2.3982
6658	2.6854
6659	2.424
6660	2.6898
6661	2.4174
6662	2.6932
6663	2.4365
6664	2.6951
6665	2.435
6666	2.6958
6667	2.4449
6668	2.6948
6669	2.4126
6670	2.6921
6671	2.4402
6672	2.6878
6673	2.4205
6674	2.6815
6675	2.4169
6676	2.6734
6677	2.3968
6678	2.6635
6679	2.3966
6680	2.6519
6681	2.3843
6682	2.6388
6683	2.373
6684	2.6244
6685	2.3654
6686	2.6087
6687	2.3519
6688	2.592
6689	2.341
6690	2.5742
6691	2.2893
6692	2.5553
6693	2.2998
6694	2.5354
6695	2.2591
6696	2.5143
6697	2.2591
6698	2.4924
6699	2.2394
6700	2.4692
6701	2.2012
6702	2.4449
6703	2.1955
6704	2.4193
6705	2.1428
6706	2.3928
6707	2.1546
6708	2.3653
6709	2.131
6710	2.3368
6711	2.0868
6712	2.3079
6713	2.0799
6714	2.2787
6715	2.0496
6716	2.2497
6717	2.0359
6718	2.2212
6719	1.9917
6720	2.1931
6721	1.959
6722	2.1663
6723	1.9475
6724	2.1408
6725	1.9117
6726	2.1171
6727	1.9045
6728	2.0957
6729	1.8861
6730	2.0766
6731	1.859
6732	2.0604
6733	1.8488
6734	2.0477
6735	1.8364
6736	2.0389
6737	1.8381
6738	2.0347
6739	1.8329
6740	2.0358
6741	1.8378
6742	2.043
6743	1.8391
6744	2.0567
6745	1.8451
6746	2.0775
6747	1.8674
6748	2.1058
6749	1.8916
6750	2.1423
6751	1.9461
6752	2.1876
6753	1.9967
6754	2.2418
6755	2.0316
6756	2.305
6757	2.0828
6758	2.3779
6759	2.1502
6760	2.4609
6761	2.2169
6762	2.5549
6763	2.3189
6764	2.6614
6765	2.4205
6766	2.7813
6767	2.5265
6768	2.913
6769	2.6608
6770	3.0533
6771	2.7703
6772	3.2019
6773	2.9119
6774	3.0594
6775	14.355
6776	14.645
6777	14.909
6778	14.063
6779	19.845
6780	19.866
6781	19.918
6782	19.796
6783	13.804
6784	14.644
6785	14.113
6786	14.37
6787	14.527
6788	14.864
6789	15.124
6790	10.862
6791	11.105
6792	10.525
6793	10.825
6794	10.752
6795	10.606
6796	10.829
6797	10.739
6798	11.042
6799	10.603
6800	11.496
6801	11.138
6802	10.243
6803	10.441
6804	10.017
6805	10.701
6806	13.38
6807	13.693
6808	13.455
6809	13.778
6810	12.37
6811	12.657
6812	12.408
6813	12.635
6814	13.042
6815	13.244
6816	13.068
6817	15.364
6818	15.487
6819	15.776
6820	15.778
6821	15.482
6822	11.755
6823	11.97
6824	11.775
6825	11.964
6826	10.73
6827	11.011
6828	11.14
6829	10.948
6830	15.284
6831	15.065
6832	15.011
6833	15.571
6834	15.263
6835	14.845
6836	14.546
6837	14.602
6838	14.904
6839	14.799
6840	15.17
6841	14.276
6842	14.011
6843	13.91
6844	14.184
6845	12.121
6846	12.159
6847	11.925
6848	11.876
6849	12.054
6850	12.33
6851	11.564
6852	11.523
6853	11.736
6854	11.388
6855	11.235
6856	11.353
6857	11.216
6858	11.449
6859	11.585
6860	11.382
6861	11.133
6862	11.031
6863	11.044
6864	11.115
6865	11.228
6866	11.11
6867	10.836
6868	10.817
6869	10.867
6870	10.894
6871	10.786
6872	10.823
6873	10.663
6874	10.735
6875	10.84
6876	10.936
6877	11.359
6878	10.556
6879	10.477
6880	11.189
6881	11.946
6882	10.684
6883	11.391
6884	11.308
6885	11.477
6886	12.409
6887	10.649
6888	11.53
6889	12.344
6890	10.425
6891	11.226
6892	11.875
6893	12.802
6894	12.626
6895	12.252
6896	10.815
6897	10.877
6898	10.693
6899	10.708
6900	10.835
6901	10.76
6902	10.837
6903	10.843
6904	10.673
6905	10.734
6906	10.325
6907	10.425
6908	11.949
6909	12.177
6910	11.642
6911	12.557
6912	11.799
6913	11.392
6914	12.17
6915	13.597
6916	13.93
6917	13.1
6918	13.658
6919	13.143
6920	12.237
6921	12.665
6922	12.483
6923	13.042
6924	13.546
6925	13.311
6926	13.791
6927	13.858
6928	14.233
6929	14.627
6930	15.075
6931	14.783
6932	15.131
6933	15.926
6934	15.437
6935	15.529
6936	15.939
6937	10.472
6938	9.2103
6939	9.6416
6940	11.144
6941	14.753
6942	14.664
6943	15.04
6944	14.98
6945	14.561
6946	14.837
6947	14.461
6948	14.643
6949	14.468
6950	13.874
6951	13.703
6952	14.196
6953	13.987
6954	13.551
6955	14.065
6956	13.554
6957	13.441
6958	13.138
6959	13.175
6960	12.191
6961	12.186
6962	11.952
6963	11.344
6964	11.47
6965	11.313
6966	11.208
6967	10.716
6968	10.694
6969	10.828
6970	10.552
6971	10.612
6972	10.304
6973	10.518
6974	10.436
6975	9.7277
6976	10.12
6977	10.158
6978	9.6245
6979	10.146
6980	10.174
6981	9.9853
6982	11.761
6983	11.101
6984	12.568
6985	12.021
6986	11.275
6987	11.625
6988	11.245
6989	10.445
6990	11.589
6991	10.884
6992	11.305
6993	11.885
6994	10.751
6995	11.585
6996	10.578
6997	11.129
6998	10.925
6999	10.942
7000	11.01
7001	10.847
7002	10.51
7003	10.979
7004	11.139
7005	10.628
7006	10.978
7007	11.332
7008	12.178
7009	11.585
7010	12.169
7011	11.804
7012	12.284
7013	12.724
7014	13.971
7015	14.748
7016	14.156
7017	15.398
7018	14.687
7019	15.128
7020	13.19
7021	13.342
7022	14.034
7023	10.933
7024	10.449
7025	10.759
7026	5.2997
7027	5.4884
7028	5.7565
7029	5.5982
7030	6.9519
7031	7.3335
7032	9.1532
7033	8.5637
7034	16.161
7035	15.905
7036	16.165
7037	13.66
7038	13.882
7039	13.943
7040	12.675
7041	12.934
7042	12.915
7043	11.761
7044	11.605
7045	12.185
7046	11.95
7047	12.142
7048	10.214
7049	10.135
7050	10.367
7051	10.426
7052	10.75
7053	11.036
7054	11.035
7055	13.505
7056	13.992
7057	14.148
7058	15.384
7059	15.695
7060	16.07
7061	11.675
7062	12.012
7063	11.761
7064	12.071
7065	15.912
7066	15.592
7067	15.847
7068	11.963
7069	13.18
7070	9.999
7071	10.768
7072	11.334
7073	10.916
7074	11.281
7075	9.457
7076	9.1748
7077	9.872
7078	9.5992
7079	10.072
7080	9.5833
7081	9.6333
7082	10.569
7083	10.538
7084	10.234
7085	10.017
7086	9.6669
7087	9.8264
7088	9.6809
7089	15.005
7090	14.759
7091	14.724
7092	15.073
7093	15.302
7094	14.973
7095	14.515
7096	14.282
7097	14.272
7098	14.509
7099	13.848
7100	13.815
7101	14.066
7102	14.111
7103	13.613
7104	13.379
7105	13.388
7106	13.301
7107	13.616
7108	12.787
7109	13.098
7110	12.731
7111	11.451
7112	11.594
7113	11.312
7114	11.733
7115	11.808
7116	11.995
7117	11.475
7118	11.339
7119	11.249
7120	11.689
7121	11.64
7122	11.412
7123	11.208
7124	11.029
7125	11.088
7126	11.147
7127	10.889
7128	11.007
7129	10.951
7130	10.872
7131	10.828
7132	10.881
7133	10.879
7134	10.902
7135	10.899
7136	10.86
7137	10.959
7138	10.953
7139	11.636
7140	11.842
7141	12.082
7142	11.783
7143	12.294
7144	12.032
7145	13.11
7146	12.685
7147	12.459
7148	13.343
7149	14.178
7150	13.195
7151	13.301
7152	13.105
7153	14.305
7154	12.115
7155	14.264
7156	12.686
7157	13.878
7158	11.018
7159	14.212
7160	11.689
7161	10.972
7162	10.295
7163	12.905
7164	11.881
7165	13.963
7166	12.922
7167	12.187
7168	13.334
7169	13.77
7170	13.108
7171	13.974
7172	12.744
7173	12.22
7174	12.777
7175	12.659
7176	11.902
7177	11.401
7178	11.657
7179	12.039
7180	12.375
7181	10.644
7182	10.425
7183	10.411
7184	10.581
7185	10.775
7186	10.42
7187	10.445
7188	10.159
7189	9.78
7190	9.9811
7191	9.907
7192	10.287
7193	10.937
7194	10.571
7195	10.112
7196	10.518
7197	10.574
7198	11.096
7199	11.491
7200	11.886
7201	11.732
7202	11.774
7203	12.361
7204	12.002
7205	12.191
7206	12.387
7207	12.845
7208	12.611
7209	13.421
7210	13.335
7211	13.733
7212	13.481
7213	13.35
7214	14.528
7215	14.548
7216	14.953
7217	14.71
7218	16.655
7219	16.815
7220	17.035
7221	16.967
7222	16.281
7223	16.456
7224	16.582
7225	16.251
7226	16.713
7227	14.524
7228	14.94
7229	14.58
7230	14.864
7231	13.79
7232	13.334
7233	13.454
7234	13.817
7235	13.624
7236	4.818
7237	5.0097
7238	5.1621
7239	5.3658
7240	5.6044
7241	6.8039
7242	5.9682
7243	8.8221
7244	7.8319
7245	7.9543
7246	14.926
7247	15.227
7248	15.134
7249	14.642
7250	15.01
7251	14.393
7252	14.712
7253	14.38
7254	14.081
7255	14.246
7256	13.694
7257	13.416
7258	12.43
7259	12.675
7260	12.424
7261	12.418
7262	11.735
7263	11.896
7264	11.578
7265	11.66
7266	11.531
7267	11.438
7268	10.53
7269	10.521
7270	10.703
7271	9.951
7272	10.067
7273	8.9741
7274	9.2969
7275	8.9972
7276	7.6086
7277	8.0989
7278	8.3921
7279	5.5429
7280	5.6401
7281	6.6836
7282	6.4115
7283	9.5111
7284	8.5376
7285	9.0009
7286	9.6664
7287	10.238
7288	10.537
7289	9.2205
7290	10.015
7291	9.7112
7292	9.5218
7293	9.499
7294	10.091
7295	10.34
7296	10.74
7297	10.617
7298	10.895
7299	10.794
7300	10.81
7301	11.004
7302	10.919
7303	11.126
7304	11.107
7305	11.176
7306	11.266
7307	11.268
7308	11.349
7309	11.551
7310	11.46
7311	12.377
7312	12.522
7313	11.777
7314	12.107
7315	12.948
7316	12.801
7317	13.731
7318	13.248
7319	13.796
7320	13.244
7321	12.821
7322	13.278
7323	13.864
7324	14.784
7325	14.493
7326	15.681
7327	15.002
7328	15.916
7329	16.283
7330	16.496
7331	15.61
7332	16.072
7333	16.605
7334	16.112
7335	16.246
7336	16.26
7337	15.951
7338	15.853
7339	15.978
7340	15.456
7341	15.039
7342	15.357
7343	15.125
7344	11.267
7345	11.611
7346	11.381
7347	10.827
7348	10.993
7349	11.167
7350	10.415
7351	10.74
7352	10.568
7353	10.394
7354	10.392
7355	10.211
7356	10.083
7357	6.9917
7358	7.1064
7359	6.8712
7360	7.2007
7361	5.6702
7362	5.9353
7363	5.8518
7364	6.1002
7365	5.2024
7366	5.384
7367	4.7649
7368	4.68
7369	4.4487
7370	4.305
7371	1.767
7372	2.4432
7373	1.6609
7374	2.5524
7375	2.2619
7376	1.4967
7377	1.8871
7378	1.4505
7379	1.5507
7380	1.8711
7381	1.3266
7382	1.5696
7383	1.9006
7384	1.9078
7385	3.5594
7386	3.1066
7387	12.896
7388	13.157
7389	13.157
7390	12.799
7391	16.62
7392	16.751
7393	17.017
7394	4.9214
7395	5.6159
7396	4.5856
7397	13.178
7398	13.
7399	12.914
7400	13.059
7401	16.341
7402	15.912
7403	16.288
7404	16.173
7405	14.727
7406	15.552
7407	14.876
7408	10.893
7409	11.013
7410	11.803
7411	11.466
7412	10.71
7413	7.8408
7414	8.1084
7415	9.7531
7416	4.8629
7417	5.1365
7418	4.4115
7419	7.9854
7420	9.3549
7421	8.6791
7422	8.8164
7423	16.41
7424	16.275
7425	14.449
7426	14.181
7427	14.142
7428	4.8862
7429	4.8565
7430	6.9637
7431	6.3581
7432	4.4159
7433	5.4091
7434	14.932
7435	15.141
7436	14.924
7437	14.455
7438	14.532
7439	14.489
7440	14.707
7441	13.817
7442	13.854
7443	14.053
7444	14.055
7445	13.596
7446	13.565
7447	13.639
7448	13.397
7449	13.176
7450	13.194
7451	13.389
7452	12.968
7453	12.792
7454	12.997
7455	12.798
7456	12.978
7457	13.087
7458	12.521
7459	12.824
7460	12.597
7461	12.186
7462	12.455
7463	12.266
7464	12.324
7465	11.867
7466	11.853
7467	12.087
7468	12.167
7469	11.531
7470	11.627
7471	11.656
7472	11.917
7473	11.264
7474	11.503
7475	11.578
7476	11.35
7477	11.056
7478	10.933
7479	10.972
7480	11.185
7481	10.967
7482	10.883
7483	10.786
7484	10.866
7485	10.825
7486	10.687
7487	10.792
7488	10.723
7489	10.943
7490	10.818
7491	10.729
7492	10.702
7493	10.782
7494	10.884
7495	10.961
7496	10.893
7497	10.807
7498	11.072
7499	11.205
7500	11.136
7501	11.208
7502	11.058
7503	10.998
7504	11.524
7505	11.543
7506	11.352
7507	11.275
7508	11.722
7509	12.003
7510	11.947
7511	11.757
7512	11.421
7513	12.565
7514	12.764
7515	12.629
7516	12.256
7517	12.844
7518	13.378
7519	13.154
7520	12.548
7521	13.028
7522	14.153
7523	13.494
7524	13.868
7525	15.166
7526	15.867
7527	15.639
7528	14.78
7529	16.109
7530	15.332
7531	15.47
7532	15.148
7533	16.885
7534	16.746
7535	15.479
7536	16.718
7537	14.315
7538	11.458
7539	13.028
7540	14.617
7541	9.4337
7542	8.8101
7543	12.799
7544	15.639
7545	12.023
7546	14.019
7547	14.462
7548	14.026
7549	14.769
7550	15.21
7551	13.483
7552	12.987
7553	13.603
7554	14.178
7555	13.32
7556	13.107
7557	12.569
7558	12.124
7559	11.87
7560	11.702
7561	12.135
7562	11.691
7563	10.572
7564	10.523
7565	10.792
7566	10.755
7567	10.37
7568	10.257
7569	10.07
7570	10.284
7571	9.967
7572	10.077
7573	9.0255
7574	9.0704
7575	9.3998
7576	9.6015
7577	9.438
7578	9.6022
7579	9.2314
7580	9.9838
7581	9.6489
7582	9.1991
7583	9.5263
7584	9.3777
7585	9.3323
7586	9.8909
7587	10.189
7588	9.736
7589	9.7674
7590	10.1
7591	10.26
7592	10.367
7593	10.5
7594	10.062
7595	9.9894
7596	10.484
7597	10.118
7598	10.082
7599	10.418
7600	10.862
7601	10.437
7602	11.075
7603	10.677
7604	11.285
7605	11.245
7606	11.415
7607	11.053
7608	11.611
7609	10.874
7610	11.613
7611	11.249
7612	11.826
7613	11.467
7614	11.994
7615	12.022
7616	12.272
7617	11.949
7618	11.864
7619	11.683
7620	12.202
7621	12.616
7622	12.615
7623	13.034
7624	12.958
7625	12.304
7626	12.204
7627	12.677
7628	13.242
7629	13.457
7630	14.248
7631	14.09
7632	13.975
7633	14.224
7634	13.97
7635	14.376
7636	14.572
7637	15.495
7638	15.109
7639	15.22
7640	14.956
7641	17.24
7642	17.399
7643	17.428
7644	17.176
7645	16.848
7646	17.111
7647	17.169
7648	16.981
7649	16.569
7650	16.85
7651	16.625
7652	16.344
7653	15.77
7654	16.088
7655	15.668
7656	15.968
7657	15.57
7658	15.891
7659	15.314
7660	15.043
7661	15.36
7662	15.634
7663	15.72
7664	15.236
7665	14.796
7666	14.503
7667	14.833
7668	14.549
7669	15.139
7670	14.682
7671	14.166
7672	13.856
7673	14.183
7674	14.523
7675	14.192
7676	11.947
7677	12.375
7678	12.288
7679	11.796
7680	11.939
7681	11.51
7682	10.716
7683	10.703
7684	10.414
7685	11.02
7686	11.079
7687	9.778
7688	9.9501
7689	10.057
7690	9.9955
7691	9.4599
7692	9.1406
7693	9.3399
7694	9.2883
7695	9.6606
7696	9.6664
7697	8.8252
7698	9.0458
7699	8.9548
7700	8.5154
7701	8.2173
7702	8.4256
7703	8.306
7704	8.7212
7705	8.6274
7706	8.1347
7707	7.9217
7708	8.0127
7709	6.0136
7710	5.8577
7711	6.1163
7712	6.2445
7713	6.1829
7714	5.4637
7715	5.7578
7716	5.0329
7717	4.6113
7718	4.8971
7719	5.2764
7720	5.4005
7721	4.2473
7722	4.5613
7723	4.2284
7724	4.2132
7725	4.046
7726	3.8405
7727	2.3002
7728	2.8109
7729	2.3549
7730	2.8015
7731	3.9107
7732	4.8176
7733	5.5139
7734	4.8554
7735	7.7359
7736	5.6224
7737	8.9243
7738	7.4232
7739	6.7556
7740	10.484
7741	5.7861
7742	5.729
7743	4.2757
7744	5.3703
7745	5.5107
7746	4.815
7747	6.123
7748	6.1649
7749	5.3686
7750	4.7855
7751	5.9149
7752	5.9828
7753	5.9593
7754	5.6505
7755	7.0729
7756	7.6726
7757	7.0415
7758	19.223
7759	19.222
7760	19.186
7761	19.255
7762	19.254
7763	19.219
7764	19.221
7765	19.187
7766	19.21
7767	19.204
7768	19.172
7769	19.239
7770	19.196
7771	19.196
7772	19.162
7773	19.225
7774	19.351
7775	19.32
7776	19.295
7777	19.326
7778	19.528
7779	19.492
7780	19.497
7781	19.537
7782	19.563
7783	19.521
7784	19.566
7785	19.756
7786	19.711
7787	19.722
7788	19.772
7789	19.793
7790	19.74
7791	19.806
7792	19.782
7793	19.82
7794	19.892
7795	17.282
7796	16.942
7797	16.874
7798	17.188
7799	16.929
7800	16.459
7801	16.759
7802	16.577
7803	16.646
7804	16.543
7805	16.864
7806	16.924
7807	16.478
7808	16.678
7809	16.549
7810	16.285
7811	16.346
7812	16.309
7813	16.156
7814	15.88
7815	16.027
7816	15.525
7817	15.423
7818	15.83
7819	15.72
7820	15.32
7821	15.644
7822	15.436
7823	15.091
7824	14.691
7825	15.012
7826	14.55
7827	14.878
7828	14.842
7829	14.501
7830	13.996
7831	13.982
7832	13.708
7833	12.938
7834	13.228
7835	13.198
7836	12.666
7837	12.932
7838	12.571
7839	12.681
7840	12.378
7841	11.824
7842	12.008
7843	12.091
7844	11.56
7845	11.709
7846	11.429
7847	11.389
7848	11.295
7849	10.581
7850	10.541
7851	10.72
7852	10.781
7853	10.09
7854	10.064
7855	10.319
7856	10.312
7857	9.8773
7858	9.8215
7859	9.5699
7860	9.6674
7861	8.4671
7862	8.7111
7863	8.2099
7864	7.8828
7865	8.1969
7866	8.7653
7867	6.8383
7868	6.9856
7869	7.3944
7870	7.5676
7871	6.8131
7872	7.3539
7873	7.1855
7874	7.8449
7875	6.4249
7876	6.9216
7877	7.2701
7878	6.5879
7879	4.7038
7880	4.803
7881	5.3757
7882	4.3231
7883	7.8058
7884	8.1631
7885	8.3932
7886	8.7929
7887	8.0563
7888	8.5413
7889	8.3643
7890	8.9764
7891	9.5047
7892	9.0793
7893	9.0327
7894	8.5418
7895	9.157
7896	8.6534
7897	9.442
7898	8.9366
7899	8.7639
7900	9.8321
7901	9.3643
7902	10.051
7903	9.6831
7904	10.213
7905	9.8773
7906	10.426
7907	10.109
7908	10.473
7909	10.641
7910	10.41
7911	10.646
7912	10.823
7913	10.654
7914	11.028
7915	10.887
7916	11.256
7917	11.178
7918	11.447
7919	11.445
7920	11.635
7921	11.658
7922	11.907
7923	11.872
7924	13.504
7925	13.099
7926	13.75
7927	13.415
7928	13.838
7929	14.034
7930	13.349
7931	14.247
7932	14.357
7933	14.831
7934	14.77
7935	14.31
7936	14.743
7937	14.153
7938	13.709
7939	14.311
7940	14.957
7941	14.528
7942	15.168
7943	15.462
7944	15.746
7945	16.171
7946	16.082
7947	15.728
7948	15.152
7949	16.837
7950	16.955
7951	16.096
7952	16.4
7953	16.4
7954	16.659
7955	15.938
7956	17.016
7957	17.111
7958	16.691
7959	17.438
7960	17.469
7961	16.894
7962	17.003
7963	15.725
7964	15.911
7965	16.277
7966	16.549
7967	16.905
7968	16.615
7969	16.227
7970	16.31
7971	16.076
7972	16.089
7973	15.981
7974	15.726
7975	15.665
7976	15.931
7977	15.548
7978	15.438
7979	15.371
7980	15.278
7981	15.667
7982	15.167
7983	15.081
7984	15.47
7985	14.868
7986	14.948
7987	15.263
7988	14.704
7989	14.787
7990	14.395
7991	13.848
7992	13.895
7993	14.236
7994	13.138
7995	13.147
7996	13.428
7997	13.003
7998	12.586
7999	12.936
8000	13.056
8001	12.604
8002	12.192
8003	12.229
8004	12.489
8005	11.828
8006	12.139
8007	11.885
8008	11.465
8009	11.106
8010	11.21
8011	9.0877
8012	9.3824
8013	9.1654
8014	9.3965
8015	8.7386
8016	8.8593
8017	8.9323
8018	9.1106
8019	8.3663
8020	8.4901
8021	8.5636
8022	6.8793
8023	6.7661
8024	7.0901
8025	5.5688
8026	5.7613
8027	6.026
8028	4.0775
8029	3.7404
8030	3.9189
8031	3.5395
8032	1.3255
8033	1.8029
8034	1.619
8035	1.2008
8036	1.1917
8037	1.7307
8038	2.7014
8039	2.1096
8040	2.5462
8041	3.21
8042	3.232
8043	2.2772
8044	2.0032
8045	2.2983
8046	2.6886
8047	4.7138
8048	4.6971
8049	4.6604
8050	4.6188
8051	2.4987
8052	2.6751
8053	2.3644
8054	2.8249
8055	2.6726
8056	2.1928
8057	2.3491
8058	2.099
8059	1.59
8060	1.8003
8061	1.9021
8062	1.1262
8063	1.3616
8064	1.1978
8065	0.91763
8066	0.93622
8067	1.3362
8068	0.929
8069	1.1094
8070	0.9541
8071	0.84229
8072	1.1133
8073	0.95045
8074	6.2322
8075	5.8038
8076	4.8081
8077	13.174
8078	12.788
8079	2.0832
8080	2.3934
8081	2.4519
8082	2.5201
8083	2.5561
8084	13.52
8085	13.923
8086	13.52
8087	13.136
8088	13.513
8089	12.778
8090	13.173
8091	12.778
8092	17.177
8093	17.12
8094	17.441
8095	17.256
8096	17.164
8097	16.936
8098	17.346
8099	16.583
8100	17.014
8101	17.642
8102	15.825
8103	16.98
8104	17.425
8105	17.015
8106	19.223
8107	19.182
8108	19.185
8109	19.144
8110	12.325
8111	12.628
8112	12.367
8113	17.44
8114	17.469
8115	12.669
8116	12.82
8117	12.434
8118	4.9471
8119	3.6344
8120	3.8234
8121	4.0689
8122	5.8874
8123	6.1903
8124	1.4731
8125	1.2578
8126	1.6425
8127	1.3893
8128	1.4439
8129	1.2876
8130	1.2022
8131	1.022
8132	0.86197
8133	1.2926
8134	1.0731
8135	1.1259
8136	0.91889
8137	0.74806
8138	1.1397
8139	1.0135
8140	0.68434
8141	1.0855
8142	0.87278
8143	0.62027
8144	1.0231
8145	0.8273
8146	0.80113
8147	0.5976
8148	1.0087
8149	0.78791
8150	0.78519
8151	0.76084
8152	0.54726
8153	0.97245
8154	0.79151
8155	0.57061
8156	1.0187
8157	0.77592
8158	0.57569
8159	1.0397
8160	0.79263
8161	0.78361
8162	0.83985
8163	0.59621
8164	1.0725
8165	0.80383
8166	0.85613
8167	0.63603
8168	1.0828
8169	0.64671
8170	1.1049
8171	0.8796
8172	0.68248
8173	1.1345
8174	0.92187
8175	0.89798
8176	0.70995
8177	1.1667
8178	0.93595
8179	0.9416
8180	0.72724
8181	1.1762
8182	0.93904
8183	0.94642
8184	0.81349
8185	1.3139
8186	1.0455
8187	1.0189
8188	0.84001
8189	1.3066
8190	1.0459
8191	1.0497
8192	0.87544
8193	1.3249
8194	1.0603
8195	1.0871
8196	1.3146
8197	1.0915
8198	1.0839
8199	0.89032
8200	0.93941
8201	1.3842
8202	1.1625
8203	1.1468
8204	1.1993
8205	0.97252
8206	1.4106
8207	1.1798
8208	1.1921
8209	0.99293
8210	1.4352
8211	0.97137
8212	1.3982
8213	1.1811
8214	1.1931
8215	1.0057
8216	1.4204
8217	1.191
8218	1.001
8219	1.41
8220	1.2027
8221	1.0259
8222	1.4212
8223	1.2141
8224	1.2193
8225	1.2962
8226	1.0874
8227	1.4781
8228	1.278
8229	1.513
8230	1.3095
8231	1.1072
8232	1.3279
8233	1.1095
8234	1.5132
8235	1.3027
8236	1.1579
8237	1.5576
8238	1.3702
8239	1.2621
8240	1.6658
8241	1.451
8242	1.4764
8243	1.5841
8244	1.7836
8245	1.5214
8246	1.6589
8247	1.8265
8248	1.4863
8249	1.9179
8250	1.7431
8251	2.1178
8252	1.9879
8253	1.8437
8254	1.6878
8255	2.3815
8256	2.118
8257	2.2048
8258	1.9279
8259	2.8594
8260	3.0336
8261	2.7152
8262	2.5333
8263	3.1927
8264	3.0016
8265	3.0185
8266	3.5382
8267	3.3605
8268	3.1711
8269	3.4296
8270	3.9068
8271	3.5573
8272	3.7525
8273	3.8318
8274	4.2618
8275	4.1298
8276	3.9386
8277	4.2118
8278	4.5675
8279	4.4594
8280	4.3012
8281	4.7465
8282	4.8337
8283	4.7454
8284	4.6793
8285	4.7306
8286	4.7711
8287	4.5203
8288	4.6543
8289	4.6216
8290	4.2427
8291	4.1463
8292	4.0041
8293	3.8259
8294	4.4819
8295	4.3759
8296	2.4094
8297	2.4039
8298	2.1347
8299	2.6924
8300	1.8036
8301	1.6673
8302	1.8067
8303	2.0415
8304	1.966
8305	2.5292
8306	1.7039
8307	1.8086
8308	2.0668
8309	1.7876
8310	1.4634
8311	1.6738
8312	1.6178
8313	1.3049
8314	1.3363
8315	4.7187
8316	4.487
8317	4.6732
8318	4.3413
8319	5.0997
8320	4.8647
8321	4.8541
8322	5.2632
8323	5.3106
8324	5.5085
8325	6.0661
8326	6.3
8327	5.9187
8328	6.1799
8329	6.7763
8330	6.9844
8331	6.6518
8332	8.0669
8333	8.1488
8334	8.2718
8335	7.9368
8336	8.7235
8337	8.9365
8338	8.6099
8339	10.442
8340	10.733
8341	10.342
8342	10.669
8343	11.959
8344	12.247
8345	11.921
8346	12.479
8347	12.865
8348	12.533
8349	12.731
8350	13.28
8351	13.256
8352	13.536
8353	13.583
8354	13.798
8355	13.858
8356	14.09
8357	14.787
8358	14.501
8359	14.567
8360	14.993
8361	14.715
8362	14.912
8363	15.175
8364	15.611
8365	15.385
8366	15.386
8367	15.578
8368	15.867
8369	15.781
8370	16.669
8371	16.465
8372	16.393
8373	16.905
8374	16.708
8375	16.926
8376	17.138
8377	17.542
8378	17.315
8379	17.467
8380	17.337
8381	17.802
8382	17.549
8383	17.241
8384	17.423
8385	17.165
8386	16.929
8387	17.655
8388	17.31
8389	16.729
8390	17.53
8391	17.036
8392	17.211
8393	16.079
8394	16.693
8395	16.711
8396	17.552
8397	16.46
8398	16.866
8399	18.307
8400	18.034
8401	17.879
8402	17.875
8403	18.325
8404	18.367
8405	17.751
8406	17.308
8407	18.376
8408	17.913
8409	17.296
8410	17.944
8411	17.54
8412	17.268
8413	17.718
8414	17.365
8415	17.878
8416	17.774
8417	17.836
8418	17.174
8419	16.795
8420	17.17
8421	16.743
8422	16.594
8423	15.795
8424	15.362
8425	15.18
8426	15.116
8427	15.534
8428	15.072
8429	14.589
8430	15.117
8431	15.573
8432	14.886
8433	15.421
8434	14.562
8435	15.104
8436	14.29
8437	14.806
8438	14.149
8439	14.474
8440	14.12
8441	13.805
8442	14.57
8443	12.937
8444	13.355
8445	13.255
8446	12.782
8447	12.596
8448	12.951
8449	13.086
8450	12.535
8451	12.238
8452	12.574
8453	12.195
8454	12.24
8455	11.94
8456	11.381
8457	11.646
8458	11.669
8459	11.194
8460	11.341
8461	11.049
8462	10.443
8463	10.527
8464	10.732
8465	10.117
8466	10.204
8467	9.1407
8468	9.5342
8469	9.2469
8470	8.4386
8471	8.8901
8472	8.4498
8473	7.9487
8474	8.305
8475	8.2805
8476	7.9457
8477	7.7439
8478	7.4525
8479	7.5554
8480	8.4629
8481	8.0492
8482	7.2709
8483	7.2879
8484	7.5838
8485	7.2058
8486	7.3305
8487	7.4987
8488	7.6592
8489	7.2708
8490	6.325
8491	7.0393
8492	7.0899
8493	5.5598
8494	6.18
8495	6.6227
8496	5.8594
8497	6.5332
8498	5.3545
8499	5.9513
8500	5.9487
8501	6.4157
8502	5.5816
8503	6.0843
8504	6.3833
8505	5.8854
8506	6.2182
8507	6.3562
8508	6.1726
8509	6.3442
8510	6.3391
8511	6.4527
8512	6.3302
8513	6.6466
8514	6.5249
8515	6.3258
8516	6.5073
8517	6.3095
8518	6.904
8519	6.3233
8520	6.2459
8521	6.7749
8522	6.3638
8523	6.3904
8524	6.9745
8525	6.5108
8526	7.2963
8527	7.1025
8528	6.652
8529	7.4991
8530	7.2136
8531	6.7604
8532	7.5747
8533	7.3778
8534	6.9111
8535	7.6475
8536	7.1956
8537	7.0872
8538	7.6624
8539	8.2443
8540	7.8159
8541	8.463
8542	7.9896
8543	8.4841
8544	8.0818
8545	8.672
8546	8.7322
8547	8.3539
8548	8.8819
8549	8.9894
8550	8.639
8551	9.1059
8552	9.2498
8553	8.9305
8554	9.3348
8555	9.5245
8556	9.2118
8557	9.8037
8558	9.5218
8559	10.079
8560	9.8145
8561	10.366
8562	10.112
8563	10.32
8564	10.68
8565	10.529
8566	10.4
8567	10.992
8568	10.84
8569	10.873
8570	11.285
8571	11.14
8572	11.146
8573	11.58
8574	11.442
8575	11.896
8576	11.745
8577	12.178
8578	12.057
8579	12.208
8580	12.723
8581	12.706
8582	12.482
8583	12.952
8584	12.947
8585	13.227
8586	13.189
8587	13.504
8588	13.578
8589	13.473
8590	13.751
8591	13.796
8592	13.469
8593	14.015
8594	14.042
8595	13.722
8596	14.311
8597	14.305
8598	14.576
8599	14.776
8600	14.873
8601	14.54
8602	14.683
8603	14.588
8604	14.291
8605	14.983
8606	15.062
8607	14.635
8608	15.17
8609	15.343
8610	15.269
8611	15.481
8612	15.378
8613	16.771
8614	16.595
8615	16.467
8616	16.806
8617	16.993
8618	16.705
8619	17.096
8620	16.956
8621	16.592
8622	17.479
8623	17.44
8624	17.145
8625	17.199
8626	16.946
8627	17.16
8628	17.412
8629	16.785
8630	17.115
8631	17.502
8632	17.296
8633	17.682
8634	17.852
8635	17.47
8636	18.071
8637	17.934
8638	17.558
8639	18.243
8640	18.453
8641	18.139
8642	17.977
8643	18.349
8644	18.53
8645	18.026
8646	18.209
8647	18.661
8648	18.506
8649	18.557
8650	18.968
8651	18.67
8652	18.811
8653	19.25
8654	19.516
8655	19.406
8656	19.3
8657	19.686
8658	19.915
8659	19.897
8660	19.804
8661	19.78
8662	19.883
8663	19.807
8664	19.953
8665	19.813
8666	19.971
8667	19.887
8668	20.052
8669	20.01
8670	19.97
8671	19.854
8672	19.963
8673	19.903
8674	19.91
8675	19.826
8676	19.772
8677	19.855
8678	19.797
8679	19.885
8680	19.85
8681	19.689
8682	19.757
8683	19.708
8684	19.731
8685	19.598
8686	19.556
8687	19.612
8688	19.583
8689	19.641
8690	19.624
8691	19.475
8692	19.532
8693	19.499
8694	19.51
8695	19.408
8696	19.464
8697	19.444
8698	19.428
8699	19.377
8700	19.433
8701	19.412
8702	19.394
8703	19.408
8704	19.374
8705	19.381
8706	19.321
8707	19.378
8708	19.38
8709	19.353
8710	19.344
8711	19.284
8712	19.341
8713	19.318
8714	19.307
8715	19.258
8716	19.273
8717	19.315
8718	19.293
8719	19.263
8720	19.324
8721	19.301
8722	19.288
8723	19.317
8724	19.254
8725	19.284
8726	19.285
8727	19.277
8728	19.246
8729	19.306
8730	19.278
8731	19.275
8732	19.308
8733	19.247
8734	19.24
8735	19.304
8736	19.272
8737	19.272
8738	19.234
8739	19.264
8740	19.297
8741	19.276
8742	19.247
8743	19.307
8744	19.268
8745	19.234
8746	19.305
8747	19.306
8748	19.229
8749	19.296
8750	19.262
8751	19.23
8752	19.296
8753	19.261
8754	19.264
8755	19.232
8756	19.298
8757	19.267
8758	19.265
8759	19.242
8760	19.308
8761	19.275
8762	19.275
8763	19.242
8764	19.312
8765	19.281
8766	19.276
8767	19.247
8768	19.315
8769	19.285
8770	19.283
8771	19.325
8772	19.289
8773	19.29
8774	19.25
8775	19.316
8776	19.289
8777	19.284
8778	19.296
8779	19.258
8780	19.329
8781	19.293
8782	19.333
8783	19.261
8784	19.295
8785	19.251
8786	19.323
8787	19.287
8788	19.284
8789	19.275
8790	19.307
8791	19.23
8792	19.267
8793	19.274
8794	19.238
8795	19.318
8796	19.319
8797	19.262
8798	19.224
8799	19.304
8800	19.26
8801	19.218
8802	19.299
8803	19.259
8804	19.299
8805	19.221
8806	19.26
8807	19.263
8808	19.301
8809	19.217
8810	19.294
8811	7.0292
8812	7.0859
8813	6.8098
8814	6.4775
8815	7.0773
8816	6.4336
8817	6.5107
8818	7.2163
8819	6.6074
8820	7.2908
8821	6.7565
8822	7.4432
8823	6.8446
8824	7.5034
8825	7.0763
8826	7.5231
8827	4.009
8828	3.8624
8829	3.1147
8830	4.6337
8831	2.8715
8832	4.282
8833	3.9821
8834	0.44313
8835	0.63752
8836	0.68713
8837	0.58863
8838	0.42493
8839	0.84003
8840	0.62497
8841	0.53161
8842	0.37989
8843	0.49402
8844	0.35484
8845	0.47335
8846	0.65867
8847	0.35572
8848	0.44825
8849	0.3611
8850	0.45906
8851	0.44249
8852	0.3683
8853	0.59184
8854	0.37623
8855	0.43756
8856	0.41387
8857	0.56102
8858	0.42766
8859	0.39811
8860	0.41217
8861	0.41919
8862	0.49964
8863	0.42456
8864	0.42485
8865	0.55486
8866	0.42793
8867	0.42033
8868	0.60106
8869	0.42885
8870	0.43883
8871	0.43349
8872	0.44411
8873	0.43954
8874	0.55892
8875	0.46865
8876	0.45001
8877	0.48319
8878	0.57431
8879	0.46224
8880	0.50504
8881	0.47474
8882	0.5128
8883	0.57892
8884	0.49341
8885	0.54928
8886	0.51622
8887	0.53696
8888	0.53272
8889	0.56379
8890	0.55037
8891	0.57521
8892	0.67066
8893	0.5697
8894	0.59397
8895	0.5845
8896	0.59934
8897	0.71815
8898	0.59613
8899	0.62486
8900	0.6088
8901	0.63108
8902	0.73203
8903	0.62149
8904	0.65677
8905	0.63865
8906	0.66238
8907	0.73896
8908	0.65457
8909	0.77475
8910	0.66716
8911	0.67054
8912	0.6935
8913	0.77827
8914	0.68938
8915	0.70291
8916	0.70799
8917	0.71757
8918	0.82401
8919	0.72558
8920	0.73655
8921	0.74485
8922	0.75926
8923	0.84102
8924	0.75983
8925	0.76551
8926	0.79604
8927	0.87426
8928	0.77469
8929	0.80419
8930	0.90897
8931	0.81541
8932	0.79239
8933	0.8142
8934	0.82878
8935	0.91578
8936	0.83113
8937	0.84098
8938	0.82903
8939	0.84048
8940	0.83397
8941	0.96398
8942	0.84808
8943	0.83452
8944	0.85135
8945	0.83202
8946	0.8424
8947	0.86226
8948	0.86864
8949	0.86579
8950	0.85027
8951	0.98117
8952	0.87958
8953	0.84693
8954	0.88848
8955	0.8521
8956	0.90553
8957	0.85772
8958	0.8985
8959	0.917
8960	0.85995
8961	1.041
8962	0.86137
8963	0.91972
8964	1.0657
8965	0.93706
8966	0.92595
8967	0.85769
8968	1.0813
8969	0.85037
8970	0.94231
8971	0.96983
8972	0.83029
8973	0.99404
8974	0.84305
8975	1.0254
8976	1.1795
8977	0.84104
8978	1.0606
8979	0.87925
8980	1.2312
8981	0.89124
8982	1.0824
8983	1.3226
8984	1.0537
8985	1.5745
8986	1.1566
8987	1.4219
8988	2.868
8989	2.5436
8990	3.082
8991	2.7539
8992	3.2071
8993	3.3013
8994	2.9861
8995	3.7412
8996	3.517
8997	3.4401
8998	3.9491
8999	3.6799
9000	4.038
9001	4.1473
9002	3.8928
9003	4.706
9004	4.7605
9005	4.6186
9006	4.7679
9007	4.3916
9008	4.677
9009	4.3722
9010	3.9984
9011	2.4404
9012	2.8161
9013	4.0925
9014	4.0114
9015	2.849
9016	5.683
9017	5.646
9018	7.8673
9019	10.307
9020	9.9891
9021	8.1718
9022	6.4253
9023	8.4206
9024	4.6709
9025	5.6404
9026	6.5787
9027	3.2591
9028	3.4157
9029	3.9953
9030	2.6887
9031	3.0749
9032	2.6862
9033	2.8884
9034	2.9115
9035	3.1684
9036	3.436
9037	3.3139
9038	4.5367
9039	4.6045
9040	4.1712
9041	4.8559
9042	4.8814
9043	5.1491
9044	5.0946
9045	5.4145
9046	5.3572
9047	5.6971
9048	5.6356
9049	6.0184
9050	5.8994
9051	6.3071
9052	6.278
9053	6.6196
9054	6.5544
9055	6.4115
9056	6.9427
9057	6.862
9058	6.8057
9059	7.2116
9060	7.1638
9061	6.9449
9062	7.4878
9063	7.4477
9064	7.253
9065	7.78
9066	7.7217
9067	7.5567
9068	8.0632
9069	8.0014
9070	7.8502
9071	8.3426
9072	8.2811
9073	8.631
9074	8.5633
9075	8.9412
9076	8.8307
9077	9.2448
9078	9.1117
9079	9.2238
9080	9.5401
9081	9.4819
9082	9.8322
9083	9.7668
9084	10.076
9085	10.044
9086	10.284
9087	10.271
9088	11.007
9089	11.006
9090	10.722
9091	11.312
9092	11.332
9093	11.992
9094	11.979
9095	11.677
9096	12.28
9097	12.279
9098	12.582
9099	12.569
9100	12.89
9101	12.884
9102	13.215
9103	13.18
9104	13.55
9105	13.614
9106	13.495
9107	13.918
9108	13.895
9109	14.251
9110	14.248
9111	14.363
9112	14.54
9113	14.592
9114	14.854
9115	14.893
9116	15.177
9117	15.181
9118	15.458
9119	15.489
9120	15.592
9121	15.682
9122	15.787
9123	15.885
9124	16.011
9125	16.044
9126	16.192
9127	16.213
9128	16.346
9129	16.394
9130	16.533
9131	16.562
9132	16.697
9133	16.27
9134	16.728
9135	16.858
9136	16.44
9137	16.912
9138	17.023
9139	17.116
9140	17.207
9141	17.28
9142	17.398
9143	17.353
9144	17.514
9145	17.413
9146	17.16
9147	17.562
9148	17.511
9149	17.645
9150	17.28
9151	17.591
9152	17.741
9153	17.636
9154	17.805
9155	17.681
9156	17.853
9157	17.629
9158	17.865
9159	17.656
9160	17.652
9161	17.893
9162	17.687
9163	17.888
9164	17.445
9165	17.753
9166	17.932
9167	17.801
9168	17.989
9169	17.636
9170	17.828
9171	17.983
9172	17.694
9173	17.83
9174	17.982
9175	17.743
9176	17.805
9177	17.936
9178	17.753
9179	17.756
9180	17.888
9181	17.746
9182	17.679
9183	17.784
9184	17.717
9185	17.583
9186	17.674
9187	17.659
9188	17.47
9189	17.537
9190	17.595
9191	17.341
9192	17.389
9193	17.502
9194	17.407
9195	17.184
9196	17.213
9197	16.799
9198	16.793
9199	16.994
9200	17.082
9201	16.59
9202	16.564
9203	16.357
9204	16.305
9205	16.109
9206	16.035
9207	16.563
9208	15.818
9209	15.736
9210	16.339
9211	14.864
9212	14.98
9213	15.344
9214	14.524
9215	14.658
9216	14.695
9217	14.247
9218	14.383
9219	14.01
9220	14.133
9221	13.786
9222	13.894
9223	13.556
9224	13.653
9225	13.738
9226	13.322
9227	13.414
9228	13.494
9229	13.099
9230	13.186
9231	12.904
9232	12.974
9233	12.75
9234	12.772
9235	12.598
9236	12.585
9237	12.876
9238	12.123
9239	12.13
9240	12.349
9241	11.924
9242	11.913
9243	11.736
9244	11.703
9245	11.56
9246	11.502
9247	11.364
9248	11.301
9249	11.142
9250	11.073
9251	10.924
9252	10.838
9253	10.514
9254	10.718
9255	10.39
9256	10.291
9257	10.168
9258	10.027
9259	9.9273
9260	9.8066
9261	9.6623
9262	9.7473
9263	9.4771
9264	9.732
9265	9.4426
9266	9.3355
9267	9.6269
9268	9.3127
9269	9.0016
9270	9.4702
9271	9.1336
9272	8.8511
9273	9.6299
9274	8.9714
9275	8.6437
9276	8.9066
9277	8.529
9278	8.8517
9279	8.4847
9280	9.3066
9281	8.3974
9282	8.821
9283	8.8342
9284	9.2667
9285	8.8316
9286	8.8319
9287	8.3949
9288	9.2484
9289	8.8289
9290	8.4071
9291	8.8034
9292	8.4146
9293	8.7566
9294	8.4053
9295	9.1294
9296	8.7751
9297	8.4046
9298	8.9422
9299	8.5187
9300	8.7764
9301	9.2361
9302	9.3062
9303	9.7895
9304	9.418
9305	9.5566
9306	9.9963
9307	9.6335
9308	10.253
9309	9.9127
9310	10.553
9311	10.222
9312	10.885
9313	10.588
9314	10.799
9315	11.254
9316	10.967
9317	11.105
9318	11.39
9319	11.666
9320	11.456
9321	12.504
9322	12.272
9323	12.076
9324	12.815
9325	12.955
9326	12.732
9327	13.
9328	13.174
9329	13.438
9330	13.308
9331	12.71
9332	14.355
9333	13.783
9334	14.47
9335	14.974
9336	15.116
9337	15.576
9338	15.795
9339	16.106
9340	16.442
9341	17.04
9342	17.406
9343	18.228
9344	16.024
9345	17.649
9346	18.848
9347	16.143
9348	17.699
9349	19.338
9350	15.996
9351	17.263
9352	19.826
9353	15.968
9354	19.739
9355	18.445
9356	13.87
9357	11.303
9358	13.572
9359	11.636
9360	13.315
9361	14.751
9362	9.8701
9363	15.859
9364	18.32
9365	12.197
9366	17.698
9367	20.3
9368	14.559
9369	18.463
9370	20.623
9371	16.
9372	18.532
9373	20.313
9374	18.243
9375	19.742
9376	19.087
9377	17.794
9378	16.867
9379	17.295
9380	17.808
9381	17.332
9382	16.467
9383	14.914
9384	15.623
9385	15.42
9386	14.582
9387	14.431
9388	15.094
9389	14.592
9390	13.993
9391	13.731
9392	13.257
9393	13.597
9394	13.718
9395	12.973
9396	13.378
9397	13.042
9398	12.667
9399	12.059
9400	12.346
9401	12.349
9402	11.795
9403	12.035
9404	11.564
9405	11.759
9406	11.211
9407	11.309
9408	11.369
9409	11.07
9410	11.13
9411	10.938
9412	10.966
9413	10.721
9414	10.821
9415	10.696
9416	10.588
9417	10.648
9418	10.572
9419	10.583
9420	10.443
9421	10.675
9422	10.587
9423	10.436
9424	10.627
9425	10.455
9426	10.742
9427	10.686
9428	10.558
9429	10.809
9430	10.611
9431	10.916
9432	10.696
9433	11.041
9434	10.818
9435	11.125
9436	11.169
9437	10.939
9438	11.282
9439	11.065
9440	11.407
9441	11.428
9442	11.221
9443	11.158
9444	11.621
9445	11.401
9446	11.798
9447	11.577
9448	11.951
9449	12.026
9450	11.741
9451	12.043
9452	11.885
9453	12.126
9454	11.969
9455	12.182
9456	12.274
9457	12.106
9458	12.24
9459	12.451
9460	12.28
9461	12.435
9462	12.811
9463	12.628
9464	12.64
9465	13.008
9466	12.83
9467	13.2
9468	13.026
9469	13.524
9470	13.371
9471	13.369
9472	13.692
9473	13.536
9474	13.878
9475	13.719
9476	14.25
9477	14.092
9478	14.072
9479	14.272
9480	14.409
9481	14.255
9482	14.577
9483	14.426
9484	14.949
9485	14.76
9486	14.786
9487	15.124
9488	14.968
9489	15.144
9490	15.331
9491	15.124
9492	15.209
9493	15.619
9494	15.432
9495	15.602
9496	15.364
9497	15.892
9498	15.689
9499	15.843
9500	16.163
9501	15.903
9502	16.249
9503	16.366
9504	16.086
9505	16.632
9506	16.597
9507	16.287
9508	16.392
9509	17.099
9510	16.664
9511	16.879
9512	17.397
9513	17.648
9514	17.616
9515	17.357
9516	18.12
9517	17.895
9518	17.922
9519	18.302
9520	18.076
9521	18.384
9522	18.467
9523	18.259
9524	18.614
9525	18.415
9526	18.692
9527	18.758
9528	18.564
9529	18.845
9530	18.875
9531	18.712
9532	18.969
9533	18.98
9534	18.817
9535	19.064
9536	19.093
9537	18.936
9538	19.123
9539	19.171
9540	19.05
9541	19.251
9542	19.115
9543	19.305
9544	19.343
9545	19.214
9546	19.408
9547	19.412
9548	19.297
9549	19.481
9550	19.484
9551	19.542
9552	19.363
9553	19.553
9554	19.435
9555	19.63
9556	19.599
9557	19.504
9558	19.635
9559	19.538
9560	19.703
9561	19.678
9562	19.584
9563	19.738
9564	19.712
9565	19.627
9566	19.778
9567	19.734
9568	19.653
9569	19.799
9570	19.745
9571	19.68
9572	19.743
9573	19.688
9574	19.738
9575	19.692
9576	19.694
9577	19.715
9578	19.748
9579	19.868
9580	19.811
9581	19.805
9582	19.757
9583	19.807
9584	19.796
9585	19.754
9586	19.849
9587	19.788
9588	19.745
9589	19.833
9590	19.779
9591	19.742
9592	19.831
9593	19.764
9594	19.813
9595	19.729
9596	19.745
9597	19.718
9598	19.722
9599	19.697
9600	19.697
9601	19.677
9602	19.662
9603	19.658
9604	19.672
9605	19.738
9606	19.692
9607	19.644
9608	19.621
9609	19.659
9610	19.627
9611	19.603
9612	19.662
9613	19.609
9614	19.585
9615	19.645
9616	19.59
9617	19.571
9618	19.627
9619	19.568
9620	19.608
9621	19.549
9622	19.542
9623	19.528
9624	19.514
9625	19.503
9626	19.485
9627	19.477
9628	19.45
9629	19.452
9630	19.469
9631	19.455
9632	19.508
9633	19.451
9634	19.427
9635	19.485
9636	19.433
9637	19.443
9638	19.418
9639	19.427
9640	19.407
9641	19.465
9642	19.406
9643	19.444
9644	19.385
9645	19.388
9646	19.37
9647	19.424
9648	19.374
9649	19.352
9650	19.359
9651	19.342
9652	19.393
9653	19.325
9654	19.339
9655	19.287
9656	19.31
9657	19.341
9658	19.291
9659	19.265
9660	19.299
9661	19.322
9662	19.284
9663	19.26
9664	19.272
9665	19.248
9666	19.306
9667	19.262
9668	19.238
9669	19.294
9670	19.251
9671	19.228
9672	19.238
9673	19.218
9674	19.272
9675	19.222
9676	19.205
9677	19.236
9678	19.196
9679	19.191
9680	19.247
9681	19.284
9682	19.227
9683	19.206
9684	19.19
9685	19.195
9686	19.221
9687	19.251
9688	19.218
9689	19.19
9690	19.221
9691	19.248
9692	19.186
9693	19.216
9694	19.209
9695	19.179
9696	19.213
9697	19.207
9698	19.239
9699	19.179
9700	19.204
9701	19.174
9702	19.233
9703	19.21
9704	19.173
9705	19.206
9706	19.182
9707	19.196
9708	19.165
9709	19.163
9710	19.198
9711	19.166
9712	19.197
9713	19.167
9714	19.229
9715	19.198
9716	19.165
9717	19.23
9718	19.167
9719	19.2
9720	19.169
9721	19.231
9722	19.201
9723	19.169
9724	19.233
9725	19.203
9726	19.169
9727	19.206
9728	19.172
9729	19.237
9730	19.211
9731	19.175
9732	19.24
9733	19.18
9734	19.248
9735	19.204
9736	19.171
9737	19.232
9738	19.208
9739	19.174
9740	19.237
9741	19.21
9742	19.177
9743	19.241
9744	19.178
9745	19.21
9746	19.208
9747	19.175
9748	19.208
9749	19.24
9750	19.211
9751	19.177
9752	19.213
9753	19.18
9754	19.248
9755	19.216
9756	19.181
9757	19.185
9758	19.252
9759	19.256
9760	19.223
9761	19.187
9762	19.219
9763	19.221
9764	19.186
9765	19.232
9766	19.188
9767	19.251
9768	19.278
9769	19.237
9770	19.206
9771	19.257
9772	19.225
9773	19.188
9774	19.224
9775	19.225
9776	19.189
9777	19.255
9778	19.218
9779	19.187
9780	19.213
9781	19.216
9782	19.183
9783	19.208
9784	19.176
9785	19.245
9786	19.203
9787	19.169
9788	19.238
9789	19.188
9790	19.155
9791	19.222
9792	19.195
9793	19.189
9794	19.151
9795	19.221
9796	19.193
9797	19.228
9798	19.154
9799	19.19
9800	19.156
9801	19.194
9802	19.182
9803	19.143
9804	19.14
9805	19.181
9806	19.136
9807	19.18
9808	1.7126
9809	1.5518
9810	1.2719
9811	19.264
9812	19.222
9813	19.303
9814	2.9604
9815	2.2974
9816	3.0084
9817	2.793
9818	19.302
9819	19.266
9820	19.225
9821	19.142
9822	19.103
9823	19.108
9824	19.062
9825	19.185
9826	0.79039
9827	0.98356
9828	1.0577
9829	7.7653
9830	6.6939
9831	7.5492
9832	3.8452
9833	4.5964
9834	3.5402
9835	19.1
9836	19.098
9837	19.055
9838	19.065
9839	19.102
9840	19.103
9841	19.064
9842	19.06
9843	19.141
9844	19.111
9845	19.119
9846	19.078
9847	19.066
9848	19.083
9849	19.155
9850	19.119
9851	19.12
9852	19.128
9853	19.09
9854	19.082
9855	19.118
9856	19.1
9857	19.166
9858	19.133
9859	19.109
9860	19.139
9861	19.147
9862	19.115
9863	19.181
9864	19.151
9865	19.15
9866	19.118
9867	19.153
9868	19.155
9869	19.126
9870	19.192
9871	19.158
9872	19.158
9873	19.129
9874	19.158
9875	19.157
9876	19.191
9877	19.125
9878	19.191
9879	19.162
9880	19.156
9881	19.125
9882	19.162
9883	19.156
9884	19.124
9885	19.189
9886	19.155
9887	19.155
9888	19.154
9889	19.152
9890	19.123
9891	19.125
9892	19.155
9893	19.149
9894	19.118
9895	19.148
9896	19.118
9897	19.147
9898	19.116
9899	19.146
9900	19.146
9901	19.114
9902	19.145
9903	19.175
9904	19.118
9905	19.178
9906	19.144
9907	19.114
9908	19.146
9909	19.142
9910	19.109
9911	19.141
9912	19.113
9913	19.146
9914	19.116
9915	19.144
9916	19.143
9917	19.11
9918	19.14
9919	19.112
9920	19.138
9921	19.107
9922	19.138
9923	19.137
9924	19.103
9925	19.135
9926	19.107
9927	19.136
9928	19.104
9929	19.136
9930	19.106
9931	19.136
9932	19.134
9933	19.142
9934	19.108
9935	19.103
9936	19.134
9937	19.146
9938	19.113
9939	19.144
9940	19.116
9941	19.121
9942	19.154
9943	19.15
9944	19.16
9945	19.133
9946	19.162
9947	19.128
9948	19.158
9949	19.166
9950	19.133
9951	19.163
9952	19.175
9953	19.174
9954	19.149
9955	19.142
9956	19.175
9957	19.186
9958	19.155
9959	19.146
9960	19.196
9961	19.206
9962	19.174
9963	19.166
9964	19.215
9965	19.226
9966	19.192
9967	19.184
9968	19.235
9969	19.209
9970	19.243
9971	19.203
9972	19.264
9973	19.232
9974	19.254
9975	19.269
9976	19.245
9977	19.276
9978	19.299
9979	19.24
9980	19.309
9981	19.275
9982	19.291
9983	19.321
9984	19.335
9985	19.301
9986	19.29
9987	19.318
9988	19.35
9989	19.35
9990	19.367
9991	19.384
9992	19.374
9993	19.405
9994	19.395
9995	19.404
9996	19.42
9997	19.432
9998	19.432
9999	19.466
10000	19.445
10001	19.474
10002	19.489
10003	19.51
10004	19.512
10005	19.549
10006	19.531
10007	19.543
10008	19.564
10009	19.581
10010	19.572
10011	19.609
10012	19.596
10013	19.633
10014	19.608
10015	19.628
10016	19.637
10017	19.617
10018	19.655
10019	19.64
10020	19.647
10021	19.674
10022	19.687
10023	19.665
10024	19.703
10025	19.696
10026	19.672
10027	19.708
10028	19.711
10029	19.665
10030	19.709
10031	19.709
10032	19.754
10033	19.677
10034	19.653
10035	19.623
10036	19.65
10037	19.703
10038	19.644
10039	19.632
10040	19.595
10041	19.609
10042	19.579
10043	19.609
10044	19.514
10045	19.545
10046	19.58
10047	19.421
10048	19.5
10049	19.457
10050	19.317
10051	19.331
10052	19.402
10053	19.174
10054	19.264
10055	19.187
10056	18.998
10057	19.014
10058	19.098
10059	18.797
10060	18.917
10061	18.798
10062	18.555
10063	18.547
10064	18.68
10065	18.26
10066	18.397
10067	18.243
10068	17.889
10069	17.693
10070	17.736
10071	17.916
10072	18.071
10073	17.461
10074	17.213
10075	17.311
10076	17.529
10077	17.679
10078	16.972
10079	16.735
10080	16.822
10081	16.917
10082	17.069
10083	17.143
10084	16.578
10085	16.491
10086	16.089
10087	16.039
10088	16.257
10089	15.528
10090	15.321
10091	15.39
10092	15.603
10093	15.782
10094	15.143
10095	14.982
10096	15.036
10097	15.206
10098	14.87
10099	14.82
10100	14.52
10101	14.603
10102	14.466
10103	14.644
10104	14.112
10105	13.938
10106	13.992
10107	14.164
10108	14.286
10109	13.808
10110	13.902
10111	13.758
10112	13.224
10113	13.261
10114	13.397
10115	13.082
10116	13.207
10117	13.048
10118	12.707
10119	12.862
10120	12.672
10121	12.327
10122	12.461
10123	12.302
10124	12.485
10125	11.956
10126	11.817
10127	11.791
10128	11.957
10129	12.121
10130	11.644
10131	11.683
10132	11.32
10133	11.366
10134	11.529
10135	10.989
10136	11.056
10137	11.203
10138	10.736
10139	10.944
10140	10.839
10141	10.603
10142	10.502
10143	10.382
10144	10.494
10145	10.72
10146	10.294
10147	10.43
10148	10.189
10149	10.503
10150	10.379
10151	10.336
10152	10.15
10153	10.311
10154	10.309
10155	10.387
10156	10.463
10157	10.295
10158	10.515
10159	10.222
10160	10.473
10161	10.339
10162	10.403
10163	10.571
10164	10.705
10165	10.82
10166	10.86
10167	10.705
10168	11.115
10169	11.244
10170	11.04
10171	11.64
10172	11.476
10173	11.517
10174	11.733
10175	12.282
10176	12.346
10177	12.021
10178	13.066
10179	12.705
10180	13.085
10181	12.681
10182	13.931
10183	13.477
10184	13.871
10185	14.789
10186	15.298
10187	15.41
10188	14.887
10189	14.149
10190	14.307
10191	15.847
10192	16.441
10193	16.576
10194	15.978
10195	17.075
10196	17.712
10197	17.903
10198	16.792
10199	17.225
10200	16.188
10201	18.583
10202	18.335
10203	20.103
10204	19.823
10205	18.436
10206	19.028
10207	21.656
10208	22.614
10209	23.282
10210	22.068
10211	20.697
10212	24.662
10213	23.312
10214	27.454
10215	22.766
10216	19.693
10217	17.24
10218	19.886
10219	26.156
10220	15.385
10221	16.591
10222	16.91
10223	22.256
10224	22.402
10225	25.282
10226	26.948
10227	21.615
10228	20.677
10229	22.381
10230	23.79
10231	21.227
10232	19.796
10233	19.298
10234	18.191
10235	18.964
10236	17.681
10237	17.454
10238	16.73
10239	16.149
10240	15.295
10241	16.001
10242	14.084
10243	13.657
10244	14.215
10245	14.775
10246	13.892
10247	14.645
10248	13.339
10249	12.971
10250	13.395
10251	13.79
10252	12.515
10253	12.055
10254	12.349
10255	12.885
10256	11.594
10257	11.141
10258	11.325
10259	11.828
10260	11.831
10261	10.837
10262	10.704
10263	9.9274
10264	9.9088
10265	10.289
10266	9.1711
10267	9.2825
10268	9.5729
10269	8.5186
10270	8.6597
10271	8.9862
10272	9.1065
10273	7.9088
10274	8.3615
10275	8.1547
10276	7.6413
10277	8.0217
10278	8.0586
10279	7.5412
10280	7.9974
10281	7.9748
10282	7.4994
10283	7.9551
10284	8.3853
10285	7.9535
10286	7.5734
10287	7.9793
10288	8.396
10289	8.0386
10290	8.2171
10291	8.3826
10292	7.9192
10293	7.7694
10294	8.1181
10295	8.5634
10296	8.7368
10297	8.303
10298	8.1173
10299	8.9156
10300	9.073
10301	8.7031
10302	8.5036
10303	9.1796
10304	8.884
10305	9.1957
10306	9.5984
10307	9.8476
10308	9.5485
10309	9.29
10310	9.3614
10311	9.8042
10312	10.089
10313	10.316
10314	10.609
10315	10.567
10316	10.326
10317	10.838
10318	10.812
10319	11.054
10320	11.339
10321	11.286
10322	11.511
10323	11.966
10324	12.199
10325	12.067
10326	11.826
10327	11.737
10328	12.308
10329	12.433
10330	12.369
10331	12.797
10332	12.655
10333	12.877
10334	13.258
10335	13.322
10336	13.098
10337	13.737
10338	13.805
10339	13.557
10340	14.311
10341	14.565
10342	14.517
10343	14.258
10344	14.058
10345	14.833
10346	15.035
10347	15.131
10348	14.77
10349	15.984
10350	16.101
10351	15.791
10352	16.671
10353	16.926
10354	16.913
10355	16.597
10356	16.393
10357	17.164
10358	17.017
10359	17.148
10360	17.545
10361	17.706
10362	17.793
10363	17.608
10364	17.358
10365	17.85
10366	17.986
10367	18.11
10368	17.96
10369	18.26
10370	18.085
10371	18.19
10372	18.221
10373	18.463
10374	18.418
10375	18.144
10376	18.509
10377	18.213
10378	18.435
10379	18.17
10380	18.156
10381	18.154
10382	18.157
10383	18.434
10384	17.934
10385	18.438
10386	18.15
10387	18.378
10388	17.919
10389	18.104
10390	18.195
10391	17.963
10392	18.032
10393	18.04
10394	17.883
10395	17.802
10396	17.638
10397	17.495
10398	17.788
10399	17.897
10400	17.73
10401	17.633
10402	17.324
10403	16.999
10404	17.16
10405	17.318
10406	16.671
10407	16.498
10408	16.82
10409	17.003
10410	16.84
10411	16.656
10412	16.321
10413	15.923
10414	16.118
10415	16.242
10416	15.823
10417	15.733
10418	15.495
10419	15.295
10420	15.222
10421	14.946
10422	14.487
10423	14.227
10424	14.56
10425	14.808
10426	14.705
10427	13.96
10428	13.721
10429	14.026
10430	14.271
10431	13.462
10432	13.175
10433	13.472
10434	13.761
10435	12.872
10436	12.569
10437	12.874
10438	13.189
10439	12.565
10440	12.267
10441	11.623
10442	11.311
10443	11.611
10444	11.943
10445	11.947
10446	11.643
10447	11.016
10448	10.745
10449	11.03
10450	10.731
10451	11.319
10452	10.501
10453	10.253
10454	10.46
10455	10.73
10456	10.489
10457	9.9792
10458	9.7088
10459	9.9782
10460	10.203
10461	9.6493
10462	9.4613
10463	9.001
10464	8.7632
10465	8.9382
10466	9.2336
10467	9.2303
10468	8.5019
10469	8.2201
10470	8.469
10471	8.7027
10472	8.236
10473	7.9446
10474	7.6342
10475	7.6834
10476	7.4009
10477	6.8
10478	6.5277
10479	6.7299
10480	7.0837
10481	7.0853
10482	6.4663
10483	6.1614
10484	5.6689
10485	5.8414
10486	5.5839
10487	5.3478
10488	5.127
10489	5.3093
10490	5.0837
10491	4.9581
10492	4.6866
10493	4.5512
10494	3.9301
10495	4.293
10496	3.8129
10497	3.3114
10498	3.1698
10499	3.6853
10500	3.8731
10501	3.6703
10502	3.6043
10503	3.7159
10504	5.5638
10505	4.9058
10506	6.5969
10507	10.92
10508	10.532
10509	8.5473
10510	14.901
10511	11.819
10512	11.698
10513	11.707
10514	9.0589
10515	10.595
10516	8.5836
10517	5.6005
10518	4.2474
10519	5.8544
10520	7.2006
10521	7.3049
10522	4.6003
10523	3.1429
10524	3.4482
10525	3.2206
10526	2.8284
10527	2.7814
10528	4.5716
10529	4.3437
10530	3.7246
10531	3.9615
10532	4.8321
10533	4.8254
10534	5.0073
10535	5.0588
10536	4.664
10537	4.8825
10538	4.7248
10539	4.4389
10540	4.5594
10541	4.3558
10542	4.5177
10543	3.8784
10544	4.1185
10545	4.1205
10546	3.8664
10547	3.3374
10548	3.6248
10549	3.3808
10550	2.8122
10551	3.2025
10552	2.8912
10553	3.1288
10554	2.337
10555	2.4343
10556	2.6623
10557	1.926
10558	2.2374
10559	2.0626
10560	1.7116
10561	1.5503
10562	1.3808
10563	1.8826
10564	1.5429
10565	1.88
10566	2.0325
10567	1.2031
10568	1.3969
10569	1.7079
10570	0.95143
10571	1.2807
10572	1.4902
10573	1.189
10574	0.75771
10575	0.97838
10576	1.2399
10577	1.0798
10578	0.63718
10579	0.80476
10580	0.89504
10581	0.75173
10582	0.75711
10583	0.64233
10584	0.60544
10585	0.7509
10586	0.75579
10587	0.76422
10588	0.70441
10589	0.67028
10590	0.89924
10591	0.73834
10592	0.76349
10593	0.81811
10594	0.77204
10595	0.79036
10596	0.89533
10597	0.82963
10598	0.80975
10599	0.97913
10600	0.85251
10601	0.86892
10602	0.90279
10603	0.91402
10604	1.0553
10605	1.0639
10606	0.85813
10607	0.88863
10608	1.1053
10609	0.93003
10610	1.1604
10611	0.96215
10612	0.94835
10613	1.1822
10614	0.9681
10615	0.83735
10616	0.96592
10617	1.1796
10618	0.95769
10619	0.96226
10620	1.1899
10621	0.96794
10622	0.97467
10623	1.2199
10624	0.99174
10625	0.97848
10626	0.83184
10627	0.92573
10628	0.91332
10629	1.1644
10630	1.2095
10631	0.94995
10632	1.1836
10633	0.91232
10634	1.1533
10635	0.88905
10636	0.87565
10637	1.1518
10638	0.87402
10639	0.85022
10640	0.84262
10641	0.82776
10642	1.1164
10643	1.1167
10644	0.8306
10645	0.80823
10646	0.79323
10647	1.0791
10648	1.065
10649	0.77683
10650	0.7653
10651	1.0435
10652	1.0504
10653	1.0006
10654	0.75403
10655	0.99111
10656	0.73242
10657	0.73728
10658	0.96614
10659	0.70064
10660	0.72175
10661	0.93398
10662	0.68955
10663	0.6638
10664	0.60969
10665	0.59165
10666	0.85139
10667	0.86459
10668	0.63233
10669	0.80148
10670	0.58322
10671	0.78948
10672	0.57764
10673	0.54482
10674	0.69279
10675	0.47893
10676	0.38438
10677	0.5053
10678	0.63517
10679	0.43818
10680	0.46134
10681	0.49636
10682	0.33614
10683	0.36282
10684	0.30323
10685	0.29374
10686	0.33526
10687	0.42594
10688	0.36864
10689	0.31319
10690	0.29253
10691	0.30859
10692	0.21784
10693	0.40352
10694	0.58361
10695	0.3516
10696	0.26777
10697	0.47262
10698	0.51973
10699	19.343
10700	19.343
10701	19.383
10702	19.122
10703	19.073
10704	19.149
10705	0.63198
10706	0.27763
10707	0.59131
10708	0.89042
10709	19.231
10710	19.162
10711	19.192
10712	19.199
10713	19.305
10714	19.268
10715	2.4138
10716	1.7467
10717	1.9535
10718	2.5791
10719	8.5867
10720	8.6582
10721	8.2458
10722	8.1579
10723	19.344
10724	19.385
10725	19.337
10726	19.385
10727	19.336
10728	19.375
10729	19.34
10730	19.38
10731	19.342
10732	19.381
10733	19.35
10734	19.383
10735	19.356
10736	19.391
10737	19.352
10738	19.393
10739	19.346
10740	19.385
10741	19.342
10742	19.384
10743	19.304
10744	19.346
10745	19.382
10746	19.298
10747	19.351
10748	19.39
10749	19.313
10750	19.353
10751	19.388
10752	19.31
10753	19.358
10754	19.394
10755	19.318
10756	19.36
10757	19.402
10758	19.361
10759	19.397
10760	19.322
10761	19.363
10762	19.4
10763	19.326
10764	19.363
10765	19.399
10766	19.326
10767	19.367
10768	19.4
10769	19.367
10770	19.405
10771	19.367
10772	19.402
10773	19.328
10774	19.367
10775	19.405
10776	19.332
10777	19.366
10778	19.402
10779	19.328
10780	19.37
10781	19.402
10782	19.33
10783	19.367
10784	19.407
10785	19.342
10786	19.355
10787	19.397
10788	19.321
10789	19.356
10790	19.39
10791	19.362
10792	19.399
10793	19.328
10794	19.362
10795	19.398
10796	19.326
10797	19.36
10798	19.398
10799	19.353
10800	19.392
10801	19.322
10802	19.351
10803	19.387
10804	19.351
10805	19.39
10806	19.318
10807	19.348
10808	19.386
10809	19.348
10810	19.383
10811	19.31
10812	19.347
10813	19.385
10814	19.312
10815	19.345
10816	19.382
10817	19.311
10818	19.345
10819	19.38
10820	19.344
10821	19.383
10822	19.309
10823	19.338
10824	19.376
10825	19.306
10826	19.339
10827	19.372
10828	19.298
10829	19.344
10830	19.379
10831	19.307
10832	19.341
10833	19.378
10834	19.314
10835	19.338
10836	19.371
10837	19.305
10838	19.336
10839	19.372
10840	19.303
10841	19.335
10842	19.367
10843	19.333
10844	19.369
10845	19.3
10846	19.332
10847	19.363
10848	19.296
10849	19.332
10850	19.367
10851	19.296
10852	19.332
10853	19.365
10854	19.331
10855	19.366
10856	19.299
10857	19.329
10858	19.361
10859	19.294
10860	19.334
10861	19.363
10862	19.338
10863	19.368
10864	19.337
10865	19.371
10866	19.368
10867	19.333
10868	19.333
10869	19.363
10870	19.295
10871	19.329
10872	19.337
10873	19.372
10874	19.304
10875	19.338
10876	19.369
10877	19.338
10878	19.372
10879	19.338
10880	19.369
10881	19.344
10882	19.371
10883	19.31
10884	19.348
10885	19.38
10886	19.352
10887	19.38
10888	19.315
10889	19.359
10890	19.388
10891	19.354
10892	19.391
10893	19.335
10894	19.354
10895	19.381
10896	19.327
10897	19.366
10898	19.393
10899	19.331
10900	19.374
10901	19.403
10902	19.382
10903	19.407
10904	19.349
10905	19.396
10906	19.416
10907	19.361
10908	19.406
10909	19.429
10910	19.41
10911	19.436
10912	19.415
10913	19.44
10914	19.381
10915	19.423
10916	19.448
10917	19.389
10918	19.433
10919	19.456
10920	19.398
10921	19.442
10922	19.467
10923	19.454
10924	19.476
10925	19.414
10926	19.468
10927	19.491
10928	19.484
10929	19.503
10930	19.447
10931	19.5
10932	19.522
10933	19.514
10934	19.533
10935	19.478
10936	19.532
10937	19.549
10938	19.497
10939	19.547
10940	19.566
10941	19.517
10942	19.557
10943	19.581
10944	19.523
10945	19.568
10946	19.59
10947	19.585
10948	19.606
10949	19.546
10950	19.607
10951	19.625
10952	19.565
10953	19.631
10954	19.649
10955	19.59
10956	19.642
10957	19.67
10958	19.616
10959	19.657
10960	19.678
10961	19.616
10962	19.684
10963	19.703
10964	19.706
10965	19.728
10966	19.666
10967	19.725
10968	19.746
10969	19.684
10970	19.75
10971	19.77
10972	19.705
10973	19.775
10974	19.796
10975	19.725
10976	19.797
10977	19.826
10978	19.816
10979	19.843
10980	19.769
10981	19.84
10982	19.866
10983	19.787
10984	19.867
10985	19.893
10986	19.812
10987	19.894
10988	19.921
10989	19.844
10990	19.904
10991	19.946
10992	19.872
10993	19.917
10994	19.952
10995	19.87
10996	19.945
10997	19.982
10998	19.97
10999	20.004
11000	19.906
11001	19.99
11002	20.035
11003	19.93
11004	20.004
11005	20.05
11006	19.935
11007	20.019
11008	20.071
11009	19.955
11010	20.035
11011	20.085
11012	20.053
11013	20.11
11014	19.977
11015	20.065
11016	20.129
11017	19.996
11018	20.079
11019	20.143
11020	20.001
11021	20.107
11022	20.163
11023	20.02
11024	20.177
11025	20.196
11026	20.049
11027	20.129
11028	20.071
11029	20.158
11030	20.071
11031	20.177
11032	19.977
11033	20.051
11034	20.171
11035	19.959
11036	20.033
11037	20.157
11038	19.931
11039	20.032
11040	20.148
11041	19.91
11042	20.022
11043	20.161
11044	19.984
11045	20.135
11046	19.929
11047	20.105
11048	19.855
11049	19.892
11050	20.053
11051	19.767
11052	19.854
11053	20.046
11054	19.737
11055	19.801
11056	19.993
11057	19.663
11058	19.732
11059	19.976
11060	19.6
11061	19.633
11062	19.878
11063	19.556
11064	19.8
11065	19.395
11066	19.484
11067	19.742
11068	19.318
11069	19.396
11070	19.672
11071	19.223
11072	19.282
11073	19.584
11074	19.096
11075	19.143
11076	19.469
11077	19.002
11078	19.346
11079	18.816
11080	18.873
11081	19.21
11082	18.768
11083	19.119
11084	18.646
11085	19.017
11086	18.472
11087	18.915
11088	18.307
11089	18.273
11090	18.703
11091	18.533
11092	18.103
11093	17.776
11094	18.19
11095	17.922
11096	18.104
11097	17.737
11098	17.697
11099	17.992
11100	17.732
11101	17.904
11102	17.582
11103	17.294
11104	17.614
11105	17.427
11106	17.185
11107	17.5
11108	17.073
11109	17.389
11110	16.888
11111	16.945
11112	17.266
11113	17.129
11114	16.794
11115	16.633
11116	16.451
11117	16.799
11118	16.288
11119	16.625
11120	16.276
11121	16.63
11122	16.112
11123	16.124
11124	16.458
11125	15.924
11126	15.988
11127	16.319
11128	15.782
11129	15.819
11130	16.162
11131	15.707
11132	15.66
11133	15.976
11134	15.524
11135	15.832
11136	15.355
11137	15.669
11138	15.164
11139	15.474
11140	14.986
11141	15.281
11142	14.807
11143	15.098
11144	14.587
11145	14.893
11146	14.647
11147	14.338
11148	13.875
11149	14.158
11150	14.093
11151	13.672
11152	13.944
11153	13.441
11154	13.714
11155	13.189
11156	13.454
11157	12.935
11158	13.194
11159	12.673
11160	12.926
11161	12.42
11162	12.651
11163	12.443
11164	12.177
11165	12.39
11166	11.911
11167	12.118
11168	11.613
11169	11.816
11170	11.305
11171	11.499
11172	10.997
11173	11.179
11174	10.7
11175	10.861
11176	10.426
11177	10.553
11178	10.156
11179	10.257
11180	9.86
11181	9.9482
11182	9.6154
11183	9.5469
11184	8.9113
11185	8.9353
11186	9.2258
11187	8.6016
11188	8.6072
11189	8.2855
11190	8.2699
11191	7.9801
11192	7.9383
11193	7.6868
11194	7.6186
11195	7.3991
11196	7.3119
11197	7.1088
11198	7.0163
11199	7.5334
11200	6.8603
11201	6.7343
11202	6.6793
11203	6.5154
11204	6.5256
11205	6.3432
11206	6.394
11207	6.1977
11208	6.2867
11209	6.0984
11210	6.1989
11211	6.0418
11212	6.1905
11213	6.0446
11214	6.108
11215	6.2384
11216	6.2746
11217	6.1726
11218	6.3195
11219	6.3998
11220	6.418
11221	6.5747
11222	6.5421
11223	6.8145
11224	6.6825
11225	7.0806
11226	6.8339
11227	7.3621
11228	7.6449
11229	6.9871
11230	7.4133
11231	8.1833
11232	7.1604
11233	8.5136
11234	7.6689
11235	6.8371
11236	8.0479
11237	8.8042
11238	7.8172
11239	8.8258
11240	9.0176
11241	7.6036
11242	8.2274
11243	8.859
11244	8.8359
11245	7.6413
11246	8.2692
11247	8.5963
11248	8.5176
11249	8.5229
11250	7.9087
11251	8.7475
11252	8.5705
11253	8.3413
11254	8.5826
11255	8.7538
11256	8.6768
11257	8.3554
11258	8.74
11259	8.1474
11260	8.1881
11261	8.7835
11262	8.1556
11263	8.8918
11264	8.1706
11265	9.042
11266	9.1016
11267	8.1144
11268	8.8929
11269	7.8475
11270	8.0051
11271	7.4622
11272	8.3387
11273	7.6355
11274	6.9277
11275	7.3584
11276	8.0724
11277	6.946
11278	7.2887
11279	7.8376
11280	7.2349
11281	7.6192
11282	7.1196
11283	7.4238
11284	7.1923
11285	7.1227
11286	7.1492
11287	7.1522
11288	7.1388
11289	7.0546
11290	7.2047
11291	7.0061
11292	7.2898
11293	7.0181
11294	7.4094
11295	7.0853
11296	7.6673
11297	7.5473
11298	7.2046
11299	7.8198
11300	7.639
11301	7.3505
11302	7.7662
11303	7.4859
11304	7.9144
11305	8.0436
11306	7.7108
11307	8.0171
11308	8.3979
11309	8.035
11310	8.7417
11311	8.3711
11312	8.7994
11313	9.0678
11314	8.7242
11315	9.0684
11316	9.4203
11317	9.3719
11318	10.667
11319	10.489
11320	10.318
11321	11.012
11322	10.872
11323	10.849
11324	11.33
11325	11.246
11326	11.627
11327	11.59
11328	11.922
11329	11.932
11330	12.59
11331	12.611
11332	12.252
11333	12.939
11334	12.978
11335	13.344
11336	13.252
11337	13.818
11338	13.947
11339	13.517
11340	14.234
11341	14.298
11342	13.707
11343	14.751
11344	14.294
11345	14.601
11346	15.202
11347	14.778
11348	14.906
11349	15.358
11350	15.641
11351	15.096
11352	15.648
11353	15.931
11354	16.219
11355	15.884
11356	16.532
11357	16.
11358	16.077
11359	16.435
11360	16.882
11361	16.232
11362	16.649
11363	17.09
11364	15.987
11365	17.317
11366	16.219
11367	16.936
11368	17.414
11369	17.847
11370	16.791
11371	17.224
11372	17.579
11373	18.011
11374	16.992
11375	17.752
11376	18.188
11377	18.353
11378	17.313
11379	17.912
11380	18.284
11381	18.714
11382	18.105
11383	18.36
11384	18.841
11385	18.341
11386	18.889
11387	18.384
11388	18.875
11389	18.547
11390	19.005
11391	18.717
11392	19.16
11393	18.127
11394	18.84
11395	19.304
11396	18.882
11397	19.383
11398	18.899
11399	19.403
11400	18.909
11401	19.43
11402	18.42
11403	18.885
11404	19.432
11405	18.393
11406	18.818
11407	19.412
11408	18.372
11409	18.48
11410	19.317
11411	18.911
11412	18.127
11413	17.942
11414	18.636
11415	17.974
11416	18.1
11417	18.676
11418	17.352
11419	18.141
11420	18.823
11421	18.835
11422	17.552
11423	18.111
11424	18.692
11425	18.151
11426	18.69
11427	18.185
11428	18.627
11429	17.721
11430	18.222
11431	18.653
11432	18.234
11433	18.615
11434	17.889
11435	18.199
11436	18.57
11437	17.918
11438	18.446
11439	18.138
11440	17.918
11441	18.284
11442	17.894
11443	18.097
11444	18.017
11445	17.788
11446	17.983
11447	17.767
11448	17.903
11449	17.659
11450	17.819
11451	17.683
11452	17.51
11453	17.655
11454	17.581
11455	17.35
11456	17.455
11457	17.458
11458	17.175
11459	17.265
11460	16.978
11461	17.053
11462	17.154
11463	16.759
11464	16.837
11465	16.531
11466	16.609
11467	16.306
11468	16.375
11469	16.107
11470	16.156
11471	16.214
11472	15.932
11473	15.965
11474	16.126
11475	15.748
11476	15.777
11477	15.951
11478	15.555
11479	15.572
11480	15.745
11481	15.365
11482	15.372
11483	15.167
11484	15.167
11485	14.982
11486	14.958
11487	15.157
11488	14.819
11489	14.769
11490	15.075
11491	14.64
11492	14.586
11493	14.434
11494	14.38
11495	14.216
11496	14.163
11497	13.94
11498	13.981
11499	14.277
11500	13.513
11501	13.481
11502	13.746
11503	13.269
11504	13.247
11505	13.57
11506	13.017
11507	13.013
11508	12.771
11509	12.769
11510	12.992
11511	12.564
11512	12.544
11513	12.731
11514	12.39
11515	12.354
11516	12.64
11517	12.176
11518	12.2
11519	11.43
11520	11.473
11521	11.699
11522	11.661
11523	11.226
11524	11.376
11525	11.164
11526	10.676
11527	10.736
11528	10.905
11529	10.79
11530	10.459
11531	10.518
11532	10.685
11533	10.202
11534	10.29
11535	9.9077
11536	10.02
11537	10.103
11538	9.6209
11539	9.7396
11540	9.7746
11541	9.3577
11542	9.4693
11543	9.4526
11544	9.2089
11545	9.3269
11546	9.1006
11547	8.6435
11548	8.8196
11549	8.5137
11550	7.8715
11551	8.0157
11552	8.1953
11553	7.5513
11554	7.693
11555	7.741
11556	7.3705
11557	7.229
11558	7.4301
11559	6.5582
11560	6.6966
11561	6.8984
11562	6.2011
11563	6.3449
11564	6.4308
11565	5.8239
11566	5.9774
11567	5.4332
11568	5.5951
11569	5.6708
11570	5.0382
11571	5.2079
11572	4.6467
11573	4.8222
11574	4.2578
11575	4.4448
11576	3.8627
11577	4.0716
11578	4.092
11579	3.7043
11580	3.4601
11581	3.6589
11582	3.0659
11583	2.7335
11584	3.0712
11585	2.762
11586	2.2571
11587	2.4736
11588	2.7324
11589	2.0535
11590	2.632
11591	2.0847
11592	2.0003
11593	2.249
11594	2.6692
11595	2.0551
11596	2.6208
11597	2.8941
11598	2.0158
11599	1.7562
11600	2.2067
11601	1.8623
11602	1.7065
11603	1.9789
11604	1.8731
11605	2.0231
11606	2.2269
11607	2.1744
11608	1.9044
11609	2.7191
11610	2.5644
11611	3.0258
11612	3.2379
11613	2.9651
11614	3.9754
11615	4.1487
11616	3.7254
11617	4.7167
11618	4.6679
11619	4.4837
11620	4.8605
11621	4.8879
11622	4.9436
11623	5.0205
11624	4.9545
11625	5.1153
11626	4.8541
11627	5.0958
11628	4.9031
11629	4.7874
11630	4.6929
11631	4.9768
11632	4.8163
11633	4.5589
11634	4.8678
11635	4.425
11636	4.3999
11637	4.7382
11638	4.231
11639	4.5559
11640	4.0745
11641	4.431
11642	4.0587
11643	4.0758
11644	3.7121
11645	3.8871
11646	3.3694
11647	3.717
11648	3.536
11649	3.2281
11650	3.5263
11651	3.4036
11652	3.0707
11653	2.9068
11654	3.068
11655	2.592
11656	2.7679
11657	2.903
11658	2.5337
11659	2.804
11660	2.6471
11661	2.4003
11662	2.6722
11663	2.2676
11664	2.2678
11665	2.5242
11666	2.1692
11667	2.4235
11668	1.9902
11669	2.0909
11670	2.3274
11671	2.0327
11672	2.252
11673	1.9688
11674	2.2172
11675	1.8961
11676	2.1196
11677	1.6988
11678	1.8537
11679	2.0585
11680	1.8141
11681	2.0381
11682	1.6305
11683	1.7793
11684	1.9923
11685	1.5812
11686	1.7561
11687	1.9733
11688	1.9499
11689	1.7309
11690	1.7101
11691	1.9541
11692	1.7234
11693	1.7007
11694	1.9122
11695	1.6832
11696	1.9252
11697	1.4839
11698	1.8901
11699	1.4397
11700	1.6747
11701	1.6684
11702	1.8694
11703	1.6586
11704	1.6701
11705	1.9108
11706	1.4392
11707	1.8997
11708	1.661
11709	1.8923
11710	1.6529
11711	1.6533
11712	1.4003
11713	1.6634
11714	1.8858
11715	1.6603
11716	1.6679
11717	1.9166
11718	1.6755
11719	1.9036
11720	1.6681
11721	1.9325
11722	1.4204
11723	1.65
11724	1.9095
11725	1.9197
11726	1.6392
11727	1.3859
11728	1.911
11729	1.6243
11730	1.3689
11731	1.6342
11732	1.5909
11733	1.8733
11734	1.3407
11735	1.6054
11736	1.5864
11737	1.8447
11738	1.592
11739	1.8571
11740	1.3293
11741	1.5699
11742	1.8481
11743	1.5658
11744	1.8226
11745	1.2797
11746	1.5704
11747	1.8385
11748	1.5812
11749	1.821
11750	1.29
11751	1.5522
11752	1.8413
11753	1.5254
11754	1.747
11755	1.2344
11756	1.5069
11757	1.7909
11758	1.2609
11759	1.4499
11760	1.717
11761	1.1896
11762	1.712
11763	1.4418
11764	1.6714
11765	1.4228
11766	1.4361
11767	1.4083
11768	1.6191
11769	1.404
11770	1.397
11771	1.6656
11772	1.1531
11773	1.349
11774	1.6217
11775	1.3323
11776	1.577
11777	1.3135
11778	1.5826
11779	1.3015
11780	1.5496
11781	1.0265
11782	1.5559
11783	1.2839
11784	1.2603
11785	1.4809
11786	1.2568
11787	1.0022
11788	1.2456
11789	1.4911
11790	1.2332
11791	1.4458
11792	1.2263
11793	1.461
11794	1.0401
11795	1.4369
11796	1.1864
11797	0.9796
11798	1.4174
11799	0.97544
11800	1.185
11801	1.2039
11802	1.2217
11803	1.4322
11804	1.2165
11805	1.222
11806	1.42
11807	0.98981
11808	1.237
11809	1.4363
11810	1.2461
11811	1.4404
11812	1.0323
11813	1.2722
11814	1.4459
11815	1.0523
11816	1.3124
11817	1.4814
11818	1.5121
11819	1.3734
11820	1.4636
11821	1.6418
11822	1.262
11823	1.4348
11824	1.4871
11825	1.662
11826	1.264
11827	1.6974
11828	1.5369
11829	1.6978
11830	1.8334
11831	1.6113
11832	1.7942
11833	1.9395
11834	1.54
11835	1.8828
11836	2.0392
11837	2.1293
11838	1.9853
11839	2.3399
11840	2.0838
11841	1.889
11842	2.1858
11843	8.5403
11844	8.5486
11845	19.388
11846	19.341
11847	19.096
11848	19.138
11849	0.33374
11850	0.92819
11851	2.5186
11852	2.6293
11853	2.4067
11854	2.262
11855	2.2865
11856	2.1855
11857	2.0763
11858	1.991
11859	1.9298
11860	1.7674
11861	1.8746
11862	1.8427
11863	1.8024
11864	1.7343
11865	1.5929
11866	1.6589
11867	1.6845
11868	1.6443
11869	1.644
11870	1.639
11871	1.6351
11872	1.63
11873	1.628
11874	1.4097
11875	1.6344
11876	1.6525
11877	1.3966
11878	1.6765
11879	1.6785
11880	1.6959
11881	1.7164
11882	1.7325
11883	1.7806
11884	1.5035
11885	1.8095
11886	1.8243
11887	1.8328
11888	1.8554
11889	1.8957
11890	1.8815
11891	1.8968
11892	1.9308
11893	1.6761
11894	1.9516
11895	1.9874
11896	1.7099
11897	1.9864
11898	2.0072
11899	2.0187
11900	2.0422
11901	2.0876
11902	2.0965
11903	2.1034
11904	2.1094
11905	2.1216
11906	2.1244
11907	2.1367
11908	2.154
11909	2.1728
11910	1.8762
11911	2.1624
11912	2.1662
11913	1.8764
11914	2.1889
11915	2.1827
11916	2.1687
11917	2.1608
11918	2.1473
11919	2.1448
11920	2.1591
11921	1.9107
11922	2.1649
11923	2.1638
11924	1.9156
11925	2.1493
11926	2.1197
11927	2.1162
11928	2.1561
11929	1.8966
11930	2.1537
11931	1.9294
11932	2.1407
11933	2.1445
11934	2.1647
11935	2.1696
11936	2.1576
11937	1.9314
11938	2.1738
11939	2.1926
11940	2.2222
11941	2.2478
11942	2.2868
11943	2.3729
11944	2.441
11945	2.4927
11946	2.586
11947	2.6838
11948	2.7992
11949	2.9457
11950	3.0783
11951	3.2214
11952	2.9182
11953	3.3677
11954	3.5351
11955	3.1995
11956	3.7048
11957	3.8768
11958	4.0722
11959	4.2549
11960	3.8881
11961	4.4314
11962	4.6153
11963	4.2397
11964	4.7588
11965	4.897
11966	5.0501
11967	5.155
11968	5.2359
11969	5.2616
11970	5.2679
11971	5.1977
11972	5.0564
11973	4.8507
11974	4.5734
11975	4.2234
11976	4.3703
11977	3.7946
11978	3.3463
11979	3.5072
11980	2.9315
11981	2.5834
11982	2.4097
11983	2.4349
11984	2.5921
11985	2.8002
11986	3.1657
11987	2.3163
11988	3.3403
11989	3.1664
11990	3.1823
11991	2.5424
11992	3.2185
11993	2.652
11994	3.159
11995	3.2368
11996	2.8583
11997	3.159
11998	3.4027
11999	3.6477
12000	3.3587
12001	3.9504
12002	4.2859
12003	5.0067
12004	4.6397
12005	5.3816
12006	5.758
12007	6.1288
12008	6.4894
12009	6.8399
12010	7.1822
12011	7.0368
12012	7.5152
12013	7.8396
12014	8.1575
12015	8.4666
12016	8.335
12017	8.7638
12018	9.048
12019	8.9383
12020	9.3219
12021	9.5894
12022	9.8527
12023	10.109
12024	10.35
12025	10.579
12026	10.808
12027	11.04
12028	10.976
12029	11.271
12030	11.502
12031	11.729
12032	11.726
12033	11.944
12034	11.967
12035	12.142
12036	12.336
12037	12.544
12038	12.767
12039	12.994
12040	13.218
12041	13.442
12042	13.667
12043	13.702
12044	13.895
12045	14.118
12046	14.336
12047	14.547
12048	14.757
12049	14.973
12050	15.191
12051	15.407
12052	15.62
12053	15.829
12054	16.033
12055	16.248
12056	16.482
12057	16.72
12058	16.953
12059	17.187
12060	17.417
12061	17.652
12062	17.87
12063	18.07
12064	18.261
12065	18.442
12066	18.122
12067	18.595
12068	18.719
12069	18.352
12070	18.875
12071	19.013
12072	19.111
12073	19.162
12074	19.232
12075	19.345
12076	19.436
12077	19.509
12078	19.488
12079	19.446
12080	19.495
12081	19.602
12082	18.771
12083	19.773
12084	19.93
12085	19.976
12086	19.968
12087	19.948
12088	19.916
12089	19.859
12090	19.76
12091	19.632
12092	19.511
12093	19.436
12094	19.381
12095	19.281
12096	19.129
12097	18.962
12098	18.51
12099	18.799
12100	18.63
12101	18.455
12102	18.259
12103	18.017
12104	17.625
12105	17.771
12106	17.55
12107	17.338
12108	17.143
12109	16.676
12110	16.971
12111	16.772
12112	16.428
12113	16.512
12114	16.225
12115	15.948
12116	15.699
12117	15.391
12118	15.465
12119	15.19
12120	15.031
12121	14.824
12122	14.441
12123	14.103
12124	13.765
12125	13.656
12126	13.402
12127	13.022
12128	12.647
12129	12.278
12130	12.262
12131	11.911
12132	11.533
12133	11.136
12134	10.731
12135	10.33
12136	9.9366
12137	10.115
12138	9.5482
12139	9.7517
12140	9.1653
12141	9.4122
12142	8.7908
12143	8.4267
12144	8.0824
12145	7.7674
12146	7.5002
12147	7.2931
12148	7.1372
12149	7.0292
12150	6.9843
12151	7.0121
12152	7.2944
12153	7.1187
12154	7.5116
12155	7.7601
12156	7.2721
12157	8.052
12158	8.3848
12159	8.7282
12160	9.0773
12161	9.4319
12162	9.7382
12163	8.6494
12164	9.939
12165	10.024
12166	9.0318
12167	9.9725
12168	9.7811
12169	9.5044
12170	9.2066
12171	8.8833
12172	8.4994
12173	7.9584
12174	7.9444
12175	8.3829
12176	8.5896
12177	8.859
12178	9.2298
12179	9.431
12180	9.6143
12181	9.7803
12182	9.7106
12183	9.5767
12184	8.7179
12185	9.3138
12186	9.0018
12187	8.6751
12188	7.9152
12189	8.3109
12190	7.9301
12191	7.5482
12192	7.1812
12193	6.8678
12194	6.6201
12195	6.3362
12196	6.1344
12197	6.0341
12198	5.9925
12199	6.0227
12200	6.1157
12201	6.2626
12202	6.4584
12203	6.7035
12204	6.9863
12205	7.2932
12206	7.6191
12207	7.9594
12208	8.3082
12209	8.6604
12210	9.015
12211	9.371
12212	9.2795
12213	9.7233
12214	10.066
12215	10.399
12216	10.728
12217	11.056
12218	11.385
12219	11.712
12220	12.032
12221	12.339
12222	12.629
12223	12.912
12224	13.193
12225	13.467
12226	13.735
12227	13.992
12228	14.233
12229	14.471
12230	14.715
12231	14.399
12232	14.959
12233	15.19
12234	15.399
12235	15.597
12236	15.795
12237	15.984
12238	16.156
12239	16.327
12240	16.5
12241	16.66
12242	16.82
12243	16.986
12244	17.153
12245	17.312
12246	16.97
12247	17.458
12248	17.59
12249	17.712
12250	17.83
12251	17.957
12252	18.091
12253	17.759
12254	18.209
12255	18.296
12256	18.365
12257	18.025
12258	18.445
12259	18.059
12260	18.543
12261	18.711
12262	18.873
12263	18.413
12264	18.991
12265	19.172
12266	19.31
12267	19.394
12268	19.483
12269	19.582
12270	19.699
12271	19.797
12272	19.885
12273	19.954
12274	20.009
12275	20.067
12276	20.144
12277	20.188
12278	20.202
12279	20.223
12280	20.245
12281	20.27
12282	20.286
12283	20.287
12284	20.285
12285	20.288
12286	20.286
12287	20.273
12288	20.247
12289	20.251
12290	20.257
12291	20.232
12292	20.212
12293	20.192
12294	20.165
12295	20.14
12296	20.121
12297	20.098
12298	20.071
12299	20.044
12300	20.019
12301	19.997
12302	19.975
12303	19.949
12304	19.922
12305	19.895
12306	19.874
12307	19.849
12308	19.818
12309	19.792
12310	19.77
12311	19.749
12312	19.726
12313	19.706
12314	19.69
12315	19.669
12316	19.647
12317	19.629
12318	19.615
12319	19.601
12320	19.584
12321	19.568
12322	19.556
12323	19.542
12324	19.527
12325	19.513
12326	19.501
12327	19.491
12328	19.482
12329	19.474
12330	19.467
12331	19.46
12332	19.45
12333	19.441
12334	19.437
12335	19.43
12336	19.422
12337	19.419
12338	19.42
12339	19.417
12340	19.413
12341	19.408
12342	19.402
12343	19.405
12344	19.404
12345	19.405
12346	19.403
12347	19.398
12348	19.399
12349	19.363
12350	19.403
12351	19.403
12352	19.399
12353	19.396
12354	19.397
12355	19.4
12356	19.401
12357	19.399
12358	19.4
12359	19.402
12360	19.404
12361	19.406
12362	19.409
12363	19.414
12364	19.414
12365	19.411
12366	19.417
12367	19.42
12368	19.419
12369	19.421
12370	19.422
12371	19.422
12372	19.427
12373	19.428
12374	19.427
12375	19.432
12376	19.435
12377	19.437
12378	19.435
12379	19.433
12380	19.438
12381	19.44
12382	19.44
12383	19.441
12384	19.441
12385	19.44
12386	19.44
12387	19.438
12388	19.439
12389	19.438
12390	19.441
12391	19.439
12392	19.431
12393	19.428
12394	19.427
12395	19.425
12396	19.425
12397	19.427
12398	19.429
12399	19.426
12400	19.423
12401	19.422
12402	19.421
12403	19.425
12404	19.428
12405	19.426
12406	19.43
12407	19.429
12408	7.7195
12409	7.3459
12410	2.5038
12411	3.3133
12412	19.38
12413	19.301
12414	9.9625e-002
12415	0.1005
12416	0.11149
12417	0.31599
12418	0.14083
12419	0.28319
12420	0.1926
12421	0.25904
12422	0.21969
12423	0.33158
12424	0.4246
12425	0.23884
12426	0.49788
12427	0.54702
12428	0.60952
12429	0.67643
12430	0.43583
12431	0.71625
12432	0.76041
12433	0.51799
12434	0.81898
12435	0.56903
12436	0.85553
12437	0.61016
12438	0.89667
12439	0.93476
12440	0.67774
12441	0.97002
12442	1.0211
12443	0.74429
12444	1.0607
12445	1.0666
12446	0.82063
12447	1.0901
12448	1.1353
12449	1.172
12450	1.2079
12451	0.91138
12452	1.2339
12453	1.2561
12454	0.96421
12455	1.294
12456	1.309
12457	1.0217
12458	1.3168
12459	1.308
12460	1.0311
12461	1.3107
12462	1.3525
12463	1.3728
12464	1.3716
12465	1.3892
12466	1.4281
12467	1.4356
12468	1.4507
12469	1.1051
12470	1.454
12471	1.4584
12472	1.1349
12473	1.4639
12474	1.4688
12475	1.153
12476	1.4844
12477	1.5003
12478	1.4945
12479	1.4854
12480	1.1878
12481	1.5263
12482	1.2075
12483	1.5376
12484	1.2435
12485	1.5365
12486	1.2229
12487	1.5359
12488	1.2577
12489	1.5238
12490	1.4965
12491	1.2285
12492	1.4967
12493	1.5023
12494	1.2189
12495	1.4859
12496	1.4808
12497	1.2099
12498	1.4765
12499	1.4594
12500	1.2016
12501	1.4303
12502	1.4021
12503	1.1545
12504	1.3803
12505	1.1156
12506	1.3682
12507	1.1229
12508	1.3199
12509	1.2928
12510	1.2562
12511	1.1934
12512	1.0022
12513	1.1488
12514	1.0931
12515	0.94176
12516	1.0431
12517	0.98903
12518	0.87101
12519	0.9313
12520	0.87337
12521	0.78711
12522	0.80427
12523	0.7534
12524	0.68652
12525	0.61179
12526	0.54647
12527	0.49142
12528	0.59787
12529	0.47402
12530	0.49051
12531	0.69649
12532	0.54897
12533	0.63021
12534	0.86911
12535	0.73854
12536	0.87685
12537	1.0681
12538	1.0396
12539	1.2205
12540	1.4171
12541	1.6184
12542	1.7445
12543	1.8014
12544	2.0147
12545	2.1008
12546	2.2623
12547	2.5075
12548	2.5784
12549	2.7597
12550	3.0317
12551	3.0694
12552	3.325
12553	3.624
12554	3.6079
12555	3.9373
12556	4.2608
12557	4.1745
12558	4.5669
12559	4.8472
12560	4.6821
12561	5.076
12562	5.2523
12563	5.2901
12564	5.1377
12565	4.8692
12566	4.71
12567	3.9444
12568	3.8121
12569	3.5835
12570	5.0315
12571	3.6704
12572	6.3207
12573	7.4671
12574	9.2829
12575	12.027
12576	9.4046
12577	14.962
12578	17.062
12579	13.86
12580	16.905
12581	14.195
12582	13.822
12583	10.309
12584	6.8861
12585	7.9899
12586	4.789
12587	3.9659
12588	4.167
12589	4.0531
12590	4.2562
12591	4.3151
12592	4.7381
12593	4.1304
12594	5.1374
12595	5.2797
12596	4.8728
12597	5.419
12598	5.4274
12599	5.5155
12600	5.4614
12601	5.3733
12602	5.9814
12603	6.4713
12604	6.1577
12605	6.6732
12606	7.0138
12607	7.3359
12608	7.5713
12609	7.3325
12610	7.8478
12611	8.187
12612	7.8954
12613	8.4877
12614	8.6727
12615	8.8787
12616	9.1706
12617	9.4045
12618	9.5889
12619	9.3993
12620	9.9189
12621	10.202
12622	10.411
12623	10.69
12624	11.334
12625	11.015
12626	11.62
12627	11.932
12628	12.279
12629	12.872
12630	12.581
12631	13.192
12632	13.487
12633	13.773
12634	14.069
12635	14.339
12636	14.606
12637	14.883
12638	15.128
12639	15.374
12640	15.023
12641	15.634
12642	15.889
12643	15.559
12644	16.15
12645	16.057
12646	16.379
12647	16.797
12648	16.457
12649	16.585
12650	16.983
12651	17.157
12652	17.334
12653	17.165
12654	17.491
12655	17.789
12656	17.473
12657	17.638
12658	17.933
12659	18.053
12660	18.14
12661	18.213
12662	17.966
12663	18.285
12664	18.453
12665	18.36
12666	18.566
12667	18.279
12668	18.669
12669	18.736
12670	18.771
12671	18.766
12672	18.458
12673	18.781
12674	18.817
12675	18.479
12676	18.797
12677	18.743
12678	18.659
12679	18.562
12680	18.33
12681	18.45
12682	18.297
12683	18.131
12684	17.947
12685	17.717
12686	17.491
12687	17.373
12688	17.255
12689	16.937
12690	16.621
12691	16.315
12692	16.305
12693	15.999
12694	15.66
12695	15.664
12696	15.336
12697	15.301
12698	15.063
12699	14.787
12700	14.517
12701	14.243
12702	13.716
12703	13.973
12704	13.472
12705	13.489
12706	13.234
12707	12.991
12708	13.033
12709	12.734
12710	12.478
12711	12.549
12712	12.228
12713	11.976
12714	11.719
12715	11.459
12716	11.583
12717	11.194
12718	10.925
12719	11.092
12720	10.653
12721	10.377
12722	10.576
12723	10.1
12724	9.8266
12725	10.059
12726	9.5551
12727	9.2845
12728	9.0199
12729	8.7771
12730	9.0535
12731	8.5537
12732	8.3309
12733	8.1078
12734	7.8926
12735	7.6862
12736	7.4982
12737	7.345
12738	7.2259
12739	7.6705
12740	7.1384
12741	7.0868
12742	7.527
12743	7.0718
12744	7.092
12745	7.5122
12746	7.1416
12747	7.2177
12748	7.5847
12749	7.332
12750	7.5045
12751	7.736
12752	7.7527
12753	8.0705
12754	8.1874
12755	8.4218
12756	8.7829
12757	8.8576
12758	9.1655
12759	9.589
12760	9.5279
12761	10.055
12762	10.553
12763	10.37
12764	11.074
12765	11.61
12766	12.165
12767	12.748
12768	13.339
12769	13.886
12770	14.407
12771	14.977
12772	15.631
12773	16.354
12774	15.428
12775	17.127
12776	17.935
12777	16.907
12778	18.777
12779	19.672
12780	18.464
12781	20.659
12782	21.79
12783	20.201
12784	23.143
12785	24.856
12786	27.101
12787	30.412
12788	32.896
12789	25.376
12790	25.635
12791	33.537
12792	26.138
12793	31.213
12794	27.87
12795	26.093
12796	25.598
12797	23.874
12798	22.516
12799	21.393
12800	21.016
12801	20.433
12802	19.593
12803	19.281
12804	18.827
12805	18.102
12806	17.408
12807	16.752
12808	16.133
12809	15.549
12810	14.997
12811	14.475
12812	14.378
12813	13.979
12814	13.503
12815	13.491
12816	13.051
12817	12.626
12818	12.66
12819	12.233
12820	11.877
12821	11.944
12822	11.55
12823	11.253
12824	11.362
12825	10.988
12826	10.757
12827	10.895
12828	10.558
12829	10.387
12830	10.542
12831	10.247
12832	10.141
12833	10.067
12834	10.021
12835	10.173
12836	10.004
12837	10.016
12838	10.155
12839	10.051
12840	10.105
12841	10.233
12842	10.182
12843	10.281
12844	10.396
12845	10.519
12846	10.614
12847	10.648
12848	10.789
12849	10.848
12850	10.948
12851	11.117
12852	11.151
12853	11.289
12854	11.459
12855	11.487
12856	11.627
12857	11.802
12858	11.986
12859	12.178
12860	12.14
12861	12.371
12862	12.564
12863	12.515
12864	12.758
12865	12.948
12866	12.898
12867	13.136
12868	13.322
12869	13.508
12870	13.442
12871	13.694
12872	13.627
12873	13.879
12874	14.059
12875	14.238
12876	14.415
12877	14.345
12878	14.591
12879	14.765
12880	14.698
12881	14.939
12882	15.115
12883	15.296
12884	15.491
12885	15.708
12886	15.944
12887	15.853
12888	16.202
12889	16.457
12890	16.332
12891	16.701
12892	16.956
12893	17.201
12894	17.415
12895	17.613
12896	17.804
12897	17.98
12898	18.148
12899	18.096
12900	18.304
12901	18.449
12902	18.408
12903	18.58
12904	18.701
12905	18.674
12906	18.817
12907	18.92
12908	18.91
12909	19.011
12910	19.097
12911	19.089
12912	19.172
12913	19.245
12914	19.242
12915	19.31
12916	19.36
12917	19.379
12918	19.409
12919	19.456
12920	19.474
12921	19.492
12922	19.525
12923	19.546
12924	19.551
12925	19.568
12926	19.585
12927	19.603
12928	19.618
12929	19.627
12930	19.664
12931	19.632
12932	19.636
12933	19.67
12934	19.635
12935	19.632
12936	19.666
12937	19.628
12938	19.618
12939	19.655
12940	19.608
12941	19.596
12942	19.631
12943	19.584
12944	19.578
12945	19.604
12946	19.568
12947	19.551
12948	19.586
12949	19.539
12950	19.524
12951	19.561
12952	19.506
12953	19.491
12954	19.526
12955	19.473
12956	19.455
12957	19.49
12958	19.438
12959	19.419
12960	19.453
12961	19.401
12962	19.386
12963	19.413
12964	19.371
12965	19.357
12966	19.386
12967	19.345
12968	19.332
12969	19.364
12970	19.316
12971	19.3
12972	19.331
12973	19.285
12974	19.27
12975	19.257
12976	19.242
12977	19.228
12978	19.258
12979	19.218
12980	19.21
12981	19.2
12982	19.188
12983	19.221
12984	19.179
12985	19.17
12986	19.162
12987	19.154
12988	19.144
12989	19.136
12990	19.127
12991	19.122
12992	19.118
12993	19.11
12994	19.107
12995	19.107
12996	19.136
12997	19.102
12998	19.099
12999	19.096
13000	19.128
13001	19.093
13002	19.09
13003	19.121
13004	19.086
13005	19.115
13006	19.085
13007	19.083
13008	19.079
13009	19.077
13010	19.078
13011	19.106
13012	19.076
13013	19.076
13014	19.075
13015	19.075
13016	19.078
13017	19.077
13018	19.081
13019	19.078
13020	19.084
13021	19.084
13022	19.082
13023	19.08
13024	19.085
13025	19.085
13026	19.088
13027	19.085
13028	19.089
13029	19.088
13030	19.089
13031	19.089
13032	19.091
13033	19.095
13034	19.093
13035	19.092
13036	19.121
13037	19.094
13038	19.094
13039	19.123
13040	19.097
13041	19.097
13042	19.132
13043	19.092
13044	19.094
13045	19.121
13046	19.097
13047	19.095
13048	19.125
13049	19.094
13050	19.089
13051	19.124
13052	19.086
13053	19.085
13054	19.119
13055	19.083
13056	19.079
13057	19.115
13058	19.074
13059	19.07
13060	19.102
13061	19.063
13062	19.054
13063	19.049
13064	19.049
13065	19.083
13066	19.045
13067	19.036
13068	19.028
13069	19.024
13070	19.02
13071	19.022
13072	19.025
13073	19.028
13074	19.049
13075	19.083
13076	19.122
13077	5.3445
13078	6.3785
13079	2.2608
13080	3.0898
13081	1.7542
13082	5.046
13083	6.7282
13084	5.7403
13085	6.3363
13086	3.4473
13087	4.3187
13088	4.2708
13089	5.6284
13090	1.0266
13091	8.1728
13092	13.996
13093	1.1741
13094	12.294
13095	12.825
13096	9.8508
13097	9.6643
13098	9.9748
13099	13.578
13100	14.294
13101	1.0661
13102	1.2431
13103	9.4764
13104	9.6065
13105	9.259
13106	19.192
13107	19.262
13108	19.271
13109	18.119
13110	19.267
13111	19.268
13112	19.276
13113	19.332
13114	14.577
13115	14.105
13116	13.549
13117	0.41382
13118	0.92938
13119	2.1117
13120	2.4942
13121	17.275
13122	16.857
13123	0.85349
13124	2.4113
13125	2.2945
13126	19.263
13127	1.2438
13128	19.265
13129	19.278
13130	19.273
13131	17.034
13132	0.63241
13133	0.84642
13134	1.1072
13135	11.063
13136	11.284
13137	19.946
13138	19.936
13139	19.628
13140	19.706
13141	19.791
13142	19.762
13143	19.266
13144	19.261
13145	19.526
13146	19.549
13147	19.294
13148	19.294
13149	19.483
13150	19.365
13151	17.754
13152	17.773
13153	17.831
13154	0.99281
13155	0.8462
13156	17.718
13157	17.658
13158	17.789
13159	2.1198
13160	2.3681
13161	2.0039
13162	2.4515
13163	19.875
13164	19.849
13165	19.824
13166	19.484
13167	19.181
13168	19.082
13169	19.288
13170	19.29
13171	19.576
13172	19.462
13173	19.293
13174	19.357
13175	19.869
13176	19.879
13177	19.646
13178	19.665
13179	19.303
13180	19.298
13181	19.328
13182	15.957
13183	15.769
13184	13.77
13185	14.415
13186	16.907
13187	17.493
13188	16.497
13189	9.6897
13190	10.044
13191	10.09
13192	1.0207
13193	0.7813
13194	1.4074
13195	7.2584
13196	1.0517
13197	1.2584
13198	1.2532
13199	15.408
13200	9.0325
13201	17.77
13202	17.903
13203	17.747
13204	0.82997
13205	0.97983
13206	1.3448
13207	15.614
13208	1.8238
13209	0.96757
13210	11.551
13211	1.4191
13212	14.914
13213	15.572
13214	9.2559
13215	1.0036
13216	7.5001
13217	11.965
13218	17.575
13219	8.2687
13220	7.0262
13221	11.951
13222	0.76549
13223	0.70344
13224	3.5304
13225	14.326
13226	19.148
13227	8.572
13228	9.1775
13229	9.1027
13230	11.935
13231	7.1045
13232	15.625
13233	0.84456
13234	0.93613
13235	2.4678
13236	4.5766
13237	5.0734
13238	17.689
13239	13.126
13240	0.83936
13241	6.9196
13242	11.608
13243	11.296
13244	19.117
13245	16.159
13246	15.963
13247	19.115
13248	19.11
13249	19.107
13250	19.106
13251	14.382
13252	3.622
13253	7.2695
13254	6.785
13255	1.1138
13256	14.372
13257	13.621
13258	13.826
13259	9.796
13260	5.0716
13261	15.958
13262	15.044
13263	19.266
13264	3.7067
13265	0.99312
13266	19.304
13267	15.604
13268	9.2596
13269	1.2809
13270	0.93036
13271	1.1173
13272	1.1155
13273	0.81867
13274	12.787
13275	15.23
13276	17.386
13277	1.8765
13278	14.194
13279	11.255
13280	17.921
13281	15.354
13282	8.221
13283	8.0276
13284	14.035
13285	13.117
13286	19.187
13287	13.042
13288	13.146
13289	13.307
13290	2.2124
13291	2.7196
13292	2.5584
13293	2.3786
13294	10.865
13295	12.253
13296	17.648
13297	17.707
13298	9.7147
13299	15.522
13300	1.9938
13301	1.7191
13302	7.2559
13303	1.7679
13304	9.8202
13305	9.9695
13306	9.945
13307	10.769
13308	11.391
13309	4.3951
13310	4.7065
13311	4.592
13312	2.0421
13313	0.95751
13314	0.80247
13315	1.506
13316	16.287
13317	0.35677
13318	17.733
13319	17.424
13320	7.1947
13321	7.307
13322	5.1076
13323	4.1311
13324	11.003
13325	11.345
13326	17.445
13327	15.464
13328	12.952
13329	14.738
13330	12.8
13331	12.281
13332	7.9268
13333	16.432
13334	16.019
13335	12.37
13336	12.751
13337	12.452
13338	15.364
13339	11.357
13340	10.609
13341	10.685
13342	14.065
13343	15.589
13344	15.234
13345	3.2357
13346	14.642
13347	5.2891
13348	16.448
13349	17.807
13350	9.6684
13351	19.258
13352	1.6243
13353	1.6055
13354	19.26
13355	10.019
13356	10.169
13357	19.25
13358	19.683
13359	10.375
13360	19.237
13361	19.274
13362	19.565
13363	19.89
13364	16.903
13365	0.98166
13366	0.57876
13367	16.381
13368	15.973
13369	16.678
13370	0.9741
13371	19.172
13372	1.3676
13373	0.94463
13374	0.38602
13375	0.89573
13376	0.80366
13377	3.3422
13378	4.2337
13379	3.9171
13380	6.2627
13381	9.6741
13382	9.8928
13383	12.27
13384	13.85
13385	14.239
13386	16.142
13387	11.153
13388	12.625
13389	12.836
13390	12.619
13391	8.4
13392	11.084
13393	14.262
13394	8.0285
13395	8.9144
13396	12.286
13397	14.927
13398	14.279
13399	8.9426
13400	10.094
13401	13.463
13402	19.226
13403	13.068
13404	3.2049
13405	4.3333
13406	19.819
13407	18.952
13408	11.439
13409	4.2465
13410	0.65861
13411	0.85098
13412	9.5647
13413	5.1979
13414	12.142
13415	11.779
13416	19.76
13417	19.646
13418	19.19
13419	7.976
13420	4.3351
13421	1.1918
13422	16.47
13423	12.435
13424	6.9874
13425	7.3224
13426	17.148
13427	0.76859
13428	1.5783
13429	9.6564
13430	15.602
13431	15.753
13432	9.7157
13433	0.5154
13434	8.1007
13435	8.4172
13436	1.351
13437	1.4167
13438	17.675
13439	6.5375
13440	12.788
13441	14.584
13442	15.571
13443	14.335
13444	3.4419
13445	5.706
13446	15.894
13447	15.314
13448	12.014
13449	12.389
13450	0.70546
13451	3.4449
13452	9.1015
13453	8.7561
13454	12.812
13455	15.224
13456	15.806
13457	15.535
13458	14.974
13459	16.137
13460	12.513
13461	13.487
13462	13.809
13463	14.862
13464	19.209
13465	19.243
13466	19.242
13467	19.276
13468	19.277
13469	9.1203
13470	7.3879
13471	7.8107
13472	8.5468
13473	10.09
13474	6.914
13475	5.6497
13476	7.9396
13477	3.776
13478	4.4214
13479	3.3668
13480	4.2505
13481	5.9492
13482	4.3176
13483	6.198
13484	8.515
13485	6.7438
13486	4.4287
13487	9.1388
13488	11.867
13489	10.12
13490	7.2318
13491	12.879
13492	10.896
13493	15.772
13494	16.054
13495	15.867
13496	16.155
13497	2.8337
13498	4.8022
13499	3.2586
13500	5.3775
13501	7.971
13502	6.1371
13503	8.7544
13504	13.723
13505	13.99
13506	13.727
13507	14.04
13508	14.409
13509	14.13
13510	14.544
13511	14.948
13512	15.333
13513	15.761
13514	6.5997
13515	6.3457
13516	6.7519
13517	6.499
13518	6.2719
13519	6.6453
13520	6.4196
13521	2.7697
13522	2.4749
13523	2.6136
13524	19.277
13525	2.386
13526	19.354
13527	3.727
13528	12.41
13529	17.122
13530	17.387
13531	17.165
13532	1.189
13533	10.245
13534	8.6757
13535	9.2914
13536	7.6862
13537	11.394
13538	11.234
13539	11.338
13540	2.2065
13541	14.259
13542	13.733
13543	13.393
13544	12.921
13545	12.251
13546	12.079
13547	11.465
13548	10.703
13549	10.696
13550	9.9948
13551	9.1987
13552	9.2963
13553	8.5789
13554	10.769
13555	9.3935
13556	10.012
13557	8.72
13558	7.5322
13559	8.1929
13560	7.1249
13561	6.294
13562	6.8439
13563	6.1846
13564	4.6887
13565	4.6517
13566	4.5327
13567	4.4946
13568	12.232
13569	11.777
13570	11.642
13571	11.224
13572	10.667
13573	10.678
13574	10.158
13575	9.4923
13576	9.6138
13577	8.9944
13578	8.3143
13579	8.512
13580	7.8872
13581	10.779
13582	10.834
13583	10.854
13584	10.909
13585	10.909
13586	10.965
13587	10.963
13588	10.906
13589	11.007
13590	10.837
13591	10.949
13592	10.88
13593	7.6272
13594	7.4169
13595	7.7138
13596	7.2993
13597	7.5032
13598	7.4041
13599	1.1265
13600	0.95034
13601	0.91788
13602	0.82504
13603	2.9426
13604	3.2112
13605	2.6586
13606	2.9674
13607	3.326
13608	2.7237
13609	3.1095
13610	3.5037
13611	2.9348
13612	3.3435
13613	3.788
13614	3.3156
13615	3.7649
13616	9.6774
13617	10.077
13618	9.6944
13619	10.042
13620	10.44
13621	10.814
13622	10.484
13623	10.728
13624	11.101
13625	11.455
13626	11.196
13627	11.301
13628	11.654
13629	11.821
13630	3.2876
13631	3.0671
13632	3.6688
13633	3.463
13634	16.201
13635	16.636
13636	16.551
13637	17.009
13638	17.45
13639	17.439
13640	17.898
13641	9.4194
13642	9.746
13643	9.4936
13644	9.8209
13645	10.104
13646	9.883
13647	10.167
13648	10.432
13649	10.209
13650	10.475
13651	6.3083
13652	6.6062
13653	6.1333
13654	6.5473
13655	16.126
13656	16.153
13657	16.465
13658	16.509
13659	7.6206
13660	7.8163
13661	7.5165
13662	7.7118
13663	7.9082
13664	7.6085
13665	7.8042
13666	1.6792
13667	1.4706
13668	1.4356
13669	1.2463
13670	1.6296
13671	1.3867
13672	1.4149
13673	1.7041
13674	1.1073
13675	0.78153
13676	0.8786
13677	1.1803
13678	0.55595
13679	19.225
13680	19.259
13681	19.257
13682	19.294
13683	19.812
13684	19.873
13685	19.858
13686	19.925
13687	12.605
13688	12.191
13689	12.368
13690	11.959
13691	11.56
13692	11.67
13693	11.274
13694	10.866
13695	10.925
13696	10.517
13697	10.102
13698	10.12
13699	9.7051
13700	11.033
13701	11.158
13702	10.938
13703	11.065
13704	11.151
13705	10.992
13706	11.077
13707	13.445
13708	13.425
13709	13.174
13710	13.159
13711	13.145
13712	12.89
13713	12.88
13714	12.844
13715	12.593
13716	12.56
13717	12.508
13718	12.27
13719	12.221
13720	10.082
13721	10.096
13722	9.716
13723	9.7323
13724	15.243
13725	15.291
13726	15.526
13727	15.586
13728	15.651
13729	15.724
13730	15.891
13731	16.023
13732	16.175
13733	16.317
13734	10.969
13735	19.278
13736	17.461
13737	11.045
13738	10.937
13739	11.154
13740	11.022
13741	11.065
13742	10.905
13743	10.708
13744	10.768
13745	10.808
13746	10.878
13747	10.933
13748	10.85
13749	10.916
13750	9.0897
13751	9.4632
13752	9.2728
13753	9.3228
13754	9.7097
13755	10.029
13756	9.8173
13757	9.9582
13758	10.289
13759	10.53
13760	10.324
13761	10.531
13762	10.782
13763	10.942
13764	10.749
13765	11.016
13766	11.188
13767	11.089
13768	7.5464
13769	6.1295
13770	6.6247
13771	5.2013
13772	4.1634
13773	4.4419
13774	3.4069
13775	2.6721
13776	2.8108
13777	2.1362
13778	1.8819
13779	1.8745
13780	1.8267
13781	19.671
13782	19.713
13783	19.699
13784	19.742
13785	12.409
13786	12.842
13787	12.621
13788	13.088
13789	13.589
13790	13.357
13791	13.885
13792	14.419
13793	14.202
13794	14.757
13795	1.4689
13796	1.8449
13797	2.1631
13798	2.0006
13799	2.319
13800	11.015
13801	10.887
13802	10.857
13803	10.737
13804	10.536
13805	10.565
13806	10.37
13807	10.104
13808	10.195
13809	9.935
13810	9.6157
13811	9.7764
13812	9.466
13813	19.234
