Node Number	Normal Stress (MPa)
1	3.0034
2	2.8279
3	18.944
4	18.738
5	18.475
6	18.186
7	17.878
8	17.558
9	17.226
10	16.885
11	16.536
12	16.182
13	15.823
14	15.461
15	15.096
16	14.73
17	14.363
18	13.997
19	13.633
20	13.271
21	12.913
22	12.56
23	12.211
24	11.869
25	11.534
26	11.206
27	10.886
28	10.575
29	10.272
30	9.9774
31	9.6926
32	9.4165
33	9.1494
34	8.8906
35	8.6398
36	8.3963
37	8.1589
38	7.9268
39	7.6987
40	7.4729
41	7.2483
42	7.0231
43	6.7955
44	6.5642
45	6.3273
46	6.0831
47	5.8301
48	5.5668
49	5.2924
50	5.0063
51	4.7093
52	4.4032
53	4.0931
54	3.785
55	3.49
56	3.2203
57	3.0188
58	22.101
59	19.189
60	19.486
61	19.805
62	20.13
63	20.451
64	20.762
65	21.057
66	21.333
67	21.589
68	21.824
69	22.037
70	22.226
71	22.39
72	22.531
73	22.645
74	22.733
75	22.793
76	22.825
77	22.828
78	22.801
79	22.743
80	22.653
81	22.517
82	22.331
83	5.0532
84	21.859
85	21.582
86	21.268
87	20.917
88	20.527
89	20.1
90	19.634
91	19.13
92	18.587
93	18.006
94	17.387
95	16.73
96	16.037
97	15.308
98	14.542
99	13.744
100	12.909
101	12.046
102	11.15
103	10.223
104	9.2623
105	8.2736
106	7.2611
107	6.2262
108	5.1984
109	4.202
110	3.3107
111	2.607
112	2.1856
113	2.1465
114	2.5728
115	3.6175
116	20.627
117	20.272
118	19.891
119	19.485
120	19.05
121	18.588
122	18.098
123	17.58
124	17.031
125	16.455
126	15.848
127	15.212
128	14.548
129	13.856
130	13.134
131	12.388
132	11.614
133	10.817
134	9.9948
135	9.1522
136	8.2875
137	7.4053
138	6.5039
139	5.5923
140	4.6771
141	3.7813
142	2.9423
143	2.2155
144	1.6906
145	1.4526
146	1.5972
147	2.2069
148	3.4524
149	22.527
150	22.527
151	22.526
152	22.523
153	22.521
154	22.518
155	22.516
156	22.515
157	22.514
158	22.514
159	22.514
160	22.515
161	22.516
162	22.517
163	22.519
164	22.52
165	22.521
166	22.522
167	22.523
168	22.524
169	22.525
170	22.525
171	22.525
172	22.525
173	22.524
174	22.524
175	22.523
176	22.522
177	22.521
178	22.519
179	22.518
180	22.516
181	22.514
182	22.512
183	22.51
184	22.508
185	22.505
186	22.503
187	22.501
188	22.498
189	22.496
190	22.494
191	22.491
192	22.489
193	22.486
194	22.484
195	22.482
196	22.479
197	22.477
198	22.475
199	22.473
200	22.471
201	22.469
202	22.467
203	22.466
204	22.464
205	22.463
206	22.462
207	22.461
208	22.461
209	22.46
210	22.46
211	22.46
212	22.461
213	22.461
214	22.462
215	22.464
216	22.466
217	22.468
218	22.471
219	22.474
220	22.478
221	22.482
222	22.488
223	22.493
224	22.499
225	22.506
226	22.514
227	22.522
228	22.532
229	22.542
230	22.552
231	22.564
232	22.577
233	22.591
234	22.605
235	22.621
236	22.638
237	22.656
238	22.675
239	22.695
240	22.716
241	22.738
242	22.761
243	22.786
244	22.812
245	22.839
246	22.867
247	22.896
248	22.926
249	22.958
250	22.99
251	23.023
252	23.058
253	23.092
254	23.128
255	23.165
256	23.201
257	23.238
258	23.276
259	23.314
260	23.351
261	23.388
262	23.425
263	23.461
264	23.496
265	23.529
266	23.561
267	23.591
268	23.619
269	23.644
270	23.666
271	23.685
272	23.7
273	23.711
274	23.716
275	23.717
276	23.711
277	23.699
278	23.68
279	23.653
280	23.617
281	23.573
282	23.518
283	23.453
284	23.376
285	23.287
286	23.186
287	23.07
288	22.939
289	22.793
290	22.631
291	22.451
292	22.252
293	22.035
294	21.797
295	21.538
296	21.257
297	20.954
298	19.813
299	22.136
300	21.717
301	21.266
302	20.84
303	20.454
304	20.094
305	13.879
306	19.716
307	19.637
308	19.566
309	19.602
310	19.576
311	19.57
312	19.574
313	19.592
314	19.598
315	19.601
316	19.621
317	19.627
318	19.629
319	19.646
320	19.651
321	19.652
322	19.666
323	19.669
324	19.669
325	19.681
326	19.682
327	19.682
328	19.691
329	19.691
330	19.69
331	19.697
332	19.697
333	19.695
334	19.7
335	19.699
336	19.697
337	19.701
338	19.699
339	19.697
340	19.7
341	19.699
342	19.696
343	19.699
344	19.697
345	19.695
346	19.697
347	19.696
348	19.694
349	19.695
350	19.694
351	19.693
352	19.695
353	19.694
354	19.693
355	19.695
356	19.695
357	19.695
358	19.698
359	19.698
360	19.699
361	19.702
362	19.704
363	19.705
364	19.71
365	19.712
366	19.715
367	19.72
368	19.724
369	19.728
370	19.734
371	19.739
372	19.744
373	19.752
374	19.758
375	19.765
376	19.774
377	19.781
378	19.789
379	19.8
380	19.809
381	19.818
382	19.83
383	19.84
384	19.851
385	19.864
386	19.876
387	19.888
388	19.902
389	19.915
390	19.928
391	19.943
392	19.957
393	19.971
394	19.986
395	20.
396	20.013
397	20.029
398	20.042
399	20.055
400	20.07
401	20.082
402	20.094
403	20.106
404	20.116
405	20.125
406	20.135
407	20.141
408	20.146
409	20.151
410	20.153
411	20.152
412	20.151
413	20.145
414	20.137
415	20.127
416	20.113
417	20.095
418	20.074
419	20.049
420	20.018
421	19.985
422	19.945
423	19.899
424	19.85
425	19.793
426	19.729
427	19.661
428	19.583
429	19.499
430	19.408
431	19.308
432	19.199
433	19.083
434	18.956
435	18.82
436	18.675
437	18.52
438	18.354
439	18.178
440	17.991
441	17.793
442	17.585
443	17.365
444	17.133
445	16.891
446	16.636
447	16.371
448	16.095
449	15.808
450	15.509
451	15.202
452	14.884
453	14.557
454	14.222
455	24.754
456	13.529
457	13.173
458	12.812
459	12.448
460	12.082
461	11.715
462	11.35
463	10.988
464	10.631
465	10.282
466	9.9423
467	9.6175
468	9.3063
469	9.015
470	8.7439
471	8.5022
472	8.2867
473	8.1053
474	7.9576
475	7.853
476	7.7881
477	7.7688
478	7.7965
479	7.8769
480	8.0177
481	8.2525
482	8.5979
483	9.1251
484	11.161
485	10.127
486	9.6881
487	9.2533
488	8.8211
489	8.4011
490	7.9917
491	7.59
492	7.2101
493	6.849
494	6.5054
495	6.1859
496	5.894
497	5.633
498	5.396
499	5.2051
500	5.0495
501	4.9383
502	4.8722
503	4.8648
504	4.9018
505	4.9999
506	5.1485
507	5.3534
508	5.6139
509	5.9348
510	6.3241
511	6.8112
512	7.4203
513	8.159
514	10.714
515	16.66
516	16.794
517	16.837
518	16.896
519	16.833
520	16.774
521	16.684
522	16.536
523	16.341
524	16.184
525	15.929
526	15.663
527	15.391
528	15.13
529	14.81
530	14.468
531	14.108
532	13.733
533	13.35
534	12.955
535	12.543
536	12.127
537	11.702
538	11.291
539	10.897
540	10.515
541	-7.3584
542	16.509
543	16.342
544	16.34
545	16.412
546	16.336
547	16.361
548	16.384
549	16.242
550	16.26
551	16.235
552	15.996
553	16.024
554	15.967
555	15.639
556	15.715
557	15.539
558	15.184
559	15.241
560	14.785
561	14.709
562	14.649
563	14.144
564	14.159
565	13.949
566	13.398
567	13.437
568	13.139
569	12.597
570	12.564
571	12.288
572	11.683
573	11.842
574	11.31
575	10.888
576	10.617
577	10.077
578	9.7801
579	9.791
580	8.9456
581	9.2264
582	8.7122
583	7.7577
584	8.4565
585	7.703
586	7.4605
587	7.0208
588	6.885
589	6.0115
590	6.6543
591	4.5635
592	5.0829
593	5.6737
594	2.6831
595	3.6842
596	3.1351
597	-0.17253
598	3.3624
599	4.0456
600	0.71095
601	1.4209
602	0.26751
603	0.34052
604	-0.81772
605	-2.3879
606	-3.017
607	-3.8686
608	-29.426
609	-17.68
610	-26.249
611	-32.057
612	-1.2137
613	-22.04
614	-13.805
615	-12.67
616	-9.9106
617	-13.999
618	-7.3976
619	-2.8171
620	2.6181
621	4.0538
622	4.1399
623	4.4338
624	4.4458
625	4.2871
626	4.1953
627	3.9949
628	3.6964
629	3.474
630	3.202
631	2.8664
632	2.6129
633	2.3345
634	2.0131
635	1.7742
636	1.5283
637	1.2419
638	1.0144
639	0.76411
640	0.48578
641	0.26698
642	5.2031e-002
643	-0.18381
644	-0.36013
645	-0.52323
646	-0.71423
647	-0.85731
648	-0.97696
649	-1.1245
650	-1.2257
651	-1.3027
652	-1.411
653	-1.4728
654	-1.5096
655	-1.5818
656	-1.6082
657	-1.6081
658	-1.6496
659	-1.645
660	-1.6217
661	-1.6609
662	-1.6855
663	-1.703
664	-1.7547
665	-1.7838
666	-1.7977
667	-1.84
668	-1.8607
669	-1.8656
670	-1.8776
671	-1.9044
672	-1.8927
673	-1.8891
674	-1.904
675	-1.8766
676	-1.8567
677	-1.8579
678	-1.8225
679	-1.8235
680	-1.856
681	-1.8658
682	-1.8864
683	-1.9224
684	-1.9338
685	-1.9485
686	-1.978
687	-1.979
688	-1.9814
689	-1.9984
690	-1.9843
691	-1.9698
692	-1.9723
693	-1.9389
694	-1.9197
695	-1.9372
696	-1.9451
697	-1.9511
698	-1.9717
699	-1.9766
700	-1.9733
701	-1.9811
702	-1.9703
703	-1.9472
704	-1.9365
705	-1.904
706	-1.8572
707	-1.8238
708	-1.7735
709	-1.7303
710	-1.7053
711	-1.6718
712	-1.6309
713	-1.594
714	-1.5449
715	-1.4836
716	-1.4247
717	-1.3506
718	-1.2629
719	-1.1695
720	-1.0741
721	-0.95494
722	-0.84353
723	-0.74218
724	-0.63805
725	-0.5462
726	-0.51752
727	-1.0311
728	3.441
729	5.8555e-002
730	0.83072
731	1.4898
732	2.0722
733	2.568
734	3.0175
735	2.5079
736	2.4369
737	2.5103
738	2.6996
739	2.9838
740	3.3291
741	3.7043
742	4.0754
743	4.4141
744	4.6974
745	4.9141
746	5.063
747	5.1443
748	5.1678
749	5.1407
750	5.0738
751	4.9758
752	4.8565
753	4.7207
754	4.5775
755	4.4291
756	4.2818
757	4.1374
758	3.9981
759	3.8659
760	3.7419
761	3.6265
762	3.5205
763	3.4247
764	3.3381
765	3.2612
766	3.1935
767	3.135
768	3.0849
769	3.0434
770	3.0089
771	2.982
772	2.9618
773	2.9472
774	2.9386
775	2.9342
776	2.9342
777	2.9374
778	2.9435
779	2.9518
780	2.9616
781	2.9719
782	2.9825
783	2.9929
784	3.0027
785	3.0113
786	3.0191
787	3.026
788	3.0318
789	3.0365
790	3.0409
791	3.0443
792	3.0469
793	3.049
794	3.051
795	3.051
796	3.0511
797	3.049
798	3.0461
799	3.0421
800	3.0352
801	3.0271
802	3.0174
803	3.0052
804	2.9915
805	2.9761
806	2.9596
807	2.9419
808	2.9233
809	2.9039
810	2.8839
811	2.8629
812	2.8418
813	2.8196
814	2.7965
815	2.7727
816	2.7485
817	2.722
818	2.6955
819	2.6678
820	2.64
821	2.6118
822	2.5837
823	2.5556
824	2.5286
825	2.5019
826	2.4767
827	2.4521
828	2.429
829	2.4075
830	2.3871
831	2.3688
832	2.352
833	2.3379
834	2.3266
835	2.3187
836	2.3146
837	2.3147
838	2.3198
839	2.3313
840	2.348
841	2.3724
842	2.4045
843	2.445
844	2.4968
845	2.56
846	2.6377
847	2.7326
848	2.8467
849	2.9764
850	3.1199
851	3.2754
852	-0.13853
853	2.236
854	3.7316
855	7.3836
856	15.047
857	15.702
858	16.739
859	16.529
860	-2.043
861	-0.24471
862	0.64909
863	3.4109
864	5.229
865	5.6321
866	6.1099
867	6.5607
868	7.2597
869	8.2057
870	8.8874
871	9.2117
872	10.324
873	10.997
874	11.298
875	12.18
876	12.964
877	13.351
878	14.749
879	15.341
880	15.996
881	16.289
882	17.286
883	17.718
884	-4.1396
885	-0.82809
886	-3.6729
887	0.58691
888	1.9629
889	3.1486
890	2.6055
891	4.0557
892	4.4328
893	5.4564
894	6.214
895	5.8249
896	6.958
897	7.5593
898	8.1912
899	8.8313
900	8.5203
901	9.5035
902	9.1631
903	10.179
904	10.857
905	11.452
906	11.147
907	11.782
908	12.159
909	13.278
910	12.901
911	14.
912	13.652
913	14.676
914	15.233
915	14.964
916	15.487
917	16.315
918	16.04
919	16.815
920	16.577
921	17.248
922	17.663
923	17.448
924	18.117
925	17.89
926	17.984
927	-3.8066
928	-6.4246
929	-6.2236
930	-6.202
931	-5.627
932	-3.181
933	-0.92413
934	0.84323
935	2.6715
936	3.1496
937	3.5582
938	4.9609
939	5.3006
940	5.6002
941	5.9085
942	6.2184
943	6.546
944	7.2075
945	7.4946
946	7.7617
947	7.9769
948	8.2814
949	8.9202
950	9.5216
951	10.043
952	10.323
953	10.573
954	11.14
955	11.433
956	11.717
957	12.297
958	13.152
959	13.381
960	13.831
961	14.283
962	14.826
963	15.377
964	15.846
965	16.109
966	16.323
967	16.5
968	16.666
969	16.821
970	17.125
971	17.529
972	17.75
973	18.046
974	-2.5825
975	5.4751
976	0.89157
977	1.3879
978	1.1759
979	1.2877
980	0.99063
981	1.1021
982	0.96756
983	0.97189
984	0.83511
985	0.88786
986	0.74078
987	0.80553
988	0.74325
989	0.75903
990	0.72481
991	0.70146
992	0.71567
993	0.68027
994	0.71647
995	0.6718
996	0.73687
997	0.74881
998	0.74546
999	0.73172
1000	0.76489
1001	0.76254
1002	0.81283
1003	0.81517
1004	0.83403
1005	0.90713
1006	0.90078
1007	0.95659
1008	0.92363
1009	0.96054
1010	0.96954
1011	1.0256
1012	1.0288
1013	1.0482
1014	1.0864
1015	1.0457
1016	1.0737
1017	1.1028
1018	1.1464
1019	1.1003
1020	1.0731
1021	1.1127
1022	1.118
1023	1.0797
1024	1.119
1025	1.082
1026	1.1212
1027	1.0927
1028	1.1543
1029	1.1412
1030	1.1532
1031	1.1773
1032	1.1549
1033	1.197
1034	1.1551
1035	1.2153
1036	1.2131
1037	1.1866
1038	1.1948
1039	1.2234
1040	1.2231
1041	1.3278
1042	1.2982
1043	1.4799
1044	1.465
1045	1.6065
1046	1.5763
1047	1.8038
1048	1.6813
1049	2.0757
1050	1.9077
1051	2.3368
1052	2.1762
1053	2.5998
1054	2.4571
1055	2.942
1056	2.7784
1057	3.2774
1058	3.5989
1059	3.4496
1060	3.909
1061	3.7725
1062	4.1164
1063	4.1349
1064	3.8378
1065	4.0368
1066	3.07
1067	3.5163
1068	1.675
1069	2.4464
1070	-0.11835
1071	0.7784
1072	-2.1053
1073	-0.98471
1074	-1.8144
1075	-1.1544
1076	0.24688
1077	1.3775
1078	0.83891
1079	2.5063
1080	3.5144
1081	3.0401
1082	4.363
1083	5.0333
1084	4.7054
1085	5.6566
1086	6.3389
1087	5.9971
1088	6.9972
1089	7.5997
1090	8.1839
1091	8.7918
1092	8.4888
1093	9.4225
1094	9.1001
1095	10.046
1096	10.684
1097	11.291
1098	10.992
1099	11.824
1100	12.477
1101	13.192
1102	12.832
1103	13.895
1104	15.199
1105	14.901
1106	15.794
1107	15.496
1108	16.366
1109	16.08
1110	16.908
1111	17.397
1112	17.158
1113	17.855
1114	18.279
1115	18.077
1116	18.35
1117	18.383
1118	18.633
1119	19.005
1120	18.843
1121	19.201
1122	19.324
1123	19.347
1124	19.405
1125	19.262
1126	19.058
1127	18.715
1128	18.943
1129	18.409
1130	18.631
1131	17.992
1132	18.237
1133	17.486
1134	17.814
1135	16.831
1136	17.258
1137	16.05
1138	16.55
1139	15.193
1140	15.681
1141	14.491
1142	14.926
1143	13.597
1144	14.052
1145	12.62
1146	13.129
1147	11.636
1148	12.197
1149	10.584
1150	11.163
1151	9.6234
1152	10.158
1153	8.6021
1154	7.6684
1155	8.1322
1156	6.8011
1157	7.1925
1158	6.1663
1159	5.777
1160	5.9463
1161	5.4719
1162	5.568
1163	5.4157
1164	5.519
1165	5.4402
1166	5.8475
1167	6.513
1168	7.4053
1169	8.4172
1170	7.9001
1171	9.4946
1172	10.575
1173	10.061
1174	11.672
1175	12.722
1176	12.224
1177	13.702
1178	14.718
1179	14.252
1180	15.641
1181	15.216
1182	16.476
1183	16.102
1184	17.241
1185	16.904
1186	17.945
1187	17.632
1188	18.593
1189	18.314
1190	19.18
1191	18.925
1192	19.681
1193	19.514
1194	20.14
1195	19.947
1196	20.515
1197	20.35
1198	20.831
1199	20.707
1200	21.1
1201	20.992
1202	21.314
1203	21.234
1204	21.529
1205	21.448
1206	21.682
1207	21.637
1208	21.804
1209	21.773
1210	21.895
1211	21.878
1212	21.97
1213	21.956
1214	21.997
1215	22.023
1216	22.023
1217	22.034
1218	22.053
1219	22.062
1220	22.015
1221	22.054
1222	22.016
1223	22.035
1224	21.993
1225	22.022
1226	21.971
1227	21.992
1228	21.933
1229	21.967
1230	21.888
1231	21.919
1232	21.834
1233	21.875
1234	21.796
1235	21.832
1236	21.752
1237	21.784
1238	21.71
1239	21.747
1240	21.676
1241	21.621
1242	21.667
1243	21.593
1244	21.614
1245	21.548
1246	21.578
1247	21.514
1248	21.543
1249	21.481
1250	21.514
1251	21.468
1252	21.487
1253	21.43
1254	21.463
1255	21.396
1256	21.427
1257	21.384
1258	21.402
1259	21.377
1260	21.331
1261	21.369
1262	21.331
1263	21.359
1264	21.344
1265	21.338
1266	21.319
1267	21.312
1268	21.304
1269	21.309
1270	21.312
1271	21.317
1272	21.333
1273	21.321
1274	21.314
1275	21.321
1276	21.336
1277	21.333
1278	21.335
1279	21.32
1280	21.341
1281	21.319
1282	21.339
1283	21.317
1284	21.339
1285	21.337
1286	21.341
1287	21.319
1288	21.361
1289	21.338
1290	21.347
1291	21.353
1292	21.361
1293	21.346
1294	21.367
1295	21.343
1296	21.361
1297	21.335
1298	21.354
1299	21.338
1300	21.364
1301	21.334
1302	21.363
1303	21.342
1304	21.369
1305	21.332
1306	21.357
1307	21.325
1308	21.351
1309	21.307
1310	21.342
1311	21.315
1312	21.329
1313	21.308
1314	21.324
1315	21.326
1316	21.321
1317	21.349
1318	21.351
1319	21.413
1320	1.5141
1321	0.68487
1322	0.52214
1323	0.44891
1324	0.26243
1325	0.21861
1326	0.18252
1327	0.16555
1328	0.12805
1329	7.1734e-002
1330	0.10501
1331	4.8549e-002
1332	0.1091
1333	0.10353
1334	0.1161
1335	0.14232
1336	0.11368
1337	0.1528
1338	0.14812
1339	0.19697
1340	0.23976
1341	0.20266
1342	0.26807
1343	0.24313
1344	0.29153
1345	0.27875
1346	0.3189
1347	0.36327
1348	0.40531
1349	0.4164
1350	0.47143
1351	0.34107
1352	0.36683
1353	0.41648
1354	0.33176
1355	0.4042
1356	0.41631
1357	0.4902
1358	0.54799
1359	0.49049
1360	0.49548
1361	0.52339
1362	0.5365
1363	0.54965
1364	0.61571
1365	0.62959
1366	0.64113
1367	0.76747
1368	0.88545
1369	0.91448
1370	1.0837
1371	1.2935
1372	1.575
1373	1.8963
1374	2.1931
1375	2.5784
1376	2.7802
1377	2.9461
1378	3.3163
1379	3.6723
1380	3.9209
1381	3.9755
1382	3.8916
1383	3.6945
1384	2.8106
1385	1.0559
1386	-1.4362
1387	-3.8517
1388	-9.1303
1389	-9.1589
1390	-8.8734
1391	-7.9926
1392	-6.8245
1393	-3.9787
1394	-1.4025
1395	0.43627
1396	1.1294
1397	1.68
1398	2.5493
1399	2.9639
1400	3.3286
1401	4.327
1402	4.75
1403	5.136
1404	5.508
1405	5.8596
1406	6.5505
1407	7.2136
1408	7.515
1409	7.8067
1410	8.0772
1411	8.366
1412	8.6694
1413	8.9796
1414	9.5764
1415	10.153
1416	10.439
1417	10.71
1418	11.019
1419	11.303
1420	11.59
1421	11.872
1422	12.151
1423	12.44
1424	13.008
1425	13.269
1426	13.513
1427	13.748
1428	13.979
1429	14.429
1430	14.663
1431	14.896
1432	15.11
1433	15.318
1434	15.491
1435	15.656
1436	15.807
1437	15.941
1438	16.072
1439	16.198
1440	16.326
1441	16.462
1442	16.708
1443	16.817
1444	16.94
1445	17.044
1446	17.161
1447	17.321
1448	17.444
1449	17.593
1450	17.799
1451	18.205
1452	18.382
1453	18.459
1454	18.405
1455	18.436
1456	18.494
1457	18.328
1458	18.071
1459	17.792
1460	17.379
1461	16.894
1462	16.412
1463	16.108
1464	15.897
1465	15.419
1466	15.079
1467	14.264
1468	13.467
1469	13.209
1470	12.743
1471	11.922
1472	11.595
1473	11.011
1474	10.138
1475	9.3169
1476	8.5264
1477	8.2173
1478	7.7922
1479	7.1756
1480	6.887
1481	6.6732
1482	6.4617
1483	6.636
1484	6.9345
1485	6.7453
1486	6.7209
1487	6.5841
1488	6.6235
1489	6.7545
1490	6.9927
1491	7.2647
1492	7.6116
1493	7.9916
1494	8.3953
1495	8.8354
1496	9.2634
1497	9.7355
1498	10.161
1499	10.67
1500	11.145
1501	11.635
1502	12.103
1503	12.595
1504	13.028
1505	13.516
1506	13.936
1507	14.452
1508	14.808
1509	15.259
1510	15.61
1511	16.361
1512	17.066
1513	17.395
1514	17.705
1515	18.025
1516	18.299
1517	18.81
1518	19.3
1519	19.705
1520	20.049
1521	20.345
1522	20.611
1523	20.835
1524	21.026
1525	21.175
1526	21.294
1527	21.389
1528	21.462
1529	21.507
1530	21.537
1531	21.515
1532	21.545
1533	21.535
1534	21.517
1535	21.492
1536	21.466
1537	21.429
1538	21.398
1539	21.354
1540	21.306
1541	21.308
1542	21.271
1543	21.267
1544	21.219
1545	21.205
1546	21.191
1547	21.155
1548	21.141
1549	21.152
1550	21.114
1551	21.096
1552	21.106
1553	21.064
1554	21.021
1555	21.004
1556	20.957
1557	20.954
1558	20.991
1559	20.992
1560	20.99
1561	20.983
1562	20.962
1563	20.99
1564	20.961
1565	20.963
1566	20.953
1567	20.953
1568	20.932
1569	20.937
1570	20.929
1571	20.947
1572	20.929
1573	20.945
1574	20.926
1575	20.933
1576	20.91
1577	20.929
1578	20.919
1579	20.941
1580	20.931
1581	20.92
1582	20.933
1583	20.93
1584	20.94
1585	20.928
1586	20.939
1587	20.932
1588	20.931
1589	20.894
1590	20.928
1591	20.933
1592	20.962
1593	20.95
1594	20.958
1595	20.934
1596	20.956
1597	20.943
1598	20.957
1599	20.953
1600	20.963
1601	20.952
1602	20.958
1603	20.951
1604	20.959
1605	20.946
1606	20.947
1607	20.916
1608	20.948
1609	20.921
1610	20.954
1611	20.932
1612	20.943
1613	20.91
1614	20.934
1615	20.924
1616	20.929
1617	20.908
1618	20.919
1619	20.909
1620	20.911
1621	20.873
1622	20.899
1623	20.902
1624	20.939
1625	20.96
1626	20.931
1627	0.98982
1628	1.8385
1629	1.9792
1630	1.6297
1631	1.7417
1632	1.4952
1633	1.571
1634	1.4381
1635	1.4535
1636	1.3576
1637	1.3622
1638	1.2925
1639	1.3331
1640	1.3017
1641	1.2905
1642	1.2927
1643	1.267
1644	1.3021
1645	1.2767
1646	1.3001
1647	1.2834
1648	1.2238
1649	1.3124
1650	1.363
1651	1.3419
1652	1.3638
1653	1.3823
1654	1.4041
1655	1.4171
1656	1.4703
1657	1.4726
1658	1.5066
1659	1.5461
1660	1.5557
1661	1.5623
1662	1.5771
1663	1.5978
1664	1.6453
1665	1.65
1666	1.6957
1667	1.7471
1668	1.7059
1669	1.7265
1670	1.7308
1671	1.7466
1672	1.7588
1673	1.7598
1674	1.7876
1675	1.7711
1676	1.7888
1677	1.7476
1678	1.7886
1679	1.7703
1680	1.7874
1681	1.7933
1682	1.7906
1683	1.7876
1684	1.8062
1685	1.7828
1686	1.8241
1687	1.7903
1688	1.8009
1689	1.7872
1690	1.8214
1691	1.7679
1692	1.8078
1693	1.8182
1694	1.824
1695	1.9082
1696	1.8821
1697	1.9994
1698	1.9748
1699	2.1576
1700	2.0682
1701	2.2845
1702	2.1951
1703	2.4964
1704	2.355
1705	2.7371
1706	2.6046
1707	2.9938
1708	2.8588
1709	3.3342
1710	3.1415
1711	3.6016
1712	3.445
1713	3.9064
1714	3.7731
1715	4.1832
1716	4.0615
1717	4.3729
1718	4.3247
1719	4.3887
1720	4.4238
1721	4.1318
1722	4.3107
1723	3.5181
1724	3.8461
1725	2.457
1726	3.0123
1727	1.1693
1728	1.784
1729	8.0609e-003
1730	0.42629
1731	-1.0454e-002
1732	1.1351e-002
1733	0.52096
1734	0.24154
1735	1.2551
1736	0.85492
1737	2.1477
1738	1.6946
1739	3.0425
1740	2.5742
1741	3.8924
1742	3.4899
1743	4.6741
1744	4.3102
1745	5.2917
1746	4.9863
1747	5.882
1748	5.5859
1749	6.4808
1750	6.1796
1751	7.0704
1752	6.7748
1753	7.6384
1754	7.3567
1755	8.1757
1756	7.9034
1757	8.7374
1758	8.4545
1759	9.324
1760	9.0312
1761	9.9203
1762	9.6056
1763	10.539
1764	10.232
1765	11.147
1766	10.847
1767	11.753
1768	11.448
1769	12.406
1770	12.072
1771	13.104
1772	12.755
1773	13.81
1774	13.457
1775	14.503
1776	14.16
1777	15.164
1778	14.836
1779	15.813
1780	15.489
1781	16.424
1782	16.122
1783	17.01
1784	16.723
1785	17.551
1786	17.285
1787	18.055
1788	17.8
1789	18.507
1790	18.291
1791	18.786
1792	18.672
1793	19.148
1794	18.939
1795	19.595
1796	19.399
1797	19.922
1798	19.792
1799	20.188
1800	20.091
1801	20.292
1802	20.282
1803	20.365
1804	20.373
1805	20.306
1806	20.385
1807	20.077
1808	20.248
1809	19.873
1810	20.032
1811	19.529
1812	19.786
1813	19.126
1814	19.434
1815	18.503
1816	18.921
1817	17.641
1818	18.215
1819	17.431
1820	16.276
1821	16.645
1822	15.289
1823	15.703
1824	14.25
1825	14.632
1826	13.037
1827	13.778
1828	11.934
1829	12.636
1830	10.674
1831	11.385
1832	9.4048
1833	10.063
1834	8.1743
1835	8.8724
1836	6.9341
1837	7.5373
1838	5.8409
1839	6.3636
1840	4.9739
1841	5.3687
1842	4.4394
1843	4.6396
1844	4.3779
1845	4.1345
1846	4.1854
1847	4.1837
1848	4.3387
1849	4.1615
1850	4.9765
1851	4.5439
1852	5.9542
1853	5.4125
1854	7.1312
1855	6.5227
1856	8.3969
1857	7.7516
1858	9.6772
1859	9.0453
1860	10.907
1861	10.316
1862	12.161
1863	11.565
1864	13.327
1865	12.762
1866	14.417
1867	13.901
1868	15.508
1869	14.998
1870	16.422
1871	16.01
1872	17.331
1873	16.929
1874	18.144
1875	17.791
1876	18.827
1877	18.563
1878	19.499
1879	19.202
1880	20.026
1881	19.807
1882	20.529
1883	20.343
1884	20.981
1885	20.793
1886	21.292
1887	21.177
1888	21.61
1889	21.496
1890	21.851
1891	21.765
1892	22.029
1893	21.974
1894	22.226
1895	22.159
1896	22.357
1897	22.308
1898	22.433
1899	22.422
1900	22.516
1901	22.498
1902	22.553
1903	22.548
1904	22.573
1905	22.618
1906	22.541
1907	22.58
1908	22.568
1909	22.579
1910	22.517
1911	22.578
1912	22.48
1913	22.524
1914	22.435
1915	22.482
1916	22.411
1917	22.435
1918	22.361
1919	22.424
1920	22.308
1921	22.351
1922	22.253
1923	22.29
1924	22.191
1925	22.234
1926	22.148
1927	22.179
1928	22.108
1929	22.15
1930	22.067
1931	22.103
1932	21.998
1933	22.054
1934	21.97
1935	21.994
1936	21.935
1937	21.959
1938	21.899
1939	21.93
1940	21.868
1941	21.905
1942	21.847
1943	21.884
1944	21.788
1945	21.836
1946	21.788
1947	21.809
1948	21.763
1949	21.779
1950	21.75
1951	21.743
1952	21.739
1953	21.747
1954	21.719
1955	21.739
1956	21.705
1957	21.762
1958	21.709
1959	21.726
1960	21.696
1961	21.717
1962	21.683
1963	21.713
1964	21.671
1965	21.706
1966	21.675
1967	21.714
1968	21.707
1969	21.71
1970	21.708
1971	21.722
1972	21.723
1973	21.707
1974	21.708
1975	21.707
1976	21.716
1977	21.718
1978	21.723
1979	21.747
1980	21.711
1981	21.723
1982	21.721
1983	21.74
1984	21.695
1985	21.722
1986	21.728
1987	21.731
1988	21.722
1989	21.742
1990	21.72
1991	21.738
1992	21.745
1993	21.75
1994	21.733
1995	21.753
1996	21.735
1997	21.746
1998	21.731
1999	21.748
2000	21.72
2001	21.753
2002	21.735
2003	21.753
2004	21.729
2005	21.752
2006	21.729
2007	21.748
2008	21.723
2009	21.742
2010	21.723
2011	21.733
2012	21.729
2013	21.731
2014	21.722
2015	21.747
2016	21.724
2017	21.751
2018	21.781
2019	21.709
2020	21.743
2021	21.787
2022	21.301
2023	21.69
2024	21.746
2025	1.7079
2026	20.894
2027	0.46046
2028	0.38767
2029	0.28874
2030	0.15912
2031	0.10751
2032	1.7163e-002
2033	-1.0871e-002
2034	-0.1269
2035	-0.18093
2036	-0.25968
2037	-0.28049
2038	-0.34413
2039	-0.35995
2040	-0.40078
2041	-0.43918
2042	-0.43537
2043	-0.47617
2044	-0.50079
2045	-0.45741
2046	-0.5373
2047	-0.53964
2048	-0.61963
2049	-0.54838
2050	-0.57174
2051	-0.53732
2052	-0.54437
2053	-0.53132
2054	-0.53907
2055	-0.50925
2056	-0.52731
2057	-0.49109
2058	-0.50779
2059	-0.43607
2060	-0.48019
2061	-0.52301
2062	-0.46648
2063	-0.4588
2064	-0.49176
2065	-0.44686
2066	-0.47465
2067	-0.29634
2068	-0.38646
2069	-0.31382
2070	-0.34588
2071	-0.34501
2072	-0.40318
2073	-0.31219
2074	-0.3126
2075	-0.29643
2076	-0.24556
2077	-0.32209
2078	-0.34716
2079	-0.31847
2080	-0.37811
2081	-0.31237
2082	-0.33374
2083	-0.29935
2084	-0.31946
2085	-0.27982
2086	-0.34471
2087	-0.18628
2088	-0.1514
2089	-0.20538
2090	-0.16238
2091	-0.16912
2092	-0.1277
2093	-0.15146
2094	-0.13563
2095	-0.15545
2096	-0.11298
2097	-0.12163
2098	-4.2124e-002
2099	-4.7054e-003
2100	4.0374e-002
2101	0.14114
2102	0.28306
2103	0.3185
2104	0.39805
2105	0.52165
2106	0.61987
2107	0.77453
2108	1.2467
2109	1.4523
2110	1.606
2111	1.7997
2112	2.0241
2113	2.2114
2114	2.4352
2115	2.6177
2116	2.8565
2117	3.0661
2118	3.2801
2119	3.4673
2120	3.6473
2121	3.7882
2122	3.8919
2123	3.9291
2124	3.8851
2125	3.7199
2126	3.4097
2127	2.8558
2128	1.9563
2129	0.51855
2130	-1.0479
2131	-2.7635
2132	-6.1611
2133	-7.7703
2134	-8.6157
2135	-11.221
2136	-12.933
2137	-13.12
2138	-12.501
2139	-10.82
2140	-8.6182
2141	-6.3118
2142	-4.3502
2143	-2.8543
2144	-1.6468
2145	-0.52499
2146	0.32889
2147	0.94012
2148	1.6037
2149	2.1096
2150	2.4644
2151	2.7813
2152	3.1771
2153	3.6717
2154	4.114
2155	4.5907
2156	5.0829
2157	5.4268
2158	5.823
2159	6.2462
2160	6.579
2161	6.9077
2162	7.2516
2163	7.5964
2164	7.8644
2165	8.1414
2166	8.455
2167	8.7566
2168	9.0443
2169	9.3577
2170	9.6741
2171	10.262
2172	10.588
2173	10.895
2174	11.181
2175	11.486
2176	11.772
2177	12.05
2178	12.335
2179	12.616
2180	12.893
2181	13.166
2182	13.426
2183	13.675
2184	13.913
2185	14.137
2186	14.366
2187	14.575
2188	14.785
2189	14.999
2190	15.196
2191	15.385
2192	15.555
2193	15.706
2194	15.847
2195	15.976
2196	16.094
2197	16.208
2198	16.314
2199	16.412
2200	16.508
2201	16.594
2202	16.672
2203	16.762
2204	16.857
2205	16.966
2206	17.097
2207	17.217
2208	17.343
2209	17.465
2210	17.628
2211	17.729
2212	17.792
2213	17.764
2214	17.756
2215	17.67
2216	17.642
2217	17.525
2218	17.464
2219	17.269
2220	17.131
2221	16.908
2222	16.709
2223	16.449
2224	16.267
2225	15.964
2226	15.712
2227	15.229
2228	15.078
2229	14.79
2230	14.411
2231	14.184
2232	13.649
2233	13.259
2234	12.976
2235	12.479
2236	12.145
2237	11.595
2238	11.345
2239	10.896
2240	10.696
2241	10.166
2242	9.8674
2243	9.2587
2244	9.051
2245	8.6429
2246	8.3161
2247	7.9484
2248	7.6906
2249	7.3554
2250	7.1776
2251	6.8785
2252	6.7352
2253	6.597
2254	6.4854
2255	6.4505
2256	6.4843
2257	6.6466
2258	7.5502
2259	8.0699
2260	9.2638
2261	8.7889
2262	8.1999
2263	7.8164
2264	7.3896
2265	7.2724
2266	7.2381
2267	7.3515
2268	7.5166
2269	8.0214
2270	8.3248
2271	8.6687
2272	9.3752
2273	9.7497
2274	10.177
2275	11.044
2276	11.444
2277	11.886
2278	12.727
2279	13.088
2280	13.562
2281	14.348
2282	14.688
2283	15.099
2284	15.402
2285	16.11
2286	16.487
2287	16.791
2288	17.105
2289	17.401
2290	17.777
2291	17.911
2292	18.211
2293	18.419
2294	18.673
2295	18.84
2296	19.101
2297	19.216
2298	19.424
2299	19.567
2300	19.732
2301	19.843
2302	20.021
2303	20.128
2304	20.254
2305	20.345
2306	20.443
2307	20.524
2308	20.607
2309	20.678
2310	20.769
2311	20.787
2312	20.855
2313	20.897
2314	20.945
2315	20.966
2316	21.012
2317	21.008
2318	21.029
2319	21.022
2320	21.071
2321	21.061
2322	21.067
2323	21.064
2324	21.101
2325	21.065
2326	21.097
2327	21.05
2328	21.068
2329	21.036
2330	21.062
2331	20.998
2332	21.041
2333	20.984
2334	20.984
2335	20.948
2336	20.954
2337	20.917
2338	20.92
2339	20.886
2340	20.877
2341	20.841
2342	20.85
2343	20.801
2344	20.799
2345	20.751
2346	20.777
2347	20.753
2348	20.755
2349	20.726
2350	20.734
2351	20.704
2352	20.707
2353	20.676
2354	20.675
2355	20.642
2356	20.636
2357	20.624
2358	20.582
2359	20.574
2360	20.602
2361	20.605
2362	20.593
2363	20.583
2364	20.561
2365	20.555
2366	20.584
2367	20.554
2368	20.532
2369	20.534
2370	20.519
2371	20.529
2372	20.548
2373	20.526
2374	20.52
2375	20.531
2376	20.519
2377	20.512
2378	20.538
2379	20.538
2380	20.517
2381	20.533
2382	20.52
2383	20.549
2384	20.525
2385	20.531
2386	20.524
2387	20.524
2388	20.503
2389	20.53
2390	20.532
2391	20.568
2392	20.544
2393	20.571
2394	20.525
2395	20.547
2396	20.535
2397	20.539
2398	20.537
2399	20.579
2400	20.539
2401	20.549
2402	20.533
2403	20.567
2404	20.538
2405	20.533
2406	20.515
2407	20.553
2408	20.521
2409	20.556
2410	20.522
2411	20.531
2412	20.517
2413	20.516
2414	20.504
2415	20.541
2416	20.507
2417	20.523
2418	20.491
2419	20.487
2420	20.468
2421	20.475
2422	20.466
2423	20.5
2424	20.536
2425	20.485
2426	20.492
2427	20.44
2428	3.6691
2429	21.709
2430	20.483
2431	0.57237
2432	2.8509
2433	2.6579
2434	2.518
2435	2.3671
2436	2.2503
2437	2.1547
2438	2.055
2439	2.0335
2440	1.9548
2441	1.9038
2442	1.8944
2443	1.8218
2444	1.8372
2445	1.8183
2446	1.814
2447	1.844
2448	1.8202
2449	1.8678
2450	1.8018
2451	1.8457
2452	1.8473
2453	1.8718
2454	1.9351
2455	1.8838
2456	1.9548
2457	1.925
2458	2.0033
2459	1.9954
2460	2.0223
2461	2.0376
2462	2.1187
2463	2.0998
2464	2.1275
2465	2.075
2466	2.2376
2467	2.1883
2468	2.2291
2469	2.2241
2470	2.2866
2471	2.2644
2472	2.2907
2473	2.2788
2474	2.3333
2475	2.3263
2476	2.357
2477	2.3466
2478	2.3736
2479	2.326
2480	2.4177
2481	2.413
2482	2.3641
2483	2.4224
2484	2.4579
2485	2.3729
2486	2.4174
2487	2.3775
2488	2.4698
2489	2.4246
2490	2.4223
2491	2.421
2492	2.461
2493	2.4189
2494	2.4162
2495	2.419
2496	2.4203
2497	2.385
2498	2.4054
2499	2.4087
2500	2.3974
2501	2.3853
2502	2.4268
2503	2.3885
2504	2.409
2505	2.3781
2506	2.3877
2507	2.3731
2508	2.4577
2509	2.421
2510	2.5061
2511	2.5074
2512	2.531
2513	2.6238
2514	2.651
2515	2.7433
2516	2.8207
2517	2.9192
2518	3.0138
2519	3.1524
2520	3.2496
2521	3.3617
2522	3.5067
2523	3.6544
2524	3.768
2525	3.9269
2526	4.118
2527	4.2376
2528	4.3924
2529	4.4791
2530	4.6771
2531	4.7458
2532	4.7413
2533	4.714
2534	4.5526
2535	4.3433
2536	4.1218
2537	3.6984
2538	3.2645
2539	2.7768
2540	2.3021
2541	1.834
2542	1.5112
2543	1.3878
2544	1.3486
2545	1.4813
2546	1.6828
2547	1.9288
2548	2.2
2549	2.5023
2550	3.1999
2551	3.5754
2552	3.9454
2553	4.2968
2554	4.6533
2555	5.271
2556	5.5566
2557	5.8313
2558	6.1012
2559	6.368
2560	6.6325
2561	6.894
2562	7.154
2563	7.4104
2564	7.6634
2565	7.9142
2566	8.1675
2567	8.4251
2568	8.6897
2569	8.9611
2570	9.2359
2571	9.5149
2572	9.8065
2573	10.103
2574	10.404
2575	10.709
2576	11.017
2577	11.329
2578	11.651
2579	11.98
2580	12.316
2581	12.662
2582	13.011
2583	13.365
2584	13.721
2585	14.078
2586	14.432
2587	14.782
2588	15.131
2589	15.478
2590	15.821
2591	16.156
2592	16.483
2593	16.804
2594	17.117
2595	17.419
2596	17.712
2597	17.992
2598	18.26
2599	18.509
2600	18.738
2601	18.956
2602	19.169
2603	19.404
2604	19.672
2605	19.946
2606	20.216
2607	20.434
2608	20.616
2609	20.844
2610	21.018
2611	21.196
2612	21.216
2613	21.384
2614	21.431
2615	21.589
2616	21.477
2617	21.61
2618	21.487
2619	21.474
2620	21.366
2621	21.308
2622	21.125
2623	20.972
2624	20.63
2625	20.24
2626	19.984
2627	19.504
2628	19.254
2629	18.367
2630	17.948
2631	17.446
2632	16.998
2633	16.345
2634	15.811
2635	15.276
2636	13.941
2637	13.151
2638	12.509
2639	11.729
2640	11.065
2641	10.27
2642	9.5153
2643	8.6812
2644	7.8521
2645	7.0515
2646	6.2278
2647	5.48
2648	4.709
2649	4.0981
2650	3.4071
2651	3.541
2652	3.2943
2653	2.9789
2654	2.9194
2655	3.112
2656	3.4808
2657	4.0578
2658	4.6467
2659	5.3407
2660	6.0662
2661	6.8294
2662	7.5912
2663	8.3484
2664	9.1041
2665	9.8277
2666	10.566
2667	11.271
2668	11.993
2669	12.635
2670	13.34
2671	13.948
2672	14.553
2673	15.147
2674	15.735
2675	16.233
2676	16.839
2677	17.28
2678	17.754
2679	18.186
2680	18.621
2681	18.941
2682	19.396
2683	19.739
2684	20.083
2685	20.386
2686	20.713
2687	20.929
2688	21.218
2689	21.409
2690	21.641
2691	21.778
2692	22.04
2693	22.136
2694	22.299
2695	22.407
2696	22.539
2697	22.623
2698	22.734
2699	22.79
2700	22.894
2701	22.93
2702	22.984
2703	23.022
2704	23.076
2705	23.082
2706	23.125
2707	23.124
2708	23.145
2709	23.104
2710	23.144
2711	23.127
2712	23.127
2713	23.094
2714	23.109
2715	23.053
2716	23.05
2717	23.013
2718	23.008
2719	22.964
2720	22.953
2721	22.904
2722	22.88
2723	22.85
2724	22.825
2725	22.781
2726	22.757
2727	22.724
2728	22.698
2729	22.647
2730	22.651
2731	22.599
2732	22.582
2733	22.526
2734	22.521
2735	22.474
2736	22.472
2737	22.443
2738	22.434
2739	22.39
2740	22.369
2741	22.347
2742	22.34
2743	22.31
2744	22.304
2745	22.276
2746	22.285
2747	22.247
2748	22.26
2749	22.22
2750	22.211
2751	22.18
2752	22.175
2753	22.161
2754	22.153
2755	22.143
2756	22.134
2757	22.134
2758	22.13
2759	22.12
2760	22.13
2761	22.108
2762	22.112
2763	22.097
2764	22.116
2765	22.094
2766	22.091
2767	22.083
2768	22.104
2769	22.083
2770	22.092
2771	22.078
2772	22.106
2773	22.081
2774	22.084
2775	22.088
2776	22.105
2777	22.091
2778	22.085
2779	22.094
2780	22.088
2781	22.083
2782	22.112
2783	22.103
2784	22.129
2785	22.107
2786	22.111
2787	22.102
2788	22.128
2789	22.111
2790	22.108
2791	22.105
2792	22.128
2793	22.121
2794	22.133
2795	22.122
2796	22.131
2797	22.123
2798	22.142
2799	22.135
2800	22.134
2801	22.128
2802	22.147
2803	22.133
2804	22.142
2805	22.135
2806	22.145
2807	22.132
2808	22.153
2809	22.138
2810	22.151
2811	22.136
2812	22.148
2813	22.133
2814	22.144
2815	22.129
2816	22.139
2817	22.128
2818	22.127
2819	22.129
2820	22.152
2821	22.128
2822	22.128
2823	22.118
2824	22.119
2825	22.145
2826	22.151
2827	22.141
2828	22.158
2829	22.12
2830	22.134
2831	21.644
2832	22.103
2833	1.8711
2834	1.3129
2835	0.7131
2836	-4.8009e-002
2837	-6.2388e-002
2838	-7.2926e-002
2839	-0.11882
2840	-0.2223
2841	-0.33147
2842	-0.37738
2843	-0.54826
2844	-0.59182
2845	-0.68107
2846	-0.73535
2847	-0.81614
2848	-0.84924
2849	-0.92688
2850	-0.93357
2851	-1.0082
2852	-1.0408
2853	-1.009
2854	-1.0935
2855	-1.1783
2856	-1.1445
2857	-1.1798
2858	-1.1789
2859	-1.2365
2860	-1.1897
2861	-1.2413
2862	-1.2408
2863	-1.2403
2864	-1.2263
2865	-1.2282
2866	-1.2049
2867	-1.2534
2868	-1.2071
2869	-1.1952
2870	-1.1353
2871	-1.2187
2872	-1.2251
2873	-1.1909
2874	-1.1734
2875	-1.2119
2876	-1.1842
2877	-1.1806
2878	-1.1262
2879	-1.1776
2880	-1.1071
2881	-1.1218
2882	-1.0459
2883	-1.0865
2884	-0.98859
2885	-1.0507
2886	-1.043
2887	-1.034
2888	-1.096
2889	-1.0932
2890	-1.0534
2891	-1.0961
2892	-1.0524
2893	-1.0781
2894	-1.0543
2895	-1.0557
2896	-0.97428
2897	-1.0361
2898	-0.99689
2899	-0.94325
2900	-0.92766
2901	-0.94736
2902	-0.86095
2903	-0.88269
2904	-0.87152
2905	-0.90702
2906	-0.81696
2907	-0.84579
2908	-0.8153
2909	-0.79199
2910	-0.73488
2911	-0.683
2912	-0.60761
2913	-0.52252
2914	-0.38735
2915	-0.31738
2916	-0.23918
2917	-2.4227e-002
2918	6.6748e-002
2919	0.24091
2920	0.387
2921	0.59948
2922	0.74409
2923	0.97504
2924	1.1802
2925	1.4094
2926	1.667
2927	1.8669
2928	2.1187
2929	2.3329
2930	2.5892
2931	2.8107
2932	3.07
2933	3.3044
2934	3.5322
2935	3.7219
2936	3.8862
2937	4.0129
2938	4.0348
2939	3.961
2940	3.7996
2941	3.3396
2942	2.551
2943	1.194
2944	-1.9215
2945	-6.1986
2946	-7.2081
2947	-7.9088
2948	-9.5672
2949	-12.443
2950	-15.422
2951	-18.511
2952	-19.248
2953	-17.802
2954	-14.074
2955	-9.8607
2956	-6.3088
2957	-4.4469
2958	-2.5732
2959	-1.057
2960	-0.61035
2961	0.26494
2962	1.2356
2963	1.7669
2964	2.1101
2965	2.697
2966	2.6463
2967	3.208
2968	4.3256
2969	4.5088
2970	4.849
2971	5.5989
2972	5.8339
2973	6.1764
2974	6.5959
2975	7.1471
2976	7.3692
2977	7.5675
2978	7.8946
2979	8.3611
2980	8.4461
2981	8.7826
2982	9.2598
2983	9.4054
2984	9.7028
2985	10.478
2986	10.738
2987	11.047
2988	11.401
2989	11.949
2990	12.268
2991	12.557
2992	12.806
2993	13.085
2994	13.38
2995	13.614
2996	13.857
2997	14.108
2998	14.319
2999	14.522
3000	14.731
3001	14.926
3002	15.15
3003	15.486
3004	15.659
3005	15.783
3006	15.905
3007	16.025
3008	16.216
3009	16.3
3010	16.372
3011	16.426
3012	16.476
3013	16.527
3014	16.644
3015	16.75
3016	16.87
3017	16.988
3018	17.088
3019	17.153
3020	17.255
3021	17.249
3022	17.249
3023	17.155
3024	17.056
3025	16.888
3026	16.786
3027	16.582
3028	16.423
3029	16.182
3030	16.008
3031	15.71
3032	15.415
3033	15.104
3034	14.889
3035	14.394
3036	14.297
3037	13.764
3038	13.411
3039	13.111
3040	12.722
3041	12.549
3042	11.928
3043	11.35
3044	11.09
3045	10.631
3046	10.372
3047	9.8661
3048	9.4718
3049	9.027
3050	8.7576
3051	8.3675
3052	8.0434
3053	7.6562
3054	7.3709
3055	7.0026
3056	6.7932
3057	6.5531
3058	6.3508
3059	6.0685
3060	6.0525
3061	5.8971
3062	5.92
3063	5.9308
3064	5.9828
3065	6.0969
3066	6.2898
3067	6.5917
3068	7.0504
3069	7.7832
3070	9.1323
3071	11.781
3072	11.847
3073	9.3942
3074	7.946
3075	7.7095
3076	7.6144
3077	7.6172
3078	7.685
3079	7.9834
3080	8.1635
3081	8.4155
3082	8.9891
3083	9.2429
3084	9.6168
3085	10.379
3086	10.677
3087	11.098
3088	11.871
3089	12.256
3090	12.674
3091	13.409
3092	13.773
3093	14.152
3094	14.487
3095	14.892
3096	15.192
3097	15.549
3098	15.823
3099	16.208
3100	16.411
3101	16.768
3102	16.969
3103	17.286
3104	17.504
3105	17.85
3106	18.008
3107	18.276
3108	18.419
3109	18.609
3110	18.773
3111	18.973
3112	19.112
3113	19.268
3114	19.397
3115	19.56
3116	19.628
3117	19.762
3118	19.861
3119	19.959
3120	20.038
3121	20.127
3122	20.176
3123	20.28
3124	20.285
3125	20.367
3126	20.401
3127	20.452
3128	20.456
3129	20.506
3130	20.505
3131	20.555
3132	20.561
3133	20.582
3134	20.567
3135	20.606
3136	20.57
3137	20.613
3138	20.592
3139	20.608
3140	20.576
3141	20.596
3142	20.555
3143	20.58
3144	20.536
3145	20.552
3146	20.51
3147	20.528
3148	20.491
3149	20.5
3150	20.477
3151	20.486
3152	20.448
3153	20.462
3154	20.419
3155	20.416
3156	20.379
3157	20.391
3158	20.361
3159	20.349
3160	20.313
3161	20.324
3162	20.293
3163	20.298
3164	20.281
3165	20.27
3166	20.25
3167	20.246
3168	20.225
3169	20.17
3170	20.206
3171	20.197
3172	20.201
3173	20.206
3174	20.173
3175	20.173
3176	20.141
3177	20.162
3178	20.153
3179	20.126
3180	20.141
3181	20.127
3182	20.125
3183	20.142
3184	20.124
3185	20.108
3186	20.132
3187	20.113
3188	20.081
3189	20.118
3190	20.142
3191	20.081
3192	20.11
3193	20.095
3194	20.118
3195	20.116
3196	20.118
3197	20.115
3198	20.111
3199	20.09
3200	20.113
3201	20.116
3202	20.131
3203	20.116
3204	20.131
3205	20.125
3206	20.163
3207	20.122
3208	20.122
3209	20.111
3210	20.133
3211	20.113
3212	20.122
3213	20.112
3214	20.129
3215	20.114
3216	20.134
3217	20.074
3218	20.112
3219	20.1
3220	20.114
3221	20.107
3222	20.106
3223	20.096
3224	20.114
3225	20.088
3226	20.095
3227	20.084
3228	20.091
3229	20.067
3230	20.056
3231	20.026
3232	20.053
3233	20.014
3234	20.061
3235	20.057
3236	20.048
3237	20.062
3238	20.041
3239	20.066
3240	20.117
3241	15.82
3242	16.644
3243	9.5879
3244	17.038
3245	1.6125
3246	-4.6918
3247	16.927
3248	-1.1102
3249	17.266
3250	2.3964
3251	21.055
3252	21.122
3253	14.204
3254	21.179
3255	21.348
3256	21.227
3257	21.333
3258	21.321
3259	21.331
3260	-5.4889
3261	14.764
3262	0.46308
3263	12.447
3264	21.363
3265	21.339
3266	21.334
3267	21.325
3268	21.318
3269	8.7921
3270	12.915
3271	13.943
3272	1.8376
3273	1.1127
3274	-4.6828
3275	19.314
3276	0.41927
3277	19.174
3278	21.724
3279	1.2692
3280	15.61
3281	6.2062
3282	6.5025
3283	9.7689
3284	18.472
3285	0.93749
3286	12.526
3287	18.245
3288	3.5103
3289	3.3447
3290	1.7637
3291	2.2138
3292	0.40801
3293	0.92512
3294	3.7166
3295	9.9451
3296	-0.25103
3297	1.0877
3298	0.37816
3299	4.1685
3300	13.031
3301	11.482
3302	9.9741
3303	8.6778
3304	7.8078
3305	17.627
3306	20.124
3307	20.14
3308	20.155
3309	20.166
3310	3.1468
3311	0.29606
3312	0.3588
3313	4.6203
3314	6.9304
3315	1.127
3316	13.935
3317	18.798
3318	12.279
3319	0.49253
3320	3.1167
3321	10.569
3322	8.9966
3323	7.7503
3324	0.12485
3325	20.534
3326	20.54
3327	20.572
3328	20.575
3329	14.579
3330	12.731
3331	3.7659e-002
3332	3.6702
3333	18.03
3334	17.039
3335	2.0351
3336	14.355
3337	14.558
3338	19.248
3339	12.001
3340	17.108
3341	7.2759
3342	0.43652
3343	10.515
3344	1.3806
3345	16.75
3346	1.1293
3347	0.55503
3348	15.767
3349	17.29
3350	15.117
3351	10.842
3352	4.045
3353	3.9873
3354	1.7131
3355	0.77587
3356	0.25039
3357	0.21976
3358	3.8277
3359	0.12037
3360	1.1628
3361	6.666
3362	13.598
3363	21.024
3364	-0.24261
3365	1.9301
3366	6.9298
3367	9.9646
3368	2.3668
3369	13.549
3370	3.418
3371	17.978
3372	0.5401
3373	6.8908
3374	-2.6188
3375	13.781
3376	-5.6607
3377	2.0746
3378	14.558
3379	18.321
3380	21.394
3381	21.461
3382	1.8949
3383	21.524
3384	7.5752
3385	12.132
3386	21.552
3387	21.542
3388	21.5
3389	21.359
3390	21.108
3391	20.757
3392	20.231
3393	19.516
3394	18.614
3395	6.5169
3396	8.6076
3397	6.9246
3398	8.9648
3399	9.8293
3400	11.146
3401	13.246
3402	1.6144
3403	0.53636
3404	7.4923
3405	0.70265
3406	9.1335
3407	17.664
3408	7.8592
3409	0.18691
3410	5.6166
3411	20.495
3412	6.4482
3413	9.2328
3414	0.37817
3415	16.125
3416	3.9819
3417	6.9764
3418	1.4643
3419	3.621
3420	14.123
3421	15.318
3422	0.86054
3423	2.8426
3424	6.6588
3425	0.99619
3426	0.37567
3427	16.687
3428	19.13
3429	19.954
3430	20.49
3431	6.128
3432	20.961
3433	1.8628
3434	21.259
3435	21.454
3436	21.537
3437	21.553
3438	21.54
3439	21.49
3440	21.428
3441	21.349
3442	12.62
3443	16.002
3444	20.92
3445	9.8679
3446	6.8541
3447	0.15293
3448	0.40975
3449	0.7924
3450	-2.6761
3451	1.7553
3452	21.372
3453	0.559
3454	0.90821
3455	7.3059
3456	4.9735
3457	1.1812
3458	3.8265
3459	11.706
3460	9.7747
3461	16.969
3462	16.572
3463	2.455
3464	8.4193
3465	6.5955
3466	10.092
3467	11.872
3468	-1.9792
3469	11.895
3470	14.048
3471	9.6921e-002
3472	0.35022
3473	-1.6239
3474	20.768
3475	6.8837
3476	10.623
3477	0.26273
3478	2.0508
3479	0.41465
3480	0.60859
3481	1.1717
3482	19.317
3483	9.7186
3484	18.433
3485	5.2227
3486	6.9517
3487	7.8129
3488	1.7951
3489	1.7976
3490	14.247
3491	-0.39201
3492	10.366
3493	3.8543
3494	4.1257
3495	5.3452
3496	16.589
3497	-4.2268
3498	15.629
3499	11.56
3500	9.2824
3501	7.8848
3502	2.1203
3503	8.9942
3504	8.5509
3505	12.562
3506	14.449
3507	1.464
3508	10.664
3509	21.307
3510	21.355
3511	20.891
3512	20.918
3513	15.363
3514	17.467
3515	-3.589
3516	-2.9656
3517	-2.0638
3518	-1.5153
3519	-0.71919
3520	-0.27997
3521	11.585
3522	4.1863
3523	4.5766
3524	4.4853
3525	4.8443
3526	4.7659
3527	5.1033
3528	2.3682
3529	2.9253
3530	2.7492
3531	3.2691
3532	21.279
3533	20.885
3534	2.9156
3535	3.0111
3536	2.4661
3537	2.6679
3538	2.2553
3539	18.841
3540	19.067
3541	18.841
3542	18.606
3543	18.623
3544	18.33
3545	18.368
3546	18.032
3547	18.089
3548	17.718
3549	17.795
3550	17.392
3551	17.488
3552	17.055
3553	17.171
3554	16.711
3555	16.844
3556	16.359
3557	16.51
3558	16.003
3559	16.169
3560	15.642
3561	15.822
3562	15.278
3563	15.469
3564	14.913
3565	15.113
3566	14.546
3567	14.756
3568	14.18
3569	14.397
3570	13.815
3571	14.038
3572	13.452
3573	13.677
3574	13.092
3575	13.318
3576	12.736
3577	12.962
3578	12.386
3579	12.611
3580	12.04
3581	12.264
3582	11.702
3583	11.925
3584	11.37
3585	11.592
3586	11.046
3587	11.268
3588	10.73
3589	10.952
3590	10.423
3591	10.642
3592	10.124
3593	10.338
3594	9.835
3595	10.04
3596	9.5545
3597	9.7495
3598	9.2829
3599	9.4657
3600	9.02
3601	9.1926
3602	8.7652
3603	8.9259
3604	8.5181
3605	8.6648
3606	8.2776
3607	8.4107
3608	8.0428
3609	8.1632
3610	7.8127
3611	7.9205
3612	7.5858
3613	7.6811
3614	7.3606
3615	7.4416
3616	7.1357
3617	7.2012
3618	6.9093
3619	6.9585
3620	6.6798
3621	6.714
3622	6.4457
3623	6.4661
3624	6.2052
3625	6.2142
3626	5.9566
3627	5.9572
3628	5.6985
3629	5.6933
3630	5.4296
3631	5.4189
3632	5.1494
3633	5.133
3634	4.8578
3635	4.8298
3636	4.5562
3637	4.503
3638	4.2481
3639	4.1743
3640	3.939
3641	3.8342
3642	3.6375
3643	3.4924
3644	3.3552
3645	3.1663
3646	3.1196
3647	2.8613
3648	2.6094
3649	22.216
3650	21.98
3651	21.366
3652	19.338
3653	19.073
3654	19.645
3655	19.328
3656	19.967
3657	19.604
3658	20.29
3659	19.901
3660	20.607
3661	20.198
3662	20.909
3663	20.489
3664	21.195
3665	20.746
3666	21.461
3667	20.975
3668	21.707
3669	21.217
3670	21.93
3671	21.421
3672	22.131
3673	21.616
3674	22.308
3675	21.721
3676	22.461
3677	21.887
3678	22.588
3679	21.981
3680	22.689
3681	22.117
3682	22.763
3683	22.105
3684	22.809
3685	22.202
3686	22.826
3687	22.156
3688	22.814
3689	22.151
3690	22.772
3691	22.083
3692	22.698
3693	22.026
3694	22.585
3695	21.889
3696	22.424
3697	21.744
3698	21.549
3699	4.3354
3700	4.2528
3701	4.3849
3702	21.72
3703	21.049
3704	21.425
3705	20.783
3706	21.093
3707	20.386
3708	20.722
3709	20.085
3710	20.314
3711	19.663
3712	19.867
3713	19.234
3714	19.382
3715	18.791
3716	18.858
3717	18.288
3718	18.296
3719	17.793
3720	17.696
3721	17.175
3722	17.058
3723	16.599
3724	16.384
3725	16.003
3726	15.673
3727	15.298
3728	14.925
3729	14.625
3730	14.143
3731	13.846
3732	13.327
3733	13.126
3734	12.478
3735	12.319
3736	11.598
3737	11.556
3738	10.686
3739	10.71
3740	9.7426
3741	9.8691
3742	8.7679
3743	8.9717
3744	7.7674
3745	8.0629
3746	6.7436
3747	7.1563
3748	5.7123
3749	6.227
3750	4.7002
3751	5.3392
3752	3.7563
3753	4.4555
3754	2.9588
3755	3.7044
3756	2.3963
3757	3.1386
3758	2.166
3759	2.8018
3760	2.3597
3761	2.7768
3762	3.0952
3763	3.0569
3764	3.667
3765	20.45
3766	20.791
3767	20.183
3768	20.082
3769	19.834
3770	19.688
3771	19.416
3772	19.267
3773	19.053
3774	18.819
3775	18.618
3776	18.343
3777	18.171
3778	17.839
3779	17.689
3780	17.306
3781	17.209
3782	16.743
3783	16.632
3784	16.151
3785	16.095
3786	15.53
3787	15.498
3788	14.88
3789	14.883
3790	14.202
3791	14.248
3792	13.495
3793	13.598
3794	12.761
3795	12.885
3796	12.001
3797	12.19
3798	11.215
3799	11.443
3800	10.406
3801	10.691
3802	9.5735
3803	9.9113
3804	8.7199
3805	9.1281
3806	7.8464
3807	8.318
3808	6.9546
3809	7.4982
3810	6.0481
3811	6.6666
3812	5.1347
3813	5.8292
3814	4.2292
3815	5.0089
3816	3.3618
3817	4.214
3818	2.5789
3819	3.5001
3820	1.9531
3821	2.8482
3822	1.5716
3823	2.4013
3824	1.5249
3825	2.186
3826	1.902
3827	2.288
3828	2.8296
3829	2.7506
3830	3.5608
3831	22.527
3832	22.332
3833	22.526
3834	22.315
3835	22.525
3836	22.33
3837	22.522
3838	22.322
3839	22.52
3840	22.339
3841	22.517
3842	22.33
3843	22.516
3844	22.333
3845	22.515
3846	22.33
3847	22.514
3848	22.317
3849	22.514
3850	22.316
3851	22.515
3852	22.321
3853	22.515
3854	22.322
3855	22.517
3856	22.334
3857	22.518
3858	22.323
3859	22.519
3860	22.323
3861	22.52
3862	22.324
3863	22.522
3864	22.33
3865	22.523
3866	22.326
3867	22.524
3868	22.334
3869	22.524
3870	22.328
3871	22.525
3872	22.336
3873	22.525
3874	22.331
3875	22.525
3876	22.338
3877	22.525
3878	22.331
3879	22.524
3880	22.339
3881	22.523
3882	22.328
3883	22.522
3884	22.334
3885	22.521
3886	22.329
3887	22.52
3888	22.332
3889	22.518
3890	22.326
3891	22.517
3892	22.332
3893	22.515
3894	22.322
3895	22.513
3896	22.324
3897	22.511
3898	22.323
3899	22.509
3900	22.326
3901	22.507
3902	22.315
3903	22.504
3904	22.318
3905	22.502
3906	22.313
3907	22.5
3908	22.317
3909	22.497
3910	22.31
3911	22.495
3912	22.312
3913	22.492
3914	22.299
3915	22.49
3916	22.3
3917	22.487
3918	22.3
3919	22.485
3920	22.307
3921	22.483
3922	22.293
3923	22.48
3924	22.296
3925	22.478
3926	22.293
3927	22.476
3928	22.303
3929	22.474
3930	22.289
3931	22.472
3932	22.292
3933	22.47
3934	22.277
3935	22.468
3936	22.279
3937	22.466
3938	22.281
3939	22.465
3940	22.276
3941	22.464
3942	22.278
3943	22.463
3944	22.284
3945	22.462
3946	22.275
3947	22.461
3948	22.273
3949	22.46
3950	22.271
3951	22.46
3952	22.283
3953	22.46
3954	22.269
3955	22.46
3956	22.276
3957	22.461
3958	22.272
3959	22.462
3960	22.283
3961	22.463
3962	22.273
3963	22.465
3964	22.278
3965	22.467
3966	22.28
3967	22.47
3968	22.292
3969	22.473
3970	22.284
3971	22.476
3972	22.293
3973	22.48
3974	22.293
3975	22.485
3976	22.306
3977	22.49
3978	22.304
3979	22.496
3980	22.311
3981	22.503
3982	22.317
3983	22.51
3984	22.32
3985	22.518
3986	22.328
3987	22.527
3988	22.337
3989	22.537
3990	22.346
3991	22.547
3992	22.358
3993	22.558
3994	22.366
3995	22.571
3996	22.387
3997	22.584
3998	22.398
3999	22.598
4000	22.425
4001	22.613
4002	22.426
4003	22.629
4004	22.453
4005	22.647
4006	22.457
4007	22.665
4008	22.48
4009	22.685
4010	22.492
4011	22.705
4012	22.517
4013	22.727
4014	22.531
4015	22.75
4016	22.553
4017	22.774
4018	22.576
4019	22.799
4020	22.61
4021	22.825
4022	22.627
4023	22.853
4024	22.655
4025	22.881
4026	22.671
4027	22.911
4028	22.708
4029	22.942
4030	22.726
4031	22.974
4032	22.77
4033	23.007
4034	22.795
4035	23.04
4036	22.837
4037	23.075
4038	22.852
4039	23.11
4040	22.895
4041	23.146
4042	22.926
4043	23.183
4044	22.961
4045	23.22
4046	22.991
4047	23.257
4048	23.032
4049	23.295
4050	23.063
4051	23.332
4052	23.097
4053	23.37
4054	23.128
4055	23.406
4056	23.171
4057	23.443
4058	23.194
4059	23.478
4060	23.234
4061	23.512
4062	23.254
4063	23.545
4064	23.289
4065	23.576
4066	23.307
4067	23.605
4068	23.35
4069	23.632
4070	23.356
4071	23.655
4072	23.386
4073	23.676
4074	23.397
4075	23.693
4076	23.415
4077	23.706
4078	23.402
4079	23.714
4080	23.428
4081	23.717
4082	23.42
4083	23.714
4084	23.421
4085	23.705
4086	23.397
4087	23.689
4088	23.387
4089	23.666
4090	23.351
4091	23.635
4092	23.318
4093	23.595
4094	23.274
4095	23.545
4096	23.233
4097	23.485
4098	23.154
4099	23.415
4100	23.093
4101	23.332
4102	23.
4103	23.237
4104	22.913
4105	23.128
4106	22.796
4107	23.005
4108	22.685
4109	22.866
4110	22.538
4111	22.712
4112	22.417
4113	22.541
4114	22.204
4115	22.351
4116	22.046
4117	22.143
4118	21.831
4119	21.916
4120	21.626
4121	21.668
4122	21.363
4123	21.398
4124	21.126
4125	21.106
4126	20.822
4127	20.518
4128	19.954
4129	19.765
4130	21.927
4131	22.12
4132	21.491
4133	21.681
4134	21.053
4135	21.272
4136	20.647
4137	20.862
4138	20.274
4139	20.474
4140	20.105
4141	14.05
4142	13.704
4143	14.386
4144	19.677
4145	19.917
4146	19.601
4147	19.851
4148	19.584
4149	19.803
4150	19.589
4151	19.832
4152	19.573
4153	19.812
4154	19.572
4155	19.814
4156	19.583
4157	19.817
4158	19.595
4159	19.803
4160	19.599
4161	19.825
4162	19.611
4163	19.813
4164	19.624
4165	19.839
4166	19.628
4167	19.847
4168	19.638
4169	19.86
4170	19.649
4171	19.865
4172	19.652
4173	19.873
4174	19.659
4175	19.87
4176	19.668
4177	19.89
4178	19.669
4179	19.883
4180	19.675
4181	19.888
4182	19.682
4183	19.894
4184	19.682
4185	19.898
4186	19.686
4187	19.891
4188	19.691
4189	19.901
4190	19.69
4191	19.883
4192	19.693
4193	19.912
4194	19.697
4195	19.905
4196	19.696
4197	19.913
4198	19.697
4199	19.903
4200	19.699
4201	19.911
4202	19.698
4203	19.906
4204	19.699
4205	19.915
4206	19.7
4207	19.906
4208	19.698
4209	19.911
4210	19.699
4211	19.91
4212	19.7
4213	19.932
4214	19.698
4215	19.912
4216	19.697
4217	19.914
4218	19.698
4219	19.907
4220	19.696
4221	19.914
4222	19.696
4223	19.905
4224	19.696
4225	19.905
4226	19.695
4227	19.893
4228	19.694
4229	19.902
4230	19.695
4231	19.905
4232	19.694
4233	19.906
4234	19.694
4235	19.904
4236	19.694
4237	19.907
4238	19.694
4239	19.895
4240	19.694
4241	19.902
4242	19.695
4243	19.888
4244	19.695
4245	19.918
4246	19.696
4247	19.907
4248	19.698
4249	19.889
4250	19.699
4251	19.906
4252	19.701
4253	19.916
4254	19.703
4255	19.905
4256	19.705
4257	19.914
4258	19.708
4259	19.914
4260	19.711
4261	19.926
4262	19.714
4263	19.919
4264	19.717
4265	19.927
4266	19.722
4267	19.924
4268	19.726
4269	19.933
4270	19.731
4271	19.927
4272	19.737
4273	19.945
4274	19.742
4275	19.946
4276	19.748
4277	19.953
4278	19.755
4279	19.946
4280	19.761
4281	19.962
4282	19.769
4283	19.969
4284	19.778
4285	19.973
4286	19.785
4287	19.994
4288	19.795
4289	19.995
4290	19.804
4291	19.998
4292	19.813
4293	20.007
4294	19.824
4295	19.994
4296	19.835
4297	20.027
4298	19.846
4299	20.043
4300	19.858
4301	20.05
4302	19.87
4303	20.067
4304	19.882
4305	20.078
4306	19.895
4307	20.093
4308	19.909
4309	20.098
4310	19.922
4311	20.12
4312	19.936
4313	20.121
4314	19.95
4315	20.146
4316	19.964
4317	20.159
4318	19.978
4319	20.181
4320	19.993
4321	20.182
4322	20.007
4323	20.208
4324	20.021
4325	20.216
4326	20.035
4327	20.245
4328	20.049
4329	20.245
4330	20.062
4331	20.271
4332	20.076
4333	20.273
4334	20.088
4335	20.291
4336	20.1
4337	20.292
4338	20.111
4339	20.317
4340	20.121
4341	20.313
4342	20.13
4343	20.339
4344	20.138
4345	20.335
4346	20.144
4347	20.361
4348	20.149
4349	20.351
4350	20.152
4351	20.374
4352	20.152
4353	20.364
4354	20.151
4355	20.38
4356	20.148
4357	20.371
4358	20.141
4359	20.379
4360	20.132
4361	20.353
4362	20.12
4363	20.367
4364	20.104
4365	20.34
4366	20.085
4367	20.338
4368	20.061
4369	20.318
4370	20.033
4371	20.302
4372	20.001
4373	20.262
4374	19.965
4375	20.245
4376	19.922
4377	20.2
4378	19.875
4379	20.176
4380	19.821
4381	20.125
4382	19.761
4383	20.08
4384	19.695
4385	20.007
4386	19.622
4387	19.97
4388	19.541
4389	19.88
4390	19.453
4391	19.813
4392	19.358
4393	19.723
4394	19.253
4395	19.633
4396	19.141
4397	19.53
4398	19.019
4399	19.422
4400	18.888
4401	19.292
4402	18.748
4403	19.19
4404	18.598
4405	19.036
4406	18.437
4407	18.894
4408	18.266
4409	18.733
4410	18.085
4411	18.576
4412	17.892
4413	18.382
4414	17.689
4415	18.201
4416	17.475
4417	18.002
4418	17.249
4419	17.82
4420	17.012
4421	17.57
4422	16.763
4423	17.371
4424	16.503
4425	17.07
4426	16.233
4427	16.828
4428	15.951
4429	16.532
4430	15.658
4431	16.288
4432	15.356
4433	15.96
4434	15.043
4435	15.705
4436	14.721
4437	15.353
4438	14.39
4439	15.053
4440	14.707
4441	17.958
4442	17.734
4443	18.267
4444	13.351
4445	14.008
4446	12.993
4447	13.663
4448	12.63
4449	13.293
4450	12.265
4451	12.928
4452	11.899
4453	12.557
4454	11.533
4455	12.195
4456	11.169
4457	11.803
4458	10.809
4459	11.43
4460	10.457
4461	11.057
4462	10.112
4463	10.69
4464	9.7799
4465	10.309
4466	9.4619
4467	9.9984
4468	9.1606
4469	9.6402
4470	8.8795
4471	9.3159
4472	8.6231
4473	8.9934
4474	8.3944
4475	8.7457
4476	8.196
4477	8.4822
4478	8.0315
4479	8.2604
4480	7.9053
4481	8.0606
4482	7.8206
4483	7.9182
4484	7.7784
4485	7.798
4486	7.7826
4487	7.7269
4488	7.8367
4489	7.7069
4490	7.9473
4491	7.7457
4492	8.1351
4493	7.8636
4494	8.4252
4495	8.0992
4496	8.8615
4497	8.5086
4498	10.143
4499	9.2597
4500	11.504
4501	9.9076
4502	10.321
4503	11.028
4504	9.4707
4505	10.519
4506	9.0372
4507	10.172
4508	8.6111
4509	9.7262
4510	8.1964
4511	9.3867
4512	7.7908
4513	8.9289
4514	7.4
4515	8.5309
4516	7.0296
4517	8.1186
4518	6.6772
4519	7.8033
4520	6.3457
4521	7.4364
4522	6.04
4523	7.1147
4524	5.7635
4525	6.7751
4526	5.5145
4527	6.5019
4528	5.3006
4529	6.1993
4530	5.1273
4531	5.9991
4532	4.9939
4533	5.8013
4534	4.9052
4535	5.6445
4536	4.8685
4537	5.4703
4538	4.8833
4539	5.4587
4540	4.9509
4541	5.3995
4542	5.0742
4543	5.46
4544	5.2509
4545	5.5396
4546	5.4836
4547	5.6681
4548	5.7743
4549	5.8554
4550	6.1295
4551	6.1123
4552	6.5677
4553	6.4579
4554	7.1157
4555	6.9308
4556	7.7896
4557	7.6017
4558	9.4367
4559	8.6456
4560	11.305
4561	16.727
4562	16.585
4563	16.765
4564	16.815
4565	16.891
4566	16.866
4567	16.962
4568	16.864
4569	17.024
4570	16.803
4571	17.044
4572	16.729
4573	17.012
4574	16.61
4575	16.966
4576	16.438
4577	16.846
4578	16.262
4579	16.698
4580	16.056
4581	16.536
4582	15.796
4583	16.358
4584	15.527
4585	16.123
4586	15.261
4587	15.907
4588	14.97
4589	15.656
4590	14.639
4591	15.409
4592	14.288
4593	15.089
4594	13.92
4595	14.762
4596	13.542
4597	14.418
4598	13.152
4599	14.119
4600	12.749
4601	13.674
4602	12.335
4603	13.42
4604	11.915
4605	12.946
4606	11.496
4607	12.557
4608	11.094
4609	12.201
4610	10.706
4611	11.809
4612	11.532
4613	-5.6135
4614	-12.519
4615	-8.6096
4616	16.426
4617	16.63
4618	16.341
4619	16.493
4620	16.376
4621	16.456
4622	16.374
4623	16.47
4624	16.349
4625	16.406
4626	16.372
4627	16.393
4628	16.313
4629	16.378
4630	16.251
4631	16.271
4632	16.248
4633	16.238
4634	16.116
4635	16.18
4636	16.01
4637	16.011
4638	15.995
4639	15.964
4640	15.803
4641	15.875
4642	15.677
4643	15.649
4644	15.627
4645	15.6
4646	15.362
4647	15.429
4648	15.213
4649	15.167
4650	15.013
4651	15.084
4652	14.747
4653	14.758
4654	14.679
4655	14.615
4656	14.397
4657	14.484
4658	14.152
4659	14.126
4660	14.054
4661	14.008
4662	13.674
4663	13.782
4664	13.417
4665	13.389
4666	13.288
4667	13.261
4668	12.868
4669	12.972
4670	12.581
4671	12.577
4672	12.426
4673	12.416
4674	11.985
4675	12.119
4676	11.762
4677	11.694
4678	11.576
4679	11.621
4680	11.099
4681	11.179
4682	10.752
4683	10.813
4684	10.347
4685	10.547
4686	9.9287
4687	10.085
4688	9.7855
4689	9.7414
4690	9.3683
4691	9.5982
4692	9.086
4693	9.1027
4694	8.9693
4695	9.0045
4696	8.235
4697	8.5791
4698	8.1071
4699	8.0594
4700	8.0797
4701	8.1755
4702	7.5817
4703	7.6352
4704	7.2406
4705	7.4148
4706	6.9529
4707	7.084
4708	6.4482
4709	6.7404
4710	6.3329
4711	6.0939
4712	5.6089
4713	6.2441
4714	4.8232
4715	5.0812
4716	5.3783
4717	4.9659
4718	4.1784
4719	5.0912
4720	3.1837
4721	3.5043
4722	3.4097
4723	3.4461
4724	1.4813
4725	2.8907
4726	1.595
4727	1.2622
4728	3.704
4729	2.9087
4730	2.3783
4731	3.0779
4732	1.0659
4733	1.2389
4734	0.84419
4735	1.3282
4736	0.30401
4737	0.26622
4738	-0.2386
4739	-0.13492
4740	-1.6028
4741	-0.93734
4742	-2.7024
4743	-2.4806
4744	-3.4428
4745	-3.732
4746	-5.0887
4747	-30.741
4748	-25.733
4749	-23.968
4750	-21.964
4751	-15.877
4752	-29.153
4753	-22.025
4754	-25.652
4755	-1.1224
4756	-0.57758
4757	-17.923
4758	-18.731
4759	-13.238
4760	-13.124
4761	-11.29
4762	-11.119
4763	-11.955
4764	-8.9097
4765	-10.698
4766	-10.603
4767	-5.1074
4768	-6.7981
4769	-9.9519e-002
4770	-2.3693
4771	3.3359
4772	1.906
4773	4.0968
4774	3.3024
4775	4.2869
4776	3.7397
4777	4.4398
4778	4.1167
4779	4.3664
4780	4.2034
4781	4.2412
4782	4.1609
4783	4.0951
4784	4.1041
4785	3.8457
4786	3.9406
4787	3.5852
4788	3.7092
4789	3.338
4790	3.5031
4791	3.0342
4792	3.2532
4793	2.7396
4794	2.9682
4795	2.4737
4796	2.7118
4797	2.1738
4798	2.4619
4799	1.8936
4800	2.173
4801	1.6512
4802	1.9464
4803	1.3851
4804	1.6976
4805	1.1281
4806	1.4544
4807	0.88925
4808	1.2119
4809	0.62494
4810	0.97215
4811	0.37638
4812	0.73041
4813	0.15951
4814	0.50554
4815	-6.5891e-002
4816	0.32576
4817	-0.27197
4818	0.10159
4819	-0.44168
4820	-5.9609e-002
4821	-0.61873
4822	-0.22824
4823	-0.78577
4824	-0.36923
4825	-0.91714
4826	-0.54825
4827	-1.0507
4828	-0.64717
4829	-1.1751
4830	-0.75591
4831	-1.2642
4832	-0.87411
4833	-1.3569
4834	-0.95518
4835	-1.4419
4836	-1.047
4837	-1.4912
4838	-1.1039
4839	-1.5457
4840	-1.1508
4841	-1.595
4842	-1.1986
4843	-1.6082
4844	-1.227
4845	-1.6289
4846	-1.2126
4847	-1.6473
4848	-1.2783
4849	-1.6334
4850	-1.2583
4851	-1.6413
4852	-1.2522
4853	-1.6732
4854	-1.2609
4855	-1.6942
4856	-1.3164
4857	-1.7289
4858	-1.3153
4859	-1.7693
4860	-1.349
4861	-1.7908
4862	-1.3904
4863	-1.8189
4864	-1.4169
4865	-1.8503
4866	-1.4071
4867	-1.8631
4868	-1.4582
4869	-1.8716
4870	-1.46
4871	-1.891
4872	-1.4778
4873	-1.8985
4874	-1.4784
4875	-1.8909
4876	-1.4944
4877	-1.8966
4878	-1.4713
4879	-1.8903
4880	-1.4986
4881	-1.8666
4882	-1.4863
4883	-1.8573
4884	-1.4454
4885	-1.8402
4886	-1.4504
4887	-1.823
4888	-1.4366
4889	-1.8398
4890	-1.4061
4891	-1.8609
4892	-1.4713
4893	-1.8761
4894	-1.4558
4895	-1.9044
4896	-1.5041
4897	-1.9281
4898	-1.5148
4899	-1.9411
4900	-1.5557
4901	-1.9632
4902	-1.5373
4903	-1.9785
4904	-1.5793
4905	-1.9802
4906	-1.5816
4907	-1.9899
4908	-1.5967
4909	-1.9914
4910	-1.5859
4911	-1.9771
4912	-1.5876
4913	-1.9711
4914	-1.5975
4915	-1.9556
4916	-1.5955
4917	-1.9293
4918	-1.5371
4919	-1.9285
4920	-1.5574
4921	-1.9412
4922	-1.5722
4923	-1.9481
4924	-1.5993
4925	-1.9614
4926	-1.578
4927	-1.9742
4928	-1.6
4929	-1.975
4930	-1.6015
4931	-1.9772
4932	-1.6068
4933	-1.9757
4934	-1.6109
4935	-1.9587
4936	-1.6058
4937	-1.9418
4938	-1.5685
4939	-1.9203
4940	-1.5865
4941	-1.8806
4942	-1.5415
4943	-1.8405
4944	-1.5185
4945	-1.7986
4946	-1.4842
4947	-1.7519
4948	-1.4759
4949	-1.7178
4950	-1.4119
4951	-1.6886
4952	-1.3571
4953	-1.6513
4954	-1.3563
4955	-1.6125
4956	-1.3195
4957	-1.5694
4958	-1.2638
4959	-1.5142
4960	-1.2359
4961	-1.4542
4962	-1.1664
4963	-1.3877
4964	-1.1204
4965	-1.3068
4966	-1.043
4967	-1.2162
4968	-0.972
4969	-1.1218
4970	-0.88068
4971	-1.0145
4972	-0.81118
4973	-0.89923
4974	-0.66616
4975	-0.79285
4976	-0.5875
4977	-0.69011
4978	-0.48224
4979	-0.59212
4980	-0.37843
4981	-0.53186
4982	-0.30956
4983	-0.77433
4984	-0.28995
4985	-0.53957
4986	3.2292
4987	3.3582
4988	0.44464
4989	5.2728e-003
4990	1.1602
4991	0.77191
4992	1.781
4993	1.4013
4994	2.3201
4995	1.9717
4996	2.7927
4997	2.4674
4998	2.9342
4999	2.4724
5000	1.9946
5001	2.4736
5002	1.8928
5003	2.605
5004	1.949
5005	2.8417
5006	2.1054
5007	3.1564
5008	2.4089
5009	3.5167
5010	2.8156
5011	3.8899
5012	3.2405
5013	4.2448
5014	3.6699
5015	4.5558
5016	4.0563
5017	4.8057
5018	4.4096
5019	4.9885
5020	4.6287
5021	5.1036
5022	4.8078
5023	5.156
5024	4.9291
5025	5.1542
5026	4.9545
5027	5.1072
5028	4.9433
5029	5.0248
5030	4.8755
5031	4.9162
5032	4.7981
5033	4.7886
5034	4.6678
5035	4.6491
5036	4.5566
5037	4.5033
5038	4.4076
5039	4.3555
5040	4.2736
5041	4.2096
5042	4.1044
5043	4.0677
5044	3.9527
5045	3.932
5046	3.8263
5047	3.8039
5048	3.6863
5049	3.6842
5050	3.5518
5051	3.5735
5052	3.4381
5053	3.4726
5054	3.3365
5055	3.3814
5056	3.2192
5057	3.2996
5058	3.1286
5059	3.2273
5060	3.0409
5061	3.1643
5062	2.9684
5063	3.11
5064	2.893
5065	3.0641
5066	2.8544
5067	3.0262
5068	2.7872
5069	2.9955
5070	2.7582
5071	2.9719
5072	2.744
5073	2.9545
5074	2.6914
5075	2.9429
5076	2.7025
5077	2.9364
5078	2.6559
5079	2.9342
5080	2.6609
5081	2.9358
5082	2.6562
5083	2.9405
5084	2.6732
5085	2.9477
5086	2.666
5087	2.9567
5088	2.6893
5089	2.9667
5090	2.6734
5091	2.9772
5092	2.6846
5093	2.9877
5094	2.6956
5095	2.9978
5096	2.6992
5097	3.007
5098	2.6938
5099	3.0152
5100	2.7158
5101	3.0225
5102	2.7191
5103	3.0289
5104	2.7211
5105	3.0341
5106	2.7253
5107	3.0387
5108	2.7488
5109	3.0426
5110	2.7309
5111	3.0456
5112	2.7333
5113	3.048
5114	2.7357
5115	3.05
5116	2.7594
5117	3.051
5118	2.7142
5119	3.0511
5120	2.7342
5121	3.0501
5122	2.712
5123	3.0476
5124	2.7535
5125	3.0441
5126	2.7343
5127	3.0386
5128	2.7031
5129	3.0312
5130	2.7241
5131	3.0222
5132	2.7224
5133	3.0113
5134	2.6717
5135	2.9983
5136	2.6894
5137	2.9838
5138	2.669
5139	2.9678
5140	2.6665
5141	2.9507
5142	2.643
5143	2.9326
5144	2.6376
5145	2.9136
5146	2.6011
5147	2.8939
5148	2.5973
5149	2.8734
5150	2.5741
5151	2.8524
5152	2.5748
5153	2.8307
5154	2.533
5155	2.808
5156	2.5243
5157	2.7846
5158	2.4924
5159	2.7606
5160	2.5051
5161	2.7353
5162	2.4117
5163	2.7087
5164	2.4247
5165	2.6816
5166	2.3976
5167	2.6539
5168	2.3933
5169	2.6259
5170	2.3388
5171	2.5977
5172	2.3171
5173	2.5696
5174	2.2895
5175	2.5421
5176	2.2794
5177	2.5153
5178	2.2268
5179	2.4893
5180	2.2284
5181	2.4644
5182	2.1802
5183	2.4406
5184	2.1936
5185	2.4183
5186	2.1504
5187	2.3973
5188	2.1274
5189	2.378
5190	2.1164
5191	2.3604
5192	2.0853
5193	2.345
5194	2.1099
5195	2.3323
5196	2.0791
5197	2.3227
5198	2.0853
5199	2.3167
5200	2.0664
5201	2.3146
5202	2.0665
5203	2.3173
5204	2.0759
5205	2.3256
5206	2.1074
5207	2.3397
5208	2.0766
5209	2.3602
5210	2.1212
5211	2.3885
5212	2.1381
5213	2.4248
5214	2.1797
5215	2.4709
5216	2.2393
5217	2.5284
5218	2.2759
5219	2.5988
5220	2.3573
5221	2.6851
5222	2.444
5223	2.7896
5224	2.5498
5225	2.9115
5226	2.6823
5227	3.0481
5228	2.8171
5229	3.1976
5230	2.9854
5231	3.0631
5232	-0.48331
5233	0.22419
5234	0.35019
5235	-0.62435
5236	2.4207
5237	2.0494
5238	1.85
5239	2.4926
5240	3.5712
5241	3.8936
5242	3.9286
5243	3.5003
5244	7.3216
5245	7.4714
5246	7.3297
5247	7.18
5248	7.5982
5249	14.898
5250	15.006
5251	15.082
5252	15.205
5253	15.849
5254	15.734
5255	15.665
5256	15.532
5257	16.634
5258	16.777
5259	16.703
5260	16.833
5261	16.409
5262	16.553
5263	16.514
5264	-1.4355
5265	-2.612
5266	-1.5766
5267	-2.5043
5268	0.20219
5269	0.1711
5270	-0.58442
5271	-0.67744
5272	0.95913
5273	0.34337
5274	1.0566
5275	3.2802
5276	3.6193
5277	3.1681
5278	5.4305
5279	5.3427
5280	5.0949
5281	5.0366
5282	5.871
5283	5.7285
5284	5.4663
5285	5.6162
5286	6.3353
5287	6.1619
5288	6.0092
5289	6.1641
5290	6.5533
5291	6.7453
5292	6.7686
5293	6.5781
5294	7.2336
5295	7.0948
5296	7.4175
5297	8.1985
5298	8.2435
5299	8.0093
5300	8.3783
5301	9.0496
5302	8.8594
5303	8.9038
5304	8.7191
5305	9.1874
5306	9.3998
5307	9.2223
5308	10.252
5309	10.323
5310	10.449
5311	10.134
5312	10.494
5313	11.147
5314	10.927
5315	11.068
5316	10.83
5317	11.223
5318	11.365
5319	11.442
5320	12.17
5321	12.239
5322	12.026
5323	12.371
5324	13.158
5325	12.933
5326	13.058
5327	12.939
5328	12.763
5329	13.314
5330	13.366
5331	13.475
5332	13.566
5333	14.713
5334	14.788
5335	14.599
5336	15.359
5337	15.229
5338	15.485
5339	15.352
5340	16.142
5341	16.018
5342	15.921
5343	16.053
5344	16.302
5345	16.306
5346	17.367
5347	17.205
5348	17.197
5349	17.377
5350	17.804
5351	17.851
5352	17.624
5353	17.593
5354	-3.9063
5355	-5.1708
5356	-3.3611
5357	-3.8643
5358	-0.2906
5359	-1.1717
5360	-3.7398
5361	-4.9482
5362	-3.1277
5363	-2.6484
5364	0.98223
5365	0.92805
5366	2.2842
5367	2.2346
5368	1.6161
5369	1.7135
5370	2.877
5371	3.3315
5372	3.3848
5373	2.9489
5374	2.8228
5375	4.2442
5376	4.2094
5377	3.8383
5378	4.5691
5379	4.2792
5380	4.5993
5381	5.6406
5382	5.5565
5383	5.2798
5384	6.0195
5385	6.2765
5386	6.4047
5387	5.911
5388	6.9776
5389	7.1169
5390	6.9672
5391	6.7767
5392	7.5795
5393	7.4176
5394	7.7092
5395	8.3558
5396	8.1876
5397	8.0252
5398	8.6758
5399	8.9972
5400	8.8116
5401	8.5046
5402	8.5356
5403	9.3333
5404	9.463
5405	9.5457
5406	9.6664
5407	9.1316
5408	10.113
5409	10.347
5410	10.004
5411	11.002
5412	10.77
5413	10.686
5414	11.299
5415	11.617
5416	11.371
5417	11.518
5418	11.07
5419	11.971
5420	11.803
5421	11.827
5422	11.671
5423	12.343
5424	12.146
5425	13.089
5426	13.465
5427	13.235
5428	12.866
5429	12.714
5430	13.826
5431	13.948
5432	14.177
5433	14.062
5434	13.6
5435	13.716
5436	14.82
5437	14.628
5438	14.515
5439	15.099
5440	15.36
5441	15.216
5442	15.298
5443	14.933
5444	15.491
5445	15.627
5446	15.425
5447	16.178
5448	16.446
5449	16.341
5450	16.06
5451	15.904
5452	16.696
5453	16.861
5454	16.927
5455	16.611
5456	17.348
5457	17.322
5458	17.143
5459	17.178
5460	17.555
5461	17.776
5462	17.759
5463	17.565
5464	17.538
5465	18.003
5466	18.05
5467	18.198
5468	18.25
5469	17.984
5470	17.867
5471	18.167
5472	-5.1156
5473	-2.8105
5474	-4.0167
5475	-6.3241
5476	-7.7774
5477	-7.5201
5478	-5.3257
5479	-6.2128
5480	-7.6912
5481	-5.9145
5482	-7.5377
5483	-6.8098
5484	-5.1549
5485	-4.608
5486	-3.5798
5487	-3.9319
5488	-2.5801
5489	-1.1633
5490	-0.44324
5491	-1.4517
5492	0.63975
5493	0.44044
5494	1.1538
5495	1.1536
5496	2.9106
5497	2.6104
5498	2.3731
5499	2.7984
5500	3.3539
5501	3.0567
5502	3.4434
5503	3.693
5504	3.7063
5505	5.1307
5506	4.8554
5507	4.7688
5508	5.4504
5509	5.2183
5510	5.7544
5511	5.5541
5512	6.0634
5513	5.8841
5514	6.3822
5515	6.2123
5516	6.5482
5517	6.7148
5518	7.351
5519	7.2105
5520	7.0456
5521	7.6282
5522	7.5048
5523	7.5349
5524	7.8693
5525	7.7842
5526	7.6685
5527	8.1291
5528	8.027
5529	7.8949
5530	8.3237
5531	8.4445
5532	8.9499
5533	8.7639
5534	9.0765
5535	9.549
5536	9.5547
5537	9.3772
5538	9.6481
5539	10.183
5540	10.098
5541	9.994
5542	9.9088
5543	10.448
5544	10.381
5545	10.642
5546	10.708
5547	11.286
5548	11.221
5549	10.991
5550	11.575
5551	11.511
5552	11.794
5553	11.859
5554	11.651
5555	12.369
5556	12.149
5557	12.459
5558	13.266
5559	13.21
5560	13.033
5561	13.447
5562	13.489
5563	13.905
5564	13.714
5565	13.806
5566	13.939
5567	14.356
5568	14.42
5569	14.203
5570	14.166
5571	14.861
5572	14.692
5573	14.972
5574	15.347
5575	15.434
5576	15.493
5577	15.247
5578	15.977
5579	15.826
5580	15.894
5581	15.728
5582	15.738
5583	16.216
5584	16.091
5585	16.154
5586	16.411
5587	16.325
5588	16.583
5589	16.481
5590	16.743
5591	16.628
5592	16.765
5593	16.874
5594	16.895
5595	17.032
5596	17.208
5597	17.047
5598	17.64
5599	17.425
5600	17.41
5601	17.898
5602	17.597
5603	17.671
5604	18.198
5605	17.923
5606	18.24
5607	-1.8685
5608	-2.3232
5609	5.4735
5610	4.9265
5611	6.2028
5612	5.3489
5613	1.1398
5614	0.9407
5615	0.63962
5616	0.84199
5617	1.3378
5618	1.451
5619	1.6132
5620	1.2318
5621	1.139
5622	0.9304
5623	1.4028
5624	1.5147
5625	1.0401
5626	1.0464
5627	0.98126
5628	0.75638
5629	1.2429
5630	1.3366
5631	0.85537
5632	0.96973
5633	0.92771
5634	0.70824
5635	1.2028
5636	1.2127
5637	0.73221
5638	0.86149
5639	0.82032
5640	0.54877
5641	1.0963
5642	1.125
5643	0.63177
5644	0.77316
5645	0.7499
5646	0.47969
5647	1.0166
5648	1.0693
5649	0.53413
5650	0.75114
5651	0.72235
5652	0.46289
5653	1.0225
5654	1.0248
5655	0.48939
5656	0.71313
5657	0.44518
5658	1.0088
5659	0.71373
5660	0.98424
5661	0.42719
5662	0.71607
5663	0.42186
5664	1.0089
5665	0.70916
5666	0.69837
5667	0.70857
5668	0.376
5669	0.99017
5670	0.99993
5671	0.42066
5672	0.70433
5673	0.70863
5674	0.36017
5675	0.94779
5676	0.42094
5677	1.0246
5678	0.74714
5679	0.75685
5680	0.42617
5681	1.0559
5682	0.42728
5683	1.0437
5684	0.7483
5685	0.42391
5686	1.0478
5687	0.7538
5688	1.0736
5689	0.44263
5690	0.78885
5691	0.43811
5692	1.0833
5693	0.76921
5694	0.814
5695	0.48048
5696	1.1416
5697	0.83669
5698	0.48398
5699	1.1439
5700	0.5155
5701	1.1703
5702	0.87957
5703	0.84728
5704	0.93186
5705	0.57344
5706	1.2314
5707	0.91612
5708	0.92869
5709	0.55172
5710	1.2315
5711	0.91914
5712	1.2668
5713	0.60349
5714	0.94659
5715	0.58338
5716	1.2607
5717	0.93056
5718	0.96504
5719	0.99465
5720	0.61964
5721	1.3029
5722	0.63054
5723	1.3098
5724	1.0272
5725	1.056
5726	0.67225
5727	1.3607
5728	1.3879
5729	0.68949
5730	1.0673
5731	1.061
5732	0.70573
5733	1.377
5734	1.4065
5735	0.73228
5736	1.0597
5737	1.3883
5738	1.0792
5739	0.70225
5740	1.4101
5741	0.72595
5742	1.1015
5743	0.75959
5744	1.1078
5745	1.4332
5746	1.1234
5747	0.80893
5748	1.1367
5749	1.472
5750	1.4295
5751	0.75503
5752	1.0956
5753	0.7071
5754	1.4165
5755	1.1001
5756	1.1154
5757	1.1159
5758	0.73978
5759	1.4419
5760	1.4534
5761	0.76635
5762	1.0994
5763	1.1004
5764	0.70572
5765	1.4136
5766	0.76775
5767	1.4538
5768	1.1016
5769	0.7431
5770	1.4261
5771	1.1057
5772	1.4543
5773	0.76459
5774	1.1169
5775	0.75451
5776	1.111
5777	1.424
5778	1.1477
5779	1.1658
5780	0.82224
5781	1.4747
5782	1.4659
5783	0.80212
5784	1.1652
5785	1.1751
5786	0.82183
5787	1.4704
5788	0.86263
5789	1.4917
5790	1.176
5791	1.1851
5792	0.82521
5793	1.4689
5794	1.5106
5795	0.86668
5796	1.1852
5797	1.1841
5798	0.83923
5799	1.4727
5800	1.5081
5801	0.8777
5802	1.5173
5803	0.88605
5804	1.1972
5805	1.1907
5806	1.2048
5807	0.86811
5808	1.4772
5809	1.5013
5810	0.8749
5811	1.188
5812	1.2232
5813	1.2608
5814	0.92649
5815	1.5208
5816	0.91941
5817	1.5236
5818	1.313
5819	1.3964
5820	1.0476
5821	1.618
5822	0.96968
5823	1.5902
5824	1.4724
5825	1.5281
5826	1.1972
5827	1.7397
5828	1.1752
5829	1.7199
5830	1.5914
5831	1.6439
5832	1.3451
5833	1.882
5834	1.8222
5835	1.2862
5836	1.7425
5837	1.8557
5838	1.5487
5839	2.0441
5840	1.9382
5841	1.4265
5842	1.9917
5843	2.126
5844	1.8254
5845	2.2861
5846	2.1314
5847	1.6441
5848	2.2565
5849	2.397
5850	2.1166
5851	2.5369
5852	2.3904
5853	1.9446
5854	2.5284
5855	2.6891
5856	2.3964
5857	2.7968
5858	2.658
5859	2.2461
5860	2.8602
5861	2.7602
5862	3.1381
5863	3.0293
5864	2.9599
5865	2.5874
5866	3.3635
5867	3.1117
5868	3.4395
5869	3.197
5870	3.5243
5871	3.6857
5872	3.4576
5873	3.7527
5874	3.6113
5875	3.2982
5876	3.8408
5877	3.7907
5878	4.0461
5879	3.977
5880	3.917
5881	3.6414
5882	4.0187
5883	4.2447
5884	4.1425
5885	4.0807
5886	4.0859
5887	4.0552
5888	4.2618
5889	4.1517
5890	3.9373
5891	3.677
5892	3.7661
5893	3.9848
5894	3.9642
5895	4.1738
5896	3.2931
5897	2.7582
5898	2.9403
5899	3.294
5900	3.6812
5901	3.4305
5902	2.0607
5903	1.2267
5904	1.3655
5905	2.066
5906	2.7294
5907	2.2486
5908	0.33002
5909	-0.55153
5910	-0.77726
5911	0.52545
5912	1.2812
5913	0.26789
5914	-1.545
5915	-1.9598
5916	-2.9785
5917	-1.0486
5918	-3.166
5919	-0.27921
5920	-1.8304
5921	-0.90153
5922	-1.7192
5923	-0.45645
5924	-1.3892
5925	-0.93682
5926	0.5429
5927	0.75099
5928	-1.6545e-002
5929	1.1082
5930	1.7626
5931	1.6538
5932	1.2668
5933	2.7732
5934	2.7744
5935	2.2182
5936	3.2772
5937	3.7034
5938	3.7481
5939	3.265
5940	4.5342
5941	4.5185
5942	4.1725
5943	4.8693
5944	5.1625
5945	5.1893
5946	4.8996
5947	4.8458
5948	5.8269
5949	5.7693
5950	5.5009
5951	6.168
5952	6.4099
5953	6.5025
5954	6.0883
5955	7.0338
5956	6.8316
5957	7.1516
5958	7.619
5959	7.4528
5960	7.7422
5961	8.3364
5962	8.1798
5963	8.0343
5964	8.6403
5965	8.946
5966	8.7646
5967	8.4717
5968	9.2613
5969	9.3733
5970	9.5705
5971	9.0657
5972	9.9831
5973	9.8822
5974	10.206
5975	10.838
5976	10.611
5977	10.525
5978	11.141
5979	11.219
5980	11.425
5981	10.919
5982	11.789
5983	11.978
5984	11.692
5985	12.655
5986	12.442
5987	12.502
5988	12.305
5989	13.012
5990	13.148
5991	13.37
5992	12.793
5993	13.853
5994	13.722
5995	14.071
5996	15.05
5997	15.347
5998	15.182
5999	14.868
6000	14.74
6001	15.645
6002	15.937
6003	15.803
6004	15.78
6005	15.492
6006	16.223
6007	16.395
6008	16.505
6009	16.101
6010	17.033
6011	16.959
6012	16.776
6013	17.277
6014	17.474
6015	17.512
6016	17.221
6017	17.098
6018	17.966
6019	17.955
6020	17.741
6021	18.178
6022	18.331
6023	18.393
6024	18.184
6025	18.366
6026	18.568
6027	18.391
6028	18.527
6029	18.738
6030	18.419
6031	18.891
6032	18.533
6033	18.924
6034	18.694
6035	19.3
6036	19.09
6037	19.121
6038	18.582
6039	18.803
6040	19.561
6041	19.257
6042	19.188
6043	19.365
6044	18.88
6045	19.756
6046	19.319
6047	19.376
6048	18.838
6049	19.819
6050	19.332
6051	18.95
6052	19.844
6053	18.667
6054	19.813
6055	19.255
6056	19.289
6057	19.001
6058	18.425
6059	19.682
6060	19.153
6061	18.829
6062	18.673
6063	18.047
6064	19.396
6065	19.596
6066	18.303
6067	18.52
6068	18.323
6069	17.651
6070	19.141
6071	19.332
6072	17.948
6073	18.115
6074	17.903
6075	17.202
6076	18.761
6077	19.012
6078	17.462
6079	17.65
6080	17.372
6081	16.691
6082	18.306
6083	16.961
6084	18.624
6085	17.045
6086	16.691
6087	15.955
6088	17.667
6089	16.339
6090	18.09
6091	16.3
6092	15.866
6093	15.157
6094	16.845
6095	17.383
6096	15.657
6097	15.437
6098	15.06
6099	14.33
6100	16.116
6101	16.556
6102	14.812
6103	14.709
6104	14.272
6105	13.617
6106	15.384
6107	14.068
6108	15.786
6109	13.824
6110	13.363
6111	12.759
6112	14.443
6113	14.878
6114	13.25
6115	12.875
6116	12.408
6117	11.815
6118	13.435
6119	12.362
6120	13.881
6121	11.916
6122	11.4
6123	10.887
6124	12.336
6125	12.987
6126	11.41
6127	10.874
6128	10.371
6129	9.9503
6130	11.259
6131	11.9
6132	10.466
6133	9.8907
6134	9.0749
6135	10.148
6136	9.3784
6137	10.772
6138	9.5762
6139	8.3671
6140	8.1971
6141	9.0034
6142	8.8678
6143	7.9003
6144	7.4304
6145	7.422
6146	7.9213
6147	8.5023
6148	7.8122
6149	6.9968
6150	6.7371
6151	6.8676
6152	6.6247
6153	7.0398
6154	7.3649
6155	6.0563
6156	6.314
6157	6.0036
6158	6.3072
6159	5.8617
6160	5.6725
6161	6.2065
6162	5.3755
6163	5.6575
6164	6.2244
6165	5.5199
6166	4.9556
6167	6.0653
6168	5.1038
6169	6.1134
6170	5.428
6171	6.1751
6172	4.8006
6173	5.3192
6174	5.4796
6175	6.12
6176	4.9288
6177	5.5678
6178	6.0928
6179	4.8009
6180	6.2355
6181	5.412
6182	5.732
6183	5.9878
6184	6.7528
6185	6.2336
6186	6.7188
6187	6.3205
6188	7.6527
6189	7.5084
6190	7.2682
6191	7.1649
6192	8.1586
6193	8.4062
6194	8.407
6195	8.691
6196	7.9458
6197	7.8259
6198	9.7777
6199	9.379
6200	9.5859
6201	9.2297
6202	10.318
6203	10.368
6204	10.741
6205	10.86
6206	9.8981
6207	10.189
6208	11.948
6209	11.408
6210	11.916
6211	11.409
6212	12.473
6213	12.413
6214	13.024
6215	12.984
6216	11.93
6217	12.493
6218	13.977
6219	13.365
6220	14.059
6221	13.474
6222	14.485
6223	14.967
6224	14.327
6225	15.113
6226	13.884
6227	14.625
6228	15.428
6229	15.871
6230	15.224
6231	16.031
6232	14.834
6233	15.613
6234	16.289
6235	16.69
6236	16.043
6237	16.904
6238	15.68
6239	16.515
6240	17.073
6241	17.436
6242	16.801
6243	17.692
6244	17.347
6245	16.453
6246	17.788
6247	18.129
6248	17.505
6249	18.386
6250	18.098
6251	17.191
6252	18.453
6253	18.759
6254	18.149
6255	19.046
6256	17.854
6257	18.758
6258	19.052
6259	19.347
6260	18.739
6261	19.603
6262	18.475
6263	19.366
6264	19.597
6265	19.814
6266	19.245
6267	20.105
6268	19.928
6269	19.064
6270	20.043
6271	20.245
6272	19.72
6273	20.56
6274	20.37
6275	19.539
6276	20.432
6277	20.611
6278	20.11
6279	20.903
6280	20.764
6281	19.933
6282	20.769
6283	20.912
6284	20.44
6285	21.221
6286	21.101
6287	20.33
6288	21.046
6289	21.167
6290	20.722
6291	21.475
6292	21.379
6293	20.612
6294	21.274
6295	21.381
6296	20.962
6297	21.672
6298	21.604
6299	20.862
6300	21.489
6301	21.583
6302	21.182
6303	21.877
6304	21.803
6305	21.103
6306	21.659
6307	21.727
6308	21.354
6309	22.019
6310	21.972
6311	21.299
6312	21.789
6313	21.841
6314	21.489
6315	22.118
6316	22.098
6317	21.441
6318	21.887
6319	21.926
6320	21.595
6321	22.206
6322	22.188
6323	21.569
6324	21.963
6325	21.996
6326	21.679
6327	22.261
6328	22.252
6329	21.657
6330	22.01
6331	22.016
6332	21.73
6333	22.285
6334	22.32
6335	21.738
6336	22.028
6337	22.042
6338	21.765
6339	22.282
6340	22.307
6341	21.767
6342	22.057
6343	22.054
6344	21.795
6345	22.311
6346	22.32
6347	21.799
6348	22.035
6349	22.025
6350	21.765
6351	22.266
6352	22.316
6353	21.798
6354	22.025
6355	22.019
6356	21.78
6357	22.248
6358	22.279
6359	21.794
6360	22.007
6361	21.993
6362	21.764
6363	22.214
6364	22.252
6365	21.787
6366	21.981
6367	21.969
6368	21.744
6369	22.191
6370	22.214
6371	21.766
6372	21.95
6373	21.926
6374	21.713
6375	22.147
6376	22.195
6377	21.745
6378	21.904
6379	21.881
6380	21.677
6381	22.098
6382	22.135
6383	21.705
6384	21.854
6385	21.833
6386	21.632
6387	22.044
6388	22.082
6389	21.668
6390	21.814
6391	21.79
6392	21.597
6393	21.993
6394	22.033
6395	21.63
6396	21.768
6397	21.749
6398	21.553
6399	21.95
6400	21.982
6401	21.589
6402	21.728
6403	21.508
6404	21.909
6405	21.717
6406	21.948
6407	21.548
6408	21.671
6409	21.473
6410	21.871
6411	21.7
6412	21.644
6413	21.617
6414	21.42
6415	21.809
6416	21.467
6417	21.861
6418	21.603
6419	21.586
6420	21.399
6421	21.782
6422	21.804
6423	21.42
6424	21.563
6425	21.545
6426	21.351
6427	21.741
6428	21.385
6429	21.769
6430	21.528
6431	21.514
6432	21.327
6433	21.707
6434	21.736
6435	21.361
6436	21.498
6437	21.484
6438	21.297
6439	21.675
6440	21.333
6441	21.709
6442	21.477
6443	21.466
6444	21.282
6445	21.657
6446	21.686
6447	21.305
6448	21.447
6449	21.429
6450	21.247
6451	21.609
6452	21.285
6453	21.65
6454	21.412
6455	21.399
6456	21.208
6457	21.592
6458	21.618
6459	21.241
6460	21.393
6461	21.357
6462	21.194
6463	21.574
6464	21.59
6465	21.213
6466	21.354
6467	21.184
6468	21.564
6469	21.375
6470	21.144
6471	21.143
6472	21.537
6473	21.364
6474	21.18
6475	21.554
6476	21.37
6477	21.345
6478	21.147
6479	21.525
6480	21.347
6481	21.171
6482	21.549
6483	21.153
6484	21.525
6485	21.346
6486	21.353
6487	21.146
6488	21.524
6489	21.343
6490	21.339
6491	21.126
6492	21.508
6493	21.326
6494	21.329
6495	21.12
6496	21.497
6497	21.323
6498	21.323
6499	21.117
6500	21.487
6501	21.313
6502	21.319
6503	21.117
6504	21.492
6505	21.315
6506	21.317
6507	21.111
6508	21.51
6509	21.322
6510	21.318
6511	21.512
6512	21.324
6513	21.317
6514	21.118
6515	21.324
6516	21.137
6517	21.528
6518	21.326
6519	21.317
6520	21.329
6521	21.121
6522	21.515
6523	21.123
6524	21.511
6525	21.329
6526	21.328
6527	21.125
6528	21.519
6529	21.134
6530	21.527
6531	21.334
6532	21.337
6533	21.131
6534	21.528
6535	21.137
6536	21.541
6537	21.33
6538	21.33
6539	21.126
6540	21.515
6541	21.14
6542	21.532
6543	21.329
6544	21.329
6545	21.107
6546	21.52
6547	21.135
6548	21.54
6549	21.328
6550	21.329
6551	21.125
6552	21.506
6553	21.133
6554	21.531
6555	21.339
6556	21.349
6557	21.144
6558	21.533
6559	21.152
6560	21.536
6561	21.34
6562	21.333
6563	21.126
6564	21.521
6565	21.16
6566	21.552
6567	21.343
6568	21.35
6569	21.141
6570	21.529
6571	21.151
6572	21.542
6573	21.357
6574	21.36
6575	21.153
6576	21.549
6577	21.159
6578	21.555
6579	21.356
6580	21.353
6581	21.149
6582	21.539
6583	21.165
6584	21.56
6585	21.352
6586	21.349
6587	21.147
6588	21.539
6589	21.16
6590	21.554
6591	21.345
6592	21.35
6593	21.141
6594	21.533
6595	21.157
6596	21.551
6597	21.351
6598	21.351
6599	21.127
6600	21.529
6601	21.156
6602	21.559
6603	21.349
6604	21.352
6605	21.128
6606	21.535
6607	21.156
6608	21.558
6609	21.356
6610	21.349
6611	21.137
6612	21.536
6613	21.161
6614	21.561
6615	21.345
6616	21.341
6617	21.121
6618	21.53
6619	21.15
6620	21.552
6621	21.338
6622	21.334
6623	21.124
6624	21.524
6625	21.142
6626	21.546
6627	21.325
6628	21.318
6629	21.108
6630	21.515
6631	21.136
6632	21.538
6633	21.322
6634	21.319
6635	21.112
6636	21.522
6637	21.124
6638	21.53
6639	21.316
6640	21.315
6641	21.091
6642	21.515
6643	21.117
6644	21.535
6645	21.324
6646	21.338
6647	21.114
6648	21.525
6649	21.11
6650	21.536
6651	21.381
6652	21.144
6653	21.529
6654	21.382
6655	21.141
6656	21.547
6657	21.353
6658	21.186
6659	21.597
6660	21.6
6661	1.2519
6662	1.7466
6663	1.611
6664	0.422
6665	0.73863
6666	0.64673
6667	0.26965
6668	0.50733
6669	0.56536
6670	0.16101
6671	0.47072
6672	0.41229
6673	1.3738e-003
6674	0.31905
6675	0.26258
6676	-6.2761e-002
6677	0.21918
6678	0.24067
6679	-0.10913
6680	0.20114
6681	0.16773
6682	-0.13491
6683	0.15924
6684	0.13123
6685	-0.18637
6686	0.12645
6687	0.11248
6688	8.8374e-002
6689	-0.23279
6690	9.8291e-002
6691	7.6781e-002
6692	-0.21731
6693	7.8822e-002
6694	-0.28554
6695	0.10631
6696	-0.21964
6697	-0.23411
6698	0.11195
6699	0.12921
6700	-0.21414
6701	0.11823
6702	0.128
6703	-0.1945
6704	0.4591
6705	0.13324
6706	-0.21269
6707	0.15046
6708	-0.17823
6709	-0.1896
6710	0.16751
6711	-0.15541
6712	0.24651
6713	0.19194
6714	-0.12021
6715	0.26791
6716	0.24508
6717	0.23536
6718	-0.13191
6719	0.22652
6720	0.2556
6721	-9.5368e-002
6722	0.60278
6723	0.26733
6724	-0.12432
6725	0.28514
6726	-7.7667e-002
6727	-9.795e-002
6728	0.31448
6729	-3.3783e-002
6730	0.34853
6731	0.33456
6732	8.6951e-003
6733	0.37072
6734	0.37072
6735	0.41086
6736	4.6562e-002
6737	0.75903
6738	0.38206
6739	5.19e-002
6740	0.41307
6741	0.11293
6742	0.44535
6743	0.44059
6744	-3.0465e-003
6745	0.38017
6746	0.37786
6747	0.39165
6748	-5.6397e-003
6749	0.39074
6750	0.37412
6751	5.2055e-002
6752	-9.901e-004
6753	0.36989
6754	4.2369e-002
6755	0.4061
6756	0.42036
6757	3.5799e-002
6758	0.4397
6759	0.42641
6760	0.51909
6761	0.15196
6762	0.47664
6763	0.51924
6764	0.19829
6765	0.14255
6766	0.51342
6767	0.16318
6768	0.51779
6769	0.51592
6770	0.18597
6771	0.53175
6772	0.5412
6773	0.19053
6774	0.54577
6775	0.54775
6776	0.85886
6777	0.58268
6778	0.21401
6779	0.55234
6780	0.62265
6781	0.28679
6782	0.63536
6783	0.31244
6784	0.7043
6785	0.34075
6786	0.82646
6787	0.4543
6788	0.89997
6789	0.58426
6790	0.61649
6791	0.95534
6792	0.80266
6793	1.0399
6794	1.1277
6795	1.034
6796	1.3371
6797	1.2326
6798	1.3314
6799	1.4778
6800	1.644
6801	1.6743
6802	1.9657
6803	1.8047
6804	1.9964
6805	2.2948
6806	2.1141
6807	2.6793
6808	2.3949
6809	2.4874
6810	2.8631
6811	2.6077
6812	2.9484
6813	2.7819
6814	3.0464
6815	3.1912
6816	3.4133
6817	3.2316
6818	3.5698
6819	3.5913
6820	3.7494
6821	3.8546
6822	3.9541
6823	3.8737
6824	3.9335
6825	3.9523
6826	3.9814
6827	3.793
6828	3.8883
6829	3.7072
6830	3.5196
6831	2.8332
6832	3.0777
6833	2.4307
6834	0.78723
6835	0.40665
6836	1.5533
6837	-2.0998
6838	-0.83939
6839	-2.0562
6840	-5.0064
6841	-4.7562
6842	-3.2639
6843	-9.1446
6844	-10.176
6845	-11.031
6846	-9.0162
6847	-11.14
6848	-8.433
6849	-10.687
6850	-7.4085
6851	-9.4061
6852	-7.7213
6853	-6.1567
6854	-5.7536
6855	-4.1644
6856	-4.7338
6857	-3.2988
6858	-1.5247
6859	-2.0107
6860	-0.89727
6861	0.78282
6862	0.38258
6863	2.2126e-002
6864	1.4047
6865	1.0348
6866	1.2968
6867	1.6419
6868	1.8773
6869	1.9002
6870	2.7566
6871	2.5068
6872	2.3348
6873	3.1462
6874	2.8726
6875	3.2528
6876	3.5914
6877	4.5385
6878	4.2205
6879	4.0907
6880	4.4518
6881	4.943
6882	4.6704
6883	5.322
6884	5.1095
6885	5.6838
6886	5.4674
6887	5.8413
6888	6.0329
6889	6.5647
6890	6.3784
6891	6.7206
6892	7.3643
6893	7.2326
6894	7.0522
6895	7.6609
6896	7.5557
6897	7.9419
6898	7.8356
6899	8.2216
6900	8.1093
6901	8.5177
6902	8.4105
6903	8.8245
6904	8.713
6905	8.6385
6906	9.012
6907	9.131
6908	9.6253
6909	9.7222
6910	9.4294
6911	10.296
6912	10.207
6913	10.01
6914	10.575
6915	10.514
6916	10.865
6917	10.803
6918	11.161
6919	11.1
6920	10.931
6921	11.446
6922	11.394
6923	11.731
6924	11.681
6925	12.012
6926	11.961
6927	12.296
6928	12.243
6929	12.076
6930	12.528
6931	12.586
6932	13.138
6933	13.087
6934	12.961
6935	12.87
6936	13.391
6937	13.347
6938	13.63
6939	13.594
6940	13.864
6941	13.83
6942	13.673
6943	14.058
6944	14.092
6945	14.546
6946	14.502
6947	14.317
6948	14.78
6949	14.724
6950	14.61
6951	15.003
6952	14.948
6953	15.214
6954	15.153
6955	15.114
6956	15.405
6957	15.352
6958	15.574
6959	15.523
6960	15.731
6961	15.681
6962	15.633
6963	15.874
6964	15.827
6965	16.007
6966	15.958
6967	16.135
6968	16.083
6969	16.262
6970	16.203
6971	16.394
6972	16.32
6973	16.437
6974	16.525
6975	16.763
6976	16.651
6977	16.649
6978	16.879
6979	16.744
6980	16.893
6981	16.992
6982	16.851
6983	17.103
6984	16.95
6985	17.167
6986	17.241
6987	17.064
6988	17.226
6989	17.383
6990	17.209
6991	17.519
6992	17.331
6993	17.696
6994	17.468
6995	17.632
6996	17.915
6997	17.967
6998	18.118
6999	18.263
7000	18.421
7001	18.073
7002	18.352
7003	18.432
7004	18.107
7005	18.817
7006	18.038
7007	18.438
7008	18.465
7009	17.98
7010	18.454
7011	18.411
7012	17.979
7013	17.798
7014	18.287
7015	17.49
7016	18.158
7017	18.025
7018	17.121
7019	17.885
7020	17.728
7021	16.672
7022	17.322
7023	17.521
7024	16.061
7025	17.08
7026	16.79
7027	16.26
7028	15.601
7029	16.55
7030	16.002
7031	15.259
7032	15.658
7033	15.04
7034	15.249
7035	14.534
7036	14.169
7037	14.921
7038	13.371
7039	14.514
7040	14.103
7041	13.338
7042	12.531
7043	13.705
7044	12.976
7045	12.277
7046	11.819
7047	12.595
7048	11.759
7049	11.044
7050	12.184
7051	11.303
7052	10.731
7053	10.135
7054	10.817
7055	9.3903
7056	9.9533
7057	10.38
7058	8.6327
7059	9.5429
7060	9.1556
7061	8.3719
7062	7.9409
7063	8.7603
7064	8.0047
7065	7.6975
7066	8.6754
7067	7.3353
7068	7.6422
7069	7.0313
7070	6.8863
7071	7.334
7072	6.7801
7073	6.6862
7074	6.5618
7075	6.595
7076	6.5541
7077	6.4821
7078	6.4893
7079	7.0931
7080	6.5692
7081	6.6474
7082	6.8399
7083	7.8617
7084	6.8943
7085	6.7331
7086	7.4726
7087	6.6525
7088	7.2687
7089	6.6038
7090	6.9869
7091	6.1003
7092	6.689
7093	6.948
7094	6.8736
7095	6.9963
7096	6.4412
7097	7.1287
7098	7.1721
7099	7.4382
7100	7.3906
7101	7.0946
7102	7.8016
7103	7.6809
7104	8.1934
7105	8.0065
7106	8.6154
7107	8.36
7108	9.0494
7109	8.7521
7110	8.9001
7111	9.4994
7112	9.13
7113	9.948
7114	9.5554
7115	10.415
7116	9.9551
7117	10.907
7118	10.423
7119	10.908
7120	11.39
7121	10.857
7122	11.869
7123	11.339
7124	12.349
7125	11.774
7126	12.811
7127	12.241
7128	12.921
7129	13.272
7130	12.654
7131	13.726
7132	13.122
7133	14.194
7134	13.512
7135	14.63
7136	14.007
7137	15.033
7138	14.371
7139	15.434
7140	14.804
7141	15.149
7142	15.806
7143	15.881
7144	16.555
7145	16.182
7146	17.231
7147	16.588
7148	16.908
7149	17.55
7150	16.941
7151	17.865
7152	17.248
7153	18.162
7154	17.565
7155	17.85
7156	18.457
7157	18.36
7158	18.712
7159	18.97
7160	18.859
7161	19.408
7162	19.215
7163	19.273
7164	19.611
7165	19.83
7166	19.632
7167	20.14
7168	20.001
7169	19.956
7170	20.288
7171	20.418
7172	20.227
7173	20.684
7174	20.551
7175	20.481
7176	20.796
7177	20.898
7178	20.686
7179	21.067
7180	20.994
7181	20.849
7182	21.141
7183	21.217
7184	20.986
7185	21.327
7186	21.276
7187	21.088
7188	21.374
7189	21.422
7190	21.179
7191	21.481
7192	21.458
7193	21.236
7194	21.503
7195	21.522
7196	21.273
7197	21.54
7198	21.537
7199	21.269
7200	21.528
7201	21.534
7202	21.303
7203	21.548
7204	21.549
7205	21.3
7206	21.544
7207	21.538
7208	21.291
7209	21.52
7210	21.529
7211	21.271
7212	21.508
7213	21.491
7214	21.251
7215	21.464
7216	21.478
7217	21.214
7218	21.445
7219	21.428
7220	21.191
7221	21.396
7222	21.413
7223	21.151
7224	21.374
7225	21.351
7226	21.307
7227	21.112
7228	21.327
7229	21.29
7230	21.114
7231	21.516
7232	21.269
7233	21.079
7234	21.243
7235	21.072
7236	21.03
7237	21.223
7238	21.198
7239	21.003
7240	21.216
7241	21.173
7242	20.995
7243	20.953
7244	21.167
7245	21.147
7246	20.947
7247	21.16
7248	21.133
7249	20.954
7250	20.92
7251	21.118
7252	21.101
7253	20.9
7254	21.109
7255	21.085
7256	20.907
7257	20.87
7258	21.06
7259	20.832
7260	21.038
7261	21.023
7262	20.98
7263	20.814
7264	21.014
7265	20.955
7266	20.769
7267	20.972
7268	20.764
7269	20.992
7270	20.796
7271	20.991
7272	20.799
7273	21.182
7274	20.987
7275	20.791
7276	20.972
7277	20.783
7278	20.976
7279	20.761
7280	20.975
7281	21.176
7282	20.783
7283	20.962
7284	20.758
7285	20.958
7286	20.773
7287	21.156
7288	20.953
7289	20.754
7290	20.943
7291	21.146
7292	20.763
7293	20.935
7294	20.732
7295	20.933
7296	20.736
7297	21.135
7298	20.938
7299	20.724
7300	20.938
7301	21.141
7302	20.744
7303	20.937
7304	20.729
7305	20.935
7306	20.746
7307	21.133
7308	20.929
7309	20.726
7310	20.921
7311	21.129
7312	20.733
7313	20.919
7314	20.715
7315	20.73
7316	21.13
7317	20.924
7318	20.93
7319	20.716
7320	21.119
7321	20.919
7322	20.936
7323	20.74
7324	20.926
7325	20.735
7326	20.926
7327	20.719
7328	20.931
7329	20.733
7330	20.935
7331	20.725
7332	20.934
7333	20.745
7334	20.933
7335	20.726
7336	20.935
7337	20.735
7338	20.931
7339	20.728
7340	20.912
7341	20.727
7342	20.911
7343	20.699
7344	20.93
7345	20.729
7346	20.948
7347	20.732
7348	20.956
7349	20.765
7350	20.954
7351	20.747
7352	20.946
7353	20.765
7354	20.945
7355	20.729
7356	20.949
7357	20.751
7358	20.95
7359	20.739
7360	20.955
7361	20.748
7362	20.958
7363	20.745
7364	20.958
7365	20.771
7366	20.955
7367	20.745
7368	20.955
7369	20.754
7370	20.955
7371	20.742
7372	20.953
7373	20.763
7374	20.947
7375	20.742
7376	20.931
7377	20.74
7378	20.932
7379	20.715
7380	20.935
7381	20.751
7382	20.937
7383	20.721
7384	20.943
7385	20.755
7386	20.937
7387	20.727
7388	20.927
7389	20.737
7390	20.922
7391	20.714
7392	20.929
7393	20.725
7394	20.927
7395	20.714
7396	20.919
7397	20.735
7398	20.913
7399	20.707
7400	20.914
7401	20.721
7402	20.91
7403	20.7
7404	20.892
7405	20.699
7406	20.886
7407	20.67
7408	20.9
7409	20.687
7410	20.921
7411	20.684
7412	20.949
7413	20.72
7414	20.946
7415	20.748
7416	20.708
7417	20.925
7418	0.72514
7419	1.0763
7420	1.9088
7421	1.7901
7422	2.0444
7423	2.1731
7424	2.0965
7425	1.6857
7426	1.6004
7427	1.8424
7428	1.9482
7429	1.5331
7430	1.4743
7431	1.725
7432	1.8023
7433	1.4458
7434	1.4001
7435	1.6662
7436	1.6786
7437	1.3599
7438	1.3453
7439	1.6262
7440	1.592
7441	1.3128
7442	1.2915
7443	1.5554
7444	1.5851
7445	1.2961
7446	1.2843
7447	1.5728
7448	1.5523
7449	1.2799
7450	1.2847
7451	1.5803
7452	1.5436
7453	1.2894
7454	1.2927
7455	1.5739
7456	1.5393
7457	0.98968
7458	1.2917
7459	1.3062
7460	1.5859
7461	1.5653
7462	1.2681
7463	1.2828
7464	1.5538
7465	1.6238
7466	1.3525
7467	1.3727
7468	1.644
7469	1.6483
7470	1.3731
7471	1.3904
7472	1.6796
7473	1.6928
7474	1.4106
7475	1.4383
7476	1.7208
7477	1.7197
7478	1.0965
7479	1.4714
7480	1.5082
7481	1.785
7482	1.7956
7483	1.5263
7484	1.7908
7485	1.5596
7486	1.8368
7487	1.2033
7488	1.5664
7489	1.872
7490	1.5841
7491	1.5697
7492	1.8932
7493	1.5883
7494	1.9031
7495	1.6239
7496	1.9311
7497	1.6061
7498	1.6476
7499	1.6962
7500	1.962
7501	1.9703
7502	1.7214
7503	1.7111
7504	2.011
7505	2.0402
7506	1.7162
7507	1.7262
7508	2.0262
7509	2.0418
7510	1.7387
7511	2.0284
7512	1.7842
7513	2.0601
7514	2.0614
7515	1.7612
7516	1.7782
7517	1.7737
7518	1.7743
7519	2.0663
7520	2.1227
7521	1.4573
7522	1.7926
7523	1.7799
7524	1.7799
7525	2.0743
7526	2.1031
7527	1.7681
7528	1.7675
7529	2.0861
7530	2.1292
7531	1.7788
7532	1.7818
7533	2.0956
7534	2.1048
7535	2.1272
7536	1.4613
7537	1.7743
7538	2.1034
7539	1.773
7540	1.7928
7541	1.7969
7542	1.8059
7543	2.0863
7544	2.1133
7545	1.8006
7546	1.8035
7547	1.7919
7548	2.0958
7549	2.1148
7550	1.7956
7551	1.8059
7552	2.0878
7553	2.0991
7554	1.8043
7555	1.7975
7556	2.0879
7557	1.4842
7558	2.1241
7559	1.7878
7560	1.796
7561	2.073
7562	2.1084
7563	1.8211
7564	1.8502
7565	2.0957
7566	2.1058
7567	1.8952
7568	1.9415
7569	2.1646
7570	2.1699
7571	1.9871
7572	2.0338
7573	2.2534
7574	2.2405
7575	2.1129
7576	2.1763
7577	2.3907
7578	2.2996
7579	2.2398
7580	2.3197
7581	2.5139
7582	2.4231
7583	2.4257
7584	2.5505
7585	2.7078
7586	2.5879
7587	2.6708
7588	2.7979
7589	2.9447
7590	2.8092
7591	2.9263
7592	3.0676
7593	3.1777
7594	3.0542
7595	3.2379
7596	3.3896
7597	3.4943
7598	3.3241
7599	3.5233
7600	3.6873
7601	3.7642
7602	3.6065
7603	3.2808
7604	3.8397
7605	3.9839
7606	4.072
7607	3.9455
7608	4.1223
7609	4.254
7610	4.3311
7611	4.2269
7612	4.3488
7613	4.3984
7614	4.525
7615	4.4725
7616	4.1849
7617	4.4062
7618	4.3497
7619	4.565
7620	4.5848
7621	4.2962
7622	4.2212
7623	3.9889
7624	4.3422
7625	4.5124
7626	3.6821
7627	3.2652
7628	3.82
7629	4.0947
7630	2.7347
7631	2.1205
7632	2.8607
7633	3.3554
7634	1.4766
7635	0.79777
7636	1.7357
7637	2.2804
7638	0.21717
7639	9.7058e-003
7640	0.75963
7641	1.1301
7642	4.4815e-004
7643	0.11554
7644	0.66908
7645	-0.81719
7646	0.69956
7647	0.38125
7648	0.68794
7649	1.1019
7650	-9.9113e-002
7651	0.86143
7652	1.055
7653	1.4749
7654	1.7275
7655	1.3919
7656	0.28747
7657	1.9211
7658	2.3609
7659	2.4951
7660	2.0984
7661	2.8084
7662	3.2662
7663	3.309
7664	2.887
7665	2.2521
7666	3.6912
7667	4.1013
7668	4.0946
7669	3.7177
7670	4.4921
7671	4.8302
7672	4.8238
7673	4.4818
7674	4.1461
7675	5.139
7676	5.4388
7677	5.4242
7678	5.1287
7679	5.7339
7680	6.0308
7681	5.9916
7682	5.7086
7683	5.4655
7684	6.3302
7685	6.6278
7686	6.5567
7687	6.2738
7688	6.9226
7689	7.2136
7690	7.1122
7691	6.8344
7692	6.7204
7693	7.4976
7694	7.7709
7695	7.6509
7696	7.3835
7697	7.3313
7698	8.0396
7699	8.3151
7700	8.1716
7701	7.9088
7702	7.8941
7703	8.596
7704	8.8843
7705	8.7136
7706	8.4398
7707	9.1776
7708	9.4648
7709	9.2799
7710	8.9962
7711	9.763
7712	10.076
7713	9.8634
7714	9.5603
7715	9.6621
7716	10.386
7717	10.693
7718	10.472
7719	10.168
7720	10.299
7721	10.997
7722	11.297
7723	11.082
7724	10.778
7725	11.601
7726	11.913
7727	11.702
7728	11.389
7729	11.504
7730	12.239
7731	12.58
7732	12.361
7733	12.026
7734	12.102
7735	12.929
7736	13.28
7737	13.058
7738	12.708
7739	13.634
7740	13.985
7741	13.766
7742	13.411
7743	13.503
7744	14.332
7745	14.669
7746	14.467
7747	14.541
7748	14.119
7749	14.203
7750	15.
7751	15.326
7752	15.147
7753	14.809
7754	15.651
7755	15.967
7756	15.817
7757	15.484
7758	16.273
7759	16.574
7760	16.454
7761	16.139
7762	16.866
7763	17.147
7764	17.063
7765	16.763
7766	16.683
7767	17.418
7768	17.675
7769	17.631
7770	17.352
7771	17.928
7772	18.173
7773	18.158
7774	17.896
7775	17.713
7776	18.399
7777	18.59
7778	18.623
7779	18.4
7780	18.729
7781	18.862
7782	18.978
7783	18.814
7784	19.043
7785	19.273
7786	19.41
7787	19.171
7788	18.686
7789	19.497
7790	19.693
7791	19.905
7792	19.672
7793	19.857
7794	20.007
7795	20.269
7796	20.113
7797	19.483
7798	20.14
7799	20.235
7800	20.603
7801	20.468
7802	19.702
7803	20.287
7804	20.332
7805	20.754
7806	20.739
7807	20.369
7808	20.375
7809	20.898
7810	20.878
7811	19.845
7812	20.346
7813	20.277
7814	20.891
7815	20.987
7816	19.816
7817	20.163
7818	20.054
7819	20.782
7820	20.929
7821	19.953
7822	19.83
7823	20.619
7824	20.753
7825	19.658
7826	19.482
7827	20.327
7828	20.547
7829	19.28
7830	19.024
7831	19.947
7832	20.203
7833	18.712
7834	18.359
7835	19.371
7836	19.776
7837	17.928
7838	17.536
7839	18.573
7840	19.099
7841	18.342
7842	17.235
7843	16.46
7844	15.989
7845	17.112
7846	17.506
7847	16.842
7848	15.496
7849	14.961
7850	16.144
7851	16.574
7852	14.441
7853	14.014
7854	15.03
7855	15.489
7856	13.407
7857	12.837
7858	13.798
7859	14.527
7860	12.285
7861	11.66
7862	12.543
7863	13.289
7864	11.029
7865	10.368
7866	11.202
7867	11.947
7868	9.7338
7869	9.1386
7870	9.8372
7871	10.564
7872	9.5982
7873	8.5233
7874	7.8558
7875	8.4277
7876	9.1938
7877	7.2357
7878	6.6488
7879	6.9928
7880	7.6947
7881	6.1022
7882	5.6048
7883	5.6605
7884	6.2957
7885	6.4059
7886	5.1713
7887	4.8068
7888	4.536
7889	5.0389
7890	4.5395
7891	4.4087
7892	3.9287
7893	4.1549
7894	4.2562
7895	3.8925
7896	4.1591
7897	3.9018
7898	3.8377
7899	4.6786
7900	4.1846
7901	4.1735
7902	3.5822
7903	3.739
7904	4.7032
7905	4.2501
7906	4.4413
7907	3.7253
7908	3.5405
7909	4.7602
7910	5.1945
7911	4.5172
7912	4.0124
7913	5.0802
7914	5.6833
7915	6.2384
7916	5.6475
7917	5.0296
7918	5.7702
7919	6.8269
7920	7.4414
7921	6.9803
7922	6.2944
7923	6.7236
7924	8.0743
7925	8.7211
7926	8.3726
7927	7.6714
7928	9.3613
7929	9.9968
7930	9.7525
7931	9.0747
7932	9.0051
7933	10.611
7934	11.236
7935	11.089
7936	10.441
7937	11.863
7938	12.462
7939	12.398
7940	11.779
7941	11.355
7942	13.044
7943	13.614
7944	13.637
7945	13.051
7946	14.159
7947	14.708
7948	14.782
7949	14.227
7950	13.574
7951	15.253
7952	15.759
7953	15.871
7954	15.367
7955	16.216
7956	16.675
7957	16.851
7958	16.425
7959	17.13
7960	17.561
7961	17.759
7962	17.341
7963	17.967
7964	18.354
7965	18.542
7966	18.206
7967	18.695
7968	19.014
7969	19.283
7970	18.98
7971	19.35
7972	19.653
7973	19.942
7974	19.642
7975	19.917
7976	20.184
7977	20.477
7978	20.26
7979	20.436
7980	20.661
7981	20.969
7982	20.78
7983	20.887
7984	21.079
7985	21.38
7986	21.217
7987	21.234
7988	21.394
7989	21.714
7990	21.609
7991	21.553
7992	21.688
7993	22.009
7994	21.897
7995	21.808
7996	21.913
7997	22.237
7998	22.152
7999	22.002
8000	22.094
8001	22.409
8002	22.354
8003	22.192
8004	22.267
8005	22.578
8006	22.526
8007	22.332
8008	22.389
8009	22.689
8010	22.646
8011	22.427
8012	22.466
8013	22.758
8014	22.749
8015	22.507
8016	22.532
8017	22.82
8018	22.812
8019	22.55
8020	22.586
8021	22.829
8022	22.846
8023	22.595
8024	22.576
8025	22.85
8026	22.881
8027	22.561
8028	22.56
8029	22.818
8030	22.854
8031	22.573
8032	22.573
8033	22.811
8034	22.844
8035	22.548
8036	22.521
8037	22.765
8038	22.814
8039	22.502
8040	22.481
8041	22.722
8042	22.766
8043	22.458
8044	22.435
8045	22.67
8046	22.717
8047	22.423
8048	22.418
8049	22.631
8050	22.658
8051	22.393
8052	22.356
8053	22.571
8054	22.624
8055	22.33
8056	22.299
8057	22.516
8058	22.554
8059	22.271
8060	22.243
8061	22.45
8062	22.494
8063	22.212
8064	22.185
8065	22.395
8066	22.442
8067	22.164
8068	22.149
8069	22.337
8070	22.381
8071	22.129
8072	22.105
8073	22.291
8074	22.335
8075	22.085
8076	22.061
8077	22.255
8078	22.288
8079	21.913
8080	22.026
8081	21.996
8082	22.194
8083	22.244
8084	21.982
8085	21.964
8086	22.159
8087	22.182
8088	21.947
8089	21.932
8090	22.122
8091	22.15
8092	21.915
8093	21.902
8094	22.088
8095	22.117
8096	21.886
8097	21.876
8098	22.058
8099	22.095
8100	21.866
8101	21.841
8102	22.033
8103	22.072
8104	21.812
8105	21.799
8106	21.984
8107	22.023
8108	21.799
8109	21.783
8110	21.974
8111	21.992
8112	21.771
8113	21.753
8114	21.953
8115	21.966
8116	21.747
8117	21.748
8118	21.942
8119	21.938
8120	21.743
8121	21.739
8122	21.929
8123	21.938
8124	21.559
8125	21.729
8126	21.741
8127	21.914
8128	21.934
8129	21.734
8130	21.715
8131	21.901
8132	21.937
8133	21.562
8134	21.717
8135	21.713
8136	21.901
8137	21.921
8138	21.537
8139	21.707
8140	21.705
8141	21.89
8142	21.904
8143	21.528
8144	21.698
8145	21.695
8146	21.883
8147	21.909
8148	21.523
8149	21.689
8150	21.692
8151	21.874
8152	21.899
8153	21.52
8154	21.694
8155	21.692
8156	21.878
8157	21.91
8158	21.518
8159	21.709
8160	21.715
8161	21.898
8162	21.897
8163	21.517
8164	21.715
8165	21.707
8166	21.9
8167	21.914
8168	21.527
8169	21.715
8170	21.715
8171	21.908
8172	21.896
8173	21.513
8174	21.708
8175	21.713
8176	21.896
8177	21.898
8178	21.717
8179	21.732
8180	21.91
8181	21.915
8182	21.735
8183	21.723
8184	21.915
8185	21.938
8186	21.717
8187	21.726
8188	21.907
8189	21.917
8190	21.731
8191	21.722
8192	21.916
8193	21.934
8194	21.709
8195	21.713
8196	21.9
8197	21.915
8198	21.729
8199	21.735
8200	21.924
8201	21.929
8202	21.732
8203	21.73
8204	21.922
8205	21.938
8206	21.729
8207	21.735
8208	21.921
8209	21.935
8210	21.747
8211	21.749
8212	21.94
8213	21.946
8214	21.743
8215	21.74
8216	21.931
8217	21.944
8218	21.74
8219	21.741
8220	21.934
8221	21.947
8222	21.739
8223	21.742
8224	21.933
8225	21.945
8226	21.736
8227	21.736
8228	21.926
8229	21.949
8230	21.744
8231	21.744
8232	21.937
8233	21.953
8234	21.741
8235	21.739
8236	21.933
8237	21.951
8238	21.738
8239	21.736
8240	21.931
8241	21.948
8242	21.733
8243	21.728
8244	21.926
8245	21.943
8246	21.728
8247	21.727
8248	21.926
8249	21.936
8250	21.73
8251	21.738
8252	21.929
8253	21.929
8254	21.735
8255	21.736
8256	21.925
8257	21.949
8258	21.737
8259	21.717
8260	21.921
8261	21.939
8262	21.745
8263	21.784
8264	21.963
8265	21.914
8266	21.765
8267	21.744
8268	21.942
8269	21.969
8270	21.097
8271	21.505
8272	21.304
8273	21.29
8274	21.718
8275	21.7
8276	21.905
8277	21.499
8278	21.952
8279	21.55
8280	1.7895
8281	1.9609
8282	1.4353
8283	20.688
8284	20.892
8285	20.889
8286	0.42406
8287	0.51641
8288	0.19377
8289	0.33821
8290	0.13442
8291	0.22393
8292	3.3222e-002
8293	0.54057
8294	0.13332
8295	-8.6171e-002
8296	6.2336e-002
8297	-0.13493
8298	0.35805
8299	3.1459e-003
8300	-0.26555
8301	-6.8885e-002
8302	-0.30134
8303	0.24083
8304	-0.15391
8305	-0.40398
8306	-0.22031
8307	-0.45814
8308	9.7371e-002
8309	-0.27009
8310	-0.53791
8311	-0.31231
8312	-0.56487
8313	-8.8791e-003
8314	-0.35204
8315	-0.63551
8316	-0.38037
8317	-0.64676
8318	-7.0098e-002
8319	-0.41998
8320	-0.70447
8321	-0.43728
8322	-0.74001
8323	-0.14313
8324	-0.45577
8325	-0.72217
8326	-0.48848
8327	-0.78481
8328	-0.18962
8329	-0.4791
8330	-0.83953
8331	-0.49736
8332	-0.80098
8333	-0.16628
8334	-0.53847
8335	-0.85857
8336	-0.57963
8337	-0.85927
8338	-0.58401
8339	-0.92806
8340	-0.56006
8341	-0.86907
8342	-0.55453
8343	-0.9065
8344	-0.54084
8345	-0.88906
8346	-0.20848
8347	-0.53784
8348	-0.89234
8349	-0.53519
8350	-0.87883
8351	-0.52416
8352	-0.88363
8353	-0.51828
8354	-0.85709
8355	-0.5092
8356	-0.89037
8357	-0.49944
8358	-0.84909
8359	-0.15209
8360	-0.47193
8361	-0.85147
8362	-0.45813
8363	-0.78568
8364	-7.0009e-002
8365	-0.5016
8366	-0.84944
8367	-0.49474
8368	-0.87407
8369	-0.13631
8370	-0.46264
8371	-0.82868
8372	-0.47528
8373	-0.81612
8374	-0.46931
8375	-0.85184
8376	-0.46075
8377	-0.81553
8378	-0.3855
8379	-0.8276
8380	-0.3414
8381	-0.71129
8382	2.6936e-002
8383	-0.35014
8384	-0.78204
8385	-0.32985
8386	-0.71046
8387	3.2169e-002
8388	-0.34545
8389	-0.73385
8390	-0.37409
8391	-0.69543
8392	1.6579e-002
8393	-0.35768
8394	-0.74484
8395	-2.2189e-002
8396	-0.31239
8397	-0.65039
8398	-0.30452
8399	-0.68167
8400	-0.271
8401	-0.66969
8402	5.6658e-002
8403	-0.28382
8404	-0.63977
8405	-0.33462
8406	-0.70906
8407	4.8592e-002
8408	-0.33281
8409	-0.72016
8410	-0.34829
8411	-0.68594
8412	4.8091e-002
8413	-0.34524
8414	-0.73711
8415	-0.32306
8416	-0.68241
8417	-0.31655
8418	-0.70591
8419	-0.30941
8420	-0.67683
8421	5.433e-002
8422	-0.29964
8423	-0.68759
8424	-0.31227
8425	-0.62705
8426	7.8347e-002
8427	-0.69039
8428	-0.29787
8429	-0.16884
8430	-0.56477
8431	-0.21866
8432	-0.17839
8433	-0.53953
8434	-0.18388
8435	-0.57637
8436	-0.16575
8437	-0.51167
8438	0.18699
8439	-0.14841
8440	-0.52591
8441	-0.13958
8442	-0.49961
8443	0.2062
8444	-0.14354
8445	-0.52924
8446	-0.14554
8447	-0.47629
8448	0.21169
8449	-0.13422
8450	-0.50062
8451	-0.11731
8452	-0.46414
8453	0.22102
8454	-8.1875e-002
8455	-0.45681
8456	-2.3415e-002
8457	-0.3885
8458	1.7834e-002
8459	-0.34385
8460	9.0756e-002
8461	-0.28362
8462	0.2121
8463	-0.19069
8464	0.30078
8465	-5.2142e-002
8466	0.35828
8467	5.6281e-004
8468	0.45985
8469	7.9436e-002
8470	0.69712
8471	0.57076
8472	0.24871
8473	0.6972
8474	0.34331
8475	0.89576
8476	0.50772
8477	0.84137
8478	1.3495
8479	0.99542
8480	1.1672
8481	1.4799
8482	1.5291
8483	1.2137
8484	1.7028
8485	1.3931
8486	1.8205
8487	1.9119
8488	1.6045
8489	2.1177
8490	1.8455
8491	2.2102
8492	2.3233
8493	2.0392
8494	2.5264
8495	2.2769
8496	2.7371
8497	2.4753
8498	2.9613
8499	2.7229
8500	3.0016
8501	3.1731
8502	2.9384
8503	3.3737
8504	3.175
8505	3.3952
8506	3.5573
8507	3.3859
8508	3.7178
8509	3.5898
8510	3.7369
8511	3.84
8512	3.755
8513	3.9105
8514	3.889
8515	3.9396
8516	3.9071
8517	3.971
8518	3.8025
8519	3.9599
8520	3.5648
8521	3.8405
8522	3.1327
8523	3.6047
8524	3.3772
8525	2.4061
8526	3.0977
8527	1.2374
8528	2.2537
8529	2.0035
8530	-0.26469
8531	0.85625
8532	-1.9057
8533	-1.4847
8534	-0.64527
8535	-4.4811
8536	-3.7276
8537	-6.9657
8538	-7.0349
8539	-5.4264
8540	-8.193
8541	-8.6687
8542	-6.7155
8543	-9.9184
8544	-10.53
8545	-7.1382
8546	-12.077
8547	-13.321
8548	-13.026
8549	-15.722
8550	-12.811
8551	-16.184
8552	-11.661
8553	-15.152
8554	-9.719
8555	-12.447
8556	-7.465
8557	-9.2394
8558	-5.331
8559	-6.3103
8560	-5.9003
8561	-3.6022
8562	-4.3986
8563	-2.2506
8564	-2.7138
8565	-2.7366
8566	-1.0859
8567	-1.3519
8568	-9.8052e-002
8569	-0.56767
8570	-0.4585
8571	0.63451
8572	0.29691
8573	1.2719
8574	1.0879
8575	1.8567
8576	1.6853
8577	2.287
8578	2.1099
8579	2.115
8580	2.6228
8581	2.4597
8582	2.9792
8583	2.7391
8584	3.4244
8585	2.9117
8586	3.8929
8587	3.4399
8588	3.763
8589	4.3524
8590	4.2198
8591	4.8368
8592	4.5497
8593	5.2548
8594	4.966
8595	5.6249
8596	5.5129
8597	6.0346
8598	5.8285
8599	6.4126
8600	6.2113
8601	6.2262
8602	6.7434
8603	6.5874
8604	7.0797
8605	7.0274
8606	6.8992
8607	7.424
8608	7.3104
8609	7.7304
8610	7.582
8611	8.0029
8612	7.8795
8613	8.2982
8614	8.2513
8615	8.6058
8616	8.4506
8617	8.9005
8618	8.7696
8619	9.201
8620	9.1521
8621	9.5159
8622	9.3816
8623	9.32
8624	9.6885
8625	9.8193
8626	10.425
8627	10.37
8628	10.113
8629	10.742
8630	10.663
8631	11.038
8632	10.971
8633	11.334
8634	11.291
8635	11.629
8636	11.596
8637	11.911
8638	11.86
8639	12.193
8640	12.159
8641	12.475
8642	12.446
8643	12.754
8644	12.711
8645	13.029
8646	12.989
8647	12.812
8648	13.296
8649	13.273
8650	13.55
8651	13.52
8652	13.794
8653	13.766
8654	14.025
8655	14.01
8656	14.251
8657	14.228
8658	14.47
8659	14.444
8660	14.285
8661	14.68
8662	14.653
8663	14.892
8664	14.855
8665	15.097
8666	15.074
8667	15.29
8668	15.257
8669	15.47
8670	15.436
8671	15.631
8672	15.607
8673	15.776
8674	15.744
8675	15.911
8676	15.876
8677	16.035
8678	16.
8679	16.151
8680	16.109
8681	16.261
8682	16.212
8683	16.363
8684	16.307
8685	16.46
8686	16.392
8687	16.551
8688	16.467
8689	16.549
8690	16.633
8691	16.535
8692	16.717
8693	16.599
8694	16.809
8695	16.667
8696	16.912
8697	16.75
8698	17.032
8699	16.858
8700	17.157
8701	16.983
8702	17.28
8703	17.103
8704	17.404
8705	17.216
8706	17.547
8707	17.309
8708	17.679
8709	17.442
8710	17.829
8711	17.76
8712	17.489
8713	17.778
8714	17.52
8715	18.056
8716	17.76
8717	17.46
8718	17.713
8719	17.406
8720	17.656
8721	17.279
8722	17.584
8723	17.214
8724	18.057
8725	17.494
8726	17.053
8727	17.366
8728	16.943
8729	17.2
8730	16.725
8731	17.02
8732	16.569
8733	17.688
8734	16.809
8735	16.309
8736	16.579
8737	16.062
8738	17.344
8739	16.358
8740	15.776
8741	16.115
8742	15.578
8743	16.965
8744	15.838
8745	15.179
8746	15.471
8747	15.004
8748	16.489
8749	15.154
8750	14.497
8751	14.934
8752	14.245
8753	15.883
8754	14.601
8755	13.951
8756	14.298
8757	13.566
8758	13.917
8759	13.366
8760	13.454
8761	12.789
8762	13.118
8763	12.305
8764	12.728
8765	12.033
8766	13.87
8767	12.312
8768	11.555
8769	11.87
8770	11.259
8771	13.044
8772	11.47
8773	10.731
8774	11.12
8775	10.408
8776	10.796
8777	9.9615
8778	10.431
8779	9.7267
8780	11.571
8781	10.017
8782	9.267
8783	9.5631
8784	8.9554
8785	9.1549
8786	8.4575
8787	8.847
8788	8.211
8789	9.8368
8790	8.4795
8791	7.8227
8792	8.1322
8793	7.5546
8794	9.0425
8795	7.8195
8796	7.2507
8797	7.523
8798	7.0207
8799	8.3424
8800	7.2665
8801	6.7119
8802	7.028
8803	6.615
8804	6.8068
8805	6.3878
8806	6.6661
8807	6.3276
8808	7.1137
8809	6.5412
8810	6.2639
8811	6.4679
8812	6.2341
8813	6.4674
8814	6.2737
8815	6.5654
8816	6.387
8817	6.5006
8818	6.6191
8819	6.7991
8820	7.8101
8821	7.6667
8822	7.2509
8823	8.6011
8824	8.431
8825	7.3644
8826	9.0263
8827	10.522
8828	9.028
8829	8.059
8830	8.4944
8831	10.318
8832	8.0081
8833	8.797
8834	7.603
8835	8.1178
8836	7.331
8837	7.6678
8838	7.2553
8839	7.491
8840	7.2948
8841	7.4262
8842	7.434
8843	7.4843
8844	7.6008
8845	7.6334
8846	8.1731
8847	8.0024
8848	7.8858
8849	8.4967
8850	8.2441
8851	8.5421
8852	8.8326
8853	9.5624
8854	9.1822
8855	9.1859
8856	9.9633
8857	9.4963
8858	9.8969
8859	10.373
8860	11.244
8861	10.711
8862	10.807
8863	11.665
8864	11.06
8865	11.492
8866	12.083
8867	12.908
8868	12.299
8869	12.503
8870	13.325
8871	12.672
8872	13.118
8873	13.748
8874	14.518
8875	13.878
8876	14.142
8877	14.893
8878	14.231
8879	15.25
8880	14.626
8881	15.551
8882	14.944
8883	15.611
8884	16.299
8885	15.651
8886	15.965
8887	16.639
8888	16.018
8889	16.948
8890	16.307
8891	17.253
8892	16.656
8893	17.589
8894	16.906
8895	17.844
8896	17.273
8897	18.196
8898	18.061
8899	17.44
8900	18.315
8901	17.749
8902	18.671
8903	18.546
8904	17.962
8905	18.756
8906	18.262
8907	19.094
8908	18.971
8909	18.424
8910	19.159
8911	18.688
8912	19.527
8913	19.32
8914	18.818
8915	19.496
8916	19.017
8917	19.828
8918	19.65
8919	19.17
8920	19.787
8921	19.352
8922	20.111
8923	19.932
8924	19.478
8925	20.074
8926	19.645
8927	20.389
8928	20.191
8929	19.762
8930	20.3
8931	19.907
8932	20.608
8933	20.394
8934	19.987
8935	20.483
8936	20.102
8937	20.775
8938	20.565
8939	20.192
8940	20.642
8941	20.283
8942	20.933
8943	20.723
8944	20.358
8945	20.778
8946	20.448
8947	21.064
8948	20.821
8949	20.482
8950	20.876
8951	20.567
8952	21.155
8953	20.921
8954	20.591
8955	20.955
8956	20.656
8957	21.222
8958	20.989
8959	20.683
8960	21.01
8961	20.732
8962	21.275
8963	21.019
8964	20.732
8965	21.026
8966	20.768
8967	21.286
8968	21.047
8969	20.764
8970	21.066
8971	20.813
8972	21.312
8973	21.064
8974	20.811
8975	21.066
8976	20.825
8977	21.31
8978	21.083
8979	20.815
8980	21.083
8981	20.854
8982	21.321
8983	21.081
8984	20.817
8985	21.073
8986	20.855
8987	21.31
8988	21.059
8989	20.821
8990	21.052
8991	20.838
8992	21.279
8993	21.049
8994	20.806
8995	21.03
8996	20.829
8997	21.261
8998	21.02
8999	20.777
9000	21.013
9001	20.811
9002	21.234
9003	20.984
9004	20.76
9005	20.966
9006	20.768
9007	21.189
9008	20.951
9009	20.729
9010	20.935
9011	20.741
9012	21.151
9013	20.918
9014	20.704
9015	20.903
9016	20.71
9017	20.881
9018	20.681
9019	20.859
9020	20.681
9021	20.845
9022	20.644
9023	20.825
9024	20.656
9025	21.039
9026	20.8
9027	20.61
9028	20.775
9029	20.608
9030	20.764
9031	20.565
9032	20.765
9033	20.584
9034	20.978
9035	20.754
9036	20.557
9037	20.74
9038	20.552
9039	20.73
9040	20.519
9041	20.719
9042	20.529
9043	20.928
9044	20.706
9045	20.499
9046	20.692
9047	20.503
9048	20.676
9049	20.478
9050	20.659
9051	20.473
9052	20.865
9053	20.639
9054	20.446
9055	20.63
9056	20.441
9057	20.83
9058	20.603
9059	20.425
9060	20.578
9061	20.376
9062	20.588
9063	20.39
9064	20.604
9065	20.4
9066	20.599
9067	20.403
9068	20.588
9069	20.399
9070	20.572
9071	20.378
9072	20.367
9073	20.568
9074	20.57
9075	20.348
9076	20.565
9077	20.569
9078	20.373
9079	20.353
9080	20.563
9081	20.533
9082	20.329
9083	20.552
9084	20.527
9085	20.338
9086	20.323
9087	20.53
9088	20.539
9089	20.327
9090	20.535
9091	20.537
9092	20.345
9093	20.325
9094	20.53
9095	20.525
9096	20.314
9097	20.527
9098	20.525
9099	20.331
9100	20.516
9101	20.316
9102	20.719
9103	20.525
9104	20.297
9105	20.538
9106	20.328
9107	20.527
9108	20.34
9109	20.525
9110	20.299
9111	20.527
9112	20.322
9113	20.535
9114	20.308
9115	20.537
9116	20.334
9117	20.528
9118	20.32
9119	20.527
9120	20.324
9121	20.524
9122	20.319
9123	20.513
9124	20.317
9125	20.516
9126	20.297
9127	20.531
9128	20.322
9129	20.55
9130	20.324
9131	20.556
9132	20.35
9133	20.558
9134	20.33
9135	20.548
9136	20.351
9137	20.536
9138	20.325
9139	20.541
9140	20.355
9141	20.537
9142	20.329
9143	20.538
9144	20.33
9145	20.558
9146	20.324
9147	20.559
9148	20.356
9149	20.544
9150	20.326
9151	20.541
9152	20.336
9153	20.55
9154	20.322
9155	20.552
9156	20.348
9157	20.535
9158	20.326
9159	20.524
9160	20.333
9161	20.534
9162	20.295
9163	20.537
9164	20.332
9165	20.539
9166	20.311
9167	20.539
9168	20.335
9169	20.527
9170	20.315
9171	20.524
9172	20.318
9173	20.516
9174	20.307
9175	20.51
9176	20.315
9177	20.522
9178	20.296
9179	20.524
9180	20.318
9181	20.515
9182	20.296
9183	20.507
9184	20.307
9185	20.489
9186	20.279
9187	20.478
9188	20.272
9189	20.471
9190	20.247
9191	20.47
9192	20.264
9193	20.483
9194	20.24
9195	20.518
9196	20.281
9197	20.51
9198	20.297
9199	20.488
9200	20.266
9201	20.466
9202	20.277
9203	20.705
9204	20.461
9205	20.24
9206	20.665
9207	3.4817
9208	3.6928
9209	21.921
9210	21.677
9211	20.275
9212	20.489
9213	0.64273
9214	0.25499
9215	0.86756
9216	2.7544
9217	2.6088
9218	2.5879
9219	2.4359
9220	2.4425
9221	2.3659
9222	2.3087
9223	2.2025
9224	2.1049
9225	2.0443
9226	1.9942
9227	1.9293
9228	1.8991
9229	1.8581
9230	1.8583
9231	1.8278
9232	1.866
9233	1.8162
9234	1.829
9235	1.8321
9236	1.844
9237	1.8348
9238	1.8237
9239	1.8465
9240	1.8595
9241	1.9034
9242	1.9095
9243	1.9193
9244	1.9399
9245	1.9642
9246	1.9994
9247	2.0089
9248	2.03
9249	2.0782
9250	2.1092
9251	2.1136
9252	2.1012
9253	2.1563
9254	2.2129
9255	1.925
9256	2.2087
9257	2.2266
9258	2.2554
9259	2.2755
9260	1.9505
9261	2.2775
9262	2.2848
9263	2.3061
9264	2.3298
9265	2.3417
9266	2.3518
9267	2.3601
9268	2.3498
9269	2.3718
9270	2.4154
9271	2.1277
9272	2.3886
9273	2.0883
9274	2.3933
9275	2.4401
9276	2.11
9277	2.4154
9278	2.3952
9279	2.3975
9280	2.4237
9281	2.4472
9282	2.4234
9283	2.4216
9284	2.441
9285	2.44
9286	2.4175
9287	2.0871
9288	2.4176
9289	2.4196
9290	2.107
9291	2.4026
9292	2.3952
9293	2.4071
9294	2.403
9295	2.3913
9296	2.406
9297	2.4076
9298	2.3987
9299	2.3935
9300	2.3829
9301	2.3804
9302	2.4154
9303	2.4394
9304	2.4635
9305	2.5067
9306	2.5192
9307	2.5774
9308	2.6374
9309	2.6972
9310	2.782
9311	2.8699
9312	2.9665
9313	3.0831
9314	3.201
9315	3.3057
9316	3.4342
9317	3.5806
9318	3.7112
9319	3.8475
9320	4.0225
9321	4.1778
9322	4.315
9323	4.4358
9324	4.5497
9325	4.7115
9326	4.6487
9327	4.7436
9328	4.7277
9329	4.6333
9330	4.4479
9331	4.2326
9332	3.9101
9333	3.4814
9334	3.0206
9335	2.5394
9336	2.068
9337	1.6726
9338	1.4495
9339	1.3682
9340	1.415
9341	1.582
9342	1.8058
9343	2.0644
9344	2.3511
9345	2.6724
9346	3.3876
9347	3.0212
9348	3.7604
9349	4.1211
9350	4.475
9351	4.8134
9352	5.4138
9353	5.1222
9354	5.6939
9355	5.9663
9356	6.2346
9357	6.5003
9358	6.7633
9359	7.024
9360	7.2822
9361	7.5369
9362	7.7888
9363	8.0409
9364	8.2963
9365	8.5574
9366	8.8254
9367	9.0985
9368	9.3754
9369	9.6607
9370	9.955
9371	10.254
9372	10.557
9373	10.863
9374	11.173
9375	11.49
9376	11.815
9377	12.148
9378	12.489
9379	12.837
9380	13.188
9381	13.543
9382	13.9
9383	14.255
9384	14.607
9385	14.956
9386	15.304
9387	15.65
9388	15.989
9389	16.319
9390	16.643
9391	16.96
9392	17.268
9393	17.566
9394	17.852
9395	18.126
9396	18.385
9397	18.624
9398	18.847
9399	19.063
9400	19.287
9401	19.538
9402	19.809
9403	20.081
9404	20.325
9405	20.525
9406	20.73
9407	20.931
9408	21.107
9409	21.206
9410	21.3
9411	21.407
9412	21.51
9413	21.533
9414	21.543
9415	21.549
9416	21.481
9417	21.42
9418	21.337
9419	21.217
9420	21.048
9421	20.87
9422	20.435
9423	20.699
9424	20.112
9425	19.744
9426	19.379
9427	19.026
9428	18.157
9429	18.583
9430	17.697
9431	17.222
9432	16.671
9433	16.078
9434	15.543
9435	14.917
9436	13.546
9437	14.249
9438	12.83
9439	12.119
9440	11.397
9441	10.667
9442	9.8925
9443	9.0982
9444	8.2667
9445	7.4518
9446	6.6396
9447	5.8539
9448	5.0945
9449	4.4036
9450	3.8842
9451	3.474
9452	3.4126
9453	3.6288
9454	3.1366
9455	2.9491
9456	3.0157
9457	3.2964
9458	3.7693
9459	4.3523
9460	4.9937
9461	5.7035
9462	6.4478
9463	7.2103
9464	7.9698
9465	8.7262
9466	9.4659
9467	10.197
9468	10.919
9469	11.632
9470	12.314
9471	12.988
9472	13.644
9473	14.25
9474	14.85
9475	15.441
9476	15.984
9477	16.536
9478	17.06
9479	17.517
9480	17.97
9481	18.404
9482	18.781
9483	19.169
9484	19.567
9485	19.911
9486	20.234
9487	20.55
9488	20.821
9489	21.073
9490	21.313
9491	21.525
9492	21.709
9493	21.909
9494	22.088
9495	22.218
9496	22.353
9497	22.473
9498	22.581
9499	22.678
9500	22.762
9501	22.842
9502	22.912
9503	22.957
9504	23.003
9505	23.049
9506	23.079
9507	23.104
9508	23.125
9509	23.135
9510	23.125
9511	23.124
9512	23.136
9513	23.127
9514	23.111
9515	23.101
9516	23.081
9517	23.052
9518	23.032
9519	23.011
9520	22.986
9521	22.958
9522	22.929
9523	22.892
9524	22.865
9525	22.837
9526	22.803
9527	22.769
9528	22.74
9529	22.711
9530	22.673
9531	22.649
9532	22.625
9533	22.591
9534	22.554
9535	22.523
9536	22.497
9537	22.473
9538	22.457
9539	22.439
9540	22.412
9541	22.379
9542	22.358
9543	22.344
9544	22.325
9545	22.307
9546	22.29
9547	22.281
9548	22.266
9549	22.254
9550	22.24
9551	22.215
9552	22.195
9553	22.177
9554	22.168
9555	22.157
9556	22.148
9557	22.138
9558	22.134
9559	22.132
9560	22.125
9561	22.125
9562	22.119
9563	22.11
9564	22.104
9565	22.106
9566	22.105
9567	22.093
9568	22.087
9569	22.094
9570	22.093
9571	22.087
9572	22.085
9573	22.092
9574	22.094
9575	22.083
9576	22.086
9577	22.097
9578	22.098
9579	22.088
9580	22.09
9581	22.091
9582	22.086
9583	22.097
9584	22.107
9585	22.116
9586	22.118
9587	22.109
9588	22.107
9589	22.115
9590	22.119
9591	22.11
9592	22.107
9593	22.117
9594	22.124
9595	22.127
9596	22.128
9597	22.127
9598	22.127
9599	22.133
9600	22.139
9601	22.134
9602	22.131
9603	22.138
9604	22.14
9605	22.138
9606	22.139
9607	22.14
9608	22.139
9609	22.143
9610	22.146
9611	22.144
9612	22.144
9613	22.142
9614	22.141
9615	22.138
9616	22.136
9617	22.134
9618	22.134
9619	22.128
9620	22.128
9621	22.141
9622	22.14
9623	22.128
9624	22.123
9625	22.119
9626	22.132
9627	22.148
9628	22.146
9629	22.149
9630	22.139
9631	22.127
9632	22.119
9633	21.874
9634	21.462
9635	1.592
9636	2.1189
9637	1.013
9638	1.2378
9639	0.33254
9640	-5.5199e-002
9641	-6.7657e-002
9642	-9.5871e-002
9643	-0.17056
9644	-0.27688
9645	-0.35442
9646	-0.46282
9647	-0.57004
9648	-0.63644
9649	-0.70821
9650	-0.77575
9651	-0.83269
9652	-0.88806
9653	-0.93022
9654	-0.97086
9655	-1.0245
9656	-1.0249
9657	-1.0512
9658	-1.1359
9659	-1.1614
9660	-1.1622
9661	-1.1794
9662	-1.2077
9663	-1.2131
9664	-1.2155
9665	-1.241
9666	-1.2406
9667	-1.2333
9668	-1.2273
9669	-1.2166
9670	-1.2292
9671	-1.2303
9672	-1.2011
9673	-1.1652
9674	-1.177
9675	-1.2219
9676	-1.208
9677	-1.1822
9678	-1.1927
9679	-1.1981
9680	-1.1824
9681	-1.1534
9682	-1.1519
9683	-1.1424
9684	-1.1145
9685	-1.0838
9686	-1.0662
9687	-1.0375
9688	-1.0197
9689	-1.0468
9690	-1.0385
9691	-1.065
9692	-1.0946
9693	-1.0733
9694	-1.0748
9695	-1.0743
9696	-1.0653
9697	-1.0662
9698	-1.055
9699	-1.015
9700	-1.0052
9701	-1.0165
9702	-0.97007
9703	-0.62396
9704	-0.93546
9705	-0.93751
9706	-0.90416
9707	-0.87182
9708	-0.87711
9709	-0.88927
9710	-0.86199
9711	-0.83137
9712	-0.83055
9713	-0.80365
9714	-0.76344
9715	-0.70894
9716	-0.64531
9717	-0.56507
9718	-0.45494
9719	-0.35236
9720	-0.27828
9721	-0.1317
9722	2.126e-002
9723	0.15383
9724	0.31396
9725	0.49324
9726	0.6476
9727	0.67179
9728	0.84358
9729	0.85957
9730	1.0776
9731	1.2948
9732	1.5382
9733	1.767
9734	1.9928
9735	2.2258
9736	2.4611
9737	2.7
9738	2.9404
9739	3.1872
9740	3.4183
9741	3.6271
9742	3.804
9743	3.9495
9744	4.0238
9745	3.9979
9746	3.8803
9747	3.5696
9748	2.9453
9749	1.8725
9750	-0.36379
9751	-4.0601
9752	-6.7034
9753	-7.5585
9754	-5.95
9755	-8.738
9756	-11.005
9757	-13.933
9758	-16.966
9759	-18.879
9760	-18.525
9761	-15.938
9762	-11.967
9763	-8.0847
9764	-5.3779
9765	-3.5101
9766	-1.8151
9767	-0.83365
9768	-0.17271
9769	0.75027
9770	1.5012
9771	1.9385
9772	2.2825
9773	2.6717
9774	2.576
9775	2.9272
9776	3.7668
9777	4.4172
9778	4.6789
9779	5.224
9780	5.7164
9781	6.0051
9782	6.3861
9783	6.8715
9784	7.2582
9785	7.4683
9786	7.731
9787	8.1279
9788	8.4036
9789	8.6143
9790	9.0212
9791	9.3326
9792	9.5541
9793	9.8973
9794	10.608
9795	10.285
9796	10.892
9797	11.224
9798	11.553
9799	12.108
9800	11.827
9801	12.413
9802	12.681
9803	12.945
9804	13.232
9805	13.497
9806	13.736
9807	13.983
9808	14.213
9809	14.42
9810	14.626
9811	14.829
9812	15.038
9813	15.234
9814	15.573
9815	15.402
9816	15.721
9817	15.844
9818	15.965
9819	16.075
9820	16.258
9821	16.171
9822	16.336
9823	16.399
9824	16.451
9825	16.502
9826	16.55
9827	16.697
9828	16.608
9829	16.81
9830	16.929
9831	17.038
9832	17.121
9833	17.204
9834	17.252
9835	17.249
9836	17.202
9837	17.106
9838	16.972
9839	16.837
9840	16.684
9841	16.503
9842	16.302
9843	16.095
9844	15.859
9845	15.563
9846	15.259
9847	14.996
9848	14.641
9849	14.345
9850	14.03
9851	13.588
9852	13.261
9853	12.916
9854	12.635
9855	12.238
9856	11.639
9857	11.22
9858	10.861
9859	10.502
9860	10.119
9861	9.669
9862	9.2494
9863	8.8923
9864	8.5626
9865	8.2055
9866	7.8498
9867	7.5135
9868	7.1867
9869	6.8979
9870	6.6731
9871	6.4519
9872	6.2096
9873	6.0605
9874	5.9748
9875	5.9085
9876	5.9254
9877	5.9568
9878	6.0399
9879	6.1933
9880	6.4407
9881	6.821
9882	7.4168
9883	7.001
9884	8.4578
9885	10.514
9886	11.814
9887	11.838
9888	10.621
9889	8.9067
9890	7.8277
9891	8.1826
9892	7.6619
9893	7.6158
9894	7.6511
9895	7.7464
9896	8.0735
9897	7.8956
9898	8.2895
9899	8.5466
9900	9.116
9901	8.8335
9902	9.4298
9903	9.7955
9904	10.528
9905	10.177
9906	10.887
9907	11.29
9908	12.064
9909	11.677
9910	12.465
9911	12.852
9912	13.591
9913	13.22
9914	13.963
9915	14.32
9916	14.69
9917	15.042
9918	15.356
9919	15.371
9920	15.686
9921	16.015
9922	16.31
9923	16.589
9924	16.868
9925	17.128
9926	17.395
9927	17.677
9928	17.929
9929	18.142
9930	18.347
9931	18.514
9932	18.691
9933	18.873
9934	19.043
9935	19.19
9936	19.333
9937	19.478
9938	19.594
9939	19.695
9940	19.811
9941	19.91
9942	19.999
9943	20.082
9944	20.151
9945	20.228
9946	20.282
9947	20.326
9948	20.384
9949	20.427
9950	20.454
9951	20.481
9952	20.506
9953	20.53
9954	20.558
9955	20.572
9956	20.574
9957	20.587
9958	20.588
9959	20.591
9960	20.603
9961	20.6
9962	20.592
9963	20.586
9964	20.576
9965	20.568
9966	20.558
9967	20.544
9968	20.531
9969	20.519
9970	20.509
9971	20.496
9972	20.488
9973	20.482
9974	20.467
9975	20.455
9976	20.44
9977	20.417
9978	20.397
9979	20.385
9980	20.376
9981	20.355
9982	20.331
9983	20.319
9984	20.308
9985	20.295
9986	20.289
9987	20.275
9988	20.26
9989	20.248
9990	20.236
9991	20.197
9992	20.188
9993	20.202
9994	20.199
9995	20.203
9996	20.19
9997	20.173
9998	20.17
9999	20.151
10000	20.154
10001	20.157
10002	20.154
10003	20.133
10004	20.14
10005	20.134
10006	20.134
10007	20.134
10008	20.133
10009	20.133
10010	20.124
10011	20.12
10012	20.116
10013	20.123
10014	20.097
10015	20.1
10016	20.13
10017	20.111
10018	20.096
10019	20.103
10020	20.107
10021	20.117
10022	20.117
10023	20.116
10024	20.113
10025	20.1
10026	20.102
10027	20.115
10028	20.124
10029	20.124
10030	20.124
10031	20.128
10032	20.144
10033	20.143
10034	20.122
10035	20.116
10036	20.122
10037	20.123
10038	20.118
10039	20.117
10040	20.12
10041	20.121
10042	20.124
10043	20.104
10044	20.093
10045	20.106
10046	20.107
10047	20.111
10048	20.106
10049	20.101
10050	20.105
10051	20.101
10052	20.092
10053	20.09
10054	20.087
10055	20.079
10056	20.061
10057	20.041
10058	20.039
10059	20.033
10060	20.037
10061	20.059
10062	20.053
10063	20.055
10064	20.052
10065	20.053
10066	20.091
10067	20.306
10068	16.285
10069	9.7665
10070	9.6813
10071	16.983
10072	1.2688
10073	-3.684
10074	17.017
10075	-1.5447
10076	14.126
10077	-5.0858
10078	0.10602
10079	7.8613
10080	10.344
10081	12.767
10082	1.4752
10083	1.8007
10084	-3.8242
10085	18.893
10086	0.77313
10087	1.5996
10088	15.62
10089	6.7271
10090	1.276
10091	12.544
10092	18.781
10093	2.2903
10094	0.61059
10095	9.8872
10096	0.99794
10097	4.0779
10098	13.483
10099	11.881
10100	10.272
10101	8.8372
10102	7.779
10103	20.329
10104	20.34
10105	20.363
10106	20.371
10107	0.36848
10108	6.7946
10109	6.8923
10110	17.919
10111	14.413
10112	12.676
10113	-0.17718
10114	3.5441
10115	18.231
10116	14.301
10117	14.402
10118	14.503
10119	18.613
10120	11.937
10121	17.038
10122	7.2909
10123	0.78293
10124	10.44
10125	10.589
10126	1.1444
10127	17.379
10128	10.753
10129	3.9357
10130	3.9767
10131	4.007
10132	6.6308
10133	6.9531
10134	6.9068
10135	9.9162
10136	10.028
10137	6.8872
10138	-2.299
10139	13.952
10140	13.915
10141	-4.9438
10142	1.7694
10143	2.0974
10144	2.2214
10145	7.6941
10146	6.4825
10147	8.5792
10148	9.7739
10149	0.39979
10150	7.8361
10151	7.872
10152	0.52373
10153	20.69
10154	9.2576
10155	3.8014
10156	1.6635
10157	3.445
10158	14.286
10159	1.6634
10160	2.1155
10161	12.591
10162	9.8213
10163	6.0384
10164	11.729
10165	4.0203
10166	4.3055
10167	5.2243
10168	21.331
10169	21.099
10170	21.137
10171	20.904
10172	-3.2773
10173	-2.8264
10174	-2.2405
10175	-1.7896
10176	-1.3915
10177	-0.89763
10178	-0.49958
10179	4.3815
10180	4.3358
10181	4.7105
10182	4.6648
10183	4.6256
10184	4.9738
10185	4.9346
10186	2.6468
10187	2.5587
10188	3.0972
10189	3.0091
10190	21.082
