Node Number	Thermal Strain (mm/mm)
1	9.2022e-003
2	9.201e-003
3	9.1826e-003
4	9.1831e-003
5	9.1835e-003
6	9.184e-003
7	9.1845e-003
8	9.1849e-003
9	9.1853e-003
10	9.1857e-003
11	9.1861e-003
12	9.1864e-003
13	9.1867e-003
14	9.187e-003
15	9.1873e-003
16	9.1876e-003
17	9.1879e-003
18	9.1881e-003
19	9.1884e-003
20	9.1886e-003
21	9.1888e-003
22	9.189e-003
23	9.1892e-003
24	9.1894e-003
25	9.1896e-003
26	9.1897e-003
27	9.1899e-003
28	9.19e-003
29	9.1902e-003
30	9.1903e-003
31	9.1904e-003
32	9.1906e-003
33	9.1907e-003
34	9.1908e-003
35	9.191e-003
36	9.1911e-003
37	9.1913e-003
38	9.1915e-003
39	9.1918e-003
40	9.192e-003
41	9.1923e-003
42	9.1927e-003
43	9.1931e-003
44	9.1935e-003
45	9.1941e-003
46	9.1946e-003
47	9.1953e-003
48	9.196e-003
49	9.1968e-003
50	9.1976e-003
51	9.1985e-003
52	9.1994e-003
53	9.2003e-003
54	9.2011e-003
55	9.2018e-003
56	9.2023e-003
57	9.2025e-003
58	9.173e-003
59	9.1819e-003
60	9.1813e-003
61	9.1806e-003
62	9.1799e-003
63	9.1793e-003
64	9.1787e-003
65	9.1781e-003
66	9.1776e-003
67	9.1771e-003
68	9.1766e-003
69	9.1762e-003
70	9.1758e-003
71	9.1755e-003
72	9.1752e-003
73	9.1749e-003
74	9.1746e-003
75	9.1744e-003
76	9.1742e-003
77	9.174e-003
78	9.1738e-003
79	9.1736e-003
80	9.1735e-003
81	9.1733e-003
82	9.1731e-003
83	9.1604e-003
84	9.1728e-003
85	9.1727e-003
86	9.1726e-003
87	9.1725e-003
88	9.1724e-003
89	9.1722e-003
90	9.1721e-003
91	9.172e-003
92	9.1719e-003
93	9.1717e-003
94	9.1716e-003
95	9.1715e-003
96	9.1713e-003
97	9.1712e-003
98	9.171e-003
99	9.1708e-003
100	9.1706e-003
101	9.1704e-003
102	9.1702e-003
103	9.1699e-003
104	9.1696e-003
105	9.1692e-003
106	9.1688e-003
107	9.1683e-003
108	9.1678e-003
109	9.1671e-003
110	9.1664e-003
111	9.1656e-003
112	9.1647e-003
113	9.1637e-003
114	9.1626e-003
115	9.1615e-003
116	9.1697e-003
117	9.1697e-003
118	9.1697e-003
119	9.1697e-003
120	9.1697e-003
121	9.1697e-003
122	9.1697e-003
123	9.1697e-003
124	9.1696e-003
125	9.1696e-003
126	9.1696e-003
127	9.1696e-003
128	9.1695e-003
129	9.1695e-003
130	9.1694e-003
131	9.1694e-003
132	9.1693e-003
133	9.1692e-003
134	9.1691e-003
135	9.1689e-003
136	9.1687e-003
137	9.1685e-003
138	9.1683e-003
139	9.168e-003
140	9.1676e-003
141	9.1671e-003
142	9.1666e-003
143	9.166e-003
144	9.1653e-003
145	9.1644e-003
146	9.1635e-003
147	9.1625e-003
148	9.1615e-003
149	9.1714e-003
150	9.1714e-003
151	9.1714e-003
152	9.1714e-003
153	9.1714e-003
154	9.1714e-003
155	9.1714e-003
156	9.1714e-003
157	9.1714e-003
158	9.1714e-003
159	9.1714e-003
160	9.1713e-003
161	9.1713e-003
162	9.1713e-003
163	9.1712e-003
164	9.1712e-003
165	9.1712e-003
166	9.1711e-003
167	9.1711e-003
168	9.1711e-003
169	9.171e-003
170	9.171e-003
171	9.1709e-003
172	9.1709e-003
173	9.1709e-003
174	9.1708e-003
175	9.1708e-003
176	9.1708e-003
177	9.1708e-003
178	9.1707e-003
179	9.1707e-003
180	9.1707e-003
181	9.1707e-003
182	9.1706e-003
183	9.1706e-003
184	9.1706e-003
185	9.1706e-003
186	9.1705e-003
187	9.1705e-003
188	9.1705e-003
189	9.1705e-003
190	9.1705e-003
191	9.1705e-003
192	9.1704e-003
193	9.1704e-003
194	9.1704e-003
195	9.1704e-003
196	9.1704e-003
197	9.1704e-003
198	9.1704e-003
199	9.1704e-003
200	9.1703e-003
201	9.1703e-003
202	9.1703e-003
203	9.1703e-003
204	9.1703e-003
205	9.1703e-003
206	9.1703e-003
207	9.1703e-003
208	9.1703e-003
209	9.1703e-003
210	9.1702e-003
211	9.1702e-003
212	9.1702e-003
213	9.1702e-003
214	9.1702e-003
215	9.1702e-003
216	9.1702e-003
217	9.1702e-003
218	9.1702e-003
219	9.1702e-003
220	9.1702e-003
221	9.1702e-003
222	9.1701e-003
223	9.1701e-003
224	9.1701e-003
225	9.1701e-003
226	9.1701e-003
227	9.1701e-003
228	9.1701e-003
229	9.1701e-003
230	9.1701e-003
231	9.1701e-003
232	9.1701e-003
233	9.1701e-003
234	9.1701e-003
235	9.1701e-003
236	9.1701e-003
237	9.1701e-003
238	9.17e-003
239	9.17e-003
240	9.17e-003
241	9.17e-003
242	9.17e-003
243	9.17e-003
244	9.17e-003
245	9.17e-003
246	9.17e-003
247	9.17e-003
248	9.17e-003
249	9.17e-003
250	9.17e-003
251	9.17e-003
252	9.17e-003
253	9.17e-003
254	9.17e-003
255	9.17e-003
256	9.1699e-003
257	9.1699e-003
258	9.1699e-003
259	9.1699e-003
260	9.1699e-003
261	9.1699e-003
262	9.1699e-003
263	9.1699e-003
264	9.1699e-003
265	9.1699e-003
266	9.1699e-003
267	9.1699e-003
268	9.1699e-003
269	9.1699e-003
270	9.1699e-003
271	9.1699e-003
272	9.1699e-003
273	9.1699e-003
274	9.1699e-003
275	9.1699e-003
276	9.1699e-003
277	9.1698e-003
278	9.1698e-003
279	9.1698e-003
280	9.1698e-003
281	9.1698e-003
282	9.1698e-003
283	9.1698e-003
284	9.1698e-003
285	9.1698e-003
286	9.1698e-003
287	9.1698e-003
288	9.1698e-003
289	9.1698e-003
290	9.1698e-003
291	9.1698e-003
292	9.1698e-003
293	9.1698e-003
294	9.1698e-003
295	9.1698e-003
296	9.1698e-003
297	9.1698e-003
298	9.1914e-003
299	9.1743e-003
300	9.1774e-003
301	9.1807e-003
302	9.1838e-003
303	9.1866e-003
304	9.1893e-003
305	9.1909e-003
306	9.192e-003
307	9.1925e-003
308	9.1929e-003
309	9.1927e-003
310	9.1929e-003
311	9.1929e-003
312	9.1929e-003
313	9.1927e-003
314	9.1927e-003
315	9.1927e-003
316	9.1925e-003
317	9.1925e-003
318	9.1925e-003
319	9.1924e-003
320	9.1923e-003
321	9.1923e-003
322	9.1922e-003
323	9.1922e-003
324	9.1922e-003
325	9.1921e-003
326	9.192e-003
327	9.192e-003
328	9.192e-003
329	9.1919e-003
330	9.1919e-003
331	9.1919e-003
332	9.1919e-003
333	9.1918e-003
334	9.1918e-003
335	9.1918e-003
336	9.1918e-003
337	9.1917e-003
338	9.1917e-003
339	9.1917e-003
340	9.1917e-003
341	9.1917e-003
342	9.1916e-003
343	9.1916e-003
344	9.1916e-003
345	9.1916e-003
346	9.1916e-003
347	9.1916e-003
348	9.1916e-003
349	9.1915e-003
350	9.1915e-003
351	9.1915e-003
352	9.1915e-003
353	9.1915e-003
354	9.1915e-003
355	9.1915e-003
356	9.1914e-003
357	9.1914e-003
358	9.1914e-003
359	9.1914e-003
360	9.1914e-003
361	9.1914e-003
362	9.1914e-003
363	9.1914e-003
364	9.1914e-003
365	9.1914e-003
366	9.1914e-003
367	9.1913e-003
368	9.1913e-003
369	9.1913e-003
370	9.1913e-003
371	9.1913e-003
372	9.1913e-003
373	9.1913e-003
374	9.1913e-003
375	9.1913e-003
376	9.1913e-003
377	9.1913e-003
378	9.1913e-003
379	9.1913e-003
380	9.1912e-003
381	9.1912e-003
382	9.1912e-003
383	9.1912e-003
384	9.1912e-003
385	9.1912e-003
386	9.1912e-003
387	9.1912e-003
388	9.1912e-003
389	9.1912e-003
390	9.1912e-003
391	9.1912e-003
392	9.1912e-003
393	9.1912e-003
394	9.1912e-003
395	9.1912e-003
396	9.1912e-003
397	9.1911e-003
398	9.1911e-003
399	9.1911e-003
400	9.1911e-003
401	9.1911e-003
402	9.1911e-003
403	9.1911e-003
404	9.1911e-003
405	9.1911e-003
406	9.1911e-003
407	9.1911e-003
408	9.1911e-003
409	9.1911e-003
410	9.1911e-003
411	9.1911e-003
412	9.1911e-003
413	9.1911e-003
414	9.1911e-003
415	9.191e-003
416	9.191e-003
417	9.191e-003
418	9.191e-003
419	9.191e-003
420	9.191e-003
421	9.191e-003
422	9.191e-003
423	9.191e-003
424	9.191e-003
425	9.191e-003
426	9.191e-003
427	9.191e-003
428	9.191e-003
429	9.191e-003
430	9.191e-003
431	9.191e-003
432	9.191e-003
433	9.191e-003
434	9.191e-003
435	9.191e-003
436	9.1909e-003
437	9.1909e-003
438	9.1909e-003
439	9.1909e-003
440	9.1909e-003
441	9.1909e-003
442	9.1909e-003
443	9.1909e-003
444	9.1909e-003
445	9.1909e-003
446	9.1909e-003
447	9.1909e-003
448	9.1909e-003
449	9.1909e-003
450	9.1909e-003
451	9.1909e-003
452	9.1909e-003
453	9.1909e-003
454	9.1909e-003
455	9.1907e-003
456	9.1909e-003
457	9.1909e-003
458	9.1909e-003
459	9.1909e-003
460	9.1909e-003
461	9.1909e-003
462	9.1909e-003
463	9.1908e-003
464	9.1908e-003
465	9.1908e-003
466	9.1908e-003
467	9.1908e-003
468	9.1908e-003
469	9.1908e-003
470	9.1908e-003
471	9.1908e-003
472	9.1908e-003
473	9.1908e-003
474	9.1908e-003
475	9.1908e-003
476	9.1908e-003
477	9.1908e-003
478	9.1908e-003
479	9.1908e-003
480	9.1908e-003
481	9.1909e-003
482	9.1909e-003
483	9.1909e-003
484	9.1909e-003
485	9.1939e-003
486	9.1938e-003
487	9.1937e-003
488	9.1936e-003
489	9.1935e-003
490	9.1934e-003
491	9.1933e-003
492	9.1932e-003
493	9.1931e-003
494	9.193e-003
495	9.1929e-003
496	9.1928e-003
497	9.1927e-003
498	9.1926e-003
499	9.1925e-003
500	9.1924e-003
501	9.1923e-003
502	9.1922e-003
503	9.1921e-003
504	9.192e-003
505	9.1918e-003
506	9.1917e-003
507	9.1916e-003
508	9.1915e-003
509	9.1914e-003
510	9.1913e-003
511	9.1912e-003
512	9.1912e-003
513	9.1911e-003
514	9.191e-003
515	9.2037e-003
516	9.2023e-003
517	9.2014e-003
518	9.2003e-003
519	9.1998e-003
520	9.1991e-003
521	9.1984e-003
522	9.198e-003
523	9.1977e-003
524	9.197e-003
525	9.1968e-003
526	9.1966e-003
527	9.1963e-003
528	9.1958e-003
529	9.1956e-003
530	9.1954e-003
531	9.1952e-003
532	9.1951e-003
533	9.1949e-003
534	9.1947e-003
535	9.1946e-003
536	9.1944e-003
537	9.1943e-003
538	9.1942e-003
539	9.1941e-003
540	9.194e-003
541	9.2324e-003
542	9.205e-003
543	9.2063e-003
544	9.2066e-003
545	9.2062e-003
546	9.2068e-003
547	9.2067e-003
548	9.2065e-003
549	9.2073e-003
550	9.207e-003
551	9.2069e-003
552	9.2081e-003
553	9.2076e-003
554	9.2074e-003
555	9.2088e-003
556	9.2078e-003
557	9.2081e-003
558	9.2095e-003
559	9.2083e-003
560	9.2102e-003
561	9.2096e-003
562	9.2088e-003
563	9.2107e-003
564	9.2094e-003
565	9.2093e-003
566	9.2113e-003
567	9.2097e-003
568	9.21e-003
569	9.2116e-003
570	9.2101e-003
571	9.2103e-003
572	9.2121e-003
573	9.2091e-003
574	9.2109e-003
575	9.2115e-003
576	9.2106e-003
577	9.2123e-003
578	9.2124e-003
579	9.2102e-003
580	9.2124e-003
581	9.2094e-003
582	9.2107e-003
583	9.2129e-003
584	9.2074e-003
585	9.2102e-003
586	9.2087e-003
587	9.2084e-003
588	9.2076e-003
589	9.2112e-003
590	9.2039e-003
591	9.2131e-003
592	9.2098e-003
593	9.2024e-003
594	9.2158e-003
595	9.2105e-003
596	9.21e-003
597	9.226e-003
598	9.2024e-003
599	9.1957e-003
600	9.213e-003
601	9.2034e-003
602	9.2095e-003
603	9.2067e-003
604	9.2063e-003
605	9.214e-003
606	9.2165e-003
607	9.2149e-003
608	9.3574e-003
609	9.2928e-003
610	9.3424e-003
611	9.3754e-003
612	9.0656e-003
613	9.3098e-003
614	9.2584e-003
615	9.248e-003
616	9.2264e-003
617	9.2507e-003
618	9.2197e-003
619	9.1841e-003
620	9.1459e-003
621	9.1393e-003
622	9.1355e-003
623	9.1312e-003
624	9.1281e-003
625	9.1259e-003
626	9.1232e-003
627	9.1211e-003
628	9.1196e-003
629	9.1176e-003
630	9.1159e-003
631	9.1147e-003
632	9.113e-003
633	9.1116e-003
634	9.1106e-003
635	9.1091e-003
636	9.1078e-003
637	9.1068e-003
638	9.1055e-003
639	9.1046e-003
640	9.1039e-003
641	9.1029e-003
642	9.102e-003
643	9.1014e-003
644	9.1005e-003
645	9.0996e-003
646	9.0989e-003
647	9.0981e-003
648	9.0972e-003
649	9.0966e-003
650	9.0958e-003
651	9.0949e-003
652	9.0942e-003
653	9.0934e-003
654	9.0924e-003
655	9.0917e-003
656	9.0908e-003
657	9.0898e-003
658	9.089e-003
659	9.0881e-003
660	9.087e-003
661	9.0863e-003
662	9.0856e-003
663	9.0849e-003
664	9.0844e-003
665	9.0838e-003
666	9.0831e-003
667	9.0826e-003
668	9.082e-003
669	9.0813e-003
670	9.0807e-003
671	9.0801e-003
672	9.0794e-003
673	9.0787e-003
674	9.0782e-003
675	9.0774e-003
676	9.0766e-003
677	9.076e-003
678	9.0752e-003
679	9.0746e-003
680	9.0742e-003
681	9.0737e-003
682	9.0732e-003
683	9.0729e-003
684	9.0724e-003
685	9.0719e-003
686	9.0716e-003
687	9.0711e-003
688	9.0706e-003
689	9.0702e-003
690	9.0696e-003
691	9.0691e-003
692	9.0686e-003
693	9.068e-003
694	9.0674e-003
695	9.0671e-003
696	9.0668e-003
697	9.0664e-003
698	9.0662e-003
699	9.0659e-003
700	9.0656e-003
701	9.0653e-003
702	9.065e-003
703	9.0646e-003
704	9.0644e-003
705	9.064e-003
706	9.0635e-003
707	9.0632e-003
708	9.0628e-003
709	9.0625e-003
710	9.0623e-003
711	9.0621e-003
712	9.0619e-003
713	9.0618e-003
714	9.0616e-003
715	9.0614e-003
716	9.0612e-003
717	9.061e-003
718	9.0608e-003
719	9.0605e-003
720	9.0603e-003
721	9.06e-003
722	9.0598e-003
723	9.0597e-003
724	9.0596e-003
725	9.0596e-003
726	9.06e-003
727	9.0637e-003
728	9.0348e-003
729	9.0577e-003
730	9.0527e-003
731	9.0483e-003
732	9.0443e-003
733	9.0409e-003
734	9.0378e-003
735	9.1989e-003
736	9.1957e-003
737	9.1913e-003
738	9.1857e-003
739	9.1791e-003
740	9.1719e-003
741	9.1642e-003
742	9.1565e-003
743	9.1489e-003
744	9.1416e-003
745	9.1349e-003
746	9.1288e-003
747	9.1232e-003
748	9.1182e-003
749	9.1138e-003
750	9.1098e-003
751	9.1063e-003
752	9.1031e-003
753	9.1003e-003
754	9.0977e-003
755	9.0954e-003
756	9.0933e-003
757	9.0914e-003
758	9.0897e-003
759	9.0881e-003
760	9.0866e-003
761	9.0852e-003
762	9.0839e-003
763	9.0827e-003
764	9.0816e-003
765	9.0805e-003
766	9.0795e-003
767	9.0785e-003
768	9.0775e-003
769	9.0766e-003
770	9.0757e-003
771	9.0748e-003
772	9.074e-003
773	9.0731e-003
774	9.0723e-003
775	9.0714e-003
776	9.0706e-003
777	9.0698e-003
778	9.069e-003
779	9.0682e-003
780	9.0674e-003
781	9.0666e-003
782	9.0659e-003
783	9.0651e-003
784	9.0644e-003
785	9.0637e-003
786	9.063e-003
787	9.0623e-003
788	9.0616e-003
789	9.061e-003
790	9.0603e-003
791	9.0597e-003
792	9.059e-003
793	9.0584e-003
794	9.0578e-003
795	9.0572e-003
796	9.0565e-003
797	9.0559e-003
798	9.0553e-003
799	9.0548e-003
800	9.0542e-003
801	9.0536e-003
802	9.0531e-003
803	9.0526e-003
804	9.052e-003
805	9.0515e-003
806	9.0511e-003
807	9.0506e-003
808	9.0501e-003
809	9.0496e-003
810	9.0492e-003
811	9.0487e-003
812	9.0483e-003
813	9.0478e-003
814	9.0474e-003
815	9.047e-003
816	9.0466e-003
817	9.0462e-003
818	9.0458e-003
819	9.0454e-003
820	9.0451e-003
821	9.0447e-003
822	9.0444e-003
823	9.044e-003
824	9.0437e-003
825	9.0434e-003
826	9.0431e-003
827	9.0428e-003
828	9.0425e-003
829	9.0422e-003
830	9.0419e-003
831	9.0416e-003
832	9.0413e-003
833	9.0411e-003
834	9.0408e-003
835	9.0406e-003
836	9.0404e-003
837	9.0401e-003
838	9.0399e-003
839	9.0396e-003
840	9.0394e-003
841	9.0392e-003
842	9.0389e-003
843	9.0387e-003
844	9.0384e-003
845	9.0381e-003
846	9.0378e-003
847	9.0374e-003
848	9.037e-003
849	9.0365e-003
850	9.036e-003
851	9.0354e-003
852	9.2142e-003
853	9.208e-003
854	9.2048e-003
855	9.2004e-003
856	9.1976e-003
857	9.1966e-003
858	9.1956e-003
859	9.196e-003
860	9.2209e-003
861	9.215e-003
862	9.2123e-003
863	9.2061e-003
864	9.2032e-003
865	9.203e-003
866	9.2025e-003
867	9.2018e-003
868	9.2021e-003
869	9.2009e-003
870	9.2009e-003
871	9.201e-003
872	9.201e-003
873	9.2003e-003
874	9.2001e-003
875	9.1996e-003
876	9.2e-003
877	9.1996e-003
878	9.1981e-003
879	9.1986e-003
880	9.1972e-003
881	9.1965e-003
882	9.1943e-003
883	9.1926e-003
884	9.2257e-003
885	9.216e-003
886	9.2209e-003
887	9.2121e-003
888	9.2083e-003
889	9.2053e-003
890	9.2066e-003
891	9.2034e-003
892	9.2027e-003
893	9.2015e-003
894	9.2007e-003
895	9.2012e-003
896	9.1994e-003
897	9.1989e-003
898	9.199e-003
899	9.1988e-003
900	9.199e-003
901	9.1991e-003
902	9.1989e-003
903	9.1986e-003
904	9.1981e-003
905	9.1977e-003
906	9.198e-003
907	9.1973e-003
908	9.1975e-003
909	9.1973e-003
910	9.1976e-003
911	9.1967e-003
912	9.1972e-003
913	9.196e-003
914	9.1949e-003
915	9.1955e-003
916	9.1946e-003
917	9.1944e-003
918	9.1947e-003
919	9.1935e-003
920	9.1939e-003
921	9.1926e-003
922	9.1915e-003
923	9.1921e-003
924	9.1899e-003
925	9.1908e-003
926	9.1914e-003
927	9.218e-003
928	9.2303e-003
929	9.2329e-003
930	9.2354e-003
931	9.2344e-003
932	9.2254e-003
933	9.2172e-003
934	9.2117e-003
935	9.2078e-003
936	9.2072e-003
937	9.2068e-003
938	9.2047e-003
939	9.2046e-003
940	9.2044e-003
941	9.2041e-003
942	9.2038e-003
943	9.2035e-003
944	9.2036e-003
945	9.2038e-003
946	9.2036e-003
947	9.203e-003
948	9.2029e-003
949	9.203e-003
950	9.2032e-003
951	9.203e-003
952	9.2031e-003
953	9.203e-003
954	9.2024e-003
955	9.2022e-003
956	9.202e-003
957	9.2018e-003
958	9.202e-003
959	9.2019e-003
960	9.2017e-003
961	9.201e-003
962	9.2003e-003
963	9.2007e-003
964	9.1997e-003
965	9.1994e-003
966	9.1985e-003
967	9.1981e-003
968	9.1977e-003
969	9.1974e-003
970	9.1965e-003
971	9.1946e-003
972	9.1935e-003
973	9.1918e-003
974	9.2184e-003
975	9.1731e-003
976	9.0499e-003
977	9.0466e-003
978	9.0473e-003
979	9.0469e-003
980	9.048e-003
981	9.0475e-003
982	9.048e-003
983	9.048e-003
984	9.0487e-003
985	9.0484e-003
986	9.0494e-003
987	9.049e-003
988	9.0497e-003
989	9.0494e-003
990	9.0501e-003
991	9.0501e-003
992	9.0507e-003
993	9.0514e-003
994	9.051e-003
995	9.0521e-003
996	9.0515e-003
997	9.0525e-003
998	9.0521e-003
999	9.0533e-003
1000	9.0528e-003
1001	9.054e-003
1002	9.0547e-003
1003	9.0542e-003
1004	9.0555e-003
1005	9.0562e-003
1006	9.0572e-003
1007	9.0565e-003
1008	9.0581e-003
1009	9.0591e-003
1010	9.0585e-003
1011	9.0599e-003
1012	9.0593e-003
1013	9.0609e-003
1014	9.0601e-003
1015	9.062e-003
1016	9.0613e-003
1017	9.063e-003
1018	9.064e-003
1019	9.0636e-003
1020	9.0655e-003
1021	9.0666e-003
1022	9.066e-003
1023	9.0681e-003
1024	9.0672e-003
1025	9.0694e-003
1026	9.0685e-003
1027	9.0707e-003
1028	9.0718e-003
1029	9.0711e-003
1030	9.0732e-003
1031	9.0724e-003
1032	9.0747e-003
1033	9.0737e-003
1034	9.0763e-003
1035	9.0752e-003
1036	9.0768e-003
1037	9.0796e-003
1038	9.0787e-003
1039	9.0814e-003
1040	9.0804e-003
1041	9.083e-003
1042	9.082e-003
1043	9.0845e-003
1044	9.0834e-003
1045	9.0864e-003
1046	9.0852e-003
1047	9.0882e-003
1048	9.0874e-003
1049	9.09e-003
1050	9.0893e-003
1051	9.0922e-003
1052	9.0913e-003
1053	9.095e-003
1054	9.0936e-003
1055	9.0979e-003
1056	9.0963e-003
1057	9.1014e-003
1058	9.1056e-003
1059	9.1033e-003
1060	9.1104e-003
1061	9.1078e-003
1062	9.1166e-003
1063	9.1244e-003
1064	9.1345e-003
1065	9.1291e-003
1066	9.1478e-003
1067	9.1407e-003
1068	9.1647e-003
1069	9.1558e-003
1070	9.1839e-003
1071	9.1744e-003
1072	9.2041e-003
1073	9.1932e-003
1074	9.2077e-003
1075	9.2118e-003
1076	9.2117e-003
1077	9.2092e-003
1078	9.2105e-003
1079	9.2063e-003
1080	9.2038e-003
1081	9.2049e-003
1082	9.2018e-003
1083	9.2006e-003
1084	9.2012e-003
1085	9.1998e-003
1086	9.1989e-003
1087	9.1994e-003
1088	9.1978e-003
1089	9.1972e-003
1090	9.1971e-003
1091	9.1967e-003
1092	9.1969e-003
1093	9.197e-003
1094	9.1969e-003
1095	9.1965e-003
1096	9.1961e-003
1097	9.1957e-003
1098	9.196e-003
1099	9.1953e-003
1100	9.1954e-003
1101	9.1952e-003
1102	9.1953e-003
1103	9.1945e-003
1104	9.1929e-003
1105	9.1934e-003
1106	9.1924e-003
1107	9.1927e-003
1108	9.1922e-003
1109	9.1925e-003
1110	9.1914e-003
1111	9.1905e-003
1112	9.191e-003
1113	9.1894e-003
1114	9.1883e-003
1115	9.1888e-003
1116	9.1894e-003
1117	9.1884e-003
1118	9.1888e-003
1119	9.1871e-003
1120	9.1879e-003
1121	9.1861e-003
1122	9.1851e-003
1123	9.1844e-003
1124	9.1846e-003
1125	9.1838e-003
1126	9.1833e-003
1127	9.1831e-003
1128	9.1831e-003
1129	9.1826e-003
1130	9.1827e-003
1131	9.1822e-003
1132	9.1823e-003
1133	9.1818e-003
1134	9.1819e-003
1135	9.1816e-003
1136	9.1816e-003
1137	9.1815e-003
1138	9.1814e-003
1139	9.1814e-003
1140	9.1814e-003
1141	9.1809e-003
1142	9.181e-003
1143	9.1807e-003
1144	9.1808e-003
1145	9.1804e-003
1146	9.1805e-003
1147	9.1802e-003
1148	9.1802e-003
1149	9.18e-003
1150	9.18e-003
1151	9.1796e-003
1152	9.1797e-003
1153	9.1792e-003
1154	9.1786e-003
1155	9.1789e-003
1156	9.178e-003
1157	9.1784e-003
1158	9.177e-003
1159	9.1755e-003
1160	9.1764e-003
1161	9.1734e-003
1162	9.1744e-003
1163	9.1733e-003
1164	9.175e-003
1165	9.1741e-003
1166	9.1762e-003
1167	9.177e-003
1168	9.1775e-003
1169	9.1778e-003
1170	9.1776e-003
1171	9.178e-003
1172	9.1783e-003
1173	9.178e-003
1174	9.1783e-003
1175	9.1784e-003
1176	9.1783e-003
1177	9.1786e-003
1178	9.1785e-003
1179	9.1784e-003
1180	9.1785e-003
1181	9.1784e-003
1182	9.1785e-003
1183	9.1784e-003
1184	9.1786e-003
1185	9.1784e-003
1186	9.1786e-003
1187	9.1785e-003
1188	9.1786e-003
1189	9.1785e-003
1190	9.1786e-003
1191	9.1785e-003
1192	9.1786e-003
1193	9.1783e-003
1194	9.1785e-003
1195	9.1785e-003
1196	9.1786e-003
1197	9.1785e-003
1198	9.1786e-003
1199	9.1785e-003
1200	9.1787e-003
1201	9.1786e-003
1202	9.1788e-003
1203	9.1787e-003
1204	9.1787e-003
1205	9.1787e-003
1206	9.1787e-003
1207	9.1786e-003
1208	9.1787e-003
1209	9.1786e-003
1210	9.1787e-003
1211	9.1786e-003
1212	9.1787e-003
1213	9.1786e-003
1214	9.1788e-003
1215	9.1786e-003
1216	9.1788e-003
1217	9.1787e-003
1218	9.1787e-003
1219	9.1786e-003
1220	9.1789e-003
1221	9.1787e-003
1222	9.1788e-003
1223	9.1787e-003
1224	9.1788e-003
1225	9.1787e-003
1226	9.1787e-003
1227	9.1787e-003
1228	9.1787e-003
1229	9.1786e-003
1230	9.1788e-003
1231	9.1787e-003
1232	9.1789e-003
1233	9.1787e-003
1234	9.1788e-003
1235	9.1787e-003
1236	9.1789e-003
1237	9.1788e-003
1238	9.1789e-003
1239	9.1787e-003
1240	9.1788e-003
1241	9.1789e-003
1242	9.1787e-003
1243	9.1789e-003
1244	9.1788e-003
1245	9.179e-003
1246	9.1788e-003
1247	9.179e-003
1248	9.1789e-003
1249	9.179e-003
1250	9.1789e-003
1251	9.1789e-003
1252	9.1789e-003
1253	9.179e-003
1254	9.1788e-003
1255	9.1791e-003
1256	9.179e-003
1257	9.1791e-003
1258	9.179e-003
1259	9.179e-003
1260	9.1794e-003
1261	9.179e-003
1262	9.1792e-003
1263	9.179e-003
1264	9.179e-003
1265	9.179e-003
1266	9.1791e-003
1267	9.1791e-003
1268	9.1792e-003
1269	9.1792e-003
1270	9.1791e-003
1271	9.1791e-003
1272	9.179e-003
1273	9.1792e-003
1274	9.1792e-003
1275	9.1792e-003
1276	9.1791e-003
1277	9.1791e-003
1278	9.1791e-003
1279	9.1793e-003
1280	9.1791e-003
1281	9.1794e-003
1282	9.1792e-003
1283	9.1794e-003
1284	9.1792e-003
1285	9.1793e-003
1286	9.1793e-003
1287	9.1795e-003
1288	9.1792e-003
1289	9.1794e-003
1290	9.1793e-003
1291	9.1794e-003
1292	9.1793e-003
1293	9.1795e-003
1294	9.1793e-003
1295	9.1796e-003
1296	9.1794e-003
1297	9.1797e-003
1298	9.1795e-003
1299	9.1797e-003
1300	9.1795e-003
1301	9.1798e-003
1302	9.1796e-003
1303	9.1798e-003
1304	9.1796e-003
1305	9.1799e-003
1306	9.1797e-003
1307	9.18e-003
1308	9.1798e-003
1309	9.1802e-003
1310	9.1799e-003
1311	9.1802e-003
1312	9.1801e-003
1313	9.1803e-003
1314	9.1801e-003
1315	9.1801e-003
1316	9.1802e-003
1317	9.18e-003
1318	9.18e-003
1319	9.1795e-003
1320	9.0462e-003
1321	9.0504e-003
1322	9.0509e-003
1323	9.0511e-003
1324	9.052e-003
1325	9.0523e-003
1326	9.0527e-003
1327	9.053e-003
1328	9.0536e-003
1329	9.0544e-003
1330	9.0546e-003
1331	9.0551e-003
1332	9.0552e-003
1333	9.0555e-003
1334	9.0562e-003
1335	9.0565e-003
1336	9.057e-003
1337	9.0573e-003
1338	9.0577e-003
1339	9.0584e-003
1340	9.0592e-003
1341	9.0603e-003
1342	9.0605e-003
1343	9.0612e-003
1344	9.0615e-003
1345	9.062e-003
1346	9.0629e-003
1347	9.0639e-003
1348	9.0654e-003
1349	9.0659e-003
1350	9.0669e-003
1351	9.0687e-003
1352	9.0699e-003
1353	9.0703e-003
1354	9.0714e-003
1355	9.0724e-003
1356	9.0737e-003
1357	9.0747e-003
1358	9.0752e-003
1359	9.0762e-003
1360	9.0777e-003
1361	9.0793e-003
1362	9.081e-003
1363	9.0827e-003
1364	9.0834e-003
1365	9.0844e-003
1366	9.0854e-003
1367	9.0859e-003
1368	9.0864e-003
1369	9.0876e-003
1370	9.0894e-003
1371	9.0913e-003
1372	9.0931e-003
1373	9.0951e-003
1374	9.0978e-003
1375	9.1005e-003
1376	9.102e-003
1377	9.1038e-003
1378	9.1077e-003
1379	9.1122e-003
1380	9.1178e-003
1381	9.1251e-003
1382	9.1295e-003
1383	9.1346e-003
1384	9.1478e-003
1385	9.1659e-003
1386	9.1884e-003
1387	9.2091e-003
1388	9.2453e-003
1389	9.2479e-003
1390	9.2485e-003
1391	9.2455e-003
1392	9.2405e-003
1393	9.2281e-003
1394	9.218e-003
1395	9.2123e-003
1396	9.2104e-003
1397	9.2093e-003
1398	9.2083e-003
1399	9.208e-003
1400	9.208e-003
1401	9.2065e-003
1402	9.2061e-003
1403	9.2059e-003
1404	9.2056e-003
1405	9.2054e-003
1406	9.2049e-003
1407	9.205e-003
1408	9.2052e-003
1409	9.2051e-003
1410	9.2048e-003
1411	9.2048e-003
1412	9.2049e-003
1413	9.205e-003
1414	9.2052e-003
1415	9.2051e-003
1416	9.205e-003
1417	9.2049e-003
1418	9.2048e-003
1419	9.2045e-003
1420	9.2044e-003
1421	9.2042e-003
1422	9.2041e-003
1423	9.204e-003
1424	9.2041e-003
1425	9.204e-003
1426	9.2039e-003
1427	9.2038e-003
1428	9.2037e-003
1429	9.2031e-003
1430	9.2028e-003
1431	9.2024e-003
1432	9.2022e-003
1433	9.2025e-003
1434	9.2025e-003
1435	9.2022e-003
1436	9.2018e-003
1437	9.2016e-003
1438	9.2014e-003
1439	9.2011e-003
1440	9.2006e-003
1441	9.2002e-003
1442	9.1996e-003
1443	9.1994e-003
1444	9.1988e-003
1445	9.1984e-003
1446	9.1977e-003
1447	9.1966e-003
1448	9.196e-003
1449	9.195e-003
1450	9.1937e-003
1451	9.1912e-003
1452	9.1899e-003
1453	9.1893e-003
1454	9.1891e-003
1455	9.188e-003
1456	9.1873e-003
1457	9.1872e-003
1458	9.1868e-003
1459	9.1862e-003
1460	9.1859e-003
1461	9.1855e-003
1462	9.1851e-003
1463	9.185e-003
1464	9.1847e-003
1465	9.1848e-003
1466	9.1846e-003
1467	9.1845e-003
1468	9.1843e-003
1469	9.184e-003
1470	9.1839e-003
1471	9.1837e-003
1472	9.1834e-003
1473	9.1835e-003
1474	9.1833e-003
1475	9.183e-003
1476	9.1827e-003
1477	9.1823e-003
1478	9.1823e-003
1479	9.1818e-003
1480	9.1816e-003
1481	9.1811e-003
1482	9.1804e-003
1483	9.179e-003
1484	9.1774e-003
1485	9.1778e-003
1486	9.1788e-003
1487	9.1792e-003
1488	9.1797e-003
1489	9.18e-003
1490	9.1805e-003
1491	9.1805e-003
1492	9.1807e-003
1493	9.1808e-003
1494	9.1811e-003
1495	9.181e-003
1496	9.1813e-003
1497	9.1813e-003
1498	9.1815e-003
1499	9.1814e-003
1500	9.1814e-003
1501	9.1814e-003
1502	9.1814e-003
1503	9.1814e-003
1504	9.1815e-003
1505	9.1814e-003
1506	9.1815e-003
1507	9.1812e-003
1508	9.1815e-003
1509	9.1814e-003
1510	9.1815e-003
1511	9.1816e-003
1512	9.1816e-003
1513	9.1816e-003
1514	9.1816e-003
1515	9.1815e-003
1516	9.1815e-003
1517	9.1816e-003
1518	9.1815e-003
1519	9.1815e-003
1520	9.1816e-003
1521	9.1817e-003
1522	9.1817e-003
1523	9.1817e-003
1524	9.1817e-003
1525	9.1817e-003
1526	9.1817e-003
1527	9.1817e-003
1528	9.1817e-003
1529	9.1817e-003
1530	9.1817e-003
1531	9.1819e-003
1532	9.1818e-003
1533	9.1818e-003
1534	9.1818e-003
1535	9.1818e-003
1536	9.1818e-003
1537	9.1818e-003
1538	9.1818e-003
1539	9.1818e-003
1540	9.1819e-003
1541	9.1818e-003
1542	9.1819e-003
1543	9.1818e-003
1544	9.182e-003
1545	9.1819e-003
1546	9.1819e-003
1547	9.182e-003
1548	9.1819e-003
1549	9.1817e-003
1550	9.1819e-003
1551	9.1818e-003
1552	9.1817e-003
1553	9.1819e-003
1554	9.1821e-003
1555	9.1821e-003
1556	9.1824e-003
1557	9.1823e-003
1558	9.182e-003
1559	9.1819e-003
1560	9.1819e-003
1561	9.1819e-003
1562	9.182e-003
1563	9.1818e-003
1564	9.182e-003
1565	9.1819e-003
1566	9.182e-003
1567	9.182e-003
1568	9.1821e-003
1569	9.182e-003
1570	9.1821e-003
1571	9.1819e-003
1572	9.1821e-003
1573	9.182e-003
1574	9.1821e-003
1575	9.182e-003
1576	9.1822e-003
1577	9.1821e-003
1578	9.1822e-003
1579	9.182e-003
1580	9.1821e-003
1581	9.1822e-003
1582	9.1821e-003
1583	9.1822e-003
1584	9.1821e-003
1585	9.1822e-003
1586	9.1822e-003
1587	9.1822e-003
1588	9.1823e-003
1589	9.1826e-003
1590	9.1823e-003
1591	9.1823e-003
1592	9.1821e-003
1593	9.1822e-003
1594	9.1822e-003
1595	9.1824e-003
1596	9.1823e-003
1597	9.1824e-003
1598	9.1823e-003
1599	9.1824e-003
1600	9.1823e-003
1601	9.1825e-003
1602	9.1824e-003
1603	9.1825e-003
1604	9.1825e-003
1605	9.1826e-003
1606	9.1826e-003
1607	9.1829e-003
1608	9.1827e-003
1609	9.1829e-003
1610	9.1827e-003
1611	9.1829e-003
1612	9.1828e-003
1613	9.1831e-003
1614	9.1829e-003
1615	9.183e-003
1616	9.183e-003
1617	9.1831e-003
1618	9.1831e-003
1619	9.1832e-003
1620	9.1832e-003
1621	9.1834e-003
1622	9.1833e-003
1623	9.1833e-003
1624	9.183e-003
1625	9.1829e-003
1626	9.1831e-003
1627	9.0497e-003
1628	9.0435e-003
1629	9.043e-003
1630	9.0443e-003
1631	9.0438e-003
1632	9.0448e-003
1633	9.0445e-003
1634	9.0451e-003
1635	9.045e-003
1636	9.0457e-003
1637	9.0456e-003
1638	9.0463e-003
1639	9.0459e-003
1640	9.0466e-003
1641	9.0465e-003
1642	9.0471e-003
1643	9.047e-003
1644	9.0476e-003
1645	9.0475e-003
1646	9.0483e-003
1647	9.0481e-003
1648	9.0494e-003
1649	9.0486e-003
1650	9.0495e-003
1651	9.0492e-003
1652	9.0503e-003
1653	9.0498e-003
1654	9.051e-003
1655	9.0505e-003
1656	9.0516e-003
1657	9.0512e-003
1658	9.0524e-003
1659	9.0518e-003
1660	9.0532e-003
1661	9.0542e-003
1662	9.0536e-003
1663	9.0551e-003
1664	9.056e-003
1665	9.0554e-003
1666	9.0569e-003
1667	9.0561e-003
1668	9.0579e-003
1669	9.0573e-003
1670	9.059e-003
1671	9.0583e-003
1672	9.0606e-003
1673	9.0625e-003
1674	9.0617e-003
1675	9.0637e-003
1676	9.063e-003
1677	9.0651e-003
1678	9.0642e-003
1679	9.0662e-003
1680	9.0655e-003
1681	9.0668e-003
1682	9.0681e-003
1683	9.0702e-003
1684	9.0694e-003
1685	9.0717e-003
1686	9.0708e-003
1687	9.0732e-003
1688	9.0724e-003
1689	9.0749e-003
1690	9.0739e-003
1691	9.0767e-003
1692	9.0756e-003
1693	9.0783e-003
1694	9.0773e-003
1695	9.0798e-003
1696	9.0789e-003
1697	9.0816e-003
1698	9.0806e-003
1699	9.0832e-003
1700	9.0824e-003
1701	9.0853e-003
1702	9.0844e-003
1703	9.0873e-003
1704	9.0865e-003
1705	9.0895e-003
1706	9.0884e-003
1707	9.0922e-003
1708	9.0909e-003
1709	9.095e-003
1710	9.0937e-003
1711	9.0989e-003
1712	9.097e-003
1713	9.1032e-003
1714	9.1008e-003
1715	9.1084e-003
1716	9.1056e-003
1717	9.1148e-003
1718	9.1112e-003
1719	9.123e-003
1720	9.1186e-003
1721	9.1335e-003
1722	9.1278e-003
1723	9.1464e-003
1724	9.1397e-003
1725	9.1622e-003
1726	9.1541e-003
1727	9.1793e-003
1728	9.1708e-003
1729	9.1949e-003
1730	9.1879e-003
1731	9.2037e-003
1732	9.1994e-003
1733	9.2075e-003
1734	9.2059e-003
1735	9.208e-003
1736	9.2082e-003
1737	9.2064e-003
1738	9.2073e-003
1739	9.2043e-003
1740	9.2055e-003
1741	9.2021e-003
1742	9.2031e-003
1743	9.2002e-003
1744	9.201e-003
1745	9.1989e-003
1746	9.1995e-003
1747	9.198e-003
1748	9.1984e-003
1749	9.197e-003
1750	9.1975e-003
1751	9.196e-003
1752	9.1966e-003
1753	9.1953e-003
1754	9.1956e-003
1755	9.1952e-003
1756	9.1953e-003
1757	9.1948e-003
1758	9.195e-003
1759	9.1948e-003
1760	9.1948e-003
1761	9.1945e-003
1762	9.1945e-003
1763	9.1941e-003
1764	9.1943e-003
1765	9.1937e-003
1766	9.194e-003
1767	9.1934e-003
1768	9.1934e-003
1769	9.1933e-003
1770	9.1933e-003
1771	9.193e-003
1772	9.1932e-003
1773	9.1924e-003
1774	9.1928e-003
1775	9.1919e-003
1776	9.1922e-003
1777	9.1911e-003
1778	9.1915e-003
1779	9.1905e-003
1780	9.1908e-003
1781	9.1901e-003
1782	9.1904e-003
1783	9.1893e-003
1784	9.1897e-003
1785	9.1884e-003
1786	9.1889e-003
1787	9.1874e-003
1788	9.188e-003
1789	9.1864e-003
1790	9.1869e-003
1791	9.1865e-003
1792	9.1863e-003
1793	9.1858e-003
1794	9.1864e-003
1795	9.1844e-003
1796	9.185e-003
1797	9.1833e-003
1798	9.1837e-003
1799	9.1823e-003
1800	9.1827e-003
1801	9.1817e-003
1802	9.1819e-003
1803	9.1809e-003
1804	9.1812e-003
1805	9.1804e-003
1806	9.1806e-003
1807	9.1802e-003
1808	9.1802e-003
1809	9.1797e-003
1810	9.1798e-003
1811	9.1793e-003
1812	9.1794e-003
1813	9.1789e-003
1814	9.1789e-003
1815	9.1787e-003
1816	9.1787e-003
1817	9.1788e-003
1818	9.1785e-003
1819	9.1784e-003
1820	9.1778e-003
1821	9.1781e-003
1822	9.1776e-003
1823	9.1779e-003
1824	9.1774e-003
1825	9.1778e-003
1826	9.1773e-003
1827	9.1771e-003
1828	9.1769e-003
1829	9.1768e-003
1830	9.1766e-003
1831	9.1765e-003
1832	9.1762e-003
1833	9.1763e-003
1834	9.1755e-003
1835	9.1755e-003
1836	9.1749e-003
1837	9.1754e-003
1838	9.1739e-003
1839	9.1743e-003
1840	9.1723e-003
1841	9.1731e-003
1842	9.1703e-003
1843	9.1713e-003
1844	9.1694e-003
1845	9.168e-003
1846	9.1698e-003
1847	9.1687e-003
1848	9.1715e-003
1849	9.1706e-003
1850	9.1729e-003
1851	9.1721e-003
1852	9.1737e-003
1853	9.1733e-003
1854	9.1745e-003
1855	9.174e-003
1856	9.1747e-003
1857	9.1745e-003
1858	9.175e-003
1859	9.1747e-003
1860	9.1754e-003
1861	9.175e-003
1862	9.1753e-003
1863	9.1752e-003
1864	9.1754e-003
1865	9.1753e-003
1866	9.1756e-003
1867	9.1754e-003
1868	9.1754e-003
1869	9.1754e-003
1870	9.1756e-003
1871	9.1754e-003
1872	9.1756e-003
1873	9.1755e-003
1874	9.1755e-003
1875	9.1754e-003
1876	9.1757e-003
1877	9.1754e-003
1878	9.1756e-003
1879	9.1755e-003
1880	9.1757e-003
1881	9.1755e-003
1882	9.1757e-003
1883	9.1755e-003
1884	9.1756e-003
1885	9.1755e-003
1886	9.1757e-003
1887	9.1755e-003
1888	9.1757e-003
1889	9.1756e-003
1890	9.1757e-003
1891	9.1756e-003
1892	9.1759e-003
1893	9.1757e-003
1894	9.1757e-003
1895	9.1757e-003
1896	9.1757e-003
1897	9.1757e-003
1898	9.1758e-003
1899	9.1757e-003
1900	9.1757e-003
1901	9.1757e-003
1902	9.1757e-003
1903	9.1757e-003
1904	9.1757e-003
1905	9.1755e-003
1906	9.1759e-003
1907	9.1757e-003
1908	9.1757e-003
1909	9.1757e-003
1910	9.1758e-003
1911	9.1756e-003
1912	9.1759e-003
1913	9.1757e-003
1914	9.1759e-003
1915	9.1757e-003
1916	9.1758e-003
1917	9.1758e-003
1918	9.1758e-003
1919	9.1755e-003
1920	9.1758e-003
1921	9.1757e-003
1922	9.1758e-003
1923	9.1758e-003
1924	9.1759e-003
1925	9.1758e-003
1926	9.1759e-003
1927	9.1758e-003
1928	9.1758e-003
1929	9.1757e-003
1930	9.1758e-003
1931	9.1757e-003
1932	9.176e-003
1933	9.1757e-003
1934	9.1759e-003
1935	9.1759e-003
1936	9.1759e-003
1937	9.1759e-003
1938	9.1759e-003
1939	9.1758e-003
1940	9.1759e-003
1941	9.1758e-003
1942	9.1759e-003
1943	9.1757e-003
1944	9.1762e-003
1945	9.1759e-003
1946	9.176e-003
1947	9.1759e-003
1948	9.1761e-003
1949	9.176e-003
1950	9.1761e-003
1951	9.1762e-003
1952	9.1761e-003
1953	9.176e-003
1954	9.1761e-003
1955	9.176e-003
1956	9.1762e-003
1957	9.1758e-003
1958	9.1761e-003
1959	9.176e-003
1960	9.1762e-003
1961	9.176e-003
1962	9.1763e-003
1963	9.176e-003
1964	9.1764e-003
1965	9.1761e-003
1966	9.1763e-003
1967	9.176e-003
1968	9.1761e-003
1969	9.1761e-003
1970	9.1761e-003
1971	9.176e-003
1972	9.176e-003
1973	9.1761e-003
1974	9.1762e-003
1975	9.1762e-003
1976	9.1762e-003
1977	9.1761e-003
1978	9.1762e-003
1979	9.176e-003
1980	9.1763e-003
1981	9.1762e-003
1982	9.1763e-003
1983	9.1761e-003
1984	9.1766e-003
1985	9.1763e-003
1986	9.1764e-003
1987	9.1763e-003
1988	9.1765e-003
1989	9.1763e-003
1990	9.1766e-003
1991	9.1764e-003
1992	9.1764e-003
1993	9.1764e-003
1994	9.1766e-003
1995	9.1764e-003
1996	9.1766e-003
1997	9.1765e-003
1998	9.1767e-003
1999	9.1766e-003
2000	9.1769e-003
2001	9.1766e-003
2002	9.1768e-003
2003	9.1767e-003
2004	9.1769e-003
2005	9.1767e-003
2006	9.177e-003
2007	9.1768e-003
2008	9.1771e-003
2009	9.1769e-003
2010	9.1771e-003
2011	9.177e-003
2012	9.1771e-003
2013	9.1771e-003
2014	9.1772e-003
2015	9.177e-003
2016	9.1772e-003
2017	9.177e-003
2018	9.1768e-003
2019	9.1773e-003
2020	9.1771e-003
2021	9.1768e-003
2022	9.1804e-003
2023	9.1776e-003
2024	9.1771e-003
2025	9.0454e-003
2026	9.1834e-003
2027	9.0532e-003
2028	9.0531e-003
2029	9.0533e-003
2030	9.0537e-003
2031	9.0537e-003
2032	9.054e-003
2033	9.0539e-003
2034	9.0544e-003
2035	9.0546e-003
2036	9.0549e-003
2037	9.055e-003
2038	9.0553e-003
2039	9.0554e-003
2040	9.0557e-003
2041	9.056e-003
2042	9.0561e-003
2043	9.0565e-003
2044	9.0568e-003
2045	9.0568e-003
2046	9.0574e-003
2047	9.0576e-003
2048	9.0583e-003
2049	9.0583e-003
2050	9.0587e-003
2051	9.0589e-003
2052	9.0592e-003
2053	9.0595e-003
2054	9.06e-003
2055	9.0602e-003
2056	9.0607e-003
2057	9.061e-003
2058	9.0615e-003
2059	9.0616e-003
2060	9.0623e-003
2061	9.063e-003
2062	9.0632e-003
2063	9.0637e-003
2064	9.0643e-003
2065	9.0646e-003
2066	9.0653e-003
2067	9.065e-003
2068	9.066e-003
2069	9.0662e-003
2070	9.0669e-003
2071	9.0674e-003
2072	9.0682e-003
2073	9.0684e-003
2074	9.069e-003
2075	9.0696e-003
2076	9.07e-003
2077	9.0709e-003
2078	9.0717e-003
2079	9.0722e-003
2080	9.0731e-003
2081	9.0735e-003
2082	9.0742e-003
2083	9.0747e-003
2084	9.0755e-003
2085	9.076e-003
2086	9.077e-003
2087	9.0777e-003
2088	9.0783e-003
2089	9.0793e-003
2090	9.0799e-003
2091	9.0807e-003
2092	9.0814e-003
2093	9.0824e-003
2094	9.0832e-003
2095	9.0842e-003
2096	9.085e-003
2097	9.086e-003
2098	9.0866e-003
2099	9.0875e-003
2100	9.0884e-003
2101	9.0891e-003
2102	9.0896e-003
2103	9.0907e-003
2104	9.0916e-003
2105	9.0924e-003
2106	9.0934e-003
2107	9.0942e-003
2108	9.0971e-003
2109	9.0979e-003
2110	9.0992e-003
2111	9.1004e-003
2112	9.1015e-003
2113	9.103e-003
2114	9.1044e-003
2115	9.1061e-003
2116	9.1077e-003
2117	9.1095e-003
2118	9.1115e-003
2119	9.1137e-003
2120	9.116e-003
2121	9.1187e-003
2122	9.1217e-003
2123	9.1251e-003
2124	9.129e-003
2125	9.1337e-003
2126	9.1391e-003
2127	9.146e-003
2128	9.1547e-003
2129	9.1667e-003
2130	9.1794e-003
2131	9.1929e-003
2132	9.2181e-003
2133	9.2292e-003
2134	9.2376e-003
2135	9.2538e-003
2136	9.2653e-003
2137	9.2687e-003
2138	9.2671e-003
2139	9.2593e-003
2140	9.2483e-003
2141	9.237e-003
2142	9.2281e-003
2143	9.2218e-003
2144	9.2175e-003
2145	9.2137e-003
2146	9.2113e-003
2147	9.2101e-003
2148	9.2087e-003
2149	9.2081e-003
2150	9.2084e-003
2151	9.209e-003
2152	9.2091e-003
2153	9.2084e-003
2154	9.2081e-003
2155	9.2075e-003
2156	9.2068e-003
2157	9.2069e-003
2158	9.2066e-003
2159	9.2062e-003
2160	9.2062e-003
2161	9.2063e-003
2162	9.2064e-003
2163	9.2064e-003
2164	9.2067e-003
2165	9.2068e-003
2166	9.2067e-003
2167	9.2068e-003
2168	9.207e-003
2169	9.2071e-003
2170	9.2072e-003
2171	9.2072e-003
2172	9.207e-003
2173	9.2068e-003
2174	9.2067e-003
2175	9.2066e-003
2176	9.2065e-003
2177	9.2064e-003
2178	9.2062e-003
2179	9.2061e-003
2180	9.2061e-003
2181	9.2061e-003
2182	9.206e-003
2183	9.2059e-003
2184	9.2058e-003
2185	9.2057e-003
2186	9.2055e-003
2187	9.2052e-003
2188	9.2049e-003
2189	9.2046e-003
2190	9.2044e-003
2191	9.2044e-003
2192	9.2043e-003
2193	9.2041e-003
2194	9.2038e-003
2195	9.2036e-003
2196	9.2034e-003
2197	9.2031e-003
2198	9.2027e-003
2199	9.2024e-003
2200	9.2022e-003
2201	9.2019e-003
2202	9.2016e-003
2203	9.2012e-003
2204	9.2006e-003
2205	9.1999e-003
2206	9.1989e-003
2207	9.1981e-003
2208	9.1971e-003
2209	9.1961e-003
2210	9.1948e-003
2211	9.1939e-003
2212	9.1931e-003
2213	9.1927e-003
2214	9.1921e-003
2215	9.1918e-003
2216	9.1912e-003
2217	9.1908e-003
2218	9.1903e-003
2219	9.1901e-003
2220	9.1898e-003
2221	9.1896e-003
2222	9.1893e-003
2223	9.1892e-003
2224	9.1888e-003
2225	9.1887e-003
2226	9.1885e-003
2227	9.1887e-003
2228	9.1883e-003
2229	9.1881e-003
2230	9.188e-003
2231	9.1877e-003
2232	9.1879e-003
2233	9.1878e-003
2234	9.1875e-003
2235	9.1876e-003
2236	9.1873e-003
2237	9.1875e-003
2238	9.1871e-003
2239	9.1871e-003
2240	9.1867e-003
2241	9.1868e-003
2242	9.1865e-003
2243	9.1868e-003
2244	9.1864e-003
2245	9.1863e-003
2246	9.1862e-003
2247	9.1861e-003
2248	9.1859e-003
2249	9.1859e-003
2250	9.1855e-003
2251	9.1856e-003
2252	9.1853e-003
2253	9.185e-003
2254	9.1848e-003
2255	9.1845e-003
2256	9.1843e-003
2257	9.1839e-003
2258	9.1829e-003
2259	9.182e-003
2260	9.1813e-003
2261	9.1816e-003
2262	9.1821e-003
2263	9.1829e-003
2264	9.1831e-003
2265	9.1835e-003
2266	9.1835e-003
2267	9.1838e-003
2268	9.1838e-003
2269	9.1841e-003
2270	9.1842e-003
2271	9.1842e-003
2272	9.1845e-003
2273	9.1846e-003
2274	9.1845e-003
2275	9.1844e-003
2276	9.1845e-003
2277	9.1844e-003
2278	9.1845e-003
2279	9.1847e-003
2280	9.1844e-003
2281	9.1845e-003
2282	9.1847e-003
2283	9.1846e-003
2284	9.1848e-003
2285	9.1847e-003
2286	9.1846e-003
2287	9.1846e-003
2288	9.1846e-003
2289	9.1846e-003
2290	9.1843e-003
2291	9.1847e-003
2292	9.1845e-003
2293	9.1846e-003
2294	9.1845e-003
2295	9.1847e-003
2296	9.1845e-003
2297	9.1848e-003
2298	9.1847e-003
2299	9.1847e-003
2300	9.1847e-003
2301	9.1848e-003
2302	9.1846e-003
2303	9.1847e-003
2304	9.1847e-003
2305	9.1847e-003
2306	9.1847e-003
2307	9.1847e-003
2308	9.1847e-003
2309	9.1847e-003
2310	9.1846e-003
2311	9.1848e-003
2312	9.1847e-003
2313	9.1847e-003
2314	9.1847e-003
2315	9.1847e-003
2316	9.1846e-003
2317	9.1848e-003
2318	9.1848e-003
2319	9.1849e-003
2320	9.1847e-003
2321	9.1848e-003
2322	9.1848e-003
2323	9.1848e-003
2324	9.1846e-003
2325	9.1848e-003
2326	9.1846e-003
2327	9.1848e-003
2328	9.1847e-003
2329	9.1848e-003
2330	9.1845e-003
2331	9.1849e-003
2332	9.1845e-003
2333	9.1848e-003
2334	9.1847e-003
2335	9.1849e-003
2336	9.1847e-003
2337	9.1849e-003
2338	9.1847e-003
2339	9.1849e-003
2340	9.1848e-003
2341	9.185e-003
2342	9.1848e-003
2343	9.185e-003
2344	9.1849e-003
2345	9.1852e-003
2346	9.1849e-003
2347	9.1849e-003
2348	9.1848e-003
2349	9.1849e-003
2350	9.1848e-003
2351	9.1849e-003
2352	9.1848e-003
2353	9.185e-003
2354	9.1849e-003
2355	9.1851e-003
2356	9.185e-003
2357	9.185e-003
2358	9.1853e-003
2359	9.1853e-003
2360	9.185e-003
2361	9.185e-003
2362	9.185e-003
2363	9.185e-003
2364	9.1852e-003
2365	9.1851e-003
2366	9.1849e-003
2367	9.1851e-003
2368	9.1852e-003
2369	9.1851e-003
2370	9.1852e-003
2371	9.1851e-003
2372	9.185e-003
2373	9.1852e-003
2374	9.1852e-003
2375	9.1851e-003
2376	9.1852e-003
2377	9.1853e-003
2378	9.1851e-003
2379	9.1851e-003
2380	9.1853e-003
2381	9.1852e-003
2382	9.1853e-003
2383	9.1851e-003
2384	9.1853e-003
2385	9.1852e-003
2386	9.1853e-003
2387	9.1853e-003
2388	9.1855e-003
2389	9.1853e-003
2390	9.1853e-003
2391	9.1851e-003
2392	9.1853e-003
2393	9.1851e-003
2394	9.1855e-003
2395	9.1854e-003
2396	9.1855e-003
2397	9.1855e-003
2398	9.1855e-003
2399	9.1852e-003
2400	9.1855e-003
2401	9.1855e-003
2402	9.1856e-003
2403	9.1854e-003
2404	9.1856e-003
2405	9.1857e-003
2406	9.1859e-003
2407	9.1856e-003
2408	9.1859e-003
2409	9.1856e-003
2410	9.1859e-003
2411	9.1858e-003
2412	9.186e-003
2413	9.186e-003
2414	9.1861e-003
2415	9.1858e-003
2416	9.1861e-003
2417	9.186e-003
2418	9.1862e-003
2419	9.1863e-003
2420	9.1864e-003
2421	9.1864e-003
2422	9.1864e-003
2423	9.1862e-003
2424	9.1859e-003
2425	9.1863e-003
2426	9.1863e-003
2427	9.1867e-003
2428	9.1646e-003
2429	9.1774e-003
2430	9.1864e-003
2431	9.053e-003
2432	9.0382e-003
2433	9.0389e-003
2434	9.0395e-003
2435	9.0401e-003
2436	9.0406e-003
2437	9.041e-003
2438	9.0414e-003
2439	9.0414e-003
2440	9.0419e-003
2441	9.0422e-003
2442	9.0423e-003
2443	9.0428e-003
2444	9.043e-003
2445	9.0433e-003
2446	9.0435e-003
2447	9.0436e-003
2448	9.044e-003
2449	9.044e-003
2450	9.0447e-003
2451	9.0448e-003
2452	9.0451e-003
2453	9.0454e-003
2454	9.0454e-003
2455	9.0461e-003
2456	9.0461e-003
2457	9.0467e-003
2458	9.0468e-003
2459	9.0473e-003
2460	9.0476e-003
2461	9.048e-003
2462	9.0481e-003
2463	9.0487e-003
2464	9.049e-003
2465	9.0498e-003
2466	9.0495e-003
2467	9.0503e-003
2468	9.0506e-003
2469	9.0512e-003
2470	9.0514e-003
2471	9.0521e-003
2472	9.0525e-003
2473	9.0531e-003
2474	9.0534e-003
2475	9.054e-003
2476	9.0544e-003
2477	9.055e-003
2478	9.0555e-003
2479	9.0563e-003
2480	9.0564e-003
2481	9.0571e-003
2482	9.0579e-003
2483	9.0582e-003
2484	9.0587e-003
2485	9.0597e-003
2486	9.0601e-003
2487	9.0609e-003
2488	9.0611e-003
2489	9.0619e-003
2490	9.0626e-003
2491	9.0632e-003
2492	9.0637e-003
2493	9.0645e-003
2494	9.0652e-003
2495	9.0659e-003
2496	9.0665e-003
2497	9.0674e-003
2498	9.068e-003
2499	9.0687e-003
2500	9.0695e-003
2501	9.0703e-003
2502	9.0709e-003
2503	9.0718e-003
2504	9.0725e-003
2505	9.0735e-003
2506	9.0744e-003
2507	9.0753e-003
2508	9.0758e-003
2509	9.077e-003
2510	9.0776e-003
2511	9.0787e-003
2512	9.0797e-003
2513	9.0804e-003
2514	9.0815e-003
2515	9.0824e-003
2516	9.0835e-003
2517	9.0845e-003
2518	9.0856e-003
2519	9.0866e-003
2520	9.088e-003
2521	9.0895e-003
2522	9.0909e-003
2523	9.0924e-003
2524	9.0944e-003
2525	9.0962e-003
2526	9.098e-003
2527	9.1005e-003
2528	9.103e-003
2529	9.1061e-003
2530	9.1127e-003
2531	9.1165e-003
2532	9.1209e-003
2533	9.1256e-003
2534	9.1314e-003
2535	9.1376e-003
2536	9.1441e-003
2537	9.1516e-003
2538	9.1594e-003
2539	9.1673e-003
2540	9.1751e-003
2541	9.1826e-003
2542	9.1892e-003
2543	9.1943e-003
2544	9.1986e-003
2545	9.2016e-003
2546	9.2036e-003
2547	9.2046e-003
2548	9.2049e-003
2549	9.2046e-003
2550	9.2032e-003
2551	9.2023e-003
2552	9.2013e-003
2553	9.2003e-003
2554	9.1994e-003
2555	9.1978e-003
2556	9.1972e-003
2557	9.1966e-003
2558	9.1961e-003
2559	9.1956e-003
2560	9.1951e-003
2561	9.1947e-003
2562	9.1942e-003
2563	9.1939e-003
2564	9.1936e-003
2565	9.1934e-003
2566	9.1933e-003
2567	9.1931e-003
2568	9.1929e-003
2569	9.1928e-003
2570	9.1927e-003
2571	9.1926e-003
2572	9.1924e-003
2573	9.1923e-003
2574	9.1921e-003
2575	9.192e-003
2576	9.1918e-003
2577	9.1916e-003
2578	9.1915e-003
2579	9.1913e-003
2580	9.1912e-003
2581	9.1911e-003
2582	9.1909e-003
2583	9.1907e-003
2584	9.1904e-003
2585	9.1902e-003
2586	9.1899e-003
2587	9.1895e-003
2588	9.1892e-003
2589	9.1889e-003
2590	9.1886e-003
2591	9.1884e-003
2592	9.188e-003
2593	9.1877e-003
2594	9.1873e-003
2595	9.1869e-003
2596	9.1864e-003
2597	9.186e-003
2598	9.1855e-003
2599	9.185e-003
2600	9.1845e-003
2601	9.1841e-003
2602	9.1838e-003
2603	9.1834e-003
2604	9.1828e-003
2605	9.1821e-003
2606	9.1814e-003
2607	9.1809e-003
2608	9.1805e-003
2609	9.1799e-003
2610	9.1795e-003
2611	9.179e-003
2612	9.1789e-003
2613	9.1784e-003
2614	9.1781e-003
2615	9.1776e-003
2616	9.1777e-003
2617	9.1771e-003
2618	9.1771e-003
2619	9.1768e-003
2620	9.1767e-003
2621	9.1764e-003
2622	9.1763e-003
2623	9.1761e-003
2624	9.1757e-003
2625	9.1757e-003
2626	9.1756e-003
2627	9.1756e-003
2628	9.1753e-003
2629	9.1752e-003
2630	9.175e-003
2631	9.1749e-003
2632	9.1746e-003
2633	9.1747e-003
2634	9.1744e-003
2635	9.1741e-003
2636	9.174e-003
2637	9.1741e-003
2638	9.1737e-003
2639	9.1737e-003
2640	9.1732e-003
2641	9.1731e-003
2642	9.1727e-003
2643	9.1725e-003
2644	9.1722e-003
2645	9.1717e-003
2646	9.1712e-003
2647	9.1707e-003
2648	9.1699e-003
2649	9.1692e-003
2650	9.1664e-003
2651	9.1651e-003
2652	9.1656e-003
2653	9.1667e-003
2654	9.1676e-003
2655	9.1683e-003
2656	9.169e-003
2657	9.1698e-003
2658	9.1702e-003
2659	9.1706e-003
2660	9.1709e-003
2661	9.1713e-003
2662	9.1714e-003
2663	9.1717e-003
2664	9.1717e-003
2665	9.1721e-003
2666	9.1721e-003
2667	9.1722e-003
2668	9.1722e-003
2669	9.1724e-003
2670	9.1723e-003
2671	9.1724e-003
2672	9.1725e-003
2673	9.1725e-003
2674	9.1725e-003
2675	9.1726e-003
2676	9.1724e-003
2677	9.1726e-003
2678	9.1726e-003
2679	9.1726e-003
2680	9.1726e-003
2681	9.1728e-003
2682	9.1726e-003
2683	9.1726e-003
2684	9.1726e-003
2685	9.1726e-003
2686	9.1725e-003
2687	9.1727e-003
2688	9.1725e-003
2689	9.1726e-003
2690	9.1726e-003
2691	9.1728e-003
2692	9.1725e-003
2693	9.1727e-003
2694	9.1726e-003
2695	9.1727e-003
2696	9.1727e-003
2697	9.1727e-003
2698	9.1727e-003
2699	9.1728e-003
2700	9.1726e-003
2701	9.1727e-003
2702	9.1727e-003
2703	9.1728e-003
2704	9.1727e-003
2705	9.1728e-003
2706	9.1727e-003
2707	9.1727e-003
2708	9.1727e-003
2709	9.1729e-003
2710	9.1727e-003
2711	9.1728e-003
2712	9.1727e-003
2713	9.1728e-003
2714	9.1727e-003
2715	9.1729e-003
2716	9.1728e-003
2717	9.1728e-003
2718	9.1727e-003
2719	9.1728e-003
2720	9.1727e-003
2721	9.1728e-003
2722	9.1728e-003
2723	9.1728e-003
2724	9.1728e-003
2725	9.1729e-003
2726	9.1728e-003
2727	9.1728e-003
2728	9.1728e-003
2729	9.173e-003
2730	9.1727e-003
2731	9.1729e-003
2732	9.1728e-003
2733	9.173e-003
2734	9.1729e-003
2735	9.173e-003
2736	9.1728e-003
2737	9.1729e-003
2738	9.1728e-003
2739	9.1729e-003
2740	9.1729e-003
2741	9.1729e-003
2742	9.1729e-003
2743	9.1729e-003
2744	9.1729e-003
2745	9.1729e-003
2746	9.1727e-003
2747	9.1729e-003
2748	9.1727e-003
2749	9.1729e-003
2750	9.1729e-003
2751	9.1731e-003
2752	9.173e-003
2753	9.1731e-003
2754	9.1731e-003
2755	9.1731e-003
2756	9.1731e-003
2757	9.173e-003
2758	9.173e-003
2759	9.1731e-003
2760	9.1729e-003
2761	9.1731e-003
2762	9.173e-003
2763	9.1731e-003
2764	9.1729e-003
2765	9.1731e-003
2766	9.1731e-003
2767	9.1732e-003
2768	9.173e-003
2769	9.1732e-003
2770	9.1731e-003
2771	9.1732e-003
2772	9.173e-003
2773	9.1732e-003
2774	9.1732e-003
2775	9.1732e-003
2776	9.1731e-003
2777	9.1732e-003
2778	9.1732e-003
2779	9.1732e-003
2780	9.1733e-003
2781	9.1733e-003
2782	9.1731e-003
2783	9.1732e-003
2784	9.173e-003
2785	9.1732e-003
2786	9.1732e-003
2787	9.1733e-003
2788	9.1732e-003
2789	9.1733e-003
2790	9.1734e-003
2791	9.1734e-003
2792	9.1733e-003
2793	9.1734e-003
2794	9.1733e-003
2795	9.1734e-003
2796	9.1734e-003
2797	9.1735e-003
2798	9.1734e-003
2799	9.1735e-003
2800	9.1735e-003
2801	9.1736e-003
2802	9.1735e-003
2803	9.1736e-003
2804	9.1736e-003
2805	9.1737e-003
2806	9.1737e-003
2807	9.1738e-003
2808	9.1737e-003
2809	9.1738e-003
2810	9.1738e-003
2811	9.1739e-003
2812	9.1738e-003
2813	9.174e-003
2814	9.1739e-003
2815	9.1741e-003
2816	9.174e-003
2817	9.1741e-003
2818	9.1742e-003
2819	9.1742e-003
2820	9.174e-003
2821	9.1742e-003
2822	9.1742e-003
2823	9.1743e-003
2824	9.1743e-003
2825	9.1742e-003
2826	9.1741e-003
2827	9.1742e-003
2828	9.1741e-003
2829	9.1744e-003
2830	9.1743e-003
2831	9.1779e-003
2832	9.1745e-003
2833	9.045e-003
2834	9.0487e-003
2835	9.0527e-003
2836	9.0576e-003
2837	9.057e-003
2838	9.0566e-003
2839	9.0563e-003
2840	9.0565e-003
2841	9.0567e-003
2842	9.0566e-003
2843	9.0573e-003
2844	9.0573e-003
2845	9.0576e-003
2846	9.0577e-003
2847	9.058e-003
2848	9.0581e-003
2849	9.0584e-003
2850	9.0584e-003
2851	9.0588e-003
2852	9.059e-003
2853	9.059e-003
2854	9.0595e-003
2855	9.06e-003
2856	9.06e-003
2857	9.0604e-003
2858	9.0606e-003
2859	9.0612e-003
2860	9.0612e-003
2861	9.0617e-003
2862	9.062e-003
2863	9.0624e-003
2864	9.0626e-003
2865	9.063e-003
2866	9.0633e-003
2867	9.0638e-003
2868	9.0641e-003
2869	9.0644e-003
2870	9.0646e-003
2871	9.0654e-003
2872	9.066e-003
2873	9.0663e-003
2874	9.0667e-003
2875	9.0674e-003
2876	9.0678e-003
2877	9.0683e-003
2878	9.0686e-003
2879	9.0693e-003
2880	9.0695e-003
2881	9.0701e-003
2882	9.0704e-003
2883	9.0711e-003
2884	9.0713e-003
2885	9.0721e-003
2886	9.0727e-003
2887	9.0733e-003
2888	9.0742e-003
2889	9.0748e-003
2890	9.0753e-003
2891	9.0761e-003
2892	9.0766e-003
2893	9.0774e-003
2894	9.0779e-003
2895	9.0786e-003
2896	9.079e-003
2897	9.0799e-003
2898	9.0805e-003
2899	9.081e-003
2900	9.0817e-003
2901	9.0825e-003
2902	9.0829e-003
2903	9.0839e-003
2904	9.0847e-003
2905	9.0858e-003
2906	9.0863e-003
2907	9.0874e-003
2908	9.0882e-003
2909	9.0891e-003
2910	9.0899e-003
2911	9.0908e-003
2912	9.0916e-003
2913	9.0924e-003
2914	9.093e-003
2915	9.094e-003
2916	9.095e-003
2917	9.0954e-003
2918	9.0964e-003
2919	9.0972e-003
2920	9.0982e-003
2921	9.0989e-003
2922	9.1001e-003
2923	9.1009e-003
2924	9.1019e-003
2925	9.103e-003
2926	9.1039e-003
2927	9.1054e-003
2928	9.1066e-003
2929	9.1082e-003
2930	9.1097e-003
2931	9.1114e-003
2932	9.1131e-003
2933	9.1149e-003
2934	9.1169e-003
2935	9.1192e-003
2936	9.1217e-003
2937	9.1243e-003
2938	9.1277e-003
2939	9.1315e-003
2940	9.1357e-003
2941	9.1417e-003
2942	9.149e-003
2943	9.1607e-003
2944	9.1809e-003
2945	9.2081e-003
2946	9.2176e-003
2947	9.2245e-003
2948	9.2358e-003
2949	9.2549e-003
2950	9.2744e-003
2951	9.295e-003
2952	9.302e-003
2953	9.2955e-003
2954	9.2752e-003
2955	9.2525e-003
2956	9.2339e-003
2957	9.2255e-003
2958	9.2179e-003
2959	9.2125e-003
2960	9.2121e-003
2961	9.2101e-003
2962	9.2076e-003
2963	9.2068e-003
2964	9.2075e-003
2965	9.2097e-003
2966	9.2123e-003
2967	9.2112e-003
2968	9.2077e-003
2969	9.2086e-003
2970	9.2087e-003
2971	9.2071e-003
2972	9.2078e-003
2973	9.2078e-003
2974	9.2077e-003
2975	9.2067e-003
2976	9.2075e-003
2977	9.2083e-003
2978	9.2085e-003
2979	9.2079e-003
2980	9.2091e-003
2981	9.2091e-003
2982	9.2085e-003
2983	9.2094e-003
2984	9.2096e-003
2985	9.2089e-003
2986	9.2091e-003
2987	9.209e-003
2988	9.2087e-003
2989	9.2087e-003
2990	9.2084e-003
2991	9.2083e-003
2992	9.2083e-003
2993	9.2082e-003
2994	9.208e-003
2995	9.208e-003
2996	9.2079e-003
2997	9.2077e-003
2998	9.2076e-003
2999	9.2075e-003
3000	9.2072e-003
3001	9.207e-003
3002	9.2066e-003
3003	9.2064e-003
3004	9.2061e-003
3005	9.206e-003
3006	9.2058e-003
3007	9.2055e-003
3008	9.2051e-003
3009	9.2048e-003
3010	9.2046e-003
3011	9.2044e-003
3012	9.2042e-003
3013	9.204e-003
3014	9.2031e-003
3015	9.2023e-003
3016	9.2013e-003
3017	9.2002e-003
3018	9.1992e-003
3019	9.1983e-003
3020	9.197e-003
3021	9.1964e-003
3022	9.1956e-003
3023	9.1953e-003
3024	9.1948e-003
3025	9.1946e-003
3026	9.194e-003
3027	9.1938e-003
3028	9.1933e-003
3029	9.1931e-003
3030	9.1926e-003
3031	9.1925e-003
3032	9.1923e-003
3033	9.1921e-003
3034	9.1917e-003
3035	9.1919e-003
3036	9.1913e-003
3037	9.1915e-003
3038	9.1913e-003
3039	9.1911e-003
3040	9.191e-003
3041	9.1905e-003
3042	9.1908e-003
3043	9.191e-003
3044	9.1907e-003
3045	9.1906e-003
3046	9.1903e-003
3047	9.1904e-003
3048	9.1902e-003
3049	9.1902e-003
3050	9.1899e-003
3051	9.1899e-003
3052	9.1897e-003
3053	9.1897e-003
3054	9.1895e-003
3055	9.1896e-003
3056	9.1893e-003
3057	9.1893e-003
3058	9.1891e-003
3059	9.1893e-003
3060	9.1888e-003
3061	9.1889e-003
3062	9.1885e-003
3063	9.1883e-003
3064	9.1882e-003
3065	9.188e-003
3066	9.1879e-003
3067	9.1876e-003
3068	9.1875e-003
3069	9.187e-003
3070	9.1866e-003
3071	9.1859e-003
3072	9.1862e-003
3073	9.1863e-003
3074	9.187e-003
3075	9.1871e-003
3076	9.1872e-003
3077	9.1873e-003
3078	9.1873e-003
3079	9.1873e-003
3080	9.1877e-003
3081	9.1875e-003
3082	9.1875e-003
3083	9.1879e-003
3084	9.1877e-003
3085	9.1875e-003
3086	9.1878e-003
3087	9.1877e-003
3088	9.1877e-003
3089	9.1877e-003
3090	9.1876e-003
3091	9.1877e-003
3092	9.1877e-003
3093	9.1877e-003
3094	9.1878e-003
3095	9.1876e-003
3096	9.1877e-003
3097	9.1877e-003
3098	9.1878e-003
3099	9.1876e-003
3100	9.1879e-003
3101	9.1877e-003
3102	9.1879e-003
3103	9.1877e-003
3104	9.1879e-003
3105	9.1875e-003
3106	9.1877e-003
3107	9.1876e-003
3108	9.1878e-003
3109	9.1878e-003
3110	9.1879e-003
3111	9.1877e-003
3112	9.1878e-003
3113	9.1878e-003
3114	9.1878e-003
3115	9.1877e-003
3116	9.1879e-003
3117	9.1878e-003
3118	9.1879e-003
3119	9.1878e-003
3120	9.1879e-003
3121	9.1878e-003
3122	9.1879e-003
3123	9.1877e-003
3124	9.188e-003
3125	9.1878e-003
3126	9.1879e-003
3127	9.1878e-003
3128	9.188e-003
3129	9.1879e-003
3130	9.1881e-003
3131	9.1879e-003
3132	9.1879e-003
3133	9.1879e-003
3134	9.1881e-003
3135	9.1879e-003
3136	9.1881e-003
3137	9.1879e-003
3138	9.188e-003
3139	9.1879e-003
3140	9.1881e-003
3141	9.1879e-003
3142	9.1881e-003
3143	9.1879e-003
3144	9.1881e-003
3145	9.1879e-003
3146	9.1882e-003
3147	9.1879e-003
3148	9.1881e-003
3149	9.1879e-003
3150	9.188e-003
3151	9.1878e-003
3152	9.188e-003
3153	9.1878e-003
3154	9.188e-003
3155	9.1879e-003
3156	9.1881e-003
3157	9.1879e-003
3158	9.188e-003
3159	9.188e-003
3160	9.1882e-003
3161	9.188e-003
3162	9.1881e-003
3163	9.188e-003
3164	9.188e-003
3165	9.188e-003
3166	9.1881e-003
3167	9.1881e-003
3168	9.1882e-003
3169	9.1885e-003
3170	9.1882e-003
3171	9.1882e-003
3172	9.1881e-003
3173	9.188e-003
3174	9.1882e-003
3175	9.1881e-003
3176	9.1883e-003
3177	9.1881e-003
3178	9.1881e-003
3179	9.1883e-003
3180	9.1882e-003
3181	9.1882e-003
3182	9.1882e-003
3183	9.1881e-003
3184	9.1882e-003
3185	9.1883e-003
3186	9.1881e-003
3187	9.1883e-003
3188	9.1885e-003
3189	9.1883e-003
3190	9.1881e-003
3191	9.1886e-003
3192	9.1883e-003
3193	9.1885e-003
3194	9.1883e-003
3195	9.1883e-003
3196	9.1883e-003
3197	9.1884e-003
3198	9.1884e-003
3199	9.1886e-003
3200	9.1885e-003
3201	9.1885e-003
3202	9.1884e-003
3203	9.1885e-003
3204	9.1884e-003
3205	9.1885e-003
3206	9.1882e-003
3207	9.1885e-003
3208	9.1886e-003
3209	9.1887e-003
3210	9.1885e-003
3211	9.1887e-003
3212	9.1887e-003
3213	9.1888e-003
3214	9.1887e-003
3215	9.1888e-003
3216	9.1887e-003
3217	9.1891e-003
3218	9.1889e-003
3219	9.189e-003
3220	9.1889e-003
3221	9.1889e-003
3222	9.189e-003
3223	9.1891e-003
3224	9.1889e-003
3225	9.1891e-003
3226	9.1891e-003
3227	9.1892e-003
3228	9.1891e-003
3229	9.1893e-003
3230	9.1894e-003
3231	9.1896e-003
3232	9.1894e-003
3233	9.1897e-003
3234	9.1894e-003
3235	9.1894e-003
3236	9.1895e-003
3237	9.1894e-003
3238	9.1896e-003
3239	9.1894e-003
3240	9.1891e-003
3241	9.1846e-003
3242	9.1917e-003
3243	9.2013e-003
3244	9.1931e-003
3245	9.0524e-003
3246	9.2068e-003
3247	9.1952e-003
3248	9.2178e-003
3249	9.1854e-003
3250	9.099e-003
3251	9.1819e-003
3252	9.1817e-003
3253	9.2034e-003
3254	9.1817e-003
3255	9.1789e-003
3256	9.1819e-003
3257	9.179e-003
3258	9.1791e-003
3259	9.179e-003
3260	9.2346e-003
3261	9.1844e-003
3262	9.0742e-003
3263	9.1836e-003
3264	9.1789e-003
3265	9.179e-003
3266	9.179e-003
3267	9.179e-003
3268	9.1791e-003
3269	9.1816e-003
3270	9.202e-003
3271	9.1843e-003
3272	9.0591e-003
3273	9.0623e-003
3274	9.2312e-003
3275	9.1855e-003
3276	9.0678e-003
3277	9.1863e-003
3278	9.1786e-003
3279	9.2102e-003
3280	9.2004e-003
3281	9.2052e-003
3282	9.1798e-003
3283	9.1831e-003
3284	9.1884e-003
3285	9.0576e-003
3286	9.1976e-003
3287	9.1869e-003
3288	9.1098e-003
3289	9.1406e-003
3290	9.06e-003
3291	9.0419e-003
3292	9.0717e-003
3293	9.0556e-003
3294	9.1632e-003
3295	9.2009e-003
3296	9.0773e-003
3297	9.096e-003
3298	9.0632e-003
3299	9.1202e-003
3300	9.1877e-003
3301	9.1877e-003
3302	9.1877e-003
3303	9.1876e-003
3304	9.1874e-003
3305	9.19e-003
3306	9.1882e-003
3307	9.1881e-003
3308	9.1881e-003
3309	9.1882e-003
3310	9.1056e-003
3311	9.0584e-003
3312	9.065e-003
3313	9.109e-003
3314	9.1772e-003
3315	9.0647e-003
3316	9.1846e-003
3317	9.1754e-003
3318	9.1845e-003
3319	9.0509e-003
3320	9.0995e-003
3321	9.1846e-003
3322	9.1845e-003
3323	9.1841e-003
3324	9.0539e-003
3325	9.1851e-003
3326	9.1851e-003
3327	9.1849e-003
3328	9.185e-003
3329	9.1939e-003
3330	9.204e-003
3331	9.214e-003
3332	9.1684e-003
3333	9.1923e-003
3334	9.1783e-003
3335	9.0965e-003
3336	9.1964e-003
3337	9.2007e-003
3338	9.1834e-003
3339	9.2019e-003
3340	9.1948e-003
3341	9.199e-003
3342	9.0729e-003
3343	9.1985e-003
3344	9.0925e-003
3345	9.1815e-003
3346	9.0698e-003
3347	9.0818e-003
3348	9.1946e-003
3349	9.1959e-003
3350	9.1999e-003
3351	9.2027e-003
3352	9.1132e-003
3353	9.1212e-003
3354	9.0942e-003
3355	9.0535e-003
3356	9.0596e-003
3357	9.0523e-003
3358	9.2056e-003
3359	9.0558e-003
3360	9.0491e-003
3361	9.1985e-003
3362	9.2018e-003
3363	9.182e-003
3364	9.1772e-003
3365	9.2078e-003
3366	9.2021e-003
3367	9.2073e-003
3368	9.0415e-003
3369	9.1949e-003
3370	9.1674e-003
3371	9.1864e-003
3372	9.0784e-003
3373	9.2049e-003
3374	9.2225e-003
3375	9.1995e-003
3376	9.221e-003
3377	9.2088e-003
3378	9.1742e-003
3379	9.1905e-003
3380	9.1817e-003
3381	9.1817e-003
3382	9.0425e-003
3383	9.1817e-003
3384	9.2025e-003
3385	9.1954e-003
3386	9.1817e-003
3387	9.1817e-003
3388	9.1816e-003
3389	9.1816e-003
3390	9.1817e-003
3391	9.1816e-003
3392	9.1815e-003
3393	9.1815e-003
3394	9.1814e-003
3395	9.1809e-003
3396	9.2029e-003
3397	9.1771e-003
3398	9.1778e-003
3399	9.1987e-003
3400	9.1782e-003
3401	9.1784e-003
3402	9.0545e-003
3403	9.0768e-003
3404	9.182e-003
3405	9.0505e-003
3406	9.1793e-003
3407	9.1859e-003
3408	9.199e-003
3409	9.058e-003
3410	9.1756e-003
3411	9.1863e-003
3412	9.1774e-003
3413	9.203e-003
3414	9.0644e-003
3415	9.2053e-003
3416	9.2026e-003
3417	9.2008e-003
3418	9.2101e-003
3419	9.2042e-003
3420	9.1989e-003
3421	9.2065e-003
3422	9.0549e-003
3423	9.204e-003
3424	9.1775e-003
3425	9.0884e-003
3426	9.0514e-003
3427	9.1853e-003
3428	9.1813e-003
3429	9.1813e-003
3430	9.1816e-003
3431	9.1766e-003
3432	9.1816e-003
3433	9.2091e-003
3434	9.1816e-003
3435	9.1815e-003
3436	9.1816e-003
3437	9.1817e-003
3438	9.1817e-003
3439	9.1817e-003
3440	9.1817e-003
3441	9.1817e-003
3442	9.2018e-003
3443	9.1815e-003
3444	9.1822e-003
3445	9.2052e-003
3446	9.1769e-003
3447	9.0529e-003
3448	9.0666e-003
3449	9.0501e-003
3450	9.1991e-003
3451	9.0676e-003
3452	9.179e-003
3453	9.08e-003
3454	9.0952e-003
3455	9.1974e-003
3456	9.1985e-003
3457	9.0779e-003
3458	9.1148e-003
3459	9.2085e-003
3460	9.2032e-003
3461	9.197e-003
3462	9.2037e-003
3463	9.2082e-003
3464	9.1868e-003
3465	9.2001e-003
3466	9.2093e-003
3467	9.1996e-003
3468	9.2209e-003
3469	9.1863e-003
3470	9.2014e-003
3471	9.0536e-003
3472	9.0623e-003
3473	9.2107e-003
3474	9.176e-003
3475	9.2035e-003
3476	9.1833e-003
3477	9.052e-003
3478	9.1563e-003
3479	9.0691e-003
3480	9.0506e-003
3481	9.0904e-003
3482	9.1841e-003
3483	9.1966e-003
3484	9.1896e-003
3485	9.1723e-003
3486	9.1836e-003
3487	9.2011e-003
3488	9.0688e-003
3489	9.0611e-003
3490	9.1943e-003
3491	9.2147e-003
3492	9.1964e-003
3493	9.207e-003
3494	9.2043e-003
3495	9.2002e-003
3496	9.1999e-003
3497	9.2166e-003
3498	9.1987e-003
3499	9.1954e-003
3500	9.2051e-003
3501	9.1972e-003
3502	9.2086e-003
3503	9.1826e-003
3504	9.201e-003
3505	9.1997e-003
3506	9.1985e-003
3507	9.21e-003
3508	9.2006e-003
3509	9.1804e-003
3510	9.18e-003
3511	9.1834e-003
3512	9.1832e-003
3513	9.1966e-003
3514	9.1937e-003
3515	9.2251e-003
3516	9.2238e-003
3517	9.2183e-003
3518	9.2176e-003
3519	9.2125e-003
3520	9.2125e-003
3521	9.1999e-003
3522	9.2054e-003
3523	9.2051e-003
3524	9.2039e-003
3525	9.2035e-003
3526	9.2023e-003
3527	9.2019e-003
3528	9.208e-003
3529	9.207e-003
3530	9.2068e-003
3531	9.2057e-003
3532	9.1806e-003
3533	9.1835e-003
3534	9.2016e-003
3535	9.2023e-003
3536	9.2034e-003
3537	9.1999e-003
3538	9.2023e-003
3539	9.1828e-003
3540	9.1822e-003
3541	9.1835e-003
3542	9.1833e-003
3543	9.184e-003
3544	9.1838e-003
3545	9.1845e-003
3546	9.1842e-003
3547	9.185e-003
3548	9.1847e-003
3549	9.1854e-003
3550	9.1851e-003
3551	9.1859e-003
3552	9.1855e-003
3553	9.1863e-003
3554	9.1859e-003
3555	9.1867e-003
3556	9.1862e-003
3557	9.1871e-003
3558	9.1866e-003
3559	9.1874e-003
3560	9.1869e-003
3561	9.1877e-003
3562	9.1872e-003
3563	9.188e-003
3564	9.1875e-003
3565	9.1883e-003
3566	9.1878e-003
3567	9.1886e-003
3568	9.188e-003
3569	9.1889e-003
3570	9.1883e-003
3571	9.1891e-003
3572	9.1885e-003
3573	9.1894e-003
3574	9.1887e-003
3575	9.1896e-003
3576	9.1889e-003
3577	9.1899e-003
3578	9.1891e-003
3579	9.1901e-003
3580	9.1893e-003
3581	9.1902e-003
3582	9.1895e-003
3583	9.1904e-003
3584	9.1896e-003
3585	9.1905e-003
3586	9.1898e-003
3587	9.1907e-003
3588	9.1899e-003
3589	9.1908e-003
3590	9.1901e-003
3591	9.191e-003
3592	9.1902e-003
3593	9.1911e-003
3594	9.1904e-003
3595	9.1913e-003
3596	9.1905e-003
3597	9.1914e-003
3598	9.1906e-003
3599	9.1916e-003
3600	9.1908e-003
3601	9.1917e-003
3602	9.1909e-003
3603	9.1918e-003
3604	9.1911e-003
3605	9.192e-003
3606	9.1912e-003
3607	9.1921e-003
3608	9.1914e-003
3609	9.1923e-003
3610	9.1916e-003
3611	9.1925e-003
3612	9.1919e-003
3613	9.1927e-003
3614	9.1922e-003
3615	9.1929e-003
3616	9.1925e-003
3617	9.1933e-003
3618	9.1929e-003
3619	9.1937e-003
3620	9.1933e-003
3621	9.1941e-003
3622	9.1938e-003
3623	9.1946e-003
3624	9.1944e-003
3625	9.1951e-003
3626	9.195e-003
3627	9.1956e-003
3628	9.1957e-003
3629	9.1962e-003
3630	9.1964e-003
3631	9.1969e-003
3632	9.1972e-003
3633	9.1977e-003
3634	9.1981e-003
3635	9.1985e-003
3636	9.199e-003
3637	9.1994e-003
3638	9.1999e-003
3639	9.2004e-003
3640	9.2007e-003
3641	9.2013e-003
3642	9.2015e-003
3643	9.2022e-003
3644	9.2021e-003
3645	9.2029e-003
3646	9.2024e-003
3647	9.2034e-003
3648	9.2037e-003
3649	9.1731e-003
3650	9.1729e-003
3651	9.1743e-003
3652	9.1816e-003
3653	9.183e-003
3654	9.1809e-003
3655	9.1826e-003
3656	9.1803e-003
3657	9.182e-003
3658	9.1796e-003
3659	9.1814e-003
3660	9.179e-003
3661	9.1807e-003
3662	9.1784e-003
3663	9.18e-003
3664	9.1778e-003
3665	9.1795e-003
3666	9.1773e-003
3667	9.179e-003
3668	9.1768e-003
3669	9.1785e-003
3670	9.1764e-003
3671	9.178e-003
3672	9.176e-003
3673	9.1776e-003
3674	9.1757e-003
3675	9.1774e-003
3676	9.1753e-003
3677	9.1769e-003
3678	9.175e-003
3679	9.1767e-003
3680	9.1748e-003
3681	9.1762e-003
3682	9.1745e-003
3683	9.1762e-003
3684	9.1743e-003
3685	9.1758e-003
3686	9.1741e-003
3687	9.1757e-003
3688	9.1739e-003
3689	9.1754e-003
3690	9.1737e-003
3691	9.1752e-003
3692	9.1735e-003
3693	9.175e-003
3694	9.1734e-003
3695	9.1749e-003
3696	9.1732e-003
3697	9.1747e-003
3698	9.1746e-003
3699	9.1609e-003
3700	9.1609e-003
3701	9.1618e-003
3702	9.1728e-003
3703	9.1743e-003
3704	9.1727e-003
3705	9.1741e-003
3706	9.1725e-003
3707	9.1741e-003
3708	9.1724e-003
3709	9.1739e-003
3710	9.1723e-003
3711	9.1739e-003
3712	9.1722e-003
3713	9.1737e-003
3714	9.1721e-003
3715	9.1736e-003
3716	9.1719e-003
3717	9.1734e-003
3718	9.1718e-003
3719	9.1733e-003
3720	9.1717e-003
3721	9.1732e-003
3722	9.1716e-003
3723	9.173e-003
3724	9.1714e-003
3725	9.1728e-003
3726	9.1713e-003
3727	9.1728e-003
3728	9.1711e-003
3729	9.1726e-003
3730	9.1709e-003
3731	9.1725e-003
3732	9.1707e-003
3733	9.1723e-003
3734	9.1705e-003
3735	9.1721e-003
3736	9.1703e-003
3737	9.1718e-003
3738	9.17e-003
3739	9.1716e-003
3740	9.1697e-003
3741	9.1713e-003
3742	9.1694e-003
3743	9.171e-003
3744	9.169e-003
3745	9.1707e-003
3746	9.1686e-003
3747	9.1702e-003
3748	9.168e-003
3749	9.1697e-003
3750	9.1675e-003
3751	9.1692e-003
3752	9.1668e-003
3753	9.1685e-003
3754	9.166e-003
3755	9.1678e-003
3756	9.1652e-003
3757	9.167e-003
3758	9.1642e-003
3759	9.1661e-003
3760	9.1632e-003
3761	9.1651e-003
3762	9.1621e-003
3763	9.1639e-003
3764	9.1623e-003
3765	9.1697e-003
3766	9.1697e-003
3767	9.1712e-003
3768	9.1697e-003
3769	9.1712e-003
3770	9.1697e-003
3771	9.1713e-003
3772	9.1697e-003
3773	9.1712e-003
3774	9.1697e-003
3775	9.1712e-003
3776	9.1697e-003
3777	9.1711e-003
3778	9.1697e-003
3779	9.1711e-003
3780	9.1697e-003
3781	9.171e-003
3782	9.1696e-003
3783	9.1711e-003
3784	9.1696e-003
3785	9.171e-003
3786	9.1696e-003
3787	9.1711e-003
3788	9.1695e-003
3789	9.171e-003
3790	9.1695e-003
3791	9.171e-003
3792	9.1695e-003
3793	9.1709e-003
3794	9.1694e-003
3795	9.1709e-003
3796	9.1693e-003
3797	9.1708e-003
3798	9.1692e-003
3799	9.1708e-003
3800	9.1691e-003
3801	9.1706e-003
3802	9.169e-003
3803	9.1706e-003
3804	9.1688e-003
3805	9.1703e-003
3806	9.1686e-003
3807	9.1702e-003
3808	9.1684e-003
3809	9.1699e-003
3810	9.1681e-003
3811	9.1698e-003
3812	9.1678e-003
3813	9.1694e-003
3814	9.1674e-003
3815	9.1691e-003
3816	9.1669e-003
3817	9.1686e-003
3818	9.1663e-003
3819	9.1682e-003
3820	9.1656e-003
3821	9.1675e-003
3822	9.1649e-003
3823	9.1668e-003
3824	9.164e-003
3825	9.166e-003
3826	9.163e-003
3827	9.1651e-003
3828	9.162e-003
3829	9.1641e-003
3830	9.163e-003
3831	9.1714e-003
3832	9.1728e-003
3833	9.1714e-003
3834	9.173e-003
3835	9.1714e-003
3836	9.1729e-003
3837	9.1714e-003
3838	9.1729e-003
3839	9.1714e-003
3840	9.1728e-003
3841	9.1714e-003
3842	9.1728e-003
3843	9.1714e-003
3844	9.1728e-003
3845	9.1714e-003
3846	9.1728e-003
3847	9.1714e-003
3848	9.1729e-003
3849	9.1714e-003
3850	9.1729e-003
3851	9.1714e-003
3852	9.1728e-003
3853	9.1713e-003
3854	9.1728e-003
3855	9.1713e-003
3856	9.1727e-003
3857	9.1713e-003
3858	9.1727e-003
3859	9.1712e-003
3860	9.1727e-003
3861	9.1712e-003
3862	9.1727e-003
3863	9.1711e-003
3864	9.1726e-003
3865	9.1711e-003
3866	9.1726e-003
3867	9.1711e-003
3868	9.1725e-003
3869	9.171e-003
3870	9.1725e-003
3871	9.171e-003
3872	9.1724e-003
3873	9.171e-003
3874	9.1724e-003
3875	9.1709e-003
3876	9.1723e-003
3877	9.1709e-003
3878	9.1724e-003
3879	9.1709e-003
3880	9.1723e-003
3881	9.1708e-003
3882	9.1723e-003
3883	9.1708e-003
3884	9.1722e-003
3885	9.1708e-003
3886	9.1722e-003
3887	9.1707e-003
3888	9.1722e-003
3889	9.1707e-003
3890	9.1722e-003
3891	9.1707e-003
3892	9.1721e-003
3893	9.1707e-003
3894	9.1721e-003
3895	9.1706e-003
3896	9.1721e-003
3897	9.1706e-003
3898	9.1721e-003
3899	9.1706e-003
3900	9.172e-003
3901	9.1706e-003
3902	9.172e-003
3903	9.1706e-003
3904	9.172e-003
3905	9.1705e-003
3906	9.172e-003
3907	9.1705e-003
3908	9.1719e-003
3909	9.1705e-003
3910	9.1719e-003
3911	9.1705e-003
3912	9.1719e-003
3913	9.1705e-003
3914	9.172e-003
3915	9.1705e-003
3916	9.1719e-003
3917	9.1704e-003
3918	9.1719e-003
3919	9.1704e-003
3920	9.1718e-003
3921	9.1704e-003
3922	9.1719e-003
3923	9.1704e-003
3924	9.1718e-003
3925	9.1704e-003
3926	9.1718e-003
3927	9.1704e-003
3928	9.1717e-003
3929	9.1704e-003
3930	9.1718e-003
3931	9.1703e-003
3932	9.1717e-003
3933	9.1703e-003
3934	9.1718e-003
3935	9.1703e-003
3936	9.1718e-003
3937	9.1703e-003
3938	9.1718e-003
3939	9.1703e-003
3940	9.1718e-003
3941	9.1703e-003
3942	9.1717e-003
3943	9.1703e-003
3944	9.1717e-003
3945	9.1703e-003
3946	9.1717e-003
3947	9.1703e-003
3948	9.1717e-003
3949	9.1703e-003
3950	9.1717e-003
3951	9.1702e-003
3952	9.1716e-003
3953	9.1702e-003
3954	9.1717e-003
3955	9.1702e-003
3956	9.1717e-003
3957	9.1702e-003
3958	9.1717e-003
3959	9.1702e-003
3960	9.1716e-003
3961	9.1702e-003
3962	9.1717e-003
3963	9.1702e-003
3964	9.1717e-003
3965	9.1702e-003
3966	9.1716e-003
3967	9.1702e-003
3968	9.1716e-003
3969	9.1702e-003
3970	9.1716e-003
3971	9.1702e-003
3972	9.1716e-003
3973	9.1702e-003
3974	9.1716e-003
3975	9.1702e-003
3976	9.1715e-003
3977	9.1701e-003
3978	9.1716e-003
3979	9.1701e-003
3980	9.1716e-003
3981	9.1701e-003
3982	9.1716e-003
3983	9.1701e-003
3984	9.1716e-003
3985	9.1701e-003
3986	9.1716e-003
3987	9.1701e-003
3988	9.1716e-003
3989	9.1701e-003
3990	9.1716e-003
3991	9.1701e-003
3992	9.1716e-003
3993	9.1701e-003
3994	9.1716e-003
3995	9.1701e-003
3996	9.1715e-003
3997	9.1701e-003
3998	9.1715e-003
3999	9.1701e-003
4000	9.1714e-003
4001	9.1701e-003
4002	9.1715e-003
4003	9.1701e-003
4004	9.1714e-003
4005	9.1701e-003
4006	9.1715e-003
4007	9.17e-003
4008	9.1715e-003
4009	9.17e-003
4010	9.1715e-003
4011	9.17e-003
4012	9.1714e-003
4013	9.17e-003
4014	9.1715e-003
4015	9.17e-003
4016	9.1715e-003
4017	9.17e-003
4018	9.1715e-003
4019	9.17e-003
4020	9.1714e-003
4021	9.17e-003
4022	9.1715e-003
4023	9.17e-003
4024	9.1714e-003
4025	9.17e-003
4026	9.1715e-003
4027	9.17e-003
4028	9.1714e-003
4029	9.17e-003
4030	9.1715e-003
4031	9.17e-003
4032	9.1714e-003
4033	9.17e-003
4034	9.1714e-003
4035	9.17e-003
4036	9.1714e-003
4037	9.17e-003
4038	9.1715e-003
4039	9.17e-003
4040	9.1714e-003
4041	9.17e-003
4042	9.1714e-003
4043	9.17e-003
4044	9.1714e-003
4045	9.1699e-003
4046	9.1714e-003
4047	9.1699e-003
4048	9.1714e-003
4049	9.1699e-003
4050	9.1714e-003
4051	9.1699e-003
4052	9.1714e-003
4053	9.1699e-003
4054	9.1714e-003
4055	9.1699e-003
4056	9.1713e-003
4057	9.1699e-003
4058	9.1714e-003
4059	9.1699e-003
4060	9.1713e-003
4061	9.1699e-003
4062	9.1714e-003
4063	9.1699e-003
4064	9.1713e-003
4065	9.1699e-003
4066	9.1714e-003
4067	9.1699e-003
4068	9.1713e-003
4069	9.1699e-003
4070	9.1714e-003
4071	9.1699e-003
4072	9.1713e-003
4073	9.1699e-003
4074	9.1713e-003
4075	9.1699e-003
4076	9.1713e-003
4077	9.1699e-003
4078	9.1714e-003
4079	9.1699e-003
4080	9.1713e-003
4081	9.1699e-003
4082	9.1713e-003
4083	9.1699e-003
4084	9.1713e-003
4085	9.1698e-003
4086	9.1713e-003
4087	9.1698e-003
4088	9.1713e-003
4089	9.1698e-003
4090	9.1713e-003
4091	9.1698e-003
4092	9.1713e-003
4093	9.1698e-003
4094	9.1713e-003
4095	9.1698e-003
4096	9.1712e-003
4097	9.1698e-003
4098	9.1713e-003
4099	9.1698e-003
4100	9.1712e-003
4101	9.1698e-003
4102	9.1713e-003
4103	9.1698e-003
4104	9.1712e-003
4105	9.1698e-003
4106	9.1713e-003
4107	9.1698e-003
4108	9.1712e-003
4109	9.1698e-003
4110	9.1712e-003
4111	9.1698e-003
4112	9.1711e-003
4113	9.1698e-003
4114	9.1713e-003
4115	9.1698e-003
4116	9.1712e-003
4117	9.1698e-003
4118	9.1712e-003
4119	9.1698e-003
4120	9.1711e-003
4121	9.1698e-003
4122	9.1712e-003
4123	9.1698e-003
4124	9.1711e-003
4125	9.1698e-003
4126	9.1712e-003
4127	9.1712e-003
4128	9.1903e-003
4129	9.1917e-003
4130	9.1758e-003
4131	9.1744e-003
4132	9.179e-003
4133	9.1776e-003
4134	9.1822e-003
4135	9.1806e-003
4136	9.1852e-003
4137	9.1836e-003
4138	9.1879e-003
4139	9.1865e-003
4140	9.1892e-003
4141	9.1909e-003
4142	9.1909e-003
4143	9.1892e-003
4144	9.1923e-003
4145	9.1905e-003
4146	9.1927e-003
4147	9.191e-003
4148	9.1928e-003
4149	9.1912e-003
4150	9.1928e-003
4151	9.191e-003
4152	9.1929e-003
4153	9.1912e-003
4154	9.1929e-003
4155	9.1911e-003
4156	9.1928e-003
4157	9.1911e-003
4158	9.1927e-003
4159	9.1912e-003
4160	9.1927e-003
4161	9.1911e-003
4162	9.1926e-003
4163	9.1911e-003
4164	9.1925e-003
4165	9.191e-003
4166	9.1925e-003
4167	9.1909e-003
4168	9.1924e-003
4169	9.1908e-003
4170	9.1923e-003
4171	9.1908e-003
4172	9.1923e-003
4173	9.1907e-003
4174	9.1923e-003
4175	9.1907e-003
4176	9.1922e-003
4177	9.1906e-003
4178	9.1922e-003
4179	9.1906e-003
4180	9.1921e-003
4181	9.1906e-003
4182	9.1921e-003
4183	9.1905e-003
4184	9.192e-003
4185	9.1905e-003
4186	9.192e-003
4187	9.1905e-003
4188	9.192e-003
4189	9.1904e-003
4190	9.1919e-003
4191	9.1905e-003
4192	9.1919e-003
4193	9.1903e-003
4194	9.1919e-003
4195	9.1903e-003
4196	9.1918e-003
4197	9.1903e-003
4198	9.1918e-003
4199	9.1903e-003
4200	9.1918e-003
4201	9.1902e-003
4202	9.1918e-003
4203	9.1902e-003
4204	9.1917e-003
4205	9.1902e-003
4206	9.1917e-003
4207	9.1902e-003
4208	9.1917e-003
4209	9.1901e-003
4210	9.1917e-003
4211	9.1901e-003
4212	9.1917e-003
4213	9.1899e-003
4214	9.1916e-003
4215	9.1901e-003
4216	9.1916e-003
4217	9.19e-003
4218	9.1916e-003
4219	9.1901e-003
4220	9.1916e-003
4221	9.19e-003
4222	9.1916e-003
4223	9.19e-003
4224	9.1916e-003
4225	9.19e-003
4226	9.1916e-003
4227	9.1901e-003
4228	9.1915e-003
4229	9.19e-003
4230	9.1915e-003
4231	9.19e-003
4232	9.1915e-003
4233	9.1899e-003
4234	9.1915e-003
4235	9.1899e-003
4236	9.1915e-003
4237	9.1899e-003
4238	9.1915e-003
4239	9.19e-003
4240	9.1915e-003
4241	9.1899e-003
4242	9.1914e-003
4243	9.19e-003
4244	9.1914e-003
4245	9.1898e-003
4246	9.1914e-003
4247	9.1898e-003
4248	9.1914e-003
4249	9.19e-003
4250	9.1914e-003
4251	9.1898e-003
4252	9.1914e-003
4253	9.1898e-003
4254	9.1914e-003
4255	9.1899e-003
4256	9.1914e-003
4257	9.1898e-003
4258	9.1914e-003
4259	9.1898e-003
4260	9.1914e-003
4261	9.1897e-003
4262	9.1914e-003
4263	9.1898e-003
4264	9.1913e-003
4265	9.1897e-003
4266	9.1913e-003
4267	9.1898e-003
4268	9.1913e-003
4269	9.1897e-003
4270	9.1913e-003
4271	9.1898e-003
4272	9.1913e-003
4273	9.1897e-003
4274	9.1913e-003
4275	9.1897e-003
4276	9.1913e-003
4277	9.1897e-003
4278	9.1913e-003
4279	9.1898e-003
4280	9.1913e-003
4281	9.1897e-003
4282	9.1913e-003
4283	9.1897e-003
4284	9.1913e-003
4285	9.1897e-003
4286	9.1913e-003
4287	9.1896e-003
4288	9.1913e-003
4289	9.1897e-003
4290	9.1912e-003
4291	9.1897e-003
4292	9.1912e-003
4293	9.1897e-003
4294	9.1912e-003
4295	9.1899e-003
4296	9.1912e-003
4297	9.1897e-003
4298	9.1912e-003
4299	9.1896e-003
4300	9.1912e-003
4301	9.1897e-003
4302	9.1912e-003
4303	9.1896e-003
4304	9.1912e-003
4305	9.1896e-003
4306	9.1912e-003
4307	9.1896e-003
4308	9.1912e-003
4309	9.1897e-003
4310	9.1912e-003
4311	9.1896e-003
4312	9.1912e-003
4313	9.1897e-003
4314	9.1912e-003
4315	9.1896e-003
4316	9.1912e-003
4317	9.1896e-003
4318	9.1912e-003
4319	9.1895e-003
4320	9.1912e-003
4321	9.1896e-003
4322	9.1912e-003
4323	9.1895e-003
4324	9.1911e-003
4325	9.1896e-003
4326	9.1911e-003
4327	9.1895e-003
4328	9.1911e-003
4329	9.1896e-003
4330	9.1911e-003
4331	9.1895e-003
4332	9.1911e-003
4333	9.1896e-003
4334	9.1911e-003
4335	9.1895e-003
4336	9.1911e-003
4337	9.1896e-003
4338	9.1911e-003
4339	9.1895e-003
4340	9.1911e-003
4341	9.1896e-003
4342	9.1911e-003
4343	9.1895e-003
4344	9.1911e-003
4345	9.1896e-003
4346	9.1911e-003
4347	9.1895e-003
4348	9.1911e-003
4349	9.1896e-003
4350	9.1911e-003
4351	9.1895e-003
4352	9.1911e-003
4353	9.1896e-003
4354	9.1911e-003
4355	9.1895e-003
4356	9.1911e-003
4357	9.1895e-003
4358	9.1911e-003
4359	9.1895e-003
4360	9.191e-003
4361	9.1896e-003
4362	9.191e-003
4363	9.1895e-003
4364	9.191e-003
4365	9.1896e-003
4366	9.191e-003
4367	9.1895e-003
4368	9.191e-003
4369	9.1895e-003
4370	9.191e-003
4371	9.1895e-003
4372	9.191e-003
4373	9.1895e-003
4374	9.191e-003
4375	9.1895e-003
4376	9.191e-003
4377	9.1895e-003
4378	9.191e-003
4379	9.1894e-003
4380	9.191e-003
4381	9.1894e-003
4382	9.191e-003
4383	9.1894e-003
4384	9.191e-003
4385	9.1895e-003
4386	9.191e-003
4387	9.1894e-003
4388	9.191e-003
4389	9.1895e-003
4390	9.191e-003
4391	9.1894e-003
4392	9.191e-003
4393	9.1894e-003
4394	9.191e-003
4395	9.1894e-003
4396	9.191e-003
4397	9.1894e-003
4398	9.191e-003
4399	9.1894e-003
4400	9.191e-003
4401	9.1894e-003
4402	9.1909e-003
4403	9.1893e-003
4404	9.1909e-003
4405	9.1894e-003
4406	9.1909e-003
4407	9.1894e-003
4408	9.1909e-003
4409	9.1894e-003
4410	9.1909e-003
4411	9.1893e-003
4412	9.1909e-003
4413	9.1894e-003
4414	9.1909e-003
4415	9.1894e-003
4416	9.1909e-003
4417	9.1893e-003
4418	9.1909e-003
4419	9.1892e-003
4420	9.1909e-003
4421	9.1893e-003
4422	9.1909e-003
4423	9.1892e-003
4424	9.1909e-003
4425	9.1894e-003
4426	9.1909e-003
4427	9.1893e-003
4428	9.1909e-003
4429	9.1894e-003
4430	9.1909e-003
4431	9.1893e-003
4432	9.1909e-003
4433	9.1894e-003
4434	9.1909e-003
4435	9.1892e-003
4436	9.1909e-003
4437	9.1893e-003
4438	9.1909e-003
4439	9.1893e-003
4440	9.1893e-003
4441	9.1908e-003
4442	9.1909e-003
4443	9.1883e-003
4444	9.1909e-003
4445	9.1893e-003
4446	9.1909e-003
4447	9.1893e-003
4448	9.1909e-003
4449	9.1893e-003
4450	9.1909e-003
4451	9.1893e-003
4452	9.1909e-003
4453	9.1893e-003
4454	9.1909e-003
4455	9.1892e-003
4456	9.1909e-003
4457	9.1893e-003
4458	9.1908e-003
4459	9.1893e-003
4460	9.1908e-003
4461	9.1893e-003
4462	9.1908e-003
4463	9.1892e-003
4464	9.1908e-003
4465	9.1893e-003
4466	9.1908e-003
4467	9.1892e-003
4468	9.1908e-003
4469	9.1892e-003
4470	9.1908e-003
4471	9.1893e-003
4472	9.1908e-003
4473	9.1894e-003
4474	9.1908e-003
4475	9.1892e-003
4476	9.1908e-003
4477	9.1892e-003
4478	9.1908e-003
4479	9.1892e-003
4480	9.1908e-003
4481	9.1893e-003
4482	9.1908e-003
4483	9.1891e-003
4484	9.1908e-003
4485	9.1891e-003
4486	9.1908e-003
4487	9.1891e-003
4488	9.1908e-003
4489	9.1891e-003
4490	9.1908e-003
4491	9.189e-003
4492	9.1909e-003
4493	9.189e-003
4494	9.1909e-003
4495	9.1889e-003
4496	9.1909e-003
4497	9.1888e-003
4498	9.1909e-003
4499	9.1886e-003
4500	9.1886e-003
4501	9.1938e-003
4502	9.1939e-003
4503	9.1924e-003
4504	9.1937e-003
4505	9.1924e-003
4506	9.1937e-003
4507	9.1922e-003
4508	9.1936e-003
4509	9.1921e-003
4510	9.1934e-003
4511	9.1919e-003
4512	9.1933e-003
4513	9.1919e-003
4514	9.1932e-003
4515	9.1918e-003
4516	9.1931e-003
4517	9.1917e-003
4518	9.193e-003
4519	9.1915e-003
4520	9.1929e-003
4521	9.1914e-003
4522	9.1928e-003
4523	9.1913e-003
4524	9.1927e-003
4525	9.1912e-003
4526	9.1926e-003
4527	9.1911e-003
4528	9.1925e-003
4529	9.1911e-003
4530	9.1924e-003
4531	9.1909e-003
4532	9.1924e-003
4533	9.1908e-003
4534	9.1923e-003
4535	9.1907e-003
4536	9.1921e-003
4537	9.1907e-003
4538	9.192e-003
4539	9.1905e-003
4540	9.1919e-003
4541	9.1904e-003
4542	9.1918e-003
4543	9.1902e-003
4544	9.1917e-003
4545	9.19e-003
4546	9.1916e-003
4547	9.1899e-003
4548	9.1915e-003
4549	9.1898e-003
4550	9.1914e-003
4551	9.1896e-003
4552	9.1913e-003
4553	9.1895e-003
4554	9.1912e-003
4555	9.1894e-003
4556	9.1911e-003
4557	9.1891e-003
4558	9.191e-003
4559	9.1888e-003
4560	9.1886e-003
4561	9.203e-003
4562	9.2044e-003
4563	9.2025e-003
4564	9.2019e-003
4565	9.2013e-003
4566	9.2009e-003
4567	9.2003e-003
4568	9.2001e-003
4569	9.1993e-003
4570	9.1994e-003
4571	9.1984e-003
4572	9.1987e-003
4573	9.1977e-003
4574	9.1982e-003
4575	9.197e-003
4576	9.1978e-003
4577	9.1966e-003
4578	9.1973e-003
4579	9.1962e-003
4580	9.1969e-003
4581	9.1958e-003
4582	9.1967e-003
4583	9.1954e-003
4584	9.1965e-003
4585	9.1952e-003
4586	9.196e-003
4587	9.1948e-003
4588	9.1957e-003
4589	9.1944e-003
4590	9.1955e-003
4591	9.1941e-003
4592	9.1953e-003
4593	9.1939e-003
4594	9.1952e-003
4595	9.1938e-003
4596	9.195e-003
4597	9.1936e-003
4598	9.1948e-003
4599	9.1933e-003
4600	9.1947e-003
4601	9.1933e-003
4602	9.1945e-003
4603	9.1929e-003
4604	9.1944e-003
4605	9.193e-003
4606	9.1942e-003
4607	9.1928e-003
4608	9.1941e-003
4609	9.1926e-003
4610	9.194e-003
4611	9.1925e-003
4612	9.1922e-003
4613	9.2236e-003
4614	9.2626e-003
4615	9.2424e-003
4616	9.2057e-003
4617	9.2036e-003
4618	9.2065e-003
4619	9.2047e-003
4620	9.2064e-003
4621	9.2051e-003
4622	9.2065e-003
4623	9.2051e-003
4624	9.2068e-003
4625	9.2055e-003
4626	9.2066e-003
4627	9.2056e-003
4628	9.2069e-003
4629	9.2055e-003
4630	9.2072e-003
4631	9.2061e-003
4632	9.207e-003
4633	9.2061e-003
4634	9.2075e-003
4635	9.2061e-003
4636	9.2078e-003
4637	9.2068e-003
4638	9.2075e-003
4639	9.2067e-003
4640	9.2081e-003
4641	9.2067e-003
4642	9.2083e-003
4643	9.2075e-003
4644	9.208e-003
4645	9.2071e-003
4646	9.2088e-003
4647	9.2073e-003
4648	9.2089e-003
4649	9.208e-003
4650	9.2092e-003
4651	9.2077e-003
4652	9.2099e-003
4653	9.2087e-003
4654	9.2092e-003
4655	9.2086e-003
4656	9.2097e-003
4657	9.2082e-003
4658	9.2101e-003
4659	9.2092e-003
4660	9.2094e-003
4661	9.2087e-003
4662	9.2103e-003
4663	9.2087e-003
4664	9.2105e-003
4665	9.2096e-003
4666	9.2098e-003
4667	9.2089e-003
4668	9.2108e-003
4669	9.2092e-003
4670	9.2108e-003
4671	9.2099e-003
4672	9.2102e-003
4673	9.2093e-003
4674	9.2112e-003
4675	9.2095e-003
4676	9.2106e-003
4677	9.2103e-003
4678	9.21e-003
4679	9.2089e-003
4680	9.2112e-003
4681	9.2099e-003
4682	9.2111e-003
4683	9.2103e-003
4684	9.2114e-003
4685	9.2098e-003
4686	9.2123e-003
4687	9.2108e-003
4688	9.2113e-003
4689	9.211e-003
4690	9.2113e-003
4691	9.2098e-003
4692	9.2109e-003
4693	9.2104e-003
4694	9.2101e-003
4695	9.2093e-003
4696	9.2118e-003
4697	9.2099e-003
4698	9.2102e-003
4699	9.2104e-003
4700	9.2088e-003
4701	9.2079e-003
4702	9.2094e-003
4703	9.2092e-003
4704	9.2085e-003
4705	9.2081e-003
4706	9.208e-003
4707	9.2075e-003
4708	9.2094e-003
4709	9.2077e-003
4710	9.2076e-003
4711	9.2095e-003
4712	9.2085e-003
4713	9.2059e-003
4714	9.2114e-003
4715	9.2101e-003
4716	9.2061e-003
4717	9.2092e-003
4718	9.2091e-003
4719	9.2055e-003
4720	9.2132e-003
4721	9.2117e-003
4722	9.2102e-003
4723	9.2109e-003
4724	9.218e-003
4725	9.2112e-003
4726	9.2142e-003
4727	9.2178e-003
4728	9.1991e-003
4729	9.2053e-003
4730	9.2044e-003
4731	9.2016e-003
4732	9.2082e-003
4733	9.2099e-003
4734	9.2064e-003
4735	9.2055e-003
4736	9.2081e-003
4737	9.2098e-003
4738	9.2065e-003
4739	9.2094e-003
4740	9.2102e-003
4741	9.2094e-003
4742	9.2152e-003
4743	9.216e-003
4744	9.2157e-003
4745	9.221e-003
4746	9.2244e-003
4747	9.3664e-003
4748	9.3336e-003
4749	9.3262e-003
4750	9.3176e-003
4751	9.284e-003
4752	9.3589e-003
4753	9.319e-003
4754	9.3387e-003
4755	9.0646e-003
4756	9.0616e-003
4757	9.2841e-003
4758	9.2921e-003
4759	9.2532e-003
4760	9.2567e-003
4761	9.2372e-003
4762	9.2419e-003
4763	9.2385e-003
4764	9.2254e-003
4765	9.2352e-003
4766	9.2342e-003
4767	9.2019e-003
4768	9.2139e-003
4769	9.165e-003
4770	9.1825e-003
4771	9.1426e-003
4772	9.1533e-003
4773	9.1374e-003
4774	9.1441e-003
4775	9.1334e-003
4776	9.1386e-003
4777	9.1296e-003
4778	9.1334e-003
4779	9.127e-003
4780	9.1298e-003
4781	9.1246e-003
4782	9.1268e-003
4783	9.1222e-003
4784	9.1237e-003
4785	9.1203e-003
4786	9.1214e-003
4787	9.1186e-003
4788	9.1194e-003
4789	9.1167e-003
4790	9.1172e-003
4791	9.1153e-003
4792	9.1154e-003
4793	9.1139e-003
4794	9.1139e-003
4795	9.1123e-003
4796	9.1122e-003
4797	9.1111e-003
4798	9.1106e-003
4799	9.1098e-003
4800	9.1094e-003
4801	9.1084e-003
4802	9.1079e-003
4803	9.1073e-003
4804	9.1066e-003
4805	9.1062e-003
4806	9.1054e-003
4807	9.1051e-003
4808	9.1043e-003
4809	9.1042e-003
4810	9.1033e-003
4811	9.1034e-003
4812	9.1024e-003
4813	9.1024e-003
4814	9.1015e-003
4815	9.1017e-003
4816	9.1005e-003
4817	9.1009e-003
4818	9.0998e-003
4819	9.1e-003
4820	9.0988e-003
4821	9.0993e-003
4822	9.098e-003
4823	9.0985e-003
4824	9.0971e-003
4825	9.0977e-003
4826	9.0966e-003
4827	9.0969e-003
4828	9.0956e-003
4829	9.0962e-003
4830	9.0948e-003
4831	9.0953e-003
4832	9.0941e-003
4833	9.0945e-003
4834	9.0932e-003
4835	9.0938e-003
4836	9.0925e-003
4837	9.0929e-003
4838	9.0916e-003
4839	9.0921e-003
4840	9.0908e-003
4841	9.0913e-003
4842	9.09e-003
4843	9.0903e-003
4844	9.0891e-003
4845	9.0894e-003
4846	9.088e-003
4847	9.0885e-003
4848	9.0874e-003
4849	9.0875e-003
4850	9.0864e-003
4851	9.0867e-003
4852	9.0854e-003
4853	9.086e-003
4854	9.0846e-003
4855	9.0853e-003
4856	9.0841e-003
4857	9.0846e-003
4858	9.0833e-003
4859	9.0841e-003
4860	9.0827e-003
4861	9.0834e-003
4862	9.0821e-003
4863	9.0828e-003
4864	9.0815e-003
4865	9.0823e-003
4866	9.0808e-003
4867	9.0816e-003
4868	9.0803e-003
4869	9.081e-003
4870	9.0796e-003
4871	9.0804e-003
4872	9.079e-003
4873	9.0798e-003
4874	9.0784e-003
4875	9.0791e-003
4876	9.0778e-003
4877	9.0784e-003
4878	9.077e-003
4879	9.0778e-003
4880	9.0765e-003
4881	9.077e-003
4882	9.0758e-003
4883	9.0763e-003
4884	9.075e-003
4885	9.0756e-003
4886	9.0744e-003
4887	9.0749e-003
4888	9.0736e-003
4889	9.0744e-003
4890	9.0729e-003
4891	9.0739e-003
4892	9.0726e-003
4893	9.0735e-003
4894	9.072e-003
4895	9.0731e-003
4896	9.0717e-003
4897	9.0726e-003
4898	9.0712e-003
4899	9.0722e-003
4900	9.0708e-003
4901	9.0718e-003
4902	9.0703e-003
4903	9.0713e-003
4904	9.0699e-003
4905	9.0708e-003
4906	9.0694e-003
4907	9.0704e-003
4908	9.069e-003
4909	9.0699e-003
4910	9.0684e-003
4911	9.0693e-003
4912	9.0679e-003
4913	9.0688e-003
4914	9.0675e-003
4915	9.0683e-003
4916	9.067e-003
4917	9.0677e-003
4918	9.0663e-003
4919	9.0673e-003
4920	9.0659e-003
4921	9.067e-003
4922	9.0656e-003
4923	9.0666e-003
4924	9.0653e-003
4925	9.0663e-003
4926	9.0649e-003
4927	9.0661e-003
4928	9.0646e-003
4929	9.0657e-003
4930	9.0643e-003
4931	9.0655e-003
4932	9.064e-003
4933	9.0652e-003
4934	9.0637e-003
4935	9.0648e-003
4936	9.0634e-003
4937	9.0645e-003
4938	9.0629e-003
4939	9.0642e-003
4940	9.0628e-003
4941	9.0638e-003
4942	9.0623e-003
4943	9.0634e-003
4944	9.062e-003
4945	9.063e-003
4946	9.0616e-003
4947	9.0627e-003
4948	9.0614e-003
4949	9.0624e-003
4950	9.061e-003
4951	9.0622e-003
4952	9.0606e-003
4953	9.062e-003
4954	9.0606e-003
4955	9.0619e-003
4956	9.0604e-003
4957	9.0617e-003
4958	9.0601e-003
4959	9.0615e-003
4960	9.06e-003
4961	9.0613e-003
4962	9.0597e-003
4963	9.0611e-003
4964	9.0596e-003
4965	9.0609e-003
4966	9.0594e-003
4967	9.0607e-003
4968	9.0592e-003
4969	9.0604e-003
4970	9.0589e-003
4971	9.0602e-003
4972	9.0588e-003
4973	9.0599e-003
4974	9.0583e-003
4975	9.0597e-003
4976	9.0583e-003
4977	9.0596e-003
4978	9.0581e-003
4979	9.0596e-003
4980	9.0579e-003
4981	9.0598e-003
4982	9.0581e-003
4983	9.0619e-003
4984	9.0585e-003
4985	9.0607e-003
4986	9.0363e-003
4987	9.0351e-003
4988	9.0552e-003
4989	9.0576e-003
4990	9.0505e-003
4991	9.0527e-003
4992	9.0463e-003
4993	9.0485e-003
4994	9.0426e-003
4995	9.0446e-003
4996	9.0394e-003
4997	9.0412e-003
4998	9.038e-003
4999	9.1973e-003
5000	9.2002e-003
5001	9.1935e-003
5002	9.1971e-003
5003	9.1885e-003
5004	9.1928e-003
5005	9.1824e-003
5006	9.1874e-003
5007	9.1755e-003
5008	9.1809e-003
5009	9.1681e-003
5010	9.1735e-003
5011	9.1603e-003
5012	9.1658e-003
5013	9.1527e-003
5014	9.1579e-003
5015	9.1452e-003
5016	9.1502e-003
5017	9.1383e-003
5018	9.1428e-003
5019	9.1318e-003
5020	9.1362e-003
5021	9.126e-003
5022	9.1301e-003
5023	9.1207e-003
5024	9.1244e-003
5025	9.116e-003
5026	9.1196e-003
5027	9.1118e-003
5028	9.1151e-003
5029	9.108e-003
5030	9.1112e-003
5031	9.1047e-003
5032	9.1076e-003
5033	9.1017e-003
5034	9.1046e-003
5035	9.099e-003
5036	9.1016e-003
5037	9.0966e-003
5038	9.0991e-003
5039	9.0944e-003
5040	9.0967e-003
5041	9.0924e-003
5042	9.0948e-003
5043	9.0905e-003
5044	9.0929e-003
5045	9.0889e-003
5046	9.091e-003
5047	9.0873e-003
5048	9.0895e-003
5049	9.0859e-003
5050	9.088e-003
5051	9.0846e-003
5052	9.0866e-003
5053	9.0833e-003
5054	9.0853e-003
5055	9.0822e-003
5056	9.0842e-003
5057	9.081e-003
5058	9.083e-003
5059	9.08e-003
5060	9.082e-003
5061	9.079e-003
5062	9.0809e-003
5063	9.078e-003
5064	9.08e-003
5065	9.0771e-003
5066	9.079e-003
5067	9.0762e-003
5068	9.0782e-003
5069	9.0753e-003
5070	9.0772e-003
5071	9.0744e-003
5072	9.0762e-003
5073	9.0735e-003
5074	9.0755e-003
5075	9.0727e-003
5076	9.0745e-003
5077	9.0719e-003
5078	9.0738e-003
5079	9.071e-003
5080	9.0729e-003
5081	9.0702e-003
5082	9.0721e-003
5083	9.0694e-003
5084	9.0712e-003
5085	9.0686e-003
5086	9.0704e-003
5087	9.0678e-003
5088	9.0695e-003
5089	9.067e-003
5090	9.0688e-003
5091	9.0662e-003
5092	9.0681e-003
5093	9.0655e-003
5094	9.0673e-003
5095	9.0648e-003
5096	9.0666e-003
5097	9.064e-003
5098	9.0659e-003
5099	9.0633e-003
5100	9.0651e-003
5101	9.0626e-003
5102	9.0644e-003
5103	9.062e-003
5104	9.0638e-003
5105	9.0613e-003
5106	9.0631e-003
5107	9.0606e-003
5108	9.0623e-003
5109	9.06e-003
5110	9.0618e-003
5111	9.0593e-003
5112	9.0611e-003
5113	9.0587e-003
5114	9.0605e-003
5115	9.0581e-003
5116	9.0597e-003
5117	9.0575e-003
5118	9.0593e-003
5119	9.0568e-003
5120	9.0586e-003
5121	9.0562e-003
5122	9.0581e-003
5123	9.0556e-003
5124	9.0573e-003
5125	9.055e-003
5126	9.0568e-003
5127	9.0545e-003
5128	9.0563e-003
5129	9.0539e-003
5130	9.0556e-003
5131	9.0534e-003
5132	9.055e-003
5133	9.0528e-003
5134	9.0547e-003
5135	9.0523e-003
5136	9.054e-003
5137	9.0518e-003
5138	9.0535e-003
5139	9.0513e-003
5140	9.053e-003
5141	9.0508e-003
5142	9.0525e-003
5143	9.0503e-003
5144	9.052e-003
5145	9.0499e-003
5146	9.0516e-003
5147	9.0494e-003
5148	9.0511e-003
5149	9.0489e-003
5150	9.0506e-003
5151	9.0485e-003
5152	9.0501e-003
5153	9.048e-003
5154	9.0497e-003
5155	9.0476e-003
5156	9.0492e-003
5157	9.0472e-003
5158	9.0488e-003
5159	9.0468e-003
5160	9.0482e-003
5161	9.0464e-003
5162	9.0482e-003
5163	9.046e-003
5164	9.0476e-003
5165	9.0456e-003
5166	9.0472e-003
5167	9.0452e-003
5168	9.0467e-003
5169	9.0449e-003
5170	9.0465e-003
5171	9.0445e-003
5172	9.0461e-003
5173	9.0442e-003
5174	9.0458e-003
5175	9.0439e-003
5176	9.0454e-003
5177	9.0435e-003
5178	9.0452e-003
5179	9.0432e-003
5180	9.0448e-003
5181	9.0429e-003
5182	9.0446e-003
5183	9.0426e-003
5184	9.0441e-003
5185	9.0423e-003
5186	9.0439e-003
5187	9.042e-003
5188	9.0436e-003
5189	9.0417e-003
5190	9.0433e-003
5191	9.0415e-003
5192	9.0431e-003
5193	9.0412e-003
5194	9.0427e-003
5195	9.041e-003
5196	9.0425e-003
5197	9.0407e-003
5198	9.0422e-003
5199	9.0405e-003
5200	9.042e-003
5201	9.0402e-003
5202	9.0418e-003
5203	9.04e-003
5204	9.0415e-003
5205	9.0398e-003
5206	9.0412e-003
5207	9.0395e-003
5208	9.0412e-003
5209	9.0393e-003
5210	9.0408e-003
5211	9.0391e-003
5212	9.0407e-003
5213	9.0388e-003
5214	9.0404e-003
5215	9.0385e-003
5216	9.0401e-003
5217	9.0383e-003
5218	9.0399e-003
5219	9.0379e-003
5220	9.0395e-003
5221	9.0376e-003
5222	9.0392e-003
5223	9.0372e-003
5224	9.0388e-003
5225	9.0367e-003
5226	9.0382e-003
5227	9.0362e-003
5228	9.0377e-003
5229	9.0357e-003
5230	9.0371e-003
5231	9.0368e-003
5232	9.2151e-003
5233	9.2131e-003
5234	9.2123e-003
5235	9.216e-003
5236	9.2073e-003
5237	9.2085e-003
5238	9.209e-003
5239	9.2074e-003
5240	9.2055e-003
5241	9.2041e-003
5242	9.2045e-003
5243	9.2053e-003
5244	9.2013e-003
5245	9.1997e-003
5246	9.1997e-003
5247	9.2006e-003
5248	9.2007e-003
5249	9.1978e-003
5250	9.1965e-003
5251	9.1987e-003
5252	9.1971e-003
5253	9.1969e-003
5254	9.1956e-003
5255	9.1976e-003
5256	9.1966e-003
5257	9.1958e-003
5258	9.1945e-003
5259	9.1967e-003
5260	9.1954e-003
5261	9.1963e-003
5262	9.195e-003
5263	9.1971e-003
5264	9.2184e-003
5265	9.2231e-003
5266	9.2193e-003
5267	9.2223e-003
5268	9.2137e-003
5269	9.2136e-003
5270	9.2161e-003
5271	9.2164e-003
5272	9.2113e-003
5273	9.2132e-003
5274	9.2112e-003
5275	9.2067e-003
5276	9.2059e-003
5277	9.2065e-003
5278	9.2031e-003
5279	9.2024e-003
5280	9.204e-003
5281	9.2034e-003
5282	9.2028e-003
5283	9.2021e-003
5284	9.2038e-003
5285	9.2037e-003
5286	9.2022e-003
5287	9.2016e-003
5288	9.2033e-003
5289	9.2032e-003
5290	9.2026e-003
5291	9.202e-003
5292	9.2013e-003
5293	9.201e-003
5294	9.2028e-003
5295	9.2021e-003
5296	9.2023e-003
5297	9.1999e-003
5298	9.2019e-003
5299	9.201e-003
5300	9.2009e-003
5301	9.2009e-003
5302	9.1999e-003
5303	9.202e-003
5304	9.2009e-003
5305	9.1999e-003
5306	9.2011e-003
5307	9.202e-003
5308	9.1998e-003
5309	9.202e-003
5310	9.202e-003
5311	9.201e-003
5312	9.2008e-003
5313	9.2002e-003
5314	9.1992e-003
5315	9.2014e-003
5316	9.2004e-003
5317	9.199e-003
5318	9.2012e-003
5319	9.2e-003
5320	9.1986e-003
5321	9.2007e-003
5322	9.1996e-003
5323	9.1997e-003
5324	9.1998e-003
5325	9.1988e-003
5326	9.201e-003
5327	9.201e-003
5328	9.1998e-003
5329	9.1985e-003
5330	9.2007e-003
5331	9.2007e-003
5332	9.1996e-003
5333	9.197e-003
5334	9.1992e-003
5335	9.1983e-003
5336	9.1997e-003
5337	9.1992e-003
5338	9.1986e-003
5339	9.1976e-003
5340	9.1969e-003
5341	9.1959e-003
5342	9.1984e-003
5343	9.1983e-003
5344	9.1955e-003
5345	9.1975e-003
5346	9.1932e-003
5347	9.1954e-003
5348	9.1945e-003
5349	9.194e-003
5350	9.1917e-003
5351	9.192e-003
5352	9.1936e-003
5353	9.1932e-003
5354	9.2233e-003
5355	9.2306e-003
5356	9.2221e-003
5357	9.2254e-003
5358	9.2139e-003
5359	9.2168e-003
5360	9.2194e-003
5361	9.2269e-003
5362	9.2197e-003
5363	9.2158e-003
5364	9.2107e-003
5365	9.2112e-003
5366	9.2075e-003
5367	9.2073e-003
5368	9.2093e-003
5369	9.2092e-003
5370	9.2059e-003
5371	9.2045e-003
5372	9.2048e-003
5373	9.206e-003
5374	9.2058e-003
5375	9.203e-003
5376	9.2026e-003
5377	9.2038e-003
5378	9.2019e-003
5379	9.2035e-003
5380	9.2025e-003
5381	9.2014e-003
5382	9.2007e-003
5383	9.2017e-003
5384	9.2009e-003
5385	9.1998e-003
5386	9.2004e-003
5387	9.2003e-003
5388	9.1986e-003
5389	9.1992e-003
5390	9.2001e-003
5391	9.1998e-003
5392	9.198e-003
5393	9.1989e-003
5394	9.199e-003
5395	9.199e-003
5396	9.198e-003
5397	9.199e-003
5398	9.1989e-003
5399	9.1988e-003
5400	9.1978e-003
5401	9.1979e-003
5402	9.2e-003
5403	9.199e-003
5404	9.198e-003
5405	9.2002e-003
5406	9.1989e-003
5407	9.1979e-003
5408	9.1976e-003
5409	9.1985e-003
5410	9.1986e-003
5411	9.1981e-003
5412	9.1971e-003
5413	9.1983e-003
5414	9.1979e-003
5415	9.1975e-003
5416	9.1967e-003
5417	9.1988e-003
5418	9.197e-003
5419	9.1974e-003
5420	9.1963e-003
5421	9.1984e-003
5422	9.1963e-003
5423	9.1975e-003
5424	9.1965e-003
5425	9.1975e-003
5426	9.1973e-003
5427	9.1962e-003
5428	9.1965e-003
5429	9.1976e-003
5430	9.197e-003
5431	9.1956e-003
5432	9.1966e-003
5433	9.1978e-003
5434	9.1961e-003
5435	9.1984e-003
5436	9.1957e-003
5437	9.1949e-003
5438	9.1962e-003
5439	9.1952e-003
5440	9.1947e-003
5441	9.1939e-003
5442	9.1958e-003
5443	9.1944e-003
5444	9.1936e-003
5445	9.1946e-003
5446	9.1956e-003
5447	9.1945e-003
5448	9.1941e-003
5449	9.1933e-003
5450	9.1936e-003
5451	9.1946e-003
5452	9.1937e-003
5453	9.1924e-003
5454	9.1933e-003
5455	9.1928e-003
5456	9.1924e-003
5457	9.1916e-003
5458	9.1929e-003
5459	9.1937e-003
5460	9.1918e-003
5461	9.1911e-003
5462	9.1905e-003
5463	9.1926e-003
5464	9.1911e-003
5465	9.1903e-003
5466	9.1906e-003
5467	9.1891e-003
5468	9.1891e-003
5469	9.1898e-003
5470	9.1924e-003
5471	9.1904e-003
5472	9.2241e-003
5473	9.2129e-003
5474	9.2173e-003
5475	9.2316e-003
5476	9.2378e-003
5477	9.2339e-003
5478	9.2234e-003
5479	9.2342e-003
5480	9.2404e-003
5481	9.2349e-003
5482	9.242e-003
5483	9.24e-003
5484	9.2328e-003
5485	9.2298e-003
5486	9.2267e-003
5487	9.2283e-003
5488	9.2231e-003
5489	9.2176e-003
5490	9.2156e-003
5491	9.219e-003
5492	9.212e-003
5493	9.2129e-003
5494	9.2109e-003
5495	9.2109e-003
5496	9.2075e-003
5497	9.208e-003
5498	9.2083e-003
5499	9.2074e-003
5500	9.207e-003
5501	9.2076e-003
5502	9.2074e-003
5503	9.2062e-003
5504	9.2069e-003
5505	9.2046e-003
5506	9.2054e-003
5507	9.2049e-003
5508	9.2045e-003
5509	9.2052e-003
5510	9.2042e-003
5511	9.205e-003
5512	9.2039e-003
5513	9.2047e-003
5514	9.2036e-003
5515	9.2045e-003
5516	9.2042e-003
5517	9.2035e-003
5518	9.2037e-003
5519	9.2043e-003
5520	9.2036e-003
5521	9.2037e-003
5522	9.2045e-003
5523	9.2031e-003
5524	9.2033e-003
5525	9.2044e-003
5526	9.203e-003
5527	9.2029e-003
5528	9.2039e-003
5529	9.202e-003
5530	9.2038e-003
5531	9.2029e-003
5532	9.204e-003
5533	9.203e-003
5534	9.203e-003
5535	9.2042e-003
5536	9.2022e-003
5537	9.2031e-003
5538	9.2032e-003
5539	9.2031e-003
5540	9.2041e-003
5541	9.202e-003
5542	9.2031e-003
5543	9.203e-003
5544	9.2041e-003
5545	9.2039e-003
5546	9.2028e-003
5547	9.2023e-003
5548	9.2035e-003
5549	9.2026e-003
5550	9.2021e-003
5551	9.2033e-003
5552	9.2031e-003
5553	9.2019e-003
5554	9.2009e-003
5555	9.2029e-003
5556	9.2018e-003
5557	9.2018e-003
5558	9.2019e-003
5559	9.203e-003
5560	9.202e-003
5561	9.2029e-003
5562	9.2018e-003
5563	9.2027e-003
5564	9.2017e-003
5565	9.2006e-003
5566	9.2016e-003
5567	9.202e-003
5568	9.2008e-003
5569	9.1999e-003
5570	9.2012e-003
5571	9.2014e-003
5572	9.2005e-003
5573	9.2001e-003
5574	9.2016e-003
5575	9.2016e-003
5576	9.2006e-003
5577	9.2003e-003
5578	9.1995e-003
5579	9.2007e-003
5580	9.2007e-003
5581	9.2e-003
5582	9.1992e-003
5583	9.199e-003
5584	9.2004e-003
5585	9.2002e-003
5586	9.1983e-003
5587	9.1996e-003
5588	9.1979e-003
5589	9.1992e-003
5590	9.1976e-003
5591	9.1988e-003
5592	9.1985e-003
5593	9.1963e-003
5594	9.1972e-003
5595	9.1976e-003
5596	9.1962e-003
5597	9.1967e-003
5598	9.1941e-003
5599	9.1956e-003
5600	9.1953e-003
5601	9.1926e-003
5602	9.1947e-003
5603	9.1943e-003
5604	9.1906e-003
5605	9.1927e-003
5606	9.1907e-003
5607	9.2151e-003
5608	9.2184e-003
5609	9.1733e-003
5610	9.1712e-003
5611	9.1751e-003
5612	9.1727e-003
5613	9.0482e-003
5614	9.0498e-003
5615	9.0515e-003
5616	9.05e-003
5617	9.0467e-003
5618	9.0464e-003
5619	9.045e-003
5620	9.0471e-003
5621	9.0474e-003
5622	9.0488e-003
5623	9.0458e-003
5624	9.0453e-003
5625	9.0485e-003
5626	9.0478e-003
5627	9.048e-003
5628	9.0495e-003
5629	9.0464e-003
5630	9.046e-003
5631	9.0491e-003
5632	9.048e-003
5633	9.0482e-003
5634	9.0495e-003
5635	9.0465e-003
5636	9.0465e-003
5637	9.0495e-003
5638	9.0486e-003
5639	9.0488e-003
5640	9.0504e-003
5641	9.0472e-003
5642	9.047e-003
5643	9.0499e-003
5644	9.0492e-003
5645	9.0494e-003
5646	9.0508e-003
5647	9.0478e-003
5648	9.0474e-003
5649	9.0505e-003
5650	9.0495e-003
5651	9.0499e-003
5652	9.0512e-003
5653	9.0481e-003
5654	9.0479e-003
5655	9.0509e-003
5656	9.0501e-003
5657	9.0516e-003
5658	9.0486e-003
5659	9.0503e-003
5660	9.0485e-003
5661	9.0515e-003
5662	9.0508e-003
5663	9.0522e-003
5664	9.0492e-003
5665	9.0506e-003
5666	9.0512e-003
5667	9.0515e-003
5668	9.0529e-003
5669	9.0499e-003
5670	9.0495e-003
5671	9.0524e-003
5672	9.0518e-003
5673	9.0521e-003
5674	9.0536e-003
5675	9.0508e-003
5676	9.053e-003
5677	9.05e-003
5678	9.0523e-003
5679	9.0526e-003
5680	9.054e-003
5681	9.051e-003
5682	9.0536e-003
5683	9.0507e-003
5684	9.0531e-003
5685	9.0548e-003
5686	9.0518e-003
5687	9.0534e-003
5688	9.0513e-003
5689	9.0543e-003
5690	9.0541e-003
5691	9.0555e-003
5692	9.0525e-003
5693	9.0538e-003
5694	9.0545e-003
5695	9.0562e-003
5696	9.0532e-003
5697	9.0548e-003
5698	9.0557e-003
5699	9.0527e-003
5700	9.057e-003
5701	9.054e-003
5702	9.0556e-003
5703	9.0552e-003
5704	9.0563e-003
5705	9.0577e-003
5706	9.0547e-003
5707	9.0559e-003
5708	9.0568e-003
5709	9.0588e-003
5710	9.0557e-003
5711	9.0574e-003
5712	9.055e-003
5713	9.058e-003
5714	9.0583e-003
5715	9.0597e-003
5716	9.0566e-003
5717	9.0579e-003
5718	9.0588e-003
5719	9.0592e-003
5720	9.0605e-003
5721	9.0575e-003
5722	9.06e-003
5723	9.0569e-003
5724	9.0596e-003
5725	9.06e-003
5726	9.0614e-003
5727	9.0584e-003
5728	9.0577e-003
5729	9.0608e-003
5730	9.0605e-003
5731	9.0611e-003
5732	9.0624e-003
5733	9.0594e-003
5734	9.0587e-003
5735	9.0617e-003
5736	9.0617e-003
5737	9.0605e-003
5738	9.0622e-003
5739	9.0635e-003
5740	9.0598e-003
5741	9.0628e-003
5742	9.0633e-003
5743	9.0645e-003
5744	9.0626e-003
5745	9.0615e-003
5746	9.0638e-003
5747	9.0654e-003
5748	9.0643e-003
5749	9.0625e-003
5750	9.0621e-003
5751	9.0651e-003
5752	9.0658e-003
5753	9.0671e-003
5754	9.064e-003
5755	9.0651e-003
5756	9.0663e-003
5757	9.0669e-003
5758	9.0683e-003
5759	9.0652e-003
5760	9.0645e-003
5761	9.0675e-003
5762	9.0677e-003
5763	9.0683e-003
5764	9.0697e-003
5765	9.0666e-003
5766	9.0688e-003
5767	9.0657e-003
5768	9.0689e-003
5769	9.0709e-003
5770	9.0678e-003
5771	9.0696e-003
5772	9.067e-003
5773	9.0701e-003
5774	9.0709e-003
5775	9.0722e-003
5776	9.0702e-003
5777	9.0691e-003
5778	9.0714e-003
5779	9.0721e-003
5780	9.0732e-003
5781	9.0703e-003
5782	9.0696e-003
5783	9.0726e-003
5784	9.0728e-003
5785	9.0735e-003
5786	9.0747e-003
5787	9.0717e-003
5788	9.0738e-003
5789	9.0709e-003
5790	9.0742e-003
5791	9.075e-003
5792	9.0762e-003
5793	9.0732e-003
5794	9.0723e-003
5795	9.0753e-003
5796	9.0758e-003
5797	9.0766e-003
5798	9.0778e-003
5799	9.0748e-003
5800	9.0738e-003
5801	9.0768e-003
5802	9.0754e-003
5803	9.0784e-003
5804	9.0773e-003
5805	9.0791e-003
5806	9.08e-003
5807	9.0812e-003
5808	9.0782e-003
5809	9.0771e-003
5810	9.0802e-003
5811	9.0783e-003
5812	9.0809e-003
5813	9.0817e-003
5814	9.0829e-003
5815	9.0798e-003
5816	9.0819e-003
5817	9.0788e-003
5818	9.0825e-003
5819	9.0832e-003
5820	9.0844e-003
5821	9.0814e-003
5822	9.0837e-003
5823	9.0805e-003
5824	9.0839e-003
5825	9.0849e-003
5826	9.086e-003
5827	9.083e-003
5828	9.0849e-003
5829	9.082e-003
5830	9.0858e-003
5831	9.0869e-003
5832	9.0879e-003
5833	9.0848e-003
5834	9.0838e-003
5835	9.0868e-003
5836	9.0878e-003
5837	9.0888e-003
5838	9.0898e-003
5839	9.0868e-003
5840	9.0859e-003
5841	9.0889e-003
5842	9.0896e-003
5843	9.0906e-003
5844	9.0916e-003
5845	9.0886e-003
5846	9.0879e-003
5847	9.0909e-003
5848	9.0918e-003
5849	9.0929e-003
5850	9.0937e-003
5851	9.0909e-003
5852	9.0898e-003
5853	9.0927e-003
5854	9.0943e-003
5855	9.0957e-003
5856	9.0964e-003
5857	9.0936e-003
5858	9.0923e-003
5859	9.0951e-003
5860	9.0971e-003
5861	9.0992e-003
5862	9.0964e-003
5863	9.0987e-003
5864	9.095e-003
5865	9.0977e-003
5866	9.1023e-003
5867	9.1026e-003
5868	9.1001e-003
5869	9.1004e-003
5870	9.1044e-003
5871	9.1067e-003
5872	9.1066e-003
5873	9.1044e-003
5874	9.102e-003
5875	9.1044e-003
5876	9.1091e-003
5877	9.1113e-003
5878	9.1094e-003
5879	9.1118e-003
5880	9.1067e-003
5881	9.1088e-003
5882	9.1172e-003
5883	9.1157e-003
5884	9.1184e-003
5885	9.1149e-003
5886	9.1267e-003
5887	9.1247e-003
5888	9.1237e-003
5889	9.1223e-003
5890	9.1318e-003
5891	9.1376e-003
5892	9.1346e-003
5893	9.134e-003
5894	9.1293e-003
5895	9.1285e-003
5896	9.1442e-003
5897	9.1518e-003
5898	9.1478e-003
5899	9.1471e-003
5900	9.1402e-003
5901	9.1407e-003
5902	9.1602e-003
5903	9.1696e-003
5904	9.1653e-003
5905	9.1635e-003
5906	9.1549e-003
5907	9.156e-003
5908	9.1792e-003
5909	9.1886e-003
5910	9.1862e-003
5911	9.1816e-003
5912	9.1726e-003
5913	9.1758e-003
5914	9.1986e-003
5915	9.2059e-003
5916	9.2066e-003
5917	9.1995e-003
5918	9.2103e-003
5919	9.1906e-003
5920	9.1962e-003
5921	9.2036e-003
5922	9.2092e-003
5923	9.2089e-003
5924	9.2113e-003
5925	9.2121e-003
5926	9.2111e-003
5927	9.2099e-003
5928	9.2121e-003
5929	9.2098e-003
5930	9.2078e-003
5931	9.2085e-003
5932	9.2089e-003
5933	9.2056e-003
5934	9.2053e-003
5935	9.2071e-003
5936	9.2043e-003
5937	9.203e-003
5938	9.2032e-003
5939	9.204e-003
5940	9.2015e-003
5941	9.201e-003
5942	9.2022e-003
5943	9.2009e-003
5944	9.1998e-003
5945	9.2004e-003
5946	9.2015e-003
5947	9.2003e-003
5948	9.1996e-003
5949	9.1989e-003
5950	9.2e-003
5951	9.1991e-003
5952	9.1979e-003
5953	9.1987e-003
5954	9.1984e-003
5955	9.1969e-003
5956	9.1982e-003
5957	9.1976e-003
5958	9.1962e-003
5959	9.1973e-003
5960	9.1972e-003
5961	9.197e-003
5962	9.1961e-003
5963	9.1971e-003
5964	9.1968e-003
5965	9.1968e-003
5966	9.1958e-003
5967	9.1959e-003
5968	9.1969e-003
5969	9.1959e-003
5970	9.1968e-003
5971	9.1959e-003
5972	9.1955e-003
5973	9.1966e-003
5974	9.1964e-003
5975	9.196e-003
5976	9.1951e-003
5977	9.1962e-003
5978	9.1958e-003
5979	9.1947e-003
5980	9.1955e-003
5981	9.195e-003
5982	9.1943e-003
5983	9.1954e-003
5984	9.1953e-003
5985	9.1954e-003
5986	9.1944e-003
5987	9.1965e-003
5988	9.1954e-003
5989	9.1953e-003
5990	9.1941e-003
5991	9.195e-003
5992	9.1943e-003
5993	9.1935e-003
5994	9.1947e-003
5995	9.1944e-003
5996	9.1932e-003
5997	9.1928e-003
5998	9.192e-003
5999	9.1924e-003
6000	9.1937e-003
6001	9.1925e-003
6002	9.1924e-003
6003	9.1915e-003
6004	9.1935e-003
6005	9.1917e-003
6006	9.1923e-003
6007	9.1911e-003
6008	9.192e-003
6009	9.1914e-003
6010	9.1912e-003
6011	9.1903e-003
6012	9.1916e-003
6013	9.1907e-003
6014	9.1895e-003
6015	9.1903e-003
6016	9.1899e-003
6017	9.192e-003
6018	9.1891e-003
6019	9.1884e-003
6020	9.1897e-003
6021	9.1886e-003
6022	9.1884e-003
6023	9.1874e-003
6024	9.1879e-003
6025	9.1889e-003
6026	9.188e-003
6027	9.1895e-003
6028	9.1874e-003
6029	9.1883e-003
6030	9.19e-003
6031	9.1873e-003
6032	9.1892e-003
6033	9.1875e-003
6034	9.1885e-003
6035	9.1858e-003
6036	9.1867e-003
6037	9.1864e-003
6038	9.1892e-003
6039	9.1876e-003
6040	9.1847e-003
6041	9.1858e-003
6042	9.1862e-003
6043	9.1848e-003
6044	9.1866e-003
6045	9.1837e-003
6046	9.1853e-003
6047	9.1845e-003
6048	9.1858e-003
6049	9.183e-003
6050	9.1842e-003
6051	9.1859e-003
6052	9.1832e-003
6053	9.1853e-003
6054	9.1824e-003
6055	9.1836e-003
6056	9.1839e-003
6057	9.1832e-003
6058	9.1848e-003
6059	9.1819e-003
6060	9.1833e-003
6061	9.1831e-003
6062	9.1829e-003
6063	9.1845e-003
6064	9.1816e-003
6065	9.1817e-003
6066	9.1845e-003
6067	9.1826e-003
6068	9.1825e-003
6069	9.1841e-003
6070	9.1811e-003
6071	9.1813e-003
6072	9.1841e-003
6073	9.1823e-003
6074	9.182e-003
6075	9.1837e-003
6076	9.1808e-003
6077	9.1808e-003
6078	9.1838e-003
6079	9.1819e-003
6080	9.1817e-003
6081	9.1832e-003
6082	9.1804e-003
6083	9.1834e-003
6084	9.1804e-003
6085	9.1816e-003
6086	9.1815e-003
6087	9.1831e-003
6088	9.1802e-003
6089	9.1832e-003
6090	9.1801e-003
6091	9.1814e-003
6092	9.1814e-003
6093	9.183e-003
6094	9.1801e-003
6095	9.18e-003
6096	9.1829e-003
6097	9.1814e-003
6098	9.1812e-003
6099	9.1828e-003
6100	9.1798e-003
6101	9.1799e-003
6102	9.1828e-003
6103	9.181e-003
6104	9.1808e-003
6105	9.1824e-003
6106	9.1794e-003
6107	9.1825e-003
6108	9.1795e-003
6109	9.1807e-003
6110	9.1806e-003
6111	9.1822e-003
6112	9.1792e-003
6113	9.1793e-003
6114	9.1822e-003
6115	9.1805e-003
6116	9.1803e-003
6117	9.182e-003
6118	9.1789e-003
6119	9.1819e-003
6120	9.1791e-003
6121	9.1802e-003
6122	9.1801e-003
6123	9.1818e-003
6124	9.1788e-003
6125	9.1787e-003
6126	9.1818e-003
6127	9.18e-003
6128	9.1798e-003
6129	9.1815e-003
6130	9.1784e-003
6131	9.1784e-003
6132	9.1815e-003
6133	9.1796e-003
6134	9.1811e-003
6135	9.1781e-003
6136	9.1795e-003
6137	9.1781e-003
6138	9.1812e-003
6139	9.179e-003
6140	9.1808e-003
6141	9.1777e-003
6142	9.1793e-003
6143	9.1787e-003
6144	9.1785e-003
6145	9.1802e-003
6146	9.177e-003
6147	9.1772e-003
6148	9.1804e-003
6149	9.1782e-003
6150	9.1796e-003
6151	9.1764e-003
6152	9.1777e-003
6153	9.18e-003
6154	9.1769e-003
6155	9.1767e-003
6156	9.1787e-003
6157	9.1754e-003
6158	9.1772e-003
6159	9.176e-003
6160	9.175e-003
6161	9.1773e-003
6162	9.1739e-003
6163	9.1747e-003
6164	9.1781e-003
6165	9.1739e-003
6166	9.1719e-003
6167	9.1755e-003
6168	9.1728e-003
6169	9.1759e-003
6170	9.1737e-003
6171	9.1753e-003
6172	9.1716e-003
6173	9.1728e-003
6174	9.1745e-003
6175	9.1769e-003
6176	9.1733e-003
6177	9.1753e-003
6178	9.176e-003
6179	9.1723e-003
6180	9.178e-003
6181	9.1745e-003
6182	9.1759e-003
6183	9.1764e-003
6184	9.1787e-003
6185	9.1753e-003
6186	9.1771e-003
6187	9.1768e-003
6188	9.1776e-003
6189	9.1791e-003
6190	9.176e-003
6191	9.1773e-003
6192	9.1777e-003
6193	9.1794e-003
6194	9.1763e-003
6195	9.1778e-003
6196	9.1792e-003
6197	9.1761e-003
6198	9.178e-003
6199	9.1797e-003
6200	9.1765e-003
6201	9.1779e-003
6202	9.1781e-003
6203	9.1799e-003
6204	9.1768e-003
6205	9.1782e-003
6206	9.1796e-003
6207	9.1765e-003
6208	9.1783e-003
6209	9.1799e-003
6210	9.1768e-003
6211	9.1782e-003
6212	9.1784e-003
6213	9.1799e-003
6214	9.1769e-003
6215	9.1784e-003
6216	9.1798e-003
6217	9.1768e-003
6218	9.1785e-003
6219	9.1801e-003
6220	9.1771e-003
6221	9.1785e-003
6222	9.1785e-003
6223	9.1784e-003
6224	9.18e-003
6225	9.177e-003
6226	9.1799e-003
6227	9.1769e-003
6228	9.1784e-003
6229	9.1784e-003
6230	9.18e-003
6231	9.177e-003
6232	9.1798e-003
6233	9.1769e-003
6234	9.1784e-003
6235	9.1785e-003
6236	9.18e-003
6237	9.177e-003
6238	9.1799e-003
6239	9.1769e-003
6240	9.1785e-003
6241	9.1785e-003
6242	9.1801e-003
6243	9.1771e-003
6244	9.1769e-003
6245	9.18e-003
6246	9.1786e-003
6247	9.1786e-003
6248	9.1801e-003
6249	9.1771e-003
6250	9.1769e-003
6251	9.18e-003
6252	9.1785e-003
6253	9.1785e-003
6254	9.1801e-003
6255	9.1771e-003
6256	9.18e-003
6257	9.177e-003
6258	9.1785e-003
6259	9.1784e-003
6260	9.18e-003
6261	9.1771e-003
6262	9.18e-003
6263	9.177e-003
6264	9.1784e-003
6265	9.1785e-003
6266	9.1801e-003
6267	9.1771e-003
6268	9.1769e-003
6269	9.1799e-003
6270	9.1785e-003
6271	9.1785e-003
6272	9.18e-003
6273	9.1771e-003
6274	9.177e-003
6275	9.1799e-003
6276	9.1785e-003
6277	9.1785e-003
6278	9.1801e-003
6279	9.1772e-003
6280	9.177e-003
6281	9.18e-003
6282	9.1786e-003
6283	9.1786e-003
6284	9.1801e-003
6285	9.1772e-003
6286	9.1771e-003
6287	9.1799e-003
6288	9.1786e-003
6289	9.1787e-003
6290	9.1802e-003
6291	9.1772e-003
6292	9.1771e-003
6293	9.1801e-003
6294	9.1787e-003
6295	9.1787e-003
6296	9.1802e-003
6297	9.1773e-003
6298	9.1772e-003
6299	9.1802e-003
6300	9.1787e-003
6301	9.1787e-003
6302	9.1802e-003
6303	9.1772e-003
6304	9.1772e-003
6305	9.1801e-003
6306	9.1787e-003
6307	9.1787e-003
6308	9.1802e-003
6309	9.1772e-003
6310	9.1771e-003
6311	9.1801e-003
6312	9.1787e-003
6313	9.1787e-003
6314	9.1802e-003
6315	9.1773e-003
6316	9.1771e-003
6317	9.1801e-003
6318	9.1787e-003
6319	9.1787e-003
6320	9.1802e-003
6321	9.1772e-003
6322	9.1771e-003
6323	9.1801e-003
6324	9.1787e-003
6325	9.1786e-003
6326	9.1802e-003
6327	9.1772e-003
6328	9.1771e-003
6329	9.1801e-003
6330	9.1787e-003
6331	9.1787e-003
6332	9.1802e-003
6333	9.1773e-003
6334	9.177e-003
6335	9.1801e-003
6336	9.1787e-003
6337	9.1787e-003
6338	9.1802e-003
6339	9.1774e-003
6340	9.1772e-003
6341	9.1801e-003
6342	9.1787e-003
6343	9.1787e-003
6344	9.1802e-003
6345	9.1772e-003
6346	9.1771e-003
6347	9.1801e-003
6348	9.1788e-003
6349	9.1788e-003
6350	9.1804e-003
6351	9.1774e-003
6352	9.1771e-003
6353	9.1802e-003
6354	9.1788e-003
6355	9.1787e-003
6356	9.1803e-003
6357	9.1773e-003
6358	9.1772e-003
6359	9.1802e-003
6360	9.1787e-003
6361	9.1787e-003
6362	9.1803e-003
6363	9.1773e-003
6364	9.1772e-003
6365	9.1802e-003
6366	9.1787e-003
6367	9.1787e-003
6368	9.1803e-003
6369	9.1773e-003
6370	9.1772e-003
6371	9.1802e-003
6372	9.1787e-003
6373	9.1787e-003
6374	9.1803e-003
6375	9.1773e-003
6376	9.1771e-003
6377	9.1801e-003
6378	9.1787e-003
6379	9.1788e-003
6380	9.1803e-003
6381	9.1773e-003
6382	9.1772e-003
6383	9.1802e-003
6384	9.1788e-003
6385	9.1788e-003
6386	9.1803e-003
6387	9.1774e-003
6388	9.1772e-003
6389	9.1802e-003
6390	9.1788e-003
6391	9.1788e-003
6392	9.1803e-003
6393	9.1774e-003
6394	9.1773e-003
6395	9.1802e-003
6396	9.1788e-003
6397	9.1788e-003
6398	9.1803e-003
6399	9.1774e-003
6400	9.1773e-003
6401	9.1802e-003
6402	9.1788e-003
6403	9.1804e-003
6404	9.1773e-003
6405	9.1787e-003
6406	9.1772e-003
6407	9.1802e-003
6408	9.1788e-003
6409	9.1804e-003
6410	9.1773e-003
6411	9.1787e-003
6412	9.1788e-003
6413	9.1789e-003
6414	9.1805e-003
6415	9.1775e-003
6416	9.1803e-003
6417	9.1772e-003
6418	9.1789e-003
6419	9.1789e-003
6420	9.1804e-003
6421	9.1774e-003
6422	9.1774e-003
6423	9.1804e-003
6424	9.1789e-003
6425	9.1789e-003
6426	9.1805e-003
6427	9.1774e-003
6428	9.1804e-003
6429	9.1774e-003
6430	9.1789e-003
6431	9.1789e-003
6432	9.1804e-003
6433	9.1775e-003
6434	9.1773e-003
6435	9.1803e-003
6436	9.1789e-003
6437	9.1789e-003
6438	9.1805e-003
6439	9.1775e-003
6440	9.1803e-003
6441	9.1773e-003
6442	9.1789e-003
6443	9.1789e-003
6444	9.1804e-003
6445	9.1774e-003
6446	9.1773e-003
6447	9.1803e-003
6448	9.1789e-003
6449	9.179e-003
6450	9.1805e-003
6451	9.1776e-003
6452	9.1803e-003
6453	9.1774e-003
6454	9.179e-003
6455	9.1791e-003
6456	9.1806e-003
6457	9.1776e-003
6458	9.1774e-003
6459	9.1804e-003
6460	9.179e-003
6461	9.1792e-003
6462	9.1806e-003
6463	9.1776e-003
6464	9.1775e-003
6465	9.1805e-003
6466	9.1792e-003
6467	9.1805e-003
6468	9.1775e-003
6469	9.179e-003
6470	9.1809e-003
6471	9.1809e-003
6472	9.1778e-003
6473	9.179e-003
6474	9.1804e-003
6475	9.1775e-003
6476	9.179e-003
6477	9.1791e-003
6478	9.1806e-003
6479	9.1777e-003
6480	9.179e-003
6481	9.1805e-003
6482	9.1775e-003
6483	9.1805e-003
6484	9.1776e-003
6485	9.179e-003
6486	9.1789e-003
6487	9.1805e-003
6488	9.1776e-003
6489	9.179e-003
6490	9.179e-003
6491	9.1806e-003
6492	9.1776e-003
6493	9.1791e-003
6494	9.179e-003
6495	9.1806e-003
6496	9.1777e-003
6497	9.1791e-003
6498	9.1791e-003
6499	9.1806e-003
6500	9.1778e-003
6501	9.1791e-003
6502	9.1791e-003
6503	9.1806e-003
6504	9.1777e-003
6505	9.1791e-003
6506	9.1791e-003
6507	9.1807e-003
6508	9.1776e-003
6509	9.1791e-003
6510	9.1791e-003
6511	9.1776e-003
6512	9.1791e-003
6513	9.1791e-003
6514	9.1806e-003
6515	9.1791e-003
6516	9.1805e-003
6517	9.1775e-003
6518	9.1791e-003
6519	9.1792e-003
6520	9.1791e-003
6521	9.1807e-003
6522	9.1777e-003
6523	9.1806e-003
6524	9.1777e-003
6525	9.1791e-003
6526	9.1792e-003
6527	9.1807e-003
6528	9.1777e-003
6529	9.1806e-003
6530	9.1776e-003
6531	9.1791e-003
6532	9.1791e-003
6533	9.1807e-003
6534	9.1777e-003
6535	9.1806e-003
6536	9.1775e-003
6537	9.1792e-003
6538	9.1792e-003
6539	9.1808e-003
6540	9.1778e-003
6541	9.1806e-003
6542	9.1777e-003
6543	9.1793e-003
6544	9.1793e-003
6545	9.181e-003
6546	9.1778e-003
6547	9.1807e-003
6548	9.1776e-003
6549	9.1793e-003
6550	9.1793e-003
6551	9.1809e-003
6552	9.178e-003
6553	9.1808e-003
6554	9.1778e-003
6555	9.1793e-003
6556	9.1792e-003
6557	9.1808e-003
6558	9.1778e-003
6559	9.1807e-003
6560	9.1778e-003
6561	9.1793e-003
6562	9.1794e-003
6563	9.181e-003
6564	9.178e-003
6565	9.1807e-003
6566	9.1777e-003
6567	9.1794e-003
6568	9.1794e-003
6569	9.1809e-003
6570	9.178e-003
6571	9.1808e-003
6572	9.1779e-003
6573	9.1793e-003
6574	9.1794e-003
6575	9.1809e-003
6576	9.1779e-003
6577	9.1808e-003
6578	9.1778e-003
6579	9.1794e-003
6580	9.1795e-003
6581	9.181e-003
6582	9.178e-003
6583	9.1808e-003
6584	9.1779e-003
6585	9.1795e-003
6586	9.1796e-003
6587	9.1811e-003
6588	9.1781e-003
6589	9.1809e-003
6590	9.178e-003
6591	9.1796e-003
6592	9.1796e-003
6593	9.1812e-003
6594	9.1782e-003
6595	9.181e-003
6596	9.1781e-003
6597	9.1796e-003
6598	9.1797e-003
6599	9.1813e-003
6600	9.1783e-003
6601	9.1811e-003
6602	9.1781e-003
6603	9.1797e-003
6604	9.1797e-003
6605	9.1814e-003
6606	9.1783e-003
6607	9.1811e-003
6608	9.1781e-003
6609	9.1797e-003
6610	9.1798e-003
6611	9.1813e-003
6612	9.1784e-003
6613	9.1811e-003
6614	9.1782e-003
6615	9.1798e-003
6616	9.1799e-003
6617	9.1815e-003
6618	9.1785e-003
6619	9.1813e-003
6620	9.1783e-003
6621	9.1799e-003
6622	9.18e-003
6623	9.1815e-003
6624	9.1786e-003
6625	9.1814e-003
6626	9.1784e-003
6627	9.1801e-003
6628	9.1801e-003
6629	9.1817e-003
6630	9.1787e-003
6631	9.1814e-003
6632	9.1785e-003
6633	9.1801e-003
6634	9.1802e-003
6635	9.1817e-003
6636	9.1786e-003
6637	9.1816e-003
6638	9.1786e-003
6639	9.1802e-003
6640	9.1802e-003
6641	9.1819e-003
6642	9.1787e-003
6643	9.1816e-003
6644	9.1786e-003
6645	9.1802e-003
6646	9.1801e-003
6647	9.1817e-003
6648	9.1787e-003
6649	9.1817e-003
6650	9.1786e-003
6651	9.1798e-003
6652	9.1815e-003
6653	9.1787e-003
6654	9.1798e-003
6655	9.1815e-003
6656	9.1786e-003
6657	9.18e-003
6658	9.1812e-003
6659	9.1782e-003
6660	9.1782e-003
6661	9.0479e-003
6662	9.0446e-003
6663	9.0458e-003
6664	9.0521e-003
6665	9.0502e-003
6666	9.0505e-003
6667	9.0524e-003
6668	9.0509e-003
6669	9.0508e-003
6670	9.0527e-003
6671	9.051e-003
6672	9.0512e-003
6673	9.0535e-003
6674	9.0517e-003
6675	9.052e-003
6676	9.0538e-003
6677	9.0523e-003
6678	9.0521e-003
6679	9.0542e-003
6680	9.0525e-003
6681	9.0528e-003
6682	9.0546e-003
6683	9.053e-003
6684	9.0533e-003
6685	9.0552e-003
6686	9.0538e-003
6687	9.0536e-003
6688	9.0545e-003
6689	9.0559e-003
6690	9.0542e-003
6691	9.0549e-003
6692	9.0561e-003
6693	9.0552e-003
6694	9.0567e-003
6695	9.0554e-003
6696	9.0567e-003
6697	9.0571e-003
6698	9.0557e-003
6699	9.0564e-003
6700	9.0577e-003
6701	9.056e-003
6702	9.0568e-003
6703	9.058e-003
6704	9.055e-003
6705	9.0571e-003
6706	9.0585e-003
6707	9.0575e-003
6708	9.0587e-003
6709	9.0592e-003
6710	9.0578e-003
6711	9.0599e-003
6712	9.0584e-003
6713	9.0582e-003
6714	9.0607e-003
6715	9.0588e-003
6716	9.0594e-003
6717	9.0604e-003
6718	9.0618e-003
6719	9.06e-003
6720	9.0608e-003
6721	9.0621e-003
6722	9.059e-003
6723	9.0613e-003
6724	9.0627e-003
6725	9.0618e-003
6726	9.0631e-003
6727	9.0637e-003
6728	9.0622e-003
6729	9.0645e-003
6730	9.0631e-003
6731	9.0626e-003
6732	9.0654e-003
6733	9.0636e-003
6734	9.0641e-003
6735	9.0657e-003
6736	9.0669e-003
6737	9.0639e-003
6738	9.0652e-003
6739	9.0675e-003
6740	9.0663e-003
6741	9.0685e-003
6742	9.0674e-003
6743	9.0668e-003
6744	9.0702e-003
6745	9.0683e-003
6746	9.0689e-003
6747	9.0701e-003
6748	9.0715e-003
6749	9.0695e-003
6750	9.0708e-003
6751	9.0719e-003
6752	9.0728e-003
6753	9.0715e-003
6754	9.0739e-003
6755	9.072e-003
6756	9.0726e-003
6757	9.0753e-003
6758	9.0739e-003
6759	9.0733e-003
6760	9.075e-003
6761	9.0762e-003
6762	9.0745e-003
6763	9.0757e-003
6764	9.0768e-003
6765	9.0778e-003
6766	9.0765e-003
6767	9.0792e-003
6768	9.0781e-003
6769	9.0773e-003
6770	9.0808e-003
6771	9.0788e-003
6772	9.0796e-003
6773	9.0826e-003
6774	9.0814e-003
6775	9.0805e-003
6776	9.0794e-003
6777	9.0831e-003
6778	9.0844e-003
6779	9.0823e-003
6780	9.0839e-003
6781	9.085e-003
6782	9.0849e-003
6783	9.0859e-003
6784	9.0856e-003
6785	9.0869e-003
6786	9.0862e-003
6787	9.0875e-003
6788	9.087e-003
6789	9.088e-003
6790	9.0891e-003
6791	9.088e-003
6792	9.0909e-003
6793	9.0889e-003
6794	9.0899e-003
6795	9.0927e-003
6796	9.0919e-003
6797	9.0908e-003
6798	9.0946e-003
6799	9.0928e-003
6800	9.0937e-003
6801	9.0965e-003
6802	9.0958e-003
6803	9.0947e-003
6804	9.0991e-003
6805	9.0984e-003
6806	9.0972e-003
6807	9.1012e-003
6808	9.1017e-003
6809	9.0997e-003
6810	9.1029e-003
6811	9.1032e-003
6812	9.1007e-003
6813	9.105e-003
6814	9.1047e-003
6815	9.1086e-003
6816	9.1087e-003
6817	9.1066e-003
6818	9.1129e-003
6819	9.111e-003
6820	9.1135e-003
6821	9.1183e-003
6822	9.1195e-003
6823	9.1163e-003
6824	9.1273e-003
6825	9.1251e-003
6826	9.1231e-003
6827	9.1321e-003
6828	9.1293e-003
6829	9.1342e-003
6830	9.1376e-003
6831	9.1469e-003
6832	9.1442e-003
6833	9.152e-003
6834	9.1663e-003
6835	9.1716e-003
6836	9.1611e-003
6837	9.1906e-003
6838	9.1828e-003
6839	9.1937e-003
6840	9.2136e-003
6841	9.2151e-003
6842	9.2041e-003
6843	9.2466e-003
6844	9.2496e-003
6845	9.2553e-003
6846	9.2482e-003
6847	9.2583e-003
6848	9.247e-003
6849	9.2578e-003
6850	9.243e-003
6851	9.2524e-003
6852	9.2444e-003
6853	9.2375e-003
6854	9.2358e-003
6855	9.2281e-003
6856	9.2313e-003
6857	9.2253e-003
6858	9.2178e-003
6859	9.2203e-003
6860	9.2164e-003
6861	9.2113e-003
6862	9.2118e-003
6863	9.2135e-003
6864	9.2098e-003
6865	9.2103e-003
6866	9.2102e-003
6867	9.209e-003
6868	9.209e-003
6869	9.2089e-003
6870	9.2081e-003
6871	9.2083e-003
6872	9.2084e-003
6873	9.208e-003
6874	9.2085e-003
6875	9.2085e-003
6876	9.2075e-003
6877	9.2063e-003
6878	9.2073e-003
6879	9.2067e-003
6880	9.2058e-003
6881	9.206e-003
6882	9.2068e-003
6883	9.2058e-003
6884	9.2064e-003
6885	9.2055e-003
6886	9.2063e-003
6887	9.206e-003
6888	9.2053e-003
6889	9.2056e-003
6890	9.2051e-003
6891	9.2049e-003
6892	9.2051e-003
6893	9.2057e-003
6894	9.205e-003
6895	9.2051e-003
6896	9.2058e-003
6897	9.205e-003
6898	9.2059e-003
6899	9.2048e-003
6900	9.2058e-003
6901	9.2048e-003
6902	9.2057e-003
6903	9.2049e-003
6904	9.2059e-003
6905	9.2039e-003
6906	9.206e-003
6907	9.205e-003
6908	9.2062e-003
6909	9.2052e-003
6910	9.2051e-003
6911	9.2051e-003
6912	9.2062e-003
6913	9.2051e-003
6914	9.205e-003
6915	9.206e-003
6916	9.2048e-003
6917	9.2059e-003
6918	9.2047e-003
6919	9.2058e-003
6920	9.2037e-003
6921	9.2045e-003
6922	9.2056e-003
6923	9.2043e-003
6924	9.2054e-003
6925	9.2041e-003
6926	9.2053e-003
6927	9.2041e-003
6928	9.2052e-003
6929	9.203e-003
6930	9.2051e-003
6931	9.204e-003
6932	9.204e-003
6933	9.2051e-003
6934	9.203e-003
6935	9.204e-003
6936	9.204e-003
6937	9.205e-003
6938	9.2039e-003
6939	9.2049e-003
6940	9.2037e-003
6941	9.2048e-003
6942	9.2028e-003
6943	9.2047e-003
6944	9.2035e-003
6945	9.2029e-003
6946	9.2041e-003
6947	9.2032e-003
6948	9.2026e-003
6949	9.2038e-003
6950	9.2018e-003
6951	9.2023e-003
6952	9.2035e-003
6953	9.2024e-003
6954	9.2033e-003
6955	9.201e-003
6956	9.2025e-003
6957	9.2034e-003
6958	9.2023e-003
6959	9.2034e-003
6960	9.202e-003
6961	9.2031e-003
6962	9.2013e-003
6963	9.2017e-003
6964	9.2028e-003
6965	9.2015e-003
6966	9.2026e-003
6967	9.2013e-003
6968	9.2024e-003
6969	9.2009e-003
6970	9.2021e-003
6971	9.2004e-003
6972	9.2017e-003
6973	9.2013e-003
6974	9.2001e-003
6975	9.1995e-003
6976	9.2008e-003
6977	9.1998e-003
6978	9.1991e-003
6979	9.2005e-003
6980	9.1982e-003
6981	9.1986e-003
6982	9.2e-003
6983	9.198e-003
6984	9.1995e-003
6985	9.1972e-003
6986	9.1972e-003
6987	9.1988e-003
6988	9.1968e-003
6989	9.1963e-003
6990	9.1978e-003
6991	9.1955e-003
6992	9.197e-003
6993	9.1944e-003
6994	9.1961e-003
6995	9.1949e-003
6996	9.193e-003
6997	9.1925e-003
6998	9.1918e-003
6999	9.1909e-003
7000	9.1896e-003
7001	9.1913e-003
7002	9.1902e-003
7003	9.1892e-003
7004	9.1907e-003
7005	9.1878e-003
7006	9.1904e-003
7007	9.1887e-003
7008	9.1876e-003
7009	9.1894e-003
7010	9.1882e-003
7011	9.1873e-003
7012	9.1888e-003
7013	9.1887e-003
7014	9.1871e-003
7015	9.1882e-003
7016	9.1868e-003
7017	9.1866e-003
7018	9.1877e-003
7019	9.1863e-003
7020	9.186e-003
7021	9.1873e-003
7022	9.1856e-003
7023	9.1859e-003
7024	9.1871e-003
7025	9.1855e-003
7026	9.1854e-003
7027	9.185e-003
7028	9.1866e-003
7029	9.1852e-003
7030	9.1848e-003
7031	9.1865e-003
7032	9.1847e-003
7033	9.1862e-003
7034	9.1847e-003
7035	9.1863e-003
7036	9.1862e-003
7037	9.1845e-003
7038	9.186e-003
7039	9.1845e-003
7040	9.1844e-003
7041	9.1841e-003
7042	9.1859e-003
7043	9.1843e-003
7044	9.184e-003
7045	9.1855e-003
7046	9.1855e-003
7047	9.1838e-003
7048	9.1835e-003
7049	9.1852e-003
7050	9.1836e-003
7051	9.1834e-003
7052	9.1849e-003
7053	9.1852e-003
7054	9.1834e-003
7055	9.1848e-003
7056	9.1832e-003
7057	9.1833e-003
7058	9.1846e-003
7059	9.183e-003
7060	9.1828e-003
7061	9.1825e-003
7062	9.1843e-003
7063	9.1827e-003
7064	9.1823e-003
7065	9.1839e-003
7066	9.1808e-003
7067	9.184e-003
7068	9.1822e-003
7069	9.1817e-003
7070	9.1834e-003
7071	9.1819e-003
7072	9.1814e-003
7073	9.1832e-003
7074	9.1828e-003
7075	9.181e-003
7076	9.1822e-003
7077	9.1801e-003
7078	9.1806e-003
7079	9.181e-003
7080	9.1794e-003
7081	9.1782e-003
7082	9.1776e-003
7083	9.1795e-003
7084	9.1771e-003
7085	9.1783e-003
7086	9.18e-003
7087	9.179e-003
7088	9.1808e-003
7089	9.1795e-003
7090	9.1812e-003
7091	9.1774e-003
7092	9.1799e-003
7093	9.1816e-003
7094	9.1803e-003
7095	9.1818e-003
7096	9.1783e-003
7097	9.1805e-003
7098	9.1821e-003
7099	9.1806e-003
7100	9.1821e-003
7101	9.1788e-003
7102	9.1808e-003
7103	9.1824e-003
7104	9.1809e-003
7105	9.1825e-003
7106	9.1811e-003
7107	9.1827e-003
7108	9.1812e-003
7109	9.1826e-003
7110	9.1794e-003
7111	9.1813e-003
7112	9.1829e-003
7113	9.1814e-003
7114	9.1829e-003
7115	9.1815e-003
7116	9.1831e-003
7117	9.1814e-003
7118	9.1829e-003
7119	9.1798e-003
7120	9.1814e-003
7121	9.183e-003
7122	9.1814e-003
7123	9.1829e-003
7124	9.1814e-003
7125	9.1829e-003
7126	9.1814e-003
7127	9.1829e-003
7128	9.1799e-003
7129	9.1814e-003
7130	9.183e-003
7131	9.1814e-003
7132	9.1829e-003
7133	9.1814e-003
7134	9.1831e-003
7135	9.1814e-003
7136	9.1828e-003
7137	9.1814e-003
7138	9.183e-003
7139	9.1814e-003
7140	9.1829e-003
7141	9.1831e-003
7142	9.1815e-003
7143	9.1832e-003
7144	9.1815e-003
7145	9.1815e-003
7146	9.1816e-003
7147	9.1831e-003
7148	9.1815e-003
7149	9.1816e-003
7150	9.1831e-003
7151	9.1815e-003
7152	9.1831e-003
7153	9.1815e-003
7154	9.1831e-003
7155	9.1831e-003
7156	9.1815e-003
7157	9.1831e-003
7158	9.1815e-003
7159	9.1815e-003
7160	9.1831e-003
7161	9.1815e-003
7162	9.1814e-003
7163	9.1831e-003
7164	9.1815e-003
7165	9.1814e-003
7166	9.1832e-003
7167	9.1816e-003
7168	9.1815e-003
7169	9.1832e-003
7170	9.1816e-003
7171	9.1817e-003
7172	9.1833e-003
7173	9.1816e-003
7174	9.1817e-003
7175	9.1832e-003
7176	9.1816e-003
7177	9.1816e-003
7178	9.1832e-003
7179	9.1817e-003
7180	9.1816e-003
7181	9.1832e-003
7182	9.1817e-003
7183	9.1816e-003
7184	9.1832e-003
7185	9.1817e-003
7186	9.1816e-003
7187	9.1832e-003
7188	9.1817e-003
7189	9.1816e-003
7190	9.1832e-003
7191	9.1816e-003
7192	9.1816e-003
7193	9.1832e-003
7194	9.1816e-003
7195	9.1817e-003
7196	9.1832e-003
7197	9.1817e-003
7198	9.1817e-003
7199	9.1834e-003
7200	9.1818e-003
7201	9.1818e-003
7202	9.1833e-003
7203	9.1817e-003
7204	9.1817e-003
7205	9.1833e-003
7206	9.1817e-003
7207	9.1817e-003
7208	9.1833e-003
7209	9.1817e-003
7210	9.1817e-003
7211	9.1833e-003
7212	9.1817e-003
7213	9.1817e-003
7214	9.1833e-003
7215	9.1817e-003
7216	9.1817e-003
7217	9.1834e-003
7218	9.1817e-003
7219	9.1817e-003
7220	9.1833e-003
7221	9.1817e-003
7222	9.1817e-003
7223	9.1834e-003
7224	9.1818e-003
7225	9.1818e-003
7226	9.1818e-003
7227	9.1834e-003
7228	9.1818e-003
7229	9.1818e-003
7230	9.1833e-003
7231	9.1802e-003
7232	9.1819e-003
7233	9.1834e-003
7234	9.1819e-003
7235	9.1833e-003
7236	9.1835e-003
7237	9.182e-003
7238	9.1819e-003
7239	9.1835e-003
7240	9.1819e-003
7241	9.182e-003
7242	9.1834e-003
7243	9.1836e-003
7244	9.1819e-003
7245	9.1818e-003
7246	9.1834e-003
7247	9.1818e-003
7248	9.1818e-003
7249	9.1833e-003
7250	9.1834e-003
7251	9.1818e-003
7252	9.1817e-003
7253	9.1834e-003
7254	9.1818e-003
7255	9.1818e-003
7256	9.1832e-003
7257	9.1834e-003
7258	9.1819e-003
7259	9.1836e-003
7260	9.182e-003
7261	9.182e-003
7262	9.1822e-003
7263	9.1836e-003
7264	9.182e-003
7265	9.1824e-003
7266	9.1838e-003
7267	9.1822e-003
7268	9.1838e-003
7269	9.182e-003
7270	9.1835e-003
7271	9.1819e-003
7272	9.1834e-003
7273	9.1805e-003
7274	9.1819e-003
7275	9.1835e-003
7276	9.182e-003
7277	9.1835e-003
7278	9.1819e-003
7279	9.1836e-003
7280	9.1819e-003
7281	9.1803e-003
7282	9.1834e-003
7283	9.182e-003
7284	9.1835e-003
7285	9.182e-003
7286	9.1834e-003
7287	9.1804e-003
7288	9.182e-003
7289	9.1835e-003
7290	9.182e-003
7291	9.1805e-003
7292	9.1834e-003
7293	9.1821e-003
7294	9.1836e-003
7295	9.1821e-003
7296	9.1836e-003
7297	9.1805e-003
7298	9.182e-003
7299	9.1837e-003
7300	9.182e-003
7301	9.1805e-003
7302	9.1835e-003
7303	9.182e-003
7304	9.1836e-003
7305	9.182e-003
7306	9.1835e-003
7307	9.1805e-003
7308	9.1821e-003
7309	9.1836e-003
7310	9.1821e-003
7311	9.1805e-003
7312	9.1836e-003
7313	9.1822e-003
7314	9.1837e-003
7315	9.1836e-003
7316	9.1805e-003
7317	9.1821e-003
7318	9.1821e-003
7319	9.1837e-003
7320	9.1807e-003
7321	9.1822e-003
7322	9.1821e-003
7323	9.1835e-003
7324	9.1822e-003
7325	9.1836e-003
7326	9.1822e-003
7327	9.1837e-003
7328	9.1821e-003
7329	9.1836e-003
7330	9.1821e-003
7331	9.1837e-003
7332	9.1822e-003
7333	9.1836e-003
7334	9.1822e-003
7335	9.1837e-003
7336	9.1822e-003
7337	9.1837e-003
7338	9.1822e-003
7339	9.1838e-003
7340	9.1824e-003
7341	9.1838e-003
7342	9.1824e-003
7343	9.184e-003
7344	9.1823e-003
7345	9.1838e-003
7346	9.1822e-003
7347	9.1838e-003
7348	9.1822e-003
7349	9.1836e-003
7350	9.1822e-003
7351	9.1838e-003
7352	9.1823e-003
7353	9.1837e-003
7354	9.1824e-003
7355	9.184e-003
7356	9.1823e-003
7357	9.1838e-003
7358	9.1824e-003
7359	9.1839e-003
7360	9.1824e-003
7361	9.1839e-003
7362	9.1824e-003
7363	9.1839e-003
7364	9.1824e-003
7365	9.1838e-003
7366	9.1824e-003
7367	9.184e-003
7368	9.1825e-003
7369	9.184e-003
7370	9.1825e-003
7371	9.1841e-003
7372	9.1825e-003
7373	9.1839e-003
7374	9.1826e-003
7375	9.1841e-003
7376	9.1828e-003
7377	9.1842e-003
7378	9.1828e-003
7379	9.1844e-003
7380	9.1828e-003
7381	9.1841e-003
7382	9.1828e-003
7383	9.1844e-003
7384	9.1828e-003
7385	9.1841e-003
7386	9.1828e-003
7387	9.1844e-003
7388	9.1829e-003
7389	9.1843e-003
7390	9.183e-003
7391	9.1845e-003
7392	9.1829e-003
7393	9.1844e-003
7394	9.183e-003
7395	9.1845e-003
7396	9.1831e-003
7397	9.1844e-003
7398	9.1831e-003
7399	9.1846e-003
7400	9.1831e-003
7401	9.1845e-003
7402	9.1832e-003
7403	9.1847e-003
7404	9.1833e-003
7405	9.1847e-003
7406	9.1834e-003
7407	9.1849e-003
7408	9.1833e-003
7409	9.1848e-003
7410	9.1831e-003
7411	9.1848e-003
7412	9.1829e-003
7413	9.1846e-003
7414	9.183e-003
7415	9.1844e-003
7416	9.1847e-003
7417	9.1831e-003
7418	9.0514e-003
7419	9.0494e-003
7420	9.0432e-003
7421	9.0436e-003
7422	9.042e-003
7423	9.0415e-003
7424	9.0424e-003
7425	9.044e-003
7426	9.0444e-003
7427	9.0429e-003
7428	9.0424e-003
7429	9.0447e-003
7430	9.0449e-003
7431	9.0434e-003
7432	9.043e-003
7433	9.0451e-003
7434	9.0453e-003
7435	9.0437e-003
7436	9.0436e-003
7437	9.0456e-003
7438	9.0458e-003
7439	9.0441e-003
7440	9.0442e-003
7441	9.0461e-003
7442	9.0464e-003
7443	9.0448e-003
7444	9.0444e-003
7445	9.0465e-003
7446	9.0468e-003
7447	9.0451e-003
7448	9.045e-003
7449	9.0471e-003
7450	9.0473e-003
7451	9.0456e-003
7452	9.0455e-003
7453	9.0476e-003
7454	9.0479e-003
7455	9.0462e-003
7456	9.0461e-003
7457	9.049e-003
7458	9.0482e-003
7459	9.0485e-003
7460	9.0468e-003
7461	9.0466e-003
7462	9.049e-003
7463	9.0493e-003
7464	9.0478e-003
7465	9.047e-003
7466	9.0494e-003
7467	9.0497e-003
7468	9.0481e-003
7469	9.0477e-003
7470	9.0501e-003
7471	9.0504e-003
7472	9.0488e-003
7473	9.0483e-003
7474	9.0508e-003
7475	9.0511e-003
7476	9.0495e-003
7477	9.0491e-003
7478	9.052e-003
7479	9.0514e-003
7480	9.0517e-003
7481	9.0501e-003
7482	9.0496e-003
7483	9.0521e-003
7484	9.0511e-003
7485	9.0524e-003
7486	9.0504e-003
7487	9.0533e-003
7488	9.0534e-003
7489	9.0517e-003
7490	9.0528e-003
7491	9.0539e-003
7492	9.0527e-003
7493	9.0544e-003
7494	9.0521e-003
7495	9.0553e-003
7496	9.0536e-003
7497	9.0548e-003
7498	9.0557e-003
7499	9.056e-003
7500	9.0545e-003
7501	9.0539e-003
7502	9.0565e-003
7503	9.0571e-003
7504	9.0554e-003
7505	9.0547e-003
7506	9.0576e-003
7507	9.0581e-003
7508	9.0565e-003
7509	9.0559e-003
7510	9.0587e-003
7511	9.0576e-003
7512	9.059e-003
7513	9.0569e-003
7514	9.0593e-003
7515	9.0603e-003
7516	9.0609e-003
7517	9.0621e-003
7518	9.0627e-003
7519	9.0611e-003
7520	9.0602e-003
7521	9.0632e-003
7522	9.0614e-003
7523	9.0633e-003
7524	9.064e-003
7525	9.0623e-003
7526	9.0615e-003
7527	9.0646e-003
7528	9.0653e-003
7529	9.0635e-003
7530	9.0627e-003
7531	9.0659e-003
7532	9.0665e-003
7533	9.0647e-003
7534	9.064e-003
7535	9.0652e-003
7536	9.0683e-003
7537	9.0672e-003
7538	9.0667e-003
7539	9.0679e-003
7540	9.0685e-003
7541	9.0698e-003
7542	9.0705e-003
7543	9.0688e-003
7544	9.068e-003
7545	9.0691e-003
7546	9.0713e-003
7547	9.0721e-003
7548	9.0702e-003
7549	9.0694e-003
7550	9.0728e-003
7551	9.0736e-003
7552	9.0718e-003
7553	9.0709e-003
7554	9.0744e-003
7555	9.0752e-003
7556	9.0734e-003
7557	9.0764e-003
7558	9.0724e-003
7559	9.0761e-003
7560	9.077e-003
7561	9.0751e-003
7562	9.0741e-003
7563	9.0778e-003
7564	9.0786e-003
7565	9.0768e-003
7566	9.0758e-003
7567	9.0794e-003
7568	9.0802e-003
7569	9.0784e-003
7570	9.0774e-003
7571	9.0811e-003
7572	9.082e-003
7573	9.0801e-003
7574	9.0791e-003
7575	9.0828e-003
7576	9.0838e-003
7577	9.0818e-003
7578	9.0811e-003
7579	9.0848e-003
7580	9.0859e-003
7581	9.0839e-003
7582	9.083e-003
7583	9.0869e-003
7584	9.0879e-003
7585	9.0859e-003
7586	9.085e-003
7587	9.089e-003
7588	9.0902e-003
7589	9.0881e-003
7590	9.087e-003
7591	9.0915e-003
7592	9.0929e-003
7593	9.0909e-003
7594	9.0894e-003
7595	9.0943e-003
7596	9.096e-003
7597	9.0937e-003
7598	9.0923e-003
7599	9.0979e-003
7600	9.0998e-003
7601	9.0976e-003
7602	9.0957e-003
7603	9.0982e-003
7604	9.102e-003
7605	9.1044e-003
7606	9.1018e-003
7607	9.0994e-003
7608	9.107e-003
7609	9.1098e-003
7610	9.1072e-003
7611	9.1043e-003
7612	9.113e-003
7613	9.1167e-003
7614	9.1137e-003
7615	9.1101e-003
7616	9.1122e-003
7617	9.1208e-003
7618	9.1254e-003
7619	9.122e-003
7620	9.1175e-003
7621	9.1194e-003
7622	9.1307e-003
7623	9.1366e-003
7624	9.1324e-003
7625	9.1267e-003
7626	9.1431e-003
7627	9.1503e-003
7628	9.1452e-003
7629	9.1386e-003
7630	9.1582e-003
7631	9.1665e-003
7632	9.1608e-003
7633	9.1529e-003
7634	9.175e-003
7635	9.1836e-003
7636	9.1772e-003
7637	9.169e-003
7638	9.1914e-003
7639	9.1971e-003
7640	9.192e-003
7641	9.1853e-003
7642	9.2016e-003
7643	9.2048e-003
7644	9.2012e-003
7645	9.2072e-003
7646	9.1969e-003
7647	9.2067e-003
7648	9.2078e-003
7649	9.2056e-003
7650	9.21e-003
7651	9.2038e-003
7652	9.2081e-003
7653	9.2077e-003
7654	9.2064e-003
7655	9.2064e-003
7656	9.2103e-003
7657	9.2069e-003
7658	9.2059e-003
7659	9.2052e-003
7660	9.206e-003
7661	9.2049e-003
7662	9.2037e-003
7663	9.2033e-003
7664	9.2043e-003
7665	9.2066e-003
7666	9.2026e-003
7667	9.2016e-003
7668	9.2012e-003
7669	9.2022e-003
7670	9.2006e-003
7671	9.1998e-003
7672	9.1993e-003
7673	9.2002e-003
7674	9.2018e-003
7675	9.1992e-003
7676	9.1987e-003
7677	9.198e-003
7678	9.1987e-003
7679	9.1982e-003
7680	9.1977e-003
7681	9.197e-003
7682	9.1975e-003
7683	9.1993e-003
7684	9.1973e-003
7685	9.1968e-003
7686	9.1961e-003
7687	9.1965e-003
7688	9.1963e-003
7689	9.1958e-003
7690	9.1951e-003
7691	9.1956e-003
7692	9.1975e-003
7693	9.1955e-003
7694	9.1953e-003
7695	9.1945e-003
7696	9.1947e-003
7697	9.1965e-003
7698	9.1952e-003
7699	9.1951e-003
7700	9.1942e-003
7701	9.1943e-003
7702	9.1962e-003
7703	9.1949e-003
7704	9.1948e-003
7705	9.1939e-003
7706	9.194e-003
7707	9.1948e-003
7708	9.1947e-003
7709	9.1938e-003
7710	9.1938e-003
7711	9.1945e-003
7712	9.1944e-003
7713	9.1935e-003
7714	9.1936e-003
7715	9.1956e-003
7716	9.1942e-003
7717	9.194e-003
7718	9.1931e-003
7719	9.1933e-003
7720	9.1954e-003
7721	9.1938e-003
7722	9.1936e-003
7723	9.1928e-003
7724	9.193e-003
7725	9.1934e-003
7726	9.1934e-003
7727	9.1924e-003
7728	9.1925e-003
7729	9.1944e-003
7730	9.1933e-003
7731	9.1932e-003
7732	9.1923e-003
7733	9.1923e-003
7734	9.1944e-003
7735	9.1931e-003
7736	9.1929e-003
7737	9.192e-003
7738	9.1921e-003
7739	9.1926e-003
7740	9.1923e-003
7741	9.1914e-003
7742	9.1917e-003
7743	9.1939e-003
7744	9.192e-003
7745	9.1917e-003
7746	9.1909e-003
7747	9.1929e-003
7748	9.1912e-003
7749	9.1932e-003
7750	9.1913e-003
7751	9.1909e-003
7752	9.1901e-003
7753	9.1905e-003
7754	9.1906e-003
7755	9.1904e-003
7756	9.1896e-003
7757	9.1898e-003
7758	9.1902e-003
7759	9.1899e-003
7760	9.1891e-003
7761	9.1894e-003
7762	9.1895e-003
7763	9.1891e-003
7764	9.1883e-003
7765	9.1887e-003
7766	9.1907e-003
7767	9.1887e-003
7768	9.1882e-003
7769	9.1874e-003
7770	9.1879e-003
7771	9.1877e-003
7772	9.1872e-003
7773	9.1864e-003
7774	9.187e-003
7775	9.189e-003
7776	9.1867e-003
7777	9.1864e-003
7778	9.1855e-003
7779	9.1859e-003
7780	9.1864e-003
7781	9.1864e-003
7782	9.1852e-003
7783	9.1852e-003
7784	9.1861e-003
7785	9.1854e-003
7786	9.1843e-003
7787	9.1849e-003
7788	9.188e-003
7789	9.1847e-003
7790	9.184e-003
7791	9.1829e-003
7792	9.1835e-003
7793	9.1835e-003
7794	9.183e-003
7795	9.1819e-003
7796	9.1823e-003
7797	9.185e-003
7798	9.1825e-003
7799	9.1821e-003
7800	9.1809e-003
7801	9.1813e-003
7802	9.1841e-003
7803	9.1818e-003
7804	9.1814e-003
7805	9.1803e-003
7806	9.1804e-003
7807	9.1811e-003
7808	9.1808e-003
7809	9.1795e-003
7810	9.1798e-003
7811	9.1826e-003
7812	9.1805e-003
7813	9.1803e-003
7814	9.1791e-003
7815	9.1791e-003
7816	9.182e-003
7817	9.1802e-003
7818	9.18e-003
7819	9.1787e-003
7820	9.1787e-003
7821	9.1798e-003
7822	9.1795e-003
7823	9.1782e-003
7824	9.1783e-003
7825	9.1793e-003
7826	9.1791e-003
7827	9.1778e-003
7828	9.1779e-003
7829	9.1789e-003
7830	9.1788e-003
7831	9.1774e-003
7832	9.1775e-003
7833	9.1787e-003
7834	9.1786e-003
7835	9.1772e-003
7836	9.1772e-003
7837	9.1787e-003
7838	9.1786e-003
7839	9.1772e-003
7840	9.1771e-003
7841	9.1769e-003
7842	9.1783e-003
7843	9.178e-003
7844	9.1779e-003
7845	9.1764e-003
7846	9.1767e-003
7847	9.1782e-003
7848	9.1778e-003
7849	9.1777e-003
7850	9.1761e-003
7851	9.1764e-003
7852	9.1776e-003
7853	9.1772e-003
7854	9.1759e-003
7855	9.1762e-003
7856	9.1772e-003
7857	9.1771e-003
7858	9.1758e-003
7859	9.1756e-003
7860	9.1768e-003
7861	9.1767e-003
7862	9.1755e-003
7863	9.1754e-003
7864	9.1766e-003
7865	9.1765e-003
7866	9.1751e-003
7867	9.1751e-003
7868	9.1763e-003
7869	9.1759e-003
7870	9.1746e-003
7871	9.1748e-003
7872	9.1778e-003
7873	9.1755e-003
7874	9.1754e-003
7875	9.174e-003
7876	9.1741e-003
7877	9.1751e-003
7878	9.1746e-003
7879	9.1733e-003
7880	9.1738e-003
7881	9.1741e-003
7882	9.1735e-003
7883	9.1723e-003
7884	9.1727e-003
7885	9.1758e-003
7886	9.1727e-003
7887	9.1718e-003
7888	9.1707e-003
7889	9.1715e-003
7890	9.1708e-003
7891	9.1699e-003
7892	9.1689e-003
7893	9.1698e-003
7894	9.1687e-003
7895	9.1679e-003
7896	9.1683e-003
7897	9.1663e-003
7898	9.1665e-003
7899	9.1701e-003
7900	9.1693e-003
7901	9.1702e-003
7902	9.1683e-003
7903	9.1672e-003
7904	9.1705e-003
7905	9.1711e-003
7906	9.1718e-003
7907	9.1699e-003
7908	9.1691e-003
7909	9.1725e-003
7910	9.1731e-003
7911	9.1713e-003
7912	9.1706e-003
7913	9.1739e-003
7914	9.1735e-003
7915	9.1738e-003
7916	9.1721e-003
7917	9.1717e-003
7918	9.1749e-003
7919	9.1742e-003
7920	9.1745e-003
7921	9.1729e-003
7922	9.1724e-003
7923	9.1756e-003
7924	9.1746e-003
7925	9.1747e-003
7926	9.1732e-003
7927	9.1729e-003
7928	9.1749e-003
7929	9.175e-003
7930	9.1735e-003
7931	9.1732e-003
7932	9.1763e-003
7933	9.1752e-003
7934	9.1753e-003
7935	9.1738e-003
7936	9.1736e-003
7937	9.1753e-003
7938	9.1753e-003
7939	9.1739e-003
7940	9.1737e-003
7941	9.1767e-003
7942	9.1754e-003
7943	9.1754e-003
7944	9.1739e-003
7945	9.1738e-003
7946	9.1755e-003
7947	9.1755e-003
7948	9.1741e-003
7949	9.174e-003
7950	9.1769e-003
7951	9.1754e-003
7952	9.1754e-003
7953	9.174e-003
7954	9.1739e-003
7955	9.1755e-003
7956	9.1755e-003
7957	9.1741e-003
7958	9.1739e-003
7959	9.1755e-003
7960	9.1755e-003
7961	9.1741e-003
7962	9.174e-003
7963	9.1755e-003
7964	9.1755e-003
7965	9.1742e-003
7966	9.174e-003
7967	9.1755e-003
7968	9.1756e-003
7969	9.1742e-003
7970	9.174e-003
7971	9.1755e-003
7972	9.1755e-003
7973	9.1741e-003
7974	9.1741e-003
7975	9.1756e-003
7976	9.1756e-003
7977	9.1742e-003
7978	9.174e-003
7979	9.1756e-003
7980	9.1756e-003
7981	9.1742e-003
7982	9.174e-003
7983	9.1755e-003
7984	9.1756e-003
7985	9.1742e-003
7986	9.174e-003
7987	9.1756e-003
7988	9.1757e-003
7989	9.1742e-003
7990	9.174e-003
7991	9.1756e-003
7992	9.1757e-003
7993	9.1742e-003
7994	9.1741e-003
7995	9.1757e-003
7996	9.1757e-003
7997	9.1742e-003
7998	9.1741e-003
7999	9.1758e-003
8000	9.1758e-003
8001	9.1743e-003
8002	9.1742e-003
8003	9.1757e-003
8004	9.1757e-003
8005	9.1742e-003
8006	9.1742e-003
8007	9.1757e-003
8008	9.1757e-003
8009	9.1742e-003
8010	9.1742e-003
8011	9.1757e-003
8012	9.1757e-003
8013	9.1743e-003
8014	9.1742e-003
8015	9.1757e-003
8016	9.1757e-003
8017	9.1742e-003
8018	9.1742e-003
8019	9.1757e-003
8020	9.1756e-003
8021	9.1743e-003
8022	9.1742e-003
8023	9.1756e-003
8024	9.1757e-003
8025	9.1742e-003
8026	9.1741e-003
8027	9.1758e-003
8028	9.1758e-003
8029	9.1744e-003
8030	9.1742e-003
8031	9.1757e-003
8032	9.1756e-003
8033	9.1743e-003
8034	9.1742e-003
8035	9.1757e-003
8036	9.1758e-003
8037	9.1743e-003
8038	9.1742e-003
8039	9.1758e-003
8040	9.1758e-003
8041	9.1744e-003
8042	9.1742e-003
8043	9.1758e-003
8044	9.1758e-003
8045	9.1744e-003
8046	9.1742e-003
8047	9.1758e-003
8048	9.1756e-003
8049	9.1743e-003
8050	9.1743e-003
8051	9.1757e-003
8052	9.1757e-003
8053	9.1743e-003
8054	9.1742e-003
8055	9.1757e-003
8056	9.1758e-003
8057	9.1743e-003
8058	9.1743e-003
8059	9.1758e-003
8060	9.1758e-003
8061	9.1744e-003
8062	9.1743e-003
8063	9.1759e-003
8064	9.1759e-003
8065	9.1744e-003
8066	9.1743e-003
8067	9.1759e-003
8068	9.1758e-003
8069	9.1745e-003
8070	9.1743e-003
8071	9.1758e-003
8072	9.1758e-003
8073	9.1744e-003
8074	9.1743e-003
8075	9.1757e-003
8076	9.1758e-003
8077	9.1743e-003
8078	9.1743e-003
8079	9.1771e-003
8080	9.1759e-003
8081	9.1759e-003
8082	9.1745e-003
8083	9.1742e-003
8084	9.1759e-003
8085	9.1759e-003
8086	9.1744e-003
8087	9.1744e-003
8088	9.1759e-003
8089	9.1759e-003
8090	9.1744e-003
8091	9.1744e-003
8092	9.1759e-003
8093	9.1758e-003
8094	9.1744e-003
8095	9.1743e-003
8096	9.1759e-003
8097	9.1758e-003
8098	9.1744e-003
8099	9.1743e-003
8100	9.1758e-003
8101	9.1759e-003
8102	9.1744e-003
8103	9.1742e-003
8104	9.176e-003
8105	9.1761e-003
8106	9.1746e-003
8107	9.1744e-003
8108	9.176e-003
8109	9.176e-003
8110	9.1745e-003
8111	9.1745e-003
8112	9.176e-003
8113	9.1761e-003
8114	9.1746e-003
8115	9.1745e-003
8116	9.1761e-003
8117	9.1761e-003
8118	9.1745e-003
8119	9.1746e-003
8120	9.176e-003
8121	9.176e-003
8122	9.1746e-003
8123	9.1745e-003
8124	9.1775e-003
8125	9.1761e-003
8126	9.176e-003
8127	9.1746e-003
8128	9.1745e-003
8129	9.176e-003
8130	9.1761e-003
8131	9.1747e-003
8132	9.1744e-003
8133	9.1773e-003
8134	9.1761e-003
8135	9.1761e-003
8136	9.1746e-003
8137	9.1745e-003
8138	9.1775e-003
8139	9.1761e-003
8140	9.1761e-003
8141	9.1747e-003
8142	9.1746e-003
8143	9.1775e-003
8144	9.1762e-003
8145	9.1762e-003
8146	9.1747e-003
8147	9.1745e-003
8148	9.1775e-003
8149	9.1762e-003
8150	9.1762e-003
8151	9.1748e-003
8152	9.1746e-003
8153	9.1775e-003
8154	9.1762e-003
8155	9.1762e-003
8156	9.1748e-003
8157	9.1745e-003
8158	9.1775e-003
8159	9.1761e-003
8160	9.1761e-003
8161	9.1746e-003
8162	9.1746e-003
8163	9.1776e-003
8164	9.1761e-003
8165	9.1761e-003
8166	9.1747e-003
8167	9.1745e-003
8168	9.1775e-003
8169	9.1761e-003
8170	9.1761e-003
8171	9.1746e-003
8172	9.1747e-003
8173	9.1776e-003
8174	9.1762e-003
8175	9.1762e-003
8176	9.1748e-003
8177	9.1747e-003
8178	9.1762e-003
8179	9.1761e-003
8180	9.1747e-003
8181	9.1746e-003
8182	9.1761e-003
8183	9.1762e-003
8184	9.1747e-003
8185	9.1745e-003
8186	9.1763e-003
8187	9.1762e-003
8188	9.1748e-003
8189	9.1747e-003
8190	9.1762e-003
8191	9.1763e-003
8192	9.1748e-003
8193	9.1746e-003
8194	9.1764e-003
8195	9.1764e-003
8196	9.175e-003
8197	9.1748e-003
8198	9.1763e-003
8199	9.1763e-003
8200	9.1749e-003
8201	9.1748e-003
8202	9.1764e-003
8203	9.1764e-003
8204	9.175e-003
8205	9.1748e-003
8206	9.1765e-003
8207	9.1765e-003
8208	9.175e-003
8209	9.1749e-003
8210	9.1764e-003
8211	9.1764e-003
8212	9.175e-003
8213	9.1749e-003
8214	9.1765e-003
8215	9.1766e-003
8216	9.1751e-003
8217	9.175e-003
8218	9.1766e-003
8219	9.1766e-003
8220	9.1751e-003
8221	9.175e-003
8222	9.1767e-003
8223	9.1767e-003
8224	9.1752e-003
8225	9.1751e-003
8226	9.1767e-003
8227	9.1768e-003
8228	9.1753e-003
8229	9.1751e-003
8230	9.1768e-003
8231	9.1768e-003
8232	9.1753e-003
8233	9.1752e-003
8234	9.1768e-003
8235	9.1769e-003
8236	9.1754e-003
8237	9.1752e-003
8238	9.1769e-003
8239	9.177e-003
8240	9.1755e-003
8241	9.1753e-003
8242	9.177e-003
8243	9.1771e-003
8244	9.1756e-003
8245	9.1754e-003
8246	9.1771e-003
8247	9.1771e-003
8248	9.1756e-003
8249	9.1755e-003
8250	9.1771e-003
8251	9.1771e-003
8252	9.1756e-003
8253	9.1756e-003
8254	9.1771e-003
8255	9.1771e-003
8256	9.1757e-003
8257	9.1755e-003
8258	9.1771e-003
8259	9.1773e-003
8260	9.1758e-003
8261	9.1756e-003
8262	9.1771e-003
8263	9.1768e-003
8264	9.1755e-003
8265	9.1758e-003
8266	9.177e-003
8267	9.1771e-003
8268	9.1757e-003
8269	9.1755e-003
8270	9.1819e-003
8271	9.1789e-003
8272	9.1804e-003
8273	9.1805e-003
8274	9.1773e-003
8275	9.1775e-003
8276	9.176e-003
8277	9.179e-003
8278	9.1756e-003
8279	9.1786e-003
8280	9.0452e-003
8281	9.0437e-003
8282	9.0473e-003
8283	9.1849e-003
8284	9.1834e-003
8285	9.1834e-003
8286	9.0531e-003
8287	9.0531e-003
8288	9.0549e-003
8289	9.0532e-003
8290	9.0547e-003
8291	9.0535e-003
8292	9.0549e-003
8293	9.0517e-003
8294	9.0537e-003
8295	9.0552e-003
8296	9.0538e-003
8297	9.0552e-003
8298	9.0522e-003
8299	9.0539e-003
8300	9.0556e-003
8301	9.0542e-003
8302	9.0556e-003
8303	9.0524e-003
8304	9.0545e-003
8305	9.056e-003
8306	9.0548e-003
8307	9.0561e-003
8308	9.053e-003
8309	9.055e-003
8310	9.0565e-003
8311	9.0552e-003
8312	9.0565e-003
8313	9.0535e-003
8314	9.0554e-003
8315	9.0569e-003
8316	9.0556e-003
8317	9.0569e-003
8318	9.0539e-003
8319	9.0559e-003
8320	9.0573e-003
8321	9.056e-003
8322	9.0575e-003
8323	9.0545e-003
8324	9.0563e-003
8325	9.0575e-003
8326	9.0566e-003
8327	9.058e-003
8328	9.055e-003
8329	9.0568e-003
8330	9.0584e-003
8331	9.0571e-003
8332	9.0584e-003
8333	9.0553e-003
8334	9.0575e-003
8335	9.0589e-003
8336	9.058e-003
8337	9.0591e-003
8338	9.0583e-003
8339	9.0597e-003
8340	9.0585e-003
8341	9.0597e-003
8342	9.0588e-003
8343	9.0602e-003
8344	9.0591e-003
8345	9.0605e-003
8346	9.0573e-003
8347	9.0594e-003
8348	9.0608e-003
8349	9.0598e-003
8350	9.0611e-003
8351	9.0601e-003
8352	9.0615e-003
8353	9.0605e-003
8354	9.0617e-003
8355	9.0608e-003
8356	9.0623e-003
8357	9.0612e-003
8358	9.0625e-003
8359	9.0595e-003
8360	9.0616e-003
8361	9.063e-003
8362	9.062e-003
8363	9.0631e-003
8364	9.06e-003
8365	9.0626e-003
8366	9.0639e-003
8367	9.0631e-003
8368	9.0645e-003
8369	9.0613e-003
8370	9.0634e-003
8371	9.0647e-003
8372	9.064e-003
8373	9.0652e-003
8374	9.0645e-003
8375	9.0659e-003
8376	9.065e-003
8377	9.0662e-003
8378	9.0652e-003
8379	9.0668e-003
8380	9.0655e-003
8381	9.0668e-003
8382	9.0637e-003
8383	9.0661e-003
8384	9.0676e-003
8385	9.0665e-003
8386	9.0679e-003
8387	9.0647e-003
8388	9.0672e-003
8389	9.0685e-003
8390	9.0678e-003
8391	9.0689e-003
8392	9.0659e-003
8393	9.0683e-003
8394	9.0697e-003
8395	9.0666e-003
8396	9.0687e-003
8397	9.0698e-003
8398	9.0693e-003
8399	9.0706e-003
8400	9.0698e-003
8401	9.0711e-003
8402	9.0681e-003
8403	9.0705e-003
8404	9.0716e-003
8405	9.0713e-003
8406	9.0726e-003
8407	9.0694e-003
8408	9.0719e-003
8409	9.0732e-003
8410	9.0726e-003
8411	9.0737e-003
8412	9.0706e-003
8413	9.0733e-003
8414	9.0746e-003
8415	9.0738e-003
8416	9.075e-003
8417	9.0745e-003
8418	9.0758e-003
8419	9.0751e-003
8420	9.0763e-003
8421	9.0732e-003
8422	9.0758e-003
8423	9.0771e-003
8424	9.0765e-003
8425	9.0775e-003
8426	9.0745e-003
8427	9.0785e-003
8428	9.0771e-003
8429	9.078e-003
8430	9.0794e-003
8431	9.0775e-003
8432	9.0788e-003
8433	9.08e-003
8434	9.0796e-003
8435	9.0809e-003
8436	9.0803e-003
8437	9.0814e-003
8438	9.0783e-003
8439	9.0811e-003
8440	9.0823e-003
8441	9.0819e-003
8442	9.083e-003
8443	9.0799e-003
8444	9.0828e-003
8445	9.0841e-003
8446	9.0837e-003
8447	9.0847e-003
8448	9.0816e-003
8449	9.0846e-003
8450	9.0858e-003
8451	9.0855e-003
8452	9.0866e-003
8453	9.0834e-003
8454	9.0863e-003
8455	9.0876e-003
8456	9.0871e-003
8457	9.0883e-003
8458	9.0879e-003
8459	9.0891e-003
8460	9.0887e-003
8461	9.09e-003
8462	9.0893e-003
8463	9.0907e-003
8464	9.0901e-003
8465	9.0913e-003
8466	9.0911e-003
8467	9.0923e-003
8468	9.092e-003
8469	9.0933e-003
8470	9.09e-003
8471	9.0929e-003
8472	9.0939e-003
8473	9.0938e-003
8474	9.0949e-003
8475	9.0919e-003
8476	9.0957e-003
8477	9.0947e-003
8478	9.0975e-003
8479	9.0986e-003
8480	9.0966e-003
8481	9.0956e-003
8482	9.0986e-003
8483	9.0994e-003
8484	9.0998e-003
8485	9.1006e-003
8486	9.0979e-003
8487	9.101e-003
8488	9.1017e-003
8489	9.1023e-003
8490	9.1027e-003
8491	9.1003e-003
8492	9.1037e-003
8493	9.1042e-003
8494	9.1053e-003
8495	9.1055e-003
8496	9.1069e-003
8497	9.1072e-003
8498	9.1086e-003
8499	9.1087e-003
8500	9.1066e-003
8501	9.1105e-003
8502	9.1105e-003
8503	9.1126e-003
8504	9.1123e-003
8505	9.1106e-003
8506	9.1148e-003
8507	9.1143e-003
8508	9.1174e-003
8509	9.1165e-003
8510	9.1154e-003
8511	9.1202e-003
8512	9.1189e-003
8513	9.1234e-003
8514	9.1217e-003
8515	9.1214e-003
8516	9.127e-003
8517	9.1247e-003
8518	9.1314e-003
8519	9.1283e-003
8520	9.1364e-003
8521	9.1326e-003
8522	9.1426e-003
8523	9.1374e-003
8524	9.1399e-003
8525	9.1504e-003
8526	9.1438e-003
8527	9.1607e-003
8528	9.1519e-003
8529	9.1555e-003
8530	9.1731e-003
8531	9.1637e-003
8532	9.1862e-003
8533	9.1802e-003
8534	9.1783e-003
8535	9.2005e-003
8536	9.1998e-003
8537	9.2237e-003
8538	9.2213e-003
8539	9.2125e-003
8540	9.2334e-003
8541	9.2325e-003
8542	9.2251e-003
8543	9.2457e-003
8544	9.2463e-003
8545	9.2293e-003
8546	9.2596e-003
8547	9.2641e-003
8548	9.267e-003
8549	9.2801e-003
8550	9.2679e-003
8551	9.2853e-003
8552	9.2632e-003
8553	9.2813e-003
8554	9.2538e-003
8555	9.2673e-003
8556	9.2426e-003
8557	9.2504e-003
8558	9.2325e-003
8559	9.2355e-003
8560	9.2358e-003
8561	9.225e-003
8562	9.2268e-003
8563	9.2197e-003
8564	9.2199e-003
8565	9.2222e-003
8566	9.2156e-003
8567	9.215e-003
8568	9.2125e-003
8569	9.2129e-003
8570	9.2142e-003
8571	9.2107e-003
8572	9.2107e-003
8573	9.2094e-003
8574	9.2089e-003
8575	9.2084e-003
8576	9.2077e-003
8577	9.2083e-003
8578	9.2078e-003
8579	9.2084e-003
8580	9.2087e-003
8581	9.2083e-003
8582	9.209e-003
8583	9.2093e-003
8584	9.2087e-003
8585	9.2107e-003
8586	9.2082e-003
8587	9.2098e-003
8588	9.2077e-003
8589	9.2078e-003
8590	9.2079e-003
8591	9.2072e-003
8592	9.208e-003
8593	9.2069e-003
8594	9.2078e-003
8595	9.2068e-003
8596	9.207e-003
8597	9.2064e-003
8598	9.2072e-003
8599	9.2062e-003
8600	9.207e-003
8601	9.2057e-003
8602	9.2063e-003
8603	9.207e-003
8604	9.2064e-003
8605	9.2065e-003
8606	9.2056e-003
8607	9.2064e-003
8608	9.2069e-003
8609	9.2065e-003
8610	9.2073e-003
8611	9.2067e-003
8612	9.2076e-003
8613	9.2067e-003
8614	9.2073e-003
8615	9.2068e-003
8616	9.2079e-003
8617	9.2069e-003
8618	9.208e-003
8619	9.2071e-003
8620	9.2078e-003
8621	9.2071e-003
8622	9.2083e-003
8623	9.2061e-003
8624	9.2084e-003
8625	9.2072e-003
8626	9.2071e-003
8627	9.2081e-003
8628	9.2072e-003
8629	9.2069e-003
8630	9.208e-003
8631	9.2068e-003
8632	9.2079e-003
8633	9.2067e-003
8634	9.2077e-003
8635	9.2065e-003
8636	9.2075e-003
8637	9.2064e-003
8638	9.2076e-003
8639	9.2063e-003
8640	9.2074e-003
8641	9.2062e-003
8642	9.2073e-003
8643	9.2061e-003
8644	9.2072e-003
8645	9.2061e-003
8646	9.2072e-003
8647	9.205e-003
8648	9.206e-003
8649	9.207e-003
8650	9.2059e-003
8651	9.207e-003
8652	9.2058e-003
8653	9.2069e-003
8654	9.2057e-003
8655	9.2067e-003
8656	9.2056e-003
8657	9.2067e-003
8658	9.2053e-003
8659	9.2065e-003
8660	9.2045e-003
8661	9.205e-003
8662	9.2062e-003
8663	9.2047e-003
8664	9.206e-003
8665	9.2045e-003
8666	9.2056e-003
8667	9.2044e-003
8668	9.2054e-003
8669	9.2043e-003
8670	9.2054e-003
8671	9.2042e-003
8672	9.2052e-003
8673	9.2039e-003
8674	9.205e-003
8675	9.2037e-003
8676	9.2048e-003
8677	9.2035e-003
8678	9.2045e-003
8679	9.2032e-003
8680	9.2043e-003
8681	9.2029e-003
8682	9.2041e-003
8683	9.2026e-003
8684	9.2038e-003
8685	9.2023e-003
8686	9.2035e-003
8687	9.202e-003
8688	9.2033e-003
8689	9.201e-003
8690	9.2018e-003
8691	9.2031e-003
8692	9.2014e-003
8693	9.2028e-003
8694	9.2009e-003
8695	9.2024e-003
8696	9.2003e-003
8697	9.2019e-003
8698	9.1994e-003
8699	9.2011e-003
8700	9.1985e-003
8701	9.2001e-003
8702	9.1976e-003
8703	9.1991e-003
8704	9.1966e-003
8705	9.1981e-003
8706	9.1954e-003
8707	9.1972e-003
8708	9.1943e-003
8709	9.1959e-003
8710	9.1935e-003
8711	9.1935e-003
8712	9.1951e-003
8713	9.1929e-003
8714	9.1944e-003
8715	9.1918e-003
8716	9.1924e-003
8717	9.194e-003
8718	9.1919e-003
8719	9.1935e-003
8720	9.1915e-003
8721	9.1932e-003
8722	9.191e-003
8723	9.1926e-003
8724	9.1898e-003
8725	9.1906e-003
8726	9.1923e-003
8727	9.1902e-003
8728	9.1918e-003
8729	9.1899e-003
8730	9.1916e-003
8731	9.1897e-003
8732	9.1912e-003
8733	9.1883e-003
8734	9.1895e-003
8735	9.191e-003
8736	9.1893e-003
8737	9.1908e-003
8738	9.1879e-003
8739	9.189e-003
8740	9.1907e-003
8741	9.1888e-003
8742	9.1903e-003
8743	9.1874e-003
8744	9.1886e-003
8745	9.1903e-003
8746	9.1886e-003
8747	9.1899e-003
8748	9.187e-003
8749	9.1885e-003
8750	9.1901e-003
8751	9.1882e-003
8752	9.1898e-003
8753	9.1868e-003
8754	9.188e-003
8755	9.1896e-003
8756	9.1878e-003
8757	9.1895e-003
8758	9.1878e-003
8759	9.1891e-003
8760	9.1878e-003
8761	9.1893e-003
8762	9.1876e-003
8763	9.1894e-003
8764	9.1875e-003
8765	9.1891e-003
8766	9.186e-003
8767	9.1875e-003
8768	9.1891e-003
8769	9.1874e-003
8770	9.1888e-003
8771	9.1858e-003
8772	9.1873e-003
8773	9.1889e-003
8774	9.1871e-003
8775	9.1887e-003
8776	9.1869e-003
8777	9.1887e-003
8778	9.1867e-003
8779	9.1883e-003
8780	9.1851e-003
8781	9.1866e-003
8782	9.1883e-003
8783	9.1866e-003
8784	9.1881e-003
8785	9.1866e-003
8786	9.1882e-003
8787	9.1864e-003
8788	9.1879e-003
8789	9.1848e-003
8790	9.1863e-003
8791	9.188e-003
8792	9.1862e-003
8793	9.1878e-003
8794	9.1846e-003
8795	9.186e-003
8796	9.1877e-003
8797	9.1859e-003
8798	9.1875e-003
8799	9.1843e-003
8800	9.1857e-003
8801	9.1876e-003
8802	9.1856e-003
8803	9.1872e-003
8804	9.1854e-003
8805	9.1872e-003
8806	9.1851e-003
8807	9.1869e-003
8808	9.1836e-003
8809	9.1849e-003
8810	9.1867e-003
8811	9.1847e-003
8812	9.1865e-003
8813	9.1844e-003
8814	9.1863e-003
8815	9.1841e-003
8816	9.1861e-003
8817	9.1826e-003
8818	9.1858e-003
8819	9.1838e-003
8820	9.1825e-003
8821	9.185e-003
8822	9.1833e-003
8823	9.1843e-003
8824	9.1818e-003
8825	9.1798e-003
8826	9.1815e-003
8827	9.1836e-003
8828	9.1815e-003
8829	9.1791e-003
8830	9.1819e-003
8831	9.1839e-003
8832	9.1825e-003
8833	9.1842e-003
8834	9.183e-003
8835	9.1848e-003
8836	9.1833e-003
8837	9.185e-003
8838	9.1835e-003
8839	9.1853e-003
8840	9.1837e-003
8841	9.1853e-003
8842	9.1838e-003
8843	9.1855e-003
8844	9.1856e-003
8845	9.184e-003
8846	9.1842e-003
8847	9.1857e-003
8848	9.1841e-003
8849	9.1842e-003
8850	9.186e-003
8851	9.1859e-003
8852	9.1843e-003
8853	9.1845e-003
8854	9.186e-003
8855	9.1845e-003
8856	9.1845e-003
8857	9.1862e-003
8858	9.1861e-003
8859	9.1845e-003
8860	9.1844e-003
8861	9.1859e-003
8862	9.1845e-003
8863	9.1845e-003
8864	9.1861e-003
8865	9.186e-003
8866	9.1845e-003
8867	9.1846e-003
8868	9.1861e-003
8869	9.1845e-003
8870	9.1846e-003
8871	9.1862e-003
8872	9.186e-003
8873	9.1845e-003
8874	9.1846e-003
8875	9.1861e-003
8876	9.1845e-003
8877	9.1846e-003
8878	9.1862e-003
8879	9.1847e-003
8880	9.1861e-003
8881	9.183e-003
8882	9.1863e-003
8883	9.1847e-003
8884	9.1847e-003
8885	9.1862e-003
8886	9.1846e-003
8887	9.1846e-003
8888	9.1861e-003
8889	9.1846e-003
8890	9.1862e-003
8891	9.1846e-003
8892	9.1861e-003
8893	9.1844e-003
8894	9.1862e-003
8895	9.1845e-003
8896	9.186e-003
8897	9.1828e-003
8898	9.1846e-003
8899	9.1863e-003
8900	9.1846e-003
8901	9.1861e-003
8902	9.1829e-003
8903	9.1846e-003
8904	9.1863e-003
8905	9.1846e-003
8906	9.186e-003
8907	9.183e-003
8908	9.1846e-003
8909	9.1862e-003
8910	9.1846e-003
8911	9.186e-003
8912	9.1829e-003
8913	9.1847e-003
8914	9.1863e-003
8915	9.1847e-003
8916	9.1862e-003
8917	9.1831e-003
8918	9.1847e-003
8919	9.1863e-003
8920	9.1848e-003
8921	9.1862e-003
8922	9.1832e-003
8923	9.1847e-003
8924	9.1863e-003
8925	9.1847e-003
8926	9.1862e-003
8927	9.1831e-003
8928	9.1847e-003
8929	9.1863e-003
8930	9.1847e-003
8931	9.1862e-003
8932	9.1831e-003
8933	9.1847e-003
8934	9.1863e-003
8935	9.1847e-003
8936	9.1863e-003
8937	9.1832e-003
8938	9.1847e-003
8939	9.1863e-003
8940	9.1847e-003
8941	9.1863e-003
8942	9.1832e-003
8943	9.1847e-003
8944	9.1863e-003
8945	9.1847e-003
8946	9.1862e-003
8947	9.1831e-003
8948	9.1847e-003
8949	9.1864e-003
8950	9.1847e-003
8951	9.1862e-003
8952	9.1831e-003
8953	9.1847e-003
8954	9.1863e-003
8955	9.1847e-003
8956	9.1862e-003
8957	9.1831e-003
8958	9.1847e-003
8959	9.1863e-003
8960	9.1847e-003
8961	9.1862e-003
8962	9.1831e-003
8963	9.1848e-003
8964	9.1864e-003
8965	9.1848e-003
8966	9.1863e-003
8967	9.1832e-003
8968	9.1848e-003
8969	9.1865e-003
8970	9.1847e-003
8971	9.1863e-003
8972	9.1832e-003
8973	9.1848e-003
8974	9.1864e-003
8975	9.1848e-003
8976	9.1863e-003
8977	9.1832e-003
8978	9.1847e-003
8979	9.1865e-003
8980	9.1847e-003
8981	9.1862e-003
8982	9.1831e-003
8983	9.1847e-003
8984	9.1865e-003
8985	9.1847e-003
8986	9.1862e-003
8987	9.1831e-003
8988	9.1847e-003
8989	9.1864e-003
8990	9.1847e-003
8991	9.1863e-003
8992	9.1832e-003
8993	9.1847e-003
8994	9.1864e-003
8995	9.1847e-003
8996	9.1862e-003
8997	9.1831e-003
8998	9.1847e-003
8999	9.1865e-003
9000	9.1847e-003
9001	9.1862e-003
9002	9.1831e-003
9003	9.1848e-003
9004	9.1865e-003
9005	9.1848e-003
9006	9.1863e-003
9007	9.1832e-003
9008	9.1848e-003
9009	9.1865e-003
9010	9.1848e-003
9011	9.1863e-003
9012	9.1832e-003
9013	9.1848e-003
9014	9.1865e-003
9015	9.1848e-003
9016	9.1863e-003
9017	9.1848e-003
9018	9.1864e-003
9019	9.1849e-003
9020	9.1863e-003
9021	9.1849e-003
9022	9.1865e-003
9023	9.1849e-003
9024	9.1863e-003
9025	9.1833e-003
9026	9.185e-003
9027	9.1865e-003
9028	9.1851e-003
9029	9.1864e-003
9030	9.185e-003
9031	9.1866e-003
9032	9.1849e-003
9033	9.1864e-003
9034	9.1833e-003
9035	9.1849e-003
9036	9.1865e-003
9037	9.1849e-003
9038	9.1864e-003
9039	9.1849e-003
9040	9.1866e-003
9041	9.1848e-003
9042	9.1864e-003
9043	9.1833e-003
9044	9.1849e-003
9045	9.1865e-003
9046	9.1849e-003
9047	9.1864e-003
9048	9.1849e-003
9049	9.1865e-003
9050	9.185e-003
9051	9.1865e-003
9052	9.1834e-003
9053	9.185e-003
9054	9.1866e-003
9055	9.185e-003
9056	9.1865e-003
9057	9.1835e-003
9058	9.1852e-003
9059	9.1866e-003
9060	9.1853e-003
9061	9.1869e-003
9062	9.1852e-003
9063	9.1867e-003
9064	9.185e-003
9065	9.1866e-003
9066	9.185e-003
9067	9.1865e-003
9068	9.185e-003
9069	9.1865e-003
9070	9.1851e-003
9071	9.1866e-003
9072	9.1866e-003
9073	9.1851e-003
9074	9.185e-003
9075	9.1867e-003
9076	9.1851e-003
9077	9.185e-003
9078	9.1865e-003
9079	9.1866e-003
9080	9.185e-003
9081	9.1852e-003
9082	9.1867e-003
9083	9.185e-003
9084	9.1852e-003
9085	9.1866e-003
9086	9.1867e-003
9087	9.1852e-003
9088	9.1851e-003
9089	9.1867e-003
9090	9.1851e-003
9091	9.1851e-003
9092	9.1865e-003
9093	9.1867e-003
9094	9.1851e-003
9095	9.1852e-003
9096	9.1868e-003
9097	9.1851e-003
9098	9.1852e-003
9099	9.1866e-003
9100	9.1852e-003
9101	9.1867e-003
9102	9.1837e-003
9103	9.1852e-003
9104	9.1869e-003
9105	9.1851e-003
9106	9.1867e-003
9107	9.1852e-003
9108	9.1866e-003
9109	9.1852e-003
9110	9.1869e-003
9111	9.1852e-003
9112	9.1867e-003
9113	9.1852e-003
9114	9.1869e-003
9115	9.1852e-003
9116	9.1867e-003
9117	9.1853e-003
9118	9.1868e-003
9119	9.1853e-003
9120	9.1868e-003
9121	9.1853e-003
9122	9.1868e-003
9123	9.1854e-003
9124	9.1869e-003
9125	9.1854e-003
9126	9.1871e-003
9127	9.1853e-003
9128	9.1869e-003
9129	9.1852e-003
9130	9.1869e-003
9131	9.1852e-003
9132	9.1867e-003
9133	9.1852e-003
9134	9.1869e-003
9135	9.1853e-003
9136	9.1868e-003
9137	9.1854e-003
9138	9.187e-003
9139	9.1854e-003
9140	9.1868e-003
9141	9.1855e-003
9142	9.187e-003
9143	9.1855e-003
9144	9.187e-003
9145	9.1854e-003
9146	9.1871e-003
9147	9.1854e-003
9148	9.1869e-003
9149	9.1855e-003
9150	9.1871e-003
9151	9.1856e-003
9152	9.1871e-003
9153	9.1855e-003
9154	9.1872e-003
9155	9.1855e-003
9156	9.187e-003
9157	9.1857e-003
9158	9.1872e-003
9159	9.1858e-003
9160	9.1872e-003
9161	9.1857e-003
9162	9.1875e-003
9163	9.1857e-003
9164	9.1872e-003
9165	9.1857e-003
9166	9.1874e-003
9167	9.1858e-003
9168	9.1872e-003
9169	9.1859e-003
9170	9.1874e-003
9171	9.1859e-003
9172	9.1874e-003
9173	9.186e-003
9174	9.1875e-003
9175	9.186e-003
9176	9.1875e-003
9177	9.186e-003
9178	9.1876e-003
9179	9.186e-003
9180	9.1875e-003
9181	9.186e-003
9182	9.1876e-003
9183	9.1861e-003
9184	9.1876e-003
9185	9.1862e-003
9186	9.1878e-003
9187	9.1863e-003
9188	9.1878e-003
9189	9.1864e-003
9190	9.188e-003
9191	9.1864e-003
9192	9.1879e-003
9193	9.1863e-003
9194	9.1881e-003
9195	9.1861e-003
9196	9.1878e-003
9197	9.1861e-003
9198	9.1877e-003
9199	9.1863e-003
9200	9.1879e-003
9201	9.1865e-003
9202	9.1878e-003
9203	9.1847e-003
9204	9.1865e-003
9205	9.1881e-003
9206	9.185e-003
9207	9.1651e-003
9208	9.1639e-003
9209	9.1759e-003
9210	9.1777e-003
9211	9.1879e-003
9212	9.1863e-003
9213	9.0528e-003
9214	9.055e-003
9215	9.051e-003
9216	9.0386e-003
9217	9.0398e-003
9218	9.0392e-003
9219	9.0404e-003
9220	9.0398e-003
9221	9.0407e-003
9222	9.0403e-003
9223	9.0408e-003
9224	9.0412e-003
9225	9.0414e-003
9226	9.0417e-003
9227	9.042e-003
9228	9.0422e-003
9229	9.0425e-003
9230	9.0426e-003
9231	9.0431e-003
9232	9.0427e-003
9233	9.0434e-003
9234	9.0435e-003
9235	9.0438e-003
9236	9.044e-003
9237	9.0443e-003
9238	9.0447e-003
9239	9.0449e-003
9240	9.0452e-003
9241	9.0454e-003
9242	9.0458e-003
9243	9.0461e-003
9244	9.0464e-003
9245	9.0467e-003
9246	9.047e-003
9247	9.0474e-003
9248	9.0478e-003
9249	9.048e-003
9250	9.0484e-003
9251	9.0488e-003
9252	9.0494e-003
9253	9.0496e-003
9254	9.0499e-003
9255	9.051e-003
9256	9.0504e-003
9257	9.0509e-003
9258	9.0513e-003
9259	9.0517e-003
9260	9.053e-003
9261	9.0523e-003
9262	9.0528e-003
9263	9.0532e-003
9264	9.0537e-003
9265	9.0542e-003
9266	9.0547e-003
9267	9.0553e-003
9268	9.0559e-003
9269	9.0564e-003
9270	9.0568e-003
9271	9.0578e-003
9272	9.0575e-003
9273	9.0585e-003
9274	9.0581e-003
9275	9.0585e-003
9276	9.0596e-003
9277	9.0592e-003
9278	9.0599e-003
9279	9.0605e-003
9280	9.061e-003
9281	9.0615e-003
9282	9.0623e-003
9283	9.0629e-003
9284	9.0635e-003
9285	9.0641e-003
9286	9.0649e-003
9287	9.0661e-003
9288	9.0655e-003
9289	9.0662e-003
9290	9.0673e-003
9291	9.067e-003
9292	9.0677e-003
9293	9.0683e-003
9294	9.0691e-003
9295	9.0699e-003
9296	9.0706e-003
9297	9.0713e-003
9298	9.0722e-003
9299	9.073e-003
9300	9.074e-003
9301	9.0748e-003
9302	9.0756e-003
9303	9.0764e-003
9304	9.0773e-003
9305	9.0781e-003
9306	9.0792e-003
9307	9.08e-003
9308	9.081e-003
9309	9.082e-003
9310	9.0829e-003
9311	9.084e-003
9312	9.085e-003
9313	9.0861e-003
9314	9.0873e-003
9315	9.0888e-003
9316	9.0902e-003
9317	9.0917e-003
9318	9.0934e-003
9319	9.0953e-003
9320	9.0971e-003
9321	9.0993e-003
9322	9.1017e-003
9323	9.1045e-003
9324	9.1075e-003
9325	9.1146e-003
9326	9.1108e-003
9327	9.1187e-003
9328	9.1233e-003
9329	9.1285e-003
9330	9.1345e-003
9331	9.1408e-003
9332	9.1479e-003
9333	9.1555e-003
9334	9.1633e-003
9335	9.1712e-003
9336	9.1789e-003
9337	9.1859e-003
9338	9.1918e-003
9339	9.1965e-003
9340	9.2001e-003
9341	9.2026e-003
9342	9.2041e-003
9343	9.2048e-003
9344	9.2047e-003
9345	9.2043e-003
9346	9.2027e-003
9347	9.2036e-003
9348	9.2018e-003
9349	9.2008e-003
9350	9.1999e-003
9351	9.1989e-003
9352	9.1975e-003
9353	9.1982e-003
9354	9.1969e-003
9355	9.1963e-003
9356	9.1958e-003
9357	9.1953e-003
9358	9.1949e-003
9359	9.1944e-003
9360	9.194e-003
9361	9.1937e-003
9362	9.1935e-003
9363	9.1933e-003
9364	9.1932e-003
9365	9.193e-003
9366	9.1929e-003
9367	9.1928e-003
9368	9.1927e-003
9369	9.1925e-003
9370	9.1924e-003
9371	9.1922e-003
9372	9.1921e-003
9373	9.1919e-003
9374	9.1917e-003
9375	9.1915e-003
9376	9.1914e-003
9377	9.1913e-003
9378	9.1912e-003
9379	9.191e-003
9380	9.1908e-003
9381	9.1905e-003
9382	9.1903e-003
9383	9.19e-003
9384	9.1897e-003
9385	9.1894e-003
9386	9.1891e-003
9387	9.1888e-003
9388	9.1885e-003
9389	9.1882e-003
9390	9.1879e-003
9391	9.1875e-003
9392	9.1871e-003
9393	9.1867e-003
9394	9.1862e-003
9395	9.1857e-003
9396	9.1852e-003
9397	9.1847e-003
9398	9.1843e-003
9399	9.184e-003
9400	9.1836e-003
9401	9.1831e-003
9402	9.1824e-003
9403	9.1818e-003
9404	9.1812e-003
9405	9.1807e-003
9406	9.1802e-003
9407	9.1797e-003
9408	9.1792e-003
9409	9.1789e-003
9410	9.1786e-003
9411	9.1783e-003
9412	9.1779e-003
9413	9.1776e-003
9414	9.1774e-003
9415	9.1771e-003
9416	9.177e-003
9417	9.1768e-003
9418	9.1765e-003
9419	9.1764e-003
9420	9.1762e-003
9421	9.176e-003
9422	9.1757e-003
9423	9.1758e-003
9424	9.1756e-003
9425	9.1756e-003
9426	9.1755e-003
9427	9.1754e-003
9428	9.1751e-003
9429	9.1753e-003
9430	9.1749e-003
9431	9.1748e-003
9432	9.1747e-003
9433	9.1746e-003
9434	9.1743e-003
9435	9.1742e-003
9436	9.174e-003
9437	9.1741e-003
9438	9.1739e-003
9439	9.1737e-003
9440	9.1734e-003
9441	9.1731e-003
9442	9.1729e-003
9443	9.1726e-003
9444	9.1724e-003
9445	9.172e-003
9446	9.1714e-003
9447	9.1709e-003
9448	9.1703e-003
9449	9.1695e-003
9450	9.1688e-003
9451	9.1658e-003
9452	9.1669e-003
9453	9.1642e-003
9454	9.1662e-003
9455	9.1672e-003
9456	9.168e-003
9457	9.1687e-003
9458	9.1694e-003
9459	9.17e-003
9460	9.1704e-003
9461	9.1707e-003
9462	9.1711e-003
9463	9.1713e-003
9464	9.1715e-003
9465	9.1717e-003
9466	9.1719e-003
9467	9.1721e-003
9468	9.1722e-003
9469	9.1722e-003
9470	9.1723e-003
9471	9.1723e-003
9472	9.1723e-003
9473	9.1725e-003
9474	9.1725e-003
9475	9.1725e-003
9476	9.1725e-003
9477	9.1725e-003
9478	9.1725e-003
9479	9.1726e-003
9480	9.1726e-003
9481	9.1726e-003
9482	9.1727e-003
9483	9.1727e-003
9484	9.1726e-003
9485	9.1726e-003
9486	9.1726e-003
9487	9.1726e-003
9488	9.1726e-003
9489	9.1726e-003
9490	9.1726e-003
9491	9.1726e-003
9492	9.1727e-003
9493	9.1726e-003
9494	9.1726e-003
9495	9.1727e-003
9496	9.1727e-003
9497	9.1727e-003
9498	9.1727e-003
9499	9.1727e-003
9500	9.1727e-003
9501	9.1727e-003
9502	9.1727e-003
9503	9.1727e-003
9504	9.1727e-003
9505	9.1727e-003
9506	9.1727e-003
9507	9.1727e-003
9508	9.1727e-003
9509	9.1727e-003
9510	9.1728e-003
9511	9.1728e-003
9512	9.1727e-003
9513	9.1727e-003
9514	9.1728e-003
9515	9.1727e-003
9516	9.1728e-003
9517	9.1728e-003
9518	9.1728e-003
9519	9.1728e-003
9520	9.1728e-003
9521	9.1728e-003
9522	9.1728e-003
9523	9.1728e-003
9524	9.1728e-003
9525	9.1728e-003
9526	9.1728e-003
9527	9.1729e-003
9528	9.1728e-003
9529	9.1728e-003
9530	9.1729e-003
9531	9.1728e-003
9532	9.1728e-003
9533	9.1729e-003
9534	9.1729e-003
9535	9.1729e-003
9536	9.1729e-003
9537	9.1729e-003
9538	9.1729e-003
9539	9.1728e-003
9540	9.1729e-003
9541	9.1729e-003
9542	9.1729e-003
9543	9.1729e-003
9544	9.1729e-003
9545	9.1729e-003
9546	9.1729e-003
9547	9.1728e-003
9548	9.1728e-003
9549	9.1728e-003
9550	9.1728e-003
9551	9.1729e-003
9552	9.173e-003
9553	9.173e-003
9554	9.173e-003
9555	9.1731e-003
9556	9.1731e-003
9557	9.1731e-003
9558	9.1731e-003
9559	9.173e-003
9560	9.173e-003
9561	9.173e-003
9562	9.173e-003
9563	9.1731e-003
9564	9.1731e-003
9565	9.173e-003
9566	9.173e-003
9567	9.1731e-003
9568	9.1731e-003
9569	9.1731e-003
9570	9.1731e-003
9571	9.1731e-003
9572	9.1732e-003
9573	9.1731e-003
9574	9.1731e-003
9575	9.1732e-003
9576	9.1732e-003
9577	9.1731e-003
9578	9.1731e-003
9579	9.1732e-003
9580	9.1732e-003
9581	9.1732e-003
9582	9.1733e-003
9583	9.1732e-003
9584	9.1732e-003
9585	9.1731e-003
9586	9.1731e-003
9587	9.1732e-003
9588	9.1733e-003
9589	9.1733e-003
9590	9.1732e-003
9591	9.1734e-003
9592	9.1734e-003
9593	9.1734e-003
9594	9.1733e-003
9595	9.1734e-003
9596	9.1734e-003
9597	9.1734e-003
9598	9.1735e-003
9599	9.1735e-003
9600	9.1734e-003
9601	9.1735e-003
9602	9.1736e-003
9603	9.1736e-003
9604	9.1736e-003
9605	9.1736e-003
9606	9.1737e-003
9607	9.1737e-003
9608	9.1737e-003
9609	9.1737e-003
9610	9.1737e-003
9611	9.1738e-003
9612	9.1738e-003
9613	9.1739e-003
9614	9.1739e-003
9615	9.174e-003
9616	9.174e-003
9617	9.174e-003
9618	9.1741e-003
9619	9.1741e-003
9620	9.1742e-003
9621	9.1741e-003
9622	9.1741e-003
9623	9.1742e-003
9624	9.1743e-003
9625	9.1743e-003
9626	9.1742e-003
9627	9.1741e-003
9628	9.1742e-003
9629	9.1742e-003
9630	9.1742e-003
9631	9.1743e-003
9632	9.1744e-003
9633	9.1762e-003
9634	9.1792e-003
9635	9.0468e-003
9636	9.0432e-003
9637	9.0507e-003
9638	9.0489e-003
9639	9.0551e-003
9640	9.0573e-003
9641	9.0568e-003
9642	9.0564e-003
9643	9.0564e-003
9644	9.0566e-003
9645	9.0567e-003
9646	9.057e-003
9647	9.0573e-003
9648	9.0574e-003
9649	9.0576e-003
9650	9.0578e-003
9651	9.058e-003
9652	9.0582e-003
9653	9.0584e-003
9654	9.0586e-003
9655	9.0589e-003
9656	9.059e-003
9657	9.0592e-003
9658	9.0597e-003
9659	9.06e-003
9660	9.0602e-003
9661	9.0605e-003
9662	9.0609e-003
9663	9.0612e-003
9664	9.0615e-003
9665	9.0619e-003
9666	9.0622e-003
9667	9.0625e-003
9668	9.0628e-003
9669	9.0631e-003
9670	9.0636e-003
9671	9.064e-003
9672	9.0642e-003
9673	9.0645e-003
9674	9.065e-003
9675	9.0657e-003
9676	9.0661e-003
9677	9.0665e-003
9678	9.067e-003
9679	9.0676e-003
9680	9.068e-003
9681	9.0684e-003
9682	9.0689e-003
9683	9.0694e-003
9684	9.0698e-003
9685	9.0702e-003
9686	9.0707e-003
9687	9.0712e-003
9688	9.0717e-003
9689	9.0724e-003
9690	9.073e-003
9691	9.0737e-003
9692	9.0745e-003
9693	9.0751e-003
9694	9.0757e-003
9695	9.0764e-003
9696	9.077e-003
9697	9.0777e-003
9698	9.0783e-003
9699	9.0788e-003
9700	9.0794e-003
9701	9.0802e-003
9702	9.0807e-003
9703	9.0789e-003
9704	9.0813e-003
9705	9.0821e-003
9706	9.0827e-003
9707	9.0834e-003
9708	9.0843e-003
9709	9.0852e-003
9710	9.086e-003
9711	9.0868e-003
9712	9.0878e-003
9713	9.0887e-003
9714	9.0895e-003
9715	9.0904e-003
9716	9.0912e-003
9717	9.092e-003
9718	9.0927e-003
9719	9.0935e-003
9720	9.0945e-003
9721	9.0952e-003
9722	9.0959e-003
9723	9.0968e-003
9724	9.0977e-003
9725	9.0985e-003
9726	9.0967e-003
9727	9.0995e-003
9728	9.0975e-003
9729	9.1005e-003
9730	9.1014e-003
9731	9.1025e-003
9732	9.1035e-003
9733	9.1047e-003
9734	9.106e-003
9735	9.1074e-003
9736	9.1089e-003
9737	9.1105e-003
9738	9.1122e-003
9739	9.114e-003
9740	9.1159e-003
9741	9.118e-003
9742	9.1204e-003
9743	9.123e-003
9744	9.126e-003
9745	9.1296e-003
9746	9.1336e-003
9747	9.1387e-003
9748	9.1453e-003
9749	9.1549e-003
9750	9.1708e-003
9751	9.1945e-003
9752	9.2129e-003
9753	9.2211e-003
9754	9.2122e-003
9755	9.2302e-003
9756	9.2454e-003
9757	9.2646e-003
9758	9.2847e-003
9759	9.2985e-003
9760	9.2987e-003
9761	9.2854e-003
9762	9.2638e-003
9763	9.2432e-003
9764	9.2297e-003
9765	9.2217e-003
9766	9.2152e-003
9767	9.2123e-003
9768	9.2111e-003
9769	9.2089e-003
9770	9.2072e-003
9771	9.2071e-003
9772	9.2078e-003
9773	9.211e-003
9774	9.2089e-003
9775	9.2118e-003
9776	9.2094e-003
9777	9.2081e-003
9778	9.2087e-003
9779	9.2079e-003
9780	9.2075e-003
9781	9.2078e-003
9782	9.2077e-003
9783	9.2072e-003
9784	9.2071e-003
9785	9.2079e-003
9786	9.2084e-003
9787	9.2082e-003
9788	9.2085e-003
9789	9.2091e-003
9790	9.2088e-003
9791	9.209e-003
9792	9.2095e-003
9793	9.2095e-003
9794	9.209e-003
9795	9.2091e-003
9796	9.209e-003
9797	9.2088e-003
9798	9.2086e-003
9799	9.2086e-003
9800	9.2086e-003
9801	9.2084e-003
9802	9.2083e-003
9803	9.2083e-003
9804	9.2081e-003
9805	9.208e-003
9806	9.208e-003
9807	9.2078e-003
9808	9.2077e-003
9809	9.2076e-003
9810	9.2074e-003
9811	9.2071e-003
9812	9.2068e-003
9813	9.2065e-003
9814	9.2062e-003
9815	9.2064e-003
9816	9.206e-003
9817	9.2059e-003
9818	9.2056e-003
9819	9.2054e-003
9820	9.205e-003
9821	9.2052e-003
9822	9.2047e-003
9823	9.2045e-003
9824	9.2043e-003
9825	9.2041e-003
9826	9.2038e-003
9827	9.2027e-003
9828	9.2034e-003
9829	9.2018e-003
9830	9.2008e-003
9831	9.1997e-003
9832	9.1987e-003
9833	9.1977e-003
9834	9.1967e-003
9835	9.196e-003
9836	9.1955e-003
9837	9.195e-003
9838	9.1947e-003
9839	9.1943e-003
9840	9.1939e-003
9841	9.1935e-003
9842	9.1932e-003
9843	9.1928e-003
9844	9.1925e-003
9845	9.1924e-003
9846	9.1922e-003
9847	9.1919e-003
9848	9.1918e-003
9849	9.1916e-003
9850	9.1914e-003
9851	9.1914e-003
9852	9.1912e-003
9853	9.191e-003
9854	9.1907e-003
9855	9.1907e-003
9856	9.1909e-003
9857	9.1908e-003
9858	9.1906e-003
9859	9.1905e-003
9860	9.1903e-003
9861	9.1903e-003
9862	9.1902e-003
9863	9.1901e-003
9864	9.1899e-003
9865	9.1898e-003
9866	9.1897e-003
9867	9.1896e-003
9868	9.1896e-003
9869	9.1895e-003
9870	9.1893e-003
9871	9.1892e-003
9872	9.1892e-003
9873	9.189e-003
9874	9.1889e-003
9875	9.1887e-003
9876	9.1884e-003
9877	9.1882e-003
9878	9.1881e-003
9879	9.1879e-003
9880	9.1877e-003
9881	9.1876e-003
9882	9.1873e-003
9883	9.1856e-003
9884	9.1868e-003
9885	9.1865e-003
9886	9.1861e-003
9887	9.1861e-003
9888	9.1863e-003
9889	9.1865e-003
9890	9.187e-003
9891	9.1869e-003
9892	9.1871e-003
9893	9.1872e-003
9894	9.1873e-003
9895	9.1874e-003
9896	9.1875e-003
9897	9.1874e-003
9898	9.1876e-003
9899	9.1876e-003
9900	9.1877e-003
9901	9.1876e-003
9902	9.1878e-003
9903	9.1877e-003
9904	9.1876e-003
9905	9.1876e-003
9906	9.1877e-003
9907	9.1877e-003
9908	9.1877e-003
9909	9.1877e-003
9910	9.1876e-003
9911	9.1876e-003
9912	9.1877e-003
9913	9.1877e-003
9914	9.1877e-003
9915	9.1877e-003
9916	9.1877e-003
9917	9.1877e-003
9918	9.1861e-003
9919	9.1877e-003
9920	9.1877e-003
9921	9.1877e-003
9922	9.1877e-003
9923	9.1878e-003
9924	9.1878e-003
9925	9.1878e-003
9926	9.1878e-003
9927	9.1877e-003
9928	9.1876e-003
9929	9.1876e-003
9930	9.1877e-003
9931	9.1878e-003
9932	9.1878e-003
9933	9.1878e-003
9934	9.1878e-003
9935	9.1878e-003
9936	9.1878e-003
9937	9.1878e-003
9938	9.1878e-003
9939	9.1879e-003
9940	9.1878e-003
9941	9.1878e-003
9942	9.1878e-003
9943	9.1878e-003
9944	9.1879e-003
9945	9.1878e-003
9946	9.1879e-003
9947	9.1879e-003
9948	9.1879e-003
9949	9.1879e-003
9950	9.1879e-003
9951	9.1879e-003
9952	9.188e-003
9953	9.188e-003
9954	9.1879e-003
9955	9.1879e-003
9956	9.188e-003
9957	9.188e-003
9958	9.188e-003
9959	9.188e-003
9960	9.1879e-003
9961	9.1879e-003
9962	9.188e-003
9963	9.188e-003
9964	9.188e-003
9965	9.188e-003
9966	9.188e-003
9967	9.188e-003
9968	9.188e-003
9969	9.188e-003
9970	9.188e-003
9971	9.188e-003
9972	9.188e-003
9973	9.1879e-003
9974	9.1879e-003
9975	9.1879e-003
9976	9.1879e-003
9977	9.188e-003
9978	9.188e-003
9979	9.188e-003
9980	9.188e-003
9981	9.188e-003
9982	9.1881e-003
9983	9.1881e-003
9984	9.1881e-003
9985	9.1881e-003
9986	9.188e-003
9987	9.188e-003
9988	9.1881e-003
9989	9.1881e-003
9990	9.1881e-003
9991	9.1883e-003
9992	9.1883e-003
9993	9.1882e-003
9994	9.1881e-003
9995	9.188e-003
9996	9.1881e-003
9997	9.1882e-003
9998	9.1881e-003
9999	9.1882e-003
10000	9.1882e-003
10001	9.1881e-003
10002	9.1881e-003
10003	9.1882e-003
10004	9.1882e-003
10005	9.1882e-003
10006	9.1882e-003
10007	9.1882e-003
10008	9.1882e-003
10009	9.1881e-003
10010	9.1882e-003
10011	9.1882e-003
10012	9.1883e-003
10013	9.1882e-003
10014	9.1884e-003
10015	9.1884e-003
10016	9.1882e-003
10017	9.1883e-003
10018	9.1884e-003
10019	9.1884e-003
10020	9.1884e-003
10021	9.1883e-003
10022	9.1883e-003
10023	9.1884e-003
10024	9.1884e-003
10025	9.1885e-003
10026	9.1885e-003
10027	9.1885e-003
10028	9.1884e-003
10029	9.1884e-003
10030	9.1885e-003
10031	9.1884e-003
10032	9.1883e-003
10033	9.1884e-003
10034	9.1886e-003
10035	9.1886e-003
10036	9.1886e-003
10037	9.1886e-003
10038	9.1887e-003
10039	9.1887e-003
10040	9.1887e-003
10041	9.1887e-003
10042	9.1887e-003
10043	9.1889e-003
10044	9.189e-003
10045	9.1889e-003
10046	9.1889e-003
10047	9.1889e-003
10048	9.189e-003
10049	9.189e-003
10050	9.189e-003
10051	9.189e-003
10052	9.1891e-003
10053	9.1891e-003
10054	9.1892e-003
10055	9.1892e-003
10056	9.1893e-003
10057	9.1895e-003
10058	9.1895e-003
10059	9.1896e-003
10060	9.1895e-003
10061	9.1894e-003
10062	9.1894e-003
10063	9.1894e-003
10064	9.1895e-003
10065	9.1895e-003
10066	9.1892e-003
10067	9.1877e-003
10068	9.183e-003
10069	9.2011e-003
10070	9.2022e-003
10071	9.1941e-003
10072	9.054e-003
10073	9.203e-003
10074	9.195e-003
10075	9.2193e-003
10076	9.2024e-003
10077	9.2329e-003
10078	9.0757e-003
10079	9.1794e-003
10080	9.1839e-003
10081	9.2019e-003
10082	9.0607e-003
10083	9.0596e-003
10084	9.2275e-003
10085	9.1869e-003
10086	9.0662e-003
10087	9.209e-003
10088	9.1995e-003
10089	9.1817e-003
10090	9.056e-003
10091	9.1986e-003
10092	9.1855e-003
10093	9.0417e-003
10094	9.057e-003
10095	9.1998e-003
10096	9.0956e-003
10097	9.1207e-003
10098	9.1861e-003
10099	9.1861e-003
10100	9.1861e-003
10101	9.1861e-003
10102	9.1858e-003
10103	9.1866e-003
10104	9.1866e-003
10105	9.1865e-003
10106	9.1866e-003
10107	9.0647e-003
10108	9.1774e-003
10109	9.177e-003
10110	9.1768e-003
10111	9.1941e-003
10112	9.2029e-003
10113	9.2144e-003
10114	9.1679e-003
10115	9.1909e-003
10116	9.1954e-003
10117	9.1975e-003
10118	9.1996e-003
10119	9.1849e-003
10120	9.2007e-003
10121	9.1959e-003
10122	9.1982e-003
10123	9.0714e-003
10124	9.1974e-003
10125	9.1995e-003
10126	9.0938e-003
10127	9.1948e-003
10128	9.2016e-003
10129	9.114e-003
10130	9.205e-003
10131	9.2055e-003
10132	9.1993e-003
10133	9.2015e-003
10134	9.2028e-003
10135	9.2062e-003
10136	9.2083e-003
10137	9.2042e-003
10138	9.2217e-003
10139	9.1992e-003
10140	9.2005e-003
10141	9.2188e-003
10142	9.2094e-003
10143	9.2087e-003
10144	9.2084e-003
10145	9.2018e-003
10146	9.1791e-003
10147	9.2019e-003
10148	9.1976e-003
10149	9.052e-003
10150	9.2e-003
10151	9.1981e-003
10152	9.0565e-003
10153	9.1849e-003
10154	9.204e-003
10155	9.2034e-003
10156	9.2096e-003
10157	9.205e-003
10158	9.1987e-003
10159	9.2096e-003
10160	9.2086e-003
10161	9.2008e-003
10162	9.2042e-003
10163	9.1746e-003
10164	9.1997e-003
10165	9.2062e-003
10166	9.2041e-003
10167	9.2011e-003
10168	9.1802e-003
10169	9.1819e-003
10170	9.1816e-003
10171	9.1833e-003
10172	9.2244e-003
10173	9.2217e-003
10174	9.2207e-003
10175	9.218e-003
10176	9.2154e-003
10177	9.215e-003
10178	9.2125e-003
10179	9.2052e-003
10180	9.2046e-003
10181	9.2043e-003
10182	9.2037e-003
10183	9.2031e-003
10184	9.2027e-003
10185	9.2021e-003
10186	9.2075e-003
10187	9.2074e-003
10188	9.2063e-003
10189	9.2062e-003
10190	9.182e-003
