Node Number	Total Deformation (mm)
1	1.1778
2	1.1808
3	1.054
4	1.0553
5	1.0568
6	1.0582
7	1.0597
8	1.0613
9	1.0629
10	1.0645
11	1.0662
12	1.0679
13	1.0696
14	1.0714
15	1.0732
16	1.0751
17	1.077
18	1.0789
19	1.0809
20	1.0829
21	1.085
22	1.087
23	1.0891
24	1.0913
25	1.0934
26	1.0957
27	1.0979
28	1.1001
29	1.1024
30	1.1048
31	1.1071
32	1.1095
33	1.1119
34	1.1143
35	1.1167
36	1.1192
37	1.1217
38	1.1242
39	1.1267
40	1.1293
41	1.1319
42	1.1345
43	1.1371
44	1.1397
45	1.1423
46	1.145
47	1.1477
48	1.1504
49	1.153
50	1.1558
51	1.1585
52	1.1612
53	1.164
54	1.1667
55	1.1695
56	1.1722
57	1.175
58	1.002
59	1.0523
60	1.0505
61	1.0485
62	1.0464
63	1.0443
64	1.0422
65	1.0401
66	1.0379
67	1.0358
68	1.0336
69	1.0315
70	1.0294
71	1.0273
72	1.0252
73	1.0231
74	1.021
75	1.019
76	1.0169
77	1.0149
78	1.0128
79	1.0108
80	1.0088
81	1.0066
82	1.0043
83	0.94553
84	1.
85	0.99807
86	0.9961
87	0.99415
88	0.9922
89	0.99027
90	0.98835
91	0.98644
92	0.98455
93	0.98267
94	0.98081
95	0.97896
96	0.97712
97	0.9753
98	0.97351
99	0.97172
100	0.96996
101	0.96822
102	0.9665
103	0.9648
104	0.96313
105	0.96148
106	0.95986
107	0.95827
108	0.95671
109	0.95519
110	0.9537
111	0.95224
112	0.95083
113	0.94945
114	0.94812
115	0.94681
116	0.81299
117	0.81692
118	0.82085
119	0.8248
120	0.82875
121	0.8327
122	0.83666
123	0.84062
124	0.84459
125	0.84857
126	0.85255
127	0.85653
128	0.86052
129	0.86451
130	0.86851
131	0.87251
132	0.87652
133	0.88053
134	0.88455
135	0.88857
136	0.89259
137	0.89662
138	0.90066
139	0.9047
140	0.90874
141	0.91279
142	0.91685
143	0.92091
144	0.92498
145	0.92906
146	0.93315
147	0.93726
148	0.94139
149	0.43118
150	0.4312
151	0.43128
152	0.4314
153	0.43157
154	0.4318
155	0.43207
156	0.43239
157	0.43276
158	0.43318
159	0.43365
160	0.43417
161	0.43474
162	0.43535
163	0.43601
164	0.43672
165	0.43748
166	0.43829
167	0.43914
168	0.44004
169	0.44099
170	0.44198
171	0.44302
172	0.44411
173	0.44524
174	0.44642
175	0.44764
176	0.4489
177	0.45021
178	0.45156
179	0.45296
180	0.4544
181	0.45588
182	0.4574
183	0.45897
184	0.46057
185	0.46222
186	0.46391
187	0.46563
188	0.4674
189	0.46921
190	0.47105
191	0.47293
192	0.47485
193	0.47681
194	0.4788
195	0.48083
196	0.4829
197	0.485
198	0.48714
199	0.48931
200	0.49151
201	0.49375
202	0.49602
203	0.49833
204	0.50066
205	0.50303
206	0.50543
207	0.50786
208	0.51032
209	0.51281
210	0.51533
211	0.51788
212	0.52046
213	0.52307
214	0.5257
215	0.52836
216	0.53105
217	0.53377
218	0.53651
219	0.53928
220	0.54207
221	0.54489
222	0.54773
223	0.5506
224	0.55349
225	0.55641
226	0.55935
227	0.56231
228	0.56529
229	0.5683
230	0.57132
231	0.57437
232	0.57744
233	0.58053
234	0.58364
235	0.58677
236	0.58992
237	0.5931
238	0.59629
239	0.59949
240	0.60272
241	0.60597
242	0.60923
243	0.61251
244	0.61581
245	0.61912
246	0.62246
247	0.62581
248	0.62917
249	0.63255
250	0.63595
251	0.63936
252	0.64279
253	0.64623
254	0.64969
255	0.65316
256	0.65665
257	0.66015
258	0.66366
259	0.66719
260	0.67073
261	0.67428
262	0.67785
263	0.68143
264	0.68502
265	0.68862
266	0.69224
267	0.69586
268	0.6995
269	0.70315
270	0.70681
271	0.71048
272	0.71417
273	0.71786
274	0.72156
275	0.72527
276	0.729
277	0.73273
278	0.73647
279	0.74022
280	0.74398
281	0.74775
282	0.75153
283	0.75531
284	0.75911
285	0.76291
286	0.76672
287	0.77054
288	0.77436
289	0.77819
290	0.78203
291	0.78588
292	0.78973
293	0.79359
294	0.79746
295	0.80133
296	0.80521
297	0.80909
298	0.3947
299	0.426
300	0.42052
301	0.41468
302	0.40922
303	0.40422
304	0.39946
305	0.79364
306	0.39472
307	0.3948
308	0.39494
309	0.39512
310	0.39536
311	0.39566
312	0.396
313	0.3964
314	0.39686
315	0.39736
316	0.39792
317	0.39853
318	0.39919
319	0.3999
320	0.40067
321	0.40148
322	0.40235
323	0.40327
324	0.40424
325	0.40525
326	0.40632
327	0.40744
328	0.4086
329	0.40981
330	0.41107
331	0.41238
332	0.41374
333	0.41514
334	0.41659
335	0.41808
336	0.41962
337	0.4212
338	0.42283
339	0.4245
340	0.42621
341	0.42796
342	0.42976
343	0.4316
344	0.43348
345	0.4354
346	0.43736
347	0.43936
348	0.4414
349	0.44348
350	0.44559
351	0.44775
352	0.44993
353	0.45216
354	0.45442
355	0.45672
356	0.45905
357	0.46141
358	0.46381
359	0.46624
360	0.4687
361	0.4712
362	0.47373
363	0.47629
364	0.47888
365	0.48149
366	0.48414
367	0.48682
368	0.48953
369	0.49226
370	0.49502
371	0.49781
372	0.50063
373	0.50347
374	0.50634
375	0.50923
376	0.51215
377	0.5151
378	0.51806
379	0.52106
380	0.52407
381	0.52711
382	0.53017
383	0.53325
384	0.53636
385	0.53948
386	0.54263
387	0.5458
388	0.54899
389	0.55219
390	0.55542
391	0.55867
392	0.56193
393	0.56522
394	0.56852
395	0.57184
396	0.57518
397	0.57854
398	0.58191
399	0.5853
400	0.5887
401	0.59213
402	0.59556
403	0.59902
404	0.60249
405	0.60597
406	0.60947
407	0.61298
408	0.61651
409	0.62005
410	0.6236
411	0.62717
412	0.63075
413	0.63434
414	0.63795
415	0.64156
416	0.64519
417	0.64883
418	0.65249
419	0.65615
420	0.65982
421	0.66351
422	0.66721
423	0.67091
424	0.67463
425	0.67835
426	0.68209
427	0.68583
428	0.68959
429	0.69335
430	0.69712
431	0.7009
432	0.70469
433	0.70848
434	0.71229
435	0.7161
436	0.71992
437	0.72374
438	0.72757
439	0.73141
440	0.73526
441	0.73911
442	0.74297
443	0.74683
444	0.7507
445	0.75458
446	0.75846
447	0.76235
448	0.76624
449	0.77014
450	0.77405
451	0.77795
452	0.78187
453	0.78579
454	0.78971
455	0.91504
456	0.79758
457	0.80152
458	0.80546
459	0.80942
460	0.81337
461	0.81734
462	0.8213
463	0.82528
464	0.82926
465	0.83325
466	0.83724
467	0.84124
468	0.84525
469	0.84926
470	0.85329
471	0.85732
472	0.86136
473	0.86542
474	0.86948
475	0.87355
476	0.87763
477	0.88173
478	0.88584
479	0.88996
480	0.89409
481	0.89824
482	0.9024
483	0.90658
484	0.91077
485	0.96907
486	0.96707
487	0.96508
488	0.96309
489	0.96112
490	0.95916
491	0.95721
492	0.95527
493	0.95334
494	0.95143
495	0.94952
496	0.94763
497	0.94575
498	0.94388
499	0.94203
500	0.9402
501	0.93837
502	0.93657
503	0.93478
504	0.93301
505	0.93126
506	0.92954
507	0.92783
508	0.92615
509	0.92449
510	0.92286
511	0.92125
512	0.91967
513	0.91811
514	0.91658
515	1.0221
516	1.0205
517	1.0188
518	1.0169
519	1.0148
520	1.0127
521	1.0105
522	1.0083
523	1.0061
524	1.0039
525	1.0018
526	0.99958
527	0.99742
528	0.99526
529	0.99312
530	0.99099
531	0.98887
532	0.98676
533	0.98466
534	0.98257
535	0.98049
536	0.97842
537	0.97636
538	0.97442
539	0.9726
540	0.97083
541	1.1749
542	1.0235
543	1.025
544	1.0264
545	1.028
546	1.0295
547	1.0311
548	1.0327
549	1.0343
550	1.036
551	1.0377
552	1.0395
553	1.0413
554	1.0431
555	1.0449
556	1.0468
557	1.0487
558	1.0507
559	1.0527
560	1.0547
561	1.0567
562	1.0588
563	1.0608
564	1.063
565	1.0651
566	1.0673
567	1.0695
568	1.0717
569	1.0739
570	1.0762
571	1.0785
572	1.0808
573	1.0832
574	1.0856
575	1.0879
576	1.0903
577	1.0928
578	1.0952
579	1.0977
580	1.1002
581	1.1027
582	1.1052
583	1.1078
584	1.1103
585	1.1129
586	1.1155
587	1.1181
588	1.1207
589	1.1233
590	1.1259
591	1.1286
592	1.1312
593	1.1339
594	1.1366
595	1.1393
596	1.142
597	1.1447
598	1.1474
599	1.1501
600	1.1529
601	1.1556
602	1.1583
603	1.1611
604	1.1638
605	1.1666
606	1.1694
607	1.1721
608	1.1849
609	1.1774
610	1.1799
611	1.1824
612	1.7047
613	1.1882
614	1.1917
615	1.1956
616	1.1997
617	1.204
618	1.2085
619	1.2129
620	1.2174
621	1.2219
622	1.2264
623	1.231
624	1.2355
625	1.24
626	1.2446
627	1.2491
628	1.2537
629	1.2582
630	1.2628
631	1.2673
632	1.2718
633	1.2764
634	1.2809
635	1.2855
636	1.29
637	1.2945
638	1.2991
639	1.3036
640	1.3082
641	1.3127
642	1.3172
643	1.3218
644	1.3263
645	1.3308
646	1.3354
647	1.3399
648	1.3444
649	1.3489
650	1.3535
651	1.358
652	1.3625
653	1.3671
654	1.3716
655	1.3761
656	1.3807
657	1.3852
658	1.3897
659	1.3942
660	1.3988
661	1.4033
662	1.4078
663	1.4123
664	1.4169
665	1.4214
666	1.4259
667	1.4304
668	1.435
669	1.4395
670	1.444
671	1.4485
672	1.4531
673	1.4576
674	1.4621
675	1.4666
676	1.4711
677	1.4757
678	1.4802
679	1.4847
680	1.4892
681	1.4937
682	1.4983
683	1.5028
684	1.5073
685	1.5118
686	1.5163
687	1.5209
688	1.5254
689	1.5299
690	1.5344
691	1.5389
692	1.5435
693	1.548
694	1.5525
695	1.557
696	1.5616
697	1.5661
698	1.5706
699	1.5751
700	1.5796
701	1.5842
702	1.5887
703	1.5932
704	1.5977
705	1.6023
706	1.6068
707	1.6113
708	1.6158
709	1.6203
710	1.6249
711	1.6294
712	1.6339
713	1.6384
714	1.6429
715	1.6475
716	1.652
717	1.6565
718	1.661
719	1.6656
720	1.6701
721	1.6746
722	1.6791
723	1.6837
724	1.6882
725	1.6925
726	1.6967
727	1.7007
728	1.7109
729	1.7055
730	1.7064
731	1.7073
732	1.7083
733	1.7092
734	1.71
735	1.1841
736	1.1877
737	1.1917
738	1.196
739	1.2003
740	1.2048
741	1.2093
742	1.2138
743	1.2184
744	1.223
745	1.2275
746	1.2321
747	1.2366
748	1.2412
749	1.2458
750	1.2503
751	1.2549
752	1.2594
753	1.2639
754	1.2685
755	1.273
756	1.2776
757	1.2821
758	1.2866
759	1.2912
760	1.2957
761	1.3002
762	1.3048
763	1.3093
764	1.3138
765	1.3184
766	1.3229
767	1.3274
768	1.332
769	1.3365
770	1.341
771	1.3456
772	1.3501
773	1.3546
774	1.3592
775	1.3637
776	1.3682
777	1.3728
778	1.3773
779	1.3819
780	1.3864
781	1.3909
782	1.3954
783	1.4
784	1.4045
785	1.4091
786	1.4136
787	1.4181
788	1.4226
789	1.4272
790	1.4317
791	1.4363
792	1.4408
793	1.4453
794	1.4499
795	1.4544
796	1.4589
797	1.4635
798	1.468
799	1.4725
800	1.477
801	1.4816
802	1.4861
803	1.4906
804	1.4952
805	1.4997
806	1.5042
807	1.5088
808	1.5133
809	1.5178
810	1.5223
811	1.5269
812	1.5314
813	1.5359
814	1.5405
815	1.545
816	1.5495
817	1.5541
818	1.5586
819	1.5631
820	1.5676
821	1.5722
822	1.5767
823	1.5812
824	1.5858
825	1.5903
826	1.5948
827	1.5993
828	1.6039
829	1.6084
830	1.6129
831	1.6174
832	1.622
833	1.6265
834	1.631
835	1.6355
836	1.6401
837	1.6446
838	1.6491
839	1.6536
840	1.6581
841	1.6627
842	1.6672
843	1.6717
844	1.6762
845	1.6807
846	1.6853
847	1.6898
848	1.6943
849	1.6987
850	1.7028
851	1.7069
852	1.17
853	1.1575
854	1.149
855	1.1217
856	1.0613
857	1.0566
858	1.0471
859	1.0489
860	1.1726
861	1.1667
862	1.1634
863	1.1486
864	1.1376
865	1.1343
866	1.1307
867	1.1277
868	1.1213
869	1.114
870	1.1081
871	1.1053
872	1.0962
873	1.0912
874	1.089
875	1.0824
876	1.0761
877	1.0733
878	1.0633
879	1.0575
880	1.0529
881	1.0508
882	1.0422
883	1.0393
884	1.1822
885	1.173
886	1.1859
887	1.1671
888	1.161
889	1.1552
890	1.1582
891	1.1495
892	1.1467
893	1.1383
894	1.1322
895	1.1352
896	1.1266
897	1.1214
898	1.1155
899	1.1099
900	1.1126
901	1.104
902	1.107
903	1.0986
904	1.0934
905	1.089
906	1.0912
907	1.0868
908	1.0838
909	1.0755
910	1.0782
911	1.0705
912	1.0728
913	1.066
914	1.0628
915	1.0643
916	1.0611
917	1.0541
918	1.0562
919	1.0505
920	1.0523
921	1.0471
922	1.0441
923	1.0457
924	1.0415
925	1.0427
926	1.0381
927	1.1899
928	1.1895
929	1.1855
930	1.1819
931	1.1786
932	1.172
933	1.1662
934	1.16
935	1.1508
936	1.1481
937	1.1455
938	1.1374
939	1.1349
940	1.1327
941	1.1305
942	1.1283
943	1.126
944	1.1205
945	1.118
946	1.1159
947	1.1145
948	1.1121
949	1.1067
950	1.1016
951	1.0975
952	1.0953
953	1.0934
954	1.0891
955	1.0869
956	1.0848
957	1.0804
958	1.0735
959	1.0717
960	1.0681
961	1.0648
962	1.0606
963	1.0549
964	1.0511
965	1.0484
966	1.0471
967	1.0455
968	1.0438
969	1.042
970	1.0388
971	1.0357
972	1.0341
973	1.0337
974	1.1829
975	0.93319
976	1.6874
977	1.6874
978	1.6777
979	1.6829
980	1.6683
981	1.6728
982	1.6591
983	1.6637
984	1.6502
985	1.6546
986	1.6411
987	1.6456
988	1.6321
989	1.6366
990	1.6231
991	1.6276
992	1.614
993	1.605
994	1.6095
995	1.596
996	1.6005
997	1.5869
998	1.5915
999	1.5779
1000	1.5824
1001	1.5688
1002	1.5598
1003	1.5643
1004	1.5507
1005	1.5416
1006	1.5326
1007	1.537
1008	1.5236
1009	1.5145
1010	1.519
1011	1.5054
1012	1.51
1013	1.4964
1014	1.5009
1015	1.4874
1016	1.4918
1017	1.4783
1018	1.4692
1019	1.4738
1020	1.4602
1021	1.4511
1022	1.4556
1023	1.442
1024	1.4465
1025	1.433
1026	1.4375
1027	1.424
1028	1.4149
1029	1.4194
1030	1.4058
1031	1.4104
1032	1.3968
1033	1.4013
1034	1.3877
1035	1.3922
1036	1.3832
1037	1.3697
1038	1.3742
1039	1.3606
1040	1.3651
1041	1.3515
1042	1.356
1043	1.3423
1044	1.3469
1045	1.3333
1046	1.3377
1047	1.3242
1048	1.3288
1049	1.315
1050	1.3197
1051	1.3061
1052	1.3106
1053	1.297
1054	1.3015
1055	1.2879
1056	1.2924
1057	1.2788
1058	1.2698
1059	1.2743
1060	1.2607
1061	1.2652
1062	1.2516
1063	1.2424
1064	1.2333
1065	1.2379
1066	1.2242
1067	1.2288
1068	1.2151
1069	1.2197
1070	1.206
1071	1.2105
1072	1.1962
1073	1.2014
1074	1.1915
1075	1.1839
1076	1.1737
1077	1.1677
1078	1.1706
1079	1.1617
1080	1.156
1081	1.1589
1082	1.1503
1083	1.1448
1084	1.1475
1085	1.1393
1086	1.1335
1087	1.1363
1088	1.128
1089	1.1226
1090	1.117
1091	1.1116
1092	1.1143
1093	1.1058
1094	1.1087
1095	1.1008
1096	1.0959
1097	1.0914
1098	1.0936
1099	1.0876
1100	1.0828
1101	1.0778
1102	1.0802
1103	1.0733
1104	1.0655
1105	1.0671
1106	1.0616
1107	1.0635
1108	1.0572
1109	1.0592
1110	1.0537
1111	1.0504
1112	1.052
1113	1.0474
1114	1.0445
1115	1.0459
1116	1.0382
1117	1.0421
1118	1.0324
1119	1.0279
1120	1.0302
1121	1.0233
1122	1.0191
1123	1.0149
1124	1.0173
1125	1.0106
1126	1.0064
1127	1.002
1128	1.0043
1129	0.99808
1130	1.0002
1131	0.9941
1132	0.99617
1133	0.99012
1134	0.99229
1135	0.986
1136	0.98831
1137	0.98181
1138	0.98416
1139	0.97766
1140	0.97987
1141	0.97419
1142	0.97612
1143	0.97039
1144	0.97228
1145	0.96653
1146	0.96849
1147	0.96283
1148	0.96488
1149	0.959
1150	0.96109
1151	0.95558
1152	0.95749
1153	0.9519
1154	0.94853
1155	0.95025
1156	0.94486
1157	0.9465
1158	0.94165
1159	0.93847
1160	0.94002
1161	0.93569
1162	0.93737
1163	0.92581
1164	0.91659
1165	0.92144
1166	0.90754
1167	0.89905
1168	0.8908
1169	0.88271
1170	0.8868
1171	0.87463
1172	0.86651
1173	0.87071
1174	0.85856
1175	0.85052
1176	0.85461
1177	0.8424
1178	0.83466
1179	0.83862
1180	0.82675
1181	0.83078
1182	0.81884
1183	0.8229
1184	0.8109
1185	0.81496
1186	0.803
1187	0.80702
1188	0.79523
1189	0.79921
1190	0.78748
1191	0.79147
1192	0.7797
1193	0.78383
1194	0.77199
1195	0.77592
1196	0.76426
1197	0.7682
1198	0.75655
1199	0.76048
1200	0.74883
1201	0.75275
1202	0.74109
1203	0.74503
1204	0.73359
1205	0.73742
1206	0.72601
1207	0.72992
1208	0.71852
1209	0.72238
1210	0.71102
1211	0.71487
1212	0.70359
1213	0.70739
1214	0.69609
1215	0.70004
1216	0.68871
1217	0.69251
1218	0.6815
1219	0.68524
1220	0.67401
1221	0.67787
1222	0.66689
1223	0.67055
1224	0.6597
1225	0.66339
1226	0.65262
1227	0.65622
1228	0.64553
1229	0.64916
1230	0.63845
1231	0.64204
1232	0.63141
1233	0.63502
1234	0.62451
1235	0.62808
1236	0.61764
1237	0.62115
1238	0.61082
1239	0.61437
1240	0.60418
1241	0.59737
1242	0.60095
1243	0.59088
1244	0.59418
1245	0.58426
1246	0.58764
1247	0.57778
1248	0.58113
1249	0.57138
1250	0.57473
1251	0.56523
1252	0.56842
1253	0.5589
1254	0.5622
1255	0.55259
1256	0.55588
1257	0.5464
1258	0.54963
1259	0.54009
1260	0.54257
1261	0.53399
1262	0.52788
1263	0.53104
1264	0.52241
1265	0.51685
1266	0.51127
1267	0.5059
1268	0.50065
1269	0.49563
1270	0.4907
1271	0.48592
1272	0.4814
1273	0.47668
1274	0.47893
1275	0.4722
1276	0.4746
1277	0.468
1278	0.47016
1279	0.46365
1280	0.46598
1281	0.45957
1282	0.46182
1283	0.45565
1284	0.45784
1285	0.45215
1286	0.45404
1287	0.44835
1288	0.45062
1289	0.44513
1290	0.44696
1291	0.44205
1292	0.44377
1293	0.43888
1294	0.44067
1295	0.43596
1296	0.43761
1297	0.43316
1298	0.43471
1299	0.43067
1300	0.43223
1301	0.42833
1302	0.4298
1303	0.42628
1304	0.42767
1305	0.42423
1306	0.42548
1307	0.42244
1308	0.42359
1309	0.42072
1310	0.42189
1311	0.41951
1312	0.42031
1313	0.41831
1314	0.41904
1315	0.41759
1316	0.41799
1317	0.41747
1318	0.4167
1319	0.41786
1320	1.6923
1321	1.6779
1322	1.6687
1323	1.6596
1324	1.6506
1325	1.6416
1326	1.6326
1327	1.6235
1328	1.6145
1329	1.6055
1330	1.6009
1331	1.5965
1332	1.5919
1333	1.5874
1334	1.5784
1335	1.5738
1336	1.5693
1337	1.5648
1338	1.5603
1339	1.5511
1340	1.5421
1341	1.5331
1342	1.5285
1343	1.524
1344	1.5195
1345	1.515
1346	1.5059
1347	1.4968
1348	1.4833
1349	1.4787
1350	1.4696
1351	1.4607
1352	1.4516
1353	1.447
1354	1.4426
1355	1.4335
1356	1.4244
1357	1.4154
1358	1.4108
1359	1.4064
1360	1.3973
1361	1.3882
1362	1.3792
1363	1.3702
1364	1.3656
1365	1.3611
1366	1.3566
1367	1.352
1368	1.3474
1369	1.3428
1370	1.3338
1371	1.3247
1372	1.3156
1373	1.3066
1374	1.2975
1375	1.2884
1376	1.2838
1377	1.2794
1378	1.2703
1379	1.2612
1380	1.2521
1381	1.243
1382	1.2384
1383	1.2339
1384	1.2248
1385	1.2158
1386	1.2068
1387	1.1984
1388	1.1872
1389	1.1844
1390	1.1814
1391	1.1785
1392	1.1759
1393	1.1711
1394	1.1655
1395	1.1599
1396	1.1571
1397	1.1545
1398	1.1499
1399	1.1473
1400	1.1448
1401	1.1396
1402	1.1369
1403	1.1343
1404	1.1318
1405	1.1294
1406	1.1246
1407	1.1194
1408	1.1169
1409	1.1146
1410	1.1125
1411	1.1102
1412	1.1077
1413	1.1051
1414	1.1002
1415	1.0957
1416	1.0935
1417	1.0915
1418	1.0891
1419	1.087
1420	1.0848
1421	1.0827
1422	1.0805
1423	1.0783
1424	1.0737
1425	1.0716
1426	1.0696
1427	1.0677
1428	1.0657
1429	1.0621
1430	1.0601
1431	1.0582
1432	1.0563
1433	1.0539
1434	1.052
1435	1.0505
1436	1.0491
1437	1.0476
1438	1.046
1439	1.0448
1440	1.0436
1441	1.0421
1442	1.0388
1443	1.037
1444	1.0357
1445	1.0343
1446	1.0332
1447	1.0326
1448	1.0311
1449	1.03
1450	1.0295
1451	1.0273
1452	1.0228
1453	1.0208
1454	1.0182
1455	1.0142
1456	1.0125
1457	1.0099
1458	1.0056
1459	1.0015
1460	0.9973
1461	0.99317
1462	0.98931
1463	0.98728
1464	0.98555
1465	0.98316
1466	0.98119
1467	0.97703
1468	0.97308
1469	0.97154
1470	0.96947
1471	0.96573
1472	0.96414
1473	0.96181
1474	0.95803
1475	0.95441
1476	0.95082
1477	0.94936
1478	0.94725
1479	0.9439
1480	0.94193
1481	0.94034
1482	0.93667
1483	0.93341
1484	0.92172
1485	0.9174
1486	0.91284
1487	0.90858
1488	0.90419
1489	0.8999
1490	0.89567
1491	0.89166
1492	0.8875
1493	0.88348
1494	0.8793
1495	0.87535
1496	0.8711
1497	0.86721
1498	0.86303
1499	0.85918
1500	0.85515
1501	0.85121
1502	0.84719
1503	0.84326
1504	0.83917
1505	0.83531
1506	0.83128
1507	0.82753
1508	0.8234
1509	0.81956
1510	0.81546
1511	0.80752
1512	0.79967
1513	0.79576
1514	0.79184
1515	0.788
1516	0.78408
1517	0.77625
1518	0.76858
1519	0.76083
1520	0.75309
1521	0.74537
1522	0.73772
1523	0.73012
1524	0.72257
1525	0.71502
1526	0.7075
1527	0.70004
1528	0.69264
1529	0.68523
1530	0.67788
1531	0.67031
1532	0.66325
1533	0.65603
1534	0.64885
1535	0.64174
1536	0.63471
1537	0.62768
1538	0.62077
1539	0.61382
1540	0.6069
1541	0.6037
1542	0.60016
1543	0.59692
1544	0.5933
1545	0.58688
1546	0.58361
1547	0.58015
1548	0.57384
1549	0.57088
1550	0.56746
1551	0.56123
1552	0.55832
1553	0.55492
1554	0.54858
1555	0.54259
1556	0.53941
1557	0.53702
1558	0.53487
1559	0.53202
1560	0.52916
1561	0.52627
1562	0.52327
1563	0.52074
1564	0.51767
1565	0.51493
1566	0.5121
1567	0.50939
1568	0.50647
1569	0.50386
1570	0.50114
1571	0.49873
1572	0.49595
1573	0.49357
1574	0.49084
1575	0.48841
1576	0.48568
1577	0.48344
1578	0.47855
1579	0.47643
1580	0.47401
1581	0.4716
1582	0.46948
1583	0.46722
1584	0.46515
1585	0.46285
1586	0.46085
1587	0.45867
1588	0.45661
1589	0.45419
1590	0.45259
1591	0.45071
1592	0.44915
1593	0.44713
1594	0.44541
1595	0.44333
1596	0.44186
1597	0.44001
1598	0.43853
1599	0.43687
1600	0.43543
1601	0.43377
1602	0.43237
1603	0.43086
1604	0.42958
1605	0.42809
1606	0.42682
1607	0.42521
1608	0.42443
1609	0.42295
1610	0.42228
1611	0.42097
1612	0.42012
1613	0.41879
1614	0.41821
1615	0.41727
1616	0.41657
1617	0.41558
1618	0.41505
1619	0.41432
1620	0.41377
1621	0.41278
1622	0.41262
1623	0.41222
1624	0.41227
1625	0.41217
1626	0.41147
1627	1.6924
1628	1.6868
1629	1.6919
1630	1.6772
1631	1.6819
1632	1.6679
1633	1.6724
1634	1.6588
1635	1.6633
1636	1.6498
1637	1.6543
1638	1.6408
1639	1.6453
1640	1.6317
1641	1.6362
1642	1.6227
1643	1.6272
1644	1.6136
1645	1.6182
1646	1.6046
1647	1.6091
1648	1.5955
1649	1.6
1650	1.5865
1651	1.591
1652	1.5775
1653	1.582
1654	1.5684
1655	1.5729
1656	1.5593
1657	1.5638
1658	1.5502
1659	1.5547
1660	1.5412
1661	1.5322
1662	1.5366
1663	1.5231
1664	1.5141
1665	1.5186
1666	1.505
1667	1.5095
1668	1.4959
1669	1.5004
1670	1.4869
1671	1.4914
1672	1.4733
1673	1.4597
1674	1.4643
1675	1.4507
1676	1.4552
1677	1.4416
1678	1.4461
1679	1.4325
1680	1.4371
1681	1.428
1682	1.419
1683	1.4054
1684	1.4099
1685	1.3963
1686	1.4008
1687	1.3872
1688	1.3917
1689	1.3782
1690	1.3827
1691	1.3692
1692	1.3737
1693	1.3601
1694	1.3646
1695	1.351
1696	1.3555
1697	1.3419
1698	1.3464
1699	1.3327
1700	1.3373
1701	1.3237
1702	1.3283
1703	1.3147
1704	1.3192
1705	1.3056
1706	1.3101
1707	1.2965
1708	1.3011
1709	1.2873
1710	1.292
1711	1.2783
1712	1.2829
1713	1.2693
1714	1.2738
1715	1.2602
1716	1.2647
1717	1.2511
1718	1.2556
1719	1.242
1720	1.2465
1721	1.2328
1722	1.2374
1723	1.2238
1724	1.2283
1725	1.2146
1726	1.2192
1727	1.2055
1728	1.2101
1729	1.1965
1730	1.201
1731	1.1882
1732	1.1924
1733	1.1809
1734	1.1845
1735	1.1743
1736	1.1774
1737	1.1683
1738	1.1712
1739	1.1625
1740	1.1654
1741	1.1567
1742	1.1596
1743	1.1511
1744	1.1539
1745	1.1457
1746	1.1484
1747	1.1402
1748	1.1429
1749	1.1346
1750	1.1374
1751	1.1293
1752	1.1319
1753	1.1239
1754	1.1266
1755	1.1185
1756	1.1212
1757	1.1133
1758	1.1159
1759	1.1079
1760	1.1105
1761	1.103
1762	1.1056
1763	1.0981
1764	1.1005
1765	1.0936
1766	1.0958
1767	1.0894
1768	1.0916
1769	1.0848
1770	1.0871
1771	1.0801
1772	1.0824
1773	1.0758
1774	1.0779
1775	1.0717
1776	1.0737
1777	1.068
1778	1.0698
1779	1.0642
1780	1.0662
1781	1.0602
1782	1.0621
1783	1.0568
1784	1.0585
1785	1.0536
1786	1.0551
1787	1.0505
1788	1.052
1789	1.0472
1790	1.0489
1791	1.0419
1792	1.0448
1793	1.037
1794	1.0392
1795	1.0327
1796	1.0349
1797	1.0282
1798	1.0306
1799	1.024
1800	1.0263
1801	1.0196
1802	1.0219
1803	1.0155
1804	1.0176
1805	1.0113
1806	1.0135
1807	1.0068
1808	1.0092
1809	1.0029
1810	1.005
1811	0.99881
1812	1.0011
1813	0.99489
1814	0.99713
1815	0.99065
1816	0.99306
1817	0.98615
1818	0.98876
1819	0.98463
1820	0.97908
1821	0.9808
1822	0.97518
1823	0.97687
1824	0.97141
1825	0.97286
1826	0.96739
1827	0.96979
1828	0.96398
1829	0.96616
1830	0.96023
1831	0.96241
1832	0.95661
1833	0.95852
1834	0.9534
1835	0.95556
1836	0.94982
1837	0.95138
1838	0.94649
1839	0.94834
1840	0.94349
1841	0.94502
1842	0.94049
1843	0.94212
1844	0.93849
1845	0.93693
1846	0.92821
1847	0.93274
1848	0.9195
1849	0.92393
1850	0.91074
1851	0.9154
1852	0.90237
1853	0.90662
1854	0.8941
1855	0.8983
1856	0.886
1857	0.89013
1858	0.87799
1859	0.88206
1860	0.86977
1861	0.87397
1862	0.86194
1863	0.86595
1864	0.85389
1865	0.85793
1866	0.84583
1867	0.84991
1868	0.83803
1869	0.84201
1870	0.83001
1871	0.8341
1872	0.82212
1873	0.82617
1874	0.8143
1875	0.81835
1876	0.80638
1877	0.81052
1878	0.79864
1879	0.80258
1880	0.7908
1881	0.79482
1882	0.78302
1883	0.78707
1884	0.77539
1885	0.77928
1886	0.76759
1887	0.77158
1888	0.75991
1889	0.76385
1890	0.75226
1891	0.75618
1892	0.74452
1893	0.74847
1894	0.73708
1895	0.74089
1896	0.72961
1897	0.73337
1898	0.72196
1899	0.72587
1900	0.71458
1901	0.71837
1902	0.70716
1903	0.71092
1904	0.69975
1905	0.70379
1906	0.69226
1907	0.69611
1908	0.68515
1909	0.68882
1910	0.67771
1911	0.68164
1912	0.67047
1913	0.67425
1914	0.6633
1915	0.66703
1916	0.65629
1917	0.65987
1918	0.64922
1919	0.65304
1920	0.64221
1921	0.64584
1922	0.63524
1923	0.6388
1924	0.62825
1925	0.63184
1926	0.62149
1927	0.62495
1928	0.61478
1929	0.61835
1930	0.60813
1931	0.61159
1932	0.60124
1933	0.60488
1934	0.59483
1935	0.59812
1936	0.58833
1937	0.59164
1938	0.5819
1939	0.58525
1940	0.57555
1941	0.57894
1942	0.56935
1943	0.57274
1944	0.56283
1945	0.56626
1946	0.55686
1947	0.56008
1948	0.5506
1949	0.55377
1950	0.54466
1951	0.54741
1952	0.53878
1953	0.54173
1954	0.53279
1955	0.53587
1956	0.52694
1957	0.53038
1958	0.52149
1959	0.5244
1960	0.51598
1961	0.51888
1962	0.5106
1963	0.51352
1964	0.50532
1965	0.50825
1966	0.50028
1967	0.50323
1968	0.4957
1969	0.49818
1970	0.4909
1971	0.49345
1972	0.48638
1973	0.48853
1974	0.48164
1975	0.48389
1976	0.47726
1977	0.4795
1978	0.47301
1979	0.47542
1980	0.46871
1981	0.47091
1982	0.46476
1983	0.46702
1984	0.46059
1985	0.46283
1986	0.45723
1987	0.45911
1988	0.4536
1989	0.45559
1990	0.45014
1991	0.45205
1992	0.4472
1993	0.44885
1994	0.44398
1995	0.44573
1996	0.4411
1997	0.44266
1998	0.43834
1999	0.43988
2000	0.43568
2001	0.43733
2002	0.43355
2003	0.43492
2004	0.43136
2005	0.43269
2006	0.42943
2007	0.43061
2008	0.42764
2009	0.42871
2010	0.42612
2011	0.42699
2012	0.42488
2013	0.42554
2014	0.42368
2015	0.42453
2016	0.42275
2017	0.42354
2018	0.42273
2019	0.42216
2020	0.42166
2021	0.42251
2022	0.41532
2023	0.42049
2024	0.42143
2025	1.6975
2026	0.41017
2027	1.6922
2028	1.6875
2029	1.6828
2030	1.6783
2031	1.6737
2032	1.6692
2033	1.6646
2034	1.6601
2035	1.6556
2036	1.6511
2037	1.6466
2038	1.6421
2039	1.6375
2040	1.633
2041	1.6285
2042	1.624
2043	1.6195
2044	1.615
2045	1.6104
2046	1.6059
2047	1.6014
2048	1.597
2049	1.5924
2050	1.5879
2051	1.5833
2052	1.5788
2053	1.5743
2054	1.5698
2055	1.5652
2056	1.5607
2057	1.5562
2058	1.5517
2059	1.5471
2060	1.5426
2061	1.5381
2062	1.5335
2063	1.529
2064	1.5246
2065	1.52
2066	1.5155
2067	1.511
2068	1.5064
2069	1.5019
2070	1.4974
2071	1.4928
2072	1.4884
2073	1.4838
2074	1.4793
2075	1.4747
2076	1.4702
2077	1.4657
2078	1.4612
2079	1.4566
2080	1.4522
2081	1.4476
2082	1.443
2083	1.4385
2084	1.434
2085	1.4295
2086	1.425
2087	1.4159
2088	1.4113
2089	1.4069
2090	1.4023
2091	1.3978
2092	1.3932
2093	1.3887
2094	1.3842
2095	1.3797
2096	1.3752
2097	1.3707
2098	1.3661
2099	1.3617
2100	1.3571
2101	1.3525
2102	1.348
2103	1.3435
2104	1.3389
2105	1.3343
2106	1.3299
2107	1.3253
2108	1.3117
2109	1.3071
2110	1.3027
2111	1.2981
2112	1.2935
2113	1.289
2114	1.2844
2115	1.28
2116	1.2754
2117	1.2708
2118	1.2662
2119	1.2617
2120	1.2572
2121	1.2526
2122	1.2481
2123	1.2436
2124	1.239
2125	1.2344
2126	1.2299
2127	1.2254
2128	1.2209
2129	1.2164
2130	1.2121
2131	1.2076
2132	1.1993
2133	1.1957
2134	1.192
2135	1.1888
2136	1.1862
2137	1.1836
2138	1.1809
2139	1.1781
2140	1.1755
2141	1.1729
2142	1.1704
2143	1.1677
2144	1.165
2145	1.1622
2146	1.1595
2147	1.1568
2148	1.1541
2149	1.1516
2150	1.149
2151	1.1464
2152	1.1438
2153	1.1414
2154	1.1387
2155	1.136
2156	1.1334
2157	1.1308
2158	1.1283
2159	1.1258
2160	1.1232
2161	1.1207
2162	1.1181
2163	1.1156
2164	1.1131
2165	1.1108
2166	1.1085
2167	1.106
2168	1.1035
2169	1.101
2170	1.0986
2171	1.0939
2172	1.0917
2173	1.0894
2174	1.0872
2175	1.085
2176	1.0827
2177	1.0805
2178	1.0783
2179	1.0761
2180	1.0739
2181	1.0717
2182	1.0695
2183	1.0674
2184	1.0654
2185	1.0634
2186	1.0614
2187	1.0596
2188	1.0577
2189	1.0557
2190	1.0538
2191	1.0517
2192	1.0498
2193	1.0481
2194	1.0465
2195	1.0448
2196	1.0433
2197	1.0418
2198	1.0404
2199	1.0388
2200	1.0372
2201	1.0356
2202	1.034
2203	1.0326
2204	1.0312
2205	1.03
2206	1.0289
2207	1.0275
2208	1.0262
2209	1.0249
2210	1.0239
2211	1.0224
2212	1.0203
2213	1.0179
2214	1.0158
2215	1.0134
2216	1.0115
2217	1.0092
2218	1.0074
2219	1.005
2220	1.003
2221	1.0007
2222	0.99868
2223	0.99649
2224	0.99465
2225	0.99246
2226	0.99052
2227	0.98793
2228	0.98639
2229	0.9845
2230	0.98241
2231	0.98077
2232	0.97831
2233	0.97628
2234	0.97458
2235	0.97233
2236	0.97054
2237	0.96821
2238	0.96665
2239	0.9646
2240	0.96322
2241	0.96095
2242	0.95931
2243	0.9568
2244	0.95539
2245	0.95339
2246	0.9516
2247	0.94963
2248	0.94798
2249	0.94595
2250	0.9445
2251	0.94235
2252	0.94083
2253	0.93916
2254	0.93734
2255	0.93564
2256	0.93375
2257	0.93193
2258	0.92838
2259	0.92692
2260	0.92143
2261	0.91779
2262	0.91369
2263	0.90926
2264	0.90506
2265	0.90072
2266	0.89662
2267	0.89238
2268	0.88836
2269	0.88009
2270	0.87597
2271	0.872
2272	0.86381
2273	0.85973
2274	0.85581
2275	0.84795
2276	0.84386
2277	0.83991
2278	0.83193
2279	0.82781
2280	0.82405
2281	0.81609
2282	0.81199
2283	0.80817
2284	0.80407
2285	0.79624
2286	0.79242
2287	0.78847
2288	0.78455
2289	0.78067
2290	0.77696
2291	0.7728
2292	0.7691
2293	0.76511
2294	0.76136
2295	0.75731
2296	0.75364
2297	0.74956
2298	0.74582
2299	0.74191
2300	0.73814
2301	0.7342
2302	0.73054
2303	0.72668
2304	0.72291
2305	0.71909
2306	0.71531
2307	0.71151
2308	0.70774
2309	0.704
2310	0.70033
2311	0.69645
2312	0.69283
2313	0.68909
2314	0.68542
2315	0.68167
2316	0.67804
2317	0.67423
2318	0.67059
2319	0.66678
2320	0.66335
2321	0.65961
2322	0.656
2323	0.65234
2324	0.64898
2325	0.6452
2326	0.64187
2327	0.63802
2328	0.63464
2329	0.63096
2330	0.6277
2331	0.62382
2332	0.62075
2333	0.61697
2334	0.61361
2335	0.61
2336	0.60673
2337	0.60316
2338	0.59992
2339	0.59638
2340	0.59306
2341	0.58955
2342	0.58644
2343	0.5828
2344	0.57965
2345	0.57605
2346	0.57319
2347	0.56985
2348	0.56677
2349	0.56341
2350	0.56044
2351	0.55711
2352	0.55413
2353	0.55081
2354	0.54783
2355	0.54455
2356	0.54159
2357	0.53855
2358	0.53531
2359	0.53249
2360	0.53002
2361	0.52727
2362	0.52435
2363	0.52146
2364	0.51845
2365	0.51279
2366	0.51032
2367	0.50727
2368	0.50165
2369	0.49901
2370	0.4962
2371	0.49107
2372	0.4887
2373	0.48593
2374	0.48087
2375	0.47849
2376	0.47596
2377	0.4735
2378	0.4714
2379	0.46907
2380	0.46657
2381	0.46449
2382	0.46212
2383	0.46024
2384	0.4578
2385	0.45575
2386	0.45357
2387	0.45151
2388	0.44925
2389	0.44757
2390	0.44564
2391	0.44413
2392	0.442
2393	0.44045
2394	0.43816
2395	0.43666
2396	0.43482
2397	0.43322
2398	0.43156
2399	0.43047
2400	0.4285
2401	0.42714
2402	0.42551
2403	0.42453
2404	0.42287
2405	0.42152
2406	0.42008
2407	0.41936
2408	0.41784
2409	0.41718
2410	0.41574
2411	0.41488
2412	0.41378
2413	0.41289
2414	0.41193
2415	0.41164
2416	0.41052
2417	0.41006
2418	0.40908
2419	0.40848
2420	0.40775
2421	0.40738
2422	0.40685
2423	0.40689
2424	0.40696
2425	0.40601
2426	0.40577
2427	0.40482
2428	0.93904
2429	0.42056
2430	0.40502
2431	1.6969
2432	1.7044
2433	1.6993
2434	1.695
2435	1.6907
2436	1.686
2437	1.6813
2438	1.6767
2439	1.6722
2440	1.6676
2441	1.6631
2442	1.6585
2443	1.654
2444	1.6449
2445	1.6404
2446	1.6359
2447	1.6313
2448	1.6268
2449	1.6224
2450	1.6179
2451	1.6133
2452	1.6088
2453	1.6043
2454	1.5997
2455	1.5952
2456	1.5906
2457	1.5862
2458	1.5816
2459	1.5771
2460	1.5725
2461	1.568
2462	1.5634
2463	1.5589
2464	1.5544
2465	1.5499
2466	1.5454
2467	1.5408
2468	1.5363
2469	1.5318
2470	1.5272
2471	1.5227
2472	1.5182
2473	1.5137
2474	1.5091
2475	1.5047
2476	1.5001
2477	1.4956
2478	1.491
2479	1.4866
2480	1.482
2481	1.4774
2482	1.473
2483	1.4684
2484	1.4638
2485	1.4594
2486	1.4548
2487	1.4503
2488	1.4458
2489	1.4412
2490	1.4367
2491	1.4321
2492	1.4276
2493	1.4231
2494	1.4185
2495	1.414
2496	1.4095
2497	1.4049
2498	1.4004
2499	1.3959
2500	1.3914
2501	1.3868
2502	1.3823
2503	1.3777
2504	1.3732
2505	1.3687
2506	1.3642
2507	1.3597
2508	1.3551
2509	1.3506
2510	1.346
2511	1.3415
2512	1.337
2513	1.3324
2514	1.3279
2515	1.3233
2516	1.3188
2517	1.3143
2518	1.3098
2519	1.3052
2520	1.3007
2521	1.2962
2522	1.2916
2523	1.287
2524	1.2826
2525	1.278
2526	1.2734
2527	1.2689
2528	1.2643
2529	1.2598
2530	1.2507
2531	1.2461
2532	1.2416
2533	1.2371
2534	1.2325
2535	1.2279
2536	1.2233
2537	1.2188
2538	1.2143
2539	1.2098
2540	1.2053
2541	1.2008
2542	1.1965
2543	1.1923
2544	1.1883
2545	1.1845
2546	1.181
2547	1.1778
2548	1.1747
2549	1.1718
2550	1.166
2551	1.1632
2552	1.1604
2553	1.1576
2554	1.1548
2555	1.1494
2556	1.1466
2557	1.1439
2558	1.1412
2559	1.1385
2560	1.1359
2561	1.1332
2562	1.1306
2563	1.128
2564	1.1253
2565	1.1227
2566	1.1201
2567	1.1175
2568	1.115
2569	1.1124
2570	1.1099
2571	1.1075
2572	1.105
2573	1.1026
2574	1.1003
2575	1.098
2576	1.0958
2577	1.0936
2578	1.0914
2579	1.0891
2580	1.0869
2581	1.0847
2582	1.0825
2583	1.0804
2584	1.0784
2585	1.0763
2586	1.0744
2587	1.0725
2588	1.0706
2589	1.0688
2590	1.0669
2591	1.065
2592	1.0632
2593	1.0615
2594	1.0598
2595	1.0582
2596	1.0567
2597	1.0551
2598	1.0536
2599	1.0521
2600	1.0504
2601	1.0484
2602	1.0461
2603	1.0438
2604	1.0416
2605	1.0395
2606	1.0373
2607	1.0352
2608	1.0328
2609	1.0309
2610	1.0288
2611	1.0268
2612	1.0242
2613	1.0224
2614	1.0202
2615	1.0185
2616	1.0159
2617	1.0144
2618	1.0119
2619	1.01
2620	1.0079
2621	1.0059
2622	1.0038
2623	1.0018
2624	0.99809
2625	0.99561
2626	0.9938
2627	0.9913
2628	0.98967
2629	0.98559
2630	0.98371
2631	0.98174
2632	0.98004
2633	0.97785
2634	0.9761
2635	0.97447
2636	0.97066
2637	0.96847
2638	0.96691
2639	0.96492
2640	0.96355
2641	0.96165
2642	0.9601
2643	0.9582
2644	0.95637
2645	0.95488
2646	0.95326
2647	0.95157
2648	0.95006
2649	0.94851
2650	0.944
2651	0.94288
2652	0.93483
2653	0.93019
2654	0.92568
2655	0.92192
2656	0.9179
2657	0.9136
2658	0.90963
2659	0.90556
2660	0.90155
2661	0.89739
2662	0.89344
2663	0.88932
2664	0.88541
2665	0.88122
2666	0.87722
2667	0.87317
2668	0.86932
2669	0.86513
2670	0.86132
2671	0.85722
2672	0.85324
2673	0.84923
2674	0.84539
2675	0.84126
2676	0.83754
2677	0.83338
2678	0.82949
2679	0.82547
2680	0.82159
2681	0.81763
2682	0.81376
2683	0.80973
2684	0.80594
2685	0.80198
2686	0.79823
2687	0.79418
2688	0.79043
2689	0.78643
2690	0.78267
2691	0.77863
2692	0.77506
2693	0.77101
2694	0.76725
2695	0.76334
2696	0.7596
2697	0.7557
2698	0.75198
2699	0.74807
2700	0.74443
2701	0.74055
2702	0.73682
2703	0.73304
2704	0.72938
2705	0.72552
2706	0.72191
2707	0.7181
2708	0.71447
2709	0.7105
2710	0.70705
2711	0.70331
2712	0.69971
2713	0.69593
2714	0.69248
2715	0.68862
2716	0.68508
2717	0.68139
2718	0.67793
2719	0.67421
2720	0.67077
2721	0.66706
2722	0.66358
2723	0.66002
2724	0.65652
2725	0.6529
2726	0.64946
2727	0.64596
2728	0.64253
2729	0.6389
2730	0.63576
2731	0.63214
2732	0.62884
2733	0.62521
2734	0.62204
2735	0.6185
2736	0.61536
2737	0.61202
2738	0.60886
2739	0.60532
2740	0.60208
2741	0.59879
2742	0.59568
2743	0.59234
2744	0.58927
2745	0.58597
2746	0.58309
2747	0.57969
2748	0.57687
2749	0.57345
2750	0.57039
2751	0.56712
2752	0.56413
2753	0.56104
2754	0.55801
2755	0.55498
2756	0.55191
2757	0.54877
2758	0.5458
2759	0.54287
2760	0.5403
2761	0.53743
2762	0.53471
2763	0.53177
2764	0.52924
2765	0.52631
2766	0.52362
2767	0.52084
2768	0.51845
2769	0.5156
2770	0.51313
2771	0.5104
2772	0.50818
2773	0.5054
2774	0.50299
2775	0.50058
2776	0.49834
2777	0.4958
2778	0.49338
2779	0.49115
2780	0.48879
2781	0.48646
2782	0.48456
2783	0.48226
2784	0.48041
2785	0.47801
2786	0.476
2787	0.47382
2788	0.4721
2789	0.46987
2790	0.46791
2791	0.46592
2792	0.46432
2793	0.46237
2794	0.46072
2795	0.45882
2796	0.45721
2797	0.45543
2798	0.45403
2799	0.45234
2800	0.4508
2801	0.44921
2802	0.44799
2803	0.44639
2804	0.44514
2805	0.44371
2806	0.44256
2807	0.44114
2808	0.44024
2809	0.4389
2810	0.43798
2811	0.43675
2812	0.43592
2813	0.43478
2814	0.43404
2815	0.433
2816	0.43235
2817	0.43147
2818	0.43078
2819	0.43016
2820	0.42986
2821	0.42901
2822	0.42853
2823	0.42795
2824	0.42754
2825	0.42749
2826	0.42724
2827	0.42681
2828	0.42677
2829	0.42606
2830	0.42609
2831	0.41961
2832	0.4256
2833	1.7028
2834	1.7022
2835	1.7016
2836	1.7011
2837	1.6966
2838	1.6922
2839	1.6876
2840	1.6832
2841	1.6787
2842	1.6741
2843	1.6697
2844	1.6651
2845	1.6606
2846	1.6561
2847	1.6515
2848	1.6471
2849	1.6425
2850	1.638
2851	1.6335
2852	1.629
2853	1.6244
2854	1.62
2855	1.6155
2856	1.6109
2857	1.6064
2858	1.6019
2859	1.5973
2860	1.5928
2861	1.5883
2862	1.5838
2863	1.5792
2864	1.5747
2865	1.5702
2866	1.5657
2867	1.5612
2868	1.5566
2869	1.5521
2870	1.5475
2871	1.5431
2872	1.5386
2873	1.5341
2874	1.5295
2875	1.525
2876	1.5205
2877	1.5159
2878	1.5114
2879	1.5069
2880	1.5023
2881	1.4979
2882	1.4933
2883	1.4888
2884	1.4842
2885	1.4797
2886	1.4752
2887	1.4707
2888	1.4662
2889	1.4616
2890	1.4571
2891	1.4526
2892	1.448
2893	1.4435
2894	1.439
2895	1.4345
2896	1.4299
2897	1.4255
2898	1.4209
2899	1.4164
2900	1.4119
2901	1.4074
2902	1.4029
2903	1.3983
2904	1.3937
2905	1.3893
2906	1.3847
2907	1.3802
2908	1.3757
2909	1.3711
2910	1.3666
2911	1.3621
2912	1.3575
2913	1.353
2914	1.3484
2915	1.3439
2916	1.3394
2917	1.3348
2918	1.3303
2919	1.3258
2920	1.3212
2921	1.3167
2922	1.3122
2923	1.3077
2924	1.3031
2925	1.2986
2926	1.294
2927	1.2895
2928	1.2849
2929	1.2804
2930	1.2759
2931	1.2714
2932	1.2668
2933	1.2623
2934	1.2577
2935	1.2533
2936	1.2486
2937	1.2442
2938	1.2396
2939	1.235
2940	1.2306
2941	1.226
2942	1.2216
2943	1.2171
2944	1.2128
2945	1.2083
2946	1.2041
2947	1.1998
2948	1.1958
2949	1.1921
2950	1.1888
2951	1.1858
2952	1.183
2953	1.1804
2954	1.1778
2955	1.1752
2956	1.1725
2957	1.1698
2958	1.1671
2959	1.1644
2960	1.1617
2961	1.1589
2962	1.1562
2963	1.1535
2964	1.1509
2965	1.1455
2966	1.1428
2967	1.1403
2968	1.1376
2969	1.135
2970	1.1323
2971	1.1297
2972	1.1271
2973	1.1245
2974	1.122
2975	1.1194
2976	1.1168
2977	1.1142
2978	1.1117
2979	1.1093
2980	1.1068
2981	1.1043
2982	1.1018
2983	1.0994
2984	1.0969
2985	1.0921
2986	1.0898
2987	1.0875
2988	1.0852
2989	1.0806
2990	1.0784
2991	1.0762
2992	1.0739
2993	1.0717
2994	1.0695
2995	1.0673
2996	1.0652
2997	1.0631
2998	1.0611
2999	1.059
3000	1.0571
3001	1.0552
3002	1.0532
3003	1.0493
3004	1.0474
3005	1.0456
3006	1.0439
3007	1.0422
3008	1.0389
3009	1.0373
3010	1.0357
3011	1.0341
3012	1.0326
3013	1.031
3014	1.0281
3015	1.0267
3016	1.0254
3017	1.0239
3018	1.0224
3019	1.0207
3020	1.0196
3021	1.0174
3022	1.0155
3023	1.0131
3024	1.0109
3025	1.0085
3026	1.0066
3027	1.0043
3028	1.0023
3029	1.
3030	0.99816
3031	0.99589
3032	0.99373
3033	0.99161
3034	0.98985
3035	0.98725
3036	0.98596
3037	0.98338
3038	0.98143
3039	0.97966
3040	0.97764
3041	0.97627
3042	0.97371
3043	0.97126
3044	0.96969
3045	0.96759
3046	0.96601
3047	0.9638
3048	0.96187
3049	0.95979
3050	0.95815
3051	0.9562
3052	0.95437
3053	0.95235
3054	0.95057
3055	0.94852
3056	0.94681
3057	0.94501
3058	0.94317
3059	0.94095
3060	0.93959
3061	0.9375
3062	0.93607
3063	0.93439
3064	0.93264
3065	0.93085
3066	0.92908
3067	0.9274
3068	0.92553
3069	0.92405
3070	0.92241
3071	0.91784
3072	0.91415
3073	0.91017
3074	0.90164
3075	0.89743
3076	0.89331
3077	0.88913
3078	0.88502
3079	0.87686
3080	0.87261
3081	0.86871
3082	0.86066
3083	0.8564
3084	0.85251
3085	0.84464
3086	0.84045
3087	0.83655
3088	0.82857
3089	0.82458
3090	0.82069
3091	0.81273
3092	0.80875
3093	0.80484
3094	0.80083
3095	0.79704
3096	0.79299
3097	0.78914
3098	0.7851
3099	0.78136
3100	0.77725
3101	0.77352
3102	0.76946
3103	0.76569
3104	0.76169
3105	0.75814
3106	0.75405
3107	0.75032
3108	0.7463
3109	0.74244
3110	0.73853
3111	0.7348
3112	0.7309
3113	0.7271
3114	0.72324
3115	0.71957
3116	0.71558
3117	0.71187
3118	0.70806
3119	0.70431
3120	0.70051
3121	0.6968
3122	0.69294
3123	0.68941
3124	0.68544
3125	0.68185
3126	0.67808
3127	0.67444
3128	0.67059
3129	0.66701
3130	0.66319
3131	0.6597
3132	0.65598
3133	0.65239
3134	0.64861
3135	0.64521
3136	0.64136
3137	0.63803
3138	0.63431
3139	0.63086
3140	0.62711
3141	0.62377
3142	0.61999
3143	0.61676
3144	0.61299
3145	0.60973
3146	0.60603
3147	0.60283
3148	0.59922
3149	0.59598
3150	0.59251
3151	0.58934
3152	0.58576
3153	0.58264
3154	0.57907
3155	0.57585
3156	0.57235
3157	0.56931
3158	0.56591
3159	0.56268
3160	0.55926
3161	0.55627
3162	0.5529
3163	0.54991
3164	0.54673
3165	0.54362
3166	0.54044
3167	0.53738
3168	0.53428
3169	0.53076
3170	0.52811
3171	0.52519
3172	0.52254
3173	0.51975
3174	0.51663
3175	0.51379
3176	0.50797
3177	0.5054
3178	0.50256
3179	0.49685
3180	0.49434
3181	0.49155
3182	0.48629
3183	0.4839
3184	0.48115
3185	0.47599
3186	0.47376
3187	0.47111
3188	0.46836
3189	0.46638
3190	0.46426
3191	0.46138
3192	0.45939
3193	0.45697
3194	0.45501
3195	0.4528
3196	0.45067
3197	0.44854
3198	0.44643
3199	0.44418
3200	0.44243
3201	0.4405
3202	0.43875
3203	0.43671
3204	0.43504
3205	0.43316
3206	0.43181
3207	0.42968
3208	0.42801
3209	0.42627
3210	0.42494
3211	0.42317
3212	0.42181
3213	0.42025
3214	0.41906
3215	0.41755
3216	0.41651
3217	0.41458
3218	0.41384
3219	0.41256
3220	0.41165
3221	0.41054
3222	0.40956
3223	0.40853
3224	0.40787
3225	0.40677
3226	0.4061
3227	0.40528
3228	0.40472
3229	0.40386
3230	0.4032
3231	0.40237
3232	0.40226
3233	0.40141
3234	0.40163
3235	0.40126
3236	0.4008
3237	0.40066
3238	0.40003
3239	0.3999
3240	0.39998
3241	0.8003
3242	1.0555
3243	1.1021
3244	1.0488
3245	1.5456
3246	1.2034
3247	1.0454
3248	1.1696
3249	0.99561
3250	1.293
3251	0.55187
3252	0.56451
3253	1.0639
3254	0.5773
3255	0.51971
3256	0.59022
3257	0.50877
3258	0.49829
3259	0.48848
3260	1.1735
3261	0.97933
3262	1.4199
3263	0.9679
3264	0.52541
3265	0.51416
3266	0.50354
3267	0.49331
3268	0.48357
3269	0.92451
3270	1.0754
3271	0.97524
3272	1.4823
3273	1.4828
3274	1.1752
3275	1.0214
3276	1.4651
3277	1.026
3278	0.60778
3279	1.164
3280	1.0529
3281	1.127
3282	0.93507
3283	0.95636
3284	1.0164
3285	1.5281
3286	1.081
3287	1.0079
3288	1.2657
3289	1.2293
3290	1.4779
3291	1.6974
3292	1.438
3293	1.5461
3294	0.94315
3295	1.0993
3296	1.4204
3297	1.3161
3298	1.5014
3299	1.2469
3300	0.81667
3301	0.83253
3302	0.84851
3303	0.86461
3304	0.88089
3305	1.0488
3306	0.47863
3307	0.48904
3308	0.49986
3309	0.51099
3310	1.2748
3311	1.5465
3312	1.4878
3313	1.2552
3314	0.92889
3315	1.4647
3316	0.81997
3317	0.98758
3318	0.83584
3319	1.6642
3320	1.2833
3321	0.85172
3322	0.86779
3323	0.88411
3324	1.61
3325	0.48353
3326	0.49378
3327	0.50475
3328	0.51579
3329	1.0689
3330	1.076
3331	1.1631
3332	0.94708
3333	1.0288
3334	0.98268
3335	1.302
3336	1.068
3337	1.0626
3338	1.0088
3339	1.0827
3340	1.0438
3341	1.124
3342	1.4289
3343	1.096
3344	1.3202
3345	0.80367
3346	1.4284
3347	1.3747
3348	1.0588
3349	1.0368
3350	1.0583
3351	1.0914
3352	1.2561
3353	1.2475
3354	1.3111
3355	1.5734
3356	1.5375
3357	1.6371
3358	1.1458
3359	1.5829
3360	1.6973
3361	1.1306
3362	1.07
3363	0.54567
3364	1.2114
3365	1.1647
3366	1.1241
3367	1.0962
3368	1.7029
3369	1.0754
3370	0.94557
3371	1.0037
3372	1.3927
3373	1.122
3374	1.1683
3375	1.07
3376	1.1948
3377	1.1538
3378	0.97235
3379	1.0252
3380	0.61744
3381	0.63129
3382	1.6494
3383	0.64543
3384	1.1183
3385	1.0853
3386	0.65971
3387	0.6742
3388	0.689
3389	0.70384
3390	0.71881
3391	0.73402
3392	0.74931
3393	0.76472
3394	0.78031
3395	0.93836
3396	1.1093
3397	0.89503
3398	0.8788
3399	1.1015
3400	0.86264
3401	0.84655
3402	1.5276
3403	1.4018
3404	0.94569
3405	1.6185
3406	0.95385
3407	0.99963
3408	1.1185
3409	1.5557
3410	0.91211
3411	0.40488
3412	0.94353
3413	1.1041
3414	1.4923
3415	1.0405
3416	1.1532
3417	1.125
3418	1.1571
3419	1.1524
3420	1.0677
3421	1.0513
3422	1.5552
3423	1.1689
3424	0.93206
3425	1.3383
3426	1.6551
3427	0.99132
3428	0.77262
3429	0.75715
3430	0.74155
3431	0.90337
3432	0.72646
3433	1.1571
3434	0.71134
3435	0.69648
3436	0.68162
3437	0.66693
3438	0.65254
3439	0.63829
3440	0.62433
3441	0.61052
3442	1.0778
3443	0.81152
3444	0.48095
3445	1.0979
3446	0.92575
3447	1.6281
3448	1.4742
3449	1.6825
3450	1.2025
3451	1.4235
3452	0.53691
3453	1.3837
3454	1.3207
3455	1.1253
3456	1.1521
3457	1.3787
3458	1.2566
3459	1.0829
3460	1.0996
3461	1.0404
3462	1.0295
3463	1.1482
3464	0.90585
3465	1.1293
3466	1.0945
3467	1.0848
3468	1.169
3469	0.92042
3470	1.0665
3471	1.6191
3472	1.5104
3473	1.1875
3474	0.99975
3475	1.1232
3476	0.96007
3477	1.6461
3478	1.2203
3479	1.4561
3480	1.6733
3481	1.3293
3482	1.0128
3483	1.1035
3484	1.0344
3485	0.93045
3486	0.93014
3487	1.1173
3488	1.4145
3489	1.4688
3490	1.0709
3491	1.1627
3492	1.0983
3493	1.1426
3494	1.1462
3495	1.142
3496	1.0405
3497	1.1931
3498	1.0547
3499	1.0896
3500	1.1026
3501	1.1198
3502	1.1522
3503	0.95292
3504	1.111
3505	1.0794
3506	1.0654
3507	1.16
3508	1.0937
3509	0.4156
3510	0.41647
3511	0.41037
3512	0.411
3513	1.0596
3514	1.0407
3515	1.179
3516	1.1757
3517	1.1795
3518	1.1763
3519	1.1803
3520	1.177
3521	1.0869
3522	1.1429
3523	1.1402
3524	1.1434
3525	1.1406
3526	1.144
3527	1.1412
3528	1.1543
3529	1.1514
3530	1.1547
3531	1.1518
3532	0.4149
3533	0.40986
3534	1.1793
3535	1.1764
3536	1.1778
3537	1.1824
3538	1.1809
3539	1.0547
3540	1.0531
3541	1.0522
3542	1.056
3543	1.0537
3544	1.0575
3545	1.0552
3546	1.059
3547	1.0567
3548	1.0605
3549	1.0582
3550	1.0621
3551	1.0598
3552	1.0637
3553	1.0613
3554	1.0653
3555	1.063
3556	1.067
3557	1.0647
3558	1.0687
3559	1.0664
3560	1.0705
3561	1.0683
3562	1.0723
3563	1.0701
3564	1.0742
3565	1.0719
3566	1.076
3567	1.0738
3568	1.078
3569	1.0757
3570	1.0799
3571	1.0776
3572	1.0819
3573	1.0796
3574	1.0839
3575	1.0817
3576	1.086
3577	1.0837
3578	1.0881
3579	1.0859
3580	1.0902
3581	1.088
3582	1.0924
3583	1.0902
3584	1.0945
3585	1.0924
3586	1.0968
3587	1.0946
3588	1.099
3589	1.0968
3590	1.1013
3591	1.0991
3592	1.1036
3593	1.1014
3594	1.1059
3595	1.1037
3596	1.1083
3597	1.1061
3598	1.1107
3599	1.1085
3600	1.1131
3601	1.1109
3602	1.1155
3603	1.1133
3604	1.118
3605	1.1159
3606	1.1204
3607	1.1184
3608	1.1229
3609	1.1209
3610	1.1255
3611	1.1234
3612	1.128
3613	1.126
3614	1.1306
3615	1.1286
3616	1.1332
3617	1.1312
3618	1.1358
3619	1.1338
3620	1.1384
3621	1.1365
3622	1.141
3623	1.1391
3624	1.1437
3625	1.1418
3626	1.1463
3627	1.1445
3628	1.149
3629	1.1472
3630	1.1517
3631	1.1499
3632	1.1544
3633	1.1526
3634	1.1571
3635	1.1553
3636	1.1598
3637	1.158
3638	1.1626
3639	1.1608
3640	1.1653
3641	1.1636
3642	1.1681
3643	1.1664
3644	1.1709
3645	1.1692
3646	1.1736
3647	1.172
3648	1.1749
3649	1.0032
3650	1.001
3651	1.0001
3652	1.0514
3653	1.0503
3654	1.0495
3655	1.0483
3656	1.0475
3657	1.0461
3658	1.0454
3659	1.044
3660	1.0433
3661	1.0419
3662	1.0411
3663	1.0398
3664	1.039
3665	1.0376
3666	1.0368
3667	1.0354
3668	1.0347
3669	1.0334
3670	1.0326
3671	1.0312
3672	1.0304
3673	1.0292
3674	1.0283
3675	1.0268
3676	1.0262
3677	1.0248
3678	1.0241
3679	1.0227
3680	1.0221
3681	1.0208
3682	1.02
3683	1.0185
3684	1.0179
3685	1.0167
3686	1.0159
3687	1.0144
3688	1.0138
3689	1.0124
3690	1.0118
3691	1.0103
3692	1.0098
3693	1.0084
3694	1.0077
3695	1.0063
3696	1.0054
3697	1.0042
3698	1.002
3699	0.94617
3700	0.94346
3701	0.94434
3702	0.99906
3703	0.99783
3704	0.99708
3705	0.99593
3706	0.99512
3707	0.9937
3708	0.99317
3709	0.99191
3710	0.99123
3711	0.98989
3712	0.98931
3713	0.98793
3714	0.98739
3715	0.98603
3716	0.98549
3717	0.98409
3718	0.98361
3719	0.9823
3720	0.98174
3721	0.98026
3722	0.97988
3723	0.97845
3724	0.97804
3725	0.97671
3726	0.97621
3727	0.97474
3728	0.9744
3729	0.97298
3730	0.97261
3731	0.97099
3732	0.97084
3733	0.96931
3734	0.96909
3735	0.96744
3736	0.96736
3737	0.96589
3738	0.96565
3739	0.96407
3740	0.96396
3741	0.96245
3742	0.9623
3743	0.96067
3744	0.96067
3745	0.95893
3746	0.95907
3747	0.95737
3748	0.95749
3749	0.95577
3750	0.95595
3751	0.95414
3752	0.95444
3753	0.95262
3754	0.95296
3755	0.95111
3756	0.95153
3757	0.94966
3758	0.95014
3759	0.9482
3760	0.94878
3761	0.94673
3762	0.94746
3763	0.9455
3764	0.94498
3765	0.81495
3766	0.81104
3767	0.81135
3768	0.81888
3769	0.81534
3770	0.82283
3771	0.81924
3772	0.82677
3773	0.82319
3774	0.83072
3775	0.82711
3776	0.83468
3777	0.83109
3778	0.83864
3779	0.83502
3780	0.84261
3781	0.83908
3782	0.84658
3783	0.84292
3784	0.85056
3785	0.84697
3786	0.85454
3787	0.85088
3788	0.85852
3789	0.85488
3790	0.86251
3791	0.85886
3792	0.86651
3793	0.86291
3794	0.87051
3795	0.86682
3796	0.87451
3797	0.87091
3798	0.87852
3799	0.87484
3800	0.88254
3801	0.87887
3802	0.88656
3803	0.88288
3804	0.89058
3805	0.88699
3806	0.89461
3807	0.89095
3808	0.89864
3809	0.89503
3810	0.90268
3811	0.89902
3812	0.90672
3813	0.90312
3814	0.91077
3815	0.90715
3816	0.91482
3817	0.91121
3818	0.91888
3819	0.91522
3820	0.92294
3821	0.9194
3822	0.92702
3823	0.92345
3824	0.93111
3825	0.92737
3826	0.93521
3827	0.93167
3828	0.93932
3829	0.93605
3830	0.94021
3831	0.43118
3832	0.42859
3833	0.43123
3834	0.4284
3835	0.43133
3836	0.42869
3837	0.43148
3838	0.42873
3839	0.43168
3840	0.42917
3841	0.43193
3842	0.4293
3843	0.43222
3844	0.42965
3845	0.43257
3846	0.42994
3847	0.43297
3848	0.43015
3849	0.43341
3850	0.43057
3851	0.4339
3852	0.43109
3853	0.43445
3854	0.43159
3855	0.43504
3856	0.4323
3857	0.43568
3858	0.43275
3859	0.43636
3860	0.4334
3861	0.4371
3862	0.4341
3863	0.43788
3864	0.43492
3865	0.43871
3866	0.43565
3867	0.43959
3868	0.43659
3869	0.44051
3870	0.43741
3871	0.44148
3872	0.43845
3873	0.4425
3874	0.43937
3875	0.44356
3876	0.4405
3877	0.44467
3878	0.44151
3879	0.44582
3880	0.44274
3881	0.44702
3882	0.44378
3883	0.44826
3884	0.4451
3885	0.44955
3886	0.4463
3887	0.45088
3888	0.44768
3889	0.45226
3890	0.44897
3891	0.45367
3892	0.45047
3893	0.45513
3894	0.4518
3895	0.45664
3896	0.45334
3897	0.45818
3898	0.45487
3899	0.45976
3900	0.4565
3901	0.46139
3902	0.458
3903	0.46306
3904	0.45972
3905	0.46477
3906	0.46136
3907	0.46651
3908	0.46318
3909	0.4683
3910	0.46489
3911	0.47012
3912	0.46676
3913	0.47199
3914	0.46848
3915	0.47389
3916	0.47042
3917	0.47583
3918	0.47236
3919	0.4778
3920	0.47446
3921	0.47981
3922	0.47631
3923	0.48186
3924	0.47841
3925	0.48395
3926	0.48046
3927	0.48606
3928	0.48271
3929	0.48822
3930	0.4847
3931	0.49041
3932	0.48693
3933	0.49263
3934	0.48899
3935	0.49488
3936	0.49127
3937	0.49717
3938	0.49359
3939	0.49949
3940	0.49585
3941	0.50184
3942	0.49823
3943	0.50423
3944	0.50069
3945	0.50664
3946	0.503
3947	0.50909
3948	0.50543
3949	0.51156
3950	0.50786
3951	0.51407
3952	0.5105
3953	0.5166
3954	0.51287
3955	0.51917
3956	0.51551
3957	0.52176
3958	0.51803
3959	0.52438
3960	0.52076
3961	0.52703
3962	0.52327
3963	0.52971
3964	0.52599
3965	0.53241
3966	0.52868
3967	0.53514
3968	0.5315
3969	0.53789
3970	0.53414
3971	0.54067
3972	0.53699
3973	0.54348
3974	0.53975
3975	0.54631
3976	0.5426
3977	0.54916
3978	0.5453
3979	0.55204
3980	0.5482
3981	0.55495
3982	0.55113
3983	0.55787
3984	0.55416
3985	0.56082
3986	0.55716
3987	0.5638
3988	0.56016
3989	0.56679
3990	0.56316
3991	0.56981
3992	0.56621
3993	0.57284
3994	0.56922
3995	0.5759
3996	0.57238
3997	0.57898
3998	0.57544
3999	0.58208
4000	0.5787
4001	0.58521
4002	0.58167
4003	0.58835
4004	0.58493
4005	0.59151
4006	0.58795
4007	0.59469
4008	0.59118
4009	0.59789
4010	0.59431
4011	0.6011
4012	0.59759
4013	0.60434
4014	0.60075
4015	0.6076
4016	0.60402
4017	0.61087
4018	0.60727
4019	0.61416
4020	0.61068
4021	0.61746
4022	0.61391
4023	0.62079
4024	0.61724
4025	0.62413
4026	0.62048
4027	0.62749
4028	0.62392
4029	0.63086
4030	0.62719
4031	0.63425
4032	0.63069
4033	0.63765
4034	0.63404
4035	0.64107
4036	0.63756
4037	0.64451
4038	0.64084
4039	0.64796
4040	0.64438
4041	0.65142
4042	0.64782
4043	0.6549
4044	0.65131
4045	0.65839
4046	0.65477
4047	0.6619
4048	0.65833
4049	0.66542
4050	0.66184
4051	0.66896
4052	0.66538
4053	0.6725
4054	0.66889
4055	0.67606
4056	0.67252
4057	0.67963
4058	0.67603
4059	0.68322
4060	0.67968
4061	0.68682
4062	0.6832
4063	0.69043
4064	0.68685
4065	0.69405
4066	0.69042
4067	0.69768
4068	0.69417
4069	0.70132
4070	0.69771
4071	0.70498
4072	0.70143
4073	0.70865
4074	0.70506
4075	0.71232
4076	0.70877
4077	0.71601
4078	0.71233
4079	0.71971
4080	0.71616
4081	0.72342
4082	0.71983
4083	0.72713
4084	0.72359
4085	0.73086
4086	0.72726
4087	0.7346
4088	0.73105
4089	0.73834
4090	0.73475
4091	0.7421
4092	0.73852
4093	0.74586
4094	0.74226
4095	0.74964
4096	0.74609
4097	0.75342
4098	0.7498
4099	0.75721
4100	0.75365
4101	0.76101
4102	0.7574
4103	0.76481
4104	0.76125
4105	0.76863
4106	0.76503
4107	0.77245
4108	0.76889
4109	0.77628
4110	0.77268
4111	0.78011
4112	0.77662
4113	0.78395
4114	0.78033
4115	0.7878
4116	0.78427
4117	0.79166
4118	0.78808
4119	0.79552
4120	0.79201
4121	0.79939
4122	0.79582
4123	0.80327
4124	0.79978
4125	0.80715
4126	0.80359
4127	0.80751
4128	0.39708
4129	0.3947
4130	0.42326
4131	0.42579
4132	0.4176
4133	0.42006
4134	0.41195
4135	0.41478
4136	0.40672
4137	0.40953
4138	0.40184
4139	0.40455
4140	0.39971
4141	0.79168
4142	0.79561
4143	0.79534
4144	0.39476
4145	0.39735
4146	0.39486
4147	0.39735
4148	0.39502
4149	0.39748
4150	0.39524
4151	0.39789
4152	0.3955
4153	0.39808
4154	0.39582
4155	0.39846
4156	0.3962
4157	0.39882
4158	0.39662
4159	0.39891
4160	0.3971
4161	0.39956
4162	0.39763
4163	0.39986
4164	0.39822
4165	0.40056
4166	0.39885
4167	0.40119
4168	0.39954
4169	0.40196
4170	0.40028
4171	0.40259
4172	0.40107
4173	0.40338
4174	0.40191
4175	0.40413
4176	0.4028
4177	0.40511
4178	0.40375
4179	0.4059
4180	0.40474
4181	0.4069
4182	0.40578
4183	0.4079
4184	0.40687
4185	0.40898
4186	0.40801
4187	0.41
4188	0.4092
4189	0.41122
4190	0.41044
4191	0.41219
4192	0.41172
4193	0.41379
4194	0.41305
4195	0.41497
4196	0.41443
4197	0.4164
4198	0.41586
4199	0.4177
4200	0.41733
4201	0.4192
4202	0.41884
4203	0.42063
4204	0.4204
4205	0.42228
4206	0.42201
4207	0.42373
4208	0.42365
4209	0.42542
4210	0.42535
4211	0.42709
4212	0.42708
4213	0.42901
4214	0.42886
4215	0.43056
4216	0.43068
4217	0.4324
4218	0.43254
4219	0.43416
4220	0.43444
4221	0.43612
4222	0.43638
4223	0.43795
4224	0.43836
4225	0.4399
4226	0.44038
4227	0.44177
4228	0.44244
4229	0.44392
4230	0.44453
4231	0.44601
4232	0.44667
4233	0.44813
4234	0.44884
4235	0.45027
4236	0.45104
4237	0.45247
4238	0.45329
4239	0.45457
4240	0.45556
4241	0.4569
4242	0.45788
4243	0.45905
4244	0.46023
4245	0.46165
4246	0.46261
4247	0.46389
4248	0.46502
4249	0.46608
4250	0.46747
4251	0.46867
4252	0.46995
4253	0.47123
4254	0.47246
4255	0.47359
4256	0.475
4257	0.47618
4258	0.47758
4259	0.47872
4260	0.48018
4261	0.48139
4262	0.48282
4263	0.48389
4264	0.48548
4265	0.48659
4266	0.48817
4267	0.48918
4268	0.49089
4269	0.49193
4270	0.49364
4271	0.49456
4272	0.49642
4273	0.49744
4274	0.49922
4275	0.50019
4276	0.50205
4277	0.50301
4278	0.5049
4279	0.50572
4280	0.50778
4281	0.50866
4282	0.51069
4283	0.51151
4284	0.51362
4285	0.51439
4286	0.51658
4287	0.51742
4288	0.51956
4289	0.5203
4290	0.52256
4291	0.52312
4292	0.52559
4293	0.52609
4294	0.52864
4295	0.52893
4296	0.53171
4297	0.53222
4298	0.5348
4299	0.53531
4300	0.53792
4301	0.53839
4302	0.54105
4303	0.54155
4304	0.54421
4305	0.54468
4306	0.54739
4307	0.54785
4308	0.55059
4309	0.55094
4310	0.5538
4311	0.55423
4312	0.55704
4313	0.55734
4314	0.5603
4315	0.56067
4316	0.56357
4317	0.56392
4318	0.56687
4319	0.56726
4320	0.57018
4321	0.57044
4322	0.57351
4323	0.57384
4324	0.57686
4325	0.57712
4326	0.58022
4327	0.58058
4328	0.5836
4329	0.58383
4330	0.587
4331	0.58732
4332	0.59041
4333	0.5906
4334	0.59384
4335	0.59405
4336	0.59729
4337	0.59739
4338	0.60075
4339	0.60092
4340	0.60423
4341	0.60426
4342	0.60772
4343	0.60785
4344	0.61122
4345	0.61123
4346	0.61474
4347	0.61487
4348	0.61827
4349	0.61825
4350	0.62182
4351	0.62191
4352	0.62538
4353	0.62535
4354	0.62896
4355	0.62901
4356	0.63254
4357	0.63253
4358	0.63614
4359	0.63618
4360	0.63975
4361	0.63965
4362	0.64338
4363	0.64338
4364	0.64701
4365	0.6469
4366	0.65066
4367	0.65061
4368	0.65432
4369	0.65423
4370	0.65799
4371	0.65792
4372	0.66167
4373	0.66151
4374	0.66536
4375	0.66526
4376	0.66906
4377	0.66889
4378	0.67277
4379	0.67267
4380	0.67649
4381	0.67635
4382	0.68022
4383	0.6801
4384	0.68396
4385	0.68376
4386	0.68771
4387	0.68762
4388	0.69147
4389	0.69126
4390	0.69523
4391	0.69507
4392	0.69901
4393	0.69881
4394	0.70279
4395	0.7026
4396	0.70659
4397	0.70637
4398	0.71038
4399	0.71017
4400	0.71419
4401	0.71393
4402	0.71801
4403	0.71783
4404	0.72183
4405	0.72158
4406	0.72566
4407	0.72542
4408	0.72949
4409	0.72923
4410	0.73333
4411	0.7331
4412	0.73718
4413	0.73689
4414	0.74104
4415	0.74077
4416	0.7449
4417	0.74463
4418	0.74877
4419	0.74857
4420	0.75264
4421	0.75238
4422	0.75652
4423	0.75635
4424	0.76041
4425	0.76007
4426	0.7643
4427	0.76402
4428	0.76819
4429	0.76785
4430	0.77209
4431	0.77183
4432	0.776
4433	0.77565
4434	0.77991
4435	0.77966
4436	0.78383
4437	0.78348
4438	0.78775
4439	0.78746
4440	0.79135
4441	0.9129
4442	0.91581
4443	0.91643
4444	0.79955
4445	0.7992
4446	0.80349
4447	0.80318
4448	0.80744
4449	0.8071
4450	0.81139
4451	0.81107
4452	0.81535
4453	0.81502
4454	0.81932
4455	0.81901
4456	0.82329
4457	0.82294
4458	0.82727
4459	0.82692
4460	0.83125
4461	0.83089
4462	0.83524
4463	0.83489
4464	0.83924
4465	0.83884
4466	0.84324
4467	0.84294
4468	0.84726
4469	0.84688
4470	0.85128
4471	0.85089
4472	0.8553
4473	0.85484
4474	0.85934
4475	0.85899
4476	0.86339
4477	0.86299
4478	0.86744
4479	0.86706
4480	0.87151
4481	0.87105
4482	0.87559
4483	0.87521
4484	0.87968
4485	0.87926
4486	0.88378
4487	0.88337
4488	0.88789
4489	0.88748
4490	0.89202
4491	0.89163
4492	0.89616
4493	0.89576
4494	0.90032
4495	0.89994
4496	0.90449
4497	0.90413
4498	0.90868
4499	0.90838
4500	0.91247
4501	0.96807
4502	0.96995
4503	0.97139
4504	0.96607
4505	0.96917
4506	0.96408
4507	0.96738
4508	0.96211
4509	0.96534
4510	0.96014
4511	0.96356
4512	0.95818
4513	0.96148
4514	0.95624
4515	0.95954
4516	0.95431
4517	0.95753
4518	0.95238
4519	0.95575
4520	0.95047
4521	0.95381
4522	0.94857
4523	0.95194
4524	0.94669
4525	0.94999
4526	0.94481
4527	0.94816
4528	0.94296
4529	0.9462
4530	0.94111
4531	0.94442
4532	0.93928
4533	0.9426
4534	0.93747
4535	0.94077
4536	0.93567
4537	0.93876
4538	0.9339
4539	0.93718
4540	0.93214
4541	0.93526
4542	0.9304
4543	0.93367
4544	0.92868
4545	0.93196
4546	0.92699
4547	0.93023
4548	0.92531
4549	0.9285
4550	0.92367
4551	0.92678
4552	0.92205
4553	0.92513
4554	0.92045
4555	0.92339
4556	0.91889
4557	0.92186
4558	0.91735
4559	0.92026
4560	0.91849
4561	1.0213
4562	1.0228
4563	1.0238
4564	1.0197
4565	1.0222
4566	1.0178
4567	1.0206
4568	1.0158
4569	1.0188
4570	1.0137
4571	1.0172
4572	1.0116
4573	1.0151
4574	1.0094
4575	1.013
4576	1.0072
4577	1.0107
4578	1.005
4579	1.0085
4580	1.0029
4581	1.0062
4582	1.0007
4583	1.0042
4584	0.9985
4585	1.0019
4586	0.99634
4587	0.99986
4588	0.99419
4589	0.99764
4590	0.99205
4591	0.99564
4592	0.98993
4593	0.99344
4594	0.98781
4595	0.9913
4596	0.98571
4597	0.98918
4598	0.98361
4599	0.98725
4600	0.98153
4601	0.98491
4602	0.97945
4603	0.98322
4604	0.97739
4605	0.9809
4606	0.97539
4607	0.9789
4608	0.97351
4609	0.97704
4610	0.97171
4611	0.97512
4612	0.97355
4613	1.1735
4614	1.1761
4615	1.175
4616	1.0242
4617	1.0251
4618	1.0257
4619	1.0265
4620	1.0272
4621	1.028
4622	1.0287
4623	1.0295
4624	1.0303
4625	1.031
4626	1.0319
4627	1.0326
4628	1.0335
4629	1.0342
4630	1.0352
4631	1.0358
4632	1.0369
4633	1.0375
4634	1.0386
4635	1.0391
4636	1.0404
4637	1.0408
4638	1.0422
4639	1.0426
4640	1.044
4641	1.0444
4642	1.0459
4643	1.0462
4644	1.0478
4645	1.0481
4646	1.0497
4647	1.05
4648	1.0517
4649	1.052
4650	1.0537
4651	1.0539
4652	1.0557
4653	1.0559
4654	1.0577
4655	1.0579
4656	1.0598
4657	1.0599
4658	1.0619
4659	1.062
4660	1.064
4661	1.0641
4662	1.0662
4663	1.0662
4664	1.0684
4665	1.0684
4666	1.0706
4667	1.0706
4668	1.0728
4669	1.0728
4670	1.0751
4671	1.0751
4672	1.0774
4673	1.0773
4674	1.0797
4675	1.0796
4676	1.082
4677	1.0819
4678	1.0844
4679	1.0842
4680	1.0867
4681	1.0865
4682	1.0891
4683	1.0889
4684	1.0916
4685	1.0912
4686	1.094
4687	1.0936
4688	1.0965
4689	1.0961
4690	1.0989
4691	1.0985
4692	1.1014
4693	1.101
4694	1.1039
4695	1.1035
4696	1.1065
4697	1.106
4698	1.109
4699	1.1085
4700	1.1116
4701	1.111
4702	1.1142
4703	1.1136
4704	1.1168
4705	1.1161
4706	1.1194
4707	1.1187
4708	1.122
4709	1.1213
4710	1.1246
4711	1.1239
4712	1.1273
4713	1.1265
4714	1.1299
4715	1.1291
4716	1.1326
4717	1.1318
4718	1.1353
4719	1.1345
4720	1.1379
4721	1.1371
4722	1.1406
4723	1.1398
4724	1.1433
4725	1.1424
4726	1.1461
4727	1.1451
4728	1.1488
4729	1.1478
4730	1.1515
4731	1.1505
4732	1.1542
4733	1.1532
4734	1.157
4735	1.1559
4736	1.1597
4737	1.1586
4738	1.1625
4739	1.1614
4740	1.1652
4741	1.1641
4742	1.168
4743	1.1668
4744	1.1707
4745	1.1696
4746	1.1723
4747	1.1837
4748	1.1866
4749	1.1854
4750	1.1786
4751	1.1776
4752	1.1812
4753	1.1801
4754	1.1827
4755	1.7027
4756	1.7051
4757	1.1899
4758	1.1885
4759	1.1936
4760	1.1919
4761	1.1977
4762	1.1957
4763	1.2019
4764	1.1998
4765	1.2062
4766	1.2041
4767	1.2107
4768	1.2084
4769	1.2152
4770	1.2129
4771	1.2197
4772	1.2172
4773	1.2242
4774	1.2218
4775	1.2287
4776	1.2262
4777	1.2332
4778	1.2308
4779	1.2378
4780	1.2353
4781	1.2423
4782	1.2398
4783	1.2469
4784	1.2444
4785	1.2514
4786	1.2489
4787	1.2559
4788	1.2535
4789	1.2605
4790	1.258
4791	1.265
4792	1.2625
4793	1.2696
4794	1.267
4795	1.2741
4796	1.2716
4797	1.2787
4798	1.2761
4799	1.2832
4800	1.2807
4801	1.2877
4802	1.2852
4803	1.2923
4804	1.2897
4805	1.2968
4806	1.2943
4807	1.3013
4808	1.2988
4809	1.3059
4810	1.3034
4811	1.3104
4812	1.3079
4813	1.315
4814	1.3125
4815	1.3195
4816	1.317
4817	1.324
4818	1.3215
4819	1.3286
4820	1.326
4821	1.3331
4822	1.3306
4823	1.3376
4824	1.3351
4825	1.3422
4826	1.3396
4827	1.3467
4828	1.3442
4829	1.3512
4830	1.3487
4831	1.3557
4832	1.3533
4833	1.3603
4834	1.3578
4835	1.3648
4836	1.3623
4837	1.3693
4838	1.3668
4839	1.3739
4840	1.3714
4841	1.3784
4842	1.3759
4843	1.3829
4844	1.3804
4845	1.3875
4846	1.3849
4847	1.392
4848	1.3895
4849	1.3965
4850	1.394
4851	1.401
4852	1.3985
4853	1.4056
4854	1.4031
4855	1.4101
4856	1.4076
4857	1.4146
4858	1.4121
4859	1.4191
4860	1.4166
4861	1.4237
4862	1.4211
4863	1.4282
4864	1.4257
4865	1.4327
4866	1.4302
4867	1.4372
4868	1.4347
4869	1.4417
4870	1.4393
4871	1.4463
4872	1.4438
4873	1.4508
4874	1.4483
4875	1.4553
4876	1.4528
4877	1.4598
4878	1.4573
4879	1.4644
4880	1.4619
4881	1.4689
4882	1.4664
4883	1.4734
4884	1.4709
4885	1.4779
4886	1.4754
4887	1.4824
4888	1.48
4889	1.487
4890	1.4845
4891	1.4915
4892	1.489
4893	1.496
4894	1.4935
4895	1.5005
4896	1.4981
4897	1.505
4898	1.5026
4899	1.5096
4900	1.5071
4901	1.5141
4902	1.5116
4903	1.5186
4904	1.5161
4905	1.5231
4906	1.5207
4907	1.5276
4908	1.5252
4909	1.5322
4910	1.5297
4911	1.5367
4912	1.5343
4913	1.5412
4914	1.5388
4915	1.5457
4916	1.5433
4917	1.5502
4918	1.5478
4919	1.5548
4920	1.5523
4921	1.5593
4922	1.5568
4923	1.5638
4924	1.5614
4925	1.5683
4926	1.5659
4927	1.5729
4928	1.5704
4929	1.5774
4930	1.5749
4931	1.5819
4932	1.5794
4933	1.5864
4934	1.584
4935	1.5909
4936	1.5885
4937	1.5955
4938	1.593
4939	1.6
4940	1.5975
4941	1.6045
4942	1.6021
4943	1.609
4944	1.6066
4945	1.6135
4946	1.6111
4947	1.6181
4948	1.6157
4949	1.6226
4950	1.6201
4951	1.6271
4952	1.6246
4953	1.6316
4954	1.6292
4955	1.6362
4956	1.6337
4957	1.6407
4958	1.6382
4959	1.6452
4960	1.6427
4961	1.6497
4962	1.6473
4963	1.6542
4964	1.6518
4965	1.6588
4966	1.6563
4967	1.6633
4968	1.6608
4969	1.6678
4970	1.6653
4971	1.6723
4972	1.6699
4973	1.6769
4974	1.6744
4975	1.6814
4976	1.6789
4977	1.6859
4978	1.6834
4979	1.6903
4980	1.6879
4981	1.6946
4982	1.6924
4983	1.6987
4984	1.6966
4985	1.7009
4986	1.7105
4987	1.7089
4988	1.7059
4989	1.7033
4990	1.7068
4991	1.704
4992	1.7078
4993	1.7048
4994	1.7087
4995	1.7055
4996	1.7096
4997	1.706
4998	1.7072
4999	1.1859
5000	1.1843
5001	1.1897
5002	1.188
5003	1.1938
5004	1.192
5005	1.1981
5006	1.1962
5007	1.2026
5008	1.2006
5009	1.207
5010	1.205
5011	1.2116
5012	1.2095
5013	1.2161
5014	1.214
5015	1.2207
5016	1.2186
5017	1.2253
5018	1.2232
5019	1.2298
5020	1.2277
5021	1.2344
5022	1.2323
5023	1.2389
5024	1.2368
5025	1.2435
5026	1.2414
5027	1.248
5028	1.2459
5029	1.2526
5030	1.2505
5031	1.2571
5032	1.255
5033	1.2617
5034	1.2596
5035	1.2662
5036	1.2641
5037	1.2708
5038	1.2687
5039	1.2753
5040	1.2732
5041	1.2798
5042	1.2778
5043	1.2844
5044	1.2823
5045	1.2889
5046	1.2868
5047	1.2934
5048	1.2914
5049	1.298
5050	1.2959
5051	1.3025
5052	1.3004
5053	1.307
5054	1.305
5055	1.3116
5056	1.3095
5057	1.3161
5058	1.3141
5059	1.3206
5060	1.3186
5061	1.3252
5062	1.3231
5063	1.3297
5064	1.3277
5065	1.3342
5066	1.3322
5067	1.3388
5068	1.3367
5069	1.3433
5070	1.3413
5071	1.3478
5072	1.3458
5073	1.3524
5074	1.3503
5075	1.3569
5076	1.3549
5077	1.3614
5078	1.3594
5079	1.366
5080	1.3639
5081	1.3705
5082	1.3685
5083	1.375
5084	1.373
5085	1.3796
5086	1.3775
5087	1.3841
5088	1.3821
5089	1.3886
5090	1.3866
5091	1.3932
5092	1.3911
5093	1.3977
5094	1.3957
5095	1.4022
5096	1.4002
5097	1.4068
5098	1.4047
5099	1.4113
5100	1.4093
5101	1.4159
5102	1.4138
5103	1.4204
5104	1.4183
5105	1.4249
5106	1.4229
5107	1.4295
5108	1.4274
5109	1.434
5110	1.4319
5111	1.4385
5112	1.4365
5113	1.4431
5114	1.441
5115	1.4476
5116	1.4455
5117	1.4521
5118	1.4501
5119	1.4567
5120	1.4546
5121	1.4612
5122	1.4592
5123	1.4657
5124	1.4636
5125	1.4702
5126	1.4682
5127	1.4748
5128	1.4727
5129	1.4793
5130	1.4772
5131	1.4838
5132	1.4818
5133	1.4884
5134	1.4863
5135	1.4929
5136	1.4908
5137	1.4974
5138	1.4954
5139	1.502
5140	1.4999
5141	1.5065
5142	1.5044
5143	1.511
5144	1.509
5145	1.5156
5146	1.5135
5147	1.5201
5148	1.518
5149	1.5246
5150	1.5225
5151	1.5291
5152	1.527
5153	1.5337
5154	1.5316
5155	1.5382
5156	1.5361
5157	1.5427
5158	1.5407
5159	1.5473
5160	1.5452
5161	1.5518
5162	1.5497
5163	1.5563
5164	1.5542
5165	1.5609
5166	1.5588
5167	1.5654
5168	1.5633
5169	1.5699
5170	1.5678
5171	1.5744
5172	1.5724
5173	1.579
5174	1.5769
5175	1.5835
5176	1.5814
5177	1.588
5178	1.586
5179	1.5926
5180	1.5905
5181	1.5971
5182	1.595
5183	1.6016
5184	1.5995
5185	1.6061
5186	1.6041
5187	1.6107
5188	1.6086
5189	1.6152
5190	1.6131
5191	1.6197
5192	1.6177
5193	1.6242
5194	1.6222
5195	1.6287
5196	1.6267
5197	1.6333
5198	1.6312
5199	1.6378
5200	1.6357
5201	1.6423
5202	1.6402
5203	1.6468
5204	1.6447
5205	1.6514
5206	1.6492
5207	1.6559
5208	1.6538
5209	1.6604
5210	1.6583
5211	1.6649
5212	1.6629
5213	1.6694
5214	1.6674
5215	1.674
5216	1.6719
5217	1.6785
5218	1.6765
5219	1.683
5220	1.681
5221	1.6875
5222	1.6856
5223	1.692
5224	1.6902
5225	1.6965
5226	1.6947
5227	1.7007
5228	1.6989
5229	1.7048
5230	1.7036
5231	1.7056
5232	1.1715
5233	1.1685
5234	1.1703
5235	1.1698
5236	1.1578
5237	1.1573
5238	1.1587
5239	1.1561
5240	1.1488
5241	1.1492
5242	1.1476
5243	1.1504
5244	1.1215
5245	1.1215
5246	1.1228
5247	1.1233
5248	1.1195
5249	1.0623
5250	1.0628
5251	1.0598
5252	1.0604
5253	1.0547
5254	1.0577
5255	1.0556
5256	1.0581
5257	1.048
5258	1.0488
5259	1.0455
5260	1.0463
5261	1.0498
5262	1.0506
5263	1.0472
5264	1.1728
5265	1.1723
5266	1.1711
5267	1.1741
5268	1.165
5269	1.1669
5270	1.1664
5271	1.1681
5272	1.1637
5273	1.1632
5274	1.1617
5275	1.1483
5276	1.1472
5277	1.15
5278	1.136
5279	1.1379
5280	1.1375
5281	1.1391
5282	1.1325
5283	1.1347
5284	1.1346
5285	1.1335
5286	1.1292
5287	1.1314
5288	1.1306
5289	1.1295
5290	1.1268
5291	1.1259
5292	1.1263
5293	1.1285
5294	1.1209
5295	1.1227
5296	1.1198
5297	1.1148
5298	1.113
5299	1.1157
5300	1.1125
5301	1.1067
5302	1.109
5303	1.1074
5304	1.1096
5305	1.1062
5306	1.1037
5307	1.1047
5308	1.0974
5309	1.0958
5310	1.0948
5311	1.0978
5312	1.095
5313	1.0901
5314	1.0923
5315	1.0902
5316	1.0925
5317	1.0901
5318	1.088
5319	1.0879
5320	1.0831
5321	1.0814
5322	1.0836
5323	1.0809
5324	1.0747
5325	1.0771
5326	1.0748
5327	1.0758
5328	1.0778
5329	1.0744
5330	1.0725
5331	1.0717
5332	1.0716
5333	1.0646
5334	1.0619
5335	1.0643
5336	1.0562
5337	1.0579
5338	1.0561
5339	1.0585
5340	1.0518
5341	1.0545
5342	1.052
5343	1.0507
5344	1.0524
5345	1.0489
5346	1.044
5347	1.0405
5348	1.043
5349	1.0415
5350	1.041
5351	1.0387
5352	1.0375
5353	1.04
5354	1.184
5355	1.1821
5356	1.1825
5357	1.1806
5358	1.1734
5359	1.1746
5360	1.1879
5361	1.1857
5362	1.1844
5363	1.1867
5364	1.1674
5365	1.1655
5366	1.1596
5367	1.1614
5368	1.1625
5369	1.1605
5370	1.1567
5371	1.1556
5372	1.1538
5373	1.155
5374	1.1585
5375	1.1481
5376	1.1499
5377	1.151
5378	1.1471
5379	1.1464
5380	1.1453
5381	1.1367
5382	1.1388
5383	1.1397
5384	1.1337
5385	1.1328
5386	1.1307
5387	1.1357
5388	1.1273
5389	1.1253
5390	1.1258
5391	1.1279
5392	1.122
5393	1.1227
5394	1.12
5395	1.114
5396	1.1163
5397	1.117
5398	1.1112
5399	1.1084
5400	1.1107
5401	1.1134
5402	1.1118
5403	1.1055
5404	1.1049
5405	1.103
5406	1.1027
5407	1.1078
5408	1.0997
5409	1.0973
5410	1.1
5411	1.0923
5412	1.0947
5413	1.0947
5414	1.0901
5415	1.0879
5416	1.0902
5417	1.088
5418	1.0924
5419	1.0853
5420	1.0872
5421	1.0858
5422	1.0882
5423	1.0824
5424	1.0845
5425	1.0768
5426	1.0741
5427	1.0766
5428	1.0792
5429	1.0796
5430	1.0716
5431	1.0719
5432	1.0693
5433	1.0691
5434	1.0741
5435	1.0714
5436	1.0651
5437	1.0675
5438	1.067
5439	1.0635
5440	1.0619
5441	1.0641
5442	1.0612
5443	1.0657
5444	1.0623
5445	1.0599
5446	1.0603
5447	1.0551
5448	1.0532
5449	1.0556
5450	1.0577
5451	1.0575
5452	1.0514
5453	1.0521
5454	1.0496
5455	1.0539
5456	1.0464
5457	1.0488
5458	1.0479
5459	1.0455
5460	1.0449
5461	1.0434
5462	1.0457
5463	1.0424
5464	1.0473
5465	1.0421
5466	1.0398
5467	1.043
5468	1.0418
5469	1.0443
5470	1.0361
5471	1.0382
5472	1.1897
5473	1.1907
5474	1.1915
5475	1.1875
5476	1.1883
5477	1.1907
5478	1.1913
5479	1.1837
5480	1.1849
5481	1.1803
5482	1.1817
5483	1.1785
5484	1.1769
5485	1.1788
5486	1.1715
5487	1.1736
5488	1.1705
5489	1.1659
5490	1.1646
5491	1.1676
5492	1.16
5493	1.1616
5494	1.1586
5495	1.16
5496	1.1495
5497	1.1504
5498	1.1523
5499	1.1511
5500	1.1468
5501	1.1477
5502	1.1451
5503	1.1456
5504	1.144
5505	1.1361
5506	1.1372
5507	1.1388
5508	1.1338
5509	1.1346
5510	1.1316
5511	1.1322
5512	1.1294
5513	1.13
5514	1.1272
5515	1.1277
5516	1.1253
5517	1.1246
5518	1.1193
5519	1.1199
5520	1.1219
5521	1.117
5522	1.1174
5523	1.1182
5524	1.1152
5525	1.1152
5526	1.1171
5527	1.1133
5528	1.1135
5529	1.1159
5530	1.1111
5531	1.1107
5532	1.1059
5533	1.108
5534	1.1054
5535	1.1009
5536	1.1018
5537	1.1028
5538	1.1006
5539	1.0964
5540	1.0966
5541	1.0984
5542	1.0986
5543	1.0943
5544	1.0944
5545	1.0924
5546	1.0924
5547	1.088
5548	1.0881
5549	1.0903
5550	1.0859
5551	1.0859
5552	1.0837
5553	1.0837
5554	1.0858
5555	1.0793
5556	1.0815
5557	1.0791
5558	1.0726
5559	1.0726
5560	1.0745
5561	1.0707
5562	1.0709
5563	1.0669
5564	1.0691
5565	1.069
5566	1.0673
5567	1.0635
5568	1.0637
5569	1.0663
5570	1.0657
5571	1.0594
5572	1.0616
5573	1.0594
5574	1.0544
5575	1.0535
5576	1.0539
5577	1.0566
5578	1.0498
5579	1.0501
5580	1.0493
5581	1.052
5582	1.0529
5583	1.0478
5584	1.0472
5585	1.0466
5586	1.0463
5587	1.0453
5588	1.0446
5589	1.0438
5590	1.0429
5591	1.0421
5592	1.0404
5593	1.0437
5594	1.0412
5595	1.0373
5596	1.0378
5597	1.0396
5598	1.0349
5599	1.0342
5600	1.0363
5601	1.0339
5602	1.0326
5603	1.032
5604	1.036
5605	1.0316
5606	1.034
5607	1.1834
5608	1.1812
5609	0.93443
5610	0.93584
5611	0.93103
5612	0.93181
5613	1.6874
5614	1.6899
5615	1.6874
5616	1.6849
5617	1.6851
5618	1.6898
5619	1.6871
5620	1.6803
5621	1.6752
5622	1.6778
5623	1.6775
5624	1.6824
5625	1.6827
5626	1.6705
5627	1.666
5628	1.6685
5629	1.6681
5630	1.6726
5631	1.673
5632	1.6614
5633	1.6569
5634	1.6594
5635	1.659
5636	1.6635
5637	1.6639
5638	1.6524
5639	1.6479
5640	1.6504
5641	1.65
5642	1.6545
5643	1.6549
5644	1.6434
5645	1.6389
5646	1.6413
5647	1.6409
5648	1.6454
5649	1.6459
5650	1.6343
5651	1.6298
5652	1.6323
5653	1.6319
5654	1.6364
5655	1.6368
5656	1.6253
5657	1.6233
5658	1.6229
5659	1.6208
5660	1.6274
5661	1.6278
5662	1.6118
5663	1.6143
5664	1.6138
5665	1.6163
5666	1.6072
5667	1.6027
5668	1.6053
5669	1.6048
5670	1.6093
5671	1.6097
5672	1.5982
5673	1.5937
5674	1.5962
5675	1.5957
5676	1.6007
5677	1.6002
5678	1.5892
5679	1.5847
5680	1.5872
5681	1.5867
5682	1.5917
5683	1.5912
5684	1.5801
5685	1.5781
5686	1.5777
5687	1.5756
5688	1.5822
5689	1.5826
5690	1.5666
5691	1.5691
5692	1.5686
5693	1.5711
5694	1.562
5695	1.56
5696	1.5595
5697	1.5575
5698	1.5645
5699	1.5641
5700	1.5509
5701	1.5505
5702	1.5484
5703	1.5529
5704	1.5393
5705	1.5418
5706	1.5414
5707	1.5438
5708	1.5348
5709	1.5328
5710	1.5324
5711	1.5303
5712	1.5368
5713	1.5373
5714	1.5213
5715	1.5238
5716	1.5234
5717	1.5258
5718	1.5168
5719	1.5122
5720	1.5148
5721	1.5143
5722	1.5193
5723	1.5188
5724	1.5077
5725	1.5032
5726	1.5057
5727	1.5052
5728	1.5097
5729	1.5102
5730	1.4986
5731	1.4941
5732	1.4966
5733	1.4962
5734	1.5006
5735	1.5011
5736	1.4896
5737	1.4871
5738	1.4851
5739	1.4876
5740	1.4916
5741	1.4921
5742	1.476
5743	1.4785
5744	1.4805
5745	1.4781
5746	1.4715
5747	1.4694
5748	1.4669
5749	1.469
5750	1.4735
5751	1.474
5752	1.4579
5753	1.4604
5754	1.46
5755	1.4624
5756	1.4533
5757	1.4488
5758	1.4513
5759	1.4509
5760	1.4554
5761	1.4559
5762	1.4443
5763	1.4398
5764	1.4423
5765	1.4418
5766	1.4468
5767	1.4463
5768	1.4352
5769	1.4332
5770	1.4328
5771	1.4307
5772	1.4373
5773	1.4377
5774	1.4217
5775	1.4242
5776	1.4262
5777	1.4237
5778	1.4172
5779	1.4126
5780	1.4151
5781	1.4147
5782	1.4192
5783	1.4197
5784	1.4081
5785	1.4036
5786	1.4061
5787	1.4056
5788	1.4106
5789	1.4101
5790	1.399
5791	1.3945
5792	1.397
5793	1.3965
5794	1.401
5795	1.4015
5796	1.3899
5797	1.3854
5798	1.388
5799	1.3875
5800	1.392
5801	1.3924
5802	1.3829
5803	1.3834
5804	1.3809
5805	1.3719
5806	1.3674
5807	1.3699
5808	1.3694
5809	1.3739
5810	1.3744
5811	1.3764
5812	1.3629
5813	1.3583
5814	1.3608
5815	1.3603
5816	1.3654
5817	1.3649
5818	1.3538
5819	1.3492
5820	1.3517
5821	1.3512
5822	1.3563
5823	1.3558
5824	1.3446
5825	1.34
5826	1.3426
5827	1.3421
5828	1.3471
5829	1.3466
5830	1.3355
5831	1.331
5832	1.3335
5833	1.333
5834	1.3375
5835	1.338
5836	1.3265
5837	1.3219
5838	1.3244
5839	1.324
5840	1.3285
5841	1.329
5842	1.3173
5843	1.3128
5844	1.3153
5845	1.3149
5846	1.3194
5847	1.3199
5848	1.3083
5849	1.3038
5850	1.3063
5851	1.3058
5852	1.3104
5853	1.3109
5854	1.2993
5855	1.2947
5856	1.2973
5857	1.2968
5858	1.3013
5859	1.3018
5860	1.2901
5861	1.2881
5862	1.2876
5863	1.2856
5864	1.2922
5865	1.2927
5866	1.2765
5867	1.2791
5868	1.2786
5869	1.281
5870	1.272
5871	1.2675
5872	1.27
5873	1.2695
5874	1.274
5875	1.2745
5876	1.2629
5877	1.2609
5878	1.2604
5879	1.2584
5880	1.265
5881	1.2654
5882	1.2518
5883	1.2513
5884	1.2492
5885	1.2538
5886	1.2402
5887	1.2427
5888	1.2422
5889	1.2447
5890	1.2356
5891	1.2311
5892	1.2336
5893	1.2331
5894	1.2382
5895	1.2377
5896	1.2265
5897	1.222
5898	1.2245
5899	1.224
5900	1.2286
5901	1.2291
5902	1.2174
5903	1.2128
5904	1.2155
5905	1.2149
5906	1.2195
5907	1.22
5908	1.2082
5909	1.2037
5910	1.2064
5911	1.2057
5912	1.2103
5913	1.2109
5914	1.1988
5915	1.1939
5916	1.1973
5917	1.1963
5918	1.1946
5919	1.2012
5920	1.2019
5921	1.192
5922	1.1895
5923	1.1842
5924	1.1857
5925	1.1821
5926	1.1722
5927	1.174
5928	1.1754
5929	1.1691
5930	1.168
5931	1.1662
5932	1.1709
5933	1.1603
5934	1.1621
5935	1.1632
5936	1.1574
5937	1.1563
5938	1.1546
5939	1.1592
5940	1.1489
5941	1.1507
5942	1.1517
5943	1.1461
5944	1.1452
5945	1.1434
5946	1.1444
5947	1.148
5948	1.1378
5949	1.1397
5950	1.1406
5951	1.1349
5952	1.1341
5953	1.132
5954	1.1368
5955	1.1287
5956	1.1293
5957	1.1267
5958	1.1233
5959	1.124
5960	1.1212
5961	1.1156
5962	1.1177
5963	1.1184
5964	1.1129
5965	1.1101
5966	1.1124
5967	1.1151
5968	1.1073
5969	1.1069
5970	1.1047
5971	1.1096
5972	1.1019
5973	1.1022
5974	1.0995
5975	1.0947
5976	1.097
5977	1.0971
5978	1.0925
5979	1.0925
5980	1.0905
5981	1.0947
5982	1.0885
5983	1.0865
5984	1.0886
5985	1.0815
5986	1.0838
5987	1.0819
5988	1.084
5989	1.079
5990	1.079
5991	1.0766
5992	1.0813
5993	1.0746
5994	1.0743
5995	1.0721
5996	1.0663
5997	1.0645
5998	1.0667
5999	1.0685
6000	1.068
6001	1.0626
6002	1.0604
6003	1.0629
6004	1.0602
6005	1.0649
6006	1.0582
6007	1.0587
6008	1.0564
6009	1.0607
6010	1.0528
6011	1.0552
6012	1.0546
6013	1.0512
6014	1.052
6015	1.0496
6016	1.0536
6017	1.0504
6018	1.0466
6019	1.0489
6020	1.0481
6021	1.0452
6022	1.0433
6023	1.0458
6024	1.0474
6025	1.0402
6026	1.0401
6027	1.0363
6028	1.0435
6029	1.0313
6030	1.0298
6031	1.0347
6032	1.0334
6033	1.029
6034	1.0254
6035	1.0303
6036	1.0269
6037	1.0325
6038	1.0277
6039	1.0208
6040	1.0258
6041	1.0224
6042	1.0247
6043	1.0182
6044	1.0166
6045	1.0215
6046	1.0203
6047	1.0161
6048	1.0124
6049	1.0172
6050	1.0138
6051	1.0149
6052	1.0196
6053	1.0081
6054	1.013
6055	1.0097
6056	1.0117
6057	1.0053
6058	1.0039
6059	1.0088
6060	1.0076
6061	1.0032
6062	1.0011
6063	0.99965
6064	1.0044
6065	1.0068
6066	1.002
6067	0.99915
6068	0.99713
6069	0.99562
6070	1.0005
6071	1.0026
6072	0.99791
6073	0.99513
6074	0.99319
6075	0.9917
6076	0.99645
6077	0.99861
6078	0.99375
6079	0.9912
6080	0.98921
6081	0.98784
6082	0.99251
6083	0.98978
6084	0.99471
6085	0.98715
6086	0.98508
6087	0.98359
6088	0.98832
6089	0.98573
6090	0.99068
6091	0.98298
6092	0.98084
6093	0.97942
6094	0.98398
6095	0.98646
6096	0.98174
6097	0.97876
6098	0.97689
6099	0.97537
6100	0.98017
6101	0.98225
6102	0.97755
6103	0.97515
6104	0.97323
6105	0.97183
6106	0.97664
6107	0.97383
6108	0.97846
6109	0.97133
6110	0.96944
6111	0.96806
6112	0.97278
6113	0.97457
6114	0.97009
6115	0.96751
6116	0.96571
6117	0.96417
6118	0.96897
6119	0.96631
6120	0.97068
6121	0.96385
6122	0.96196
6123	0.96043
6124	0.96511
6125	0.96734
6126	0.96248
6127	0.96004
6128	0.95824
6129	0.9567
6130	0.96149
6131	0.96363
6132	0.95873
6133	0.95653
6134	0.9532
6135	0.9579
6136	0.95471
6137	0.95995
6138	0.9552
6139	0.95107
6140	0.94957
6141	0.95426
6142	0.95287
6143	0.94939
6144	0.94751
6145	0.94621
6146	0.95096
6147	0.95291
6148	0.94797
6149	0.94568
6150	0.9426
6151	0.94734
6152	0.94419
6153	0.94422
6154	0.94894
6155	0.94083
6156	0.93916
6157	0.94407
6158	0.94258
6159	0.93924
6160	0.93791
6161	0.93594
6162	0.94098
6163	0.94252
6164	0.93754
6165	0.93652
6166	0.93809
6167	0.93387
6168	0.93974
6169	0.93471
6170	0.92362
6171	0.92376
6172	0.92701
6173	0.92813
6174	0.91901
6175	0.91472
6176	0.91805
6177	0.91435
6178	0.91942
6179	0.92268
6180	0.90586
6181	0.90914
6182	0.90982
6183	0.90545
6184	0.89736
6185	0.9007
6186	0.89704
6187	0.90121
6188	0.8888
6189	0.88915
6190	0.89245
6191	0.89292
6192	0.88475
6193	0.881
6194	0.88435
6195	0.88075
6196	0.88514
6197	0.88847
6198	0.87266
6199	0.87286
6200	0.8763
6201	0.87671
6202	0.86861
6203	0.86476
6204	0.86814
6205	0.86457
6206	0.86896
6207	0.87233
6208	0.85658
6209	0.85685
6210	0.86025
6211	0.8606
6212	0.85256
6213	0.84885
6214	0.8522
6215	0.84853
6216	0.8529
6217	0.85626
6218	0.84051
6219	0.84078
6220	0.84411
6221	0.84447
6222	0.83664
6223	0.83272
6224	0.83296
6225	0.83634
6226	0.83696
6227	0.84031
6228	0.82877
6229	0.82483
6230	0.82507
6231	0.82838
6232	0.82915
6233	0.83244
6234	0.82087
6235	0.8169
6236	0.81715
6237	0.82048
6238	0.82123
6239	0.82453
6240	0.81293
6241	0.80896
6242	0.80921
6243	0.81259
6244	0.81665
6245	0.81324
6246	0.80501
6247	0.8011
6248	0.80133
6249	0.80469
6250	0.80877
6251	0.80534
6252	0.79722
6253	0.79335
6254	0.79353
6255	0.79693
6256	0.79748
6257	0.80089
6258	0.78947
6259	0.78566
6260	0.78578
6261	0.78914
6262	0.78973
6263	0.79314
6264	0.78177
6265	0.77781
6266	0.77797
6267	0.78136
6268	0.78545
6269	0.78207
6270	0.77395
6271	0.77009
6272	0.77028
6273	0.77369
6274	0.7776
6275	0.77426
6276	0.76623
6277	0.76237
6278	0.76254
6279	0.76592
6280	0.76989
6281	0.76646
6282	0.75851
6283	0.75465
6284	0.75482
6285	0.75823
6286	0.76216
6287	0.75881
6288	0.75079
6289	0.74693
6290	0.7471
6291	0.75054
6292	0.75446
6293	0.75103
6294	0.74306
6295	0.73925
6296	0.7394
6297	0.7428
6298	0.74675
6299	0.74329
6300	0.7355
6301	0.73175
6302	0.73185
6303	0.73533
6304	0.73915
6305	0.73571
6306	0.72797
6307	0.72419
6308	0.72429
6309	0.72781
6310	0.73165
6311	0.72819
6312	0.72045
6313	0.71669
6314	0.71676
6315	0.72024
6316	0.72412
6317	0.72059
6318	0.71294
6319	0.7092
6320	0.70926
6321	0.7128
6322	0.71661
6323	0.7131
6324	0.70549
6325	0.70182
6326	0.70181
6327	0.70537
6328	0.70915
6329	0.70561
6330	0.69806
6331	0.6943
6332	0.69436
6333	0.69792
6334	0.70191
6335	0.69826
6336	0.69061
6337	0.68697
6338	0.68696
6339	0.69048
6340	0.69431
6341	0.69075
6342	0.68337
6343	0.67969
6344	0.67969
6345	0.68332
6346	0.68702
6347	0.68343
6348	0.67594
6349	0.67228
6350	0.67216
6351	0.67586
6352	0.67975
6353	0.67603
6354	0.66872
6355	0.66514
6356	0.66507
6357	0.66868
6358	0.6724
6359	0.66874
6360	0.66154
6361	0.65796
6362	0.65786
6363	0.6615
6364	0.66521
6365	0.66155
6366	0.65442
6367	0.65089
6368	0.65073
6369	0.65445
6370	0.65804
6371	0.65438
6372	0.64734
6373	0.64378
6374	0.64363
6375	0.64737
6376	0.6511
6377	0.64729
6378	0.64024
6379	0.63673
6380	0.63658
6381	0.64033
6382	0.64394
6383	0.64016
6384	0.63321
6385	0.62974
6386	0.62954
6387	0.63332
6388	0.6369
6389	0.63315
6390	0.6263
6391	0.62283
6392	0.62264
6393	0.62638
6394	0.62996
6395	0.6262
6396	0.61939
6397	0.616
6398	0.61573
6399	0.61956
6400	0.62305
6401	0.61929
6402	0.61259
6403	0.60886
6404	0.6128
6405	0.6093
6406	0.61635
6407	0.61244
6408	0.60256
6409	0.60217
6410	0.60615
6411	0.60598
6412	0.59916
6413	0.59577
6414	0.59533
6415	0.5993
6416	0.59893
6417	0.60291
6418	0.59253
6419	0.58926
6420	0.58888
6421	0.59285
6422	0.59615
6423	0.5922
6424	0.58595
6425	0.58269
6426	0.5822
6427	0.58629
6428	0.58562
6429	0.58964
6430	0.57945
6431	0.57625
6432	0.57581
6433	0.57983
6434	0.58319
6435	0.57921
6436	0.57306
6437	0.5699
6438	0.56942
6439	0.57346
6440	0.5728
6441	0.57683
6442	0.56682
6443	0.56371
6444	0.56323
6445	0.56729
6446	0.57058
6447	0.56646
6448	0.56055
6449	0.55739
6450	0.55691
6451	0.56086
6452	0.56025
6453	0.56422
6454	0.55423
6455	0.55111
6456	0.55058
6457	0.55472
6458	0.55798
6459	0.55387
6460	0.54802
6461	0.54449
6462	0.54449
6463	0.5485
6464	0.5517
6465	0.54765
6466	0.54133
6467	0.53748
6468	0.54237
6469	0.53849
6470	0.54099
6471	0.5398
6472	0.54499
6473	0.53252
6474	0.53158
6475	0.53639
6476	0.53545
6477	0.52946
6478	0.52558
6479	0.53033
6480	0.52664
6481	0.52866
6482	0.53345
6483	0.52004
6484	0.52467
6485	0.52105
6486	0.5239
6487	0.51447
6488	0.51917
6489	0.51828
6490	0.5155
6491	0.50887
6492	0.51363
6493	0.51002
6494	0.51271
6495	0.50352
6496	0.50825
6497	0.50733
6498	0.50472
6499	0.4983
6500	0.50298
6501	0.49946
6502	0.50209
6503	0.49323
6504	0.49795
6505	0.49695
6506	0.49447
6507	0.48819
6508	0.4932
6509	0.48958
6510	0.492
6511	0.48841
6512	0.4872
6513	0.48474
6514	0.48343
6515	0.48016
6516	0.47891
6517	0.48389
6518	0.48248
6519	0.4778
6520	0.47563
6521	0.47414
6522	0.47916
6523	0.47647
6524	0.48141
6525	0.47339
6526	0.47117
6527	0.46971
6528	0.47473
6529	0.47204
6530	0.47705
6531	0.46907
6532	0.46699
6533	0.46542
6534	0.47051
6535	0.46765
6536	0.47279
6537	0.46481
6538	0.46273
6539	0.46116
6540	0.46618
6541	0.46342
6542	0.46845
6543	0.46069
6544	0.4587
6545	0.45688
6546	0.46217
6547	0.45922
6548	0.46442
6549	0.45674
6550	0.45484
6551	0.45318
6552	0.45812
6553	0.45522
6554	0.46033
6555	0.45309
6556	0.45138
6557	0.44964
6558	0.45469
6559	0.4516
6560	0.45658
6561	0.44948
6562	0.44765
6563	0.44584
6564	0.45097
6565	0.44801
6566	0.4531
6567	0.44604
6568	0.44445
6569	0.44257
6570	0.44764
6571	0.44441
6572	0.4495
6573	0.44291
6574	0.44135
6575	0.43946
6576	0.44462
6577	0.44115
6578	0.44631
6579	0.43977
6580	0.43824
6581	0.43632
6582	0.44143
6583	0.43805
6584	0.4432
6585	0.43678
6586	0.43533
6587	0.43341
6588	0.43853
6589	0.43499
6590	0.44014
6591	0.43393
6592	0.43269
6593	0.43062
6594	0.43575
6595	0.43215
6596	0.43729
6597	0.43144
6598	0.43022
6599	0.42794
6600	0.43317
6601	0.42952
6602	0.43478
6603	0.42906
6604	0.428
6605	0.42564
6606	0.43094
6607	0.42711
6608	0.43236
6609	0.42697
6610	0.42587
6611	0.42362
6612	0.42882
6613	0.42498
6614	0.43018
6615	0.42485
6616	0.4239
6617	0.42151
6618	0.42683
6619	0.4228
6620	0.42804
6621	0.42301
6622	0.42216
6623	0.41986
6624	0.42504
6625	0.4209
6626	0.42615
6627	0.4213
6628	0.42051
6629	0.41815
6630	0.42342
6631	0.41923
6632	0.42444
6633	0.4199
6634	0.41927
6635	0.41692
6636	0.4222
6637	0.41768
6638	0.42293
6639	0.41867
6640	0.41814
6641	0.41555
6642	0.42099
6643	0.41641
6644	0.42179
6645	0.41778
6646	0.41752
6647	0.41491
6648	0.42017
6649	0.41531
6650	0.42077
6651	0.41766
6652	0.41487
6653	0.41982
6654	0.41727
6655	0.41409
6656	0.41918
6657	0.41658
6658	0.41502
6659	0.42029
6660	0.42018
6661	1.6923
6662	1.6921
6663	1.6949
6664	1.6781
6665	1.6802
6666	1.6756
6667	1.6689
6668	1.6664
6669	1.671
6670	1.6599
6671	1.6619
6672	1.6573
6673	1.6509
6674	1.6529
6675	1.6484
6676	1.6418
6677	1.6393
6678	1.6438
6679	1.6328
6680	1.6348
6681	1.6303
6682	1.6238
6683	1.6258
6684	1.6213
6685	1.6147
6686	1.6123
6687	1.6168
6688	1.6032
6689	1.6057
6690	1.6078
6691	1.5987
6692	1.6012
6693	1.5942
6694	1.5967
6695	1.5897
6696	1.5921
6697	1.5877
6698	1.5851
6699	1.5761
6700	1.5786
6701	1.5806
6702	1.5716
6703	1.5741
6704	1.5736
6705	1.567
6706	1.5695
6707	1.5625
6708	1.565
6709	1.5605
6710	1.558
6711	1.5514
6712	1.5488
6713	1.5534
6714	1.5423
6715	1.5443
6716	1.5398
6717	1.5308
6718	1.5333
6719	1.5353
6720	1.5263
6721	1.5288
6722	1.5283
6723	1.5218
6724	1.5243
6725	1.5172
6726	1.5197
6727	1.5153
6728	1.5127
6729	1.5062
6730	1.5037
6731	1.5082
6732	1.4971
6733	1.4991
6734	1.4946
6735	1.481
6736	1.4835
6737	1.483
6738	1.4856
6739	1.479
6740	1.4765
6741	1.4699
6742	1.4674
6743	1.4719
6744	1.4609
6745	1.4629
6746	1.4584
6747	1.4493
6748	1.4519
6749	1.4539
6750	1.4448
6751	1.4473
6752	1.4428
6753	1.4403
6754	1.4337
6755	1.4357
6756	1.4312
6757	1.4247
6758	1.4222
6759	1.4267
6760	1.4131
6761	1.4156
6762	1.4176
6763	1.4086
6764	1.4111
6765	1.4066
6766	1.4041
6767	1.3975
6768	1.395
6769	1.3995
6770	1.3885
6771	1.3905
6772	1.3859
6773	1.3795
6774	1.3769
6775	1.3814
6776	1.3789
6777	1.3679
6778	1.3705
6779	1.3724
6780	1.3634
6781	1.3659
6782	1.3589
6783	1.3614
6784	1.3543
6785	1.3568
6786	1.3497
6787	1.3523
6788	1.3451
6789	1.3477
6790	1.3432
6791	1.3406
6792	1.334
6793	1.336
6794	1.3315
6795	1.325
6796	1.3224
6797	1.327
6798	1.3159
6799	1.3179
6800	1.3134
6801	1.3068
6802	1.3043
6803	1.3088
6804	1.2978
6805	1.2953
6806	1.2998
6807	1.2861
6808	1.2887
6809	1.2907
6810	1.2816
6811	1.2841
6812	1.2835
6813	1.2797
6814	1.2771
6815	1.2705
6816	1.268
6817	1.2725
6818	1.2614
6819	1.2634
6820	1.2589
6821	1.2523
6822	1.2498
6823	1.2543
6824	1.2407
6825	1.2433
6826	1.2452
6827	1.2361
6828	1.2387
6829	1.2341
6830	1.2316
6831	1.2251
6832	1.2271
6833	1.2225
6834	1.2161
6835	1.2136
6836	1.2181
6837	1.2072
6838	1.2091
6839	1.2047
6840	1.1988
6841	1.1966
6842	1.2004
6843	1.1858
6844	1.188
6845	1.1867
6846	1.1829
6847	1.184
6848	1.1799
6849	1.1811
6850	1.1772
6851	1.1783
6852	1.1757
6853	1.1747
6854	1.1755
6855	1.1707
6856	1.1723
6857	1.1697
6858	1.1653
6859	1.1669
6860	1.1641
6861	1.1585
6862	1.1597
6863	1.1613
6864	1.1558
6865	1.1569
6866	1.1571
6867	1.1543
6868	1.1542
6869	1.1534
6870	1.1486
6871	1.1494
6872	1.1511
6873	1.1461
6874	1.1469
6875	1.1443
6876	1.1437
6877	1.1383
6878	1.1392
6879	1.1411
6880	1.1399
6881	1.1356
6882	1.1365
6883	1.133
6884	1.1338
6885	1.1306
6886	1.1313
6887	1.1288
6888	1.1282
6889	1.1239
6890	1.1258
6891	1.1233
6892	1.1181
6893	1.1187
6894	1.1207
6895	1.1157
6896	1.1162
6897	1.1135
6898	1.1139
6899	1.1114
6900	1.1117
6901	1.1089
6902	1.1093
6903	1.1064
6904	1.1068
6905	1.1085
6906	1.1043
6907	1.1039
6908	1.0994
6909	1.099
6910	1.1014
6911	1.0946
6912	1.0948
6913	1.0968
6914	1.0925
6915	1.0926
6916	1.0903
6917	1.0905
6918	1.0881
6919	1.0882
6920	1.0903
6921	1.0859
6922	1.086
6923	1.0838
6924	1.0838
6925	1.0816
6926	1.0816
6927	1.0794
6928	1.0794
6929	1.0816
6930	1.0772
6931	1.0771
6932	1.0726
6933	1.0727
6934	1.0746
6935	1.0748
6936	1.0706
6937	1.0705
6938	1.0686
6939	1.0685
6940	1.0667
6941	1.0665
6942	1.0688
6943	1.0646
6944	1.0648
6945	1.0611
6946	1.0608
6947	1.063
6948	1.0592
6949	1.0589
6950	1.0614
6951	1.0572
6952	1.057
6953	1.0551
6954	1.055
6955	1.0573
6956	1.053
6957	1.0528
6958	1.0513
6959	1.0509
6960	1.0498
6961	1.0493
6962	1.0517
6963	1.0483
6964	1.0478
6965	1.0468
6966	1.0462
6967	1.0454
6968	1.0446
6969	1.0442
6970	1.0433
6971	1.0428
6972	1.042
6973	1.0405
6974	1.0413
6975	1.0379
6976	1.0372
6977	1.0396
6978	1.0364
6979	1.0355
6980	1.0387
6981	1.035
6982	1.0342
6983	1.0338
6984	1.0327
6985	1.0355
6986	1.0329
6987	1.0316
6988	1.035
6989	1.0319
6990	1.0308
6991	1.0306
6992	1.0293
6993	1.0297
6994	1.0281
6995	1.0272
6996	1.0292
6997	1.0248
6998	1.0281
6999	1.0262
7000	1.0218
7001	1.0204
7002	1.024
7003	1.0195
7004	1.0183
7005	1.0234
7006	1.0158
7007	1.0173
7008	1.0133
7009	1.0117
7010	1.0153
7011	1.0112
7012	1.01
7013	1.0075
7014	1.0089
7015	1.0032
7016	1.0067
7017	1.0046
7018	0.999
7019	1.0026
7020	1.0006
7021	0.99488
7022	0.99645
7023	0.99846
7024	0.99055
7025	0.99439
7026	0.99224
7027	0.98829
7028	0.98691
7029	0.99031
7030	0.98641
7031	0.98484
7032	0.98436
7033	0.98316
7034	0.98217
7035	0.98073
7036	0.97873
7037	0.98026
7038	0.97468
7039	0.97818
7040	0.97613
7041	0.97231
7042	0.97064
7043	0.97416
7044	0.97051
7045	0.9691
7046	0.96704
7047	0.96869
7048	0.96493
7049	0.96334
7050	0.96681
7051	0.96297
7052	0.96172
7053	0.9593
7054	0.96094
7055	0.95571
7056	0.9572
7057	0.95905
7058	0.95202
7059	0.95539
7060	0.95366
7061	0.95009
7062	0.94839
7063	0.95187
7064	0.9483
7065	0.94693
7066	0.9516
7067	0.9448
7068	0.94647
7069	0.94291
7070	0.94153
7071	0.94479
7072	0.94113
7073	0.93964
7074	0.93799
7075	0.93935
7076	0.9343
7077	0.93586
7078	0.93751
7079	0.93089
7080	0.93423
7081	0.93273
7082	0.91956
7083	0.91975
7084	0.92373
7085	0.91512
7086	0.91554
7087	0.91071
7088	0.91105
7089	0.90638
7090	0.90681
7091	0.91034
7092	0.90204
7093	0.90246
7094	0.89778
7095	0.89826
7096	0.90163
7097	0.89366
7098	0.89402
7099	0.88958
7100	0.89
7101	0.89334
7102	0.88549
7103	0.8858
7104	0.88139
7105	0.88178
7106	0.87732
7107	0.87763
7108	0.87323
7109	0.87368
7110	0.87708
7111	0.86916
7112	0.86944
7113	0.86512
7114	0.86551
7115	0.8611
7116	0.86138
7117	0.85717
7118	0.85749
7119	0.86091
7120	0.85318
7121	0.85343
7122	0.8492
7123	0.84958
7124	0.84522
7125	0.84552
7126	0.84122
7127	0.84158
7128	0.8449
7129	0.83724
7130	0.8375
7131	0.83329
7132	0.83362
7133	0.8294
7134	0.82954
7135	0.82546
7136	0.82579
7137	0.82148
7138	0.82168
7139	0.81751
7140	0.81782
7141	0.81372
7142	0.81349
7143	0.80579
7144	0.80559
7145	0.80952
7146	0.79772
7147	0.79795
7148	0.80167
7149	0.7938
7150	0.79409
7151	0.78992
7152	0.79015
7153	0.78604
7154	0.78627
7155	0.78237
7156	0.78219
7157	0.77452
7158	0.77828
7159	0.77443
7160	0.76684
7161	0.76665
7162	0.7706
7163	0.75906
7164	0.76277
7165	0.75899
7166	0.75132
7167	0.7512
7168	0.75512
7169	0.74363
7170	0.74734
7171	0.74346
7172	0.73596
7173	0.73587
7174	0.73964
7175	0.72839
7176	0.73206
7177	0.72829
7178	0.72083
7179	0.72069
7180	0.72451
7181	0.71326
7182	0.71691
7183	0.71318
7184	0.70575
7185	0.70567
7186	0.70942
7187	0.69824
7188	0.70194
7189	0.69826
7190	0.69086
7191	0.69082
7192	0.69456
7193	0.68344
7194	0.68711
7195	0.68342
7196	0.67605
7197	0.67604
7198	0.67975
7199	0.66854
7200	0.67225
7201	0.66862
7202	0.66143
7203	0.66148
7204	0.66509
7205	0.65419
7206	0.65787
7207	0.65428
7208	0.64702
7209	0.64714
7210	0.65069
7211	0.63987
7212	0.64358
7213	0.64001
7214	0.63283
7215	0.633
7216	0.6365
7217	0.62575
7218	0.62948
7219	0.626
7220	0.61887
7221	0.6191
7222	0.62255
7223	0.61191
7224	0.61562
7225	0.61216
7226	0.6053
7227	0.60503
7228	0.60871
7229	0.60192
7230	0.6018
7231	0.60574
7232	0.59854
7233	0.59827
7234	0.59511
7235	0.59499
7236	0.59142
7237	0.59176
7238	0.58524
7239	0.58484
7240	0.58855
7241	0.58188
7242	0.58163
7243	0.5781
7244	0.57872
7245	0.57236
7246	0.57185
7247	0.57557
7248	0.56916
7249	0.56882
7250	0.56543
7251	0.56598
7252	0.55977
7253	0.55917
7254	0.56287
7255	0.55662
7256	0.55622
7257	0.55286
7258	0.55339
7259	0.54656
7260	0.55022
7261	0.54712
7262	0.541
7263	0.54057
7264	0.54413
7265	0.53821
7266	0.53736
7267	0.53595
7268	0.53476
7269	0.53344
7270	0.53244
7271	0.53059
7272	0.52964
7273	0.53446
7274	0.52771
7275	0.52676
7276	0.52477
7277	0.52386
7278	0.522
7279	0.52086
7280	0.5192
7281	0.52307
7282	0.51826
7283	0.5163
7284	0.51523
7285	0.51351
7286	0.51262
7287	0.51732
7288	0.51074
7289	0.50968
7290	0.50793
7291	0.51178
7292	0.50707
7293	0.50516
7294	0.50406
7295	0.5025
7296	0.50143
7297	0.50632
7298	0.49993
7299	0.49867
7300	0.49734
7301	0.50114
7302	0.49626
7303	0.49476
7304	0.49351
7305	0.4922
7306	0.49114
7307	0.49593
7308	0.48962
7309	0.48838
7310	0.48704
7311	0.49086
7312	0.48597
7313	0.48455
7314	0.48327
7315	0.48097
7316	0.48596
7317	0.48219
7318	0.47748
7319	0.47602
7320	0.48106
7321	0.47974
7322	0.47521
7323	0.47391
7324	0.4728
7325	0.47154
7326	0.47054
7327	0.46909
7328	0.46835
7329	0.46699
7330	0.46618
7331	0.46467
7332	0.464
7333	0.4627
7334	0.46184
7335	0.46033
7336	0.45976
7337	0.4583
7338	0.45764
7339	0.45612
7340	0.4554
7341	0.45406
7342	0.45339
7343	0.45172
7344	0.45165
7345	0.45008
7346	0.44992
7347	0.44817
7348	0.44814
7349	0.44664
7350	0.44627
7351	0.44457
7352	0.44437
7353	0.44293
7354	0.44259
7355	0.44074
7356	0.44093
7357	0.43926
7358	0.43926
7359	0.43741
7360	0.4377
7361	0.43587
7362	0.43615
7363	0.43422
7364	0.43459
7365	0.43295
7366	0.43306
7367	0.43113
7368	0.43161
7369	0.42976
7370	0.43021
7371	0.42818
7372	0.42883
7373	0.42705
7374	0.42745
7375	0.42548
7376	0.42601
7377	0.42417
7378	0.42481
7379	0.42264
7380	0.42369
7381	0.42189
7382	0.42261
7383	0.4204
7384	0.42162
7385	0.41973
7386	0.42054
7387	0.41835
7388	0.41945
7389	0.4175
7390	0.4185
7391	0.41629
7392	0.41773
7393	0.41555
7394	0.41691
7395	0.4146
7396	0.41607
7397	0.4141
7398	0.41531
7399	0.41305
7400	0.41468
7401	0.41256
7402	0.41404
7403	0.4117
7404	0.41327
7405	0.41113
7406	0.4127
7407	0.41027
7408	0.41242
7409	0.41
7410	0.41224
7411	0.40954
7412	0.41221
7413	0.40958
7414	0.41181
7415	0.40957
7416	0.40874
7417	0.41123
7418	1.6923
7419	1.6948
7420	1.6894
7421	1.6844
7422	1.6864
7423	1.6913
7424	1.6946
7425	1.6796
7426	1.6748
7427	1.677
7428	1.6816
7429	1.6701
7430	1.6656
7431	1.6677
7432	1.6723
7433	1.6611
7434	1.6566
7435	1.6586
7436	1.6632
7437	1.6521
7438	1.6475
7439	1.6496
7440	1.6541
7441	1.643
7442	1.6385
7443	1.6406
7444	1.6451
7445	1.634
7446	1.6294
7447	1.6315
7448	1.636
7449	1.6249
7450	1.6204
7451	1.6225
7452	1.627
7453	1.6159
7454	1.6114
7455	1.6135
7456	1.6181
7457	1.6184
7458	1.6068
7459	1.6023
7460	1.6044
7461	1.609
7462	1.5977
7463	1.5932
7464	1.5953
7465	1.5998
7466	1.5888
7467	1.5842
7468	1.5863
7469	1.5908
7470	1.5797
7471	1.5752
7472	1.5773
7473	1.5818
7474	1.5707
7475	1.5661
7476	1.5682
7477	1.5727
7478	1.5731
7479	1.5616
7480	1.557
7481	1.5591
7482	1.5636
7483	1.5525
7484	1.5501
7485	1.5479
7486	1.5546
7487	1.555
7488	1.5389
7489	1.541
7490	1.5434
7491	1.5344
7492	1.532
7493	1.5299
7494	1.5365
7495	1.5209
7496	1.5229
7497	1.5254
7498	1.5163
7499	1.5118
7500	1.5139
7501	1.5184
7502	1.5073
7503	1.5027
7504	1.5048
7505	1.5093
7506	1.4982
7507	1.4937
7508	1.4958
7509	1.5002
7510	1.4892
7511	1.4867
7512	1.4846
7513	1.4912
7514	1.4731
7515	1.4756
7516	1.4711
7517	1.462
7518	1.4575
7519	1.4596
7520	1.464
7521	1.4645
7522	1.4665
7523	1.4529
7524	1.4484
7525	1.4505
7526	1.455
7527	1.4439
7528	1.4393
7529	1.4414
7530	1.4459
7531	1.4348
7532	1.4303
7533	1.4323
7534	1.4369
7535	1.4278
7536	1.4282
7537	1.4258
7538	1.4188
7539	1.4212
7540	1.4167
7541	1.4076
7542	1.4031
7543	1.4052
7544	1.4097
7545	1.4122
7546	1.3986
7547	1.394
7548	1.3961
7549	1.4006
7550	1.3895
7551	1.385
7552	1.387
7553	1.3916
7554	1.3805
7555	1.3759
7556	1.378
7557	1.3784
7558	1.3825
7559	1.3714
7560	1.3669
7561	1.3689
7562	1.3734
7563	1.3623
7564	1.3578
7565	1.3599
7566	1.3644
7567	1.3533
7568	1.3487
7569	1.3508
7570	1.3553
7571	1.3442
7572	1.3396
7573	1.3417
7574	1.3462
7575	1.335
7576	1.3305
7577	1.3325
7578	1.3371
7579	1.326
7580	1.3215
7581	1.3235
7582	1.3281
7583	1.3169
7584	1.3124
7585	1.3145
7586	1.319
7587	1.3079
7588	1.3033
7589	1.3054
7590	1.31
7591	1.2988
7592	1.2943
7593	1.2963
7594	1.3009
7595	1.2897
7596	1.2851
7597	1.2872
7598	1.2918
7599	1.2806
7600	1.2761
7601	1.2782
7602	1.2827
7603	1.2831
7604	1.2715
7605	1.267
7606	1.2691
7607	1.2736
7608	1.2625
7609	1.2579
7610	1.26
7611	1.2645
7612	1.2534
7613	1.2488
7614	1.2509
7615	1.2554
7616	1.2558
7617	1.2443
7618	1.2397
7619	1.2418
7620	1.2463
7621	1.2467
7622	1.2351
7623	1.2306
7624	1.2327
7625	1.2372
7626	1.2261
7627	1.2215
7628	1.2235
7629	1.2281
7630	1.2169
7631	1.2124
7632	1.2144
7633	1.219
7634	1.2078
7635	1.2032
7636	1.2054
7637	1.21
7638	1.1988
7639	1.1945
7640	1.1965
7641	1.2009
7642	1.1903
7643	1.1863
7644	1.1882
7645	1.1878
7646	1.1924
7647	1.1827
7648	1.1791
7649	1.1809
7650	1.1806
7651	1.1845
7652	1.1758
7653	1.1728
7654	1.1745
7655	1.1776
7656	1.1772
7657	1.1698
7658	1.1668
7659	1.1686
7660	1.1715
7661	1.1639
7662	1.161
7663	1.1629
7664	1.1657
7665	1.165
7666	1.1581
7667	1.1553
7668	1.1571
7669	1.16
7670	1.1525
7671	1.1498
7672	1.1516
7673	1.1544
7674	1.1536
7675	1.147
7676	1.1443
7677	1.1462
7678	1.1489
7679	1.1416
7680	1.1388
7681	1.1407
7682	1.1434
7683	1.1425
7684	1.136
7685	1.1333
7686	1.1353
7687	1.138
7688	1.1306
7689	1.128
7690	1.13
7691	1.1326
7692	1.1312
7693	1.1253
7694	1.1226
7695	1.1246
7696	1.1273
7697	1.126
7698	1.1199
7699	1.1172
7700	1.1193
7701	1.1219
7702	1.1205
7703	1.1146
7704	1.1119
7705	1.1141
7706	1.1167
7707	1.1092
7708	1.1068
7709	1.1089
7710	1.1115
7711	1.1043
7712	1.1017
7713	1.104
7714	1.1066
7715	1.1046
7716	1.0993
7717	1.097
7718	1.0992
7719	1.1016
7720	1.0994
7721	1.0947
7722	1.0926
7723	1.0947
7724	1.0969
7725	1.0905
7726	1.0883
7727	1.0904
7728	1.0926
7729	1.0906
7730	1.0859
7731	1.0836
7732	1.0858
7733	1.0881
7734	1.0862
7735	1.0813
7736	1.079
7737	1.0813
7738	1.0836
7739	1.0769
7740	1.0747
7741	1.0771
7742	1.0792
7743	1.0767
7744	1.0727
7745	1.0708
7746	1.073
7747	1.0703
7748	1.075
7749	1.0723
7750	1.0689
7751	1.0671
7752	1.0693
7753	1.0712
7754	1.0652
7755	1.0631
7756	1.0655
7757	1.0675
7758	1.0612
7759	1.0593
7760	1.0617
7761	1.0636
7762	1.0576
7763	1.056
7764	1.0583
7765	1.06
7766	1.057
7767	1.0544
7768	1.0528
7769	1.0551
7770	1.0567
7771	1.0512
7772	1.0497
7773	1.0521
7774	1.0535
7775	1.0504
7776	1.0481
7777	1.046
7778	1.0488
7779	1.0505
7780	1.0434
7781	1.0405
7782	1.044
7783	1.0466
7784	1.0381
7785	1.0359
7786	1.0393
7787	1.0415
7788	1.0368
7789	1.0338
7790	1.0317
7791	1.035
7792	1.0372
7793	1.0294
7794	1.0272
7795	1.0305
7796	1.0329
7797	1.0283
7798	1.0251
7799	1.023
7800	1.0264
7801	1.0286
7802	1.0239
7803	1.0207
7804	1.0186
7805	1.0219
7806	1.0244
7807	1.0165
7808	1.0145
7809	1.0178
7810	1.02
7811	1.0152
7812	1.0124
7813	1.0102
7814	1.0136
7815	1.016
7816	1.0111
7817	1.008
7818	1.0059
7819	1.0094
7820	1.0118
7821	1.004
7822	1.002
7823	1.0054
7824	1.0075
7825	0.99993
7826	0.99797
7827	1.0013
7828	1.0035
7829	0.99601
7830	0.99397
7831	0.99732
7832	0.99946
7833	0.99185
7834	0.9897
7835	0.99313
7836	0.99558
7837	0.98745
7838	0.98538
7839	0.98872
7840	0.99128
7841	0.98715
7842	0.98365
7843	0.97994
7844	0.97797
7845	0.9814
7846	0.98319
7847	0.98174
7848	0.97602
7849	0.97402
7850	0.97761
7851	0.97931
7852	0.97214
7853	0.9706
7854	0.97376
7855	0.97536
7856	0.96859
7857	0.96677
7858	0.96987
7859	0.97213
7860	0.96507
7861	0.96319
7862	0.96622
7863	0.96841
7864	0.96132
7865	0.95937
7866	0.96258
7867	0.96466
7868	0.95757
7869	0.95608
7870	0.95913
7871	0.96104
7872	0.95619
7873	0.95447
7874	0.95239
7875	0.9558
7876	0.95783
7877	0.9506
7878	0.94908
7879	0.95235
7880	0.95387
7881	0.94741
7882	0.94575
7883	0.94903
7884	0.9508
7885	0.94593
7886	0.94425
7887	0.9428
7888	0.946
7889	0.94754
7890	0.9413
7891	0.93949
7892	0.94303
7893	0.9446
7894	0.9377
7895	0.94125
7896	0.93483
7897	0.93798
7898	0.93991
7899	0.93369
7900	0.93047
7901	0.92607
7902	0.92919
7903	0.93378
7904	0.93159
7905	0.92172
7906	0.91745
7907	0.92071
7908	0.9248
7909	0.91307
7910	0.90868
7911	0.91217
7912	0.91665
7913	0.91375
7914	0.90449
7915	0.90033
7916	0.90396
7917	0.90812
7918	0.90499
7919	0.8962
7920	0.89212
7921	0.89574
7922	0.89992
7923	0.89666
7924	0.88807
7925	0.88403
7926	0.88766
7927	0.89178
7928	0.88002
7929	0.87598
7930	0.8796
7931	0.88373
7932	0.88043
7933	0.87187
7934	0.86786
7935	0.87147
7936	0.87559
7937	0.86394
7938	0.85994
7939	0.86354
7940	0.86763
7941	0.86429
7942	0.85591
7943	0.8519
7944	0.85555
7945	0.85962
7946	0.84787
7947	0.84392
7948	0.84753
7949	0.85157
7950	0.84823
7951	0.84002
7952	0.83607
7953	0.83964
7954	0.84369
7955	0.83205
7956	0.82809
7957	0.83169
7958	0.83582
7959	0.82414
7960	0.82023
7961	0.82379
7962	0.82783
7963	0.81632
7964	0.81241
7965	0.81596
7966	0.81997
7967	0.80845
7968	0.80448
7969	0.80805
7970	0.81214
7971	0.80061
7972	0.79673
7973	0.80031
7974	0.80426
7975	0.79281
7976	0.78893
7977	0.79249
7978	0.79652
7979	0.78504
7980	0.78115
7981	0.78472
7982	0.78875
7983	0.77734
7984	0.77348
7985	0.77701
7986	0.78098
7987	0.76958
7988	0.76572
7989	0.76929
7990	0.77332
7991	0.76188
7992	0.75805
7993	0.76163
7994	0.76555
7995	0.75422
7996	0.75036
7997	0.75398
7998	0.75789
7999	0.7465
8000	0.7427
8001	0.74629
8002	0.75023
8003	0.73898
8004	0.73523
8005	0.73882
8006	0.74265
8007	0.73149
8008	0.72774
8009	0.73132
8010	0.73509
8011	0.72391
8012	0.72016
8013	0.72374
8014	0.72762
8015	0.71647
8016	0.71275
8017	0.71634
8018	0.72014
8019	0.70904
8020	0.70547
8021	0.70883
8022	0.71269
8023	0.70177
8024	0.69793
8025	0.70153
8026	0.70542
8027	0.69418
8028	0.69054
8029	0.69409
8030	0.6979
8031	0.68698
8032	0.68339
8033	0.68688
8034	0.69064
8035	0.67967
8036	0.67598
8037	0.67954
8038	0.68336
8039	0.67236
8040	0.66875
8041	0.67234
8042	0.67609
8043	0.66517
8044	0.66159
8045	0.66518
8046	0.6689
8047	0.65808
8048	0.65466
8049	0.65815
8050	0.66173
8051	0.65113
8052	0.64753
8053	0.65106
8054	0.65478
8055	0.64402
8056	0.6405
8057	0.64408
8058	0.64765
8059	0.63702
8060	0.63354
8061	0.63707
8062	0.64066
8063	0.63004
8064	0.6266
8065	0.6302
8066	0.6338
8067	0.62322
8068	0.61992
8069	0.62335
8070	0.62689
8071	0.61656
8072	0.61319
8073	0.61664
8074	0.62019
8075	0.60986
8076	0.6065
8077	0.61007
8078	0.61347
8079	0.60969
8080	0.60306
8081	0.59968
8082	0.60328
8083	0.60687
8084	0.59647
8085	0.59323
8086	0.59681
8087	0.6001
8088	0.58998
8089	0.58679
8090	0.59034
8091	0.59366
8092	0.58357
8093	0.58042
8094	0.58393
8095	0.58726
8096	0.57724
8097	0.57414
8098	0.57762
8099	0.58101
8100	0.57104
8101	0.5678
8102	0.5714
8103	0.5748
8104	0.56454
8105	0.56145
8106	0.56497
8107	0.56832
8108	0.55847
8109	0.55531
8110	0.55895
8111	0.5621
8112	0.55218
8113	0.549
8114	0.55279
8115	0.55589
8116	0.54603
8117	0.54319
8118	0.54671
8119	0.54966
8120	0.54025
8121	0.53732
8122	0.54082
8123	0.54377
8124	0.53932
8125	0.53433
8126	0.53158
8127	0.53511
8128	0.53808
8129	0.52866
8130	0.52567
8131	0.52935
8132	0.53254
8133	0.52789
8134	0.52294
8135	0.52018
8136	0.5239
8137	0.52682
8138	0.52205
8139	0.51743
8140	0.51475
8141	0.51841
8142	0.52125
8143	0.51652
8144	0.51206
8145	0.50942
8146	0.5131
8147	0.51598
8148	0.51114
8149	0.50678
8150	0.50427
8151	0.50786
8152	0.51069
8153	0.5059
8154	0.50175
8155	0.49922
8156	0.50284
8157	0.5057
8158	0.50076
8159	0.49694
8160	0.49457
8161	0.49814
8162	0.50058
8163	0.49574
8164	0.49217
8165	0.48971
8166	0.49335
8167	0.4959
8168	0.49096
8169	0.48745
8170	0.48513
8171	0.48877
8172	0.49095
8173	0.48605
8174	0.48276
8175	0.48057
8176	0.48405
8177	0.48634
8178	0.47838
8179	0.47633
8180	0.47976
8181	0.48203
8182	0.47421
8183	0.47196
8184	0.47551
8185	0.47791
8186	0.46981
8187	0.46786
8188	0.47126
8189	0.47345
8190	0.46589
8191	0.46379
8192	0.46732
8193	0.46956
8194	0.4617
8195	0.45984
8196	0.46325
8197	0.46537
8198	0.45817
8199	0.45641
8200	0.4598
8201	0.46171
8202	0.45459
8203	0.45282
8204	0.45621
8205	0.45816
8206	0.45109
8207	0.44949
8208	0.45278
8209	0.45463
8210	0.44802
8211	0.44646
8212	0.44977
8213	0.45144
8214	0.44485
8215	0.44332
8216	0.44659
8217	0.44826
8218	0.44188
8219	0.44048
8220	0.44374
8221	0.44533
8222	0.4391
8223	0.43783
8224	0.44102
8225	0.44251
8226	0.4365
8227	0.4353
8228	0.43841
8229	0.43994
8230	0.43423
8231	0.43312
8232	0.43623
8233	0.43758
8234	0.43202
8235	0.43098
8236	0.43406
8237	0.43533
8238	0.43001
8239	0.42906
8240	0.4321
8241	0.43326
8242	0.42817
8243	0.42731
8244	0.43032
8245	0.43138
8246	0.42655
8247	0.42583
8248	0.4288
8249	0.42967
8250	0.42521
8251	0.4247
8252	0.42752
8253	0.42816
8254	0.4241
8255	0.4236
8256	0.42635
8257	0.4272
8258	0.42314
8259	0.42245
8260	0.42535
8261	0.42604
8262	0.42244
8263	0.42262
8264	0.42511
8265	0.42485
8266	0.42208
8267	0.42154
8268	0.42424
8269	0.42487
8270	0.41275
8271	0.41794
8272	0.41545
8273	0.4151
8274	0.42096
8275	0.42052
8276	0.42328
8277	0.41804
8278	0.4241
8279	0.41895
8280	1.7001
8281	1.6974
8282	1.6974
8283	0.4076
8284	0.41026
8285	0.41001
8286	1.6898
8287	1.6945
8288	1.6922
8289	1.6852
8290	1.6875
8291	1.6806
8292	1.683
8293	1.6827
8294	1.676
8295	1.6785
8296	1.6714
8297	1.6739
8298	1.6735
8299	1.6669
8300	1.6695
8301	1.6624
8302	1.6649
8303	1.6644
8304	1.6579
8305	1.6604
8306	1.6533
8307	1.6558
8308	1.6553
8309	1.6488
8310	1.6513
8311	1.6443
8312	1.6468
8313	1.6463
8314	1.6398
8315	1.6423
8316	1.6353
8317	1.6378
8318	1.6373
8319	1.6308
8320	1.6333
8321	1.6263
8322	1.6288
8323	1.6283
8324	1.6218
8325	1.6242
8326	1.6172
8327	1.6197
8328	1.6193
8329	1.6127
8330	1.6152
8331	1.6082
8332	1.6107
8333	1.6102
8334	1.6037
8335	1.6062
8336	1.5992
8337	1.6016
8338	1.5947
8339	1.5972
8340	1.5901
8341	1.5926
8342	1.5856
8343	1.5881
8344	1.5811
8345	1.5836
8346	1.5831
8347	1.5765
8348	1.579
8349	1.572
8350	1.5745
8351	1.5675
8352	1.57
8353	1.563
8354	1.5654
8355	1.5584
8356	1.561
8357	1.5539
8358	1.5564
8359	1.5559
8360	1.5494
8361	1.5519
8362	1.5448
8363	1.5473
8364	1.5468
8365	1.5403
8366	1.5429
8367	1.5358
8368	1.5383
8369	1.5378
8370	1.5313
8371	1.5338
8372	1.5268
8373	1.5293
8374	1.5223
8375	1.5248
8376	1.5178
8377	1.5202
8378	1.5132
8379	1.5157
8380	1.5087
8381	1.5112
8382	1.5107
8383	1.5042
8384	1.5067
8385	1.4996
8386	1.5021
8387	1.5016
8388	1.4951
8389	1.4976
8390	1.4906
8391	1.4931
8392	1.4926
8393	1.4861
8394	1.4886
8395	1.4881
8396	1.4815
8397	1.484
8398	1.477
8399	1.4795
8400	1.4725
8401	1.475
8402	1.4745
8403	1.4679
8404	1.4704
8405	1.4634
8406	1.4659
8407	1.4654
8408	1.4589
8409	1.4614
8410	1.4544
8411	1.4568
8412	1.4564
8413	1.4499
8414	1.4524
8415	1.4453
8416	1.4478
8417	1.4408
8418	1.4433
8419	1.4362
8420	1.4388
8421	1.4382
8422	1.4317
8423	1.4342
8424	1.4272
8425	1.4297
8426	1.4292
8427	1.4252
8428	1.4227
8429	1.4136
8430	1.4161
8431	1.4181
8432	1.4091
8433	1.4116
8434	1.4046
8435	1.4071
8436	1.4001
8437	1.4026
8438	1.4021
8439	1.3955
8440	1.398
8441	1.391
8442	1.3935
8443	1.393
8444	1.3865
8445	1.389
8446	1.382
8447	1.3844
8448	1.3839
8449	1.3775
8450	1.38
8451	1.3729
8452	1.3754
8453	1.3749
8454	1.3684
8455	1.3709
8456	1.3639
8457	1.3664
8458	1.3594
8459	1.3619
8460	1.3548
8461	1.3573
8462	1.3503
8463	1.3528
8464	1.3457
8465	1.3482
8466	1.3412
8467	1.3437
8468	1.3366
8469	1.3392
8470	1.3386
8471	1.3321
8472	1.3346
8473	1.3276
8474	1.3301
8475	1.3296
8476	1.3255
8477	1.323
8478	1.3094
8479	1.3119
8480	1.3139
8481	1.3114
8482	1.3049
8483	1.3074
8484	1.3004
8485	1.3029
8486	1.3024
8487	1.2958
8488	1.2983
8489	1.2913
8490	1.2938
8491	1.2932
8492	1.2867
8493	1.2893
8494	1.2822
8495	1.2847
8496	1.2777
8497	1.2802
8498	1.2731
8499	1.2756
8500	1.2751
8501	1.2685
8502	1.2711
8503	1.264
8504	1.2665
8505	1.266
8506	1.2594
8507	1.262
8508	1.2549
8509	1.2574
8510	1.2569
8511	1.2503
8512	1.2529
8513	1.2458
8514	1.2483
8515	1.2478
8516	1.2413
8517	1.2439
8518	1.2367
8519	1.2393
8520	1.2322
8521	1.2347
8522	1.2276
8523	1.2303
8524	1.2296
8525	1.2231
8526	1.2257
8527	1.2186
8528	1.2213
8529	1.2206
8530	1.2142
8531	1.2167
8532	1.2098
8533	1.2124
8534	1.2117
8535	1.2079
8536	1.2055
8537	1.1975
8538	1.1995
8539	1.2013
8540	1.1939
8541	1.1958
8542	1.1953
8543	1.1904
8544	1.1921
8545	1.1934
8546	1.1875
8547	1.1888
8548	1.1849
8549	1.186
8550	1.1822
8551	1.1833
8552	1.1795
8553	1.1806
8554	1.1768
8555	1.1779
8556	1.1742
8557	1.1753
8558	1.1716
8559	1.1727
8560	1.1732
8561	1.169
8562	1.1701
8563	1.1663
8564	1.1674
8565	1.168
8566	1.1636
8567	1.1647
8568	1.1608
8569	1.1619
8570	1.1625
8571	1.1581
8572	1.1592
8573	1.1555
8574	1.1565
8575	1.1528
8576	1.1538
8577	1.1503
8578	1.1512
8579	1.1519
8580	1.1477
8581	1.1486
8582	1.1451
8583	1.1459
8584	1.1426
8585	1.1433
8586	1.14
8587	1.1408
8588	1.142
8589	1.1374
8590	1.1382
8591	1.1347
8592	1.1355
8593	1.1321
8594	1.1329
8595	1.1295
8596	1.1303
8597	1.127
8598	1.1277
8599	1.1245
8600	1.1251
8601	1.1264
8602	1.122
8603	1.1226
8604	1.1194
8605	1.12
8606	1.1213
8607	1.1168
8608	1.1175
8609	1.1144
8610	1.1149
8611	1.112
8612	1.1124
8613	1.1096
8614	1.11
8615	1.1072
8616	1.1076
8617	1.1047
8618	1.1051
8619	1.1023
8620	1.1027
8621	1.0998
8622	1.1002
8623	1.1018
8624	1.0978
8625	1.0974
8626	1.0928
8627	1.093
8628	1.0951
8629	1.0906
8630	1.0907
8631	1.0883
8632	1.0885
8633	1.0861
8634	1.0862
8635	1.0838
8636	1.0839
8637	1.0816
8638	1.0817
8639	1.0794
8640	1.0795
8641	1.0772
8642	1.0772
8643	1.075
8644	1.075
8645	1.0728
8646	1.0728
8647	1.0749
8648	1.0706
8649	1.0706
8650	1.0685
8651	1.0684
8652	1.0664
8653	1.0663
8654	1.0644
8655	1.0643
8656	1.0624
8657	1.0622
8658	1.0605
8659	1.0602
8660	1.0626
8661	1.0586
8662	1.0583
8663	1.0567
8664	1.0564
8665	1.0548
8666	1.0545
8667	1.0528
8668	1.0525
8669	1.0508
8670	1.0505
8671	1.0489
8672	1.0486
8673	1.0473
8674	1.0468
8675	1.0457
8676	1.0452
8677	1.044
8678	1.0435
8679	1.0425
8680	1.0419
8681	1.0411
8682	1.0403
8683	1.0396
8684	1.0388
8685	1.038
8686	1.0373
8687	1.0364
8688	1.0357
8689	1.0388
8690	1.0348
8691	1.0341
8692	1.0333
8693	1.0325
8694	1.0319
8695	1.0311
8696	1.0306
8697	1.0297
8698	1.0294
8699	1.0284
8700	1.0282
8701	1.0271
8702	1.0269
8703	1.0257
8704	1.0256
8705	1.0243
8706	1.0244
8707	1.0228
8708	1.0231
8709	1.0218
8710	1.0264
8711	1.0214
8712	1.0199
8713	1.0191
8714	1.0179
8715	1.0228
8716	1.0169
8717	1.0155
8718	1.0146
8719	1.0134
8720	1.0124
8721	1.0109
8722	1.0104
8723	1.009
8724	1.0139
8725	1.0083
8726	1.0068
8727	1.0062
8728	1.0048
8729	1.004
8730	1.0025
8731	1.0019
8732	1.0006
8733	1.0054
8734	0.9997
8735	0.99831
8736	0.99758
8737	0.99621
8738	1.0012
8739	0.99557
8740	0.99405
8741	0.99355
8742	0.99225
8743	0.99714
8744	0.99149
8745	0.98985
8746	0.98922
8747	0.98824
8748	0.99306
8749	0.98716
8750	0.98565
8751	0.98545
8752	0.98391
8753	0.98886
8754	0.98346
8755	0.98208
8756	0.98159
8757	0.98003
8758	0.97953
8759	0.97852
8760	0.97729
8761	0.97601
8762	0.97543
8763	0.97377
8764	0.97346
8765	0.97214
8766	0.97696
8767	0.97144
8768	0.96996
8769	0.96937
8770	0.96827
8771	0.97289
8772	0.96743
8773	0.966
8774	0.96562
8775	0.96426
8776	0.96391
8777	0.96219
8778	0.96208
8779	0.96068
8780	0.96556
8781	0.96013
8782	0.95857
8783	0.95805
8784	0.95684
8785	0.95609
8786	0.95457
8787	0.95439
8788	0.95298
8789	0.95773
8790	0.9525
8791	0.95096
8792	0.95061
8793	0.94921
8794	0.95398
8795	0.9488
8796	0.94732
8797	0.94696
8798	0.94557
8799	0.95045
8800	0.94522
8801	0.94345
8802	0.94342
8803	0.94204
8804	0.94159
8805	0.93992
8806	0.93999
8807	0.93845
8808	0.94326
8809	0.93825
8810	0.93677
8811	0.93648
8812	0.93499
8813	0.93469
8814	0.93324
8815	0.93284
8816	0.93141
8817	0.93605
8818	0.92966
8819	0.93103
8820	0.92764
8821	0.92621
8822	0.92925
8823	0.92466
8824	0.92571
8825	0.92949
8826	0.91961
8827	0.91964
8828	0.92296
8829	0.92359
8830	0.91574
8831	0.91597
8832	0.91147
8833	0.91193
8834	0.90716
8835	0.90756
8836	0.90289
8837	0.90335
8838	0.89867
8839	0.89908
8840	0.8945
8841	0.89497
8842	0.89037
8843	0.89075
8844	0.88669
8845	0.88623
8846	0.87803
8847	0.87848
8848	0.8821
8849	0.87399
8850	0.87429
8851	0.87035
8852	0.8699
8853	0.86177
8854	0.86224
8855	0.8658
8856	0.85777
8857	0.85806
8858	0.85416
8859	0.85376
8860	0.84591
8861	0.84629
8862	0.84984
8863	0.84188
8864	0.84215
8865	0.83822
8866	0.83787
8867	0.82987
8868	0.83025
8869	0.83389
8870	0.82593
8871	0.82619
8872	0.82237
8873	0.82201
8874	0.81404
8875	0.8144
8876	0.81803
8877	0.81008
8878	0.81037
8879	0.80612
8880	0.8065
8881	0.80984
8882	0.80245
8883	0.80218
8884	0.79433
8885	0.79461
8886	0.79827
8887	0.79044
8888	0.79078
8889	0.78651
8890	0.78678
8891	0.78261
8892	0.78295
8893	0.77881
8894	0.77896
8895	0.77488
8896	0.77523
8897	0.77863
8898	0.77095
8899	0.77112
8900	0.7671
8901	0.76739
8902	0.77085
8903	0.76323
8904	0.7634
8905	0.75933
8906	0.75974
8907	0.76304
8908	0.75547
8909	0.75568
8910	0.7516
8911	0.75198
8912	0.75539
8913	0.74769
8914	0.74793
8915	0.74386
8916	0.74412
8917	0.74756
8918	0.74002
8919	0.74022
8920	0.73617
8921	0.73646
8922	0.73984
8923	0.73237
8924	0.73255
8925	0.72861
8926	0.72882
8927	0.73227
8928	0.72479
8929	0.72496
8930	0.721
8931	0.72124
8932	0.72468
8933	0.7172
8934	0.71733
8935	0.71341
8936	0.71359
8937	0.71706
8938	0.70962
8939	0.70978
8940	0.70587
8941	0.70602
8942	0.70954
8943	0.70216
8944	0.70225
8945	0.69839
8946	0.69856
8947	0.70208
8948	0.69464
8949	0.69469
8950	0.69096
8951	0.69112
8952	0.69465
8953	0.68725
8954	0.68726
8955	0.68354
8956	0.68363
8957	0.68721
8958	0.67985
8959	0.67987
8960	0.67614
8961	0.67624
8962	0.67983
8963	0.67241
8964	0.67241
8965	0.66868
8966	0.6688
8967	0.67239
8968	0.66506
8969	0.66498
8970	0.66148
8971	0.66152
8972	0.66514
8973	0.65781
8974	0.65779
8975	0.65417
8976	0.65419
8977	0.65785
8978	0.65066
8979	0.65047
8980	0.64709
8981	0.64709
8982	0.65076
8983	0.64353
8984	0.64327
8985	0.63994
8986	0.63995
8987	0.64365
8988	0.63633
8989	0.63616
8990	0.6328
8991	0.63275
8992	0.63646
8993	0.62933
8994	0.62903
8995	0.62576
8996	0.62574
8997	0.62949
8998	0.62228
8999	0.6219
9000	0.61886
9001	0.61875
9002	0.62254
9003	0.61529
9004	0.61498
9005	0.6118
9006	0.61167
9007	0.61552
9008	0.60836
9009	0.60801
9010	0.60494
9011	0.60478
9012	0.60862
9013	0.60154
9014	0.60118
9015	0.59815
9016	0.59794
9017	0.59472
9018	0.59444
9019	0.5913
9020	0.5912
9021	0.58799
9022	0.58765
9023	0.58462
9024	0.58454
9025	0.58833
9026	0.58123
9027	0.58093
9028	0.57785
9029	0.57775
9030	0.57462
9031	0.5742
9032	0.57152
9033	0.57125
9034	0.57524
9035	0.56831
9036	0.56788
9037	0.56509
9038	0.56472
9039	0.56192
9040	0.56133
9041	0.55877
9042	0.55835
9043	0.56247
9044	0.55562
9045	0.555
9046	0.55247
9047	0.55202
9048	0.54932
9049	0.54877
9050	0.54619
9051	0.54572
9052	0.54985
9053	0.54307
9054	0.54249
9055	0.54007
9056	0.53948
9057	0.54363
9058	0.53693
9059	0.53641
9060	0.5339
9061	0.53303
9062	0.53125
9063	0.5303
9064	0.52864
9065	0.5276
9066	0.52581
9067	0.5249
9068	0.5229
9069	0.52205
9070	0.51995
9071	0.51905
9072	0.51612
9073	0.51712
9074	0.51155
9075	0.51038
9076	0.51428
9077	0.50879
9078	0.50786
9079	0.50491
9080	0.506
9081	0.50033
9082	0.49925
9083	0.5032
9084	0.4976
9085	0.49667
9086	0.49387
9087	0.49499
9088	0.48988
9089	0.48868
9090	0.49242
9091	0.48731
9092	0.4863
9093	0.48354
9094	0.48473
9095	0.47968
9096	0.47843
9097	0.4822
9098	0.47722
9099	0.47612
9100	0.47473
9101	0.47353
9102	0.47845
9103	0.47245
9104	0.47093
9105	0.47023
9106	0.46889
9107	0.46781
9108	0.46666
9109	0.46553
9110	0.46397
9111	0.4633
9112	0.46194
9113	0.46118
9114	0.45955
9115	0.45902
9116	0.45763
9117	0.45677
9118	0.4553
9119	0.45465
9120	0.45321
9121	0.45253
9122	0.45105
9123	0.45037
9124	0.44897
9125	0.4484
9126	0.44671
9127	0.4466
9128	0.445
9129	0.44488
9130	0.44307
9131	0.44306
9132	0.44144
9133	0.44122
9134	0.43935
9135	0.4393
9136	0.43774
9137	0.4374
9138	0.43566
9139	0.43574
9140	0.43424
9141	0.43402
9142	0.43225
9143	0.43238
9144	0.43061
9145	0.43101
9146	0.42891
9147	0.42948
9148	0.42771
9149	0.42781
9150	0.42584
9151	0.42632
9152	0.42448
9153	0.42501
9154	0.42288
9155	0.42369
9156	0.42179
9157	0.42219
9158	0.42021
9159	0.42079
9160	0.41901
9161	0.41971
9162	0.41733
9163	0.41859
9164	0.4166
9165	0.4175
9166	0.4152
9167	0.41645
9168	0.41441
9169	0.4153
9170	0.41314
9171	0.41432
9172	0.41222
9173	0.41333
9174	0.41115
9175	0.41241
9176	0.41038
9177	0.41178
9178	0.40935
9179	0.41107
9180	0.40887
9181	0.41028
9182	0.4079
9183	0.40956
9184	0.40739
9185	0.40877
9186	0.40647
9187	0.40811
9188	0.40584
9189	0.40756
9190	0.40506
9191	0.40711
9192	0.40482
9193	0.40686
9194	0.40413
9195	0.40692
9196	0.40426
9197	0.40648
9198	0.40411
9199	0.40588
9200	0.4034
9201	0.40529
9202	0.40321
9203	0.40838
9204	0.40491
9205	0.40242
9206	0.40759
9207	0.93693
9208	0.94109
9209	0.42333
9210	0.42008
9211	0.40246
9212	0.40495
9213	1.6992
9214	1.6967
9215	1.6971
9216	1.7018
9217	1.7036
9218	1.6971
9219	1.6983
9220	1.6928
9221	1.6962
9222	1.6883
9223	1.6837
9224	1.679
9225	1.6745
9226	1.6699
9227	1.6653
9228	1.6608
9229	1.6562
9230	1.6517
9231	1.6426
9232	1.6471
9233	1.6381
9234	1.6336
9235	1.6291
9236	1.6246
9237	1.6202
9238	1.6156
9239	1.6111
9240	1.6065
9241	1.602
9242	1.5974
9243	1.5929
9244	1.5884
9245	1.5839
9246	1.5793
9247	1.5748
9248	1.5703
9249	1.5657
9250	1.5612
9251	1.5567
9252	1.5522
9253	1.5476
9254	1.5431
9255	1.5455
9256	1.5386
9257	1.534
9258	1.5295
9259	1.525
9260	1.5274
9261	1.5205
9262	1.5159
9263	1.5114
9264	1.5069
9265	1.5024
9266	1.4979
9267	1.4933
9268	1.4888
9269	1.4843
9270	1.4797
9271	1.4821
9272	1.4752
9273	1.4776
9274	1.4707
9275	1.4661
9276	1.4686
9277	1.4616
9278	1.4571
9279	1.4526
9280	1.448
9281	1.4435
9282	1.4389
9283	1.4344
9284	1.4299
9285	1.4253
9286	1.4208
9287	1.4233
9288	1.4163
9289	1.4117
9290	1.4142
9291	1.4072
9292	1.4027
9293	1.3981
9294	1.3936
9295	1.3891
9296	1.3845
9297	1.38
9298	1.3755
9299	1.3709
9300	1.3664
9301	1.3619
9302	1.3574
9303	1.3528
9304	1.3483
9305	1.3438
9306	1.3393
9307	1.3347
9308	1.3301
9309	1.3256
9310	1.3211
9311	1.3165
9312	1.312
9313	1.3075
9314	1.3029
9315	1.2984
9316	1.2939
9317	1.2893
9318	1.2848
9319	1.2803
9320	1.2757
9321	1.2711
9322	1.2666
9323	1.2621
9324	1.2575
9325	1.2484
9326	1.253
9327	1.2439
9328	1.2393
9329	1.2348
9330	1.2302
9331	1.2256
9332	1.2211
9333	1.2165
9334	1.212
9335	1.2075
9336	1.2031
9337	1.1986
9338	1.1944
9339	1.1903
9340	1.1864
9341	1.1828
9342	1.1794
9343	1.1762
9344	1.1732
9345	1.1703
9346	1.1646
9347	1.1675
9348	1.1618
9349	1.159
9350	1.1562
9351	1.1535
9352	1.148
9353	1.1507
9354	1.1453
9355	1.1426
9356	1.1399
9357	1.1372
9358	1.1345
9359	1.1319
9360	1.1293
9361	1.1266
9362	1.124
9363	1.1214
9364	1.1188
9365	1.1163
9366	1.1137
9367	1.1112
9368	1.1087
9369	1.1063
9370	1.1038
9371	1.1015
9372	1.0992
9373	1.0969
9374	1.0947
9375	1.0925
9376	1.0903
9377	1.088
9378	1.0858
9379	1.0836
9380	1.0815
9381	1.0794
9382	1.0773
9383	1.0753
9384	1.0734
9385	1.0716
9386	1.0697
9387	1.0678
9388	1.0659
9389	1.0641
9390	1.0624
9391	1.0607
9392	1.059
9393	1.0574
9394	1.0559
9395	1.0544
9396	1.0528
9397	1.0512
9398	1.0494
9399	1.0472
9400	1.0449
9401	1.0427
9402	1.0406
9403	1.0384
9404	1.0363
9405	1.034
9406	1.0319
9407	1.0299
9408	1.0278
9409	1.0255
9410	1.0233
9411	1.0213
9412	1.0194
9413	1.0172
9414	1.0151
9415	1.0131
9416	1.011
9417	1.0089
9418	1.0069
9419	1.0048
9420	1.0028
9421	1.0008
9422	0.99685
9423	0.99892
9424	0.9947
9425	0.99255
9426	0.99048
9427	0.98862
9428	0.98465
9429	0.98658
9430	0.98273
9431	0.98089
9432	0.97894
9433	0.97697
9434	0.97528
9435	0.97341
9436	0.96956
9437	0.97151
9438	0.96769
9439	0.96591
9440	0.96423
9441	0.9626
9442	0.96087
9443	0.95915
9444	0.95728
9445	0.95562
9446	0.95406
9447	0.95241
9448	0.95081
9449	0.94928
9450	0.94779
9451	0.94343
9452	0.94478
9453	0.94301
9454	0.93251
9455	0.92793
9456	0.9238
9457	0.91991
9458	0.91575
9459	0.91162
9460	0.9076
9461	0.90356
9462	0.89947
9463	0.89541
9464	0.89138
9465	0.88737
9466	0.88332
9467	0.87922
9468	0.8752
9469	0.87125
9470	0.86723
9471	0.86323
9472	0.85927
9473	0.85523
9474	0.85123
9475	0.84731
9476	0.84332
9477	0.8394
9478	0.83546
9479	0.83143
9480	0.82748
9481	0.82353
9482	0.81961
9483	0.8157
9484	0.81175
9485	0.80783
9486	0.80396
9487	0.80011
9488	0.79621
9489	0.79231
9490	0.78843
9491	0.78455
9492	0.78065
9493	0.77684
9494	0.77303
9495	0.76913
9496	0.76529
9497	0.76147
9498	0.75765
9499	0.75384
9500	0.75003
9501	0.74625
9502	0.74249
9503	0.73868
9504	0.73493
9505	0.73121
9506	0.72745
9507	0.72372
9508	0.72001
9509	0.71628
9510	0.71249
9511	0.70878
9512	0.70518
9513	0.70151
9514	0.69782
9515	0.6942
9516	0.69055
9517	0.68685
9518	0.68323
9519	0.67966
9520	0.67607
9521	0.67249
9522	0.66891
9523	0.66532
9524	0.6618
9525	0.65827
9526	0.65471
9527	0.65118
9528	0.64771
9529	0.64424
9530	0.64071
9531	0.63733
9532	0.63395
9533	0.63049
9534	0.62702
9535	0.62362
9536	0.62027
9537	0.61693
9538	0.61369
9539	0.61044
9540	0.60709
9541	0.6037
9542	0.60044
9543	0.59723
9544	0.59401
9545	0.59081
9546	0.58762
9547	0.58453
9548	0.58139
9549	0.57828
9550	0.57516
9551	0.57192
9552	0.56875
9553	0.56562
9554	0.56258
9555	0.55952
9556	0.55649
9557	0.55344
9558	0.55034
9559	0.54729
9560	0.54433
9561	0.54158
9562	0.53886
9563	0.53607
9564	0.53324
9565	0.5305
9566	0.52777
9567	0.52496
9568	0.52223
9569	0.51964
9570	0.51702
9571	0.51436
9572	0.51176
9573	0.50929
9574	0.50679
9575	0.50419
9576	0.50178
9577	0.49946
9578	0.49707
9579	0.49459
9580	0.49226
9581	0.48997
9582	0.48762
9583	0.48551
9584	0.48341
9585	0.48133
9586	0.47921
9587	0.477
9588	0.4749
9589	0.47296
9590	0.47098
9591	0.46889
9592	0.46691
9593	0.46511
9594	0.46334
9595	0.46154
9596	0.45977
9597	0.45801
9598	0.45631
9599	0.45472
9600	0.45318
9601	0.45156
9602	0.45
9603	0.44859
9604	0.44718
9605	0.44576
9606	0.44442
9607	0.44312
9608	0.44184
9609	0.44069
9610	0.43957
9611	0.43844
9612	0.43736
9613	0.43633
9614	0.43534
9615	0.4344
9616	0.43351
9617	0.43267
9618	0.4319
9619	0.43112
9620	0.43046
9621	0.43
9622	0.42943
9623	0.42877
9624	0.42823
9625	0.42774
9626	0.42751
9627	0.42736
9628	0.42702
9629	0.42678
9630	0.42641
9631	0.42607
9632	0.42584
9633	0.4226
9634	0.41725
9635	1.7025
9636	1.7028
9637	1.7019
9638	1.6998
9639	1.7014
9640	1.6988
9641	1.6944
9642	1.6899
9643	1.6854
9644	1.681
9645	1.6764
9646	1.6719
9647	1.6674
9648	1.6629
9649	1.6584
9650	1.6538
9651	1.6493
9652	1.6448
9653	1.6403
9654	1.6358
9655	1.6313
9656	1.6267
9657	1.6222
9658	1.6177
9659	1.6132
9660	1.6086
9661	1.6041
9662	1.5996
9663	1.5951
9664	1.5906
9665	1.5861
9666	1.5815
9667	1.577
9668	1.5725
9669	1.5679
9670	1.5635
9671	1.5589
9672	1.5543
9673	1.5498
9674	1.5453
9675	1.5409
9676	1.5363
9677	1.5318
9678	1.5273
9679	1.5227
9680	1.5182
9681	1.5136
9682	1.5091
9683	1.5046
9684	1.5001
9685	1.4956
9686	1.491
9687	1.4865
9688	1.482
9689	1.4775
9690	1.4729
9691	1.4684
9692	1.4639
9693	1.4594
9694	1.4548
9695	1.4503
9696	1.4458
9697	1.4413
9698	1.4368
9699	1.4322
9700	1.4277
9701	1.4232
9702	1.4186
9703	1.4207
9704	1.4141
9705	1.4097
9706	1.4051
9707	1.4006
9708	1.396
9709	1.3915
9710	1.387
9711	1.3824
9712	1.3779
9713	1.3734
9714	1.3689
9715	1.3643
9716	1.3598
9717	1.3553
9718	1.3507
9719	1.3462
9720	1.3417
9721	1.3371
9722	1.3326
9723	1.328
9724	1.3235
9725	1.319
9726	1.321
9727	1.3145
9728	1.3164
9729	1.3099
9730	1.3054
9731	1.3009
9732	1.2963
9733	1.2918
9734	1.2872
9735	1.2827
9736	1.2782
9737	1.2737
9738	1.2691
9739	1.2645
9740	1.26
9741	1.2555
9742	1.2509
9743	1.2464
9744	1.2419
9745	1.2373
9746	1.2328
9747	1.2283
9748	1.2238
9749	1.2193
9750	1.215
9751	1.2106
9752	1.2062
9753	1.202
9754	1.2038
9755	1.1978
9756	1.194
9757	1.1905
9758	1.1873
9759	1.1844
9760	1.1817
9761	1.1791
9762	1.1765
9763	1.1738
9764	1.1712
9765	1.1685
9766	1.1658
9767	1.163
9768	1.1603
9769	1.1576
9770	1.1549
9771	1.1522
9772	1.1495
9773	1.1441
9774	1.1468
9775	1.1415
9776	1.139
9777	1.1363
9778	1.1337
9779	1.131
9780	1.1284
9781	1.1258
9782	1.1232
9783	1.1207
9784	1.1181
9785	1.1155
9786	1.113
9787	1.1105
9788	1.108
9789	1.1056
9790	1.1031
9791	1.1006
9792	1.0982
9793	1.0957
9794	1.091
9795	1.0933
9796	1.0886
9797	1.0863
9798	1.084
9799	1.0795
9800	1.0818
9801	1.0773
9802	1.075
9803	1.0728
9804	1.0706
9805	1.0684
9806	1.0663
9807	1.0642
9808	1.0621
9809	1.0601
9810	1.0581
9811	1.0561
9812	1.0542
9813	1.0523
9814	1.0484
9815	1.0503
9816	1.0465
9817	1.0447
9818	1.043
9819	1.0413
9820	1.0381
9821	1.0397
9822	1.0365
9823	1.0349
9824	1.0334
9825	1.0318
9826	1.0303
9827	1.0274
9828	1.0288
9829	1.0261
9830	1.0247
9831	1.0232
9832	1.0216
9833	1.0202
9834	1.0185
9835	1.0164
9836	1.0143
9837	1.012
9838	1.0097
9839	1.0075
9840	1.0054
9841	1.0033
9842	1.0012
9843	0.99909
9844	0.99702
9845	0.99481
9846	0.99267
9847	0.99073
9848	0.98855
9849	0.9866
9850	0.98467
9851	0.9824
9852	0.98054
9853	0.97865
9854	0.97695
9855	0.97498
9856	0.97248
9857	0.97048
9858	0.96864
9859	0.9668
9860	0.9649
9861	0.96283
9862	0.96083
9863	0.95897
9864	0.95717
9865	0.95528
9866	0.95336
9867	0.95146
9868	0.94954
9869	0.94766
9870	0.94591
9871	0.94409
9872	0.94206
9873	0.94026
9874	0.93854
9875	0.93678
9876	0.93522
9877	0.93351
9878	0.93174
9879	0.92996
9880	0.92824
9881	0.92646
9882	0.92479
9883	0.92783
9884	0.92323
9885	0.92141
9886	0.91599
9887	0.91912
9888	0.91216
9889	0.90801
9890	0.89954
9891	0.90375
9892	0.89537
9893	0.89122
9894	0.88708
9895	0.88295
9896	0.87474
9897	0.87887
9898	0.87066
9899	0.86666
9900	0.85853
9901	0.86264
9902	0.85445
9903	0.85051
9904	0.84254
9905	0.84657
9906	0.8385
9907	0.83454
9908	0.82657
9909	0.83055
9910	0.82263
9911	0.81868
9912	0.81074
9913	0.8147
9914	0.80679
9915	0.80283
9916	0.79893
9917	0.79502
9918	0.79867
9919	0.79106
9920	0.78712
9921	0.78323
9922	0.77931
9923	0.77538
9924	0.77149
9925	0.76757
9926	0.76369
9927	0.75991
9928	0.75609
9929	0.75219
9930	0.74831
9931	0.74437
9932	0.74048
9933	0.73666
9934	0.73285
9935	0.729
9936	0.72517
9937	0.72141
9938	0.71758
9939	0.71373
9940	0.70996
9941	0.70618
9942	0.7024
9943	0.69865
9944	0.69487
9945	0.69117
9946	0.68742
9947	0.68364
9948	0.67997
9949	0.67626
9950	0.67251
9951	0.6688
9952	0.6651
9953	0.66144
9954	0.65784
9955	0.65418
9956	0.6505
9957	0.64691
9958	0.64328
9959	0.63969
9960	0.63617
9961	0.63258
9962	0.62898
9963	0.62544
9964	0.62188
9965	0.61837
9966	0.61488
9967	0.61136
9968	0.60788
9969	0.60443
9970	0.60102
9971	0.59759
9972	0.59424
9973	0.59092
9974	0.58755
9975	0.58419
9976	0.58085
9977	0.57746
9978	0.5741
9979	0.57083
9980	0.56761
9981	0.56429
9982	0.56097
9983	0.55776
9984	0.55458
9985	0.5514
9986	0.54832
9987	0.54517
9988	0.54203
9989	0.53891
9990	0.53583
9991	0.53252
9992	0.52943
9993	0.52665
9994	0.52386
9995	0.52114
9996	0.51819
9997	0.51521
9998	0.51238
9999	0.50668
10000	0.50948
10001	0.50398
10002	0.50121
10003	0.49559
10004	0.49835
10005	0.49294
10006	0.49029
10007	0.48509
10008	0.48766
10009	0.48252
10010	0.47989
10011	0.47487
10012	0.47731
10013	0.47243
10014	0.46973
10015	0.46736
10016	0.46531
10017	0.46282
10018	0.46038
10019	0.45818
10020	0.45599
10021	0.4539
10022	0.45173
10023	0.4496
10024	0.44748
10025	0.4453
10026	0.4433
10027	0.44146
10028	0.43962
10029	0.43773
10030	0.43587
10031	0.43409
10032	0.43248
10033	0.43074
10034	0.42884
10035	0.42713
10036	0.4256
10037	0.42405
10038	0.42249
10039	0.42103
10040	0.41965
10041	0.4183
10042	0.41702
10043	0.41554
10044	0.4142
10045	0.41319
10046	0.4121
10047	0.41109
10048	0.41005
10049	0.40904
10050	0.40819
10051	0.40731
10052	0.40643
10053	0.40568
10054	0.40499
10055	0.40428
10056	0.40352
10057	0.40278
10058	0.40231
10059	0.40183
10060	0.40152
10061	0.40144
10062	0.40102
10063	0.40072
10064	0.40034
10065	0.39996
10066	0.39993
10067	0.40243
10068	0.80198
10069	1.1007
10070	1.1008
10071	1.0471
10072	1.5459
10073	1.2029
10074	1.0446
10075	1.1693
10076	1.0652
10077	1.1744
10078	1.4202
10079	0.9267
10080	0.92246
10081	1.0766
10082	1.4825
10083	1.4801
10084	1.1754
10085	1.0189
10086	1.4649
10087	1.1644
10088	1.0538
10089	0.9326
10090	1.5278
10091	1.0802
10092	1.0103
10093	1.7001
10094	1.5463
10095	1.1004
10096	1.3184
10097	1.2472
10098	0.81832
10099	0.83418
10100	0.85011
10101	0.8662
10102	0.8825
10103	0.48108
10104	0.49141
10105	0.5023
10106	0.51339
10107	1.4901
10108	0.93047
10109	0.92731
10110	0.98513
10111	1.0699
10112	1.0769
10113	1.1629
10114	0.94632
10115	1.0316
10116	1.0695
10117	1.0667
10118	1.064
10119	1.0062
10120	1.0837
10121	1.0421
10122	1.1247
10123	1.4287
10124	1.0971
10125	1.0949
10126	1.3205
10127	1.0387
10128	1.0926
10129	1.2563
10130	1.146
10131	1.1444
10132	1.1299
10133	1.1246
10134	1.1237
10135	1.0971
10136	1.0954
10137	1.1226
10138	1.1687
10139	1.0688
10140	1.0682
10141	1.194
10142	1.1554
10143	1.153
10144	1.154
10145	1.1178
10146	0.94094
10147	1.1101
10148	1.1025
10149	1.6188
10150	1.1179
10151	1.1191
10152	1.5554
10153	0.40737
10154	1.1033
10155	1.1528
10156	1.1571
10157	1.1521
10158	1.0666
10159	1.1586
10160	1.1557
10161	1.0786
10162	1.0987
10163	0.92809
10164	1.0858
10165	1.1428
10166	1.1448
10167	1.1416
10168	0.41603
10169	0.41298
10170	0.41373
10171	0.41068
10172	1.1773
10173	1.1792
10174	1.176
10175	1.1779
10176	1.1799
10177	1.1766
10178	1.1786
10179	1.1416
10180	1.1432
10181	1.1404
10182	1.142
10183	1.1437
10184	1.1409
10185	1.1426
10186	1.1528
10187	1.1545
10188	1.1516
10189	1.1532
10190	0.41238
