Node Number	Equivalent (von-Mises) Stress (MPa)
1	5.3524
2	5.3678
3	16.404
4	16.218
5	15.994
6	15.753
7	15.501
8	15.244
9	14.986
10	14.728
11	14.473
12	14.222
13	13.976
14	13.736
15	13.502
16	13.274
17	13.053
18	12.838
19	12.629
20	12.424
21	12.223
22	12.026
23	11.83
24	11.635
25	11.44
26	11.242
27	11.042
28	10.837
29	10.626
30	10.409
31	10.185
32	9.9512
33	9.708
34	9.4548
35	9.1906
36	8.9147
37	8.6266
38	8.3267
39	8.0141
40	7.6893
41	7.3531
42	7.0069
43	6.6527
44	6.2932
45	5.932
46	5.5742
47	5.2263
48	4.8967
49	4.5965
50	4.3383
51	4.1382
52	4.0108
53	3.9672
54	4.0139
55	4.1478
56	4.3719
57	4.6776
58	21.16
59	16.622
60	16.883
61	17.167
62	17.465
63	17.768
64	18.072
65	18.37
66	18.663
67	18.947
68	19.222
69	19.486
70	19.739
71	19.98
72	20.206
73	20.414
74	20.606
75	20.779
76	20.929
77	21.057
78	21.158
79	21.232
80	21.275
81	21.284
82	21.247
83	5.9984
84	21.04
85	20.875
86	20.661
87	20.402
88	20.089
89	19.72
90	19.298
91	18.817
92	18.278
93	17.676
94	17.011
95	16.291
96	15.504
97	14.661
98	13.757
99	12.809
100	11.818
101	10.813
102	9.8108
103	8.8614
104	8.045
105	7.4741
106	7.3009
107	7.6348
108	8.4575
109	9.6262
110	10.875
111	11.91
112	12.423
113	12.138
114	10.881
115	8.5096
116	18.822
117	18.566
118	18.282
119	17.973
120	17.631
121	17.259
122	16.85
123	16.408
124	15.924
125	15.402
126	14.837
127	14.227
128	13.572
129	12.876
130	12.128
131	11.344
132	10.519
133	9.6664
134	8.7989
135	7.9538
136	7.1716
137	6.5423
138	6.1879
139	6.2478
140	6.7983
141	7.7854
142	9.0429
143	10.352
144	11.429
145	12.011
146	11.796
147	10.673
148	8.4955
149	19.518
150	19.517
151	19.516
152	19.515
153	19.512
154	19.51
155	19.508
156	19.507
157	19.507
158	19.506
159	19.507
160	19.508
161	19.509
162	19.51
163	19.511
164	19.512
165	19.514
166	19.515
167	19.516
168	19.517
169	19.517
170	19.518
171	19.518
172	19.518
173	19.518
174	19.517
175	19.517
176	19.516
177	19.515
178	19.514
179	19.513
180	19.511
181	19.51
182	19.508
183	19.506
184	19.505
185	19.503
186	19.501
187	19.499
188	19.497
189	19.495
190	19.493
191	19.491
192	19.489
193	19.487
194	19.485
195	19.483
196	19.481
197	19.479
198	19.478
199	19.476
200	19.475
201	19.473
202	19.472
203	19.47
204	19.469
205	19.468
206	19.468
207	19.467
208	19.467
209	19.467
210	19.467
211	19.467
212	19.468
213	19.469
214	19.47
215	19.472
216	19.474
217	19.476
218	19.479
219	19.482
220	19.486
221	19.49
222	19.494
223	19.5
224	19.505
225	19.512
226	19.519
227	19.526
228	19.535
229	19.544
230	19.553
231	19.564
232	19.575
233	19.587
234	19.6
235	19.614
236	19.628
237	19.644
238	19.66
239	19.677
240	19.695
241	19.714
242	19.734
243	19.755
244	19.777
245	19.8
246	19.823
247	19.848
248	19.873
249	19.899
250	19.926
251	19.953
252	19.982
253	20.011
254	20.04
255	20.07
256	20.101
257	20.131
258	20.162
259	20.194
260	20.225
261	20.256
262	20.287
263	20.318
264	20.348
265	20.378
266	20.407
267	20.434
268	20.461
269	20.486
270	20.51
271	20.532
272	20.552
273	20.569
274	20.584
275	20.596
276	20.605
277	20.61
278	20.611
279	20.607
280	20.599
281	20.585
282	20.565
283	20.539
284	20.506
285	20.465
286	20.416
287	20.358
288	20.289
289	20.209
290	20.118
291	20.014
292	19.896
293	19.763
294	19.613
295	19.446
296	19.259
297	19.052
298	19.164
299	19.433
300	19.349
301	19.265
302	19.196
303	19.145
304	19.114
305	15.03
306	19.076
307	18.997
308	18.933
309	18.964
310	18.941
311	18.932
312	18.936
313	18.953
314	18.96
315	18.96
316	18.978
317	18.985
318	18.984
319	19.
320	19.005
321	19.004
322	19.016
323	19.02
324	19.018
325	19.027
326	19.029
327	19.027
328	19.034
329	19.035
330	19.033
331	19.038
332	19.038
333	19.035
334	19.039
335	19.038
336	19.035
337	19.038
338	19.036
339	19.033
340	19.035
341	19.034
342	19.03
343	19.032
344	19.031
345	19.027
346	19.029
347	19.027
348	19.024
349	19.025
350	19.024
351	19.022
352	19.023
353	19.022
354	19.02
355	19.021
356	19.021
357	19.019
358	19.021
359	19.021
360	19.021
361	19.023
362	19.024
363	19.024
364	19.027
365	19.029
366	19.03
367	19.034
368	19.037
369	19.039
370	19.044
371	19.048
372	19.052
373	19.058
374	19.063
375	19.068
376	19.075
377	19.082
378	19.088
379	19.097
380	19.105
381	19.113
382	19.123
383	19.133
384	19.142
385	19.154
386	19.165
387	19.176
388	19.189
389	19.202
390	19.214
391	19.229
392	19.243
393	19.257
394	19.272
395	19.288
396	19.302
397	19.319
398	19.335
399	19.35
400	19.367
401	19.384
402	19.399
403	19.416
404	19.432
405	19.447
406	19.463
407	19.478
408	19.492
409	19.506
410	19.519
411	19.531
412	19.542
413	19.552
414	19.56
415	19.567
416	19.572
417	19.575
418	19.577
419	19.576
420	19.572
421	19.566
422	19.557
423	19.544
424	19.529
425	19.509
426	19.486
427	19.459
428	19.426
429	19.388
430	19.346
431	19.298
432	19.243
433	19.183
434	19.115
435	19.039
436	18.956
437	18.865
438	18.764
439	18.654
440	18.533
441	18.402
442	18.26
443	18.105
444	17.936
445	17.755
446	17.559
447	17.348
448	17.121
449	16.878
450	16.616
451	16.338
452	16.04
453	15.722
454	15.386
455	65.376
456	14.655
457	14.26
458	13.847
459	13.419
460	12.976
461	12.524
462	12.066
463	11.612
464	11.169
465	10.752
466	10.375
467	10.063
468	9.8347
469	9.7209
470	9.7439
471	9.9397
472	10.314
473	10.882
474	11.63
475	12.569
476	13.67
477	14.913
478	16.291
479	17.789
480	19.434
481	21.26
482	23.643
483	26.974
484	36.37
485	14.381
486	13.845
487	13.274
488	12.675
489	12.049
490	11.401
491	10.725
492	10.038
493	9.3416
494	8.6471
495	7.9754
496	7.3567
497	6.8301
498	6.442
499	6.2647
500	6.3467
501	6.7219
502	7.3647
503	8.2759
504	9.3833
505	10.663
506	12.08
507	13.605
508	15.219
509	16.918
510	18.726
511	20.671
512	23.175
513	26.599
514	36.376
515	19.175
516	19.38
517	19.486
518	19.595
519	19.6
520	19.627
521	19.627
522	19.567
523	19.475
524	19.414
525	19.272
526	19.116
527	18.964
528	18.819
529	18.606
530	18.374
531	18.115
532	17.834
533	17.535
534	17.214
535	16.858
536	16.485
537	16.081
538	15.668
539	15.252
540	14.83
541	6.0517
542	18.983
543	18.759
544	18.702
545	18.741
546	18.594
547	18.553
548	18.536
549	18.317
550	18.258
551	18.18
552	17.864
553	17.806
554	17.689
555	17.3
556	17.276
557	17.043
558	16.634
559	16.615
560	16.091
561	15.937
562	15.859
563	15.29
564	15.232
565	14.994
566	14.424
567	14.394
568	14.061
569	13.526
570	13.485
571	13.133
572	12.551
573	12.755
574	12.103
575	11.694
576	11.634
577	11.002
578	10.602
579	10.668
580	10.121
581	10.168
582	9.6172
583	9.1381
584	9.6013
585	8.8057
586	8.8338
587	8.6687
588	8.4037
589	7.5067
590	8.4375
591	6.8023
592	6.9503
593	7.8612
594	5.6395
595	6.2281
596	6.0148
597	3.714
598	6.7124
599	7.5026
600	5.1621
601	5.7943
602	5.394
603	5.7463
604	4.8298
605	4.7321
606	5.6351
607	4.912
608	26.29
609	15.011
610	23.162
611	28.725
612	1.1824
613	19.252
614	12.085
615	10.373
616	6.3749
617	10.713
618	10.207
619	4.8496
620	6.5034
621	6.7905
622	6.3913
623	6.168
624	5.7748
625	5.2842
626	4.9212
627	4.4949
628	4.0297
629	3.6885
630	3.3195
631	2.9315
632	2.6524
633	2.3554
634	2.0436
635	1.8246
636	1.5914
637	1.3382
638	1.1413
639	0.91451
640	0.67276
641	0.48323
642	0.2854
643	7.8297e-002
644	9.8376e-002
645	0.25573
646	0.42893
647	0.58364
648	0.71159
649	0.85841
650	0.98601
651	1.0881
652	1.2074
653	1.3084
654	1.3851
655	1.4779
656	1.5563
657	1.6101
658	1.6817
659	1.7396
660	1.78
661	1.8379
662	1.8946
663	1.9356
664	1.9851
665	2.0312
666	2.0614
667	2.0975
668	2.1311
669	2.1498
670	2.1738
671	2.1948
672	2.2008
673	2.2138
674	2.2246
675	2.2188
676	2.2219
677	2.2223
678	2.2096
679	2.2106
680	2.2137
681	2.2068
682	2.2084
683	2.2088
684	2.2001
685	2.1958
686	2.1924
687	2.1764
688	2.1652
689	2.154
690	2.1286
691	2.1079
692	2.0884
693	2.052
694	2.0221
695	2.0047
696	1.985
697	1.9599
698	1.943
699	1.9211
700	1.8912
701	1.8682
702	1.8383
703	1.796
704	1.7634
705	1.7203
706	1.6636
707	1.6163
708	1.5616
709	1.5074
710	1.4669
711	1.4247
712	1.3764
713	1.3329
714	1.2844
715	1.2254
716	1.1713
717	1.1074
718	1.0317
719	0.95452
720	0.87571
721	0.77518
722	0.68534
723	0.60485
724	0.52225
725	0.45641
726	0.46087
727	0.97464
728	3.4426
729	0.11189
730	0.89614
731	1.5698
732	2.1492
733	2.626
734	3.047
735	4.705
736	4.4119
737	4.114
738	3.8043
739	3.5215
740	3.3436
741	3.3426
742	3.5349
743	3.8674
744	4.2678
745	4.6635
746	5.0166
747	5.3098
748	5.526
749	5.6741
750	5.754
751	5.779
752	5.7493
753	5.682
754	5.5756
755	5.4436
756	5.2863
757	5.1142
758	4.9307
759	4.7385
760	4.542
761	4.345
762	4.1502
763	3.9606
764	3.7784
765	3.6056
766	3.444
767	3.2952
768	3.1602
769	3.0401
770	2.9347
771	2.8441
772	2.7691
773	2.707
774	2.6593
775	2.6229
776	2.5969
777	2.58
778	2.571
779	2.5679
780	2.57
781	2.5755
782	2.5833
783	2.5928
784	2.6033
785	2.6138
786	2.6244
787	2.6346
788	2.6445
789	2.6532
790	2.6621
791	2.6699
792	2.6769
793	2.6823
794	2.6881
795	2.6921
796	2.6948
797	2.6957
798	2.6959
799	2.6942
800	2.6906
801	2.6849
802	2.6781
803	2.6691
804	2.6582
805	2.6457
806	2.6321
807	2.6169
808	2.6007
809	2.5833
810	2.5649
811	2.5452
812	2.5251
813	2.5035
814	2.4813
815	2.4566
816	2.4326
817	2.4065
818	2.3793
819	2.3509
820	2.3227
821	2.2936
822	2.2644
823	2.2353
824	2.2071
825	2.1795
826	2.1533
827	2.1283
828	2.1062
829	2.0856
830	2.0681
831	2.0533
832	2.0421
833	2.036
834	2.034
835	2.0383
836	2.0485
837	2.0655
838	2.0897
839	2.1228
840	2.1633
841	2.2131
842	2.2715
843	2.339
844	2.4171
845	2.5053
846	2.6051
847	2.7178
848	2.8446
849	2.9809
850	3.1235
851	3.2774
852	1.2871
853	3.341
854	4.7024
855	8.0777
856	14.971
857	15.448
858	16.326
859	16.179
860	1.7946
861	1.7492
862	2.2721
863	4.7729
864	6.2193
865	6.6217
866	7.0396
867	7.3958
868	8.0708
869	8.8705
870	9.4972
871	9.7972
872	10.828
873	11.431
874	11.704
875	12.501
876	13.259
877	13.599
878	14.763
879	15.425
880	15.849
881	16.029
882	16.712
883	16.928
884	3.3063
885	1.2108
886	3.0036
887	1.6582
888	2.7278
889	3.7356
890	3.2415
891	4.6336
892	5.0417
893	6.1658
894	6.9126
895	6.5458
896	7.5748
897	8.1536
898	8.78
899	9.3844
900	9.0942
901	10.017
902	9.6965
903	10.628
904	11.227
905	11.742
906	11.482
907	12.012
908	12.355
909	13.328
910	13.015
911	13.904
912	13.647
913	14.403
914	14.735
915	14.587
916	14.912
917	15.631
918	15.431
919	15.951
920	15.794
921	16.246
922	16.508
923	16.371
924	16.748
925	16.637
926	17.009
927	3.1026
928	5.0893
929	4.9509
930	4.9201
931	4.4184
932	2.5968
933	2.084
934	3.0358
935	4.5445
936	4.8943
937	5.23
938	6.2249
939	6.5351
940	6.7882
941	7.0419
942	7.2919
943	7.5504
944	8.1356
945	8.3933
946	8.6109
947	8.7628
948	9.024
949	9.5974
950	10.154
951	10.629
952	10.894
953	11.127
954	11.647
955	11.92
956	12.184
957	12.736
958	13.588
959	13.81
960	14.255
961	14.643
962	15.129
963	15.78
964	16.138
965	16.387
966	16.468
967	16.593
968	16.723
969	16.857
970	17.082
971	17.269
972	17.368
973	17.35
974	2.2482
975	2.9628
976	0.97071
977	1.4345
978	1.2314
979	1.3375
980	1.06
981	1.1611
982	1.0277
983	1.0385
984	0.90869
985	0.95646
986	0.82433
987	0.87913
988	0.81506
989	0.83208
990	0.79204
991	0.77974
992	0.77763
993	0.74636
994	0.77481
995	0.73595
996	0.78426
997	0.78935
998	0.78747
999	0.77821
1000	0.80111
1001	0.8041
1002	0.8456
1003	0.84427
1004	0.8674
1005	0.92568
1006	0.9288
1007	0.96442
1008	0.95327
1009	0.98877
1010	0.98971
1011	1.0443
1012	1.041
1013	1.0712
1014	1.0916
1015	1.0811
1016	1.094
1017	1.1281
1018	1.1647
1019	1.1305
1020	1.1242
1021	1.1573
1022	1.1566
1023	1.1459
1024	1.1657
1025	1.1593
1026	1.1777
1027	1.1803
1028	1.2348
1029	1.2183
1030	1.2522
1031	1.258
1032	1.2732
1033	1.2893
1034	1.2965
1035	1.3223
1036	1.3469
1037	1.3822
1038	1.3681
1039	1.4517
1040	1.428
1041	1.5765
1042	1.5288
1043	1.747
1044	1.7057
1045	1.9044
1046	1.8524
1047	2.1228
1048	1.992
1049	2.4166
1050	2.2372
1051	2.6999
1052	2.5259
1053	2.9738
1054	2.8253
1055	3.3401
1056	3.167
1057	3.6965
1058	4.042
1059	3.8841
1060	4.3997
1061	4.2424
1062	4.6655
1063	4.7629
1064	4.5829
1065	4.7167
1066	3.9792
1067	4.3466
1068	2.9101
1069	3.4999
1070	1.8941
1071	2.3176
1072	2.0791
1073	1.7741
1074	1.9845
1075	1.7149
1076	1.3098
1077	1.8643
1078	1.5323
1079	2.7624
1080	3.687
1081	3.2286
1082	4.5494
1083	5.3387
1084	4.9492
1085	6.0724
1086	6.8054
1087	6.4537
1088	7.4734
1089	8.1008
1090	8.7088
1091	9.303
1092	9.009
1093	9.9026
1094	9.5998
1095	10.462
1096	11.014
1097	11.517
1098	11.274
1099	11.941
1100	12.482
1101	13.048
1102	12.769
1103	13.551
1104	14.397
1105	14.226
1106	14.81
1107	14.602
1108	15.27
1109	15.063
1110	15.62
1111	15.941
1112	15.785
1113	16.246
1114	16.557
1115	16.403
1116	17.023
1117	16.756
1118	17.412
1119	17.625
1120	17.53
1121	17.742
1122	17.771
1123	17.724
1124	17.771
1125	17.599
1126	17.388
1127	17.076
1128	17.265
1129	16.766
1130	16.962
1131	16.385
1132	16.6
1133	15.949
1134	16.221
1135	15.415
1136	15.759
1137	14.796
1138	15.194
1139	14.143
1140	14.516
1141	13.665
1142	13.973
1143	13.068
1144	13.369
1145	12.46
1146	12.777
1147	11.911
1148	12.23
1149	11.405
1150	11.679
1151	11.041
1152	11.236
1153	10.783
1154	10.66
1155	10.698
1156	10.687
1157	10.702
1158	10.333
1159	8.3624
1160	9.6843
1161	4.2426
1162	6.2992
1163	2.6302
1164	6.8925
1165	4.4601
1166	9.3306
1167	9.8422
1168	9.9615
1169	10.14
1170	9.9986
1171	10.508
1172	11.023
1173	10.737
1174	11.633
1175	12.304
1176	11.975
1177	12.982
1178	13.728
1179	13.379
1180	14.437
1181	14.106
1182	15.103
1183	14.8
1184	15.73
1185	15.448
1186	16.319
1187	16.051
1188	16.866
1189	16.622
1190	17.367
1191	17.142
1192	17.803
1193	17.636
1194	18.201
1195	18.025
1196	18.535
1197	18.382
1198	18.822
1199	18.698
1200	19.067
1201	18.96
1202	19.27
1203	19.183
1204	19.453
1205	19.375
1206	19.593
1207	19.538
1208	19.704
1209	19.662
1210	19.787
1211	19.757
1212	19.851
1213	19.828
1214	19.886
1215	19.882
1216	19.909
1217	19.906
1218	19.923
1219	19.924
1220	19.91
1221	19.923
1222	19.9
1223	19.911
1224	19.878
1225	19.894
1226	19.852
1227	19.868
1228	19.818
1229	19.838
1230	19.781
1231	19.801
1232	19.741
1233	19.763
1234	19.702
1235	19.724
1236	19.663
1237	19.684
1238	19.624
1239	19.646
1240	19.587
1241	19.548
1242	19.57
1243	19.516
1244	19.533
1245	19.482
1246	19.5
1247	19.452
1248	19.468
1249	19.424
1250	19.44
1251	19.401
1252	19.414
1253	19.376
1254	19.39
1255	19.354
1256	19.367
1257	19.337
1258	19.347
1259	19.322
1260	19.321
1261	19.309
1262	19.294
1263	19.303
1264	19.288
1265	19.281
1266	19.273
1267	19.268
1268	19.264
1269	19.263
1270	19.263
1271	19.263
1272	19.267
1273	19.266
1274	19.264
1275	19.267
1276	19.269
1277	19.271
1278	19.27
1279	19.271
1280	19.273
1281	19.273
1282	19.275
1283	19.274
1284	19.277
1285	19.28
1286	19.28
1287	19.279
1288	19.285
1289	19.285
1290	19.285
1291	19.289
1292	19.29
1293	19.289
1294	19.292
1295	19.29
1296	19.292
1297	19.288
1298	19.292
1299	19.289
1300	19.293
1301	19.287
1302	19.292
1303	19.286
1304	19.292
1305	19.281
1306	19.287
1307	19.276
1308	19.283
1309	19.268
1310	19.277
1311	19.265
1312	19.27
1313	19.26
1314	19.265
1315	19.26
1316	19.26
1317	19.264
1318	19.267
1319	19.277
1320	1.5589
1321	0.79525
1322	0.6682
1323	0.61806
1324	0.49189
1325	0.46931
1326	0.45183
1327	0.44437
1328	0.43023
1329	0.41515
1330	0.4257
1331	0.41673
1332	0.43394
1333	0.43882
1334	0.46011
1335	0.47718
1336	0.48691
1337	0.50776
1338	0.5228
1339	0.55974
1340	0.59197
1341	0.61209
1342	0.6334
1343	0.64386
1344	0.66521
1345	0.67904
1346	0.71777
1347	0.75714
1348	0.80365
1349	0.81447
1350	0.83653
1351	0.82134
1352	0.83112
1353	0.8438
1354	0.83527
1355	0.85872
1356	0.87577
1357	0.91002
1358	0.93631
1359	0.92394
1360	0.9355
1361	0.95486
1362	0.97318
1363	0.99729
1364	1.0448
1365	1.0652
1366	1.0835
1367	1.1788
1368	1.2761
1369	1.3091
1370	1.4585
1371	1.6425
1372	1.8947
1373	2.1926
1374	2.4621
1375	2.8469
1376	3.0574
1377	3.2252
1378	3.6358
1379	4.0794
1380	4.4552
1381	4.6944
1382	4.7278
1383	4.6674
1384	4.1739
1385	3.0742
1386	2.191
1387	3.1484
1388	7.3516
1389	7.3926
1390	7.1553
1391	6.3711
1392	5.3523
1393	3.2514
1394	2.6437
1395	3.3774
1396	3.8821
1397	4.28
1398	4.8227
1399	5.0829
1400	5.3273
1401	5.9549
1402	6.279
1403	6.5887
1404	6.8958
1405	7.1646
1406	7.6998
1407	8.249
1408	8.4999
1409	8.7344
1410	8.9477
1411	9.1838
1412	9.4508
1413	9.7284
1414	10.272
1415	10.806
1416	11.073
1417	11.327
1418	11.624
1419	11.889
1420	12.164
1421	12.436
1422	12.71
1423	12.996
1424	13.581
1425	13.85
1426	14.1
1427	14.344
1428	14.581
1429	15.019
1430	15.251
1431	15.474
1432	15.689
1433	15.975
1434	16.184
1435	16.338
1436	16.459
1437	16.604
1438	16.742
1439	16.843
1440	16.914
1441	17.024
1442	17.261
1443	17.392
1444	17.46
1445	17.562
1446	17.62
1447	17.619
1448	17.717
1449	17.76
1450	17.721
1451	17.728
1452	17.83
1453	17.831
1454	17.838
1455	17.724
1456	17.642
1457	17.542
1458	17.273
1459	16.929
1460	16.5
1461	16.005
1462	15.476
1463	15.177
1464	14.92
1465	14.53
1466	14.205
1467	13.485
1468	12.8
1469	12.577
1470	12.223
1471	11.658
1472	11.481
1473	11.125
1474	10.758
1475	10.598
1476	10.637
1477	10.764
1478	10.907
1479	11.393
1480	11.761
1481	12.085
1482	12.718
1483	11.574
1484	5.2451
1485	8.3519
1486	11.126
1487	11.965
1488	12.219
1489	12.048
1490	11.876
1491	11.478
1492	11.251
1493	11.038
1494	10.94
1495	10.848
1496	10.864
1497	10.915
1498	11.015
1499	11.189
1500	11.397
1501	11.648
1502	11.919
1503	12.231
1504	12.527
1505	12.877
1506	13.196
1507	13.589
1508	13.887
1509	14.25
1510	14.559
1511	15.21
1512	15.831
1513	16.123
1514	16.402
1515	16.68
1516	16.931
1517	17.399
1518	17.83
1519	18.199
1520	18.515
1521	18.788
1522	19.024
1523	19.22
1524	19.383
1525	19.512
1526	19.612
1527	19.689
1528	19.744
1529	19.778
1530	19.798
1531	19.796
1532	19.797
1533	19.783
1534	19.761
1535	19.734
1536	19.704
1537	19.67
1538	19.635
1539	19.598
1540	19.56
1541	19.545
1542	19.524
1543	19.509
1544	19.487
1545	19.457
1546	19.442
1547	19.424
1548	19.397
1549	19.386
1550	19.37
1551	19.346
1552	19.338
1553	19.322
1554	19.299
1555	19.281
1556	19.268
1557	19.262
1558	19.262
1559	19.256
1560	19.25
1561	19.244
1562	19.237
1563	19.237
1564	19.228
1565	19.225
1566	19.221
1567	19.218
1568	19.212
1569	19.211
1570	19.207
1571	19.208
1572	19.204
1573	19.206
1574	19.202
1575	19.202
1576	19.198
1577	19.2
1578	19.199
1579	19.202
1580	19.201
1581	19.2
1582	19.202
1583	19.202
1584	19.205
1585	19.204
1586	19.206
1587	19.206
1588	19.207
1589	19.202
1590	19.209
1591	19.211
1592	19.216
1593	19.215
1594	19.218
1595	19.215
1596	19.219
1597	19.218
1598	19.221
1599	19.221
1600	19.224
1601	19.222
1602	19.224
1603	19.223
1604	19.224
1605	19.222
1606	19.222
1607	19.216
1608	19.221
1609	19.215
1610	19.219
1611	19.214
1612	19.215
1613	19.207
1614	19.209
1615	19.205
1616	19.203
1617	19.197
1618	19.195
1619	19.191
1620	19.188
1621	19.179
1622	19.181
1623	19.18
1624	19.186
1625	19.19
1626	19.187
1627	1.0588
1628	1.8554
1629	2.0008
1630	1.6363
1631	1.752
1632	1.4889
1633	1.5692
1634	1.4108
1635	1.4386
1636	1.3186
1637	1.3352
1638	1.2452
1639	1.2872
1640	1.2355
1641	1.2347
1642	1.2173
1643	1.2027
1644	1.2174
1645	1.2008
1646	1.2123
1647	1.2006
1648	1.1512
1649	1.221
1650	1.2613
1651	1.2439
1652	1.2637
1653	1.2776
1654	1.2985
1655	1.3077
1656	1.3548
1657	1.3553
1658	1.3872
1659	1.4182
1660	1.4302
1661	1.4385
1662	1.4491
1663	1.4704
1664	1.512
1665	1.5145
1666	1.5561
1667	1.5969
1668	1.5672
1669	1.5826
1670	1.5905
1671	1.6017
1672	1.6172
1673	1.6225
1674	1.6431
1675	1.6345
1676	1.6467
1677	1.6204
1678	1.65
1679	1.643
1680	1.6533
1681	1.6636
1682	1.6691
1683	1.683
1684	1.6906
1685	1.695
1686	1.7163
1687	1.7207
1688	1.717
1689	1.7471
1690	1.7553
1691	1.7738
1692	1.7797
1693	1.8626
1694	1.8376
1695	1.9957
1696	1.9405
1697	2.1476
1698	2.0853
1699	2.3683
1700	2.2471
1701	2.5717
1702	2.4468
1703	2.8566
1704	2.6789
1705	3.1696
1706	3.0005
1707	3.4866
1708	3.3225
1709	3.896
1710	3.662
1711	4.1763
1712	4.0065
1713	4.4921
1714	4.3638
1715	4.7635
1716	4.6506
1717	4.9248
1718	4.8996
1719	4.8941
1720	4.9512
1721	4.5837
1722	4.7835
1723	3.9188
1724	4.2983
1725	2.9316
1726	3.4511
1727	2.0075
1728	2.4129
1729	1.766
1730	1.755
1731	2.055
1732	1.9571
1733	1.9867
1734	2.0882
1735	2.0337
1736	1.9416
1737	2.3824
1738	2.1923
1739	2.9497
1740	2.6186
1741	3.7048
1742	3.3164
1743	4.495
1744	4.1001
1745	5.256
1746	4.8745
1747	6.0031
1748	5.6325
1749	6.7251
1750	6.3685
1751	7.3997
1752	7.0694
1753	8.0531
1754	7.7293
1755	8.6529
1756	8.356
1757	9.2309
1758	8.9447
1759	9.7933
1760	9.5179
1761	10.328
1762	10.05
1763	10.847
1764	10.594
1765	11.324
1766	11.093
1767	11.775
1768	11.546
1769	12.265
1770	12.015
1771	12.765
1772	12.518
1773	13.23
1774	13.005
1775	13.682
1776	13.466
1777	14.078
1778	13.881
1779	14.511
1780	14.285
1781	14.947
1782	14.738
1783	15.334
1784	15.146
1785	15.695
1786	15.518
1787	16.054
1788	15.877
1789	16.45
1790	16.245
1791	16.889
1792	16.669
1793	17.274
1794	17.095
1795	17.603
1796	17.452
1797	17.854
1798	17.741
1799	18.045
1800	17.966
1801	18.137
1802	18.116
1803	18.198
1804	18.195
1805	18.169
1806	18.219
1807	18.01
1808	18.135
1809	17.884
1810	17.993
1811	17.656
1812	17.846
1813	17.398
1814	17.626
1815	16.952
1816	17.278
1817	16.28
1818	16.758
1819	16.18
1820	15.369
1821	15.622
1822	14.624
1823	14.916
1824	13.84
1825	14.102
1826	12.914
1827	13.478
1828	12.072
1829	12.591
1830	11.161
1831	11.635
1832	10.323
1833	10.722
1834	9.5208
1835	9.8114
1836	8.9741
1837	9.3138
1838	8.3092
1839	8.6159
1840	6.8626
1841	7.7012
1842	5.317
1843	5.9348
1844	5.5481
1845	7.0209
1846	4.8489
1847	6.085
1848	5.4573
1849	4.7795
1850	7.0345
1851	6.2863
1852	7.7471
1853	7.4174
1854	8.4194
1855	8.0073
1856	9.0545
1857	8.6601
1858	9.8914
1859	9.4303
1860	10.825
1861	10.349
1862	11.741
1863	11.279
1864	12.641
1865	12.202
1866	13.49
1867	13.087
1868	14.345
1869	13.944
1870	15.061
1871	14.742
1872	15.782
1873	15.466
1874	16.429
1875	16.151
1876	16.972
1877	16.766
1878	17.512
1879	17.273
1880	17.938
1881	17.759
1882	18.346
1883	18.191
1884	18.712
1885	18.557
1886	18.975
1887	18.871
1888	19.238
1889	19.136
1890	19.443
1891	19.362
1892	19.603
1893	19.543
1894	19.761
1895	19.7
1896	19.873
1897	19.827
1898	19.948
1899	19.924
1900	20.014
1901	19.993
1902	20.051
1903	20.039
1904	20.071
1905	20.082
1906	20.065
1907	20.076
1908	20.069
1909	20.076
1910	20.043
1911	20.067
1912	20.016
1913	20.037
1914	19.982
1915	20.005
1916	19.949
1917	19.969
1918	19.908
1919	19.937
1920	19.864
1921	19.89
1922	19.819
1923	19.844
1924	19.773
1925	19.799
1926	19.731
1927	19.754
1928	19.69
1929	19.715
1930	19.651
1931	19.673
1932	19.608
1933	19.633
1934	19.575
1935	19.593
1936	19.542
1937	19.559
1938	19.511
1939	19.528
1940	19.483
1941	19.5
1942	19.459
1943	19.475
1944	19.431
1945	19.447
1946	19.414
1947	19.426
1948	19.396
1949	19.405
1950	19.381
1951	19.386
1952	19.369
1953	19.375
1954	19.357
1955	19.364
1956	19.347
1957	19.36
1958	19.342
1959	19.347
1960	19.335
1961	19.341
1962	19.33
1963	19.336
1964	19.326
1965	19.333
1966	19.325
1967	19.332
1968	19.33
1969	19.331
1970	19.33
1971	19.333
1972	19.334
1973	19.331
1974	19.333
1975	19.332
1976	19.336
1977	19.335
1978	19.339
1979	19.342
1980	19.339
1981	19.34
1982	19.343
1983	19.345
1984	19.341
1985	19.345
1986	19.349
1987	19.349
1988	19.351
1989	19.353
1990	19.353
1991	19.355
1992	19.359
1993	19.359
1994	19.359
1995	19.362
1996	19.36
1997	19.362
1998	19.36
1999	19.363
2000	19.358
2001	19.364
2002	19.36
2003	19.364
2004	19.358
2005	19.363
2006	19.355
2007	19.36
2008	19.351
2009	19.356
2010	19.348
2011	19.351
2012	19.345
2013	19.347
2014	19.341
2015	19.347
2016	19.339
2017	19.345
2018	19.351
2019	19.336
2020	19.345
2021	19.353
2022	19.267
2023	19.339
2024	19.347
2025	1.7534
2026	19.195
2027	0.55316
2028	0.50256
2029	0.43324
2030	0.34783
2031	0.33328
2032	0.30205
2033	0.30996
2034	0.29625
2035	0.31056
2036	0.33404
2037	0.35181
2038	0.38365
2039	0.40144
2040	0.43007
2041	0.46037
2042	0.47031
2043	0.50367
2044	0.52963
2045	0.51496
2046	0.57338
2047	0.58644
2048	0.65279
2049	0.61937
2050	0.65166
2051	0.64692
2052	0.67262
2053	0.68682
2054	0.71644
2055	0.72207
2056	0.76045
2057	0.76063
2058	0.79415
2059	0.76703
2060	0.81274
2061	0.85776
2062	0.83611
2063	0.84894
2064	0.88913
2065	0.87958
2066	0.91912
2067	0.83482
2068	0.90856
2069	0.89
2070	0.93096
2071	0.9508
2072	1.0035
2073	0.96469
2074	0.97287
2075	0.96803
2076	0.94266
2077	0.97908
2078	0.98999
2079	0.97229
2080	1.0007
2081	0.96515
2082	0.97494
2083	0.95728
2084	0.96667
2085	0.94831
2086	0.97649
2087	0.91159
2088	0.89912
2089	0.9082
2090	0.88608
2091	0.87376
2092	0.85067
2093	0.83416
2094	0.81472
2095	0.7969
2096	0.77915
2097	0.76222
2098	0.75935
2099	0.75413
2100	0.75506
2101	0.78537
2102	0.85323
2103	0.86076
2104	0.89739
2105	0.97223
2106	1.0298
2107	1.1415
2108	1.5069
2109	1.6865
2110	1.8096
2111	1.9808
2112	2.1939
2113	2.3676
2114	2.5936
2115	2.7724
2116	3.0368
2117	3.2744
2118	3.5343
2119	3.7777
2120	4.039
2121	4.2747
2122	4.5013
2123	4.6824
2124	4.8085
2125	4.8478
2126	4.8044
2127	4.5487
2128	4.1288
2129	3.2464
2130	2.5434
2131	3.2624
2132	4.7181
2133	6.0785
2134	6.871
2135	9.1599
2136	10.685
2137	10.888
2138	10.333
2139	8.8056
2140	6.8546
2141	5.0068
2142	3.8668
2143	3.2232
2144	3.1549
2145	3.6565
2146	3.9225
2147	4.2583
2148	4.7186
2149	4.9936
2150	5.149
2151	5.2252
2152	5.4925
2153	5.7611
2154	5.9922
2155	6.4119
2156	6.7529
2157	6.9835
2158	7.3067
2159	7.6075
2160	7.8568
2161	8.1197
2162	8.3963
2163	8.6623
2164	8.8756
2165	9.0941
2166	9.355
2167	9.612
2168	9.8677
2169	10.148
2170	10.432
2171	10.99
2172	11.291
2173	11.581
2174	11.862
2175	12.155
2176	12.438
2177	12.716
2178	13.002
2179	13.291
2180	13.582
2181	13.873
2182	14.152
2183	14.42
2184	14.679
2185	14.927
2186	15.179
2187	15.393
2188	15.621
2189	15.85
2190	16.079
2191	16.325
2192	16.541
2193	16.713
2194	16.865
2195	17.018
2196	17.156
2197	17.273
2198	17.37
2199	17.471
2200	17.58
2201	17.684
2202	17.782
2203	17.865
2204	17.955
2205	18.032
2206	18.09
2207	18.17
2208	18.216
2209	18.24
2210	18.182
2211	18.181
2212	18.184
2213	18.21
2214	18.169
2215	18.132
2216	18.023
2217	17.924
2218	17.777
2219	17.643
2220	17.465
2221	17.276
2222	17.058
2223	16.823
2224	16.559
2225	16.285
2226	15.99
2227	15.674
2228	15.345
2229	15.005
2230	14.644
2231	14.291
2232	13.864
2233	13.455
2234	13.076
2235	12.624
2236	12.229
2237	11.751
2238	11.411
2239	10.994
2240	10.751
2241	10.325
2242	10.096
2243	9.6631
2244	9.6109
2245	9.4438
2246	9.4199
2247	9.4294
2248	9.6167
2249	9.8106
2250	10.204
2251	10.587
2252	11.13
2253	11.737
2254	12.436
2255	13.225
2256	14.122
2257	15.077
2258	16.606
2259	14.975
2260	8.9635
2261	11.405
2262	15.251
2263	16.566
2264	15.775
2265	15.141
2266	14.153
2267	13.478
2268	12.752
2269	11.729
2270	11.36
2271	11.073
2272	10.787
2273	10.768
2274	10.856
2275	11.219
2276	11.448
2277	11.743
2278	12.384
2279	12.699
2280	13.089
2281	13.801
2282	14.138
2283	14.501
2284	14.821
2285	15.481
2286	15.805
2287	16.097
2288	16.384
2289	16.654
2290	16.938
2291	17.143
2292	17.38
2293	17.587
2294	17.793
2295	17.973
2296	18.161
2297	18.308
2298	18.466
2299	18.601
2300	18.731
2301	18.844
2302	18.961
2303	19.057
2304	19.15
2305	19.228
2306	19.302
2307	19.367
2308	19.426
2309	19.478
2310	19.528
2311	19.56
2312	19.597
2313	19.625
2314	19.651
2315	19.668
2316	19.686
2317	19.693
2318	19.701
2319	19.702
2320	19.71
2321	19.707
2322	19.704
2323	19.698
2324	19.696
2325	19.682
2326	19.678
2327	19.659
2328	19.651
2329	19.633
2330	19.624
2331	19.601
2332	19.593
2333	19.571
2334	19.556
2335	19.537
2336	19.522
2337	19.503
2338	19.488
2339	19.469
2340	19.453
2341	19.434
2342	19.421
2343	19.401
2344	19.387
2345	19.367
2346	19.358
2347	19.343
2348	19.331
2349	19.316
2350	19.306
2351	19.291
2352	19.282
2353	19.268
2354	19.259
2355	19.245
2356	19.237
2357	19.227
2358	19.214
2359	19.207
2360	19.205
2361	19.199
2362	19.192
2363	19.185
2364	19.177
2365	19.168
2366	19.168
2367	19.161
2368	19.152
2369	19.15
2370	19.145
2371	19.143
2372	19.145
2373	19.14
2374	19.138
2375	19.139
2376	19.137
2377	19.136
2378	19.14
2379	19.14
2380	19.137
2381	19.14
2382	19.139
2383	19.144
2384	19.141
2385	19.143
2386	19.142
2387	19.143
2388	19.141
2389	19.146
2390	19.148
2391	19.154
2392	19.152
2393	19.157
2394	19.15
2395	19.155
2396	19.154
2397	19.155
2398	19.155
2399	19.162
2400	19.157
2401	19.159
2402	19.156
2403	19.161
2404	19.157
2405	19.155
2406	19.152
2407	19.157
2408	19.151
2409	19.155
2410	19.148
2411	19.147
2412	19.143
2413	19.14
2414	19.135
2415	19.138
2416	19.129
2417	19.128
2418	19.118
2419	19.114
2420	19.107
2421	19.105
2422	19.1
2423	19.105
2424	19.111
2425	19.105
2426	19.111
2427	19.11
2428	8.9132
2429	19.345
2430	19.129
2431	0.64862
2432	2.871
2433	2.6726
2434	2.5264
2435	2.3682
2436	2.2395
2437	2.1299
2438	2.0172
2439	1.975
2440	1.8823
2441	1.816
2442	1.7859
2443	1.7062
2444	1.6841
2445	1.6556
2446	1.6409
2447	1.6552
2448	1.6299
2449	1.6623
2450	1.6077
2451	1.6402
2452	1.6413
2453	1.6613
2454	1.7136
2455	1.6751
2456	1.7349
2457	1.7138
2458	1.7809
2459	1.7779
2460	1.8031
2461	1.819
2462	1.8898
2463	1.8765
2464	1.9023
2465	1.8606
2466	2.0003
2467	1.9602
2468	1.9968
2469	1.994
2470	2.0487
2471	2.0307
2472	2.0539
2473	2.0442
2474	2.091
2475	2.0852
2476	2.1114
2477	2.1023
2478	2.1251
2479	2.0844
2480	2.1617
2481	2.1573
2482	2.1157
2483	2.1641
2484	2.1932
2485	2.1213
2486	2.1575
2487	2.1235
2488	2.1986
2489	2.16
2490	2.1568
2491	2.1547
2492	2.1857
2493	2.1512
2494	2.1484
2495	2.1507
2496	2.1521
2497	2.1266
2498	2.1443
2499	2.1502
2500	2.1467
2501	2.145
2502	2.1843
2503	2.1693
2504	2.2002
2505	2.1991
2506	2.2316
2507	2.2528
2508	2.3507
2509	2.3681
2510	2.4816
2511	2.5389
2512	2.6186
2513	2.7612
2514	2.8516
2515	3.0041
2516	3.1454
2517	3.3088
2518	3.4667
2519	3.675
2520	3.8273
2521	3.9881
2522	4.1855
2523	4.3777
2524	4.5029
2525	4.6853
2526	4.9088
2527	5.003
2528	5.1426
2529	5.1722
2530	5.2542
2531	5.2391
2532	5.1327
2533	4.9796
2534	4.7095
2535	4.381
2536	4.004
2537	3.5451
2538	3.1028
2539	2.724
2540	2.4948
2541	2.4296
2542	2.5704
2543	2.8449
2544	3.0838
2545	3.2941
2546	3.1094
2547	3.0598
2548	3.2443
2549	3.1754
2550	3.1923
2551	3.3366
2552	3.5532
2553	3.8235
2554	4.146
2555	4.8393
2556	5.204
2557	5.5723
2558	5.9401
2559	6.3046
2560	6.6628
2561	7.0129
2562	7.3543
2563	7.6886
2564	8.0125
2565	8.3223
2566	8.6206
2567	8.9092
2568	9.1914
2569	9.4644
2570	9.7269
2571	9.9819
2572	10.234
2573	10.479
2574	10.715
2575	10.944
2576	11.166
2577	11.382
2578	11.599
2579	11.819
2580	12.041
2581	12.264
2582	12.485
2583	12.704
2584	12.919
2585	13.138
2586	13.352
2587	13.562
2588	13.774
2589	13.994
2590	14.221
2591	14.451
2592	14.674
2593	14.894
2594	15.112
2595	15.325
2596	15.536
2597	15.745
2598	15.952
2599	16.16
2600	16.391
2601	16.628
2602	16.853
2603	17.079
2604	17.312
2605	17.544
2606	17.775
2607	17.973
2608	18.152
2609	18.356
2610	18.53
2611	18.713
2612	18.772
2613	18.957
2614	19.045
2615	19.248
2616	19.193
2617	19.395
2618	19.34
2619	19.411
2620	19.388
2621	19.438
2622	19.342
2623	19.297
2624	19.184
2625	18.889
2626	18.741
2627	18.35
2628	18.22
2629	17.508
2630	17.191
2631	16.764
2632	16.389
2633	15.778
2634	15.29
2635	14.776
2636	13.458
2637	12.697
2638	12.019
2639	11.258
2640	10.51
2641	9.7658
2642	9.0186
2643	8.3653
2644	7.8277
2645	7.3829
2646	7.1729
2647	7.1995
2648	7.4051
2649	7.6687
2650	8.0201
2651	8.4768
2652	8.0467
2653	7.6011
2654	7.4088
2655	7.1449
2656	6.846
2657	6.487
2658	6.2915
2659	6.2302
2660	6.359
2661	6.7653
2662	7.2164
2663	7.8604
2664	8.4882
2665	9.2151
2666	9.8912
2667	10.565
2668	11.222
2669	11.842
2670	12.473
2671	13.033
2672	13.57
2673	14.09
2674	14.601
2675	15.015
2676	15.536
2677	15.888
2678	16.273
2679	16.614
2680	16.961
2681	17.194
2682	17.563
2683	17.82
2684	18.085
2685	18.31
2686	18.563
2687	18.709
2688	18.929
2689	19.061
2690	19.233
2691	19.324
2692	19.523
2693	19.584
2694	19.702
2695	19.777
2696	19.871
2697	19.931
2698	20.009
2699	20.049
2700	20.12
2701	20.148
2702	20.185
2703	20.213
2704	20.247
2705	20.255
2706	20.28
2707	20.281
2708	20.292
2709	20.274
2710	20.289
2711	20.279
2712	20.274
2713	20.256
2714	20.253
2715	20.225
2716	20.214
2717	20.191
2718	20.176
2719	20.149
2720	20.131
2721	20.102
2722	20.079
2723	20.054
2724	20.03
2725	20.002
2726	19.978
2727	19.952
2728	19.927
2729	19.898
2730	19.879
2731	19.85
2732	19.828
2733	19.799
2734	19.78
2735	19.754
2736	19.736
2737	19.714
2738	19.696
2739	19.673
2740	19.654
2741	19.635
2742	19.62
2743	19.601
2744	19.587
2745	19.57
2746	19.56
2747	19.543
2748	19.534
2749	19.518
2750	19.507
2751	19.493
2752	19.484
2753	19.474
2754	19.465
2755	19.457
2756	19.449
2757	19.443
2758	19.437
2759	19.431
2760	19.429
2761	19.422
2762	19.419
2763	19.413
2764	19.414
2765	19.408
2766	19.405
2767	19.402
2768	19.404
2769	19.399
2770	19.4
2771	19.397
2772	19.401
2773	19.397
2774	19.397
2775	19.398
2776	19.401
2777	19.399
2778	19.399
2779	19.401
2780	19.401
2781	19.4
2782	19.407
2783	19.406
2784	19.412
2785	19.409
2786	19.411
2787	19.411
2788	19.417
2789	19.415
2790	19.416
2791	19.417
2792	19.423
2793	19.423
2794	19.427
2795	19.426
2796	19.429
2797	19.428
2798	19.433
2799	19.433
2800	19.434
2801	19.434
2802	19.438
2803	19.436
2804	19.439
2805	19.438
2806	19.44
2807	19.438
2808	19.442
2809	19.439
2810	19.441
2811	19.437
2812	19.439
2813	19.435
2814	19.436
2815	19.432
2816	19.433
2817	19.429
2818	19.428
2819	19.427
2820	19.43
2821	19.424
2822	19.423
2823	19.421
2824	19.421
2825	19.427
2826	19.429
2827	19.428
2828	19.433
2829	19.427
2830	19.431
2831	19.334
2832	19.426
2833	1.926
2834	1.377
2835	0.78047
2836	9.1262e-002
2837	0.1008
2838	0.10465
2839	0.13135
2840	0.1803
2841	0.2553
2842	0.2978
2843	0.42564
2844	0.46511
2845	0.53915
2846	0.58654
2847	0.65572
2848	0.68895
2849	0.75778
2850	0.77265
2851	0.84313
2852	0.88152
2853	0.86939
2854	0.95222
2855	1.0361
2856	1.0217
2857	1.065
2858	1.0768
2859	1.1419
2860	1.1193
2861	1.1814
2862	1.2031
2863	1.2265
2864	1.2385
2865	1.2679
2866	1.2757
2867	1.3456
2868	1.3331
2869	1.347
2870	1.3124
2871	1.399
2872	1.4192
2873	1.4056
2874	1.4053
2875	1.4566
2876	1.4535
2877	1.4693
2878	1.4444
2879	1.5129
2880	1.4738
2881	1.5089
2882	1.4675
2883	1.5191
2884	1.4497
2885	1.5097
2886	1.4991
2887	1.4847
2888	1.5304
2889	1.5166
2890	1.4764
2891	1.5063
2892	1.4622
2893	1.4762
2894	1.453
2895	1.4448
2896	1.3774
2897	1.4175
2898	1.3766
2899	1.3288
2900	1.3049
2901	1.2991
2902	1.2189
2903	1.2021
2904	1.1541
2905	1.1366
2906	1.0414
2907	1.0139
2908	0.95796
2909	0.90457
2910	0.83287
2911	0.77023
2912	0.69931
2913	0.62892
2914	0.56919
2915	0.51658
2916	0.46649
2917	0.51863
2918	0.51618
2919	0.60865
2920	0.69064
2921	0.8565
2922	0.9529
2923	1.1503
2924	1.3232
2925	1.5233
2926	1.7644
2927	1.9447
2928	2.1883
2929	2.3997
2930	2.671
2931	2.9064
2932	3.216
2933	3.5129
2934	3.8272
2935	4.1259
2936	4.4434
2937	4.7445
2938	4.9979
2939	5.19
2940	5.3573
2941	5.294
2942	5.0151
2943	4.3798
2944	3.9059
2945	4.2684
2946	5.8237
2947	6.9569
2948	7.8211
2949	10.107
2950	12.761
2951	15.727
2952	16.551
2953	15.218
2954	11.694
2955	8.0063
2956	5.2703
2957	4.0793
2958	3.9997
2959	4.3008
2960	4.1734
2961	4.5982
2962	5.1141
2963	5.2858
2964	5.4634
2965	5.5004
2966	5.3326
2967	5.6906
2968	6.4377
2969	6.5383
2970	6.8133
2971	7.2939
2972	7.4484
2973	7.7339
2974	8.0159
2975	8.4213
2976	8.5969
2977	8.7736
2978	9.0058
2979	9.3439
2980	9.4632
2981	9.7416
2982	10.117
2983	10.284
2984	10.564
2985	11.241
2986	11.531
2987	11.833
2988	12.151
2989	12.722
2990	13.033
2991	13.34
2992	13.611
2993	13.909
2994	14.226
2995	14.492
2996	14.771
2997	15.053
2998	15.297
2999	15.548
3000	15.788
3001	16.018
3002	16.284
3003	16.734
3004	16.96
3005	17.133
3006	17.301
3007	17.465
3008	17.737
3009	17.849
3010	17.95
3011	18.046
3012	18.133
3013	18.214
3014	18.378
3015	18.487
3016	18.604
3017	18.715
3018	18.799
3019	18.834
3020	18.752
3021	18.801
3022	18.768
3023	18.774
3024	18.722
3025	18.664
3026	18.514
3027	18.394
3028	18.223
3029	18.069
3030	17.836
3031	17.631
3032	17.386
3033	17.119
3034	16.787
3035	16.534
3036	16.125
3037	15.826
3038	15.465
3039	15.063
3040	14.646
3041	14.196
3042	13.785
3043	13.322
3044	12.82
3045	12.31
3046	11.797
3047	11.263
3048	10.733
3049	10.19
3050	9.7177
3051	9.2313
3052	8.8088
3053	8.3968
3054	8.1263
3055	7.8637
3056	7.8672
3057	7.9494
3058	8.2267
3059	8.5377
3060	9.2522
3061	9.9417
3062	10.854
3063	11.839
3064	12.933
3065	14.157
3066	15.51
3067	17.002
3068	18.86
3069	20.874
3070	24.262
3071	12.048
3072	26.273
3073	23.796
3074	19.038
3075	17.426
3076	16.063
3077	14.898
3078	13.855
3079	12.153
3080	11.561
3081	11.034
3082	10.442
3083	10.279
3084	10.321
3085	10.667
3086	10.866
3087	11.206
3088	11.927
3089	12.314
3090	12.723
3091	13.505
3092	13.891
3093	14.273
3094	14.637
3095	14.998
3096	15.333
3097	15.66
3098	15.965
3099	16.266
3100	16.534
3101	16.801
3102	17.041
3103	17.277
3104	17.493
3105	17.701
3106	17.886
3107	18.066
3108	18.225
3109	18.375
3110	18.514
3111	18.644
3112	18.76
3113	18.868
3114	18.966
3115	19.058
3116	19.134
3117	19.21
3118	19.276
3119	19.335
3120	19.386
3121	19.433
3122	19.471
3123	19.51
3124	19.533
3125	19.563
3126	19.582
3127	19.6
3128	19.609
3129	19.621
3130	19.624
3131	19.632
3132	19.631
3133	19.631
3134	19.624
3135	19.623
3136	19.61
3137	19.607
3138	19.594
3139	19.585
3140	19.569
3141	19.559
3142	19.54
3143	19.53
3144	19.51
3145	19.498
3146	19.478
3147	19.466
3148	19.446
3149	19.432
3150	19.415
3151	19.402
3152	19.382
3153	19.37
3154	19.351
3155	19.337
3156	19.319
3157	19.308
3158	19.291
3159	19.278
3160	19.262
3161	19.252
3162	19.237
3163	19.227
3164	19.215
3165	19.204
3166	19.193
3167	19.184
3168	19.173
3169	19.158
3170	19.156
3171	19.148
3172	19.143
3173	19.137
3174	19.128
3175	19.123
3176	19.11
3177	19.108
3178	19.104
3179	19.094
3180	19.093
3181	19.089
3182	19.085
3183	19.086
3184	19.082
3185	19.078
3186	19.081
3187	19.078
3188	19.073
3189	19.078
3190	19.082
3191	19.074
3192	19.078
3193	19.076
3194	19.08
3195	19.081
3196	19.082
3197	19.082
3198	19.083
3199	19.081
3200	19.085
3201	19.086
3202	19.09
3203	19.088
3204	19.092
3205	19.092
3206	19.098
3207	19.093
3208	19.094
3209	19.093
3210	19.096
3211	19.094
3212	19.095
3213	19.094
3214	19.096
3215	19.094
3216	19.096
3217	19.086
3218	19.091
3219	19.088
3220	19.088
3221	19.085
3222	19.082
3223	19.078
3224	19.078
3225	19.07
3226	19.067
3227	19.062
3228	19.058
3229	19.049
3230	19.043
3231	19.033
3232	19.032
3233	19.021
3234	19.026
3235	19.024
3236	19.026
3237	19.033
3238	19.042
3239	19.065
3240	19.103
3241	15.175
3242	15.438
3243	10.153
3244	16.105
3245	1.4758
3246	3.8758
3247	16.465
3248	1.5494
3249	16.299
3250	2.6662
3251	19.312
3252	19.36
3253	14.805
3254	19.414
3255	19.286
3256	19.474
3257	19.273
3258	19.266
3259	19.266
3260	4.3111
3261	13.898
3262	0.89474
3263	12.018
3264	19.295
3265	19.279
3266	19.27
3267	19.265
3268	19.264
3269	10.928
3270	13.353
3271	13.188
3272	1.6782
3273	1.1304
3274	3.642
3275	17.77
3276	0.82978
3277	17.693
3278	19.61
3279	2.1777
3280	15.991
3281	7.4279
3282	12.606
3283	10.69
3284	17.783
3285	0.9583
3286	12.682
3287	17.421
3288	3.8719
3289	4.5005
3290	1.6198
3291	2.2399
3292	0.85307
3293	0.93536
3294	9.047
3295	10.473
3296	0.93617
3297	1.3806
3298	0.74372
3299	4.751
3300	13.111
3301	11.553
3302	10.437
3303	10.659
3304	12.951
3305	16.095
3306	19.081
3307	19.089
3308	19.101
3309	19.117
3310	3.4478
3311	0.59247
3312	0.78554
3313	5.273
3314	4.9966
3315	1.1553
3316	13.433
3317	17.843
3318	12.034
3319	0.64865
3320	3.5277
3321	10.978
3322	10.886
3323	12.255
3324	0.42923
3325	19.141
3326	19.146
3327	19.16
3328	19.175
3329	14.031
3330	13.291
3331	2.507
3332	7.863
3333	17.691
3334	15.899
3335	2.3162
3336	14.182
3337	14.898
3338	17.538
3339	12.45
3340	16.593
3341	7.871
3342	0.87289
3343	10.928
3344	1.7144
3345	15.541
3346	1.1957
3347	0.99067
3348	15.155
3349	17.23
3350	15.372
3351	11.372
3352	4.5657
3353	4.6046
3354	2.0186
3355	0.81135
3356	0.60564
3357	0.47065
3358	5.1621
3359	0.45065
3360	1.2247
3361	7.1571
3362	14.018
3363	19.291
3364	2.4891
3365	2.2877
3366	7.7762
3367	10.708
3368	2.4043
3369	13.318
3370	7.9658
3371	17.116
3372	0.95685
3373	7.9805
3374	2.7043
3375	14.002
3376	4.4478
3377	4.1449
3378	14.078
3379	17.784
3380	19.619
3381	19.689
3382	1.7467
3383	19.752
3384	8.3788
3385	12.201
3386	19.793
3387	19.801
3388	19.766
3389	19.657
3390	19.452
3391	19.136
3392	18.667
3393	18.023
3394	17.194
3395	12.51
3396	9.3159
3397	9.827
3398	10.262
3399	10.308
3400	11.319
3401	12.66
3402	1.4826
3403	0.94535
3404	11.122
3405	0.77216
3406	10.889
3407	16.741
3408	8.4608
3409	0.54377
3410	8.425
3411	19.144
3412	10.484
3413	9.8816
3414	0.77463
3415	17.607
3416	4.121
3417	7.7098
3418	3.595
3419	4.1913
3420	14.262
3421	16.504
3422	0.88278
3423	3.1459
3424	8.1407
3425	1.3815
3426	0.56618
3427	15.757
3428	17.648
3429	18.389
3430	18.914
3431	9.6545
3432	19.313
3433	3.4517
3434	19.571
3435	19.725
3436	19.793
3437	19.802
3438	19.775
3439	19.721
3440	19.655
3441	19.581
3442	13.053
3443	14.894
3444	19.199
3445	10.541
3446	2.7704
3447	0.43852
3448	0.81964
3449	0.88511
3450	2.4993
3451	1.6388
3452	19.315
3453	0.9765
3454	1.2362
3455	7.7892
3456	4.4847
3457	1.342
3458	4.2953
3459	12.471
3460	10.386
3461	16.974
3462	18.288
3463	5.5346
3464	20.995
3465	7.2587
3466	10.9
3467	12.212
3468	2.0915
3469	26.379
3470	14.447
3471	0.41852
3472	0.70636
3473	1.9111
3474	19.202
3475	7.8502
3476	10.962
3477	0.49422
3478	3.6622
3479	0.83524
3480	0.73513
3481	1.5354
3482	17.672
3483	10.169
3484	17.287
3485	3.0816
3486	16.035
3487	8.5165
3488	1.6771
3489	1.6497
3490	13.81
3491	2.9049
3492	10.743
3493	5.5712
3494	5.1025
3495	5.7127
3496	17.138
3497	3.3851
3498	15.721
3499	11.725
3500	9.9993
3501	8.4041
3502	4.5718
3503	10.638
3504	9.1893
3505	12.862
3506	14.528
3507	2.8882
3508	11.13
3509	19.265
3510	19.27
3511	19.189
3512	19.188
3513	15.129
3514	16.83
3515	2.8442
3516	2.3595
3517	1.8567
3518	1.4779
3519	1.4808
3520	1.3096
3521	11.96
3522	5.5352
3523	5.8827
3524	5.4816
3525	5.8474
3526	5.4198
3527	5.7909
3528	3.9381
3529	4.3672
3530	3.8162
3531	4.2716
3532	19.267
3533	19.2
3534	5.3183
3535	5.0049
3536	4.1849
3537	5.0341
3538	4.2286
3539	16.31
3540	16.512
3541	16.387
3542	16.105
3543	16.175
3544	15.873
3545	15.959
3546	15.626
3547	15.734
3548	15.371
3549	15.504
3550	15.114
3551	15.271
3552	14.855
3553	15.035
3554	14.599
3555	14.799
3556	14.346
3557	14.562
3558	14.097
3559	14.326
3560	13.854
3561	14.09
3562	13.617
3563	13.858
3564	13.387
3565	13.631
3566	13.163
3567	13.412
3568	12.944
3569	13.197
3570	12.732
3571	12.983
3572	12.525
3573	12.77
3574	12.323
3575	12.56
3576	12.124
3577	12.351
3578	11.927
3579	12.142
3580	11.732
3581	11.933
3582	11.537
3583	11.725
3584	11.34
3585	11.517
3586	11.142
3587	11.31
3588	10.939
3589	11.102
3590	10.731
3591	10.889
3592	10.518
3593	10.669
3594	10.297
3595	10.442
3596	10.068
3597	10.207
3598	9.8295
3599	9.9648
3600	9.5814
3601	9.7157
3602	9.3227
3603	9.4578
3604	9.0527
3605	9.1892
3606	8.7707
3607	8.9101
3608	8.4766
3609	8.6215
3610	8.1702
3611	8.3222
3612	7.8514
3613	8.0108
3614	7.5207
3615	7.686
3616	7.1793
3617	7.3499
3618	6.8288
3619	7.0049
3620	6.4715
3621	6.6513
3622	6.1106
3623	6.2908
3624	5.7505
3625	5.9262
3626	5.3968
3627	5.5614
3628	5.0569
3629	5.2011
3630	4.7406
3631	4.8513
3632	4.4598
3633	4.5211
3634	4.2289
3635	4.2187
3636	4.0636
3637	3.9519
3638	3.9773
3639	3.7504
3640	3.979
3641	3.6191
3642	4.0706
3643	3.5714
3644	4.2514
3645	3.6188
3646	4.518
3647	3.7476
3648	3.9315
3649	21.203
3650	21.1
3651	20.147
3652	16.752
3653	16.613
3654	17.024
3655	16.852
3656	17.316
3657	17.103
3658	17.616
3659	17.366
3660	17.919
3661	17.632
3662	18.22
3663	17.899
3664	18.515
3665	18.145
3666	18.804
3667	18.377
3668	19.084
3669	18.623
3670	19.353
3671	18.846
3672	19.611
3673	19.07
3674	19.859
3675	19.218
3676	20.092
3677	19.435
3678	20.309
3679	19.59
3680	20.509
3681	19.801
3682	20.692
3683	19.861
3684	20.853
3685	20.057
3686	20.992
3687	20.099
3688	21.107
3689	20.202
3690	21.194
3691	20.24
3692	21.253
3693	20.306
3694	21.279
3695	20.278
3696	21.265
3697	20.262
3698	20.196
3699	7.0492
3700	6.9415
3701	7.1954
3702	20.957
3703	19.938
3704	20.767
3705	19.783
3706	20.531
3707	19.479
3708	20.245
3709	19.289
3710	19.904
3711	18.942
3712	19.509
3713	18.592
3714	19.057
3715	18.225
3716	18.548
3717	17.771
3718	17.977
3719	17.316
3720	17.343
3721	16.706
3722	16.651
3723	16.129
3724	15.897
3725	15.512
3726	15.082
3727	14.763
3728	14.207
3729	14.028
3730	13.281
3731	13.183
3732	12.31
3733	12.364
3734	11.31
3735	11.471
3736	10.302
3737	10.585
3738	9.3203
3739	9.6828
3740	8.4273
3741	8.808
3742	7.7191
3743	8.0162
3744	7.3335
3745	7.3835
3746	7.4091
3747	7.012
3748	7.9968
3749	7.0177
3750	9.0086
3751	7.4025
3752	10.233
3753	8.1741
3754	11.385
3755	9.0357
3756	12.164
3757	9.7603
3758	12.28
3759	10.153
3760	11.506
3761	10.026
3762	9.6639
3763	9.4905
3764	8.5166
3765	18.694
3766	18.936
3767	18.304
3768	18.424
3769	18.048
3770	18.127
3771	17.72
3772	17.802
3773	17.451
3774	17.445
3775	17.107
3776	17.054
3777	16.751
3778	16.629
3779	16.354
3780	16.166
3781	15.96
3782	15.663
3783	15.455
3784	15.119
3785	14.987
3786	14.532
3787	14.448
3788	13.899
3789	13.883
3790	13.224
3791	13.285
3792	12.502
3793	12.657
3794	11.735
3795	11.961
3796	10.93
3797	11.256
3798	10.09
3799	10.506
3800	9.2276
3801	9.7325
3802	8.3677
3803	8.9428
3804	7.5472
3805	8.1414
3806	6.8312
3807	7.3957
3808	6.325
3809	6.7146
3810	6.1672
3811	6.2198
3812	6.4734
3813	5.9766
3814	7.2545
3815	6.1027
3816	8.3915
3817	6.6055
3818	9.686
3819	7.3519
3820	10.886
3821	8.3281
3822	11.719
3823	9.1358
3824	11.903
3825	9.6486
3826	11.229
3827	9.6601
3828	9.5497
3829	9.1954
3830	8.4207
3831	19.518
3832	19.475
3833	19.517
3834	19.471
3835	19.515
3836	19.473
3837	19.513
3838	19.47
3839	19.511
3840	19.472
3841	19.509
3842	19.468
3843	19.508
3844	19.468
3845	19.507
3846	19.466
3847	19.507
3848	19.463
3849	19.507
3850	19.463
3851	19.507
3852	19.464
3853	19.508
3854	19.465
3855	19.509
3856	19.469
3857	19.511
3858	19.468
3859	19.512
3860	19.469
3861	19.513
3862	19.47
3863	19.514
3864	19.473
3865	19.515
3866	19.473
3867	19.516
3868	19.475
3869	19.517
3870	19.475
3871	19.518
3872	19.478
3873	19.518
3874	19.477
3875	19.518
3876	19.479
3877	19.518
3878	19.478
3879	19.518
3880	19.479
3881	19.517
3882	19.477
3883	19.517
3884	19.478
3885	19.516
3886	19.476
3887	19.515
3888	19.476
3889	19.513
3890	19.474
3891	19.512
3892	19.475
3893	19.511
3894	19.472
3895	19.509
3896	19.471
3897	19.507
3898	19.47
3899	19.506
3900	19.469
3901	19.504
3902	19.466
3903	19.502
3904	19.465
3905	19.5
3906	19.463
3907	19.498
3908	19.462
3909	19.496
3910	19.459
3911	19.494
3912	19.458
3913	19.492
3914	19.454
3915	19.49
3916	19.453
3917	19.488
3918	19.451
3919	19.486
3920	19.451
3921	19.484
3922	19.447
3923	19.482
3924	19.447
3925	19.48
3926	19.445
3927	19.478
3928	19.445
3929	19.477
3930	19.441
3931	19.475
3932	19.441
3933	19.474
3934	19.437
3935	19.472
3936	19.436
3937	19.471
3938	19.436
3939	19.47
3940	19.434
3941	19.469
3942	19.434
3943	19.468
3944	19.434
3945	19.467
3946	19.432
3947	19.467
3948	19.432
3949	19.467
3950	19.431
3951	19.467
3952	19.434
3953	19.467
3954	19.431
3955	19.468
3956	19.433
3957	19.468
3958	19.433
3959	19.469
3960	19.436
3961	19.471
3962	19.436
3963	19.473
3964	19.438
3965	19.475
3966	19.44
3967	19.477
3968	19.444
3969	19.48
3970	19.445
3971	19.484
3972	19.45
3973	19.488
3974	19.453
3975	19.492
3976	19.459
3977	19.497
3978	19.462
3979	19.503
3980	19.468
3981	19.509
3982	19.474
3983	19.515
3984	19.48
3985	19.523
3986	19.487
3987	19.53
3988	19.495
3989	19.539
3990	19.504
3991	19.548
3992	19.513
3993	19.559
3994	19.523
3995	19.569
3996	19.535
3997	19.581
3998	19.546
3999	19.594
4000	19.56
4001	19.607
4002	19.571
4003	19.621
4004	19.586
4005	19.636
4006	19.599
4007	19.652
4008	19.615
4009	19.669
4010	19.63
4011	19.686
4012	19.648
4013	19.705
4014	19.665
4015	19.724
4016	19.684
4017	19.745
4018	19.703
4019	19.766
4020	19.725
4021	19.788
4022	19.745
4023	19.811
4024	19.767
4025	19.835
4026	19.788
4027	19.86
4028	19.813
4029	19.886
4030	19.835
4031	19.912
4032	19.863
4033	19.94
4034	19.887
4035	19.968
4036	19.915
4037	19.996
4038	19.939
4039	20.025
4040	19.968
4041	20.055
4042	19.995
4043	20.085
4044	20.023
4045	20.116
4046	20.05
4047	20.147
4048	20.079
4049	20.178
4050	20.107
4051	20.209
4052	20.135
4053	20.24
4054	20.162
4055	20.272
4056	20.192
4057	20.302
4058	20.216
4059	20.333
4060	20.245
4061	20.363
4062	20.267
4063	20.392
4064	20.293
4065	20.42
4066	20.312
4067	20.448
4068	20.341
4069	20.474
4070	20.355
4071	20.498
4072	20.376
4073	20.521
4074	20.39
4075	20.542
4076	20.406
4077	20.561
4078	20.407
4079	20.577
4080	20.425
4081	20.59
4082	20.427
4083	20.6
4084	20.432
4085	20.607
4086	20.422
4087	20.61
4088	20.421
4089	20.609
4090	20.403
4091	20.603
4092	20.387
4093	20.592
4094	20.364
4095	20.575
4096	20.343
4097	20.552
4098	20.296
4099	20.522
4100	20.263
4101	20.485
4102	20.206
4103	20.44
4104	20.156
4105	20.386
4106	20.083
4107	20.323
4108	20.016
4109	20.249
4110	19.922
4111	20.163
4112	19.853
4113	20.066
4114	19.705
4115	19.955
4116	19.609
4117	19.829
4118	19.463
4119	19.688
4120	19.331
4121	19.529
4122	19.145
4123	19.352
4124	18.99
4125	19.155
4126	18.768
4127	18.552
4128	19.138
4129	19.12
4130	19.39
4131	19.43
4132	19.306
4133	19.341
4134	19.23
4135	19.266
4136	19.17
4137	19.198
4138	19.129
4139	19.144
4140	19.109
4141	15.208
4142	14.842
4143	14.98
4144	19.037
4145	19.089
4146	18.965
4147	19.03
4148	18.949
4149	18.986
4150	18.953
4151	18.998
4152	18.937
4153	18.983
4154	18.934
4155	18.977
4156	18.945
4157	18.98
4158	18.956
4159	18.986
4160	18.96
4161	18.995
4162	18.969
4163	18.995
4164	18.981
4165	19.009
4166	18.985
4167	19.016
4168	18.992
4169	19.02
4170	19.002
4171	19.03
4172	19.004
4173	19.035
4174	19.01
4175	19.036
4176	19.018
4177	19.046
4178	19.019
4179	19.048
4180	19.023
4181	19.049
4182	19.028
4183	19.055
4184	19.028
4185	19.058
4186	19.031
4187	19.056
4188	19.035
4189	19.062
4190	19.034
4191	19.06
4192	19.035
4193	19.063
4194	19.038
4195	19.065
4196	19.036
4197	19.066
4198	19.037
4199	19.063
4200	19.038
4201	19.066
4202	19.036
4203	19.065
4204	19.036
4205	19.065
4206	19.037
4207	19.064
4208	19.035
4209	19.064
4210	19.034
4211	19.062
4212	19.035
4213	19.066
4214	19.032
4215	19.062
4216	19.031
4217	19.06
4218	19.031
4219	19.059
4220	19.029
4221	19.059
4222	19.028
4223	19.056
4224	19.028
4225	19.056
4226	19.026
4227	19.053
4228	19.025
4229	19.053
4230	19.025
4231	19.053
4232	19.023
4233	19.052
4234	19.022
4235	19.05
4236	19.022
4237	19.051
4238	19.021
4239	19.048
4240	19.021
4241	19.048
4242	19.021
4243	19.047
4244	19.02
4245	19.05
4246	19.02
4247	19.048
4248	19.021
4249	19.047
4250	19.021
4251	19.049
4252	19.022
4253	19.05
4254	19.024
4255	19.05
4256	19.024
4257	19.052
4258	19.026
4259	19.052
4260	19.028
4261	19.056
4262	19.03
4263	19.056
4264	19.032
4265	19.059
4266	19.035
4267	19.061
4268	19.038
4269	19.064
4270	19.042
4271	19.066
4272	19.046
4273	19.072
4274	19.05
4275	19.075
4276	19.055
4277	19.079
4278	19.06
4279	19.083
4280	19.065
4281	19.089
4282	19.072
4283	19.095
4284	19.079
4285	19.101
4286	19.085
4287	19.109
4288	19.093
4289	19.115
4290	19.101
4291	19.122
4292	19.109
4293	19.13
4294	19.118
4295	19.135
4296	19.128
4297	19.148
4298	19.137
4299	19.158
4300	19.148
4301	19.167
4302	19.159
4303	19.179
4304	19.171
4305	19.189
4306	19.183
4307	19.201
4308	19.196
4309	19.213
4310	19.208
4311	19.226
4312	19.222
4313	19.238
4314	19.236
4315	19.253
4316	19.25
4317	19.267
4318	19.265
4319	19.282
4320	19.28
4321	19.295
4322	19.295
4323	19.311
4324	19.311
4325	19.326
4326	19.327
4327	19.344
4328	19.343
4329	19.358
4330	19.359
4331	19.375
4332	19.376
4333	19.391
4334	19.391
4335	19.407
4336	19.408
4337	19.422
4338	19.424
4339	19.44
4340	19.44
4341	19.454
4342	19.455
4343	19.472
4344	19.471
4345	19.486
4346	19.485
4347	19.503
4348	19.499
4349	19.515
4350	19.513
4351	19.531
4352	19.525
4353	19.543
4354	19.536
4355	19.556
4356	19.547
4357	19.567
4358	19.556
4359	19.578
4360	19.563
4361	19.583
4362	19.57
4363	19.593
4364	19.574
4365	19.596
4366	19.576
4367	19.601
4368	19.576
4369	19.602
4370	19.574
4371	19.601
4372	19.569
4373	19.595
4374	19.562
4375	19.591
4376	19.551
4377	19.58
4378	19.537
4379	19.568
4380	19.519
4381	19.551
4382	19.497
4383	19.531
4384	19.472
4385	19.505
4386	19.442
4387	19.478
4388	19.407
4389	19.443
4390	19.367
4391	19.404
4392	19.322
4393	19.359
4394	19.27
4395	19.309
4396	19.213
4397	19.251
4398	19.149
4399	19.187
4400	19.077
4401	19.115
4402	18.998
4403	19.037
4404	18.91
4405	18.95
4406	18.814
4407	18.854
4408	18.709
4409	18.749
4410	18.594
4411	18.634
4412	18.467
4413	18.509
4414	18.33
4415	18.372
4416	18.182
4417	18.224
4418	18.02
4419	18.064
4420	17.846
4421	17.891
4422	17.657
4423	17.703
4424	17.453
4425	17.505
4426	17.234
4427	17.288
4428	16.999
4429	17.059
4430	16.747
4431	16.812
4432	16.477
4433	16.55
4434	16.189
4435	16.271
4436	15.881
4437	15.974
4438	15.554
4439	15.66
4440	15.329
4441	46.253
4442	46.112
4443	38.583
4444	14.457
4445	14.614
4446	14.054
4447	14.233
4448	13.632
4449	13.836
4450	13.197
4451	13.427
4452	12.749
4453	13.009
4454	12.293
4455	12.588
4456	11.837
4457	12.157
4458	11.387
4459	11.736
4460	10.956
4461	11.329
4462	10.557
4463	10.948
4464	10.211
4465	10.592
4466	9.9385
4467	10.334
4468	9.7653
4469	10.107
4470	9.7181
4471	9.9915
4472	9.8258
4473	9.9821
4474	10.111
4475	10.152
4476	10.582
4477	10.443
4478	11.242
4479	10.906
4480	12.087
4481	11.542
4482	13.11
4483	12.29
4484	14.284
4485	13.237
4486	15.596
4487	14.305
4488	17.035
4489	15.511
4490	18.608
4491	16.835
4492	20.345
4493	18.33
4494	22.45
4495	20.02
4496	25.308
4497	22.116
4498	31.632
4499	24.826
4500	28.422
4501	14.113
4502	14.606
4503	13.996
4504	13.559
4505	13.509
4506	12.974
4507	12.957
4508	12.362
4509	12.404
4510	11.724
4511	11.817
4512	11.062
4513	11.235
4514	10.38
4515	10.63
4516	9.6873
4517	10.019
4518	8.9907
4519	9.424
4520	8.3053
4521	8.8388
4522	7.6569
4523	8.2927
4524	7.0796
4525	7.7897
4526	6.6165
4527	7.3996
4528	6.3277
4529	7.0912
4530	6.2766
4531	7.008
4532	6.5052
4533	7.0926
4534	7.0189
4535	7.4112
4536	7.8013
4537	7.8853
4538	8.8161
4539	8.6756
4540	10.014
4541	9.5723
4542	11.365
4543	10.65
4544	12.838
4545	11.842
4546	14.409
4547	13.149
4548	16.067
4549	14.568
4550	17.821
4551	16.093
4552	19.698
4553	17.73
4554	21.922
4555	19.613
4556	24.887
4557	21.771
4558	31.452
4559	24.778
4560	28.087
4561	19.278
4562	19.079
4563	18.882
4564	19.433
4565	19.039
4566	19.54
4567	19.132
4568	19.597
4569	19.201
4570	19.614
4571	19.155
4572	19.627
4573	19.192
4574	19.597
4575	19.172
4576	19.521
4577	19.145
4578	19.444
4579	19.071
4580	19.343
4581	19.012
4582	19.194
4583	18.859
4584	19.04
4585	18.72
4586	18.891
4587	18.553
4588	18.712
4589	18.403
4590	18.49
4591	18.171
4592	18.244
4593	17.952
4594	17.974
4595	17.698
4596	17.684
4597	17.421
4598	17.374
4599	17.094
4600	17.036
4601	16.818
4602	16.672
4603	16.41
4604	16.283
4605	16.087
4606	15.874
4607	15.701
4608	15.46
4609	15.285
4610	15.041
4611	14.866
4612	14.406
4613	5.2085
4614	10.19
4615	6.9191
4616	18.871
4617	18.728
4618	18.73
4619	18.563
4620	18.721
4621	18.489
4622	18.668
4623	18.473
4624	18.573
4625	18.359
4626	18.545
4627	18.295
4628	18.427
4629	18.239
4630	18.287
4631	18.079
4632	18.219
4633	17.994
4634	18.022
4635	17.89
4636	17.835
4637	17.661
4638	17.747
4639	17.55
4640	17.494
4641	17.408
4642	17.288
4643	17.127
4644	17.159
4645	17.002
4646	16.838
4647	16.771
4648	16.624
4649	16.456
4650	16.353
4651	16.314
4652	16.014
4653	15.938
4654	15.898
4655	15.74
4656	15.574
4657	15.576
4658	15.261
4659	15.17
4660	15.113
4661	15.
4662	14.709
4663	14.742
4664	14.409
4665	14.324
4666	14.227
4667	14.15
4668	13.793
4669	13.835
4670	13.505
4671	13.432
4672	13.309
4673	13.258
4674	12.842
4675	12.927
4676	12.653
4677	12.51
4678	12.429
4679	12.451
4680	11.898
4681	11.968
4682	11.664
4683	11.611
4684	11.318
4685	11.436
4686	10.802
4687	10.95
4688	10.635
4689	10.583
4690	10.394
4691	10.476
4692	10.142
4693	10.116
4694	9.8908
4695	9.9522
4696	9.3761
4697	9.5401
4698	9.3665
4699	9.237
4700	9.2006
4701	9.2991
4702	8.8195
4703	8.789
4704	8.7511
4705	8.7144
4706	8.5327
4707	8.5404
4708	7.948
4709	8.2034
4710	7.9698
4711	7.6147
4712	7.6169
4713	7.9418
4714	6.8554
4715	7.0378
4716	7.3961
4717	6.8617
4718	6.741
4719	7.1982
4720	5.8938
4721	6.0198
4722	6.1112
4723	5.9202
4724	4.7977
4725	5.6723
4726	5.1603
4727	4.5428
4728	7.1063
4729	6.1181
4730	6.2429
4731	6.4631
4732	5.4299
4733	5.1973
4734	5.4935
4735	5.4235
4736	5.5543
4737	4.9461
4738	5.2727
4739	4.9593
4740	4.6374
4741	4.5062
4742	5.1311
4743	4.2993
4744	5.2734
4745	4.7993
4746	4.8323
4747	27.502
4748	22.734
4749	21.001
4750	19.047
4751	13.352
4752	25.938
4753	19.181
4754	22.624
4755	1.0785
4756	0.54717
4757	15.571
4758	16.007
4759	11.226
4760	11.06
4761	8.3711
4762	9.0792
4763	8.4902
4764	6.6505
4765	10.173
4766	8.2117
4767	7.1413
4768	7.1581
4769	4.6299
4770	3.9535
4771	6.6251
4772	5.3182
4773	6.5791
4774	5.874
4775	6.2758
4776	5.8159
4777	5.9684
4778	5.7438
4779	5.5269
4780	5.465
4781	5.0997
4782	5.1269
4783	4.7061
4784	4.8233
4785	4.2603
4786	4.4604
4787	3.8571
4788	4.0709
4789	3.5025
4790	3.7507
4791	3.124
4792	3.4097
4793	2.7907
4794	3.0665
4795	2.503
4796	2.772
4797	2.1985
4798	2.5037
4799	1.9336
4800	2.2109
4801	1.7077
4802	1.9927
4803	1.4644
4804	1.7543
4805	1.2396
4806	1.5337
4807	1.0278
4808	1.3154
4809	0.79337
4810	1.1012
4811	0.57799
4812	0.89116
4813	0.38426
4814	0.69883
4815	0.18153
4816	0.55482
4817	3.1855e-002
4818	0.37994
4819	0.1767
4820	0.29765
4821	0.34207
4822	0.27159
4823	0.50623
4824	0.32987
4825	0.6475
4826	0.43138
4827	0.785
4828	0.53505
4829	0.92209
4830	0.63975
4831	1.0368
4832	0.75728
4833	1.1477
4834	0.85535
4835	1.2577
4836	0.95502
4837	1.3465
4838	1.0414
4839	1.4315
4840	1.1216
4841	1.5169
4842	1.1941
4843	1.5828
4844	1.264
4845	1.6458
4846	1.3047
4847	1.7104
4848	1.3927
4849	1.7595
4850	1.4296
4851	1.8089
4852	1.4768
4853	1.8662
4854	1.5118
4855	1.9151
4856	1.5843
4857	1.9604
4858	1.6072
4859	2.0082
4860	1.6432
4861	2.0463
4862	1.692
4863	2.0795
4864	1.7294
4865	2.1143
4866	1.724
4867	2.1404
4868	1.7773
4869	2.1618
4870	1.7912
4871	2.1843
4872	1.8155
4873	2.1978
4874	1.8174
4875	2.2073
4876	1.8446
4877	2.2192
4878	1.8351
4879	2.2217
4880	1.8612
4881	2.2203
4882	1.8663
4883	2.2221
4884	1.8437
4885	2.2159
4886	1.8512
4887	2.2101
4888	1.8518
4889	2.212
4890	1.8204
4891	2.2102
4892	1.8586
4893	2.2076
4894	1.8285
4895	2.2085
4896	1.8518
4897	2.2044
4898	1.8333
4899	2.1979
4900	1.8503
4901	2.194
4902	1.8128
4903	2.1844
4904	1.8242
4905	2.1708
4906	1.8088
4907	2.1595
4908	1.8054
4909	2.1413
4910	1.773
4911	2.1182
4912	1.7613
4913	2.0981
4914	1.7587
4915	2.0702
4916	1.7386
4917	2.0371
4918	1.6763
4919	2.0132
4920	1.6802
4921	1.9947
4922	1.6644
4923	1.9723
4924	1.6616
4925	1.9513
4926	1.6134
4927	1.9319
4928	1.6012
4929	1.906
4930	1.5756
4931	1.8795
4932	1.5549
4933	1.8531
4934	1.5316
4935	1.817
4936	1.5059
4937	1.7795
4938	1.4532
4939	1.7418
4940	1.4489
4941	1.6919
4942	1.3941
4943	1.6398
4944	1.3601
4945	1.5889
4946	1.3146
4947	1.5344
4948	1.2953
4949	1.4869
4950	1.2252
4951	1.4456
4952	1.1619
4953	1.4003
4954	1.1479
4955	1.3544
4956	1.1043
4957	1.3084
4958	1.0459
4959	1.2547
4960	1.0148
4961	1.1981
4962	0.94954
4963	1.1391
4964	0.906
4965	1.0694
4966	0.83812
4967	0.99295
4968	0.77647
4969	0.91491
4970	0.69922
4971	0.82529
4972	0.64108
4973	0.73006
4974	0.51797
4975	0.64481
4976	0.45358
4977	0.56318
4978	0.36653
4979	0.48905
4980	0.28121
4981	0.45791
4982	0.23046
4983	0.71738
4984	0.23193
4985	0.48855
4986	3.2447
4987	3.36
4988	0.49837
4989	8.8266e-002
4990	1.2328
4991	0.83758
4992	1.8594
4993	1.4731
4994	2.3874
4995	2.0375
4996	2.8364
4997	2.5151
4998	2.959
4999	4.5582
5000	3.9837
5001	4.2613
5002	3.7316
5003	3.9537
5004	3.4584
5005	3.651
5006	3.1533
5007	3.4125
5008	2.927
5009	3.3176
5010	2.8617
5011	3.4146
5012	2.9729
5013	3.6829
5014	3.2677
5015	4.0557
5016	3.666
5017	4.4584
5018	4.11
5019	4.8354
5020	4.4988
5021	5.1603
5022	4.8458
5023	5.4161
5024	5.1333
5025	5.5988
5026	5.3196
5027	5.7132
5028	5.4493
5029	5.766
5030	5.4978
5031	5.7639
5032	5.5216
5033	5.7154
5034	5.4566
5035	5.6287
5036	5.4095
5037	5.5095
5038	5.2867
5039	5.3649
5040	5.1742
5041	5.2003
5042	4.9836
5043	5.0225
5044	4.8063
5045	4.8345
5046	4.6524
5047	4.6402
5048	4.46
5049	4.4434
5050	4.263
5051	4.2474
5052	4.0842
5053	4.0552
5054	3.9107
5055	3.8692
5056	3.7114
5057	3.6916
5058	3.5413
5059	3.5244
5060	3.373
5061	3.3691
5062	3.2216
5063	3.2271
5064	3.0706
5065	3.0994
5066	2.9582
5067	2.9866
5068	2.8265
5069	2.8886
5070	2.7341
5071	2.8058
5072	2.6604
5073	2.7373
5074	2.5657
5075	2.6825
5076	2.5265
5077	2.6404
5078	2.453
5079	2.6093
5080	2.4245
5081	2.5879
5082	2.3953
5083	2.5751
5084	2.3877
5085	2.5691
5086	2.3676
5087	2.5686
5088	2.3739
5089	2.5724
5090	2.3549
5091	2.5792
5092	2.3585
5093	2.5878
5094	2.3642
5095	2.5979
5096	2.366
5097	2.6084
5098	2.3621
5099	2.6189
5100	2.3805
5101	2.6294
5102	2.385
5103	2.6395
5104	2.389
5105	2.6488
5106	2.3953
5107	2.6576
5108	2.4173
5109	2.666
5110	2.4059
5111	2.6734
5112	2.4109
5113	2.6796
5114	2.416
5115	2.6852
5116	2.4384
5117	2.6901
5118	2.403
5119	2.6934
5120	2.4224
5121	2.6952
5122	2.4052
5123	2.6958
5124	2.4424
5125	2.6951
5126	2.4278
5127	2.6924
5128	2.4022
5129	2.6877
5130	2.4217
5131	2.6815
5132	2.4213
5133	2.6736
5134	2.3785
5135	2.6636
5136	2.3949
5137	2.652
5138	2.3781
5139	2.6389
5140	2.3766
5141	2.6245
5142	2.3566
5143	2.6088
5144	2.3522
5145	2.592
5146	2.3205
5147	2.5741
5148	2.3169
5149	2.5551
5150	2.2961
5151	2.5352
5152	2.2955
5153	2.5143
5154	2.2579
5155	2.4924
5156	2.2487
5157	2.4689
5158	2.2192
5159	2.4446
5160	2.2273
5161	2.4195
5162	2.1447
5163	2.3929
5164	2.153
5165	2.3651
5166	2.1265
5167	2.3368
5168	2.1192
5169	2.3081
5170	2.0694
5171	2.279
5172	2.047
5173	2.2498
5174	2.0197
5175	2.2211
5176	2.0068
5177	2.1932
5178	1.9588
5179	2.1663
5180	1.9558
5181	2.1407
5182	1.9125
5183	2.1171
5184	1.9196
5185	2.0957
5186	1.8821
5187	2.0766
5188	1.8617
5189	2.0605
5190	1.8524
5191	2.0475
5192	1.8286
5193	2.0388
5194	1.8507
5195	2.0347
5196	1.8312
5197	2.0359
5198	1.843
5199	2.0431
5200	1.8378
5201	2.0567
5202	1.8503
5203	2.0773
5204	1.8732
5205	2.1059
5206	1.9169
5207	2.1427
5208	1.9127
5209	2.1879
5210	1.9732
5211	2.242
5212	2.0131
5213	2.305
5214	2.0756
5215	2.3779
5216	2.156
5217	2.461
5218	2.2162
5219	2.5551
5220	2.3169
5221	2.6614
5222	2.4218
5223	2.7812
5224	2.5426
5225	2.9127
5226	2.6853
5227	3.0522
5228	2.8266
5229	3.2004
5230	2.9972
5231	3.0741
5232	1.1946
5233	1.4389
5234	1.3293
5235	1.355
5236	3.2788
5237	3.3857
5238	3.1045
5239	3.5764
5240	4.732
5241	4.662
5242	4.9016
5243	4.4857
5244	8.0742
5245	8.1155
5246	7.9743
5247	7.893
5248	8.2963
5249	14.867
5250	14.778
5251	15.17
5252	15.05
5253	15.648
5254	15.299
5255	15.583
5256	15.289
5257	16.253
5258	16.134
5259	16.521
5260	16.395
5261	16.104
5262	15.983
5263	16.383
5264	1.4453
5265	2.1785
5266	1.6107
5267	2.0428
5268	1.978
5269	1.652
5270	1.889
5271	1.5951
5272	2.193
5273	2.3632
5274	2.5665
5275	4.8282
5276	4.9664
5277	4.5683
5278	6.4198
5279	6.1908
5280	6.22
5281	6.0327
5282	6.8296
5283	6.5824
5284	6.5767
5285	6.7039
5286	7.2167
5287	6.9754
5288	7.0398
5289	7.165
5290	7.4726
5291	7.5853
5292	7.552
5293	7.327
5294	8.1031
5295	7.923
5296	8.2243
5297	8.8252
5298	8.9471
5299	8.6928
5300	9.0294
5301	9.6468
5302	9.4406
5303	9.5472
5304	9.3428
5305	9.7467
5306	9.9744
5307	9.8393
5308	10.728
5309	10.861
5310	10.977
5311	10.65
5312	10.979
5313	11.567
5314	11.329
5315	11.539
5316	11.281
5317	11.593
5318	11.812
5319	11.831
5320	12.428
5321	12.618
5322	12.356
5323	12.681
5324	13.429
5325	13.137
5326	13.423
5327	13.306
5328	13.061
5329	13.463
5330	13.704
5331	13.808
5332	13.8
5333	14.582
5334	14.945
5335	14.645
5336	15.601
5337	15.398
5338	15.573
5339	15.276
5340	15.939
5341	15.636
5342	15.991
5343	16.115
5344	15.827
5345	16.246
5346	16.535
5347	16.892
5348	16.652
5349	16.77
5350	16.776
5351	16.967
5352	17.092
5353	16.878
5354	3.1431
5355	4.1087
5356	2.7596
5357	3.0666
5358	1.1646
5359	1.2993
5360	3.0449
5361	3.9637
5362	2.6161
5363	2.3783
5364	1.7088
5365	1.9027
5366	2.98
5367	2.7182
5368	2.4447
5369	2.7827
5370	3.4861
5371	3.6994
5372	3.962
5373	3.7644
5374	3.2178
5375	4.8369
5376	4.5843
5377	4.4113
5378	4.9902
5379	5.0675
5380	5.2302
5381	6.3553
5382	6.117
5383	5.9778
5384	6.7286
5385	6.8581
5386	7.085
5387	6.4984
5388	7.5239
5389	7.7225
5390	7.6422
5391	7.4161
5392	8.127
5393	8.012
5394	8.3068
5395	8.9367
5396	8.7443
5397	8.62
5398	9.239
5399	9.5401
5400	9.3435
5401	9.0514
5402	9.1417
5403	9.8563
5404	9.9595
5405	10.084
5406	10.162
5407	9.6479
5408	10.545
5409	10.778
5410	10.467
5411	11.354
5412	11.12
5413	11.077
5414	11.612
5415	11.876
5416	11.629
5417	11.851
5418	11.378
5419	12.183
5420	11.976
5421	12.112
5422	11.868
5423	12.518
5424	12.278
5425	13.171
5426	13.487
5427	13.188
5428	12.892
5429	12.849
5430	13.775
5431	13.727
5432	14.043
5433	14.083
5434	13.482
5435	13.824
5436	14.495
5437	14.216
5438	14.292
5439	14.661
5440	14.823
5441	14.564
5442	14.931
5443	14.405
5444	14.755
5445	15.033
5446	15.019
5447	15.531
5448	15.712
5449	15.446
5450	15.243
5451	15.292
5452	15.873
5453	15.781
5454	16.028
5455	15.612
5456	16.308
5457	16.087
5458	16.176
5459	16.414
5460	16.439
5461	16.572
5462	16.37
5463	16.662
5464	16.226
5465	16.691
5466	16.873
5467	16.647
5468	16.748
5469	16.513
5470	17.179
5471	17.01
5472	4.0769
5473	2.4787
5474	3.2376
5475	5.0145
5476	6.216
5477	5.9733
5478	4.2155
5479	4.9296
5480	6.1697
5481	4.6613
5482	6.0369
5483	5.3933
5484	4.0132
5485	3.6248
5486	2.9159
5487	3.0803
5488	2.2844
5489	2.3464
5490	2.2549
5491	2.025
5492	3.1914
5493	2.7543
5494	3.3088
5495	2.9376
5496	4.7171
5497	4.678
5498	4.3404
5499	4.449
5500	5.0609
5501	4.9831
5502	5.2747
5503	5.1917
5504	5.3996
5505	6.3794
5506	6.2494
5507	6.053
5508	6.6612
5509	6.5603
5510	6.9146
5511	6.8405
5512	7.1665
5513	7.1021
5514	7.4207
5515	7.359
5516	7.6244
5517	7.6997
5518	8.264
5519	8.1919
5520	7.9924
5521	8.5018
5522	8.4463
5523	8.386
5524	8.6867
5525	8.6724
5526	8.4945
5527	8.8931
5528	8.8549
5529	8.6393
5530	9.1035
5531	9.1696
5532	9.6627
5533	9.4563
5534	9.7392
5535	10.213
5536	10.153
5537	10.017
5538	10.27
5539	10.762
5540	10.717
5541	10.551
5542	10.507
5543	11.011
5544	10.983
5545	11.227
5546	11.249
5547	11.784
5548	11.768
5549	11.509
5550	12.052
5551	12.042
5552	12.31
5553	12.317
5554	12.071
5555	12.866
5556	12.593
5557	12.894
5558	13.699
5559	13.719
5560	13.47
5561	13.954
5562	13.914
5563	14.418
5564	14.137
5565	14.128
5566	14.351
5567	14.83
5568	14.771
5569	14.452
5570	14.545
5571	15.3
5572	15.014
5573	15.251
5574	15.876
5575	15.981
5576	15.885
5577	15.576
5578	16.262
5579	16.296
5580	16.369
5581	16.064
5582	15.929
5583	16.427
5584	16.562
5585	16.613
5586	16.531
5587	16.688
5588	16.658
5589	16.805
5590	16.79
5591	16.927
5592	17.055
5593	16.656
5594	16.915
5595	17.266
5596	17.156
5597	17.028
5598	17.318
5599	17.438
5600	17.249
5601	17.356
5602	17.534
5603	17.558
5604	17.174
5605	17.527
5606	17.311
5607	1.9154
5608	2.0412
5609	3.4585
5610	4.1126
5611	3.1831
5612	2.8183
5613	1.2018
5614	1.0145
5615	0.73441
5616	0.92766
5617	1.3859
5618	1.4965
5619	1.6444
5620	1.2843
5621	1.1961
5622	1.0115
5623	1.4329
5624	1.5441
5625	1.11
5626	1.1104
5627	1.0492
5628	0.86092
5629	1.2727
5630	1.3639
5631	0.94561
5632	1.0331
5633	0.99199
5634	0.81733
5635	1.2172
5636	1.2366
5637	0.83959
5638	0.93251
5639	0.89387
5640	0.68811
5641	1.1104
5642	1.1434
5643	0.7542
5644	0.85167
5645	0.82814
5646	0.63308
5647	1.0303
5648	1.0796
5649	0.67463
5650	0.82355
5651	0.79739
5652	0.61498
5653	1.0204
5654	1.0291
5655	0.63639
5656	0.78581
5657	0.59706
5658	0.99923
5659	0.7821
5660	0.98573
5661	0.58853
5662	0.7762
5663	0.57647
5664	0.99141
5665	0.77485
5666	0.76057
5667	0.76511
5668	0.5443
5669	0.97189
5670	0.98183
5671	0.57304
5672	0.76001
5673	0.76143
5674	0.5333
5675	0.93687
5676	0.56916
5677	0.99656
5678	0.78839
5679	0.7952
5680	0.57255
5681	1.0181
5682	0.57209
5683	1.009
5684	0.78958
5685	0.57785
5686	1.0124
5687	0.7947
5688	1.032
5689	0.58451
5690	0.82409
5691	0.59723
5692	1.0419
5693	0.80768
5694	0.8449
5695	0.6346
5696	1.0902
5697	0.86412
5698	0.62896
5699	1.0905
5700	0.66865
5701	1.1161
5702	0.9011
5703	0.87499
5704	0.94498
5705	0.71306
5706	1.1678
5707	0.93046
5708	0.94636
5709	0.71624
5710	1.172
5711	0.94352
5712	1.1977
5713	0.73575
5714	0.97145
5715	0.74857
5716	1.1994
5717	0.95572
5718	0.98918
5719	1.0148
5720	0.78531
5721	1.2373
5722	0.78109
5723	1.24
5724	1.0426
5725	1.0679
5726	0.83164
5727	1.2878
5728	1.306
5729	0.83022
5730	1.0812
5731	1.0826
5732	0.86888
5733	1.3066
5734	1.3262
5735	0.87199
5736	1.0874
5737	1.3214
5738	1.1056
5739	0.88669
5740	1.3349
5741	0.8885
5742	1.1293
5743	0.92836
5744	1.1292
5745	1.3611
5746	1.1475
5747	0.96263
5748	1.1599
5749	1.3953
5750	1.3609
5751	0.93165
5752	1.1403
5753	0.92244
5754	1.359
5755	1.1395
5756	1.1569
5757	1.1615
5758	0.94569
5759	1.3835
5760	1.3889
5761	0.95374
5762	1.1557
5763	1.1617
5764	0.94116
5765	1.37
5766	0.96403
5767	1.3953
5768	1.1683
5769	0.97186
5770	1.3876
5771	1.1774
5772	1.4032
5773	0.97464
5774	1.1992
5775	0.9932
5776	1.1878
5777	1.3972
5778	1.2265
5779	1.2464
5780	1.0435
5781	1.4456
5782	1.4327
5783	1.0246
5784	1.255
5785	1.2707
5786	1.0613
5787	1.458
5788	1.0735
5789	1.4648
5790	1.2811
5791	1.2977
5792	1.0807
5793	1.4755
5794	1.4942
5795	1.0936
5796	1.3091
5797	1.3217
5798	1.1072
5799	1.5007
5800	1.5128
5801	1.118
5802	1.5447
5803	1.1446
5804	1.3443
5805	1.3751
5806	1.4051
5807	1.177
5808	1.573
5809	1.5681
5810	1.1654
5811	1.3551
5812	1.4398
5813	1.4903
5814	1.2502
5815	1.6529
5816	1.2267
5817	1.6281
5818	1.5526
5819	1.641
5820	1.3729
5821	1.7829
5822	1.2977
5823	1.731
5824	1.7262
5825	1.7996
5826	1.525
5827	1.9452
5828	1.487
5829	1.8933
5830	1.8784
5831	1.9482
5832	1.6799
5833	2.1344
5834	2.048
5835	1.6144
5836	2.0573
5837	2.1799
5838	1.8816
5839	2.3458
5840	2.2177
5841	1.7624
5842	2.3267
5843	2.4711
5844	2.1545
5845	2.6354
5846	2.4568
5847	1.9747
5848	2.6127
5849	2.7625
5850	2.4449
5851	2.9335
5852	2.7619
5853	2.2711
5854	2.8994
5855	3.0702
5856	2.7162
5857	3.2287
5858	3.0725
5859	2.5692
5860	3.2533
5861	3.0916
5862	3.6162
5863	3.4336
5864	3.4131
5865	2.9148
5866	3.7899
5867	3.4591
5868	3.9349
5869	3.6118
5870	3.9627
5871	4.1418
5872	3.8377
5873	4.2657
5874	4.1225
5875	3.6645
5876	4.3205
5877	4.239
5878	4.5805
5879	4.4822
5880	4.4453
5881	4.0563
5882	4.5603
5883	4.7941
5884	4.7076
5885	4.6149
5886	4.7387
5887	4.7282
5888	4.8267
5889	4.756
5890	4.6483
5891	4.4626
5892	4.6227
5893	4.5789
5894	4.7211
5895	4.7473
5896	4.1597
5897	3.7341
5898	4.0667
5899	3.9368
5900	4.3158
5901	4.4186
5902	3.1943
5903	2.5914
5904	2.9633
5905	2.8881
5906	3.4564
5907	3.5665
5908	2.0666
5909	1.7769
5910	1.9709
5911	1.8564
5912	2.3131
5913	2.3468
5914	1.8543
5915	2.011
5916	2.5607
5917	1.728
5918	2.6686
5919	1.6576
5920	2.0418
5921	1.8176
5922	1.9376
5923	1.811
5924	1.8015
5925	1.5839
5926	1.3906
5927	1.6299
5928	1.276
5929	1.6803
5930	2.0793
5931	2.065
5932	1.8212
5933	2.9914
5934	2.8259
5935	2.5184
5936	3.455
5937	3.681
5938	3.902
5939	3.2507
5940	4.7483
5941	4.5126
5942	4.3337
5943	5.1432
5944	5.2918
5945	5.5251
5946	5.3752
5947	4.9046
5948	6.2626
5949	6.0345
5950	5.8921
5951	6.629
5952	6.7637
5953	6.9808
5954	6.4088
5955	7.4358
5956	7.3147
5957	7.6309
5958	8.0764
5959	7.9447
5960	8.2523
5961	8.8586
5962	8.6805
5963	8.5562
5964	9.1557
5965	9.4512
5966	9.2666
5967	8.9765
5968	9.7509
5969	9.8475
5970	10.035
5971	9.5584
5972	10.395
5973	10.315
5974	10.603
5975	11.144
5976	10.93
5977	10.879
5978	11.395
5979	11.42
5980	11.621
5981	11.183
5982	11.858
5983	12.071
5984	11.833
5985	12.625
5986	12.373
5987	12.582
5988	12.341
5989	12.908
5990	12.906
5991	13.183
5992	12.643
5993	13.389
5994	13.434
5995	13.68
5996	14.311
5997	14.499
5998	14.235
5999	14.051
6000	14.128
6001	14.706
6002	14.937
6003	14.657
6004	14.979
6005	14.44
6006	15.166
6007	15.103
6008	15.354
6009	14.896
6010	15.702
6011	15.471
6012	15.529
6013	15.862
6014	15.81
6015	16.018
6016	15.644
6017	15.939
6018	16.324
6019	16.142
6020	16.171
6021	16.479
6022	16.656
6023	16.496
6024	16.316
6025	16.886
6026	16.938
6027	17.154
6028	16.703
6029	17.471
6030	17.552
6031	17.32
6032	17.349
6033	17.577
6034	17.701
6035	17.59
6036	17.658
6037	17.467
6038	17.636
6039	17.756
6040	17.769
6041	17.755
6042	17.718
6043	17.77
6044	17.713
6045	17.875
6046	17.77
6047	17.748
6048	17.594
6049	17.897
6050	17.698
6051	17.673
6052	17.913
6053	17.389
6054	17.86
6055	17.568
6056	17.635
6057	17.326
6058	17.112
6059	17.735
6060	17.463
6061	17.17
6062	17.018
6063	16.741
6064	17.498
6065	17.656
6066	16.958
6067	16.864
6068	16.682
6069	16.33
6070	17.278
6071	17.433
6072	16.584
6073	16.492
6074	16.302
6075	15.875
6076	16.975
6077	17.174
6078	16.123
6079	16.085
6080	15.853
6081	15.384
6082	16.628
6083	15.637
6084	16.877
6085	15.586
6086	15.303
6087	14.752
6088	16.141
6089	15.078
6090	16.476
6091	14.995
6092	14.655
6093	14.087
6094	15.505
6095	15.939
6096	14.49
6097	14.329
6098	14.056
6099	13.428
6100	14.985
6101	15.312
6102	13.806
6103	13.818
6104	13.515
6105	12.909
6106	14.489
6107	13.237
6108	14.768
6109	13.217
6110	12.92
6111	12.34
6112	13.826
6113	14.121
6114	12.668
6115	12.616
6116	12.343
6117	11.778
6118	13.135
6119	12.112
6120	13.426
6121	12.068
6122	11.792
6123	11.33
6124	12.404
6125	12.841
6126	11.587
6127	11.538
6128	11.318
6129	11.
6130	11.729
6131	12.124
6132	11.182
6133	11.135
6134	10.836
6135	11.09
6136	10.962
6137	11.424
6138	10.936
6139	10.736
6140	10.833
6141	10.534
6142	10.831
6143	10.675
6144	10.676
6145	10.996
6146	10.05
6147	10.22
6148	10.89
6149	10.691
6150	11.329
6151	9.751
6152	10.58
6153	11.188
6154	9.9549
6155	9.9975
6156	11.419
6157	9.1763
6158	10.403
6159	9.0002
6160	7.2787
6161	9.8267
6162	7.3697
6163	8.4936
6164	11.013
6165	5.1578
6166	4.5456
6167	5.7501
6168	5.848
6169	7.0843
6170	3.3525
6171	3.2913
6172	3.567
6173	2.5641
6174	5.6103
6175	8.8295
6176	5.8358
6177	7.636
6178	6.1568
6179	4.246
6180	10.66
6181	7.9871
6182	8.8635
6183	9.4857
6184	10.787
6185	8.6895
6186	9.8297
6187	9.7425
6188	9.9754
6189	10.572
6190	9.1476
6191	9.8895
6192	10.065
6193	10.524
6194	9.5776
6195	10.197
6196	10.495
6197	9.2989
6198	10.618
6199	10.681
6200	10.192
6201	10.382
6202	10.877
6203	11.019
6204	10.921
6205	11.168
6206	10.824
6207	10.538
6208	11.802
6209	11.514
6210	11.684
6211	11.474
6212	12.138
6213	12.107
6214	12.467
6215	12.48
6216	11.809
6217	12.085
6218	13.179
6219	12.746
6220	13.227
6221	12.819
6222	13.552
6223	13.916
6224	13.449
6225	14.024
6226	13.117
6227	13.651
6228	14.271
6229	14.618
6230	14.145
6231	14.736
6232	13.834
6233	14.411
6234	14.951
6235	15.275
6236	14.811
6237	15.425
6238	14.507
6239	15.117
6240	15.588
6241	15.89
6242	15.449
6243	16.059
6244	15.78
6245	15.149
6246	16.184
6247	16.47
6248	16.053
6249	16.625
6250	16.387
6251	15.774
6252	16.744
6253	17.004
6254	16.612
6255	17.168
6256	16.35
6257	16.928
6258	17.254
6259	17.501
6260	17.128
6261	17.634
6262	16.888
6263	17.431
6264	17.719
6265	17.914
6266	17.581
6267	18.056
6268	17.896
6269	17.393
6270	18.113
6271	18.291
6272	17.997
6273	18.439
6274	18.273
6275	17.819
6276	18.458
6277	18.616
6278	18.35
6279	18.74
6280	18.61
6281	18.184
6282	18.759
6283	18.891
6284	18.654
6285	19.016
6286	18.902
6287	18.529
6288	19.013
6289	19.125
6290	18.915
6291	19.242
6292	19.147
6293	18.8
6294	19.227
6295	19.323
6296	19.136
6297	19.426
6298	19.351
6299	19.036
6300	19.414
6301	19.496
6302	19.327
6303	19.597
6304	19.527
6305	19.245
6306	19.565
6307	19.627
6308	19.48
6309	19.724
6310	19.673
6311	19.416
6312	19.683
6313	19.731
6314	19.6
6315	19.819
6316	19.785
6317	19.548
6318	19.772
6319	19.808
6320	19.693
6321	19.894
6322	19.868
6323	19.657
6324	19.839
6325	19.866
6326	19.764
6327	19.945
6328	19.928
6329	19.737
6330	19.884
6331	19.896
6332	19.81
6333	19.973
6334	19.976
6335	19.798
6336	19.907
6337	19.916
6338	19.84
6339	19.983
6340	19.987
6341	19.832
6342	19.923
6343	19.923
6344	19.857
6345	19.993
6346	19.996
6347	19.855
6348	19.916
6349	19.911
6350	19.85
6351	19.974
6352	19.991
6353	19.859
6354	19.906
6355	19.897
6356	19.846
6357	19.956
6358	19.971
6359	19.854
6360	19.886
6361	19.873
6362	19.828
6363	19.928
6364	19.947
6365	19.841
6366	19.86
6367	19.845
6368	19.805
6369	19.899
6370	19.917
6371	19.82
6372	19.828
6373	19.81
6374	19.775
6375	19.862
6376	19.886
6377	19.793
6378	19.791
6379	19.772
6380	19.741
6381	19.821
6382	19.844
6383	19.76
6384	19.752
6385	19.733
6386	19.704
6387	19.779
6388	19.802
6389	19.725
6390	19.713
6391	19.693
6392	19.668
6393	19.737
6394	19.761
6395	19.689
6396	19.673
6397	19.654
6398	19.629
6399	19.696
6400	19.718
6401	19.651
6402	19.635
6403	19.591
6404	19.656
6405	19.617
6406	19.679
6407	19.613
6408	19.579
6409	19.555
6410	19.618
6411	19.599
6412	19.559
6413	19.541
6414	19.517
6415	19.578
6416	19.539
6417	19.601
6418	19.524
6419	19.508
6420	19.486
6421	19.544
6422	19.562
6423	19.503
6424	19.491
6425	19.475
6426	19.452
6427	19.511
6428	19.47
6429	19.529
6430	19.46
6431	19.446
6432	19.424
6433	19.481
6434	19.498
6435	19.441
6436	19.432
6437	19.419
6438	19.396
6439	19.453
6440	19.413
6441	19.469
6442	19.407
6443	19.396
6444	19.373
6445	19.429
6446	19.444
6447	19.386
6448	19.383
6449	19.372
6450	19.349
6451	19.403
6452	19.364
6453	19.418
6454	19.361
6455	19.351
6456	19.326
6457	19.384
6458	19.396
6459	19.339
6460	19.342
6461	19.329
6462	19.309
6463	19.366
6464	19.376
6465	19.319
6466	19.322
6467	19.291
6468	19.351
6469	19.318
6470	19.294
6471	19.291
6472	19.353
6473	19.306
6474	19.279
6475	19.339
6476	19.312
6477	19.298
6478	19.265
6479	19.325
6480	19.294
6481	19.273
6482	19.333
6483	19.258
6484	19.317
6485	19.287
6486	19.292
6487	19.25
6488	19.311
6489	19.283
6490	19.28
6491	19.242
6492	19.304
6493	19.273
6494	19.276
6495	19.237
6496	19.299
6497	19.271
6498	19.269
6499	19.234
6500	19.294
6501	19.265
6502	19.267
6503	19.232
6504	19.294
6505	19.265
6506	19.264
6507	19.23
6508	19.296
6509	19.264
6510	19.264
6511	19.296
6512	19.265
6513	19.264
6514	19.23
6515	19.265
6516	19.234
6517	19.3
6518	19.265
6519	19.265
6520	19.267
6521	19.232
6522	19.298
6523	19.232
6524	19.297
6525	19.268
6526	19.269
6527	19.234
6528	19.301
6529	19.235
6530	19.301
6531	19.271
6532	19.272
6533	19.237
6534	19.304
6535	19.237
6536	19.305
6537	19.272
6538	19.273
6539	19.238
6540	19.304
6541	19.239
6542	19.306
6543	19.274
6544	19.275
6545	19.237
6546	19.307
6547	19.24
6548	19.309
6549	19.276
6550	19.277
6551	19.242
6552	19.307
6553	19.242
6554	19.31
6555	19.28
6556	19.283
6557	19.247
6558	19.314
6559	19.247
6560	19.314
6561	19.282
6562	19.282
6563	19.246
6564	19.314
6565	19.251
6566	19.319
6567	19.285
6568	19.287
6569	19.251
6570	19.318
6571	19.252
6572	19.319
6573	19.289
6574	19.291
6575	19.254
6576	19.323
6577	19.255
6578	19.324
6579	19.291
6580	19.291
6581	19.255
6582	19.323
6583	19.257
6584	19.326
6585	19.291
6586	19.291
6587	19.255
6588	19.324
6589	19.257
6590	19.326
6591	19.29
6592	19.291
6593	19.254
6594	19.324
6595	19.257
6596	19.327
6597	19.291
6598	19.29
6599	19.251
6600	19.323
6601	19.257
6602	19.328
6603	19.289
6604	19.289
6605	19.25
6606	19.323
6607	19.256
6608	19.327
6609	19.289
6610	19.287
6611	19.249
6612	19.321
6613	19.255
6614	19.327
6615	19.284
6616	19.282
6617	19.243
6618	19.317
6619	19.25
6620	19.323
6621	19.279
6622	19.277
6623	19.24
6624	19.313
6625	19.245
6626	19.319
6627	19.273
6628	19.269
6629	19.232
6630	19.307
6631	19.239
6632	19.314
6633	19.268
6634	19.265
6635	19.227
6636	19.304
6637	19.232
6638	19.308
6639	19.262
6640	19.26
6641	19.218
6642	19.299
6643	19.226
6644	19.305
6645	19.26
6646	19.262
6647	19.219
6648	19.299
6649	19.22
6650	19.302
6651	19.271
6652	19.224
6653	19.299
6654	19.272
6655	19.226
6656	19.305
6657	19.269
6658	19.233
6659	19.313
6660	19.314
6661	1.3082
6662	1.7795
6663	1.6559
6664	0.56302
6665	0.83988
6666	0.76497
6667	0.46528
6668	0.65835
6669	0.70138
6670	0.41197
6671	0.63324
6672	0.59184
6673	0.35288
6674	0.5281
6675	0.49305
6676	0.35238
6677	0.46998
6678	0.48158
6679	0.36192
6680	0.46108
6681	0.44504
6682	0.37629
6683	0.4414
6684	0.43064
6685	0.39704
6686	0.4297
6687	0.42417
6688	0.42017
6689	0.42286
6690	0.42159
6691	0.42043
6692	0.42621
6693	0.42457
6694	0.46017
6695	0.43629
6696	0.44747
6697	0.46591
6698	0.44464
6699	0.46851
6700	0.49258
6701	0.45528
6702	0.48168
6703	0.50555
6704	0.60249
6705	0.4971
6706	0.53442
6707	0.51518
6708	0.54449
6709	0.57225
6710	0.53308
6711	0.60254
6712	0.57464
6713	0.55172
6714	0.62495
6715	0.59147
6716	0.59878
6717	0.62215
6718	0.66091
6719	0.6083
6720	0.63842
6721	0.66515
6722	0.74991
6723	0.65426
6724	0.69325
6725	0.67202
6726	0.69622
6727	0.72359
6728	0.69211
6729	0.74576
6730	0.73039
6731	0.71178
6732	0.77674
6733	0.75032
6734	0.76587
6735	0.80905
6736	0.81718
6737	0.92136
6738	0.79436
6739	0.82529
6740	0.81703
6741	0.82208
6742	0.83278
6743	0.8276
6744	0.84812
6745	0.82475
6746	0.82756
6747	0.83714
6748	0.84933
6749	0.83287
6750	0.8386
6751	0.83878
6752	0.85198
6753	0.84344
6754	0.84967
6755	0.85587
6756	0.86568
6757	0.85816
6758	0.88502
6759	0.87425
6760	0.92286
6761	0.8571
6762	0.90229
6763	0.92977
6764	0.86176
6765	0.86089
6766	0.93443
6767	0.85623
6768	0.94596
6769	0.94025
6770	0.84767
6771	0.95579
6772	0.96554
6773	0.83911
6774	0.98187
6775	0.97476
6776	1.1417
6777	1.0208
6778	0.84129
6779	0.99394
6780	1.0549
6781	0.87061
6782	1.0743
6783	0.8837
6784	1.1308
6785	0.89886
6786	1.2273
6787	0.96598
6788	1.2926
6789	1.0547
6790	1.0772
6791	1.3452
6792	1.2126
6793	1.4199
6794	1.4969
6795	1.3912
6796	1.6783
6797	1.5888
6798	1.6369
6799	1.8043
6800	1.9565
6801	1.9379
6802	2.2541
6803	2.1053
6804	2.219
6805	2.5638
6806	2.3888
6807	2.9518
6808	2.6043
6809	2.7562
6810	3.141
6811	2.8227
6812	3.2908
6813	2.996
6814	3.3361
6815	3.4535
6816	3.7534
6817	3.5414
6818	3.9277
6819	3.9752
6820	4.1868
6821	4.3645
6822	4.5292
6823	4.3747
6824	4.71
6825	4.687
6826	4.6486
6827	4.6961
6828	4.7658
6829	4.7536
6830	4.5816
6831	4.3498
6832	4.3333
6833	3.9108
6834	3.1422
6835	2.7346
6836	3.3502
6837	2.6571
6838	2.2657
6839	2.2782
6840	3.9054
6841	3.7708
6842	2.7894
6843	7.3692
6844	8.2549
6845	9.0172
6846	7.2709
6847	9.1401
6848	6.7573
6849	8.7442
6850	5.8516
6851	7.5876
6852	6.1015
6853	4.8148
6854	4.4907
6855	3.5436
6856	3.7489
6857	2.9141
6858	2.8913
6859	2.6103
6860	2.7344
6861	3.6212
6862	3.6341
6863	3.1231
6864	4.0763
6865	4.0633
6866	3.7263
6867	4.494
6868	4.2025
6869	4.4232
6870	4.9508
6871	4.98
6872	4.6946
6873	5.2034
6874	5.1493
6875	5.4066
6876	5.4451
6877	6.1155
6878	5.9696
6879	5.7619
6880	5.915
6881	6.4329
6882	6.3433
6883	6.7416
6884	6.6671
6885	7.0294
6886	6.9372
6887	7.2347
6888	7.2957
6889	7.7766
6890	7.5634
6891	7.8396
6892	8.374
6893	8.3222
6894	8.1142
6895	8.6168
6896	8.5806
6897	8.8409
6898	8.8042
6899	9.0654
6900	9.0201
6901	9.317
6902	9.2691
6903	9.5893
6904	9.5309
6905	9.3831
6906	9.7975
6907	9.8636
6908	10.352
6909	10.406
6910	10.136
6911	10.939
6912	10.898
6913	10.673
6914	11.2
6915	11.182
6916	11.475
6917	11.454
6918	11.756
6919	11.743
6920	11.497
6921	12.026
6922	12.022
6923	12.3
6924	12.3
6925	12.573
6926	12.576
6927	12.853
6928	12.855
6929	12.58
6930	13.143
6931	13.143
6932	13.716
6933	13.726
6934	13.466
6935	13.436
6936	13.975
6937	14.001
6938	14.222
6939	14.259
6940	14.462
6941	14.51
6942	14.181
6943	14.753
6944	14.693
6945	15.135
6946	15.205
6947	14.912
6948	15.362
6949	15.435
6950	15.074
6951	15.582
6952	15.661
6953	15.832
6954	15.882
6955	15.529
6956	16.079
6957	16.148
6958	16.261
6959	16.361
6960	16.399
6961	16.524
6962	16.163
6963	16.532
6964	16.66
6965	16.673
6966	16.808
6967	16.793
6968	16.947
6969	16.878
6970	17.055
6971	16.969
6972	17.138
6973	17.244
6974	17.081
6975	17.327
6976	17.469
6977	17.2
6978	17.426
6979	17.583
6980	17.178
6981	17.511
6982	17.657
6983	17.591
6984	17.753
6985	17.39
6986	17.619
6987	17.82
6988	17.42
6989	17.668
6990	17.847
6991	17.738
6992	17.936
6993	17.739
6994	17.979
6995	17.967
6996	17.704
6997	17.934
6998	17.708
6999	17.756
7000	17.83
7001	17.995
7002	17.807
7003	17.834
7004	17.971
7005	17.732
7006	17.957
7007	17.81
7008	17.682
7009	17.788
7010	17.753
7011	17.592
7012	17.667
7013	17.551
7014	17.481
7015	17.229
7016	17.347
7017	17.194
7018	16.821
7019	17.023
7020	16.834
7021	16.336
7022	16.399
7023	16.621
7024	15.766
7025	16.152
7026	15.88
7027	15.326
7028	15.175
7029	15.616
7030	15.047
7031	14.839
7032	14.725
7033	14.535
7034	14.366
7035	14.124
7036	13.755
7037	14.05
7038	12.987
7039	13.691
7040	13.335
7041	12.685
7042	12.208
7043	12.993
7044	12.398
7045	11.934
7046	11.555
7047	12.117
7048	11.566
7049	10.955
7050	11.836
7051	11.3
7052	10.761
7053	10.371
7054	11.039
7055	10.094
7056	10.719
7057	10.856
7058	10.012
7059	10.639
7060	10.613
7061	10.696
7062	10.218
7063	10.633
7064	10.83
7065	10.472
7066	10.82
7067	10.725
7068	11.011
7069	11.573
7070	11.524
7071	11.254
7072	11.92
7073	12.047
7074	12.585
7075	12.294
7076	13.785
7077	12.653
7078	12.609
7079	13.934
7080	12.056
7081	9.7758
7082	6.793
7083	8.2759
7084	3.9395
7085	9.6929
7086	11.661
7087	11.52
7088	13.691
7089	12.08
7090	13.742
7091	10.048
7092	12.127
7093	13.57
7094	11.958
7095	13.023
7096	10.76
7097	11.672
7098	12.617
7099	11.36
7100	12.067
7101	10.601
7102	11.139
7103	11.711
7104	10.984
7105	11.354
7106	10.888
7107	11.13
7108	10.851
7109	10.947
7110	10.546
7111	10.885
7112	10.866
7113	10.961
7114	10.845
7115	11.098
7116	10.888
7117	11.289
7118	11.019
7119	11.254
7120	11.519
7121	11.184
7122	11.78
7123	11.429
7124	12.072
7125	11.676
7126	12.376
7127	11.978
7128	12.44
7129	12.7
7130	12.268
7131	13.035
7132	12.616
7133	13.392
7134	12.929
7135	13.736
7136	13.318
7137	14.068
7138	13.639
7139	14.404
7140	14.002
7141	14.324
7142	14.726
7143	14.989
7144	15.375
7145	15.051
7146	15.977
7147	15.629
7148	15.685
7149	16.262
7150	15.94
7151	16.541
7152	16.225
7153	16.806
7154	16.507
7155	16.77
7156	17.063
7157	17.248
7158	17.296
7159	17.524
7160	17.688
7161	17.926
7162	17.739
7163	18.066
7164	18.111
7165	18.294
7166	18.395
7167	18.591
7168	18.452
7169	18.68
7170	18.728
7171	18.851
7172	18.921
7173	19.08
7174	18.969
7175	19.128
7176	19.178
7177	19.267
7178	19.296
7179	19.417
7180	19.348
7181	19.431
7182	19.482
7183	19.541
7184	19.538
7185	19.634
7186	19.591
7187	19.618
7188	19.673
7189	19.707
7190	19.68
7191	19.755
7192	19.734
7193	19.719
7194	19.772
7195	19.786
7196	19.742
7197	19.8
7198	19.795
7199	19.746
7200	19.799
7201	19.799
7202	19.749
7203	19.795
7204	19.799
7205	19.738
7206	19.788
7207	19.779
7208	19.72
7209	19.756
7210	19.768
7211	19.695
7212	19.743
7213	19.728
7214	19.667
7215	19.697
7216	19.713
7217	19.634
7218	19.679
7219	19.662
7220	19.602
7221	19.627
7222	19.645
7223	19.566
7224	19.608
7225	19.589
7226	19.552
7227	19.53
7228	19.571
7229	19.535
7230	19.516
7231	19.577
7232	19.517
7233	19.496
7234	19.498
7235	19.48
7236	19.46
7237	19.481
7238	19.45
7239	19.428
7240	19.466
7241	19.433
7242	19.414
7243	19.395
7244	19.419
7245	19.392
7246	19.369
7247	19.406
7248	19.378
7249	19.358
7250	19.342
7251	19.365
7252	19.342
7253	19.318
7254	19.353
7255	19.33
7256	19.309
7257	19.294
7258	19.317
7259	19.272
7260	19.306
7261	19.295
7262	19.274
7263	19.254
7264	19.286
7265	19.265
7266	19.241
7267	19.262
7268	19.234
7269	19.259
7270	19.233
7271	19.253
7272	19.227
7273	19.285
7274	19.247
7275	19.221
7276	19.241
7277	19.214
7278	19.237
7279	19.206
7280	19.233
7281	19.265
7282	19.205
7283	19.227
7284	19.198
7285	19.223
7286	19.196
7287	19.255
7288	19.219
7289	19.19
7290	19.215
7291	19.248
7292	19.188
7293	19.211
7294	19.181
7295	19.209
7296	19.179
7297	19.241
7298	19.208
7299	19.176
7300	19.206
7301	19.239
7302	19.177
7303	19.205
7304	19.173
7305	19.204
7306	19.174
7307	19.235
7308	19.202
7309	19.17
7310	19.2
7311	19.233
7312	19.171
7313	19.199
7314	19.167
7315	19.169
7316	19.232
7317	19.2
7318	19.201
7319	19.167
7320	19.231
7321	19.199
7322	19.202
7323	19.17
7324	19.201
7325	19.17
7326	19.201
7327	19.168
7328	19.202
7329	19.171
7330	19.204
7331	19.17
7332	19.204
7333	19.174
7334	19.205
7335	19.172
7336	19.206
7337	19.174
7338	19.207
7339	19.174
7340	19.205
7341	19.174
7342	19.205
7343	19.171
7344	19.21
7345	19.177
7346	19.213
7347	19.178
7348	19.216
7349	19.185
7350	19.217
7351	19.183
7352	19.216
7353	19.187
7354	19.217
7355	19.182
7356	19.219
7357	19.186
7358	19.22
7359	19.185
7360	19.221
7361	19.187
7362	19.223
7363	19.188
7364	19.223
7365	19.192
7366	19.223
7367	19.189
7368	19.223
7369	19.19
7370	19.223
7371	19.189
7372	19.223
7373	19.192
7374	19.222
7375	19.188
7376	19.219
7377	19.188
7378	19.218
7379	19.183
7380	19.218
7381	19.188
7382	19.217
7383	19.182
7384	19.217
7385	19.186
7386	19.215
7387	19.18
7388	19.211
7389	19.18
7390	19.208
7391	19.174
7392	19.207
7393	19.173
7394	19.204
7395	19.169
7396	19.2
7397	19.17
7398	19.196
7399	19.162
7400	19.193
7401	19.161
7402	19.19
7403	19.154
7404	19.183
7405	19.15
7406	19.18
7407	19.142
7408	19.18
7409	19.142
7410	19.183
7411	19.139
7412	19.188
7413	19.144
7414	19.188
7415	19.15
7416	19.145
7417	19.187
7418	0.80449
7419	1.1415
7420	1.928
7421	1.8036
7422	2.047
7423	2.1843
7424	2.1202
7425	1.694
7426	1.6026
7427	1.826
7428	1.9404
7429	1.5289
7430	1.4636
7431	1.6844
7432	1.771
7433	1.4246
7434	1.3728
7435	1.5969
7436	1.626
7437	1.3268
7438	1.3028
7439	1.5304
7440	1.5191
7441	1.2661
7442	1.2399
7443	1.4481
7444	1.4836
7445	1.235
7446	1.219
7447	1.4429
7448	1.4355
7449	1.2099
7450	1.209
7451	1.4371
7452	1.4137
7453	1.209
7454	1.209
7455	1.4264
7456	1.402
7457	0.98057
7458	1.2064
7459	1.2166
7460	1.4342
7461	1.4184
7462	1.1861
7463	1.1973
7464	1.4097
7465	1.4644
7466	1.2526
7467	1.2694
7468	1.4852
7469	1.4867
7470	1.2707
7471	1.2857
7472	1.5179
7473	1.5265
7474	1.3031
7475	1.3269
7476	1.5557
7477	1.5527
7478	1.051
7479	1.3551
7480	1.3864
7481	1.6126
7482	1.6195
7483	1.4027
7484	1.6212
7485	1.4314
7486	1.6577
7487	1.1402
7488	1.4397
7489	1.6919
7490	1.453
7491	1.4438
7492	1.7124
7493	1.4605
7494	1.7194
7495	1.4924
7496	1.7464
7497	1.4765
7498	1.5132
7499	1.5544
7500	1.7742
7501	1.7804
7502	1.5764
7503	1.5693
7504	1.8166
7505	1.8408
7506	1.5748
7507	1.5844
7508	1.8303
7509	1.8429
7510	1.5961
7511	1.8334
7512	1.6342
7513	1.8591
7514	1.8621
7515	1.6185
7516	1.6334
7517	1.6328
7518	1.6346
7519	1.8674
7520	1.9131
7521	1.3867
7522	1.6464
7523	1.6406
7524	1.6423
7525	1.8746
7526	1.8975
7527	1.6351
7528	1.6369
7529	1.8847
7530	1.919
7531	1.6481
7532	1.6533
7533	1.8938
7534	1.9003
7535	1.9195
7536	1.4178
7537	1.651
7538	1.9042
7539	1.6539
7540	1.6731
7541	1.6867
7542	1.6997
7543	1.9006
7544	1.917
7545	1.6838
7546	1.7054
7547	1.7059
7548	1.9181
7549	1.9265
7550	1.7187
7551	1.738
7552	1.929
7553	1.9279
7554	1.751
7555	1.7633
7556	1.9545
7557	1.5384
7558	1.966
7559	1.7764
7560	1.8056
7561	1.9828
7562	1.9863
7563	1.8498
7564	1.9014
7565	2.0548
7566	2.0316
7567	1.9679
7568	2.0403
7569	2.1796
7570	2.1426
7571	2.1162
7572	2.1972
7573	2.341
7574	2.2809
7575	2.3075
7576	2.4074
7577	2.5628
7578	2.4311
7579	2.5091
7580	2.6252
7581	2.786
7582	2.6474
7583	2.7675
7584	2.9284
7585	3.081
7586	2.9102
7587	3.0849
7588	3.2459
7589	3.4205
7590	3.232
7591	3.4044
7592	3.5742
7593	3.7358
7594	3.5733
7595	3.7788
7596	3.9511
7597	4.1355
7598	3.9221
7599	4.0912
7600	4.2698
7601	4.4292
7602	4.2532
7603	3.7657
7604	4.4276
7605	4.5711
7606	4.7456
7607	4.6343
7608	4.7067
7609	4.8313
7610	4.9659
7611	4.8944
7612	4.9114
7613	4.9374
7614	5.0867
7615	5.0839
7616	4.7314
7617	4.9216
7618	4.8378
7619	5.0081
7620	5.0914
7621	4.8497
7622	4.682
7623	4.4387
7624	4.6368
7625	4.8734
7626	4.1057
7627	3.6797
7628	3.938
7629	4.3247
7630	3.183
7631	2.6575
7632	2.9757
7633	3.4677
7634	2.1843
7635	1.8446
7636	2.1845
7637	2.5097
7638	1.733
7639	1.846
7640	2.0824
7641	2.0035
7642	2.
7643	2.0678
7644	2.5237
7645	1.8622
7646	2.3448
7647	2.0326
7648	1.9518
7649	2.5321
7650	1.6654
7651	2.6644
7652	1.9748
7653	2.0999
7654	2.6212
7655	2.4908
7656	1.573
7657	2.2741
7658	2.489
7659	2.731
7660	2.656
7661	2.7755
7662	3.1267
7663	3.1106
7664	2.8695
7665	2.4147
7666	3.5055
7667	3.8995
7668	3.7402
7669	3.4075
7670	4.295
7671	4.6829
7672	4.4764
7673	4.1057
7674	4.0993
7675	5.064
7676	5.4434
7677	5.2213
7678	4.8461
7679	5.8172
7680	6.1853
7681	5.9661
7682	5.5954
7683	5.6684
7684	6.5463
7685	6.8968
7686	6.6907
7687	6.3322
7688	7.2341
7689	7.5642
7690	7.3752
7691	7.0386
7692	7.1121
7693	7.891
7694	8.2044
7695	8.0317
7696	7.7076
7697	7.7587
7698	8.5043
7699	8.7987
7700	8.6358
7701	8.3381
7702	8.3797
7703	9.0877
7704	9.3743
7705	9.2104
7706	8.9261
7707	9.6554
7708	9.9216
7709	9.7592
7710	9.4903
7711	10.189
7712	10.461
7713	10.28
7714	10.015
7715	10.109
7716	10.72
7717	10.969
7718	10.78
7719	10.535
7720	10.668
7721	11.208
7722	11.435
7723	11.244
7724	11.017
7725	11.661
7726	11.895
7727	11.686
7728	11.463
7729	11.635
7730	12.14
7731	12.391
7732	12.152
7733	11.916
7734	12.108
7735	12.641
7736	12.885
7737	12.624
7738	12.389
7739	13.117
7740	13.348
7741	13.072
7742	12.853
7743	13.161
7744	13.573
7745	13.781
7746	13.514
7747	13.855
7748	13.299
7749	13.637
7750	13.979
7751	14.181
7752	13.922
7753	13.718
7754	14.397
7755	14.624
7756	14.361
7757	14.135
7758	14.842
7759	15.046
7760	14.803
7761	14.588
7762	15.24
7763	15.426
7764	15.214
7765	15.012
7766	15.287
7767	15.606
7768	15.785
7769	15.605
7770	15.412
7771	15.965
7772	16.149
7773	15.993
7774	15.8
7775	15.978
7776	16.348
7777	16.56
7778	16.411
7779	16.193
7780	16.779
7781	16.992
7782	16.853
7783	16.636
7784	17.185
7785	17.362
7786	17.269
7787	17.065
7788	17.166
7789	17.527
7790	17.671
7791	17.662
7792	17.474
7793	17.797
7794	17.909
7795	17.976
7796	17.831
7797	17.694
7798	18.005
7799	18.08
7800	18.257
7801	18.133
7802	17.839
7803	18.126
7804	18.165
7805	18.423
7806	18.381
7807	18.196
7808	18.207
7809	18.586
7810	18.542
7811	17.895
7812	18.193
7813	18.151
7814	18.645
7815	18.692
7816	17.84
7817	18.073
7818	18.001
7819	18.631
7820	18.721
7821	17.938
7822	17.863
7823	18.593
7824	18.66
7825	17.751
7826	17.639
7827	18.458
7828	18.602
7829	17.512
7830	17.337
7831	18.263
7832	18.427
7833	17.114
7834	16.854
7835	17.886
7836	18.196
7837	16.519
7838	16.228
7839	17.28
7840	17.717
7841	17.17
7842	16.038
7843	15.494
7844	15.142
7845	16.259
7846	16.543
7847	15.759
7848	14.769
7849	14.362
7850	15.486
7851	15.818
7852	13.97
7853	13.658
7854	14.547
7855	14.92
7856	13.193
7857	12.752
7858	13.476
7859	14.109
7860	12.329
7861	11.852
7862	12.364
7863	13.006
7864	11.394
7865	10.939
7866	11.179
7867	11.802
7868	10.518
7869	10.063
7870	9.9906
7871	10.572
7872	10.791
7873	9.6582
7874	9.4095
7875	8.8597
7876	9.3548
7877	9.1341
7878	8.7829
7879	8.0059
7880	8.4518
7881	8.4507
7882	7.9823
7883	7.447
7884	7.6586
7885	9.4439
7886	7.2463
7887	6.3194
7888	6.9139
7889	7.1744
7890	5.4854
7891	5.2697
7892	6.5955
7893	6.7006
7894	6.1925
7895	6.7802
7896	6.5294
7897	7.9603
7898	7.7284
7899	5.0043
7900	5.3613
7901	4.652
7902	6.2139
7903	7.0561
7904	4.5474
7905	4.9942
7906	5.8328
7907	6.005
7908	5.9994
7909	6.6239
7910	7.2131
7911	6.3962
7912	6.1998
7913	7.0689
7914	7.5699
7915	7.8679
7916	6.7572
7917	6.5453
7918	8.3878
7919	8.2048
7920	8.5328
7921	7.4814
7922	7.0184
7923	8.8485
7924	8.8518
7925	9.2376
7926	8.4084
7927	7.8614
7928	9.6578
7929	10.118
7930	9.5306
7931	8.9234
7932	9.8339
7933	10.586
7934	11.049
7935	10.68
7936	10.102
7937	11.508
7938	11.97
7939	11.782
7940	11.238
7941	11.296
7942	12.42
7943	12.863
7944	12.827
7945	12.327
7946	13.287
7947	13.716
7948	13.778
7949	13.319
7950	12.867
7951	14.144
7952	14.543
7953	14.669
7954	14.26
7955	14.901
7956	15.263
7957	15.459
7958	15.124
7959	15.623
7960	15.966
7961	16.182
7962	15.854
7963	16.289
7964	16.597
7965	16.796
7966	16.54
7967	16.868
7968	17.123
7969	17.377
7970	17.148
7971	17.392
7972	17.635
7973	17.892
7974	17.661
7975	17.848
7976	18.064
7977	18.304
7978	18.142
7979	18.268
7980	18.451
7981	18.685
7982	18.542
7983	18.634
7984	18.792
7985	19.003
7986	18.878
7987	18.923
7988	19.056
7989	19.263
7990	19.18
7991	19.187
7992	19.3
7993	19.493
7994	19.404
7995	19.402
7996	19.493
7997	19.674
7998	19.603
7999	19.573
8000	19.652
8001	19.814
8002	19.764
8003	19.731
8004	19.794
8005	19.944
8006	19.899
8007	19.85
8008	19.898
8009	20.034
8010	19.997
8011	19.936
8012	19.971
8013	20.094
8014	20.078
8015	20.004
8016	20.027
8017	20.141
8018	20.129
8019	20.045
8020	20.066
8021	20.157
8022	20.16
8023	20.076
8024	20.073
8025	20.17
8026	20.181
8027	20.07
8028	20.07
8029	20.156
8030	20.171
8031	20.072
8032	20.068
8033	20.144
8034	20.161
8035	20.055
8036	20.04
8037	20.114
8038	20.138
8039	20.026
8040	20.01
8041	20.08
8042	20.104
8043	19.994
8044	19.975
8045	20.04
8046	20.066
8047	19.959
8048	19.943
8049	20.
8050	20.022
8051	19.922
8052	19.899
8053	19.953
8054	19.982
8055	19.877
8056	19.854
8057	19.907
8058	19.933
8059	19.832
8060	19.809
8061	19.858
8062	19.884
8063	19.786
8064	19.764
8065	19.811
8066	19.838
8067	19.743
8068	19.723
8069	19.765
8070	19.79
8071	19.702
8072	19.682
8073	19.722
8074	19.747
8075	19.662
8076	19.642
8077	19.682
8078	19.704
8079	19.641
8080	19.621
8081	19.601
8082	19.64
8083	19.664
8084	19.584
8085	19.567
8086	19.604
8087	19.623
8088	19.55
8089	19.535
8090	19.571
8091	19.589
8092	19.519
8093	19.505
8094	19.54
8095	19.557
8096	19.491
8097	19.479
8098	19.512
8099	19.529
8100	19.467
8101	19.453
8102	19.488
8103	19.504
8104	19.439
8105	19.429
8106	19.462
8107	19.477
8108	19.42
8109	19.41
8110	19.444
8111	19.454
8112	19.401
8113	19.391
8114	19.426
8115	19.435
8116	19.384
8117	19.378
8118	19.412
8119	19.417
8120	19.372
8121	19.366
8122	19.399
8123	19.406
8124	19.345
8125	19.36
8126	19.358
8127	19.389
8128	19.396
8129	19.353
8130	19.347
8131	19.379
8132	19.389
8133	19.327
8134	19.345
8135	19.341
8136	19.374
8137	19.38
8138	19.316
8139	19.338
8140	19.336
8141	19.368
8142	19.372
8143	19.309
8144	19.333
8145	19.331
8146	19.364
8147	19.37
8148	19.304
8149	19.329
8150	19.329
8151	19.361
8152	19.366
8153	19.301
8154	19.329
8155	19.328
8156	19.36
8157	19.366
8158	19.299
8159	19.33
8160	19.331
8161	19.363
8162	19.363
8163	19.297
8164	19.332
8165	19.33
8166	19.364
8167	19.366
8168	19.299
8169	19.332
8170	19.333
8171	19.367
8172	19.364
8173	19.297
8174	19.332
8175	19.334
8176	19.366
8177	19.366
8178	19.335
8179	19.339
8180	19.37
8181	19.37
8182	19.341
8183	19.339
8184	19.373
8185	19.377
8186	19.339
8187	19.342
8188	19.374
8189	19.375
8190	19.344
8191	19.344
8192	19.379
8193	19.381
8194	19.343
8195	19.345
8196	19.378
8197	19.38
8198	19.349
8199	19.351
8200	19.385
8201	19.385
8202	19.352
8203	19.353
8204	19.388
8205	19.389
8206	19.354
8207	19.356
8208	19.39
8209	19.391
8210	19.359
8211	19.36
8212	19.395
8213	19.396
8214	19.36
8215	19.36
8216	19.395
8217	19.397
8218	19.361
8219	19.362
8220	19.397
8221	19.399
8222	19.362
8223	19.362
8224	19.398
8225	19.4
8226	19.361
8227	19.361
8228	19.397
8229	19.401
8230	19.362
8231	19.361
8232	19.399
8233	19.402
8234	19.36
8235	19.359
8236	19.397
8237	19.401
8238	19.358
8239	19.356
8240	19.394
8241	19.399
8242	19.354
8243	19.351
8244	19.391
8245	19.396
8246	19.35
8247	19.348
8248	19.388
8249	19.391
8250	19.346
8251	19.346
8252	19.385
8253	19.387
8254	19.344
8255	19.343
8256	19.382
8257	19.388
8258	19.342
8259	19.337
8260	19.379
8261	19.383
8262	19.343
8263	19.352
8264	19.388
8265	19.377
8266	19.349
8267	19.346
8268	19.386
8269	19.39
8270	19.231
8271	19.305
8272	19.266
8273	19.267
8274	19.343
8275	19.342
8276	19.382
8277	19.301
8278	19.389
8279	19.308
8280	1.8396
8281	1.9963
8282	1.4886
8283	19.161
8284	19.192
8285	19.198
8286	0.52743
8287	0.60039
8288	0.30087
8289	0.46714
8290	0.27394
8291	0.38871
8292	0.22474
8293	0.65525
8294	0.33991
8295	0.19822
8296	0.31571
8297	0.22044
8298	0.52245
8299	0.30576
8300	0.26
8301	0.29914
8302	0.29211
8303	0.45576
8304	0.30264
8305	0.35425
8306	0.32081
8307	0.39685
8308	0.38539
8309	0.34286
8310	0.45613
8311	0.36704
8312	0.4842
8313	0.35803
8314	0.39248
8315	0.54127
8316	0.41553
8317	0.56013
8318	0.35855
8319	0.44504
8320	0.61196
8321	0.46522
8322	0.64992
8323	0.36946
8324	0.4868
8325	0.65034
8326	0.51657
8327	0.7096
8328	0.39021
8329	0.52193
8330	0.76409
8331	0.54361
8332	0.74741
8333	0.40001
8334	0.57984
8335	0.80424
8336	0.61923
8337	0.81715
8338	0.63548
8339	0.88639
8340	0.63544
8341	0.85577
8342	0.64903
8343	0.90319
8344	0.65969
8345	0.90964
8346	0.47248
8347	0.67958
8348	0.93489
8349	0.70156
8350	0.94762
8351	0.71903
8352	0.97764
8353	0.74121
8354	0.98319
8355	0.76031
8356	1.0371
8357	0.77736
8358	1.03
8359	0.58073
8360	0.78005
8361	1.0553
8362	0.78977
8363	1.0212
8364	0.59313
8365	0.83517
8366	1.0877
8367	0.84661
8368	1.1229
8369	0.64649
8370	0.84249
8371	1.1025
8372	0.86899
8373	1.1087
8374	0.88412
8375	1.1554
8376	0.89931
8377	1.1469
8378	0.87413
8379	1.1767
8380	0.87108
8381	1.1088
8382	0.70907
8383	0.89874
8384	1.1865
8385	0.91042
8386	1.1541
8387	0.74988
8388	0.94087
8389	1.1947
8390	0.97696
8391	1.1873
8392	0.79392
8393	0.98339
8394	1.2425
8395	0.82224
8396	0.96877
8397	1.1854
8398	0.97041
8399	1.2165
8400	0.95508
8401	1.2074
8402	0.82985
8403	0.96039
8404	1.1826
8405	0.98448
8406	1.2277
8407	0.83537
8408	0.98105
8409	1.2284
8410	0.98622
8411	1.1985
8412	0.83669
8413	0.98252
8414	1.2305
8415	0.97001
8416	1.1867
8417	0.96597
8418	1.199
8419	0.96193
8420	1.176
8421	0.84407
8422	0.95731
8423	1.1781
8424	0.96206
8425	1.1356
8426	0.84866
8427	1.172
8428	0.95545
8429	0.90516
8430	1.0827
8431	0.92338
8432	0.90337
8433	1.0602
8434	0.89685
8435	1.0666
8436	0.87988
8437	1.0156
8438	0.86173
8439	0.8619
8440	0.99851
8441	0.84233
8442	0.95641
8443	0.857
8444	0.82429
8445	0.9371
8446	0.80573
8447	0.88413
8448	0.84854
8449	0.78762
8450	0.85914
8451	0.77061
8452	0.81627
8453	0.84533
8454	0.75978
8455	0.7823
8456	0.75642
8457	0.73689
8458	0.75422
8459	0.70148
8460	0.76902
8461	0.66902
8462	0.81764
8463	0.64799
8464	0.85681
8465	0.66088
8466	0.87856
8467	0.64831
8468	0.93402
8469	0.65138
8470	1.1342
8471	1.0005
8472	0.73518
8473	1.085
8474	0.76828
8475	1.2811
8476	0.87421
8477	1.1884
8478	1.5963
8479	1.2269
8480	1.4434
8481	1.7615
8482	1.7477
8483	1.414
8484	1.8949
8485	1.5613
8486	2.0607
8487	2.087
8488	1.7467
8489	2.2804
8490	1.9742
8491	2.4274
8492	2.4802
8493	2.1507
8494	2.6827
8495	2.3861
8496	2.9041
8497	2.5816
8498	3.1552
8499	2.85
8500	3.2401
8501	3.4038
8502	3.0864
8503	3.6555
8504	3.3721
8505	3.7019
8506	3.9077
8507	3.6427
8508	4.1562
8509	3.9306
8510	4.1666
8511	4.387
8512	4.1971
8513	4.591
8514	4.4685
8515	4.5524
8516	4.7441
8517	4.7076
8518	4.8263
8519	4.8962
8520	4.8236
8521	5.0083
8522	4.672
8523	5.0655
8524	4.6447
8525	4.3267
8526	4.9011
8527	3.6591
8528	4.5361
8529	3.8768
8530	2.8077
8531	3.7308
8532	2.8039
8533	3.2208
8534	2.4529
8535	3.5973
8536	3.4798
8537	5.3898
8538	5.8035
8539	4.2518
8540	6.4688
8541	6.9411
8542	5.2526
8543	8.0091
8544	8.4872
8545	5.6439
8546	9.919
8547	10.96
8548	10.785
8549	13.205
8550	10.608
8551	13.718
8552	9.563
8553	12.773
8554	7.8133
8555	10.249
8556	5.8931
8557	7.4278
8558	4.3736
8559	5.1095
8560	4.6552
8561	3.4819
8562	3.9518
8563	3.1282
8564	3.5907
8565	2.9444
8566	3.3743
8567	3.6996
8568	3.7691
8569	3.8879
8570	3.2722
8571	4.0797
8572	4.2603
8573	4.4837
8574	4.6763
8575	4.8525
8576	4.9869
8577	5.0682
8578	5.2266
8579	4.7751
8580	5.1839
8581	5.3344
8582	5.3574
8583	5.3593
8584	5.6248
8585	5.3965
8586	5.8716
8587	5.7253
8588	5.6578
8589	6.2014
8590	6.2112
8591	6.5805
8592	6.4602
8593	6.8659
8594	6.7822
8595	7.1446
8596	7.1372
8597	7.4563
8598	7.3712
8599	7.7313
8600	7.6686
8601	7.5163
8602	7.9874
8603	7.9359
8604	8.2577
8605	8.2692
8606	8.0492
8607	8.5289
8608	8.4943
8609	8.7685
8610	8.7163
8611	8.9844
8612	8.9404
8613	9.2245
8614	9.2181
8615	9.483
8616	9.4072
8617	9.7395
8618	9.6762
8619	10.008
8620	9.9919
8621	10.29
8622	10.215
8623	10.074
8624	10.497
8625	10.57
8626	11.141
8627	11.116
8628	10.849
8629	11.436
8630	11.41
8631	11.722
8632	11.707
8633	12.009
8634	12.006
8635	12.297
8636	12.313
8637	12.577
8638	12.579
8639	12.859
8640	12.874
8641	13.146
8642	13.17
8643	13.436
8644	13.45
8645	13.727
8646	13.745
8647	13.436
8648	14.012
8649	14.048
8650	14.286
8651	14.321
8652	14.549
8653	14.594
8654	14.803
8655	14.864
8656	15.053
8657	15.11
8658	15.286
8659	15.362
8660	14.99
8661	15.507
8662	15.589
8663	15.736
8664	15.818
8665	15.965
8666	16.065
8667	16.202
8668	16.289
8669	16.433
8670	16.528
8671	16.627
8672	16.748
8673	16.789
8674	16.921
8675	16.941
8676	17.08
8677	17.087
8678	17.238
8679	17.214
8680	17.378
8681	17.321
8682	17.502
8683	17.42
8684	17.605
8685	17.525
8686	17.706
8687	17.632
8688	17.809
8689	17.355
8690	17.733
8691	17.904
8692	17.823
8693	17.993
8694	17.91
8695	18.071
8696	17.994
8697	18.161
8698	18.061
8699	18.253
8700	18.13
8701	18.34
8702	18.193
8703	18.434
8704	18.228
8705	18.497
8706	18.21
8707	18.524
8708	18.181
8709	18.452
8710	17.919
8711	18.182
8712	18.47
8713	18.197
8714	18.454
8715	17.963
8716	18.19
8717	18.468
8718	18.15
8719	18.417
8720	18.077
8721	18.367
8722	17.973
8723	18.234
8724	17.871
8725	17.85
8726	18.122
8727	17.71
8728	17.957
8729	17.554
8730	17.812
8731	17.37
8732	17.606
8733	17.399
8734	17.167
8735	17.405
8736	16.94
8737	17.169
8738	17.036
8739	16.691
8740	16.916
8741	16.422
8742	16.618
8743	16.593
8744	16.137
8745	16.339
8746	15.831
8747	16.002
8748	16.079
8749	15.508
8750	15.693
8751	15.175
8752	15.33
8753	15.485
8754	14.824
8755	14.959
8756	14.466
8757	14.571
8758	14.077
8759	14.174
8760	13.659
8761	13.747
8762	13.264
8763	13.295
8764	12.849
8765	12.858
8766	13.417
8767	12.425
8768	12.381
8769	11.989
8770	11.936
8771	12.644
8772	11.576
8773	11.435
8774	11.2
8775	10.991
8776	10.866
8777	10.514
8778	10.536
8779	10.16
8780	11.342
8781	10.205
8782	9.7173
8783	9.877
8784	9.3996
8785	9.6279
8786	8.9937
8787	9.5209
8788	8.8382
8789	10.274
8790	9.4237
8791	8.6302
8792	9.4165
8793	8.6288
8794	10.052
8795	9.5145
8796	8.6764
8797	9.7053
8798	8.9059
8799	10.125
8800	10.
8801	9.1464
8802	10.387
8803	9.693
8804	10.853
8805	10.215
8806	11.428
8807	10.935
8808	11.095
8809	12.082
8810	11.719
8811	12.827
8812	12.606
8813	13.67
8814	13.595
8815	14.597
8816	14.708
8817	13.229
8818	15.909
8819	15.551
8820	15.696
8821	18.437
8822	16.281
8823	19.218
8824	12.819
8825	11.377
8826	10.103
8827	10.464
8828	9.8226
8829	5.7882
8830	13.192
8831	18.71
8832	15.83
8833	19.243
8834	16.146
8835	18.549
8836	15.448
8837	17.256
8838	14.642
8839	16.183
8840	13.811
8841	15.019
8842	13.109
8843	14.117
8844	13.239
8845	12.499
8846	11.538
8847	11.901
8848	11.985
8849	11.209
8850	11.42
8851	11.024
8852	10.972
8853	10.77
8854	10.599
8855	10.829
8856	10.806
8857	10.508
8858	10.576
8859	10.911
8860	11.329
8861	10.93
8862	11.094
8863	11.592
8864	11.14
8865	11.457
8866	11.885
8867	12.539
8868	12.133
8869	12.207
8870	12.893
8871	12.484
8872	12.88
8873	13.259
8874	13.968
8875	13.624
8876	13.616
8877	14.319
8878	13.987
8879	14.66
8880	14.358
8881	14.673
8882	14.702
8883	14.998
8884	15.643
8885	15.38
8886	15.327
8887	15.951
8888	15.705
8889	16.241
8890	16.003
8891	16.519
8892	16.301
8893	16.796
8894	16.565
8895	17.04
8896	16.841
8897	17.045
8898	17.261
8899	17.067
8900	17.484
8901	17.305
8902	17.491
8903	17.69
8904	17.517
8905	17.883
8906	17.729
8907	17.889
8908	18.067
8909	17.911
8910	18.234
8911	18.096
8912	18.256
8913	18.387
8914	18.25
8915	18.533
8916	18.404
8917	18.551
8918	18.666
8919	18.542
8920	18.788
8921	18.674
8922	18.809
8923	18.902
8924	18.79
8925	19.009
8926	18.902
8927	19.037
8928	19.103
8929	19.
8930	19.189
8931	19.094
8932	19.221
8933	19.265
8934	19.171
8935	19.334
8936	19.247
8937	19.368
8938	19.396
8939	19.313
8940	19.452
8941	19.373
8942	19.491
8943	19.503
8944	19.425
8945	19.544
8946	19.474
8947	19.587
8948	19.578
8949	19.509
8950	19.611
8951	19.548
8952	19.655
8953	19.638
8954	19.574
8955	19.659
8956	19.602
8957	19.704
8958	19.677
8959	19.62
8960	19.69
8961	19.639
8962	19.736
8963	19.697
8964	19.647
8965	19.702
8966	19.658
8967	19.748
8968	19.706
8969	19.66
8970	19.708
8971	19.668
8972	19.754
8973	19.705
8974	19.666
8975	19.701
8976	19.665
8977	19.746
8978	19.697
8979	19.658
8980	19.689
8981	19.657
8982	19.734
8983	19.68
8984	19.644
8985	19.668
8986	19.64
8987	19.713
8988	19.655
8989	19.625
8990	19.642
8991	19.616
8992	19.685
8993	19.629
8994	19.6
8995	19.613
8996	19.59
8997	19.656
8998	19.597
8999	19.57
9000	19.582
9001	19.56
9002	19.623
9003	19.564
9004	19.539
9005	19.546
9006	19.526
9007	19.587
9008	19.529
9009	19.506
9010	19.512
9011	19.493
9012	19.551
9013	19.495
9014	19.474
9015	19.478
9016	19.459
9017	19.461
9018	19.441
9019	19.443
9020	19.427
9021	19.427
9022	19.407
9023	19.411
9024	19.395
9025	19.447
9026	19.394
9027	19.375
9028	19.377
9029	19.361
9030	19.363
9031	19.343
9032	19.35
9033	19.332
9034	19.386
9035	19.337
9036	19.316
9037	19.323
9038	19.304
9039	19.311
9040	19.288
9041	19.298
9042	19.278
9043	19.332
9044	19.286
9045	19.263
9046	19.275
9047	19.254
9048	19.263
9049	19.241
9050	19.252
9051	19.231
9052	19.285
9053	19.241
9054	19.219
9055	19.232
9056	19.21
9057	19.263
9058	19.221
9059	19.2
9060	19.211
9061	19.186
9062	19.206
9063	19.181
9064	19.202
9065	19.176
9066	19.195
9067	19.17
9068	19.189
9069	19.164
9070	19.181
9071	19.156
9072	19.149
9073	19.176
9074	19.168
9075	19.138
9076	19.171
9077	19.165
9078	19.138
9079	19.131
9080	19.16
9081	19.151
9082	19.122
9083	19.156
9084	19.148
9085	19.121
9086	19.117
9087	19.146
9088	19.144
9089	19.113
9090	19.145
9091	19.143
9092	19.115
9093	19.111
9094	19.141
9095	19.139
9096	19.107
9097	19.139
9098	19.138
9099	19.109
9100	19.137
9101	19.107
9102	19.167
9103	19.138
9104	19.104
9105	19.14
9106	19.108
9107	19.139
9108	19.11
9109	19.139
9110	19.105
9111	19.139
9112	19.108
9113	19.141
9114	19.107
9115	19.142
9116	19.111
9117	19.142
9118	19.11
9119	19.142
9120	19.111
9121	19.143
9122	19.112
9123	19.142
9124	19.112
9125	19.144
9126	19.11
9127	19.147
9128	19.115
9129	19.151
9130	19.116
9131	19.153
9132	19.121
9133	19.154
9134	19.119
9135	19.154
9136	19.123
9137	19.153
9138	19.12
9139	19.154
9140	19.126
9141	19.154
9142	19.123
9143	19.155
9144	19.123
9145	19.159
9146	19.123
9147	19.16
9148	19.128
9149	19.158
9150	19.124
9151	19.157
9152	19.126
9153	19.159
9154	19.124
9155	19.159
9156	19.128
9157	19.156
9158	19.124
9159	19.154
9160	19.125
9161	19.154
9162	19.118
9163	19.154
9164	19.123
9165	19.153
9166	19.118
9167	19.151
9168	19.12
9169	19.147
9170	19.115
9171	19.145
9172	19.114
9173	19.141
9174	19.109
9175	19.137
9176	19.108
9177	19.136
9178	19.102
9179	19.133
9180	19.101
9181	19.128
9182	19.094
9183	19.123
9184	19.092
9185	19.116
9186	19.083
9187	19.11
9188	19.077
9189	19.106
9190	19.069
9191	19.102
9192	19.067
9193	19.102
9194	19.06
9195	19.108
9196	19.064
9197	19.108
9198	19.067
9199	19.108
9200	19.064
9201	19.11
9202	19.071
9203	19.148
9204	19.119
9205	19.075
9206	19.148
9207	8.4353
9208	8.968
9209	19.387
9210	19.339
9211	19.096
9212	19.136
9213	0.71406
9214	0.34187
9215	0.9357
9216	2.7718
9217	2.6375
9218	2.5995
9219	2.456
9220	2.4473
9221	2.3831
9222	2.3038
9223	2.1846
9224	2.0734
9225	1.996
9226	1.9285
9227	1.849
9228	1.8008
9229	1.7458
9230	1.7262
9231	1.6697
9232	1.7152
9233	1.648
9234	1.6478
9235	1.6424
9236	1.6458
9237	1.6349
9238	1.6238
9239	1.6406
9240	1.6512
9241	1.6872
9242	1.6943
9243	1.7048
9244	1.7243
9245	1.7472
9246	1.7794
9247	1.7905
9248	1.8111
9249	1.8543
9250	1.8831
9251	1.8894
9252	1.8815
9253	1.9303
9254	1.9802
9255	1.7351
9256	1.9785
9257	1.9954
9258	2.0213
9259	2.0397
9260	1.7618
9261	2.0423
9262	2.049
9263	2.0676
9264	2.0881
9265	2.0983
9266	2.1068
9267	2.1137
9268	2.1047
9269	2.1231
9270	2.1595
9271	1.9164
9272	2.1364
9273	1.8837
9274	2.1399
9275	2.1787
9276	1.9025
9277	2.1572
9278	2.1394
9279	2.1404
9280	2.161
9281	2.1792
9282	2.1584
9283	2.1557
9284	2.1702
9285	2.1683
9286	2.1497
9287	1.8896
9288	2.1495
9289	2.1513
9290	1.9093
9291	2.1392
9292	2.1354
9293	2.1471
9294	2.1483
9295	2.1456
9296	2.1645
9297	2.1764
9298	2.1845
9299	2.1992
9300	2.215
9301	2.2417
9302	2.3014
9303	2.3588
9304	2.4245
9305	2.5098
9306	2.5784
9307	2.6895
9308	2.8061
9309	2.9275
9310	3.0745
9311	3.2269
9312	3.3876
9313	3.5706
9314	3.7511
9315	3.9077
9316	4.0867
9317	4.2815
9318	4.4402
9319	4.594
9320	4.797
9321	4.9557
9322	5.0727
9323	5.1569
9324	5.2224
9325	5.2462
9326	5.2629
9327	5.185
9328	5.0551
9329	4.8423
9330	4.5425
9331	4.188
9332	3.7673
9333	3.3126
9334	2.8964
9335	2.5857
9336	2.4386
9337	2.4829
9338	2.6997
9339	2.9621
9340	3.1889
9341	3.2012
9342	3.0788
9343	3.1459
9344	3.2008
9345	3.1501
9346	3.2537
9347	3.1577
9348	3.4354
9349	3.6807
9350	3.979
9351	4.3108
9352	5.0192
9353	4.6586
9354	5.3864
9355	5.755
9356	6.1214
9357	6.483
9358	6.8373
9359	7.1831
9360	7.5211
9361	7.8504
9362	8.1673
9363	8.4714
9364	8.7648
9365	9.0502
9366	9.3279
9367	9.5956
9368	9.8543
9369	10.108
9370	10.356
9371	10.597
9372	10.829
9373	11.055
9374	11.274
9375	11.49
9376	11.709
9377	11.93
9378	12.152
9379	12.374
9380	12.594
9381	12.811
9382	13.028
9383	13.244
9384	13.456
9385	13.667
9386	13.883
9387	14.107
9388	14.335
9389	14.562
9390	14.784
9391	15.002
9392	15.218
9393	15.43
9394	15.64
9395	15.848
9396	16.055
9397	16.275
9398	16.51
9399	16.74
9400	16.966
9401	17.195
9402	17.427
9403	17.658
9404	17.873
9405	18.062
9406	18.252
9407	18.442
9408	18.62
9409	18.742
9410	18.863
9411	19.001
9412	19.144
9413	19.22
9414	19.292
9415	19.367
9416	19.374
9417	19.399
9418	19.412
9419	19.39
9420	19.319
9421	19.249
9422	19.037
9423	19.192
9424	18.815
9425	18.546
9426	18.285
9427	18.031
9428	17.349
9429	17.675
9430	16.977
9431	16.576
9432	16.083
9433	15.534
9434	15.033
9435	14.426
9436	13.075
9437	13.767
9438	12.357
9439	11.635
9440	10.881
9441	10.132
9442	9.3845
9443	8.6788
9444	8.0783
9445	7.5789
9446	7.2442
9447	7.1569
9448	7.2572
9449	7.5036
9450	7.7359
9451	8.1871
9452	7.9368
9453	8.7448
9454	7.7491
9455	7.4507
9456	7.2474
9457	6.9672
9458	6.6274
9459	6.3662
9460	6.2313
9461	6.269
9462	6.538
9463	6.9756
9464	7.5279
9465	8.1674
9466	8.848
9467	9.5504
9468	10.227
9469	10.892
9470	11.532
9471	12.157
9472	12.753
9473	13.301
9474	13.83
9475	14.345
9476	14.808
9477	15.276
9478	15.712
9479	16.08
9480	16.443
9481	16.787
9482	17.077
9483	17.378
9484	17.691
9485	17.952
9486	18.197
9487	18.436
9488	18.636
9489	18.819
9490	18.995
9491	19.147
9492	19.278
9493	19.423
9494	19.553
9495	19.643
9496	19.739
9497	19.824
9498	19.901
9499	19.97
9500	20.029
9501	20.085
9502	20.134
9503	20.167
9504	20.199
9505	20.23
9506	20.251
9507	20.267
9508	20.281
9509	20.287
9510	20.283
9511	20.282
9512	20.284
9513	20.277
9514	20.265
9515	20.255
9516	20.239
9517	20.219
9518	20.202
9519	20.183
9520	20.162
9521	20.14
9522	20.117
9523	20.091
9524	20.067
9525	20.042
9526	20.016
9527	19.99
9528	19.965
9529	19.939
9530	19.912
9531	19.888
9532	19.865
9533	19.839
9534	19.814
9535	19.79
9536	19.767
9537	19.745
9538	19.725
9539	19.705
9540	19.684
9541	19.663
9542	19.645
9543	19.628
9544	19.611
9545	19.594
9546	19.579
9547	19.565
9548	19.551
9549	19.538
9550	19.526
9551	19.512
9552	19.5
9553	19.488
9554	19.479
9555	19.47
9556	19.461
9557	19.453
9558	19.446
9559	19.44
9560	19.434
9561	19.43
9562	19.425
9563	19.42
9564	19.416
9565	19.413
9566	19.411
9567	19.406
9568	19.404
9569	19.403
9570	19.402
9571	19.4
9572	19.399
9573	19.399
9574	19.399
9575	19.397
9576	19.398
9577	19.4
9578	19.4
9579	19.399
9580	19.4
9581	19.401
9582	19.401
9583	19.404
9584	19.407
9585	19.409
9586	19.411
9587	19.41
9588	19.411
9589	19.414
9590	19.416
9591	19.416
9592	19.417
9593	19.42
9594	19.423
9595	19.425
9596	19.426
9597	19.427
9598	19.429
9599	19.431
9600	19.433
9601	19.433
9602	19.434
9603	19.436
9604	19.437
9605	19.437
9606	19.438
9607	19.439
9608	19.439
9609	19.44
9610	19.44
9611	19.44
9612	19.439
9613	19.438
9614	19.437
9615	19.436
9616	19.434
9617	19.432
9618	19.431
9619	19.428
9620	19.427
9621	19.428
9622	19.427
9623	19.424
9624	19.422
9625	19.421
9626	19.424
9627	19.428
9628	19.428
9629	19.43
9630	19.43
9631	19.429
9632	19.429
9633	19.379
9634	19.3
9635	1.6512
9636	2.165
9637	1.0781
9638	1.3006
9639	0.4016
9640	9.4525e-002
9641	0.10172
9642	0.11627
9643	0.15154
9644	0.21608
9645	0.27648
9646	0.35984
9647	0.44527
9648	0.50201
9649	0.56277
9650	0.62102
9651	0.6722
9652	0.72324
9653	0.765
9654	0.80776
9655	0.86217
9656	0.87514
9657	0.91069
9658	0.99405
9659	1.0287
9660	1.0433
9661	1.0708
9662	1.1093
9663	1.1304
9664	1.1503
9665	1.1921
9666	1.2147
9667	1.2324
9668	1.2531
9669	1.2717
9670	1.3106
9671	1.3391
9672	1.3399
9673	1.3295
9674	1.3556
9675	1.4091
9676	1.4124
9677	1.4054
9678	1.4309
9679	1.455
9680	1.4614
9681	1.4567
9682	1.4787
9683	1.4931
9684	1.4914
9685	1.488
9686	1.4933
9687	1.484
9688	1.4796
9689	1.5044
9690	1.4919
9691	1.5075
9692	1.5235
9693	1.4965
9694	1.4913
9695	1.4842
9696	1.4692
9697	1.4646
9698	1.4489
9699	1.4109
9700	1.3973
9701	1.397
9702	1.3526
9703	1.1236
9704	1.3168
9705	1.3019
9706	1.2587
9707	1.2104
9708	1.178
9709	1.1452
9710	1.0888
9711	1.0275
9712	0.98588
9713	0.93123
9714	0.86855
9715	0.80141
9716	0.73442
9717	0.66341
9718	0.59646
9719	0.54215
9720	0.4902
9721	0.48418
9722	0.51533
9723	0.5591
9724	0.64763
9725	0.77251
9726	0.9631
9727	0.9036
9728	1.1174
9729	1.0512
9730	1.2364
9731	1.423
9732	1.6436
9733	1.8544
9734	2.0661
9735	2.2938
9736	2.5349
9737	2.7885
9738	3.0603
9739	3.3637
9740	3.6691
9741	3.9758
9742	4.2832
9743	4.5928
9744	4.8692
9745	5.0918
9746	5.2709
9747	5.3205
9748	5.1482
9749	4.6474
9750	3.8854
9751	3.5861
9752	5.0201
9753	6.3739
9754	4.7108
9755	7.3708
9756	8.9388
9757	11.42
9758	14.237
9759	16.137
9760	15.883
9761	13.444
9762	9.8022
9763	6.5455
9764	4.6026
9765	3.9412
9766	4.0965
9767	4.2197
9768	4.3572
9769	4.847
9770	5.187
9771	5.3686
9772	5.4969
9773	5.4133
9774	5.514
9775	5.4964
9776	6.0627
9777	6.4817
9778	6.6685
9779	7.0532
9780	7.3686
9781	7.5885
9782	7.8745
9783	8.2178
9784	8.5082
9785	8.6844
9786	8.8893
9787	9.1741
9788	9.4028
9789	9.6019
9790	9.9286
9791	10.2
9792	10.424
9793	10.732
9794	11.386
9795	11.07
9796	11.682
9797	11.992
9798	12.311
9799	12.878
9800	12.597
9801	13.187
9802	13.476
9803	13.76
9804	14.067
9805	14.359
9806	14.631
9807	14.912
9808	15.174
9809	15.422
9810	15.668
9811	15.903
9812	16.151
9813	16.394
9814	16.847
9815	16.619
9816	17.046
9817	17.217
9818	17.383
9819	17.536
9820	17.793
9821	17.672
9822	17.899
9823	17.998
9824	18.09
9825	18.173
9826	18.251
9827	18.433
9828	18.333
9829	18.546
9830	18.66
9831	18.757
9832	18.816
9833	18.792
9834	18.776
9835	18.784
9836	18.771
9837	18.748
9838	18.693
9839	18.589
9840	18.454
9841	18.309
9842	18.146
9843	17.953
9844	17.733
9845	17.508
9846	17.252
9847	16.953
9848	16.66
9849	16.328
9850	15.975
9851	15.645
9852	15.264
9853	14.855
9854	14.419
9855	13.99
9856	13.553
9857	13.07
9858	12.565
9859	12.051
9860	11.529
9861	10.996
9862	10.46
9863	9.9485
9864	9.4707
9865	9.0131
9866	8.5963
9867	8.2509
9868	7.9853
9869	7.849
9870	7.894
9871	8.0717
9872	8.3669
9873	8.8828
9874	9.5849
9875	10.391
9876	11.34
9877	12.381
9878	13.541
9879	14.831
9880	16.254
9881	17.929
9882	19.858
9883	17.268
9884	22.497
9885	24.825
9886	19.02
9887	19.081
9888	24.61
9889	22.322
9890	18.228
9891	20.009
9892	16.741
9893	15.476
9894	14.37
9895	13.396
9896	11.849
9897	12.543
9898	11.286
9899	10.836
9900	10.349
9901	10.539
9902	10.291
9903	10.371
9904	10.759
9905	10.545
9906	11.032
9907	11.376
9908	12.118
9909	11.737
9910	12.517
9911	12.915
9912	13.697
9913	13.307
9914	14.082
9915	14.454
9916	14.817
9917	15.165
9918	15.059
9919	15.497
9920	15.812
9921	16.115
9922	16.399
9923	16.667
9924	16.921
9925	17.159
9926	17.385
9927	17.597
9928	17.794
9929	17.976
9930	18.146
9931	18.3
9932	18.444
9933	18.579
9934	18.702
9935	18.814
9936	18.917
9937	19.012
9938	19.096
9939	19.172
9940	19.243
9941	19.305
9942	19.36
9943	19.409
9944	19.452
9945	19.49
9946	19.522
9947	19.548
9948	19.572
9949	19.591
9950	19.605
9951	19.615
9952	19.623
9953	19.628
9954	19.632
9955	19.631
9956	19.627
9957	19.623
9958	19.616
9959	19.608
9960	19.6
9961	19.589
9962	19.577
9963	19.564
9964	19.549
9965	19.535
9966	19.52
9967	19.504
9968	19.488
9969	19.472
9970	19.456
9971	19.439
9972	19.424
9973	19.408
9974	19.392
9975	19.376
9976	19.36
9977	19.344
9978	19.328
9979	19.313
9980	19.3
9981	19.285
9982	19.27
9983	19.257
9984	19.244
9985	19.232
9986	19.221
9987	19.21
9988	19.199
9989	19.188
9990	19.178
9991	19.166
9992	19.157
9993	19.152
9994	19.145
9995	19.14
9996	19.133
9997	19.125
9998	19.12
9999	19.109
10000	19.113
10001	19.106
10002	19.102
10003	19.094
10004	19.097
10005	19.091
10006	19.089
10007	19.086
10008	19.087
10009	19.084
10010	19.082
10011	19.08
10012	19.08
10013	19.079
10014	19.076
10015	19.076
10016	19.08
10017	19.078
10018	19.076
10019	19.077
10020	19.078
10021	19.081
10022	19.081
10023	19.082
10024	19.083
10025	19.082
10026	19.083
10027	19.086
10028	19.088
10029	19.089
10030	19.09
10031	19.092
10032	19.095
10033	19.095
10034	19.093
10035	19.093
10036	19.095
10037	19.095
10038	19.095
10039	19.095
10040	19.095
10041	19.095
10042	19.095
10043	19.091
10044	19.089
10045	19.089
10046	19.088
10047	19.086
10048	19.084
10049	19.08
10050	19.078
10051	19.074
10052	19.069
10053	19.064
10054	19.06
10055	19.054
10056	19.046
10057	19.038
10058	19.032
10059	19.027
10060	19.023
10061	19.025
10062	19.025
10063	19.03
10064	19.037
10065	19.053
10066	19.084
10067	19.123
10068	15.332
10069	10.312
10070	10.269
10071	16.28
10072	1.1954
10073	3.1635
10074	16.529
10075	1.7935
10076	14.625
10077	3.968
10078	0.85497
10079	7.8877
10080	18.492
10081	13.203
10082	1.39
10083	1.6488
10084	2.9904
10085	17.743
10086	0.94901
10087	2.1941
10088	15.855
10089	14.179
10090	1.2088
10091	12.772
10092	17.507
10093	2.322
10094	0.72736
10095	10.39
10096	1.308
10097	4.6777
10098	13.246
10099	11.774
10100	10.696
10101	10.752
10102	12.554
10103	19.11
10104	19.117
10105	19.13
10106	19.145
10107	0.77997
10108	6.5594
10109	3.8078
10110	16.846
10111	13.921
10112	13.172
10113	2.6898
10114	7.8745
10115	17.47
10116	13.995
10117	14.354
10118	14.712
10119	17.277
10120	12.331
10121	16.778
10122	7.83
10123	0.99831
10124	10.836
10125	11.029
10126	1.4748
10127	17.023
10128	11.251
10129	4.4302
10130	5.128
10131	5.3479
10132	7.2075
10133	7.7429
10134	7.813
10135	10.624
10136	10.803
10137	7.9148
10138	2.385
10139	14.131
10140	14.224
10141	3.9071
10142	3.8655
10143	4.3531
10144	4.0323
10145	8.4475
10146	11.401
10147	9.2525
10148	10.238
10149	0.56529
10150	8.4886
10151	8.4323
10152	0.66529
10153	19.171
10154	9.9403
10155	4.1454
10156	3.5126
10157	4.2233
10158	14.395
10159	3.166
10160	3.6924
10161	12.957
10162	10.463
10163	1.5382
10164	12.086
10165	5.5485
10166	5.2914
10167	5.7489
10168	19.267
10169	19.226
10170	19.228
10171	19.188
10172	2.5855
10173	2.3269
10174	1.8824
10175	1.6469
10176	1.5897
10177	1.2994
10178	1.3725
10179	5.708
10180	5.5044
10181	5.8624
10182	5.6638
10183	5.4472
10184	5.8165
10185	5.6048
10186	4.1497
10187	3.8667
10188	4.3118
10189	4.042
10190	19.233
