Node Number	Normal Stress (MPa)
1	-1.5413
2	4.1437
3	-0.17225
4	0.6357
5	1.3601
6	2.0505
7	2.6533
8	3.1861
9	3.6768
10	4.18
11	3.8066
12	3.6884
13	3.6853
14	3.7528
15	3.8806
16	4.052
17	4.2468
18	4.4482
19	4.6378
20	4.8059
21	4.9449
22	5.0485
23	5.1167
24	5.1501
25	5.1528
26	5.1276
27	5.08
28	5.0128
29	4.9305
30	4.8377
31	4.737
32	4.6314
33	4.524
34	4.4158
35	4.3098
36	4.2062
37	4.1066
38	4.0117
39	3.9226
40	3.8396
41	3.7622
42	3.6917
43	3.6275
44	3.5701
45	3.5191
46	3.4743
47	3.4358
48	3.4027
49	3.3751
50	3.3525
51	3.3345
52	3.3206
53	3.3106
54	3.3038
55	3.2996
56	3.2975
57	3.2973
58	3.2985
59	3.3001
60	3.3024
61	3.3051
62	3.3079
63	3.3109
64	3.3132
65	3.3156
66	3.3177
67	3.3195
68	3.3208
69	3.3216
70	3.3221
71	3.3212
72	3.3197
73	3.3172
74	3.3138
75	3.309
76	3.3023
77	3.2942
78	3.2849
79	3.2738
80	3.2614
81	3.2475
82	3.232
83	3.2152
84	3.1977
85	3.179
86	3.1594
87	3.139
88	3.1176
89	3.0956
90	3.0725
91	3.0488
92	3.0242
93	2.9993
94	2.9736
95	2.9472
96	2.9211
97	2.8949
98	2.8687
99	2.8433
100	2.8186
101	2.7951
102	2.772
103	2.7504
104	2.7311
105	2.7133
106	2.6977
107	2.6845
108	2.6743
109	2.6675
110	2.6641
111	2.665
112	2.6703
113	2.6811
114	2.6978
115	2.7211
116	2.752
117	2.7908
118	2.839
119	2.8976
120	2.9682
121	3.0511
122	3.1493
123	3.2627
124	3.3949
125	3.5446
126	3.7241
127	3.9279
128	16.29
129	16.173
130	16.
131	15.799
132	15.581
133	15.348
134	15.105
135	14.853
136	14.593
137	14.328
138	14.058
139	13.784
140	13.507
141	13.229
142	12.948
143	12.667
144	12.386
145	12.105
146	11.826
147	11.548
148	11.273
149	10.999
150	10.729
151	10.462
152	10.199
153	9.9392
154	9.6832
155	9.4309
156	9.1824
157	8.9377
158	8.6959
159	8.4573
160	8.221
161	7.9867
162	7.7537
163	7.5215
164	7.2895
165	7.0569
166	6.8235
167	6.5885
168	6.3521
169	6.114
170	5.8743
171	5.633
172	5.3927
173	5.1559
174	4.9247
175	4.7015
176	4.4941
177	4.3079
178	4.145
179	4.1345
180	17.717
181	17.809
182	17.908
183	18.013
184	18.12
185	18.222
186	18.312
187	18.386
188	18.443
189	18.48
190	18.498
191	18.496
192	18.474
193	18.433
194	18.373
195	18.294
196	18.196
197	18.081
198	17.949
199	17.798
200	17.63
201	17.445
202	17.246
203	17.039
204	16.836
205	16.638
206	16.448
207	6.6238
208	17.633
209	17.545
210	17.453
211	17.356
212	17.254
213	17.149
214	17.039
215	16.924
216	16.805
217	16.682
218	16.554
219	16.421
220	16.285
221	16.143
222	15.998
223	15.848
224	15.693
225	15.534
226	15.371
227	15.203
228	15.031
229	14.855
230	14.674
231	14.49
232	14.301
233	14.107
234	13.91
235	13.709
236	13.503
237	13.294
238	13.08
239	12.863
240	12.642
241	12.417
242	12.188
243	11.955
244	11.719
245	11.479
246	11.235
247	10.987
248	10.736
249	10.482
250	10.225
251	9.964
252	9.6996
253	9.4333
254	9.1626
255	8.8896
256	8.6141
257	8.3368
258	8.0581
259	7.7788
260	7.4995
261	7.2213
262	6.946
263	6.675
264	6.4097
265	6.1525
266	5.9056
267	5.6721
268	5.4543
269	5.255
270	5.0774
271	4.925
272	4.8005
273	4.7065
274	4.6459
275	4.6207
276	4.6335
277	4.6867
278	4.7817
279	4.9226
280	5.112
281	5.3561
282	5.6733
283	6.1007
284	16.75
285	16.631
286	16.508
287	16.382
288	16.253
289	16.121
290	15.986
291	15.847
292	15.706
293	15.561
294	15.414
295	15.262
296	15.108
297	14.951
298	14.79
299	14.626
300	14.459
301	14.289
302	14.115
303	13.938
304	13.758
305	13.575
306	13.389
307	13.199
308	13.007
309	12.811
310	12.612
311	12.411
312	12.206
313	11.998
314	11.788
315	11.575
316	11.358
317	11.14
318	10.918
319	10.694
320	10.468
321	10.238
322	10.007
323	9.7726
324	9.5364
325	9.298
326	9.0575
327	8.8152
328	8.5708
329	8.3247
330	8.0773
331	7.8283
332	7.5785
333	7.3277
334	7.0768
335	6.8265
336	6.5779
337	6.3312
338	6.0879
339	5.848
340	5.6159
341	5.3909
342	5.1761
343	4.9737
344	4.786
345	4.6157
346	4.4661
347	4.3422
348	4.2392
349	4.1675
350	4.1288
351	4.1237
352	4.1537
353	4.2221
354	4.3304
355	4.4808
356	4.6742
357	4.9168
358	5.2145
359	5.5795
360	6.0435
361	18.886
362	18.886
363	18.885
364	18.884
365	18.883
366	18.882
367	18.881
368	18.881
369	18.881
370	18.881
371	18.881
372	18.882
373	18.882
374	18.883
375	18.884
376	18.885
377	18.886
378	18.887
379	18.888
380	18.889
381	18.889
382	18.889
383	18.889
384	18.889
385	18.889
386	18.889
387	18.888
388	18.888
389	18.887
390	18.886
391	18.885
392	18.883
393	18.882
394	18.881
395	18.88
396	18.878
397	18.877
398	18.875
399	18.874
400	18.872
401	18.871
402	18.869
403	18.868
404	18.867
405	18.866
406	18.865
407	18.864
408	18.863
409	18.862
410	18.862
411	18.861
412	18.861
413	18.862
414	18.862
415	18.862
416	18.863
417	18.865
418	18.866
419	18.868
420	18.87
421	18.872
422	18.875
423	18.878
424	18.882
425	18.886
426	18.89
427	18.895
428	18.9
429	18.906
430	18.913
431	18.919
432	18.927
433	18.934
434	18.943
435	18.952
436	18.961
437	18.972
438	18.983
439	18.994
440	19.006
441	19.019
442	19.033
443	19.047
444	19.061
445	19.077
446	19.093
447	19.11
448	19.127
449	19.145
450	19.164
451	19.183
452	19.203
453	19.224
454	19.245
455	19.266
456	19.288
457	19.311
458	19.334
459	19.358
460	19.381
461	19.405
462	19.429
463	19.454
464	19.478
465	19.502
466	19.526
467	19.549
468	19.572
469	19.595
470	19.617
471	19.638
472	19.659
473	19.678
474	19.696
475	19.712
476	19.727
477	19.739
478	19.75
479	19.758
480	19.763
481	19.766
482	19.766
483	19.762
484	19.754
485	19.743
486	19.727
487	19.706
488	19.68
489	19.648
490	19.612
491	19.568
492	19.519
493	19.462
494	19.398
495	19.326
496	19.246
497	19.157
498	19.059
499	18.952
500	18.834
501	18.706
502	18.568
503	18.417
504	18.255
505	18.08
506	17.893
507	17.698
508	17.502
509	17.317
510	17.155
511	17.015
512	16.884
513	14.9
514	15.3
515	15.836
516	16.409
517	16.984
518	17.531
519	18.01
520	18.452
521	9.7028
522	14.804
523	14.724
524	14.656
525	14.682
526	14.657
527	14.659
528	14.668
529	14.687
530	14.691
531	14.698
532	14.718
533	14.722
534	14.728
535	14.746
536	14.748
537	14.753
538	14.768
539	14.769
540	14.773
541	14.785
542	14.785
543	14.788
544	14.798
545	14.798
546	14.8
547	14.808
548	14.808
549	14.809
550	14.815
551	14.815
552	14.816
553	14.821
554	14.82
555	14.821
556	14.826
557	14.825
558	14.826
559	14.83
560	14.83
561	14.831
562	14.835
563	14.835
564	14.836
565	14.84
566	14.84
567	14.842
568	14.846
569	14.847
570	14.849
571	14.854
572	14.855
573	14.858
574	14.863
575	14.866
576	14.869
577	14.875
578	14.878
579	14.883
580	14.889
581	14.893
582	14.899
583	14.905
584	14.91
585	14.918
586	14.924
587	14.93
588	14.938
589	14.946
590	14.952
591	14.961
592	14.969
593	14.976
594	14.986
595	14.995
596	15.002
597	15.013
598	15.021
599	15.03
600	15.04
601	15.048
602	15.057
603	15.066
604	15.075
605	15.083
606	15.092
607	15.1
608	15.107
609	15.115
610	15.121
611	15.126
612	15.132
613	15.137
614	15.14
615	15.143
616	15.144
617	15.144
618	15.144
619	15.141
620	15.137
621	15.132
622	15.125
623	15.115
624	15.105
625	15.09
626	15.074
627	15.056
628	15.035
629	15.01
630	14.984
631	14.953
632	14.919
633	14.882
634	14.841
635	14.796
636	14.747
637	14.693
638	14.635
639	14.573
640	14.505
641	14.432
642	14.355
643	14.271
644	14.182
645	14.087
646	13.986
647	13.879
648	13.766
649	13.646
650	13.52
651	13.388
652	13.248
653	13.102
654	12.95
655	12.79
656	12.623
657	12.45
658	12.269
659	12.082
660	11.889
661	11.688
662	11.482
663	11.271
664	11.053
665	10.833
666	10.619
667	10.416
668	10.232
669	10.076
670	9.9444
671	9.8239
672	22.935
673	9.5936
674	9.4847
675	9.3754
676	9.2656
677	9.1559
678	9.0459
679	8.9355
680	8.8253
681	8.7158
682	8.6058
683	8.4963
684	8.3874
685	8.2787
686	8.1703
687	8.0633
688	7.9568
689	7.8513
690	7.7467
691	7.6432
692	7.5411
693	7.4402
694	7.3413
695	7.2436
696	7.1475
697	7.0535
698	6.9619
699	6.872
700	6.7851
701	6.7006
702	6.6188
703	6.5396
704	6.4637
705	6.3907
706	6.3209
707	6.2546
708	6.1917
709	6.1328
710	6.0779
711	6.027
712	5.9799
713	5.9379
714	5.9
715	5.8666
716	5.838
717	5.8141
718	5.7954
719	5.7821
720	5.7744
721	5.7722
722	5.776
723	5.7858
724	5.8036
725	5.8282
726	5.8613
727	5.9052
728	5.9609
729	6.0306
730	6.119
731	6.231
732	6.3758
733	6.5657
734	6.8211
735	7.1889
736	7.6944
737	8.5963
738	11.354
739	6.3777
740	6.2518
741	6.1181
742	5.9871
743	5.8639
744	5.7317
745	5.612
746	5.4877
747	5.3642
748	5.2509
749	5.1294
750	5.0141
751	4.907
752	4.7922
753	4.692
754	4.5864
755	4.4847
756	4.3938
757	4.2942
758	4.2096
759	4.122
760	4.0363
761	3.9633
762	3.8834
763	3.8108
764	3.7487
765	3.6807
766	3.6271
767	3.5718
768	3.5215
769	3.482
770	3.4383
771	3.4096
772	3.3804
773	3.3563
774	3.3462
775	3.332
776	3.3276
777	3.3358
778	3.3396
779	3.3629
780	3.3834
781	3.41
782	3.4501
783	3.4926
784	3.5419
785	3.5974
786	3.6602
787	3.7293
788	3.8053
789	3.8885
790	3.9793
791	4.0782
792	4.1861
793	4.3037
794	4.4327
795	4.575
796	4.7327
797	4.9103
798	5.1131
799	5.35
800	5.6358
801	5.9932
802	6.4661
803	7.0958
804	8.0082
805	11.5
806	11.633
807	11.726
808	11.738
809	11.685
810	11.666
811	11.548
812	11.443
813	11.311
814	11.124
815	10.978
816	10.746
817	10.505
818	10.254
819	10.04
820	9.7969
821	9.528
822	9.2428
823	8.9533
824	8.6624
825	8.3698
826	8.0662
827	7.7703
828	7.4821
829	7.2138
830	6.9742
831	6.7602
832	6.5729
833	-9.3359
834	11.525
835	11.398
836	11.434
837	11.55
838	11.52
839	11.588
840	11.664
841	11.577
842	11.641
843	11.68
844	11.503
845	11.592
846	11.601
847	11.341
848	11.49
849	11.388
850	11.109
851	11.241
852	10.865
853	10.873
854	10.891
855	10.468
856	10.572
857	10.444
858	9.9736
859	10.097
860	9.8819
861	9.421
862	9.4685
863	9.2697
864	8.7404
865	8.9733
866	8.516
867	8.1571
868	7.9556
869	7.473
870	7.2357
871	7.3113
872	6.4977
873	6.8385
874	6.3747
875	5.4302
876	6.1878
877	5.4539
878	5.2468
879	4.8319
880	4.7059
881	3.8586
882	4.5066
883	2.4489
884	2.9578
885	3.5583
886	0.57547
887	1.5494
888	1.0671
889	-2.2719
890	1.1909
891	1.9875
892	-1.3572
893	-0.65452
894	-1.7658
895	-1.734
896	-2.8608
897	-4.3589
898	-5.0376
899	-5.8617
900	-31.404
901	-19.615
902	-28.166
903	-34.084
904	-23.913
905	-15.558
906	-14.416
907	-10.828
908	-10.839
909	-4.7055
910	-3.4577
911	1.1474
912	2.7542
913	2.8347
914	3.1873
915	3.256
916	3.15
917	3.1186
918	2.9764
919	2.7359
920	2.5707
921	2.3472
922	2.0594
923	1.8487
924	1.6066
925	1.3195
926	1.1099
927	0.88351
928	0.61783
929	0.40389
930	0.16222
931	-0.11001
932	-0.32644
933	-0.54497
934	-0.78546
935	-0.97097
936	-1.1534
937	-1.356
938	-1.5034
939	-1.6385
940	-1.8032
941	-1.9203
942	-2.0155
943	-2.1435
944	-2.2229
945	-2.2792
946	-2.3706
947	-2.4141
948	-2.4332
949	-2.4923
950	-2.5034
951	-2.4966
952	-2.5523
953	-2.5904
954	-2.6221
955	-2.6874
956	-2.7282
957	-2.7534
958	-2.8077
959	-2.8365
960	-2.8476
961	-2.8857
962	-2.9006
963	-2.8972
964	-2.8997
965	-2.9189
966	-2.8939
967	-2.877
968	-2.8797
969	-2.8437
970	-2.8445
971	-2.8752
972	-2.8839
973	-2.9023
974	-2.9355
975	-2.9432
976	-2.9542
977	-2.9785
978	-2.9725
979	-2.9695
980	-2.9798
981	-2.9568
982	-2.9345
983	-2.9279
984	-2.8851
985	-2.8595
986	-2.866
987	-2.8571
988	-2.8508
989	-2.8578
990	-2.8498
991	-2.8308
992	-2.8238
993	-2.7982
994	-2.7599
995	-2.7331
996	-2.6841
997	-2.6198
998	-2.5681
999	-2.4986
1000	-2.4372
1001	-2.3934
1002	-2.3398
1003	-2.279
1004	-2.2223
1005	-2.152
1006	-2.0706
1007	-1.9913
1008	-1.8956
1009	-1.7842
1010	-1.6766
1011	-1.5508
1012	-1.4101
1013	-1.2757
1014	-1.1501
1015	-1.0205
1016	-0.90881
1017	-0.8694
1018	-1.2561
1019	6.2445
1020	14.098
1021	9.4937
1022	9.6295
1023	10.701
1024	7.8825
1025	6.477
1026	10.465
1027	6.0909
1028	11.641
1029	11.675
1030	11.334
1031	11.473
1032	7.3769
1033	6.6411
1034	6.4884
1035	6.3462
1036	6.4257
1037	6.2562
1038	10.784
1039	11.866
1040	12.176
1041	12.571
1042	11.043
1043	11.335
1044	10.526
1045	9.184
1046	8.6641
1047	8.4254
1048	7.5284
1049	6.7866
1050	6.16
1051	6.1198
1052	6.3361
1053	6.1119
1054	6.7712
1055	8.0426
1056	7.369
1057	9.3889
1058	10.067
1059	10.678
1060	9.696
1061	9.4014
1062	13.436
1063	13.701
1064	12.119
1065	8.5635
1066	8.7545
1067	9.0241
1068	8.7246
1069	10.54
1070	10.094
1071	6.1108
1072	6.0582
1073	8.8633
1074	7.52
1075	6.6621
1076	6.0526
1077	7.7452
1078	6.8721
1079	10.015
1080	11.58
1081	5.8694
1082	13.188
1083	10.258
1084	8.4271
1085	6.532
1086	6.913
1087	10.547
1088	11.245
1089	12.731
1090	6.1837
1091	8.6217
1092	9.5359
1093	12.438
1094	12.669
1095	12.176
1096	11.865
1097	11.517
1098	10.797
1099	10.943
1100	10.2
1101	10.531
1102	7.9642
1103	7.3057
1104	6.7175
1105	6.2489
1106	6.4732
1107	6.4498
1108	7.9253
1109	10.908
1110	10.776
1111	11.084
1112	11.87
1113	12.395
1114	13.93
1115	13.537
1116	12.657
1117	12.17
1118	11.833
1119	11.567
1120	11.284
1121	10.502
1122	10.774
1123	9.8137
1124	10.001
1125	9.2547
1126	8.7854
1127	9.2457
1128	8.6619
1129	7.8759
1130	8.1648
1131	6.4928
1132	6.4025
1133	6.1617
1134	6.0057
1135	5.9918
1136	6.344
1137	7.398
1138	6.7128
1139	6.7198
1140	7.6271
1141	7.4964
1142	8.7002
1143	8.5166
1144	9.4893
1145	9.7132
1146	10.871
1147	11.242
1148	13.846
1149	13.169
1150	13.325
1151	12.668
1152	12.473
1153	11.56
1154	9.5502
1155	8.584
1156	8.2491
1157	5.3077
1158	4.3618
1159	4.8686
1160	3.7617
1161	2.6779
1162	1.5454
1163	2.0984
1164	-1.3413
1165	-0.5707
1166	-3.105
1167	6.0076
1168	14.399
1169	10.875
1170	10.925
1171	13.037
1172	4.2369
1173	7.9808
1174	14.197
1175	12.957
1176	11.956
1177	5.7839
1178	12.747
1179	10.333
1180	6.9677
1181	8.3856
1182	10.708
1183	9.6985
1184	11.971
1185	11.044
1186	7.2824
1187	6.2214
1188	7.0136
1189	9.2254
1190	9.6024
1191	5.591
1192	6.7124
1193	8.991
1194	8.983
1195	10.51
1196	13.522
1197	6.8187
1198	5.7006
1199	11.196
1200	6.3854
1201	-3.176
1202	-3.2983
1203	0.46829
1204	-0.14118
1205	2.816
1206	2.4373
1207	3.7873
1208	5.2016
1209	4.7499
1210	7.3548
1211	12.901
1212	13.62
1213	13.639
1214	13.296
1215	13.595
1216	13.026
1217	12.656
1218	12.368
1219	11.646
1220	11.382
1221	11.479
1222	10.972
1223	10.357
1224	10.156
1225	8.2576
1226	7.5074
1227	7.8162
1228	6.7462
1229	6.92
1230	6.5801
1231	5.7959
1232	6.466
1233	7.6351
1234	8.0742
1235	7.8548
1236	11.164
1237	11.053
1238	11.408
1239	11.611
1240	12.053
1241	12.359
1242	12.873
1243	14.178
1244	13.73
1245	6.2903
1246	13.921
1247	12.465
1248	11.601
1249	11.517
1250	11.173
1251	10.913
1252	10.477
1253	9.9885
1254	10.196
1255	9.2031
1256	9.4731
1257	8.794
1258	8.4442
1259	8.7363
1260	7.5919
1261	7.801
1262	7.4289
1263	6.5876
1264	6.6983
1265	6.4167
1266	6.4963
1267	6.3512
1268	6.3084
1269	6.3518
1270	6.6334
1271	6.8103
1272	6.5558
1273	6.3579
1274	6.0832
1275	6.2598
1276	5.7987
1277	5.9312
1278	5.6367
1279	5.666
1280	5.8865
1281	6.687
1282	6.144
1283	6.8767
1284	6.7599
1285	7.8012
1286	7.655
1287	8.6885
1288	8.6257
1289	8.6987
1290	8.8082
1291	9.1187
1292	8.9958
1293	12.787
1294	12.673
1295	14.052
1296	13.463
1297	12.866
1298	13.004
1299	12.446
1300	12.599
1301	12.278
1302	9.3784
1303	8.4326
1304	8.089
1305	6.5716
1306	5.0261
1307	4.1158
1308	4.5811
1309	3.1769
1310	3.63
1311	2.0967
1312	0.8122
1313	1.4062
1314	-2.5674
1315	-5.0509
1316	6.1913
1317	6.0118
1318	6.1082
1319	5.9087
1320	5.7521
1321	8.7325
1322	11.382
1323	8.8929
1324	6.1423
1325	10.33
1326	0.6325
1327	1.1291
1328	9.4994
1329	10.85
1330	14.656
1331	14.863
1332	14.631
1333	12.982
1334	13.679
1335	11.542
1336	9.4233
1337	5.8121
1338	6.9379
1339	8.7442
1340	9.2695
1341	9.2244
1342	10.888
1343	10.337
1344	13.936
1345	14.096
1346	14.879
1347	6.7188
1348	6.8564
1349	16.648
1350	17.114
1351	16.721
1352	16.758
1353	17.048
1354	5.7443
1355	5.603
1356	7.1952
1357	6.7479
1358	14.175
1359	10.91
1360	1.6009
1361	-5.4886
1362	1.6477
1363	0.15611
1364	-5.1134e-002
1365	5.6376
1366	6.3968
1367	7.1748
1368	1.1954
1369	1.2657
1370	0.91695
1371	1.0658
1372	0.55625
1373	0.74013
1374	0.37546
1375	0.38519
1376	0.47055
1377	0.36093
1378	0.60601
1379	0.36601
1380	0.58471
1381	0.59855
1382	0.6021
1383	0.61716
1384	0.7479
1385	0.62345
1386	0.69162
1387	0.69818
1388	0.74807
1389	0.85897
1390	0.84164
1391	0.94732
1392	0.89816
1393	0.96045
1394	0.97358
1395	0.98699
1396	1.0908
1397	1.2097
1398	1.1761
1399	1.2296
1400	2.0489
1401	1.897
1402	2.1421
1403	2.278
1404	2.6613
1405	2.941
1406	3.445
1407	3.6098
1408	3.5567
1409	1.6597
1410	0.22873
1411	-1.3308
1412	0.90755
1413	1.9521
1414	2.5742
1415	3.2581
1416	4.7384
1417	3.8702
1418	4.304
1419	5.1585
1420	5.9289
1421	6.904
1422	7.5519
1423	8.8691
1424	9.1918
1425	10.151
1426	9.8229
1427	10.514
1428	11.542
1429	11.868
1430	12.904
1431	13.141
1432	14.115
1433	13.751
1434	13.935
1435	14.318
1436	14.7
1437	14.384
1438	15.088
1439	14.825
1440	14.409
1441	14.67
1442	15.212
1443	14.532
1444	14.764
1445	14.664
1446	14.78
1447	14.759
1448	14.736
1449	13.304
1450	13.841
1451	14.051
1452	14.178
1453	14.6
1454	14.502
1455	14.067
1456	14.273
1457	13.861
1458	14.458
1459	13.409
1460	12.46
1461	12.642
1462	12.165
1463	12.278
1464	11.723
1465	11.959
1466	11.069
1467	11.311
1468	10.896
1469	10.094
1470	9.8875
1471	9.4888
1472	9.7031
1473	9.2816
1474	8.7542
1475	8.9963
1476	8.4812
1477	8.2847
1478	7.4103
1479	7.6361
1480	7.2417
1481	7.095
1482	6.6986
1483	5.2152
1484	5.7949
1485	6.0524
1486	6.2557
1487	6.7574
1488	7.2644
1489	7.4989
1490	8.2037
1491	7.966
1492	9.3182
1493	9.803
1494	10.228
1495	11.196
1496	11.563
1497	11.421
1498	11.879
1499	11.703
1500	12.273
1501	12.112
1502	12.805
1503	12.495
1504	13.327
1505	14.351
1506	14.986
1507	15.06
1508	15.323
1509	14.745
1510	14.629
1511	14.844
1512	15.091
1513	15.874
1514	16.496
1515	16.7
1516	16.847
1517	17.244
1518	17.292
1519	17.292
1520	17.346
1521	17.27
1522	17.331
1523	17.377
1524	17.624
1525	17.475
1526	17.683
1527	17.736
1528	17.731
1529	17.744
1530	17.66
1531	17.584
1532	17.415
1533	17.431
1534	17.522
1535	17.532
1536	17.558
1537	17.497
1538	17.526
1539	17.874
1540	17.833
1541	17.392
1542	17.354
1543	17.286
1544	17.26
1545	17.395
1546	17.223
1547	17.301
1548	17.29
1549	17.201
1550	17.163
1551	17.273
1552	17.146
1553	17.153
1554	17.172
1555	17.135
1556	17.136
1557	17.158
1558	17.118
1559	17.13
1560	17.089
1561	17.139
1562	17.191
1563	17.205
1564	16.743
1565	17.123
1566	17.092
1567	17.093
1568	17.127
1569	16.874
1570	5.9779
1571	6.794
1572	16.894
1573	16.862
1574	16.894
1575	16.84
1576	16.692
1577	16.643
1578	16.511
1579	16.738
1580	16.735
1581	16.731
1582	16.743
1583	16.751
1584	16.719
1585	16.688
1586	16.695
1587	16.672
1588	16.663
1589	16.713
1590	16.71
1591	16.723
1592	16.739
1593	16.756
1594	16.834
1595	16.866
1596	16.761
1597	16.766
1598	16.767
1599	16.834
1600	16.861
1601	16.659
1602	16.631
1603	16.832
1604	16.855
1605	17.226
1606	17.256
1607	16.868
1608	16.879
1609	16.954
1610	16.908
1611	17.067
1612	17.059
1613	17.044
1614	16.981
1615	17.363
1616	17.206
1617	17.253
1618	17.144
1619	17.174
1620	17.064
1621	17.303
1622	17.292
1623	17.312
1624	17.163
1625	16.604
1626	16.642
1627	16.401
1628	15.865
1629	15.315
1630	15.618
1631	15.263
1632	15.113
1633	14.228
1634	14.448
1635	13.839
1636	14.03
1637	12.636
1638	11.806
1639	12.196
1640	11.118
1641	11.385
1642	10.973
1643	10.638
1644	10.324
1645	10.452
1646	9.9115
1647	9.4597
1648	9.1418
1649	8.7903
1650	8.9788
1651	8.4021
1652	8.6497
1653	8.1005
1654	8.2862
1655	7.9347
1656	7.2779
1657	7.4975
1658	7.1162
1659	7.3134
1660	6.6259
1661	6.7189
1662	6.4204
1663	6.5227
1664	6.3191
1665	6.3707
1666	6.2803
1667	6.3053
1668	6.4668
1669	6.7051
1670	6.8563
1671	7.1995
1672	7.0532
1673	7.4268
1674	7.3365
1675	7.3104
1676	7.4146
1677	6.8132
1678	6.3379
1679	6.522
1680	5.9356
1681	6.1264
1682	5.5852
1683	5.7601
1684	5.5167
1685	5.3404
1686	5.3941
1687	5.2865
1688	5.3134
1689	5.326
1690	5.4334
1691	5.6205
1692	5.5563
1693	5.9287
1694	6.1457
1695	6.0696
1696	6.2829
1697	6.9033
1698	6.8235
1699	7.4958
1700	7.6351
1701	7.6049
1702	7.9069
1703	7.771
1704	8.0378
1705	8.2997
1706	8.166
1707	8.3038
1708	8.3528
1709	9.9308
1710	10.721
1711	11.901
1712	11.691
1713	12.32
1714	13.721
1715	13.272
1716	13.783
1717	13.775
1718	14.166
1719	13.831
1720	14.06
1721	13.444
1722	13.208
1723	13.09
1724	12.961
1725	12.588
1726	12.683
1727	12.485
1728	12.367
1729	11.898
1730	12.091
1731	11.737
1732	11.557
1733	10.93
1734	11.145
1735	10.709
1736	10.628
1737	9.3693
1738	8.2946
1739	7.6024
1740	6.0268
1741	6.417
1742	3.859
1743	2.7959
1744	0.27138
1745	1.0288
1746	-3.8307
1747	-7.3973
1748	-3.1872
1749	-5.6069
1750	-1.3293
1751	-2.5312
1752	1.0501
1753	-0.13602
1754	2.884
1755	2.4019
1756	3.355
1757	3.3286
1758	3.1658
1759	3.0976
1760	3.1929
1761	2.5654
1762	1.7848
1763	1.3718
1764	1.5759
1765	1.0404
1766	0.55449
1767	0.69184
1768	0.55167
1769	0.39256
1770	0.36773
1771	0.35264
1772	0.26399
1773	0.20699
1774	0.2556
1775	0.17255
1776	9.3652e-002
1777	-2.0711e-003
1778	-6.7123e-003
1779	-0.6229
1780	0.61111
1781	0.62926
1782	2.3305e-002
1783	-2.3056e-002
1784	-6.3059e-002
1785	-2.001e-002
1786	-6.0361e-002
1787	6.1362
1788	6.2657
1789	5.9157
1790	6.0274
1791	5.6551
1792	5.7933
1793	5.5012
1794	0.43045
1795	-0.23964
1796	0.34189
1797	0.3919
1798	0.28513
1799	0.45418
1800	0.41005
1801	0.56953
1802	0.41764
1803	1.1716
1804	0.70405
1805	5.1792
1806	5.4333
1807	6.1082
1808	5.8836
1809	5.4328
1810	14.951
1811	14.474
1812	6.4069
1813	11.334
1814	8.4652
1815	13.861
1816	9.1348
1817	6.7943
1818	4.8051
1819	-8.1653
1820	-0.13545
1821	5.692
1822	5.6061
1823	-0.23911
1824	0.58571
1825	1.4949
1826	6.0944
1827	5.8208
1828	5.4097
1829	0.17639
1830	7.6302e-002
1831	-6.6975e-002
1832	-0.23525
1833	-0.44357
1834	-0.10122
1835	-0.1898
1836	-0.1636
1837	-0.22166
1838	-0.33466
1839	-0.32858
1840	-0.25763
1841	5.2642
1842	5.365
1843	5.4646
1844	5.5595
1845	5.6844
1846	5.815
1847	5.941
1848	6.0563
1849	-0.81206
1850	-0.69348
1851	-0.61976
1852	-0.32736
1853	-0.73321
1854	-0.69081
1855	-0.70221
1856	-0.69058
1857	-0.73497
1858	-0.73213
1859	-0.71989
1860	-0.74101
1861	-0.71537
1862	-0.64744
1863	-0.70122
1864	-0.68013
1865	-0.66068
1866	-0.34517
1867	-0.18565
1868	-0.23316
1869	-0.82308
1870	-0.71608
1871	-0.69067
1872	-0.72969
1873	-0.69673
1874	-0.58145
1875	-0.55187
1876	-0.44715
1877	-0.3926
1878	-0.31179
1879	-0.29665
1880	-0.3141
1881	-0.28059
1882	-0.23301
1883	-0.14567
1884	-0.1732
1885	7.0421e-002
1886	0.34737
1887	0.5078
1888	0.57385
1889	0.75904
1890	0.91335
1891	1.0273
1892	1.8137
1893	1.8844
1894	2.1263
1895	2.4004
1896	2.6675
1897	2.7992
1898	2.8768
1899	3.1278
1900	3.1556
1901	3.0705
1902	2.3664
1903	1.7133
1904	0.81306
1905	-1.2652
1906	-2.8289
1907	-4.425
1908	-5.4097
1909	-8.753
1910	-11.805
1911	-11.306
1912	-6.5733
1913	-2.2651
1914	-1.0755
1915	-0.16296
1916	0.55306
1917	1.2403
1918	1.8775
1919	2.4892
1920	4.1319
1921	4.6355
1922	5.1182
1923	5.5075
1924	5.8769
1925	6.24
1926	6.5787
1927	6.8761
1928	7.2258
1929	7.5415
1930	8.1784
1931	9.0132
1932	9.2927
1933	9.9918
1934	10.184
1935	10.405
1936	10.718
1937	10.9
1938	11.083
1939	11.427
1940	11.575
1941	11.69
1942	11.8
1943	11.932
1944	12.049
1945	12.162
1946	12.241
1947	12.321
1948	12.381
1949	12.411
1950	12.451
1951	12.587
1952	12.732
1953	12.725
1954	13.393
1955	13.006
1956	13.384
1957	13.297
1958	13.041
1959	12.93
1960	12.872
1961	12.806
1962	12.666
1963	12.453
1964	12.216
1965	11.589
1966	11.252
1967	10.839
1968	10.526
1969	7.7067
1970	8.3191
1971	7.9828
1972	7.633
1973	7.5274
1974	7.321
1975	7.2766
1976	7.1446
1977	6.9385
1978	6.9481
1979	6.7543
1980	6.67
1981	6.2089
1982	5.963
1983	5.9779
1984	5.8945
1985	5.7291
1986	5.5761
1987	5.3937
1988	5.2719
1989	5.0243
1990	4.9797
1991	4.9875
1992	5.0502
1993	4.9459
1994	4.972
1995	4.9799
1996	4.9444
1997	4.9337
1998	4.9168
1999	4.9316
2000	4.9827
2001	5.0369
2002	5.091
2003	5.3202
2004	5.4187
2005	5.5797
2006	5.7483
2007	5.9452
2008	6.1558
2009	6.4248
2010	6.7344
2011	7.1039
2012	7.5396
2013	7.9559
2014	8.1828
2015	8.1641
2016	8.0736
2017	7.832
2018	7.5816
2019	7.3356
2020	7.0662
2021	6.8329
2022	6.6384
2023	6.2679
2024	6.2148
2025	6.1801
2026	6.2016
2027	6.2319
2028	6.2534
2029	6.3397
2030	6.4407
2031	6.5318
2032	6.7128
2033	6.7853
2034	6.9271
2035	6.9475
2036	6.8733
2037	7.0715
2038	7.5866
2039	7.7379
2040	8.0067
2041	8.133
2042	7.9346
2043	8.1902
2044	8.4106
2045	8.5875
2046	8.7306
2047	8.8801
2048	8.9684
2049	9.073
2050	9.1877
2051	9.4
2052	9.6868
2053	9.8181
2054	9.9574
2055	10.308
2056	10.448
2057	10.617
2058	10.823
2059	11.042
2060	11.438
2061	11.807
2062	12.653
2063	13.079
2064	13.267
2065	13.468
2066	13.704
2067	13.965
2068	14.128
2069	14.329
2070	14.552
2071	14.689
2072	14.949
2073	15.188
2074	15.594
2075	15.642
2076	15.957
2077	15.951
2078	15.876
2079	15.961
2080	15.97
2081	16.043
2082	16.208
2083	16.619
2084	16.661
2085	16.682
2086	16.685
2087	16.547
2088	16.594
2089	16.644
2090	16.679
2091	16.771
2092	16.686
2093	16.673
2094	16.862
2095	16.88
2096	16.829
2097	16.876
2098	16.543
2099	16.537
2100	16.532
2101	16.576
2102	16.608
2103	16.607
2104	16.594
2105	16.593
2106	16.555
2107	16.559
2108	16.557
2109	16.577
2110	16.543
2111	16.463
2112	16.381
2113	16.448
2114	16.516
2115	16.704
2116	16.37
2117	16.388
2118	16.37
2119	16.286
2120	16.213
2121	16.308
2122	16.376
2123	16.409
2124	16.429
2125	16.413
2126	16.317
2127	16.308
2128	16.321
2129	16.397
2130	16.426
2131	16.36
2132	16.322
2133	16.303
2134	16.289
2135	16.275
2136	16.281
2137	16.256
2138	16.251
2139	16.255
2140	16.233
2141	16.232
2142	16.254
2143	16.252
2144	16.217
2145	16.264
2146	16.268
2147	16.217
2148	16.237
2149	16.222
2150	16.292
2151	16.274
2152	16.272
2153	16.273
2154	16.273
2155	16.281
2156	16.202
2157	16.093
2158	16.201
2159	16.197
2160	16.335
2161	16.293
2162	16.406
2163	16.371
2164	16.407
2165	16.316
2166	16.358
2167	16.333
2168	16.334
2169	16.361
2170	16.375
2171	16.424
2172	6.3498
2173	6.3845
2174	17.539
2175	17.394
2176	17.438
2177	17.384
2178	17.384
2179	17.391
2180	17.452
2181	17.392
2182	17.468
2183	17.43
2184	17.531
2185	17.644
2186	17.587
2187	17.631
2188	17.683
2189	17.623
2190	17.593
2191	17.586
2192	17.57
2193	17.572
2194	17.567
2195	17.59
2196	17.579
2197	17.597
2198	17.646
2199	17.609
2200	17.59
2201	17.679
2202	17.722
2203	17.678
2204	17.456
2205	17.626
2206	17.693
2207	17.716
2208	17.773
2209	17.718
2210	17.762
2211	17.774
2212	17.696
2213	17.672
2214	17.59
2215	17.723
2216	17.764
2217	17.794
2218	17.813
2219	17.852
2220	17.936
2221	17.964
2222	17.993
2223	18.07
2224	17.99
2225	17.957
2226	17.971
2227	17.899
2228	17.946
2229	18.081
2230	18.128
2231	18.226
2232	18.236
2233	18.302
2234	18.211
2235	18.165
2236	18.078
2237	17.994
2238	17.928
2239	17.938
2240	17.952
2241	17.927
2242	17.793
2243	17.928
2244	17.927
2245	17.995
2246	17.834
2247	17.492
2248	17.466
2249	17.15
2250	17.263
2251	16.859
2252	16.484
2253	15.865
2254	15.659
2255	15.438
2256	15.397
2257	15.445
2258	15.851
2259	15.599
2260	15.354
2261	15.125
2262	14.907
2263	14.876
2264	14.781
2265	14.627
2266	14.469
2267	14.456
2268	14.358
2269	13.758
2270	13.601
2271	13.285
2272	13.112
2273	12.899
2274	12.71
2275	12.447
2276	12.276
2277	12.088
2278	11.919
2279	10.487
2280	11.606
2281	11.267
2282	10.971
2283	10.846
2284	10.601
2285	10.362
2286	10.061
2287	9.7957
2288	9.5811
2289	9.4143
2290	9.0085
2291	8.7906
2292	8.5682
2293	8.3368
2294	7.8292
2295	7.5885
2296	7.3556
2297	6.4587
2298	6.1329
2299	5.9436
2300	5.6492
2301	5.4242
2302	5.3875
2303	5.3969
2304	4.9595
2305	4.9641
2306	4.9885
2307	5.3081
2308	6.8231
2309	7.0361
2310	7.4534
2311	7.6609
2312	7.8919
2313	8.1655
2314	8.4777
2315	8.8439
2316	8.8248
2317	8.9896
2318	9.2034
2319	9.4911
2320	9.7545
2321	9.9946
2322	10.221
2323	10.445
2324	10.736
2325	10.914
2326	11.037
2327	11.572
2328	12.007
2329	12.309
2330	12.436
2331	12.668
2332	12.957
2333	13.428
2334	13.81
2335	14.334
2336	14.503
2337	14.622
2338	14.674
2339	14.807
2340	14.982
2341	15.24
2342	15.304
2343	15.37
2344	15.408
2345	15.334
2346	15.266
2347	15.118
2348	14.998
2349	14.937
2350	15.14
2351	15.252
2352	15.009
2353	15.318
2354	15.412
2355	15.614
2356	15.828
2357	15.678
2358	15.651
2359	15.754
2360	15.684
2361	15.391
2362	15.522
2363	15.506
2364	14.743
2365	15.436
2366	15.659
2367	14.889
2368	14.811
2369	14.232
2370	14.03
2371	13.818
2372	13.602
2373	13.138
2374	12.874
2375	12.144
2376	11.641
2377	10.995
2378	10.734
2379	10.218
2380	9.9234
2381	9.6296
2382	9.3482
2383	9.1004
2384	7.7309
2385	7.431
2386	7.1299
2387	6.8541
2388	6.5561
2389	6.2288
2390	5.8826
2391	5.5589
2392	4.8093
2393	4.4369
2394	4.0573
2395	3.7545
2396	3.1817
2397	2.2564
2398	1.8275
2399	1.4572
2400	0.78014
2401	0.1795
2402	0.81212
2403	1.365
2404	1.8153
2405	2.3962
2406	3.4658
2407	3.6781
2408	3.817
2409	3.8889
2410	3.3383
2411	3.9258
2412	3.9126
2413	3.8587
2414	3.7527
2415	3.479
2416	2.9946
2417	3.3572
2418	3.1843
2419	2.9935
2420	2.7376
2421	2.8087
2422	2.6521
2423	2.5614
2424	2.4138
2425	2.3078
2426	2.1967
2427	2.1338
2428	1.9515
2429	1.8315
2430	1.7319
2431	1.7085
2432	1.764
2433	1.7444
2434	1.7098
2435	1.7287
2436	1.5485
2437	1.5681
2438	1.5438
2439	1.5408
2440	1.5915
2441	1.6145
2442	1.5963
2443	1.6347
2444	1.5504
2445	1.5048
2446	1.4868
2447	1.2637
2448	1.4378
2449	1.2847
2450	1.3859
2451	1.394
2452	1.3669
2453	1.322
2454	1.3716
2455	1.2933
2456	1.2746
2457	1.2813
2458	1.246
2459	1.2467
2460	1.2267
2461	1.2618
2462	1.1904
2463	1.2083
2464	1.1519
2465	0.98475
2466	0.59342
2467	1.1794
2468	1.0633
2469	1.0104
2470	1.0252
2471	1.0161
2472	1.0587
2473	0.95591
2474	0.87563
2475	0.96909
2476	1.0267
2477	1.0583
2478	1.1401
2479	1.2701
2480	1.5637
2481	1.7138
2482	1.7304
2483	1.8518
2484	5.4361
2485	5.3091
2486	2.0841
2487	17.53
2488	0.73234
2489	5.3564
2490	0.92768
2491	16.314
2492	5.667
2493	5.3228
2494	5.3307
2495	2.4745
2496	2.3221
2497	2.144
2498	2.2088
2499	1.9516
2500	1.7717
2501	1.6244
2502	1.6108
2503	1.5537
2504	1.6235
2505	1.5959
2506	1.6378
2507	1.5911
2508	1.5822
2509	1.6255
2510	1.6767
2511	1.4886
2512	1.6342
2513	1.7219
2514	1.7707
2515	1.8148
2516	1.7771
2517	1.8677
2518	1.8731
2519	1.8775
2520	1.9026
2521	1.9606
2522	1.999
2523	2.0055
2524	1.9613
2525	1.8942
2526	1.9902
2527	2.0375
2528	2.0793
2529	2.0322
2530	1.9631
2531	2.0528
2532	2.086
2533	2.0104
2534	2.0249
2535	2.1323
2536	2.1585
2537	2.2091
2538	2.221
2539	2.1833
2540	2.1985
2541	2.2051
2542	2.1362
2543	2.1014
2544	2.1544
2545	2.1724
2546	2.2267
2547	2.2655
2548	2.3001
2549	2.3152
2550	2.3112
2551	2.4073
2552	2.4899
2553	2.6784
2554	2.6085
2555	2.727
2556	2.8083
2557	3.0514
2558	3.2323
2559	3.2583
2560	3.4184
2561	3.5977
2562	3.7358
2563	3.7866
2564	4.1191
2565	4.2694
2566	4.3015
2567	4.2668
2568	4.212
2569	4.0963
2570	3.7614
2571	3.4383
2572	3.0539
2573	2.6821
2574	2.4045
2575	1.9711
2576	1.5814
2577	1.9127
2578	2.1748
2579	2.3893
2580	2.691
2581	3.0047
2582	3.6902
2583	4.7151
2584	5.2746
2585	5.5925
2586	5.9136
2587	6.2167
2588	6.8042
2589	7.0841
2590	7.6217
2591	8.7025
2592	9.2205
2593	9.4774
2594	9.7437
2595	10.019
2596	10.296
2597	10.569
2598	10.836
2599	11.103
2600	11.378
2601	11.64
2602	11.859
2603	12.098
2604	12.582
2605	12.832
2606	13.36
2607	13.849
2608	14.08
2609	14.306
2610	14.521
2611	14.924
2612	15.082
2613	15.193
2614	15.278
2615	15.403
2616	15.789
2617	15.971
2618	16.1
2619	16.03
2620	16.153
2621	16.21
2622	16.265
2623	16.419
2624	16.541
2625	16.551
2626	16.531
2627	16.598
2628	16.695
2629	16.707
2630	16.559
2631	16.231
2632	16.162
2633	16.032
2634	16.073
2635	16.167
2636	16.119
2637	16.066
2638	15.953
2639	15.659
2640	15.311
2641	14.875
2642	14.716
2643	14.537
2644	14.444
2645	14.152
2646	13.694
2647	13.14
2648	13.338
2649	12.869
2650	12.647
2651	12.436
2652	12.228
2653	12.027
2654	11.833
2655	11.663
2656	11.498
2657	10.935
2658	10.488
2659	10.242
2660	9.9864
2661	9.7284
2662	9.5058
2663	9.3119
2664	8.9655
2665	8.6599
2666	7.8819
2667	6.7356
2668	6.9524
2669	4.9181
2670	4.7496
2671	4.7003
2672	4.7455
2673	5.0956
2674	5.1493
2675	5.2268
2676	5.4937
2677	5.652
2678	6.0082
2679	5.8283
2680	6.3214
2681	6.54
2682	6.9873
2683	7.2073
2684	7.4388
2685	7.6706
2686	7.9099
2687	8.3611
2688	8.1436
2689	8.7372
2690	9.399
2691	9.8052
2692	10.018
2693	10.256
2694	10.75
2695	10.509
2696	10.967
2697	11.109
2698	11.466
2699	11.695
2700	11.888
2701	12.239
2702	12.419
2703	12.662
2704	12.82
2705	13.504
2706	13.684
2707	13.851
2708	14.156
2709	14.512
2710	14.328
2711	14.818
2712	15.292
2713	15.731
2714	15.921
2715	16.101
2716	16.057
2717	16.224
2718	16.427
2719	16.615
2720	17.117
2721	17.578
2722	17.702
2723	17.924
2724	17.891
2725	17.939
2726	18.032
2727	18.164
2728	18.23
2729	18.402
2730	18.57
2731	18.506
2732	18.467
2733	18.609
2734	18.555
2735	18.564
2736	18.574
2737	18.558
2738	18.594
2739	18.643
2740	18.716
2741	18.769
2742	18.764
2743	18.715
2744	18.699
2745	18.668
2746	18.619
2747	18.606
2748	18.592
2749	18.513
2750	18.47
2751	18.459
2752	18.428
2753	18.419
2754	18.451
2755	18.441
2756	18.419
2757	18.391
2758	18.351
2759	18.278
2760	18.302
2761	18.254
2762	18.294
2763	18.245
2764	18.239
2765	18.23
2766	18.212
2767	18.166
2768	18.154
2769	18.089
2770	18.119
2771	18.133
2772	18.164
2773	18.161
2774	18.145
2775	18.164
2776	18.102
2777	18.084
2778	17.991
2779	18.091
2780	18.049
2781	18.034
2782	17.984
2783	18.092
2784	18.108
2785	18.078
2786	18.031
2787	18.011
2788	18.024
2789	18.03
2790	18.015
2791	18.056
2792	18.02
2793	18.007
2794	18.005
2795	18.006
2796	18.054
2797	18.017
2798	18.007
2799	18.038
2800	18.047
2801	18.094
2802	18.061
2803	18.056
2804	18.08
2805	18.046
2806	18.037
2807	18.042
2808	18.084
2809	18.044
2810	18.
2811	17.942
2812	17.93
2813	17.954
2814	17.934
2815	17.925
2816	17.863
2817	17.894
2818	17.892
2819	17.916
2820	17.91
2821	17.902
2822	17.992
2823	18.017
2824	18.
2825	5.9919
2826	2.5708
2827	17.975
2828	17.459
2829	16.396
2830	16.933
2831	15.789
2832	15.854
2833	15.819
2834	15.804
2835	15.802
2836	15.81
2837	15.838
2838	15.892
2839	15.822
2840	15.807
2841	15.692
2842	15.751
2843	15.751
2844	15.743
2845	15.789
2846	15.805
2847	15.779
2848	15.763
2849	15.758
2850	15.795
2851	15.784
2852	15.79
2853	15.762
2854	15.788
2855	15.802
2856	15.77
2857	15.787
2858	15.783
2859	15.77
2860	15.801
2861	15.807
2862	15.829
2863	15.851
2864	15.913
2865	15.865
2866	15.846
2867	15.908
2868	15.925
2869	15.934
2870	15.938
2871	15.861
2872	15.812
2873	15.818
2874	15.922
2875	16.148
2876	16.015
2877	15.966
2878	16.084
2879	16.087
2880	16.136
2881	16.114
2882	16.127
2883	16.083
2884	16.121
2885	16.072
2886	16.072
2887	16.099
2888	16.294
2889	16.167
2890	16.169
2891	16.175
2892	16.103
2893	16.079
2894	16.044
2895	16.04
2896	16.023
2897	16.013
2898	15.924
2899	15.947
2900	15.756
2901	15.573
2902	15.338
2903	15.299
2904	15.195
2905	15.123
2906	14.824
2907	14.936
2908	14.435
2909	13.685
2910	13.335
2911	13.157
2912	12.52
2913	12.309
2914	11.632
2915	11.312
2916	10.741
2917	10.14
2918	10.042
2919	9.96
2920	9.2299
2921	9.0544
2922	8.9246
2923	8.7085
2924	8.8056
2925	8.6313
2926	8.1881
2927	7.8655
2928	8.0349
2929	7.6929
2930	7.6036
2931	7.6695
2932	7.5949
2933	7.4889
2934	7.3726
2935	7.2545
2936	7.1498
2937	7.0492
2938	6.9414
2939	6.8256
2940	6.6437
2941	6.6385
2942	6.5189
2943	6.4809
2944	6.1914
2945	6.2581
2946	6.1043
2947	6.0881
2948	6.0733
2949	6.0624
2950	6.0521
2951	6.0921
2952	6.1366
2953	6.1973
2954	6.2783
2955	6.3719
2956	6.4866
2957	6.6578
2958	6.8906
2959	7.1944
2960	7.587
2961	8.1051
2962	8.5549
2963	9.0699
2964	9.6666
2965	9.2486
2966	8.6956
2967	8.0426
2968	7.3268
2969	6.7788
2970	6.3374
2971	5.9867
2972	5.7296
2973	5.52
2974	5.34
2975	5.1802
2976	5.0533
2977	4.9525
2978	4.8325
2979	4.7583
2980	4.7074
2981	4.638
2982	4.5786
2983	4.5407
2984	4.5228
2985	4.5106
2986	4.5053
2987	4.4874
2988	4.4474
2989	4.4549
2990	4.5134
2991	4.4908
2992	4.4594
2993	4.4538
2994	4.5001
2995	4.6027
2996	4.5945
2997	4.62
2998	4.7087
2999	4.7157
3000	4.7757
3001	4.8948
3002	4.9404
3003	5.031
3004	5.1559
3005	5.2185
3006	5.2094
3007	5.2563
3008	5.365
3009	5.4713
3010	5.5869
3011	5.7121
3012	5.8196
3013	5.9211
3014	5.9459
3015	6.0236
3016	6.1584
3017	6.1808
3018	6.2662
3019	6.4132
3020	6.5252
3021	6.5633
3022	6.6552
3023	6.8068
3024	6.9014
3025	6.9614
3026	7.3599
3027	7.6097
3028	7.8414
3029	8.0779
3030	8.4694
3031	9.8022
3032	10.168
3033	10.461
3034	10.687
3035	10.992
3036	11.102
3037	11.357
3038	11.624
3039	11.822
3040	12.029
3041	12.159
3042	12.41
3043	12.504
3044	12.398
3045	12.509
3046	12.723
3047	12.813
3048	12.822
3049	12.69
3050	12.576
3051	12.42
3052	12.371
3053	12.342
3054	12.285
3055	12.229
3056	12.155
3057	12.124
3058	12.086
3059	12.104
3060	12.072
3061	12.012
3062	11.954
3063	11.876
3064	11.779
3065	11.653
3066	11.553
3067	11.439
3068	11.304
3069	11.168
3070	11.014
3071	10.853
3072	10.701
3073	10.554
3074	10.418
3075	10.283
3076	10.094
3077	9.9013
3078	9.6924
3079	9.4718
3080	9.2559
3081	9.042
3082	8.8372
3083	8.6298
3084	8.3603
3085	8.0577
3086	7.7761
3087	7.4995
3088	7.1957
3089	6.9187
3090	6.6237
3091	6.3364
3092	6.0525
3093	5.3974
3094	5.0373
3095	4.7313
3096	4.4214
3097	4.0329
3098	3.6929
3099	3.3409
3100	2.7839
3101	2.2127
3102	1.1182
3103	0.78804
3104	0.4408
3105	2.8491e-002
3106	-0.62212
3107	-1.3293
3108	-2.1564
3109	-3.1135
3110	-4.2212
3111	-5.6943
3112	-7.7944
3113	-10.38
3114	-13.188
3115	-15.885
3116	-15.805
3117	-13.895
3118	-11.047
3119	-8.3576
3120	-6.6328
3121	-4.8441
3122	-2.4845
3123	-0.99279
3124	6.9228e-002
3125	1.1662
3126	1.9127
3127	2.4264
3128	2.9346
3129	3.0104
3130	3.0191
3131	2.9498
3132	2.724
3133	2.5725
3134	2.4469
3135	2.2793
3136	2.0491
3137	1.7752
3138	2.0537
3139	1.731
3140	1.4002
3141	1.2684
3142	1.1094
3143	0.91557
3144	0.73076
3145	0.6001
3146	0.3909
3147	0.24941
3148	0.12689
3149	-5.9508e-002
3150	-0.21558
3151	-0.33288
3152	-0.51445
3153	-0.61415
3154	-0.79758
3155	-0.87047
3156	-0.84521
3157	-0.86178
3158	-0.89514
3159	-0.97324
3160	-0.99764
3161	-0.97686
3162	-0.99504
3163	-0.98839
3164	-1.0128
3165	-0.98976
3166	-1.1115
3167	-1.1686
3168	-1.2268
3169	-1.2515
3170	-1.2855
3171	-1.3123
3172	-1.3732
3173	-1.4197
3174	-1.3521
3175	-1.4053
3176	-1.484
3177	-1.4684
3178	-1.3624
3179	-1.1771
3180	-1.026
3181	-1.0105
3182	-1.0895
3183	-1.1063
3184	-1.1786
3185	-1.3511
3186	-1.4336
3187	-1.4478
3188	-1.4134
3189	-1.4539
3190	-1.4208
3191	-1.4305
3192	-1.4439
3193	-1.4144
3194	-1.4425
3195	-1.4279
3196	-1.4945
3197	-1.3975
3198	-1.3903
3199	-1.3754
3200	-1.4035
3201	-1.0427
3202	-1.2054
3203	-1.2478
3204	6.5397
3205	6.3576
3206	6.1771
3207	6.0085
3208	5.8562
3209	5.7095
3210	5.5634
3211	5.4277
3212	5.3142
3213	5.2164
3214	5.1578
3215	5.1199
3216	5.0863
3217	5.0876
3218	5.1229
3219	5.2363
3220	5.3043
3221	5.3966
3222	5.519
3223	-1.2852
3224	-1.3295
3225	-1.3953
3226	-1.2989
3227	-1.04
3228	-0.97024
3229	-0.94559
3230	-1.0162
3231	-0.97212
3232	-0.86685
3233	-0.81531
3234	-0.78553
3235	-0.77697
3236	-0.887
3237	-0.8554
3238	-0.67724
3239	-0.51825
3240	-0.40794
3241	-0.30733
3242	-0.17009
3243	8.0815e-003
3244	0.31003
3245	0.12338
3246	5.4289
3247	5.2482
3248	5.157
3249	5.9919
3250	6.0704
3251	5.889
3252	0.35897
3253	15.851
3254	17.945
3255	1.1936
3256	3.0265
3257	0.49788
3258	5.802
3259	-0.31268
3260	-0.33414
3261	-0.34191
3262	-0.44812
3263	-0.56989
3264	-0.71245
3265	-0.84186
3266	-0.96016
3267	-1.0865
3268	-1.1634
3269	-1.3396
3270	-1.4116
3271	-1.4233
3272	-1.4495
3273	-1.4946
3274	-1.5366
3275	-1.6298
3276	-1.6754
3277	-1.6857
3278	-1.725
3279	-1.932
3280	-2.0129
3281	-1.9993
3282	-2.0075
3283	-2.0005
3284	-1.9731
3285	-1.8808
3286	-2.1173
3287	-2.1021
3288	-2.1373
3289	-2.1179
3290	-2.1487
3291	-2.122
3292	-2.1503
3293	-2.1675
3294	-2.1486
3295	-2.2114
3296	-2.1887
3297	-2.1209
3298	-2.1759
3299	-2.1736
3300	-2.1251
3301	-2.0368
3302	-1.9875
3303	-1.9583
3304	-1.9236
3305	-1.929
3306	-1.9732
3307	-2.0867
3308	-2.1529
3309	-2.1633
3310	-2.1541
3311	-2.1169
3312	-2.13
3313	-2.1033
3314	-2.0385
3315	-2.0969
3316	-2.0303
3317	-2.0106
3318	-1.9471
3319	-1.8931
3320	-1.8227
3321	-1.7925
3322	-1.7943
3323	-1.7498
3324	-1.6858
3325	-1.7229
3326	-1.7229
3327	-1.7044
3328	-1.643
3329	-1.5763
3330	-1.5857
3331	-1.5305
3332	-1.4323
3333	-1.2608
3334	-1.1878
3335	-1.0437
3336	-0.9394
3337	-0.75952
3338	-0.57749
3339	-0.43401
3340	-0.27121
3341	-7.2454e-002
3342	0.10917
3343	0.31235
3344	0.51765
3345	0.70982
3346	0.86728
3347	1.0661
3348	1.3567
3349	1.6994
3350	1.9248
3351	2.1321
3352	2.3163
3353	2.4855
3354	2.6799
3355	2.8342
3356	2.9467
3357	3.0167
3358	2.979
3359	2.9261
3360	2.6954
3361	2.2982
3362	1.5968
3363	0.51705
3364	-2.3052
3365	-5.7126
3366	-5.5337
3367	-8.4828
3368	-10.913
3369	-18.008
3370	-21.406
3371	-22.381
3372	-20.388
3373	-16.251
3374	-11.807
3375	-8.1339
3376	-6.2058
3377	-4.2493
3378	-2.8529
3379	-2.5018
3380	-1.4826
3381	-0.65708
3382	-8.3986e-002
3383	0.2439
3384	0.41731
3385	0.64669
3386	0.67605
3387	1.1435
3388	2.3231
3389	2.5481
3390	2.9202
3391	3.6686
3392	3.8653
3393	4.1912
3394	4.593
3395	5.1232
3396	5.3379
3397	5.5375
3398	5.8515
3399	6.2732
3400	6.291
3401	6.6219
3402	7.0184
3403	7.1124
3404	7.363
3405	7.697
3406	8.0403
3407	8.2588
3408	8.513
3409	8.7918
3410	9.0189
3411	9.191
3412	9.4391
3413	9.6531
3414	9.8248
3415	10.02
3416	10.225
3417	10.365
3418	10.517
3419	10.674
3420	10.805
3421	10.939
3422	11.072
3423	11.191
3424	11.338
3425	11.426
3426	11.499
3427	11.583
3428	11.643
3429	11.708
3430	11.771
3431	11.807
3432	11.831
3433	11.859
3434	11.839
3435	11.822
3436	11.835
3437	11.841
3438	11.852
3439	11.888
3440	11.943
3441	12.
3442	12.07
3443	12.142
3444	12.189
3445	12.203
3446	12.162
3447	12.069
3448	11.92
3449	11.787
3450	11.705
3451	11.563
3452	11.351
3453	11.158
3454	10.946
3455	10.799
3456	10.632
3457	10.33
3458	10.061
3459	9.8307
3460	9.5303
3461	9.3548
3462	8.9969
3463	8.6781
3464	8.3875
3465	8.1675
3466	7.8655
3467	7.5549
3468	7.2706
3469	7.0618
3470	6.8756
3471	6.6886
3472	6.521
3473	6.3902
3474	6.2909
3475	6.1958
3476	6.0891
3477	5.9612
3478	5.8543
3479	5.7764
3480	5.6639
3481	5.4435
3482	5.3749
3483	5.266
3484	5.1774
3485	5.1102
3486	5.0218
3487	4.9241
3488	4.8234
3489	4.7256
3490	4.6335
3491	4.5478
3492	4.4894
3493	4.452
3494	4.3993
3495	4.3142
3496	4.2453
3497	4.1911
3498	4.1224
3499	4.0737
3500	4.0458
3501	3.9784
3502	3.9661
3503	3.9277
3504	3.9065
3505	3.9122
3506	3.9327
3507	3.9622
3508	3.947
3509	3.9603
3510	3.9966
3511	4.0314
3512	4.0637
3513	4.1009
3514	4.1455
3515	4.2032
3516	4.2741
3517	4.3533
3518	4.4292
3519	4.5254
3520	4.6411
3521	4.8973
3522	5.0596
3523	5.244
3524	5.4588
3525	5.7243
3526	6.076
3527	6.5433
3528	7.1774
3529	8.0738
3530	9.6287
3531	11.879
3532	10.859
3533	11.388
3534	9.4895
3535	8.3036
3536	7.605
3537	7.1349
3538	6.8098
3539	6.5722
3540	6.3966
3541	6.2666
3542	6.1702
3543	6.0935
3544	6.033
3545	5.9877
3546	5.9312
3547	5.9318
3548	5.9317
3549	5.9359
3550	5.9444
3551	5.9591
3552	5.9801
3553	6.0103
3554	6.0549
3555	6.107
3556	6.1682
3557	6.2119
3558	6.2564
3559	6.3237
3560	6.3604
3561	6.3952
3562	6.4536
3563	6.5478
3564	6.6412
3565	6.7268
3566	6.814
3567	6.9048
3568	7.0012
3569	7.0984
3570	7.1936
3571	7.2613
3572	7.2991
3573	7.3867
3574	7.5157
3575	7.6466
3576	7.7744
3577	7.8787
3578	7.9879
3579	8.0897
3580	8.1892
3581	8.2832
3582	8.3853
3583	8.4976
3584	8.6219
3585	8.7554
3586	8.8609
3587	8.9381
3588	9.0364
3589	9.1827
3590	9.3022
3591	9.4992
3592	9.5989
3593	9.6752
3594	9.7689
3595	9.9149
3596	10.031
3597	10.152
3598	10.307
3599	10.507
3600	10.727
3601	10.965
3602	11.217
3603	11.523
3604	11.704
3605	11.901
3606	12.191
3607	12.363
3608	12.535
3609	12.79
3610	12.924
3611	13.057
3612	13.274
3613	13.612
3614	13.793
3615	13.935
3616	14.047
3617	14.177
3618	14.321
3619	14.416
3620	14.427
3621	14.588
3622	14.658
3623	14.754
3624	14.898
3625	15.013
3626	15.117
3627	15.164
3628	15.219
3629	15.27
3630	15.326
3631	15.359
3632	15.405
3633	15.461
3634	15.499
3635	15.47
3636	15.505
3637	15.486
3638	15.549
3639	15.591
3640	15.601
3641	15.603
3642	15.645
3643	15.646
3644	15.689
3645	15.714
3646	15.712
3647	15.686
3648	15.702
3649	15.642
3650	15.616
3651	15.609
3652	15.595
3653	15.632
3654	15.634
3655	15.636
3656	15.636
3657	15.609
3658	15.594
3659	15.623
3660	15.618
3661	15.6
3662	15.597
3663	15.561
3664	15.525
3665	15.524
3666	15.542
3667	15.555
3668	15.572
3669	15.503
3670	15.464
3671	15.449
3672	15.41
3673	15.401
3674	15.421
3675	15.457
3676	15.469
3677	15.444
3678	15.407
3679	15.457
3680	15.398
3681	15.349
3682	15.405
3683	15.402
3684	15.365
3685	15.396
3686	15.4
3687	15.377
3688	15.33
3689	15.335
3690	15.328
3691	15.309
3692	15.3
3693	15.346
3694	15.317
3695	15.31
3696	15.305
3697	15.32
3698	15.326
3699	15.31
3700	15.317
3701	15.295
3702	15.345
3703	15.3
3704	15.283
3705	15.302
3706	15.317
3707	15.312
3708	15.333
3709	15.316
3710	15.284
3711	15.3
3712	15.358
3713	15.326
3714	15.299
3715	15.34
3716	15.29
3717	15.262
3718	15.269
3719	15.294
3720	15.295
3721	15.328
3722	15.316
3723	15.306
3724	15.308
3725	15.29
3726	15.276
3727	15.25
3728	15.261
3729	15.251
3730	15.247
3731	15.253
3732	15.256
3733	15.268
3734	15.233
3735	15.256
3736	15.295
3737	15.333
3738	15.871
3739	16.41
3740	16.907
3741	17.451
3742	17.951
3743	18.426
3744	18.418
3745	18.42
3746	18.457
3747	18.484
3748	18.441
3749	18.413
3750	18.399
3751	18.393
3752	18.4
3753	18.392
3754	18.388
3755	18.379
3756	18.404
3757	18.413
3758	18.435
3759	18.42
3760	18.422
3761	18.415
3762	18.413
3763	18.424
3764	18.445
3765	18.474
3766	18.535
3767	18.478
3768	18.467
3769	18.456
3770	18.479
3771	18.475
3772	18.483
3773	18.49
3774	18.484
3775	18.448
3776	18.457
3777	18.448
3778	18.453
3779	18.492
3780	18.46
3781	18.463
3782	18.483
3783	18.442
3784	18.42
3785	18.449
3786	18.469
3787	18.44
3788	18.446
3789	18.457
3790	18.449
3791	18.455
3792	18.431
3793	18.44
3794	18.441
3795	18.474
3796	18.462
3797	18.477
3798	18.484
3799	18.481
3800	18.442
3801	18.479
3802	18.47
3803	18.484
3804	18.484
3805	18.461
3806	18.513
3807	18.513
3808	18.509
3809	18.508
3810	18.524
3811	18.544
3812	18.553
3813	18.548
3814	18.555
3815	18.582
3816	18.581
3817	18.566
3818	18.568
3819	18.555
3820	18.564
3821	18.594
3822	18.606
3823	18.637
3824	18.666
3825	18.691
3826	18.683
3827	18.739
3828	18.729
3829	18.724
3830	18.766
3831	18.758
3832	18.794
3833	18.848
3834	18.848
3835	18.882
3836	18.896
3837	18.877
3838	18.903
3839	18.932
3840	18.922
3841	18.937
3842	18.97
3843	18.965
3844	19.024
3845	19.045
3846	19.102
3847	19.107
3848	19.114
3849	19.159
3850	19.177
3851	19.211
3852	19.227
3853	19.213
3854	19.186
3855	19.208
3856	19.177
3857	19.171
3858	19.167
3859	19.19
3860	19.188
3861	19.151
3862	19.17
3863	19.168
3864	19.124
3865	19.098
3866	19.149
3867	19.125
3868	19.085
3869	18.994
3870	18.902
3871	18.862
3872	18.757
3873	18.687
3874	18.585
3875	18.579
3876	18.502
3877	18.37
3878	18.273
3879	18.213
3880	18.024
3881	17.871
3882	17.616
3883	17.526
3884	17.354
3885	17.168
3886	16.915
3887	16.825
3888	16.628
3889	16.419
3890	16.272
3891	16.118
3892	15.967
3893	15.707
3894	15.584
3895	15.448
3896	15.313
3897	15.188
3898	15.051
3899	14.886
3900	14.718
3901	14.553
3902	14.402
3903	14.24
3904	14.071
3905	13.895
3906	13.716
3907	13.538
3908	13.372
3909	13.203
3910	13.062
3911	12.913
3912	12.715
3913	12.529
3914	12.344
3915	12.152
3916	11.946
3917	11.725
3918	11.505
3919	11.341
3920	11.154
3921	10.935
3922	10.704
3923	10.468
3924	10.242
3925	10.023
3926	9.8066
3927	9.5844
3928	9.3567
3929	9.1264
3930	8.8997
3931	8.6816
3932	8.459
3933	8.2281
3934	7.9917
3935	7.7503
3936	7.5109
3937	7.2708
3938	7.0321
3939	6.7958
3940	6.5661
3941	6.3476
3942	6.1407
3943	5.9164
3944	5.7165
3945	5.5219
3946	5.3373
3947	5.0142
3948	4.8931
3949	4.7924
3950	4.6797
3951	4.5316
3952	4.4564
3953	4.4275
3954	4.4319
3955	4.4551
3956	4.5072
3957	4.5988
3958	4.7287
3959	4.8863
3960	5.0602
3961	5.2976
3962	5.5826
3963	5.6371
3964	5.415
3965	5.2463
3966	5.1169
3967	5.0124
3968	4.8874
3969	4.8773
3970	4.9051
3971	4.9515
3972	5.0287
3973	5.1376
3974	5.2691
3975	5.4221
3976	5.5913
3977	5.7686
3978	5.9601
3979	6.1677
3980	6.3868
3981	6.6096
3982	6.8402
3983	7.0837
3984	7.3369
3985	7.5938
3986	7.8497
3987	8.103
3988	8.3598
3989	8.6221
3990	8.895
3991	9.1833
3992	9.4361
3993	9.6321
3994	9.7735
3995	9.9952
3996	10.231
3997	10.48
3998	10.732
3999	10.978
4000	11.217
4001	11.438
4002	11.675
4003	11.888
4004	12.076
4005	12.266
4006	12.46
4007	12.661
4008	12.865
4009	13.07
4010	13.276
4011	13.48
4012	13.66
4013	13.822
4014	13.999
4015	14.2
4016	14.364
4017	14.507
4018	14.672
4019	14.836
4020	15.041
4021	15.176
4022	15.276
4023	15.427
4024	15.58
4025	15.733
4026	15.873
4027	15.996
4028	16.112
4029	16.228
4030	16.348
4031	16.488
4032	16.601
4033	16.683
4034	16.761
4035	16.837
4036	16.904
4037	16.957
4038	16.987
4039	17.002
4040	17.029
4041	17.091
4042	17.182
4043	17.28
4044	17.336
4045	17.373
4046	17.462
4047	17.513
4048	17.492
4049	17.572
4050	17.564
4051	17.499
4052	17.46
4053	17.391
4054	17.248
4055	17.184
4056	17.038
4057	16.856
4058	16.798
4059	16.668
4060	16.566
4061	16.457
4062	16.242
4063	15.866
4064	15.72
4065	15.589
4066	15.436
4067	15.25
4068	15.039
4069	14.812
4070	14.58
4071	14.339
4072	14.09
4073	13.835
4074	13.572
4075	13.301
4076	13.036
4077	12.774
4078	12.514
4079	12.253
4080	11.992
4081	11.729
4082	11.462
4083	11.192
4084	10.922
4085	10.651
4086	10.381
4087	10.112
4088	9.8462
4089	9.5855
4090	9.329
4091	9.0743
4092	8.8194
4093	8.5671
4094	8.3148
4095	8.0616
4096	7.8055
4097	7.3037
4098	7.0492
4099	6.7907
4100	6.5238
4101	6.2548
4102	5.9808
4103	5.7075
4104	5.4311
4105	5.2342
4106	4.9978
4107	4.6715
4108	4.2777
4109	4.1836
4110	3.9152
4111	3.6868
4112	3.477
4113	3.2979
4114	3.1072
4115	2.9317
4116	2.7742
4117	2.7268
4118	2.811
4119	2.9993
4120	3.2651
4121	3.5362
4122	3.7126
4123	3.994
4124	4.2387
4125	4.4451
4126	4.5612
4127	4.6029
4128	4.6547
4129	4.6806
4130	4.7124
4131	4.6455
4132	4.5999
4133	4.5329
4134	4.408
4135	4.291
4136	4.2092
4137	4.1227
4138	4.037
4139	3.869
4140	3.7394
4141	3.6674
4142	3.5732
4143	3.4811
4144	3.3446
4145	3.2915
4146	3.204
4147	3.1594
4148	3.0951
4149	3.0156
4150	2.9465
4151	2.8943
4152	2.8682
4153	2.8671
4154	2.8266
4155	2.8164
4156	2.8336
4157	2.7957
4158	2.7665
4159	2.7847
4160	2.7501
4161	2.7378
4162	2.6819
4163	2.7237
4164	2.7608
4165	2.7607
4166	2.7162
4167	2.7714
4168	2.7464
4169	2.7505
4170	2.7376
4171	2.725
4172	2.7263
4173	2.659
4174	2.6859
4175	2.7056
4176	2.688
4177	2.6529
4178	2.6507
4179	2.6698
4180	2.6926
4181	2.6522
4182	2.6393
4183	2.6009
4184	2.574
4185	2.6015
4186	2.6372
4187	2.6047
4188	2.58
4189	2.5771
4190	2.5346
4191	2.5359
4192	2.5052
4193	2.5214
4194	2.4757
4195	2.4554
4196	2.3965
4197	2.4068
4198	2.4047
4199	2.3592
4200	2.3358
4201	2.2988
4202	2.2614
4203	2.1908
4204	2.1701
4205	2.2098
4206	2.2117
4207	2.1622
4208	2.1433
4209	2.16
4210	2.1919
4211	2.1502
4212	2.1189
4213	2.1084
4214	2.1207
4215	2.1523
4216	2.1665
4217	2.203
4218	2.2489
4219	2.3016
4220	2.3774
4221	2.443
4222	2.4939
4223	2.5396
4224	2.6474
4225	2.7506
4226	2.9152
4227	2.9999
4228	3.1097
4229	3.3017
4230	5.6963
4231	5.4021
4232	5.5856
4233	5.7236
4234	5.4643
4235	5.34
4236	5.3442
4237	5.4915
4238	15.597
4239	14.317
4240	2.3306
4241	7.0224
4242	16.575
4243	17.268
4244	12.306
4245	2.7663
4246	-0.36389
4247	7.6181
4248	5.2102
4249	12.67
4250	10.786
4251	14.228
4252	10.47
4253	1.3985
4254	6.7065
4255	15.808
4256	6.8446
4257	16.113
4258	2.6671
4259	8.3113
4260	1.2963
4261	16.174
4262	1.6696
4263	6.319
4264	7.1402
4265	5.6452
4266	16.018
4267	16.17
4268	18.31
4269	15.383
4270	3.9921
4271	1.5254
4272	2.2905
4273	1.3682
4274	9.7979
4275	2.8957
4276	16.275
4277	13.143
4278	14.003
4279	1.5209
4280	12.062
4281	7.6058
4282	5.236
4283	11.941
4284	6.3652
4285	11.17
4286	13.628
4287	15.83
4288	7.5517
4289	12.685
4290	6.6818
4291	16.284
4292	10.455
4293	13.497
4294	3.4736
4295	8.3839
4296	11.728
4297	18.438
4298	18.029
4299	1.623
4300	8.5324
4301	1.5504
4302	5.9638
4303	14.518
4304	7.1833
4305	8.6278
4306	9.4204
4307	-10.064
4308	15.031
4309	2.208
4310	6.4275
4311	12.787
4312	15.521
4313	-1.5702
4314	14.591
4315	10.539
4316	11.797
4317	7.8986
4318	6.1682
4319	12.939
4320	1.9564
4321	11.304
4322	-0.26446
4323	16.521
4324	5.1743
4325	17.388
4326	1.1361
4327	11.014
4328	4.0373
4329	5.5746
4330	13.795
4331	11.691
4332	15.923
4333	16.056
4334	15.84
4335	5.5427
4336	-1.7994
4337	6.6881
4338	9.3455
4339	16.836
4340	7.0707
4341	15.934
4342	16.716
4343	11.061
4344	14.4
4345	15.856
4346	4.7158e-003
4347	16.011
4348	6.1814
4349	1.409
4350	17.498
4351	1.6397
4352	1.8289
4353	5.1783
4354	18.048
4355	15.964
4356	15.752
4357	5.769
4358	7.7346
4359	7.7817
4360	15.357
4361	9.5404
4362	4.2652
4363	13.903
4364	15.886
4365	1.6938
4366	12.119
4367	15.36
4368	15.474
4369	6.4345
4370	17.651
4371	11.168
4372	1.9001
4373	5.1863
4374	17.297
4375	16.622
4376	2.8516
4377	6.6028
4378	15.778
4379	4.6109e-004
4380	15.938
4381	16.3
4382	5.0535
4383	17.443
4384	15.456
4385	1.0084
4386	16.515
4387	16.311
4388	10.289
4389	16.542
4390	15.921
4391	-4.9511
4392	3.8816
4393	12.143
4394	13.019
4395	1.7101
4396	0.34323
4397	8.8608
4398	8.2966
4399	17.567
4400	13.178
4401	9.7697
4402	9.3429
4403	13.488
4404	16.899
4405	7.7346
4406	16.482
4407	1.2644
4408	4.9532
4409	15.794
4410	18.019
4411	18.035
4412	12.673
4413	0.73059
4414	5.5176
4415	9.2302
4416	17.311
4417	16.67
4418	17.519
4419	15.52
4420	9.5886
4421	3.5938
4422	-14.371
4423	6.3809
4424	-0.51262
4425	10.57
4426	1.9199
4427	14.184
4428	13.805
4429	16.13
4430	6.8915
4431	12.844
4432	11.362
4433	13.609
4434	8.1694
4435	15.793
4436	3.2382
4437	-2.1433
4438	8.9177
4439	10.501
4440	11.797
4441	10.646
4442	12.792
4443	9.338
4444	2.7539
4445	1.4661
4446	13.222
4447	10.507
4448	12.241
4449	12.629
4450	6.1909
4451	15.807
4452	16.129
4453	16.877
4454	6.568
4455	1.1739
4456	7.0116
4457	10.728
4458	7.6286
4459	16.31
4460	17.216
4461	2.1782
4462	17.946
4463	5.0747
4464	6.1758
4465	12.577
4466	8.0653
4467	14.142
4468	2.2434
4469	1.6402
4470	15.182
4471	16.029
4472	11.921
4473	6.3713
4474	16.271
4475	5.5301
4476	14.627
4477	16.365
4478	-1.3927
4479	3.0575
4480	15.916
4481	9.8873
4482	6.3214
4483	10.492
4484	11.213
4485	2.7804
4486	13.46
4487	17.606
4488	13.13
4489	15.038
4490	7.9601
4491	7.0136
4492	5.3198
4493	4.7606
4494	1.3979
4495	7.1159
4496	15.843
4497	8.597
4498	17.928
4499	9.4105
4500	5.2161
4501	6.4701
4502	6.2886
4503	11.189
4504	11.034
4505	0.53567
4506	16.128
4507	9.2341
4508	5.8164
4509	16.714
4510	-1.2772e-002
4511	11.763
4512	14.005
4513	12.651
4514	6.2324
4515	1.2021
4516	14.804
4517	17.925
4518	18.486
4519	11.455
4520	5.9029
4521	17.942
4522	6.5061
4523	18.048
4524	18.071
4525	18.11
4526	18.013
4527	0.36146
4528	11.58
4529	18.171
4530	18.109
4531	16.342
4532	5.948
4533	11.962
4534	12.75
4535	16.312
4536	16.084
4537	15.8
4538	5.3471
4539	15.148
4540	11.047
4541	7.3448
4542	6.6194
4543	6.1277
4544	17.12
4545	10.814
4546	15.672
4547	-0.3612
4548	2.0282
4549	-0.29456
4550	9.4329
4551	10.142
4552	7.2289
4553	12.142
4554	15.434
4555	12.199
4556	-1.6308
4557	10.175
4558	17.081
4559	13.09
4560	13.547
4561	5.2851
4562	16.93
4563	1.6922
4564	7.4189
4565	6.1643
4566	-3.4857
4567	8.8658
4568	5.6895
4569	8.4348
4570	15.547
4571	11.455
4572	13.434
4573	13.139
4574	11.261
4575	9.6729
4576	3.4903
4577	16.086
4578	8.5649
4579	16.956
4580	6.7677
4581	15.176
4582	13.3
4583	11.178
4584	10.345
4585	14.
4586	17.884
4587	8.125
4588	-0.39495
4589	16.785
4590	16.818
4591	15.989
4592	1.9467
4593	14.668
4594	4.6935
4595	4.9532
4596	9.1781
4597	6.3495
4598	14.689
4599	9.0677
4600	16.242
4601	13.006
4602	11.282
4603	4.2171
4604	12.853
4605	16.114
4606	-1.2132
4607	18.522
4608	13.019
4609	15.402
4610	8.545
4611	4.8111
4612	7.8649
4613	9.9158
4614	17.174
4615	6.6136
4616	9.6084
4617	-0.95792
4618	17.079
4619	17.181
4620	1.8448
4621	2.1393
4622	3.1237
4623	13.87
4624	11.302
4625	16.116
4626	15.184
4627	15.792
4628	8.255
4629	6.0181
4630	15.945
4631	15.902
4632	16.065
4633	16.729
4634	18.053
4635	8.1368
4636	4.3431
4637	13.93
4638	14.273
4639	13.954
4640	16.784
4641	17.346
4642	11.594
4643	9.6508
4644	5.567
4645	6.1543
4646	15.875
4647	13.417
4648	11.34
4649	10.336
4650	3.5986
4651	17.86
4652	17.876
4653	14.906
4654	12.977
4655	5.386
4656	16.148
4657	7.2261
4658	6.3355
4659	6.7473
4660	8.9559
4661	16.163
4662	13.539
4663	16.092
4664	15.815
4665	18.124
4666	6.6659
4667	18.174
4668	15.786
4669	18.092
4670	16.057
4671	10.894
4672	7.8904
4673	7.6508
4674	15.88
4675	15.711
4676	18.479
4677	14.421
4678	15.856
4679	10.715
4680	17.945
4681	15.822
4682	0.34443
4683	-0.53526
4684	10.137
4685	18.02
4686	7.0844
4687	16.866
4688	17.225
4689	15.802
4690	15.959
4691	18.034
4692	18.088
4693	16.379
4694	-8.4146
4695	15.868
4696	6.5366
4697	-0.30435
4698	8.4365
4699	4.0022
4700	1.9199
4701	6.5112
4702	11.359
4703	12.337
4704	7.1581
4705	2.0689
4706	14.728
4707	-2.639
4708	13.929
4709	15.318
4710	15.348
4711	1.8337
4712	16.473
4713	16.815
4714	17.072
4715	17.416
4716	17.41
4717	6.93
4718	9.2877
4719	5.2663
4720	5.3733
4721	5.6479
4722	15.387
4723	15.445
4724	15.478
4725	5.7817
4726	15.57
4727	15.261
4728	8.965
4729	18.409
4730	4.9347
4731	16.045
4732	5.1654
4733	3.313
4734	7.9026
4735	17.932
4736	18.534
4737	18.689
4738	18.465
4739	18.579
4740	15.418
4741	9.2226
4742	16.43
4743	15.998
4744	14.765
4745	15.819
4746	6.2517
4747	6.2902
4748	2.6947
4749	13.374
4750	1.687
4751	3.2904
4752	2.1325
4753	2.2803
4754	1.0914
4755	-0.23456
4756	17.19
4757	16.453
4758	18.579
4759	4.7229
4760	16.067
4761	2.9575
4762	9.0548
4763	7.0623
4764	11.755
4765	15.318
4766	7.6043
4767	12.65
4768	13.191
4769	6.1069
4770	13.038
4771	1.3142
4772	2.7478
4773	6.8975
4774	7.2526
4775	5.0575
4776	10.79
4777	0.37528
4778	13.474
4779	6.0799
4780	4.9371
4781	13.607
4782	0.69965
4783	6.7862
4784	3.3365
4785	16.259
4786	12.053
4787	16.508
4788	16.405
4789	16.373
4790	6.2664
4791	16.696
4792	11.245
4793	14.64
4794	14.461
4795	8.5078
4796	13.118
4797	6.8173
4798	8.513
4799	10.46
4800	6.9814
4801	6.287
4802	6.2344
4803	17.588
4804	17.604
4805	17.739
4806	17.831
4807	17.594
4808	17.44
4809	17.027
4810	14.354
4811	11.812
4812	10.374
4813	13.356
4814	7.2773
4815	8.0078
4816	7.8394
4817	8.8108
4818	8.6269
4819	9.5885
4820	9.3927
4821	8.112
4822	8.1494
4823	7.9927
4824	7.8138
4825	7.6727
4826	7.4848
4827	7.3653
4828	6.9941
4829	7.1561
4830	6.4807
4831	6.6042
4832	5.9792
4833	6.0734
4834	5.4826
4835	5.5109
4836	13.122
4837	13.452
4838	13.528
4839	13.784
4840	13.93
4841	14.13
4842	7.3477
4843	7.7288
4844	7.5235
4845	7.8889
4846	7.6967
4847	8.0511
4848	7.8635
4849	8.1832
4850	8.0191
4851	8.306
4852	6.2505
4853	6.2552
4854	6.2953
4855	6.3032
4856	6.2844
4857	6.3264
4858	6.2661
4859	12.847
4860	13.016
4861	13.096
4862	13.283
4863	13.348
4864	13.548
4865	8.489
4866	8.3624
4867	9.2066
4868	1.3108
4869	14.679
4870	14.887
4871	15.429
4872	15.62
4873	16.104
4874	16.285
4875	12.805
4876	12.981
4877	11.953
4878	12.131
4879	11.08
4880	11.265
4881	10.21
4882	10.392
4883	9.3635
4884	9.508
4885	8.6058
4886	8.1656
4887	9.6801
4888	8.9596
4889	9.9288
4890	9.1156
4891	1.6354
4892	1.6267
4893	1.065
4894	1.0492
4895	0.44417
4896	0.41256
4897	6.4624
4898	6.6275
4899	6.3721
4900	6.5117
4901	6.2667
4902	6.3913
4903	-7.4017e-003
4904	-3.5308e-002
4905	17.111
4906	16.944
4907	14.405
4908	13.209
4909	9.1815
4910	8.8531
4911	6.6945
4912	6.4044
4913	11.598
4914	6.1532
4915	6.0901
4916	10.631
4917	1.1308
4918	0.21928
4919	5.9893
4920	17.289
4921	16.824
4922	16.888
4923	16.962
4924	5.4511
4925	0.68247
4926	1.3318
4927	5.8995
4928	6.0416
4929	17.398
4930	16.872
4931	2.3625
4932	-4.7972e-002
4933	-0.73638
4934	0.83659
4935	0.36626
4936	16.984
4937	17.946
4938	17.312
4939	16.674
4940	16.903
4941	17.21
4942	10.553
4943	6.5953
4944	10.055
4945	6.8762
4946	6.7311
4947	7.2568
4948	7.0798
4949	11.886
4950	12.084
4951	12.046
4952	12.265
4953	12.22
4954	12.456
4955	12.661
4956	13.991
4957	13.799
4958	13.603
4959	13.463
4960	13.251
4961	13.123
4962	12.86
4963	12.77
4964	10.552
4965	10.762
4966	9.7706
4967	9.9751
4968	8.9677
4969	9.1747
4970	8.1352
4971	8.3515
4972	7.3781
4973	7.5494
4974	12.618
4975	12.366
4976	12.406
4977	12.132
4978	1.2293
4979	1.2342
4980	0.50555
4981	0.49809
4982	16.349
4983	16.379
4984	15.837
4985	15.856
4986	11.141
4987	11.356
4988	10.449
4989	10.653
4990	9.7307
4991	9.9081
4992	8.9895
4993	9.2009
4994	8.2551
4995	8.4207
4996	0.62107
4997	0.55862
4998	-2.286e-002
4999	-4.83e-002
5000	16.88
5001	16.903
5002	16.852
5003	16.941
5004	9.5427
5005	9.7786
5006	9.636
5007	9.8983
5008	9.7205
5009	10.047
5010	9.8967
5011	10.222
5012	10.036
5013	10.376
5014	17.95
5015	18.002
5016	17.399
5017	17.464
5018	0.48223
5019	3.2292e-002
5020	-0.68646
5021	-1.1681
5022	-2.0102
5023	-2.6662
5024	-3.4982
5025	-4.3911
5026	-5.0306
5027	-6.3173
5028	5.5461
5029	5.4051
5030	5.3274
5031	5.3082
5032	5.151
5033	5.2029
5034	17.158
5035	17.169
5036	16.715
5037	17.191
5038	17.607
5039	17.219
5040	17.625
5041	17.615
5042	17.176
5043	17.675
5044	17.207
5045	17.626
5046	17.172
5047	13.655
5048	13.89
5049	6.2525
5050	6.344
5051	6.1106
5052	6.1281
5053	5.9637
5054	5.9323
5055	0.63794
5056	-2.7083e-002
5057	0.63342
5058	-4.751e-003
5059	0.65019
5060	-1.2713e-002
5061	-1.4465e-002
5062	-4.1517e-002
5063	0.64259
5064	0.63286
5065	1.2743
5066	1.269
5067	-1.6351
5068	-0.60512
5069	-0.73773
5070	9.8681e-002
5071	0.20483
5072	0.93616
5073	1.1262
5074	1.7773
5075	15.852
5076	15.878
5077	16.53
5078	16.588
5079	8.4693
5080	8.7502
5081	8.6075
5082	8.8955
5083	8.7586
5084	9.0691
5085	8.9081
5086	9.2271
5087	9.0506
5088	9.3635
5089	10.276
5090	10.207
5091	9.7309
5092	9.7181
5093	6.1781
5094	6.1095
5095	6.0941
5096	5.9678
5097	5.6064
5098	6.4284
5099	6.1913
5100	7.4012
5101	7.165
5102	7.302
5103	7.0817
5104	7.1796
5105	6.9763
5106	16.91
5107	16.911
5108	17.442
5109	17.432
5110	16.25
5111	16.221
5112	16.728
5113	16.682
5114	17.168
5115	17.146
5116	17.573
5117	17.599
5118	16.991
5119	17.407
5120	17.038
5121	17.479
5122	17.003
5123	17.456
5124	17.012
5125	17.459
5126	16.996
5127	17.404
5128	17.6
5129	17.628
5130	17.152
5131	17.171
5132	16.71
5133	16.756
5134	-0.68305
5135	-0.70356
5136	1.5222e-002
5137	2.3697e-002
5138	6.8706
5139	7.0309
5140	6.7309
5141	6.8573
5142	6.6034
5143	6.6915
5144	2.0097
5145	2.4055
5146	2.6784
5147	3.0057
5148	3.0652
5149	3.2551
5150	3.256
5151	3.4482
5152	17.588
5153	17.149
5154	17.608
5155	17.189
5156	-0.28968
5157	-0.28055
5158	10.889
5159	9.969
5160	10.671
5161	9.8231
5162	3.5928
5163	3.5413
5164	3.3071
5165	3.2442
5166	3.0624
5167	2.9726
5168	6.5908
5169	6.2865
5170	6.3256
5171	5.9851
5172	6.0588
5173	5.6894
5174	5.8183
5175	5.426
5176	5.6375
5177	5.24
5178	17.289
5179	17.252
5180	16.837
5181	16.832
5182	16.395
5183	16.375
5184	2.6343
5185	2.856
5186	2.077
5187	2.3741
5188	1.5242
5189	1.8065
5190	14.157
5191	14.31
5192	13.004
5193	13.183
5194	11.814
5195	12.051
5196	14.217
5197	13.799
5198	0.67294
5199	0.62235
5200	13.493
5201	13.075
5202	0.4829
5203	13.597
5204	16.696
5205	-0.66159
5206	2.2942
5207	11.698
5208	9.6009
5209	16.858
5210	16.739
5211	16.828
5212	16.855
5213	17.638
5214	16.704
5215	16.685
5216	17.249
5217	17.203
5218	0.34259
5219	0.96667
5220	0.34562
5221	0.95213
5222	0.37032
5223	0.98548
5224	0.38629
5225	1.0141
5226	0.35071
5227	1.0117
5228	17.686
5229	17.303
5230	17.707
5231	17.303
5232	17.738
5233	17.352
5234	17.686
5235	17.273
5236	17.649
5237	17.246
5238	17.695
5239	18.141
5240	17.779
5241	18.207
5242	-0.53327
5243	-0.53333
5244	0.14072
5245	0.20205
5246	0.83297
5247	0.90638
5248	7.7141
5249	7.5104
5250	7.5552
5251	7.375
5252	7.3646
5253	7.198
5254	7.1523
5255	7.0124
5256	8.6443
5257	8.4247
5258	8.5046
5259	8.2834
5260	8.35
5261	8.1204
5262	8.1532
5263	7.9273
5264	7.9126
5265	7.6998
5266	1.3386
5267	1.4917
5268	1.6779
5269	6.5223
5270	6.3729
5271	7.3518
5272	7.1695
5273	8.2209
5274	8.0184
5275	9.0667
5276	8.876
5277	9.9249
5278	9.7607
5279	8.5002
5280	8.324
5281	16.926
5282	16.956
5283	10.181
5284	9.877
5285	5.6737
5286	5.6133
5287	-0.85678
5288	-1.3987
5289	3.9103
5290	4.0358
5291	0.23173
5292	-0.24246
5293	0.99789
5294	0.56679
5295	1.7053
5296	1.2769
5297	2.3519
5298	1.9285
5299	2.9197
5300	2.5137
5301	3.4315
5302	3.1063
5303	3.5836
5304	3.9933
5305	4.1573
5306	3.6436
5307	3.7475
5308	3.3692
5309	3.6869
5310	3.2313
5311	3.7191
5312	3.2061
5313	3.8167
5314	3.2819
5315	3.9663
5316	3.44
5317	4.1494
5318	3.6585
5319	4.3475
5320	3.8915
5321	4.543
5322	4.0804
5323	4.7218
5324	4.3159
5325	4.8754
5326	4.5223
5327	4.9967
5328	4.695
5329	5.0826
5330	4.8049
5331	5.1334
5332	4.8598
5333	5.1514
5334	4.9024
5335	5.1402
5336	4.9167
5337	5.1038
5338	4.92
5339	5.0464
5340	4.8628
5341	4.9716
5342	4.8063
5343	4.8841
5344	4.7317
5345	4.7873
5346	4.6228
5347	4.6842
5348	4.514
5349	4.5777
5350	4.4203
5351	4.4699
5352	4.3234
5353	4.3628
5354	4.2264
5355	4.258
5356	4.0894
5357	4.1564
5358	3.9728
5359	4.0592
5360	3.887
5361	3.9671
5362	3.7925
5363	3.8811
5364	3.7018
5365	3.8009
5366	3.5921
5367	3.727
5368	3.5268
5369	3.6596
5370	3.4479
5371	3.5988
5372	3.3935
5373	3.5446
5374	3.3326
5375	3.4967
5376	3.2674
5377	3.4551
5378	3.2104
5379	3.4192
5380	3.1651
5381	3.3889
5382	3.1355
5383	3.3638
5384	3.1211
5385	3.3435
5386	3.0896
5387	3.3276
5388	3.0754
5389	3.3156
5390	3.0771
5391	3.3072
5392	3.0532
5393	3.3017
5394	3.0351
5395	3.2986
5396	3.0421
5397	3.2974
5398	3.0238
5399	3.2979
5400	3.0175
5401	3.2993
5402	2.9902
5403	3.3013
5404	3.0119
5405	3.3037
5406	3.0281
5407	3.3065
5408	3.0329
5409	3.3094
5410	3.0343
5411	3.3121
5412	3.0136
5413	3.3144
5414	3.0423
5415	3.3167
5416	3.031
5417	3.3186
5418	3.0341
5419	3.3202
5420	3.0286
5421	3.3212
5422	3.0229
5423	3.3218
5424	3.0239
5425	3.3217
5426	2.9906
5427	3.3205
5428	3.0036
5429	3.3185
5430	3.0127
5431	3.3155
5432	3.0026
5433	3.3114
5434	2.9834
5435	3.3056
5436	2.9798
5437	3.2983
5438	2.9861
5439	3.2895
5440	2.9934
5441	3.2793
5442	2.9686
5443	3.2676
5444	2.9565
5445	3.2545
5446	2.9311
5447	3.2398
5448	2.9108
5449	3.2236
5450	2.9168
5451	3.2065
5452	2.9262
5453	3.1884
5454	2.9012
5455	3.1692
5456	2.8795
5457	3.1492
5458	2.8683
5459	3.1283
5460	2.8368
5461	3.1066
5462	2.8268
5463	3.084
5464	2.8004
5465	3.0606
5466	2.7969
5467	3.0365
5468	2.7623
5469	3.0118
5470	2.7398
5471	2.9865
5472	2.6979
5473	2.9604
5474	2.6902
5475	2.9341
5476	2.6759
5477	2.908
5478	2.6401
5479	2.8818
5480	2.6153
5481	2.856
5482	2.5837
5483	2.831
5484	2.5524
5485	2.8068
5486	2.5047
5487	2.7835
5488	2.4826
5489	2.7612
5490	2.4909
5491	2.7407
5492	2.481
5493	2.7222
5494	2.4466
5495	2.7055
5496	2.4283
5497	2.6911
5498	2.4289
5499	2.6794
5500	2.4382
5501	2.6709
5502	2.4122
5503	2.6658
5504	2.3932
5505	2.6646
5506	2.3863
5507	2.6676
5508	2.3928
5509	2.6757
5510	2.4113
5511	2.6894
5512	2.4238
5513	2.7095
5514	2.4504
5515	2.7365
5516	2.485
5517	2.7714
5518	2.5268
5519	2.8149
5520	2.5841
5521	2.8683
5522	2.641
5523	2.9329
5524	2.6957
5525	3.0097
5526	2.7539
5527	3.1002
5528	2.8493
5529	3.206
5530	2.9499
5531	3.3288
5532	3.089
5533	3.4698
5534	3.1974
5535	3.6344
5536	3.3272
5537	3.826
5538	3.5129
5539	3.7091
5540	16.232
5541	16.369
5542	16.078
5543	16.087
5544	15.947
5545	15.9
5546	15.795
5547	15.69
5548	15.617
5549	15.464
5550	15.415
5551	15.227
5552	15.194
5553	14.979
5554	14.958
5555	14.723
5556	14.717
5557	14.461
5558	14.466
5559	14.193
5560	14.209
5561	13.921
5562	13.947
5563	13.646
5564	13.678
5565	13.368
5566	13.404
5567	13.088
5568	13.132
5569	12.808
5570	12.861
5571	12.527
5572	12.591
5573	12.246
5574	12.32
5575	11.966
5576	12.048
5577	11.687
5578	11.778
5579	11.41
5580	11.505
5581	11.136
5582	11.232
5583	10.864
5584	10.961
5585	10.596
5586	10.69
5587	10.331
5588	10.422
5589	10.069
5590	10.155
5591	9.8112
5592	9.8927
5593	9.557
5594	9.6343
5595	9.3067
5596	9.3799
5597	9.0601
5598	9.1283
5599	8.8168
5600	8.8785
5601	8.5766
5602	8.6315
5603	8.3392
5604	8.386
5605	8.1039
5606	8.1413
5607	7.8702
5608	7.8961
5609	7.6376
5610	7.6527
5611	7.4055
5612	7.4126
5613	7.1732
5614	7.1693
5615	6.9402
5616	6.9238
5617	6.706
5618	6.6736
5619	6.4703
5620	6.4216
5621	6.233
5622	6.1665
5623	5.9941
5624	5.9108
5625	5.7537
5626	5.6527
5627	5.5128
5628	5.4336
5629	5.2743
5630	5.1952
5631	5.0403
5632	4.9137
5633	4.8131
5634	4.6012
5635	4.5978
5636	4.4426
5637	4.401
5638	4.2046
5639	4.2265
5640	3.9973
5641	4.1398
5642	3.811
5643	3.7162
5644	17.763
5645	17.675
5646	17.337
5647	17.859
5648	17.398
5649	17.961
5650	17.455
5651	18.067
5652	17.521
5653	18.171
5654	17.605
5655	18.267
5656	17.702
5657	18.349
5658	17.796
5659	18.414
5660	17.861
5661	18.461
5662	17.908
5663	18.489
5664	17.971
5665	18.497
5666	18.005
5667	18.485
5668	17.994
5669	18.453
5670	18.023
5671	18.403
5672	17.998
5673	18.333
5674	17.936
5675	18.245
5676	17.877
5677	18.139
5678	17.794
5679	18.015
5680	17.665
5681	17.873
5682	17.566
5683	17.714
5684	17.418
5685	17.537
5686	17.243
5687	17.345
5688	17.121
5689	17.142
5690	16.957
5691	16.938
5692	16.803
5693	16.737
5694	16.647
5695	16.543
5696	16.44
5697	16.246
5698	6.3622
5699	6.3337
5700	17.589
5701	17.269
5702	17.499
5703	17.191
5704	17.404
5705	17.107
5706	17.305
5707	17.019
5708	17.202
5709	16.927
5710	17.094
5711	16.818
5712	16.981
5713	16.693
5714	16.865
5715	16.576
5716	16.743
5717	16.458
5718	16.618
5719	16.339
5720	16.487
5721	16.213
5722	16.353
5723	16.077
5724	16.214
5725	15.932
5726	16.07
5727	15.785
5728	15.923
5729	15.637
5730	15.77
5731	15.512
5732	15.614
5733	15.367
5734	15.452
5735	15.185
5736	15.287
5737	15.021
5738	15.117
5739	14.855
5740	14.943
5741	14.697
5742	14.765
5743	14.527
5744	14.582
5745	14.337
5746	14.395
5747	14.156
5748	14.204
5749	13.981
5750	14.009
5751	13.794
5752	13.809
5753	13.593
5754	13.606
5755	13.389
5756	13.398
5757	13.184
5758	13.187
5759	12.977
5760	12.972
5761	12.77
5762	12.752
5763	12.564
5764	12.529
5765	12.359
5766	12.302
5767	12.152
5768	12.071
5769	11.931
5770	11.837
5771	11.697
5772	11.599
5773	11.468
5774	11.357
5775	11.228
5776	11.111
5777	10.983
5778	10.862
5779	10.734
5780	10.609
5781	10.484
5782	10.353
5783	10.239
5784	10.094
5785	9.999
5786	9.8318
5787	9.7981
5788	9.5665
5789	9.5679
5790	9.2979
5791	9.3083
5792	9.0261
5793	9.0288
5794	8.7519
5795	8.7559
5796	8.4755
5797	8.487
5798	8.1975
5799	8.2199
5800	7.9184
5801	7.9539
5802	7.6391
5803	7.6863
5804	7.3604
5805	7.4182
5806	7.0837
5807	7.1525
5808	6.8105
5809	6.8931
5810	6.5423
5811	6.6423
5812	6.2811
5813	6.3982
5814	6.0291
5815	6.1601
5816	5.7888
5817	5.9328
5818	5.5632
5819	5.7204
5820	5.3546
5821	5.5228
5822	5.1662
5823	5.3386
5824	5.0012
5825	5.1733
5826	4.8627
5827	5.0313
5828	4.7535
5829	4.9146
5830	4.6762
5831	4.829
5832	4.6333
5833	4.7755
5834	4.6271
5835	4.749
5836	4.6601
5837	4.7604
5838	4.7342
5839	4.8107
5840	4.8522
5841	4.8971
5842	5.0173
5843	5.0198
5844	5.2341
5845	5.1791
5846	5.5147
5847	5.3856
5848	5.887
5849	5.6552
5850	5.9948
5851	16.691
5852	16.817
5853	16.585
5854	16.569
5855	16.452
5856	16.445
5857	16.313
5858	16.318
5859	16.175
5860	16.187
5861	16.038
5862	16.053
5863	15.914
5864	15.917
5865	15.785
5866	15.777
5867	15.648
5868	15.634
5869	15.509
5870	15.488
5871	15.375
5872	15.338
5873	15.232
5874	15.185
5875	15.074
5876	15.029
5877	14.913
5878	14.87
5879	14.752
5880	14.708
5881	14.596
5882	14.542
5883	14.433
5884	14.374
5885	14.265
5886	14.202
5887	14.092
5888	14.026
5889	13.916
5890	13.848
5891	13.738
5892	13.666
5893	13.565
5894	13.482
5895	13.389
5896	13.294
5897	13.225
5898	13.103
5899	13.056
5900	12.909
5901	12.861
5902	12.712
5903	12.67
5904	12.511
5905	12.478
5906	12.308
5907	12.281
5908	12.102
5909	12.076
5910	11.893
5911	11.862
5912	11.681
5913	11.647
5914	11.466
5915	11.458
5916	11.249
5917	11.256
5918	11.029
5919	11.038
5920	10.806
5921	10.811
5922	10.581
5923	10.581
5924	10.353
5925	10.355
5926	10.122
5927	10.131
5928	9.8897
5929	9.9067
5930	9.6545
5931	9.6785
5932	9.4172
5933	9.4466
5934	9.1778
5935	9.2122
5936	8.9364
5937	8.9786
5938	8.693
5939	8.7484
5940	8.4477
5941	8.5149
5942	8.201
5943	8.2764
5944	7.9528
5945	8.0345
5946	7.7034
5947	7.7893
5948	7.4531
5949	7.5447
5950	7.2022
5951	7.2993
5952	6.9516
5953	7.0544
5954	6.7022
5955	6.8112
5956	6.4545
5957	6.572
5958	6.2095
5959	6.3394
5960	5.9679
5961	6.1143
5962	5.732
5963	5.8822
5964	5.5034
5965	5.6662
5966	5.2835
5967	5.4564
5968	5.0749
5969	5.2567
5970	4.8799
5971	5.0696
5972	4.7009
5973	4.9001
5974	4.5409
5975	4.7544
5976	4.4042
5977	4.6292
5978	4.2907
5979	4.511
5980	4.2033
5981	4.3854
5982	4.1481
5983	4.3119
5984	4.1262
5985	4.2781
5986	4.1387
5987	4.2778
5988	4.1879
5989	4.3044
5990	4.2763
5991	4.3647
5992	4.4056
5993	4.4646
5994	4.5775
5995	4.6048
5996	4.7955
5997	4.7803
5998	5.0657
5999	4.9885
6000	5.397
6001	5.2561
6002	5.8115
6003	5.581
6004	5.9663
6005	5.8131
6006	18.886
6007	18.669
6008	18.885
6009	18.656
6010	18.885
6011	18.651
6012	18.884
6013	18.652
6014	18.883
6015	18.67
6016	18.882
6017	18.683
6018	18.881
6019	18.661
6020	18.881
6021	18.647
6022	18.881
6023	18.64
6024	18.881
6025	18.637
6026	18.881
6027	18.64
6028	18.882
6029	18.637
6030	18.883
6031	18.635
6032	18.884
6033	18.631
6034	18.885
6035	18.644
6036	18.886
6037	18.649
6038	18.886
6039	18.66
6040	18.887
6041	18.653
6042	18.888
6043	18.655
6044	18.889
6045	18.652
6046	18.889
6047	18.651
6048	18.889
6049	18.657
6050	18.889
6051	18.667
6052	18.889
6053	18.682
6054	18.889
6055	18.712
6056	18.889
6057	18.683
6058	18.888
6059	18.678
6060	18.887
6061	18.672
6062	18.886
6063	18.683
6064	18.885
6065	18.68
6066	18.884
6067	18.684
6068	18.883
6069	18.687
6070	18.882
6071	18.683
6072	18.88
6073	18.664
6074	18.879
6075	18.668
6076	18.877
6077	18.663
6078	18.876
6079	18.665
6080	18.874
6081	18.683
6082	18.873
6083	18.667
6084	18.871
6085	18.667
6086	18.87
6087	18.677
6088	18.869
6089	18.656
6090	18.867
6091	18.644
6092	18.866
6093	18.658
6094	18.865
6095	18.667
6096	18.864
6097	18.652
6098	18.863
6099	18.655
6100	18.862
6101	18.66
6102	18.862
6103	18.656
6104	18.862
6105	18.635
6106	18.861
6107	18.658
6108	18.861
6109	18.646
6110	18.862
6111	18.651
6112	18.862
6113	18.651
6114	18.863
6115	18.668
6116	18.864
6117	18.663
6118	18.865
6119	18.671
6120	18.867
6121	18.675
6122	18.869
6123	18.675
6124	18.871
6125	18.667
6126	18.874
6127	18.657
6128	18.877
6129	18.677
6130	18.88
6131	18.674
6132	18.884
6133	18.683
6134	18.888
6135	18.685
6136	18.893
6137	18.676
6138	18.898
6139	18.704
6140	18.903
6141	18.707
6142	18.909
6143	18.707
6144	18.916
6145	18.71
6146	18.923
6147	18.722
6148	18.931
6149	18.735
6150	18.939
6151	18.744
6152	18.947
6153	18.746
6154	18.957
6155	18.753
6156	18.967
6157	18.772
6158	18.977
6159	18.777
6160	18.988
6161	18.775
6162	19.
6163	18.781
6164	19.013
6165	18.781
6166	19.026
6167	18.792
6168	19.04
6169	18.813
6170	19.054
6171	18.826
6172	19.069
6173	18.849
6174	19.085
6175	18.871
6176	19.101
6177	18.892
6178	19.118
6179	18.896
6180	19.136
6181	18.933
6182	19.154
6183	18.937
6184	19.173
6185	18.944
6186	19.193
6187	18.975
6188	19.213
6189	18.981
6190	19.234
6191	19.009
6192	19.255
6193	19.046
6194	19.277
6195	19.057
6196	19.3
6197	19.085
6198	19.323
6199	19.104
6200	19.346
6201	19.106
6202	19.369
6203	19.13
6204	19.393
6205	19.157
6206	19.417
6207	19.164
6208	19.441
6209	19.183
6210	19.466
6211	19.212
6212	19.49
6213	19.222
6214	19.514
6215	19.263
6216	19.538
6217	19.285
6218	19.561
6219	19.326
6220	19.584
6221	19.34
6222	19.606
6223	19.355
6224	19.628
6225	19.388
6226	19.649
6227	19.408
6228	19.668
6229	19.435
6230	19.687
6231	19.452
6232	19.704
6233	19.454
6234	19.719
6235	19.449
6236	19.733
6237	19.468
6238	19.745
6239	19.458
6240	19.754
6241	19.461
6242	19.761
6243	19.463
6244	19.765
6245	19.477
6246	19.766
6247	19.477
6248	19.764
6249	19.458
6250	19.758
6251	19.466
6252	19.748
6253	19.461
6254	19.735
6255	19.433
6256	19.716
6257	19.412
6258	19.693
6259	19.427
6260	19.664
6261	19.402
6262	19.63
6263	19.367
6264	19.59
6265	19.303
6266	19.544
6267	19.235
6268	19.491
6269	19.19
6270	19.43
6271	19.11
6272	19.362
6273	19.043
6274	19.286
6275	18.956
6276	19.202
6277	18.913
6278	19.108
6279	18.83
6280	19.006
6281	18.715
6282	18.893
6283	18.612
6284	18.77
6285	18.523
6286	18.637
6287	18.365
6288	18.492
6289	18.219
6290	18.336
6291	18.016
6292	18.167
6293	17.89
6294	17.987
6295	17.717
6296	17.795
6297	17.53
6298	17.6
6299	17.307
6300	17.409
6301	17.163
6302	17.236
6303	17.015
6304	17.085
6305	16.892
6306	16.95
6307	16.795
6308	16.703
6309	15.1
6310	14.852
6311	15.568
6312	15.317
6313	16.123
6314	15.853
6315	16.697
6316	16.41
6317	17.258
6318	16.946
6319	17.771
6320	17.491
6321	18.231
6322	17.98
6323	18.439
6324	9.7633
6325	9.6482
6326	9.9272
6327	14.764
6328	15.068
6329	14.69
6330	15.01
6331	14.669
6332	14.956
6333	14.669
6334	14.958
6335	14.658
6336	14.963
6337	14.664
6338	14.958
6339	14.678
6340	14.961
6341	14.689
6342	14.967
6343	14.694
6344	14.971
6345	14.708
6346	14.98
6347	14.72
6348	14.984
6349	14.725
6350	14.999
6351	14.737
6352	15.009
6353	14.747
6354	15.027
6355	14.75
6356	15.027
6357	14.76
6358	15.034
6359	14.768
6360	15.048
6361	14.771
6362	15.044
6363	14.779
6364	15.034
6365	14.785
6366	15.04
6367	14.787
6368	15.023
6369	14.793
6370	15.028
6371	14.798
6372	15.03
6373	14.799
6374	15.044
6375	14.804
6376	15.07
6377	14.808
6378	15.053
6379	14.808
6380	15.067
6381	14.812
6382	15.083
6383	14.815
6384	15.057
6385	14.815
6386	15.049
6387	14.818
6388	15.066
6389	14.821
6390	15.077
6391	14.821
6392	15.066
6393	14.824
6394	15.069
6395	14.826
6396	15.064
6397	14.826
6398	15.054
6399	14.828
6400	15.063
6401	14.83
6402	15.088
6403	14.83
6404	15.062
6405	14.833
6406	15.074
6407	14.835
6408	15.073
6409	14.835
6410	15.081
6411	14.838
6412	15.078
6413	14.84
6414	15.072
6415	14.841
6416	15.075
6417	14.844
6418	15.079
6419	14.846
6420	15.096
6421	14.848
6422	15.073
6423	14.851
6424	15.079
6425	14.855
6426	15.091
6427	14.857
6428	15.108
6429	14.861
6430	15.097
6431	14.864
6432	15.105
6433	14.867
6434	15.098
6435	14.872
6436	15.123
6437	14.877
6438	15.138
6439	14.88
6440	15.137
6441	14.886
6442	15.124
6443	14.891
6444	15.145
6445	14.896
6446	15.149
6447	14.902
6448	15.143
6449	14.908
6450	15.127
6451	14.914
6452	15.154
6453	14.921
6454	15.187
6455	14.927
6456	15.165
6457	14.934
6458	15.187
6459	14.942
6460	15.191
6461	14.949
6462	15.207
6463	14.957
6464	15.205
6465	14.965
6466	15.218
6467	14.973
6468	15.195
6469	14.981
6470	15.189
6471	14.99
6472	15.198
6473	14.999
6474	15.222
6475	15.008
6476	15.233
6477	15.017
6478	15.245
6479	15.025
6480	15.262
6481	15.035
6482	15.301
6483	15.044
6484	15.297
6485	15.053
6486	15.295
6487	15.062
6488	15.314
6489	15.071
6490	15.295
6491	15.079
6492	15.3
6493	15.087
6494	15.322
6495	15.096
6496	15.344
6497	15.103
6498	15.35
6499	15.111
6500	15.363
6501	15.118
6502	15.369
6503	15.124
6504	15.357
6505	15.129
6506	15.367
6507	15.134
6508	15.384
6509	15.138
6510	15.387
6511	15.141
6512	15.387
6513	15.144
6514	15.388
6515	15.144
6516	15.37
6517	15.144
6518	15.376
6519	15.143
6520	15.38
6521	15.139
6522	15.392
6523	15.135
6524	15.42
6525	15.129
6526	15.409
6527	15.12
6528	15.419
6529	15.11
6530	15.415
6531	15.098
6532	15.397
6533	15.082
6534	15.368
6535	15.065
6536	15.36
6537	15.046
6538	15.33
6539	15.023
6540	15.318
6541	14.997
6542	15.3
6543	14.968
6544	15.266
6545	14.936
6546	15.219
6547	14.901
6548	15.212
6549	14.862
6550	15.176
6551	14.818
6552	15.17
6553	14.772
6554	15.129
6555	14.72
6556	15.076
6557	14.664
6558	15.026
6559	14.604
6560	14.98
6561	14.539
6562	14.922
6563	14.469
6564	14.862
6565	14.394
6566	14.798
6567	14.313
6568	14.736
6569	14.226
6570	14.642
6571	14.134
6572	14.54
6573	14.037
6574	14.421
6575	13.933
6576	14.322
6577	13.823
6578	14.234
6579	13.706
6580	14.097
6581	13.583
6582	14.031
6583	13.454
6584	13.92
6585	13.318
6586	13.783
6587	13.175
6588	13.648
6589	13.026
6590	13.519
6591	12.87
6592	13.371
6593	12.706
6594	13.201
6595	12.536
6596	13.02
6597	12.359
6598	12.862
6599	12.175
6600	12.663
6601	11.986
6602	12.503
6603	11.789
6604	12.34
6605	11.585
6606	12.112
6607	11.377
6608	11.923
6609	11.162
6610	11.731
6611	10.943
6612	11.477
6613	10.726
6614	11.269
6615	10.517
6616	11.071
6617	10.324
6618	10.816
6619	10.154
6620	10.598
6621	10.01
6622	10.402
6623	9.8842
6624	10.226
6625	10.066
6626	17.145
6627	17.217
6628	16.897
6629	9.5391
6630	9.8121
6631	9.4301
6632	9.6998
6633	9.3205
6634	9.5722
6635	9.2108
6636	9.4704
6637	9.1009
6638	9.3774
6639	8.9907
6640	9.2725
6641	8.8804
6642	9.173
6643	8.7705
6644	9.0637
6645	8.6608
6646	8.9492
6647	8.551
6648	8.8211
6649	8.4418
6650	8.7172
6651	8.3331
6652	8.6242
6653	8.2245
6654	8.517
6655	8.1168
6656	8.3961
6657	8.01
6658	8.2804
6659	7.904
6660	8.171
6661	7.799
6662	8.0672
6663	7.6949
6664	7.9679
6665	7.5922
6666	7.8665
6667	7.4907
6668	7.7645
6669	7.3908
6670	7.6595
6671	7.2924
6672	7.5579
6673	7.1955
6674	7.4451
6675	7.1005
6676	7.3316
6677	7.0077
6678	7.2201
6679	6.917
6680	7.1305
6681	6.8286
6682	7.0667
6683	6.7429
6684	6.9893
6685	6.6597
6686	6.8995
6687	6.5792
6688	6.81
6689	6.5017
6690	6.7222
6691	6.4272
6692	6.6388
6693	6.3558
6694	6.5587
6695	6.2878
6696	6.4811
6697	6.2231
6698	6.4012
6699	6.1622
6700	6.3227
6701	6.1054
6702	6.264
6703	6.0525
6704	6.2192
6705	6.0034
6706	6.1754
6707	5.9589
6708	6.1181
6709	5.9189
6710	6.0749
6711	5.8833
6712	6.0341
6713	5.8523
6714	5.9868
6715	5.8261
6716	5.9465
6717	5.8048
6718	5.9122
6719	5.7888
6720	5.8878
6721	5.7783
6722	5.8706
6723	5.7733
6724	5.8594
6725	5.7741
6726	5.854
6727	5.7809
6728	5.8539
6729	5.7947
6730	5.8588
6731	5.8159
6732	5.8674
6733	5.8448
6734	5.8881
6735	5.8833
6736	5.9245
6737	5.933
6738	5.9691
6739	5.9958
6740	6.0272
6741	6.0748
6742	6.1004
6743	6.175
6744	6.1928
6745	6.3034
6746	6.3138
6747	6.4707
6748	6.474
6749	6.6934
6750	6.6877
6751	7.005
6752	6.978
6753	7.4416
6754	7.3969
6755	8.1453
6756	7.999
6757	9.9754
6758	9.0429
6759	11.371
6760	6.3147
6761	6.4753
6762	6.8241
6763	6.1849
6764	6.6568
6765	6.0526
6766	6.4969
6767	5.9255
6768	6.3378
6769	5.7978
6770	6.1925
6771	5.6719
6772	6.061
6773	5.5498
6774	5.9515
6775	5.4259
6776	5.8417
6777	5.3075
6778	5.7266
6779	5.1902
6780	5.606
6781	5.0718
6782	5.4919
6783	4.9605
6784	5.3952
6785	4.8496
6786	5.2854
6787	4.7421
6788	5.1675
6789	4.6392
6790	5.0677
6791	4.5356
6792	4.9806
6793	4.4393
6794	4.8754
6795	4.344
6796	4.7856
6797	4.2519
6798	4.7022
6799	4.1658
6800	4.6157
6801	4.0791
6802	4.523
6803	3.9998
6804	4.4299
6805	3.9234
6806	4.3444
6807	3.8471
6808	4.2585
6809	3.7798
6810	4.1793
6811	3.7147
6812	4.1191
6813	3.6539
6814	4.0664
6815	3.5995
6816	4.0132
6817	3.5467
6818	3.943
6819	3.5018
6820	3.8834
6821	3.4601
6822	3.8365
6823	3.4239
6824	3.7803
6825	3.395
6826	3.7416
6827	3.3684
6828	3.7131
6829	3.3512
6830	3.6793
6831	3.3391
6832	3.6623
6833	3.3298
6834	3.649
6835	3.3317
6836	3.6277
6837	3.3377
6838	3.6212
6839	3.3512
6840	3.6259
6841	3.3732
6842	3.6478
6843	3.3967
6844	3.6728
6845	3.4301
6846	3.6785
6847	3.4714
6848	3.7052
6849	3.5172
6850	3.7446
6851	3.5696
6852	3.7866
6853	3.6288
6854	3.8306
6855	3.6948
6856	3.8806
6857	3.7673
6858	3.9374
6859	3.8469
6860	4.0043
6861	3.9339
6862	4.0813
6863	4.0287
6864	4.1663
6865	4.1321
6866	4.2537
6867	4.2449
6868	4.3557
6869	4.3682
6870	4.4724
6871	4.5038
6872	4.5967
6873	4.6538
6874	4.7361
6875	4.8215
6876	4.8961
6877	5.0117
6878	5.0771
6879	5.2316
6880	5.286
6881	5.4929
6882	5.5371
6883	5.8145
6884	5.8559
6885	6.2296
6886	6.2683
6887	6.7809
6888	6.8217
6889	7.552
6890	7.5848
6891	9.7542
6892	8.8185
6893	11.69
6894	11.68
6895	11.579
6896	11.816
6897	11.732
6898	11.898
6899	11.712
6900	11.94
6901	11.676
6902	11.937
6903	11.607
6904	11.935
6905	11.496
6906	11.855
6907	11.377
6908	11.756
6909	11.217
6910	11.615
6911	11.051
6912	11.455
6913	10.862
6914	11.341
6915	10.626
6916	11.154
6917	10.379
6918	10.928
6919	10.147
6920	10.706
6921	9.9184
6922	10.493
6923	9.6625
6924	10.298
6925	9.3854
6926	10.08
6927	9.098
6928	9.7865
6929	8.8078
6930	9.5071
6931	8.5161
6932	9.2466
6933	8.218
6934	8.95
6935	7.9183
6936	8.7105
6937	7.6262
6938	8.3836
6939	7.348
6940	8.0801
6941	7.094
6942	7.8006
6943	6.8672
6944	7.5709
6945	6.6666
6946	7.3129
6947	7.0639
6948	-7.5988
6949	-14.476
6950	-10.572
6951	11.461
6952	11.734
6953	11.416
6954	11.643
6955	11.492
6956	11.643
6957	11.535
6958	11.695
6959	11.554
6960	11.677
6961	11.626
6962	11.705
6963	11.62
6964	11.751
6965	11.609
6966	11.718
6967	11.661
6968	11.736
6969	11.592
6970	11.743
6971	11.548
6972	11.637
6973	11.596
6974	11.65
6975	11.471
6976	11.622
6977	11.415
6978	11.462
6979	11.439
6980	11.494
6981	11.248
6982	11.407
6983	11.175
6984	11.224
6985	11.053
6986	11.216
6987	10.869
6988	10.969
6989	10.882
6990	10.906
6991	10.68
6992	10.848
6993	10.52
6994	10.571
6995	10.508
6996	10.544
6997	10.209
6998	10.404
6999	10.035
7000	10.099
7001	9.9892
7002	10.058
7003	9.6515
7004	9.8533
7005	9.4448
7006	9.5371
7007	9.3691
7008	9.4538
7009	9.005
7010	9.2303
7011	8.8568
7012	8.8796
7013	8.7447
7014	8.8826
7015	8.3366
7016	8.5145
7017	8.0564
7018	8.208
7019	7.7143
7020	7.9979
7021	7.3543
7022	7.585
7023	7.2735
7024	7.2993
7025	6.9045
7026	7.2119
7027	6.6681
7028	6.758
7029	6.6066
7030	6.7302
7031	5.9025
7032	6.3329
7033	5.809
7034	5.8517
7035	5.8209
7036	6.0197
7037	5.3504
7038	5.4957
7039	5.0394
7040	5.2924
7041	4.7689
7042	4.9776
7043	4.2823
7044	4.6494
7045	4.1826
7046	4.0249
7047	3.4777
7048	4.186
7049	2.7034
7050	3.0588
7051	3.258
7052	2.939
7053	2.0669
7054	3.0532
7055	1.0625
7056	1.4493
7057	1.3083
7058	1.3464
7059	-0.60238
7060	0.87158
7061	-0.54046
7062	-0.81259
7063	1.5892
7064	0.80413
7065	0.31513
7066	1.1157
7067	-1.0059
7068	-0.7206
7069	-1.2102
7070	-0.6558
7071	-1.7499
7072	-1.6242
7073	-2.2974
7074	-2.1179
7075	-3.6098
7076	-2.8568
7077	-4.6982
7078	-4.3041
7079	-5.4497
7080	-5.6217
7081	-6.9978
7082	-32.744
7083	-27.659
7084	-26.405
7085	-23.891
7086	-17.933
7087	-31.125
7088	-24.277
7089	-28.232
7090	-19.736
7091	-20.961
7092	-14.987
7093	-14.965
7094	-12.622
7095	-12.665
7096	-10.834
7097	-9.6554
7098	-7.7725
7099	-8.1866
7100	-4.0816
7101	-5.2091
7102	-1.1552
7103	-2.8815
7104	1.9508
7105	0.83223
7106	2.7944
7107	2.1755
7108	3.011
7109	2.5664
7110	3.2216
7111	2.9414
7112	3.203
7113	3.091
7114	3.1343
7115	3.0645
7116	3.0475
7117	3.0677
7118	2.8561
7119	2.9615
7120	2.6533
7121	2.785
7122	2.4589
7123	2.6253
7124	2.2033
7125	2.4163
7126	1.9541
7127	2.1878
7128	1.7277
7129	1.9904
7130	1.4631
7131	1.7657
7132	1.2147
7133	1.5095
7134	0.99669
7135	1.288
7136	0.75067
7137	1.1201
7138	0.51086
7139	0.84198
7140	0.28305
7141	0.63558
7142	2.6107e-002
7143	0.43602
7144	-0.21823
7145	0.20382
7146	-0.43571
7147	-7.0456e-003
7148	-0.66522
7149	-0.2179
7150	-0.87821
7151	-0.42896
7152	-1.0622
7153	-0.62109
7154	-1.2547
7155	-0.79373
7156	-1.4297
7157	-0.96674
7158	-1.571
7159	-1.1315
7160	-1.7209
7161	-1.289
7162	-1.8618
7163	-1.4235
7164	-1.9679
7165	-1.554
7166	-2.0795
7167	-1.6382
7168	-2.1832
7169	-1.7879
7170	-2.251
7171	-1.8767
7172	-2.3249
7173	-1.9324
7174	-2.3923
7175	-1.9735
7176	-2.4236
7177	-2.0285
7178	-2.4627
7179	-2.0688
7180	-2.4978
7181	-2.1076
7182	-2.5
7183	-2.1131
7184	-2.5245
7185	-2.0912
7186	-2.5714
7187	-2.1511
7188	-2.6063
7189	-2.1924
7190	-2.6548
7191	-2.2073
7192	-2.7078
7193	-2.255
7194	-2.7408
7195	-2.3107
7196	-2.7805
7197	-2.3502
7198	-2.8221
7199	-2.4091
7200	-2.8421
7201	-2.4334
7202	-2.8667
7203	-2.4722
7204	-2.8932
7205	-2.4621
7206	-2.8989
7207	-2.502
7208	-2.8984
7209	-2.5136
7210	-2.9093
7211	-2.5083
7212	-2.9064
7213	-2.5365
7214	-2.8855
7215	-2.5286
7216	-2.8784
7217	-2.515
7218	-2.8617
7219	-2.4832
7220	-2.8441
7221	-2.4085
7222	-2.8598
7223	-2.3867
7224	-2.8796
7225	-2.3994
7226	-2.8931
7227	-2.4211
7228	-2.9189
7229	-2.4449
7230	-2.9393
7231	-2.4862
7232	-2.9487
7233	-2.5341
7234	-2.9664
7235	-2.5639
7236	-2.9755
7237	-2.5772
7238	-2.971
7239	-2.5467
7240	-2.9746
7241	-2.5791
7242	-2.9683
7243	-2.5956
7244	-2.9456
7245	-2.5527
7246	-2.9312
7247	-2.551
7248	-2.9065
7249	-2.5391
7250	-2.8723
7251	-2.5142
7252	-2.8628
7253	-2.4908
7254	-2.8616
7255	-2.5074
7256	-2.8539
7257	-2.4875
7258	-2.8543
7259	-2.494
7260	-2.8538
7261	-2.48
7262	-2.8403
7263	-2.4835
7264	-2.8273
7265	-2.3558
7266	-2.811
7267	-2.3985
7268	-2.7791
7269	-2.3993
7270	-2.7465
7271	-2.3837
7272	-2.7086
7273	-2.3662
7274	-2.6519
7275	-2.3485
7276	-2.5939
7277	-2.2759
7278	-2.5334
7279	-2.1837
7280	-2.4679
7281	-2.1118
7282	-2.4153
7283	-2.0614
7284	-2.3666
7285	-2.0344
7286	-2.3094
7287	-1.9848
7288	-2.2507
7289	-1.9078
7290	-2.1872
7291	-1.8585
7292	-2.1113
7293	-1.8008
7294	-2.031
7295	-1.7469
7296	-1.9434
7297	-1.7015
7298	-1.8399
7299	-1.6176
7300	-1.7304
7301	-1.4738
7302	-1.6137
7303	-1.3816
7304	-1.4804
7305	-1.2555
7306	-1.3429
7307	-1.126
7308	-1.2129
7309	-0.9941
7310	-1.0853
7311	-0.86001
7312	-0.96464
7313	-0.7343
7314	-0.8891
7315	-0.62536
7316	-1.0628
7317	-0.60177
7318	-0.78441
7319	6.2953
7320	6.2022
7321	6.1782
7322	6.3245
7323	14.137
7324	14.431
7325	13.98
7326	13.746
7327	9.5616
7328	9.5949
7329	9.7545
7330	9.2742
7331	9.3376
7332	9.4068
7333	9.8617
7334	9.6738
7335	10.621
7336	10.739
7337	10.933
7338	10.877
7339	10.454
7340	7.9625
7341	8.223
7342	7.7441
7343	7.5799
7344	6.284
7345	6.559
7346	6.4065
7347	6.6766
7348	10.9
7349	10.001
7350	10.377
7351	10.568
7352	6.0414
7353	5.8957
7354	6.1409
7355	11.256
7356	11.441
7357	11.684
7358	12.135
7359	11.574
7360	12.057
7361	11.701
7362	11.282
7363	11.404
7364	11.755
7365	11.251
7366	11.889
7367	11.072
7368	7.0741
7369	7.6706
7370	7.4914
7371	7.2665
7372	6.8559
7373	6.416
7374	6.7292
7375	6.4173
7376	6.603
7377	6.5456
7378	6.4464
7379	6.2975
7380	6.4097
7381	6.3409
7382	6.4377
7383	6.4033
7384	6.5105
7385	6.2539
7386	6.2611
7387	6.1829
7388	10.914
7389	10.655
7390	10.521
7391	11.044
7392	12.021
7393	12.13
7394	11.575
7395	11.732
7396	12.374
7397	11.872
7398	12.424
7399	12.202
7400	12.804
7401	12.708
7402	12.89
7403	11.189
7404	11.312
7405	10.772
7406	11.603
7407	11.054
7408	11.467
7409	10.805
7410	10.263
7411	10.45
7412	8.9847
7413	9.2149
7414	9.1194
7415	8.8441
7416	8.5456
7417	8.7586
7418	8.4941
7419	8.575
7420	8.5235
7421	8.2951
7422	8.2893
7423	7.6368
7424	7.4054
7425	7.4465
7426	7.6141
7427	6.8294
7428	6.6909
7429	6.8814
7430	6.739
7431	6.1399
7432	6.2044
7433	6.089
7434	6.1153
7435	6.0628
7436	6.1421
7437	6.224
7438	6.1639
7439	6.3702
7440	6.5336
7441	6.0074
7442	6.065
7443	6.8421
7444	6.4774
7445	6.6877
7446	7.7058
7447	8.3986
7448	8.0897
7449	7.3835
7450	7.0444
7451	7.3231
7452	9.7947
7453	8.9528
7454	9.2818
7455	9.4949
7456	10.505
7457	9.6366
7458	10.138
7459	9.9957
7460	11.098
7461	10.196
7462	10.923
7463	10.535
7464	9.5487
7465	9.8556
7466	9.7865
7467	9.2127
7468	9.495
7469	9.2914
7470	13.569
7471	13.197
7472	13.678
7473	13.256
7474	13.444
7475	13.816
7476	13.949
7477	12.388
7478	12.144
7479	12.037
7480	11.86
7481	8.659
7482	8.8944
7483	8.4092
7484	8.8089
7485	9.0889
7486	8.8743
7487	9.1468
7488	9.1028
7489	8.5758
7490	8.8538
7491	10.317
7492	10.732
7493	10.525
7494	10.055
7495	10.15
7496	6.0845
7497	6.0954
7498	6.132
7499	6.1099
7500	6.032
7501	5.9947
7502	9.2329
7503	8.5001
7504	8.9264
7505	7.4129
7506	7.7504
7507	7.6273
7508	7.2571
7509	6.7671
7510	6.556
7511	6.6873
7512	6.6287
7513	5.961
7514	6.1521
7515	6.0209
7516	6.0811
7517	7.8352
7518	7.6502
7519	7.8362
7520	6.905
7521	6.9769
7522	10.263
7523	10.098
7524	11.725
7525	11.817
7526	11.442
7527	5.8407
7528	5.9186
7529	5.7715
7530	12.923
7531	13.072
7532	13.272
7533	10.38
7534	10.129
7535	10.014
7536	8.2959
7537	8.2696
7538	6.5124
7539	6.4565
7540	6.5636
7541	6.6117
7542	6.8129
7543	6.5672
7544	7.2594
7545	7.0951
7546	10.711
7547	10.44
7548	10.628
7549	10.384
7550	11.403
7551	11.06
7552	11.221
7553	11.314
7554	12.7
7555	13.205
7556	12.23
7557	12.68
7558	6.2025
7559	5.8933
7560	6.1285
7561	8.8023
7562	8.683
7563	8.4859
7564	9.5126
7565	9.1122
7566	9.172
7567	9.6795
7568	12.554
7569	12.867
7570	12.372
7571	13.132
7572	12.199
7573	12.601
7574	12.241
7575	12.115
7576	11.691
7577	12.26
7578	11.516
7579	11.959
7580	11.942
7581	11.391
7582	10.87
7583	11.222
7584	10.714
7585	10.361
7586	11.37
7587	11.011
7588	10.366
7589	10.586
7590	10.088
7591	10.956
7592	10.872
7593	10.581
7594	10.066
7595	7.8494
7596	8.1096
7597	8.2386
7598	7.5609
7599	7.1882
7600	7.0615
7601	6.8187
7602	6.6602
7603	6.706
7604	6.2066
7605	6.3201
7606	6.5266
7607	6.538
7608	6.4323
7609	6.4579
7610	6.3507
7611	7.9998
7612	7.8197
7613	8.0229
7614	10.842
7615	10.996
7616	11.158
7617	10.641
7618	11.011
7619	10.526
7620	11.348
7621	11.194
7622	12.114
7623	12.006
7624	12.634
7625	12.534
7626	12.268
7627	14.164
7628	14.054
7629	13.643
7630	13.858
7631	13.634
7632	13.191
7633	13.446
7634	12.561
7635	12.722
7636	12.478
7637	12.144
7638	11.882
7639	11.7
7640	11.503
7641	11.976
7642	11.598
7643	11.426
7644	11.24
7645	11.006
7646	11.166
7647	10.638
7648	10.245
7649	10.485
7650	10.91
7651	9.9072
7652	9.5084
7653	10.094
7654	9.7723
7655	9.7369
7656	9.2502
7657	9.2289
7658	9.0243
7659	9.4928
7660	8.7237
7661	8.6148
7662	8.7608
7663	8.991
7664	9.4819
7665	8.4793
7666	8.8584
7667	8.5811
7668	8.0203
7669	7.7339
7670	7.7522
7671	7.994
7672	8.0387
7673	6.4476
7674	6.4547
7675	6.5481
7676	6.3768
7677	6.3917
7678	6.3644
7679	6.2598
7680	6.1224
7681	6.1574
7682	5.9022
7683	6.0119
7684	5.8143
7685	5.9474
7686	6.1153
7687	6.2675
7688	6.5807
7689	6.4123
7690	7.4472
7691	7.0425
7692	7.7674
7693	6.7163
7694	6.4275
7695	6.995
7696	6.7034
7697	6.4319
7698	7.5617
7699	7.2519
7700	7.7332
7701	8.0239
7702	7.1281
7703	7.8757
7704	8.6084
7705	8.2507
7706	9.1506
7707	8.7881
7708	8.0858
7709	8.4341
7710	9.6012
7711	9.0575
7712	9.8893
7713	9.2059
7714	10.001
7715	9.6106
7716	10.665
7717	10.4
7718	10.88
7719	10.981
7720	11.692
7721	10.851
7722	13.655
7723	14.082
7724	13.918
7725	13.725
7726	13.247
7727	13.018
7728	13.315
7729	13.092
7730	13.472
7731	13.164
7732	13.394
7733	12.57
7734	12.784
7735	12.557
7736	12.757
7737	12.375
7738	12.579
7739	12.369
7740	11.507
7741	11.686
7742	11.629
7743	9.6244
7744	9.4643
7745	9.7235
7746	9.3887
7747	8.4165
7748	8.5083
7749	8.6582
7750	8.746
7751	8.3173
7752	8.169
7753	8.069
7754	5.0882
7755	5.1669
7756	5.457
7757	5.4986
7758	4.6152
7759	4.0618
7760	4.5558
7761	4.2388
7762	5.0351
7763	4.7249
7764	3.9993
7765	3.4693
7766	3.6958
7767	3.5
7768	2.3882
7769	2.3873
7770	2.9581
7771	2.9841
7772	1.8219
7773	1.9914
7774	1.1788
7775	1.2408
7776	2.4572
7777	1.7523
7778	-0.95599
7779	-0.74123
7780	-1.9543
7781	-1.6758
7782	-5.1203e-002
7783	-1.1008
7784	-0.18293
7785	-3.1405
7786	-4.0779
7787	-2.3376
7788	-2.8856
7789	5.9582
7790	6.0438
7791	6.0488
7792	5.9857
7793	14.298
7794	14.639
7795	14.519
7796	10.959
7797	10.892
7798	10.714
7799	10.989
7800	10.907
7801	11.104
7802	13.28
7803	12.855
7804	13.244
7805	4.0121
7806	4.4934
7807	4.4876
7808	8.1192
7809	7.8985
7810	8.231
7811	14.059
7812	14.471
7813	12.711
7814	12.797
7815	12.21
7816	11.881
7817	11.671
7818	5.7913
7819	5.7249
7820	5.6503
7821	5.8434
7822	5.901
7823	12.807
7824	12.673
7825	12.616
7826	12.881
7827	10.235
7828	10.443
7829	10.19
7830	6.7696
7831	6.881
7832	7.0629
7833	7.1577
7834	8.559
7835	8.4467
7836	8.2183
7837	10.876
7838	10.779
7839	10.542
7840	9.7607
7841	9.8672
7842	9.531
7843	11.891
7844	12.095
7845	12.051
7846	11.834
7847	11.213
7848	11.116
7849	7.3556
7850	7.148
7851	7.2174
7852	6.1818
7853	5.9209
7854	7.1842
7855	7.1198
7856	6.8397
7857	6.8999
7858	9.0591
7859	9.3243
7860	9.5564
7861	9.4642
7862	9.5129
7863	9.9694
7864	9.6666
7865	5.6934
7866	5.4031
7867	5.5122
7868	5.6415
7869	5.494
7870	5.7774
7871	6.5892
7872	6.8251
7873	6.7349
7874	8.987
7875	8.8676
7876	9.1077
7877	9.0294
7878	9.1262
7879	9.1506
7880	10.699
7881	10.648
7882	10.506
7883	13.729
7884	13.726
7885	13.366
7886	6.7585
7887	6.7223
7888	6.8743
7889	6.9155
7890	5.6686
7891	5.7224
7892	5.4935
7893	11.053
7894	11.17
7895	11.325
7896	6.3911
7897	6.2468
7898	6.546
7899	6.3647
7900	-3.2372
7901	-4.3323
7902	-2.1946
7903	-2.3145
7904	-3.2428
7905	-4.4526
7906	0.16356
7907	0.93341
7908	0.79723
7909	0.38319
7910	-0.41382
7911	2.6267
7912	3.1448
7913	3.0532
7914	2.8477
7915	2.1073
7916	4.0457
7917	3.5128
7918	3.5389
7919	4.9758
7920	5.3881
7921	5.404
7922	4.9542
7923	7.4533
7924	7.2564
7925	7.5257
7926	13.021
7927	12.793
7928	12.998
7929	13.777
7930	13.54
7931	13.709
7932	13.659
7933	14.07
7934	13.568
7935	13.134
7936	13.446
7937	13.682
7938	13.207
7939	13.637
7940	13.934
7941	14.026
7942	13.444
7943	12.939
7944	13.072
7945	12.512
7946	13.033
7947	12.755
7948	12.755
7949	12.249
7950	11.563
7951	12.053
7952	11.722
7953	11.43
7954	11.773
7955	11.297
7956	11.878
7957	11.055
7958	11.348
7959	11.093
7960	10.867
7961	10.256
7962	10.713
7963	9.9728
7964	10.455
7965	10.526
7966	9.7741
7967	10.032
7968	8.5059
7969	7.9961
7970	8.3853
7971	7.6618
7972	7.703
7973	7.289
7974	7.3821
7975	8.0504
7976	6.8331
7977	6.6631
7978	6.6745
7979	6.8188
7980	7.0075
7981	6.9507
7982	6.6393
7983	6.4857
7984	5.8798
7985	5.8819
7986	5.7348
7987	6.486
7988	6.3502
7989	7.745
7990	7.6849
7991	7.5182
7992	7.5728
7993	7.9645
7994	8.1389
7995	8.1788
7996	7.9104
7997	7.7845
7998	11.109
7999	11.364
8000	11.205
8001	11.237
8002	11.509
8003	11.643
8004	11.327
8005	11.862
8006	11.704
8007	12.206
8008	12.274
8009	11.925
8010	12.582
8011	12.514
8012	13.1
8013	12.771
8014	12.997
8015	14.264
8016	14.423
8017	14.409
8018	13.833
8019	14.041
8020	13.47
8021	6.4619
8022	6.127
8023	6.3059
8024	6.2895
8025	14.219
8026	13.707
8027	12.331
8028	11.36
8029	11.493
8030	11.597
8031	11.245
8032	11.818
8033	11.44
8034	11.555
8035	11.043
8036	10.905
8037	11.267
8038	10.618
8039	10.682
8040	10.82
8041	10.336
8042	10.194
8043	10.603
8044	10.762
8045	10.092
8046	9.7241
8047	9.8791
8048	9.9342
8049	9.3381
8050	8.9967
8051	8.9264
8052	9.3075
8053	9.2259
8054	9.6214
8055	8.7651
8056	8.598
8057	8.7219
8058	8.5903
8059	8.2723
8060	8.3704
8061	8.5113
8062	7.6964
8063	7.4349
8064	7.4526
8065	7.6492
8066	7.9565
8067	7.8968
8068	7.2725
8069	7.5287
8070	7.5643
8071	6.6429
8072	6.5419
8073	6.504
8074	6.6592
8075	6.6105
8076	6.7844
8077	6.4565
8078	6.3839
8079	6.3679
8080	6.4335
8081	6.5499
8082	6.3157
8083	6.3272
8084	6.3301
8085	6.3068
8086	6.3018
8087	6.2964
8088	6.3897
8089	6.3616
8090	6.3194
8091	6.6761
8092	6.8433
8093	6.585
8094	6.8334
8095	6.6035
8096	7.0604
8097	6.7584
8098	6.4569
8099	6.6845
8100	6.6311
8101	6.4499
8102	6.3089
8103	6.4399
8104	6.3052
8105	6.1715
8106	6.0072
8107	6.0094
8108	6.3909
8109	6.1931
8110	5.8649
8111	5.6919
8112	5.8456
8113	5.6513
8114	5.4885
8115	5.4751
8116	5.53
8117	5.7844
8118	5.8154
8119	5.66
8120	5.9329
8121	6.7234
8122	6.3078
8123	6.1432
8124	5.8501
8125	6.0364
8126	6.8183
8127	6.5112
8128	6.9695
8129	6.4148
8130	7.7281
8131	7.3522
8132	7.9098
8133	7.2392
8134	7.6022
8135	8.6571
8136	8.7483
8137	8.2977
8138	8.6622
8139	8.1984
8140	8.2402
8141	8.6318
8142	8.902
8143	8.423
8144	9.0573
8145	8.7092
8146	9.1172
8147	9.5438
8148	8.5809
8149	9.4094
8150	12.73
8151	12.183
8152	12.963
8153	13.358
8154	12.827
8155	13.257
8156	12.182
8157	14.218
8158	14.228
8159	13.853
8160	13.925
8161	13.335
8162	13.212
8163	13.357
8164	13.677
8165	12.935
8166	12.727
8167	12.843
8168	13.064
8169	12.522
8170	12.362
8171	12.343
8172	12.483
8173	12.723
8174	12.184
8175	12.181
8176	9.3738
8177	9.2566
8178	9.5494
8179	9.2237
8180	8.2608
8181	8.3636
8182	8.5956
8183	8.0245
8184	7.9089
8185	6.4943
8186	6.6789
8187	6.3815
8188	4.8036
8189	4.9156
8190	5.226
8191	4.3485
8192	3.8729
8193	3.9874
8194	4.4621
8195	3.4034
8196	2.9864
8197	2.9358
8198	3.4832
8199	1.7515
8200	1.8488
8201	2.3957
8202	1.1092
8203	0.54179
8204	0.45544
8205	1.2175
8206	-3.199
8207	-2.0991
8208	-3.0328
8209	-5.2697
8210	-6.2241
8211	-4.721
8212	6.1497
8213	6.1638
8214	6.2285
8215	6.229
8216	6.06
8217	5.9602
8218	5.9638
8219	6.0459
8220	6.0678
8221	6.1362
8222	5.851
8223	5.8625
8224	5.7842
8225	5.7208
8226	5.6596
8227	5.8422
8228	8.8008
8229	8.8915
8230	11.462
8231	11.54
8232	9.1908
8233	9.0872
8234	8.5739
8235	8.7029
8236	5.8362
8237	10.257
8238	10.368
8239	10.234
8240	10.442
8241	0.69029
8242	0.95861
8243	0.31255
8244	0.62742
8245	0.84039
8246	1.4289
8247	1.1102
8248	1.0971
8249	9.3456
8250	9.6611
8251	9.5645
8252	9.4315
8253	10.682
8254	10.923
8255	11.02
8256	14.872
8257	14.741
8258	14.663
8259	14.437
8260	14.519
8261	14.767
8262	14.814
8263	15.185
8264	15.15
8265	14.695
8266	15.122
8267	14.492
8268	14.114
8269	13.143
8270	13.517
8271	12.441
8272	14.14
8273	11.632
8274	11.426
8275	11.926
8276	11.152
8277	9.7588
8278	5.7286
8279	5.9007
8280	5.7127
8281	6.9747
8282	7.0514
8283	8.8025
8284	8.6244
8285	9.4049
8286	9.429
8287	9.2713
8288	9.3193
8289	9.146
8290	11.042
8291	10.975
8292	10.412
8293	10.492
8294	10.196
8295	10.259
8296	14.082
8297	14.168
8298	14.276
8299	14.227
8300	14.013
8301	13.94
8302	14.97
8303	14.812
8304	15.162
8305	6.7564
8306	6.9592
8307	6.5201
8308	7.1355
8309	6.6316
8310	6.8505
8311	16.888
8312	16.67
8313	16.58
8314	16.424
8315	17.136
8316	17.116
8317	17.34
8318	16.894
8319	16.947
8320	16.716
8321	16.486
8322	16.701
8323	16.991
8324	16.796
8325	16.695
8326	16.533
8327	17.015
8328	16.812
8329	17.283
8330	17.064
8331	5.5351
8332	5.9676
8333	5.5588
8334	5.6117
8335	5.3266
8336	5.557
8337	6.7802
8338	7.1288
8339	7.6015
8340	7.2866
8341	6.7857
8342	6.3629
8343	6.6837
8344	7.1487
8345	14.118
8346	13.825
8347	10.92
8348	10.769
8349	1.3149
8350	1.4206
8351	1.9222
8352	-5.5477
8353	-6.8269
8354	2.0248
8355	1.6805
8356	0.99549
8357	1.8287
8358	0.49887
8359	0.16433
8360	0.12488
8361	-0.19788
8362	0.28301
8363	-5.7096e-002
8364	-0.39163
8365	-3.2799e-002
8366	5.6219
8367	5.7292
8368	5.6636
8369	5.5443
8370	6.4018
8371	6.2456
8372	7.3886
8373	6.9846
8374	7.0254
8375	7.2003
8376	7.2613
8377	1.2305
8378	1.1306
8379	0.94971
8380	1.4178
8381	1.2186
8382	1.4897
8383	1.0511
8384	0.99136
8385	0.82854
8386	0.6673
8387	1.1574
8388	0.81765
8389	1.3147
8390	0.64819
8391	0.50522
8392	0.22751
8393	0.84815
8394	1.0051
8395	0.4797
8396	0.38033
8397	0.36819
8398	6.7909e-002
8399	0.70034
8400	0.40782
8401	7.2776e-002
8402	0.70065
8403	0.41574
8404	0.16755
8405	0.53199
8406	0.76694
8407	0.68564
8408	-1.3606e-004
8409	0.48601
8410	0.59536
8411	0.27282
8412	0.90717
8413	0.87893
8414	1.9324e-002
8415	0.67538
8416	0.28403
8417	0.28235
8418	0.88753
8419	0.57166
8420	0.60032
8421	0.60786
8422	0.26774
8423	0.92263
8424	0.91438
8425	0.27706
8426	0.61158
8427	0.93158
8428	0.62988
8429	1.0597
8430	0.73925
8431	0.71519
8432	0.3858
8433	0.3002
8434	0.95988
8435	0.67702
8436	0.56077
8437	0.6949
8438	1.0428
8439	0.93276
8440	0.33943
8441	0.34806
8442	1.042
8443	0.68556
8444	0.79486
8445	0.42086
8446	1.093
8447	0.8503
8448	0.87856
8449	0.51576
8450	1.1819
8451	1.1642
8452	0.92274
8453	0.95389
8454	0.60146
8455	1.291
8456	0.55257
8457	1.2243
8458	0.61222
8459	1.2784
8460	0.98607
8461	0.98028
8462	0.66311
8463	1.2708
8464	0.97013
8465	0.67736
8466	1.2677
8467	1.0181
8468	1.1335
8469	0.74169
8470	1.4003
8471	1.0911
8472	1.1929
8473	1.1251
8474	0.95079
8475	1.4869
8476	0.86529
8477	1.4602
8478	1.3007
8479	0.90172
8480	1.5305
8481	1.1802
8482	1.973
8483	2.0955
8484	2.3052
8485	1.7703
8486	1.8409
8487	2.1554
8488	1.6178
8489	2.3971
8490	2.2182
8491	1.91
8492	2.4217
8493	2.0812
8494	2.5078
8495	2.2861
8496	2.8012
8497	2.5309
8498	2.828
8499	2.5119
8500	3.0193
8501	2.8043
8502	3.1397
8503	3.3054
8504	3.319
8505	3.5989
8506	3.4932
8507	3.5833
8508	3.4824
8509	3.7678
8510	3.6013
8511	3.4426
8512	3.7228
8513	3.5025
8514	1.3549
8515	2.0279
8516	1.1797
8517	2.0326
8518	-0.55028
8519	0.79687
8520	0.46419
8521	-0.21643
8522	-0.57563
8523	-1.3617
8524	-1.272
8525	1.3675
8526	1.153
8527	0.69489
8528	2.2631
8529	1.6753
8530	2.3096
8531	1.5391
8532	2.9161
8533	2.878
8534	2.1757
8535	3.6577
8536	3.5063
8537	3.3659
8538	4.5212
8539	4.9484
8540	4.9564
8541	4.0871
8542	4.1536
8543	3.6719
8544	3.5803
8545	4.5566
8546	5.3587
8547	5.3665
8548	6.0789
8549	5.7517
8550	5.7676
8551	6.1077
8552	7.0169
8553	7.065
8554	6.7849
8555	6.7474
8556	7.6414
8557	7.389
8558	7.7077
8559	9.0305
8560	8.9848
8561	8.8675
8562	8.6885
8563	9.27
8564	9.1212
8565	9.987
8566	10.333
8567	10.184
8568	10.094
8569	9.8732
8570	10.624
8571	10.503
8572	10.445
8573	11.705
8574	11.591
8575	11.365
8576	12.006
8577	11.895
8578	12.
8579	11.783
8580	13.023
8581	13.021
8582	12.795
8583	12.782
8584	13.257
8585	13.244
8586	14.025
8587	14.194
8588	14.268
8589	13.957
8590	13.843
8591	13.891
8592	13.606
8593	13.65
8594	14.083
8595	14.351
8596	14.363
8597	14.564
8598	14.104
8599	14.542
8600	14.762
8601	14.924
8602	14.552
8603	14.637
8604	14.137
8605	14.957
8606	15.15
8607	15.304
8608	15.072
8609	14.615
8610	14.576
8611	14.607
8612	14.341
8613	14.2
8614	14.941
8615	14.365
8616	15.324
8617	15.435
8618	14.648
8619	14.349
8620	14.197
8621	14.961
8622	15.143
8623	14.722
8624	14.7
8625	14.223
8626	15.157
8627	14.305
8628	14.865
8629	15.267
8630	14.747
8631	14.24
8632	15.294
8633	14.256
8634	15.207
8635	12.812
8636	13.81
8637	13.587
8638	13.946
8639	14.389
8640	13.886
8641	14.596
8642	14.184
8643	14.326
8644	14.648
8645	13.659
8646	14.054
8647	14.551
8648	14.529
8649	14.952
8650	14.985
8651	14.488
8652	14.955
8653	14.17
8654	14.437
8655	13.985
8656	14.365
8657	14.627
8658	14.182
8659	14.242
8660	13.882
8661	13.734
8662	14.849
8663	13.276
8664	13.776
8665	13.508
8666	12.551
8667	12.369
8668	12.841
8669	13.035
8670	12.22
8671	12.724
8672	12.221
8673	12.062
8674	12.561
8675	12.658
8676	11.841
8677	12.079
8678	12.313
8679	11.586
8680	11.19
8681	10.983
8682	11.416
8683	11.659
8684	10.931
8685	11.234
8686	10.775
8687	9.9908
8688	10.415
8689	10.215
8690	9.7953
8691	10.166
8692	9.5959
8693	9.3852
8694	9.7417
8695	9.962
8696	9.1389
8697	9.518
8698	8.8753
8699	8.6177
8700	8.9788
8701	9.2437
8702	8.7546
8703	8.383
8704	8.7354
8705	8.3812
8706	8.5548
8707	8.0917
8708	7.5232
8709	7.326
8710	7.5356
8711	7.2451
8712	7.764
8713	7.7674
8714	7.4465
8715	7.1683
8716	7.3476
8717	7.1116
8718	6.9932
8719	7.1738
8720	6.7608
8721	6.7951
8722	6.6051
8723	5.1972
8724	5.306
8725	5.0873
8726	5.0761
8727	5.722
8728	5.72
8729	5.8921
8730	5.8472
8731	6.1541
8732	6.0209
8733	5.976
8734	6.047
8735	6.244
8736	6.3809
8737	6.245
8738	6.7196
8739	6.8845
8740	6.6318
8741	6.8275
8742	7.3817
8743	7.31
8744	7.138
8745	7.2147
8746	7.5437
8747	7.6168
8748	7.4501
8749	8.0848
8750	8.2702
8751	8.3142
8752	7.8503
8753	8.0156
8754	9.4496
8755	9.4293
8756	9.9321
8757	9.6717
8758	9.6958
8759	9.9289
8760	10.358
8761	10.295
8762	10.145
8763	10.142
8764	11.129
8765	11.326
8766	11.239
8767	11.492
8768	11.633
8769	11.741
8770	11.352
8771	11.588
8772	11.791
8773	11.996
8774	12.077
8775	11.896
8776	11.474
8777	12.192
8778	12.384
8779	12.491
8780	12.035
8781	12.28
8782	12.344
8783	12.65
8784	13.045
8785	12.958
8786	12.906
8787	12.697
8788	13.542
8789	13.252
8790	13.427
8791	14.629
8792	14.376
8793	14.509
8794	15.154
8795	15.17
8796	14.827
8797	14.813
8798	15.191
8799	15.253
8800	14.85
8801	15.461
8802	15.497
8803	15.071
8804	14.632
8805	14.737
8806	14.33
8807	15.034
8808	14.574
8809	14.968
8810	14.536
8811	15.252
8812	14.77
8813	15.478
8814	15.26
8815	15.494
8816	16.179
8817	15.98
8818	15.747
8819	16.181
8820	16.879
8821	16.403
8822	16.404
8823	16.773
8824	16.326
8825	17.096
8826	16.621
8827	16.402
8828	17.157
8829	16.681
8830	17.268
8831	17.539
8832	17.368
8833	16.893
8834	17.292
8835	17.319
8836	16.948
8837	17.61
8838	16.967
8839	17.643
8840	17.255
8841	17.637
8842	17.065
8843	17.3
8844	17.598
8845	17.24
8846	16.929
8847	17.312
8848	17.641
8849	16.977
8850	17.426
8851	17.685
8852	17.333
8853	17.058
8854	17.55
8855	17.654
8856	17.344
8857	17.895
8858	17.777
8859	17.166
8860	17.707
8861	17.414
8862	17.947
8863	17.733
8864	17.74
8865	17.986
8866	17.476
8867	17.452
8868	18.016
8869	17.498
8870	17.985
8871	17.761
8872	17.622
8873	17.433
8874	17.894
8875	17.678
8876	17.832
8877	17.352
8878	17.524
8879	17.468
8880	17.389
8881	17.145
8882	17.678
8883	17.476
8884	17.206
8885	17.694
8886	17.475
8887	17.207
8888	17.283
8889	17.746
8890	17.545
8891	17.529
8892	17.762
8893	17.302
8894	17.814
8895	17.538
8896	17.319
8897	17.512
8898	17.278
8899	17.716
8900	17.451
8901	17.297
8902	17.745
8903	17.853
8904	17.863
8905	18.088
8906	17.666
8907	17.885
8908	18.055
8909	17.619
8910	17.373
8911	17.173
8912	17.602
8913	17.399
8914	17.131
8915	17.574
8916	17.333
8917	17.083
8918	17.505
8919	17.184
8920	17.299
8921	17.046
8922	17.243
8923	17.478
8924	17.286
8925	17.309
8926	17.579
8927	17.403
8928	17.253
8929	17.257
8930	17.471
8931	17.084
8932	17.295
8933	17.081
8934	17.508
8935	17.302
8936	17.062
8937	17.532
8938	17.182
8939	16.984
8940	17.413
8941	17.213
8942	16.962
8943	17.046
8944	17.375
8945	17.069
8946	17.364
8947	17.462
8948	17.262
8949	16.934
8950	17.368
8951	17.16
8952	17.157
8953	17.163
8954	17.144
8955	16.932
8956	17.375
8957	17.409
8958	17.159
8959	17.136
8960	17.147
8961	17.351
8962	16.915
8963	16.899
8964	17.357
8965	16.935
8966	17.374
8967	17.345
8968	16.894
8969	17.145
8970	17.11
8971	16.909
8972	17.358
8973	17.14
8974	16.881
8975	17.329
8976	17.12
8977	16.929
8978	17.366
8979	17.16
8980	17.164
8981	17.198
8982	16.964
8983	17.411
8984	17.184
8985	16.974
8986	17.444
8987	17.193
8988	16.739
8989	16.512
8990	16.729
8991	16.975
8992	17.108
8993	16.883
8994	17.358
8995	17.147
8996	17.11
8997	16.802
8998	17.339
8999	17.11
9000	16.993
9001	16.892
9002	17.312
9003	17.385
9004	16.603
9005	17.156
9006	16.849
9007	16.873
9008	5.8349
9009	5.9849
9010	5.9708
9011	6.1496
9012	7.0652
9013	6.5719
9014	6.8193
9015	16.628
9016	17.141
9017	16.859
9018	16.898
9019	16.589
9020	17.123
9021	16.867
9022	16.871
9023	16.867
9024	16.793
9025	16.615
9026	17.167
9027	16.566
9028	17.128
9029	16.864
9030	16.444
9031	16.577
9032	16.423
9033	16.679
9034	16.302
9035	16.217
9036	16.736
9037	16.74
9038	16.505
9039	16.504
9040	16.956
9041	16.737
9042	16.725
9043	16.501
9044	16.956
9045	16.514
9046	16.735
9047	16.723
9048	16.522
9049	16.97
9050	16.496
9051	16.692
9052	16.68
9053	16.463
9054	16.458
9055	16.922
9056	16.445
9057	16.691
9058	16.687
9059	16.448
9060	16.679
9061	16.483
9062	16.694
9063	16.704
9064	16.483
9065	16.731
9066	16.499
9067	16.726
9068	16.51
9069	16.954
9070	16.727
9071	16.529
9072	16.77
9073	16.742
9074	16.973
9075	16.597
9076	17.051
9077	16.809
9078	16.836
9079	16.646
9080	16.898
9081	16.849
9082	16.764
9083	16.541
9084	16.846
9085	16.766
9086	16.542
9087	16.996
9088	16.797
9089	16.537
9090	16.848
9091	16.605
9092	16.864
9093	16.633
9094	16.645
9095	16.757
9096	16.473
9097	16.802
9098	16.422
9099	16.788
9100	16.843
9101	16.61
9102	16.824
9103	16.612
9104	17.083
9105	16.983
9106	17.241
9107	17.449
9108	17.021
9109	16.98
9110	17.169
9111	17.447
9112	16.874
9113	16.888
9114	16.625
9115	17.09
9116	16.664
9117	16.98
9118	16.931
9119	16.731
9120	16.973
9121	16.685
9122	17.063
9123	16.831
9124	17.069
9125	16.826
9126	17.028
9127	16.96
9128	16.794
9129	17.014
9130	16.759
9131	16.983
9132	17.096
9133	17.631
9134	17.381
9135	16.946
9136	17.163
9137	17.204
9138	17.012
9139	17.235
9140	17.251
9141	17.159
9142	17.104
9143	16.869
9144	16.909
9145	17.195
9146	16.806
9147	16.961
9148	17.307
9149	16.993
9150	17.615
9151	17.296
9152	17.302
9153	16.956
9154	17.615
9155	16.986
9156	17.629
9157	17.478
9158	16.973
9159	16.808
9160	17.187
9161	16.623
9162	16.287
9163	16.323
9164	16.694
9165	16.302
9166	16.592
9167	15.998
9168	16.458
9169	16.356
9170	16.795
9171	15.742
9172	15.527
9173	16.087
9174	15.467
9175	15.289
9176	14.934
9177	15.002
9178	15.69
9179	15.283
9180	15.965
9181	15.188
9182	15.674
9183	14.862
9184	14.721
9185	15.
9186	14.338
9187	14.129
9188	13.848
9189	14.076
9190	14.563
9191	13.935
9192	13.459
9193	14.179
9194	13.666
9195	13.649
9196	12.416
9197	12.418
9198	12.856
9199	12.001
9200	11.57
9201	11.622
9202	12.002
9203	11.252
9204	10.868
9205	11.076
9206	11.36
9207	11.104
9208	10.711
9209	11.003
9210	10.894
9211	10.545
9212	10.726
9213	10.39
9214	10.388
9215	10.071
9216	10.249
9217	10.205
9218	9.6557
9219	10.043
9220	9.7922
9221	9.214
9222	9.2663
9223	9.3988
9224	9.5663
9225	9.0603
9226	8.9362
9227	9.2399
9228	8.8845
9229	8.6277
9230	8.6005
9231	8.7831
9232	8.5259
9233	8.3442
9234	8.2044
9235	8.5575
9236	8.3914
9237	8.1934
9238	8.0176
9239	7.9192
9240	8.0883
9241	7.7607
9242	8.1157
9243	7.8742
9244	7.3877
9245	7.2956
9246	7.1127
9247	7.1747
9248	7.3632
9249	7.5851
9250	7.2148
9251	6.9507
9252	7.0649
9253	7.1203
9254	7.471
9255	6.6724
9256	6.5743
9257	6.5333
9258	6.6254
9259	6.7159
9260	6.8245
9261	6.4715
9262	6.3955
9263	6.3369
9264	6.3553
9265	6.4312
9266	6.3449
9267	6.2997
9268	6.2603
9269	6.3013
9270	6.2302
9271	6.2678
9272	6.2866
9273	6.3383
9274	6.2858
9275	6.4472
9276	6.5174
9277	6.4191
9278	6.4685
9279	6.7807
9280	6.769
9281	6.6366
9282	6.6209
9283	6.9547
9284	6.9612
9285	6.6965
9286	7.1264
9287	7.268
9288	7.5157
9289	7.3174
9290	7.1944
9291	7.3816
9292	7.4207
9293	7.7955
9294	7.1357
9295	7.705
9296	7.3625
9297	7.6332
9298	7.1974
9299	7.7987
9300	6.6676
9301	6.9585
9302	6.9488
9303	6.43
9304	6.2322
9305	6.2469
9306	6.3814
9307	6.6282
9308	6.031
9309	5.8478
9310	5.842
9311	6.0358
9312	5.6726
9313	5.5509
9314	5.4527
9315	5.5019
9316	5.6699
9317	5.4554
9318	5.3763
9319	5.3672
9320	5.3269
9321	5.1886
9322	5.2426
9323	5.3
9324	5.3062
9325	5.1016
9326	5.109
9327	5.1481
9328	5.1299
9329	5.3497
9330	5.2067
9331	5.4033
9332	5.458
9333	5.5753
9334	5.339
9335	5.4141
9336	5.2903
9337	5.5432
9338	5.9992
9339	5.6003
9340	5.5694
9341	6.1077
9342	6.2143
9343	5.7697
9344	5.7278
9345	5.9295
9346	6.3241
9347	6.6726
9348	6.8634
9349	6.5561
9350	6.5051
9351	7.0364
9352	6.3932
9353	7.5503
9354	7.0829
9355	7.9291
9356	7.4238
9357	7.62
9358	7.1947
9359	7.7084
9360	8.1
9361	7.1863
9362	8.0469
9363	7.839
9364	7.9723
9365	7.5258
9366	7.3548
9367	7.7763
9368	8.1019
9369	7.6572
9370	8.2328
9371	8.3262
9372	7.9135
9373	7.7435
9374	8.3283
9375	7.9684
9376	8.2347
9377	8.6317
9378	7.9854
9379	8.7342
9380	10.326
9381	9.5805
9382	9.6092
9383	10.195
9384	10.304
9385	11.151
9386	11.796
9387	12.11
9388	11.37
9389	11.099
9390	11.635
9391	11.786
9392	12.556
9393	13.748
9394	13.194
9395	13.659
9396	12.744
9397	13.813
9398	13.228
9399	13.435
9400	13.779
9401	13.807
9402	13.328
9403	13.291
9404	13.998
9405	14.558
9406	13.775
9407	13.731
9408	13.436
9409	13.381
9410	13.774
9411	14.139
9412	13.267
9413	13.317
9414	13.549
9415	13.621
9416	13.149
9417	13.084
9418	12.979
9419	13.431
9420	12.911
9421	13.054
9422	12.774
9423	12.806
9424	12.91
9425	12.635
9426	12.536
9427	12.454
9428	12.532
9429	12.726
9430	12.426
9431	12.363
9432	12.264
9433	12.304
9434	11.994
9435	11.818
9436	11.794
9437	11.849
9438	11.991
9439	12.011
9440	12.166
9441	11.647
9442	11.656
9443	11.812
9444	11.492
9445	11.624
9446	11.458
9447	11.038
9448	10.82
9449	10.915
9450	11.114
9451	11.252
9452	10.668
9453	10.714
9454	10.624
9455	10.516
9456	10.59
9457	9.252
9458	9.331
9459	9.5026
9460	8.2365
9461	8.1273
9462	8.4511
9463	7.5719
9464	7.7812
9465	7.6656
9466	6.2219
9467	5.9518
9468	6.1091
9469	5.8321
9470	6.6057
9471	6.3285
9472	4.101
9473	3.7288
9474	3.5978
9475	2.6425
9476	2.5196
9477	3.0662
9478	0.65008
9479	5.4207e-002
9480	-0.16687
9481	0.79092
9482	-4.3909
9483	-3.2348
9484	-4.4307
9485	-7.7813
9486	-8.7305
9487	-6.8573
9488	-2.8592
9489	-4.2984
9490	-2.2899
9491	-5.5083
9492	-7.18
9493	-1.9303
9494	-0.73266
9495	-2.0791
9496	-3.4781
9497	-1.5964
9498	0.45705
9499	0.69668
9500	1.5299
9501	-0.70062
9502	0.28182
9503	2.6429
9504	2.9773
9505	2.8159
9506	2.9746
9507	2.3841
9508	2.5401
9509	3.3418
9510	3.2414
9511	3.331
9512	3.2421
9513	3.2923
9514	3.1794
9515	3.0213
9516	3.205
9517	3.1453
9518	2.8825
9519	3.2883
9520	2.9961
9521	3.3934
9522	2.3458
9523	2.7794
9524	2.6729
9525	2.0463
9526	1.7123
9527	1.5246
9528	1.4738
9529	1.0654
9530	1.6616
9531	1.2446
9532	1.8548
9533	1.6078
9534	0.86612
9535	0.69388
9536	1.3745
9537	1.0856
9538	0.62317
9539	0.47353
9540	0.27748
9541	0.38113
9542	0.203
9543	0.49792
9544	0.51728
9545	7.6726e-002
9546	0.43773
9547	0.36018
9548	4.3571e-002
9549	0.39014
9550	1.9272e-002
9551	0.34761
9552	0.2598
9553	-6.4308e-002
9554	0.30735
9555	0.2313
9556	0.18977
9557	-0.15282
9558	-9.5775e-002
9559	-0.18136
9560	-0.2439
9561	4.3125e-002
9562	-4.3917e-003
9563	-0.35907
9564	-7.4215e-003
9565	-0.34869
9566	-2.101e-002
9567	0.33311
9568	-0.72299
9569	-0.99264
9570	-0.31784
9571	-0.50893
9572	0.62019
9573	0.21273
9574	1.01
9575	0.57339
9576	0.99807
9577	0.97561
9578	0.19735
9579	0.5674
9580	1.2496e-004
9581	-0.32841
9582	0.37695
9583	2.3501e-002
9584	-0.34187
9585	-0.18411
9586	-0.39901
9587	-5.5516e-002
9588	-4.0185e-002
9589	-0.35541
9590	-3.4155e-002
9591	-0.19386
9592	-0.39679
9593	6.201
9594	6.0818
9595	6.0963
9596	6.156
9597	6.2924
9598	6.3189
9599	5.9716
9600	5.8545
9601	5.8654
9602	5.9842
9603	5.7242
9604	5.5598
9605	5.6073
9606	5.7357
9607	5.6111
9608	5.7389
9609	5.4105
9610	5.5953
9611	5.5341
9612	5.4761
9613	0.38617
9614	8.6414e-002
9615	0.74457
9616	-0.24863
9617	-0.60494
9618	-0.30042
9619	0.31351
9620	6.6573e-003
9621	0.6489
9622	0.33852
9623	0.40098
9624	8.5119e-002
9625	0.6805
9626	-2.4766e-002
9627	0.58038
9628	0.43212
9629	0.13219
9630	0.75624
9631	0.12322
9632	0.71835
9633	0.49359
9634	0.63679
9635	0.32292
9636	0.17533
9637	0.31846
9638	0.87865
9639	1.451
9640	1.2412
9641	1.0041
9642	0.44022
9643	0.77032
9644	5.3063
9645	5.1828
9646	5.0662
9647	5.5627
9648	5.4215
9649	5.9959
9650	6.1013
9651	6.1181
9652	5.8522
9653	5.7866
9654	5.9079
9655	5.5195
9656	5.4345
9657	5.3589
9658	5.442
9659	15.317
9660	15.171
9661	14.904
9662	14.87
9663	13.986
9664	6.3957
9665	6.2386
9666	11.188
9667	11.114
9668	8.2991
9669	8.3277
9670	13.627
9671	13.622
9672	9.074
9673	9.0151
9674	6.6865
9675	4.7203
9676	4.5741
9677	5.0226
9678	-8.4591
9679	-9.7359
9680	-0.41446
9681	-6.5365e-002
9682	-0.24832
9683	5.6795
9684	5.7135
9685	5.5959
9686	-0.20615
9687	-0.51834
9688	-0.55479
9689	-0.11932
9690	0.65902
9691	0.29689
9692	0.47598
9693	1.7895
9694	1.2113
9695	1.4028
9696	1.5096
9697	5.9576
9698	6.0824
9699	5.8114
9700	5.5383
9701	5.4193
9702	5.298
9703	0.12635
9704	-6.5466e-002
9705	0.27133
9706	4.6634e-003
9707	-0.16582
9708	-0.15111
9709	-0.29261
9710	-0.33941
9711	-0.45624
9712	-7.9839e-003
9713	-0.2724
9714	-0.66529
9715	-0.64949
9716	-0.14551
9717	-0.4391
9718	5.9027e-002
9719	-0.1767
9720	-0.48767
9721	-0.19263
9722	-0.48946
9723	-0.27816
9724	-0.54425
9725	-0.33162
9726	-0.65339
9727	-0.2931
9728	-0.67238
9729	-0.60161
9730	5.1752
9731	5.1759
9732	5.292
9733	5.2746
9734	5.3576
9735	5.4148
9736	5.2907
9737	5.2614
9738	5.3424
9739	5.466
9740	5.512
9741	5.3894
9742	5.6219
9743	5.4936
9744	5.7497
9745	5.6239
9746	5.878
9747	5.7622
9748	5.9987
9749	5.8986
9750	6.0324
9751	6.1161
9752	-0.75277
9753	-1.1037
9754	-1.0555
9755	-0.58663
9756	-0.65662
9757	-1.0115
9758	-0.9525
9759	-0.30752
9760	-0.57651
9761	-0.68504
9762	-0.43035
9763	-0.71201
9764	-1.0684
9765	-0.88796
9766	-0.69651
9767	-1.0331
9768	-0.69639
9769	-1.0462
9770	-0.37525
9771	-1.044
9772	-0.71348
9773	-0.35672
9774	-0.73355
9775	-1.0814
9776	-0.73567
9777	-0.72601
9778	-1.0873
9779	-0.73045
9780	-1.0671
9781	-0.36718
9782	-0.72819
9783	-1.0924
9784	-0.39126
9785	-0.6814
9786	-1.0729
9787	-0.37123
9788	-0.67433
9789	-1.0341
9790	-0.32609
9791	-1.0775
9792	-0.35697
9793	-0.69214
9794	-0.6704
9795	-1.0569
9796	-0.69184
9797	-0.50292
9798	-1.0059
9799	-0.7619
9800	-0.31986
9801	7.6461e-002
9802	-0.20941
9803	-0.59806
9804	-0.2101
9805	-0.62959
9806	0.15126
9807	-0.31406
9808	-0.76958
9809	-1.1535
9810	-1.1457
9811	-0.41792
9812	-0.70338
9813	-1.0607
9814	-0.71018
9815	-1.0214
9816	-0.71321
9817	-1.0747
9818	-0.3825
9819	-0.63909
9820	-1.035
9821	-0.35206
9822	-0.56666
9823	-0.94685
9824	-0.91867
9825	-0.54357
9826	-0.41988
9827	-0.80785
9828	-0.47989
9829	-0.3522
9830	-0.75206
9831	-0.65078
9832	-0.29617
9833	1.9459e-002
9834	-0.64585
9835	-0.3005
9836	-0.29316
9837	2.4487e-002
9838	-0.29734
9839	-0.65587
9840	-0.30922
9841	-0.62691
9842	-0.27252
9843	-0.18934
9844	-0.56407
9845	-0.24873
9846	0.10558
9847	-0.15943
9848	-0.50373
9849	-0.5092
9850	0.15485
9851	0.20889
9852	-0.22202
9853	3.5441e-002
9854	0.42758
9855	7.242e-003
9856	0.54082
9857	0.14611
9858	0.81929
9859	0.66644
9860	0.25717
9861	0.8362
9862	0.44297
9863	0.9703
9864	0.58138
9865	0.70908
9866	1.3335
9867	1.1458
9868	1.849
9869	1.541
9870	2.0539
9871	1.7458
9872	2.0054
9873	1.6423
9874	2.2633
9875	1.9287
9876	2.2271
9877	2.5904
9878	2.7333
9879	2.4734
9880	2.515
9881	2.838
9882	2.6231
9883	2.7246
9884	2.9247
9885	3.1417
9886	3.0388
9887	3.0951
9888	3.1131
9889	3.0874
9890	3.0025
9891	3.0405
9892	3.1632
9893	2.0398
9894	2.3964
9895	2.5571
9896	1.2632
9897	1.813
9898	0.44114
9899	0.98965
9900	0.57815
9901	-2.0471
9902	-1.8748
9903	-0.46099
9904	-3.6269
9905	-3.8365
9906	-4.9173
9907	-5.5289
9908	-6.8836
9909	-10.279
9910	-9.8998
9911	-8.5553
9912	-11.556
9913	-13.805
9914	-12.85
9915	-13.596
9916	-10.685
9917	-7.1838
9918	-5.7622
9919	-7.4939
9920	-5.8019
9921	-1.6703
9922	-2.2108
9923	-2.6893
9924	-2.8754
9925	-1.9501
9926	-0.61923
9927	-1.2024
9928	-0.8403
9929	0.19505
9930	-0.39254
9931	0.89666
9932	0.49693
9933	0.29077
9934	1.5589
9935	1.1793
9936	1.0142
9937	2.1834
9938	2.0605
9939	1.7849
9940	2.3509
9941	2.7734
9942	4.3837
9943	4.0824
9944	3.9124
9945	4.2375
9946	3.8653
9947	4.8768
9948	4.6834
9949	4.5285
9950	5.3128
9951	5.0777
9952	5.1791
9953	5.6922
9954	5.4524
9955	5.5725
9956	6.0584
9957	5.8229
9958	6.4093
9959	6.1462
9960	6.7274
9961	6.4575
9962	7.051
9963	6.8974
9964	6.7499
9965	7.3836
9966	7.2108
9967	7.5205
9968	7.7032
9969	8.1181
9970	8.0217
9971	8.3239
9972	9.1529
9973	9.0276
9974	8.9252
9975	8.8817
9976	9.2743
9977	9.4177
9978	10.088
9979	9.9465
9980	10.065
9981	9.8852
9982	10.295
9983	10.139
9984	10.344
9985	10.472
9986	10.809
9987	10.709
9988	10.628
9989	10.991
9990	10.876
9991	11.049
9992	11.172
9993	11.501
9994	11.365
9995	11.344
9996	11.633
9997	11.507
9998	11.745
9999	11.622
10000	11.866
10001	11.726
10002	11.99
10003	11.855
10004	12.105
10005	11.963
10006	12.145
10007	12.201
10008	12.058
10009	12.281
10010	12.126
10011	12.351
10012	12.196
10013	12.396
10014	12.242
10015	12.431
10016	12.249
10017	12.591
10018	12.519
10019	12.303
10020	12.288
10021	12.656
10022	12.408
10023	12.619
10024	12.729
10025	12.552
10026	12.741
10027	12.573
10028	12.872
10029	13.2
10030	13.058
10031	13.434
10032	13.195
10033	12.702
10034	12.757
10035	13.34
10036	12.944
10037	13.169
10038	12.854
10039	12.986
10040	12.6
10041	12.901
10042	12.48
10043	12.839
10044	12.406
10045	12.736
10046	12.314
10047	12.56
10048	12.145
10049	12.334
10050	11.905
10051	13.025
10052	11.659
10053	12.133
10054	11.421
10055	11.025
10056	12.191
10057	11.702
10058	11.046
10059	10.71
10060	10.321
10061	10.673
10062	9.9345
10063	10.517
10064	10.207
10065	11.053
10066	7.8447
10067	7.4235
10068	7.6555
10069	7.9362
10070	8.1509
10071	7.9644
10072	8.4735
10073	8.4625
10074	7.6713
10075	8.2943
10076	7.2972
10077	7.6256
10078	7.6187
10079	7.4242
10080	7.1671
10081	7.5728
10082	7.2988
10083	6.9421
10084	6.9881
10085	7.2106
10086	6.9009
10087	7.0416
10088	6.7789
10089	6.9433
10090	6.5597
10091	6.6024
10092	6.8512
10093	6.5532
10094	7.3649
10095	6.3501
10096	6.389
10097	6.761
10098	6.2448
10099	6.7188
10100	6.5961
10101	5.8401
10102	6.1579
10103	6.2909
10104	5.9704
10105	5.5862
10106	5.6096
10107	6.0349
10108	5.9362
10109	5.5982
10110	5.8118
10111	5.5252
10112	6.257
10113	5.38
10114	6.0472
10115	5.6885
10116	5.4849
10117	5.2354
10118	5.612
10119	5.0547
10120	5.0847
10121	5.3898
10122	5.1481
10123	4.9373
10124	5.241
10125	5.002
10126	4.7622
10127	4.9836
10128	4.7168
10129	5.2549
10130	4.7234
10131	5.2588
10132	5.0225
10133	4.998
10134	4.7818
10135	5.0538
10136	4.9589
10137	4.6966
10138	4.7004
10139	5.2284
10140	4.976
10141	4.7297
10142	5.2273
10143	4.9622
10144	4.7426
10145	4.939
10146	4.7275
10147	5.1588
10148	4.9252
10149	4.7282
10150	4.9242
10151	4.7287
10152	4.9572
10153	4.7551
10154	5.0098
10155	4.8103
10156	5.064
10157	4.8722
10158	4.9618
10159	4.9247
10160	5.1635
10161	5.3695
10162	5.1868
10163	5.2781
10164	5.4992
10165	5.2994
10166	5.664
10167	5.4599
10168	5.8467
10169	5.6342
10170	6.0505
10171	5.8374
10172	6.2903
10173	6.0712
10174	6.5796
10175	6.3811
10176	6.9191
10177	6.7566
10178	7.3218
10179	7.2153
10180	7.7477
10181	7.7911
10182	7.312
10183	8.0693
10184	8.3257
10185	8.1735
10186	8.7157
10187	8.1189
10188	8.9154
10189	7.9528
10190	8.5717
10191	7.7068
10192	8.1934
10193	7.4586
10194	7.8434
10195	7.2009
10196	7.4613
10197	6.9495
10198	7.1303
10199	6.7357
10200	6.8617
10201	6.6481
10202	6.6032
10203	6.5543
10204	6.2413
10205	6.2326
10206	6.3087
10207	6.1757
10208	6.1981
10209	6.2406
10210	6.1908
10211	6.1213
10212	6.1742
10213	6.2168
10214	6.1375
10215	6.2427
10216	6.16
10217	6.1788
10218	6.2718
10219	6.3902
10220	6.2655
10221	6.247
10222	6.315
10223	6.4863
10224	6.3494
10225	6.6223
10226	6.4337
10227	6.749
10228	6.5737
10229	6.8632
10230	6.8562
10231	6.6521
10232	6.6331
10233	6.9373
10234	6.7704
10235	6.9104
10236	6.7956
10237	6.9724
10238	6.7559
10239	6.7807
10240	6.9486
10241	7.1502
10242	7.6623
10243	7.4206
10244	7.5357
10245	7.5553
10246	7.8142
10247	8.0699
10248	7.8008
10249	7.9486
10250	8.0338
10251	7.9012
10252	8.0624
10253	7.8137
10254	7.7691
10255	8.3004
10256	8.0278
10257	8.4991
10258	8.2228
10259	8.6591
10260	8.3878
10261	8.8054
10262	8.521
10263	8.9243
10264	9.1091
10265	8.6575
10266	9.0207
10267	8.7504
10268	9.1303
10269	8.8521
10270	9.2938
10271	8.9481
10272	8.9967
10273	9.4303
10274	9.5434
10275	9.2272
10276	9.1623
10277	9.7525
10278	9.4584
10279	9.9307
10280	9.8878
10281	9.5818
10282	9.6952
10283	10.05
10284	10.378
10285	10.053
10286	10.561
10287	10.225
10288	10.459
10289	10.182
10290	10.72
10291	10.379
10292	10.544
10293	10.584
10294	10.859
10295	11.24
10296	10.891
10297	10.806
10298	10.968
10299	11.622
10300	11.226
10301	11.559
10302	12.003
10303	12.866
10304	12.308
10305	12.426
10306	12.864
10307	13.173
10308	12.694
10309	13.286
10310	13.368
10311	12.893
10312	13.586
10313	13.059
10314	13.835
10315	13.322
10316	14.047
10317	13.561
10318	14.322
10319	14.229
10320	13.731
10321	14.508
10322	13.934
10323	14.395
10324	14.621
10325	14.179
10326	14.507
10327	14.819
10328	14.347
10329	15.068
10330	14.566
10331	14.812
10332	15.322
10333	15.618
10334	15.525
10335	15.179
10336	15.799
10337	15.233
10338	15.289
10339	16.078
10340	15.954
10341	15.54
10342	15.914
10343	15.568
10344	15.919
10345	15.536
10346	16.209
10347	15.966
10348	15.63
10349	16.006
10350	15.654
10351	16.126
10352	15.731
10353	15.891
10354	16.496
10355	16.331
10356	16.64
10357	16.283
10358	16.621
10359	16.672
10360	16.337
10361	16.684
10362	16.353
10363	16.363
10364	16.987
10365	16.712
10366	16.571
10367	16.361
10368	16.273
10369	16.619
10370	16.319
10371	16.662
10372	16.361
10373	16.725
10374	16.391
10375	16.948
10376	16.473
10377	16.737
10378	16.68
10379	16.428
10380	16.686
10381	16.42
10382	16.775
10383	16.896
10384	16.871
10385	16.586
10386	16.87
10387	17.131
10388	16.855
10389	16.587
10390	17.139
10391	16.852
10392	16.552
10393	16.588
10394	16.537
10395	16.321
10396	16.422
10397	16.534
10398	16.556
10399	16.304
10400	16.302
10401	16.758
10402	16.592
10403	16.329
10404	16.608
10405	16.365
10406	16.844
10407	16.601
10408	16.367
10409	16.839
10410	16.593
10411	16.354
10412	16.574
10413	16.364
10414	16.557
10415	16.321
10416	16.776
10417	16.558
10418	16.321
10419	16.786
10420	16.567
10421	16.325
10422	16.78
10423	16.56
10424	16.353
10425	16.808
10426	16.314
10427	16.526
10428	16.767
10429	16.422
10430	16.24
10431	16.486
10432	16.415
10433	16.174
10434	16.17
10435	16.482
10436	16.229
10437	16.61
10438	16.266
10439	16.799
10440	16.286
10441	16.426
10442	16.76
10443	16.379
10444	16.259
10445	16.154
10446	16.593
10447	16.379
10448	16.161
10449	16.328
10450	16.146
10451	16.249
10452	16.083
10453	16.26
10454	16.012
10455	16.015
10456	16.342
10457	16.085
10458	16.148
10459	16.39
10460	16.419
10461	16.174
10462	16.638
10463	16.407
10464	16.181
10465	16.664
10466	16.451
10467	16.169
10468	16.443
10469	16.393
10470	16.634
10471	16.313
10472	16.092
10473	16.345
10474	16.315
10475	16.077
10476	16.359
10477	16.093
10478	16.411
10479	16.663
10480	16.15
10481	16.169
10482	16.401
10483	16.341
10484	16.118
10485	16.377
10486	16.313
10487	16.086
10488	16.553
10489	16.296
10490	16.066
10491	16.282
10492	16.059
10493	16.509
10494	16.278
10495	16.041
10496	16.269
10497	16.045
10498	16.029
10499	16.486
10500	16.253
10501	16.253
10502	16.017
10503	16.236
10504	16.244
10505	16.021
10506	16.233
10507	16.001
10508	16.243
10509	16.005
10510	16.464
10511	16.253
10512	16.028
10513	16.234
10514	16.02
10515	16.463
10516	16.241
10517	15.989
10518	16.444
10519	16.266
10520	16.027
10521	16.51
10522	16.243
10523	16.026
10524	16.489
10525	16.227
10526	16.001
10527	16.229
10528	16.016
10529	16.257
10530	15.992
10531	15.99
10532	16.283
10533	16.047
10534	16.273
10535	16.026
10536	16.038
10537	16.278
10538	16.273
10539	16.031
10540	16.278
10541	16.277
10542	16.037
10543	16.048
10544	16.27
10545	15.973
10546	16.062
10547	16.23
10548	16.147
10549	15.892
10550	15.922
10551	16.199
10552	15.976
10553	16.266
10554	15.974
10555	16.314
10556	16.071
10557	16.058
10558	16.336
10559	16.388
10560	16.149
10561	16.393
10562	16.674
10563	16.113
10564	16.375
10565	16.64
10566	16.123
10567	16.386
10568	16.378
10569	16.655
10570	16.337
10571	16.059
10572	16.34
10573	16.345
10574	16.084
10575	16.615
10576	16.333
10577	16.069
10578	16.347
10579	16.063
10580	16.579
10581	16.368
10582	16.09
10583	16.399
10584	16.107
10585	16.639
10586	16.369
10587	16.139
10588	16.69
10589	6.3672
10590	6.1709
10591	6.3356
10592	6.1882
10593	6.6146
10594	17.535
10595	17.766
10596	17.778
10597	17.491
10598	17.248
10599	17.416
10600	17.652
10601	17.391
10602	17.109
10603	17.411
10604	17.677
10605	17.384
10606	17.638
10607	17.128
10608	17.387
10609	17.639
10610	17.421
10611	17.627
10612	17.135
10613	17.422
10614	17.688
10615	17.177
10616	17.634
10617	17.122
10618	17.412
10619	17.449
10620	17.711
10621	17.204
10622	17.455
10623	17.68
10624	17.423
10625	17.159
10626	17.587
10627	17.766
10628	17.486
10629	17.615
10630	17.864
10631	17.844
10632	17.814
10633	17.59
10634	17.657
10635	17.846
10636	17.623
10637	17.653
10638	17.889
10639	17.885
10640	17.608
10641	17.835
10642	17.402
10643	17.815
10644	17.6
10645	17.578
10646	17.81
10647	17.587
10648	17.8
10649	17.585
10650	17.569
10651	17.789
10652	17.6
10653	17.579
10654	17.786
10655	17.579
10656	17.804
10657	17.588
10658	17.793
10659	17.573
10660	17.622
10661	17.809
10662	17.851
10663	17.623
10664	17.819
10665	17.607
10666	17.384
10667	17.591
10668	17.801
10669	17.598
10670	17.597
10671	17.701
10672	17.879
10673	17.474
10674	17.652
10675	17.7
10676	17.915
10677	17.505
10678	17.885
10679	17.664
10680	17.465
10681	17.72
10682	17.553
10683	17.193
10684	17.522
10685	17.66
10686	17.837
10687	17.607
10688	17.892
10689	17.882
10690	17.459
10691	17.671
10692	17.745
10693	17.92
10694	17.701
10695	17.746
10696	17.969
10697	17.972
10698	17.74
10699	17.932
10700	17.768
10701	17.962
10702	17.974
10703	17.592
10704	17.757
10705	17.684
10706	17.915
10707	17.718
10708	17.895
10709	17.655
10710	17.656
10711	17.335
10712	17.841
10713	17.614
10714	17.743
10715	17.944
10716	17.938
10717	17.779
10718	17.988
10719	17.538
10720	17.803
10721	18.012
10722	18.026
10723	17.822
10724	18.053
10725	17.868
10726	17.654
10727	17.95
10728	18.143
10729	17.978
10730	18.178
10731	18.031
10732	18.206
10733	18.03
10734	18.278
10735	18.274
10736	17.973
10737	18.216
10738	17.754
10739	17.964
10740	18.198
10741	18.211
10742	17.956
10743	17.922
10744	18.164
10745	17.92
10746	18.202
10747	17.672
10748	17.948
10749	18.104
10750	18.336
10751	18.041
10752	18.367
10753	18.134
10754	18.231
10755	18.463
10756	18.217
10757	18.269
10758	18.475
10759	18.256
10760	18.535
10761	18.533
10762	18.188
10763	18.464
10764	18.122
10765	18.427
10766	18.036
10767	18.361
10768	18.294
10769	17.969
10770	18.243
10771	17.936
10772	17.937
10773	17.945
10774	18.258
10775	17.942
10776	17.939
10777	18.258
10778	18.241
10779	17.928
10780	17.86
10781	18.13
10782	17.86
10783	17.927
10784	18.217
10785	17.961
10786	18.225
10787	17.914
10788	18.282
10789	18.265
10790	17.663
10791	18.118
10792	17.479
10793	17.861
10794	17.815
10795	17.382
10796	17.206
10797	17.52
10798	16.73
10799	17.17
10800	17.593
10801	17.561
10802	17.145
10803	17.219
10804	16.838
10805	16.462
10806	16.943
10807	16.801
10808	16.59
10809	16.384
10810	15.762
10811	16.24
10812	15.985
10813	15.549
10814	16.043
10815	15.831
10816	15.397
10817	15.421
10818	15.377
10819	15.732
10820	15.751
10821	15.559
10822	15.725
10823	15.976
10824	16.011
10825	15.762
10826	15.476
10827	15.76
10828	15.239
10829	15.542
10830	15.016
10831	15.336
10832	14.896
10833	14.891
10834	15.145
10835	14.829
10836	15.084
10837	14.638
10838	14.704
10839	14.591
10840	14.979
10841	14.548
10842	14.428
10843	14.832
10844	14.462
10845	14.687
10846	14.199
10847	14.407
10848	14.637
10849	14.523
10850	14.244
10851	13.679
10852	13.957
10853	13.844
10854	13.802
10855	13.389
10856	13.518
10857	13.198
10858	13.484
10859	13.36
10860	13.005
10861	13.308
10862	12.805
10863	13.1
10864	12.643
10865	12.92
10866	12.361
10867	12.633
10868	12.512
10869	12.182
10870	12.469
10871	12.004
10872	12.254
10873	12.079
10874	11.837
10875	10.544
10876	10.638
10877	11.747
10878	11.53
10879	11.444
10880	11.68
10881	11.119
10882	11.367
10883	11.164
10884	11.361
10885	10.878
10886	11.07
10887	10.809
10888	10.724
10889	10.906
10890	10.977
10891	10.818
10892	10.482
10893	10.676
10894	10.212
10895	10.436
10896	9.9285
10897	10.159
10898	9.6884
10899	9.907
10900	9.6681
10901	9.4977
10902	9.6931
10903	9.5114
10904	9.3184
10905	8.8996
10906	8.9347
10907	9.0933
10908	9.1156
10909	8.6794
10910	8.8732
10911	8.7174
10912	8.4525
10913	8.6527
10914	8.4965
10915	8.349
10916	8.201
10917	8.4409
10918	7.7088
10919	7.8695
10920	7.7819
10921	7.9472
10922	7.4721
10923	7.6296
10924	7.3972
10925	7.2358
10926	6.3901
10927	6.4994
10928	6.5703
10929	6.3456
10930	6.4824
10931	6.0383
10932	6.0706
10933	6.2272
10934	6.1827
10935	5.886
10936	5.8627
10937	5.9926
10938	5.5714
10939	5.5834
10940	5.7154
10941	5.4058
10942	5.3255
10943	5.5347
10944	5.4709
10945	5.3922
10946	5.2684
10947	5.5004
10948	5.2463
10949	5.5353
10950	4.8525
10951	5.0276
10952	4.8196
10953	4.9763
10954	5.0752
10955	4.9587
10956	4.8435
10957	4.869
10958	5.0316
10959	5.1023
10960	4.8998
10961	5.3323
10962	5.2782
10963	5.3261
10964	5.3081
10965	6.9296
10966	6.8877
10967	6.7253
10968	7.1097
10969	6.9638
10970	7.1443
10971	7.5572
10972	7.5521
10973	7.353
10974	7.7764
10975	7.7714
10976	8.0287
10977	8.0084
10978	8.3216
10979	8.2747
10980	8.032
10981	8.6608
10982	8.5688
10983	8.8343
10984	8.9047
10985	9.039
10986	8.9072
10987	9.0684
10988	9.0965
10989	9.2477
10990	9.3472
10991	9.4659
10992	9.6228
10993	9.7388
10994	9.8746
10995	9.9981
10996	10.108
10997	10.241
10998	10.333
10999	10.468
11000	10.591
11001	10.69
11002	10.825
11003	10.957
11004	11.038
11005	10.975
11006	11.206
11007	10.625
11008	11.35
11009	10.687
11010	11.089
11011	11.9
11012	11.667
11013	11.464
11014	12.158
11015	12.327
11016	11.885
11017	12.372
11018	12.589
11019	12.664
11020	12.552
11021	12.788
11022	12.813
11023	13.003
11024	13.326
11025	13.252
11026	12.998
11027	13.79
11028	13.528
11029	13.325
11030	14.174
11031	13.719
11032	13.905
11033	13.396
11034	14.418
11035	14.683
11036	14.238
11037	13.97
11038	14.562
11039	14.842
11040	14.648
11041	14.967
11042	14.74
11043	14.289
11044	15.038
11045	14.894
11046	15.164
11047	15.111
11048	15.321
11049	15.272
11050	15.596
11051	15.542
11052	15.337
11053	15.647
11054	15.389
11055	15.718
11056	15.371
11057	15.787
11058	15.764
11059	15.3
11060	15.741
11061	15.192
11062	15.697
11063	15.058
11064	15.595
11065	14.968
11066	15.514
11067	14.464
11068	15.038
11069	15.485
11070	15.196
11071	15.651
11072	15.13
11073	14.785
11074	15.747
11075	15.163
11076	15.62
11077	14.663
11078	14.439
11079	15.365
11080	15.83
11081	14.737
11082	15.423
11083	15.921
11084	14.861
11085	15.721
11086	16.086
11087	15.524
11088	15.753
11089	16.262
11090	16.268
11091	15.664
11092	16.138
11093	15.702
11094	16.091
11095	15.719
11096	16.148
11097	16.153
11098	15.537
11099	16.051
11100	15.456
11101	15.828
11102	15.514
11103	15.866
11104	15.471
11105	15.829
11106	14.912
11107	14.667
11108	14.773
11109	15.733
11110	15.88
11111	15.845
11112	15.589
11113	14.85
11114	15.146
11115	15.018
11116	15.045
11117	14.808
11118	14.131
11119	14.376
11120	14.326
11121	13.924
11122	14.168
11123	13.71
11124	13.949
11125	13.683
11126	13.726
11127	13.488
11128	13.475
11129	13.006
11130	13.249
11131	13.256
11132	12.982
11133	12.767
11134	12.746
11135	12.033
11136	12.241
11137	12.255
11138	11.64
11139	11.75
11140	11.781
11141	11.471
11142	10.864
11143	11.049
11144	11.148
11145	10.785
11146	10.613
11147	10.07
11148	10.257
11149	10.355
11150	9.7765
11151	9.9714
11152	9.4889
11153	9.6866
11154	9.2243
11155	9.4128
11156	9.1604
11157	8.9831
11158	7.581
11159	7.8167
11160	7.875
11161	7.2804
11162	7.5263
11163	7.3286
11164	6.992
11165	7.2374
11166	6.7051
11167	6.9691
11168	6.7225
11169	6.3925
11170	6.6802
11171	6.4213
11172	6.0557
11173	6.37
11174	5.7208
11175	6.0497
11176	5.7286
11177	5.7363
11178	5.3666
11179	4.6231
11180	5.0419
11181	4.9918
11182	4.2471
11183	4.6951
11184	4.3862
11185	3.7655
11186	4.1612
11187	3.4681
11188	4.0161
11189	4.0098
11190	3.436
11191	2.9244
11192	2.0419
11193	2.6305
11194	1.8275
11195	2.4618
11196	1.6424
11197	2.2592
11198	1.9233
11199	1.2967
11200	0.96974
11201	1.3464
11202	0.20812
11203	0.95813
11204	0.57771
11205	0.88043
11206	0.26196
11207	0.27739
11208	1.0886
11209	1.3916
11210	0.57827
11211	7.5265e-002
11212	1.5901
11213	1.8847
11214	2.1058
11215	2.2487
11216	1.2575
11217	2.725
11218	2.6769
11219	3.572
11220	3.6136
11221	3.7516
11222	3.2117
11223	3.2358
11224	3.7476
11225	3.8872
11226	3.4666
11227	3.853
11228	4.0145
11229	3.6326
11230	3.9074
11231	4.0778
11232	3.4087
11233	3.1665
11234	3.3478
11235	3.5624
11236	3.9192
11237	4.1136
11238	3.8857
11239	4.091
11240	3.7527
11241	3.8057
11242	4.0379
11243	3.7
11244	3.9359
11245	3.6733
11246	3.6803
11247	3.5364
11248	3.1759
11249	2.8875
11250	3.2708
11251	3.5465
11252	3.0889
11253	3.391
11254	2.9824
11255	2.8656
11256	3.206
11257	2.7732
11258	2.998
11259	2.7304
11260	3.0205
11261	2.5515
11262	2.6067
11263	2.8879
11264	2.4876
11265	2.8064
11266	2.3608
11267	2.6547
11268	2.2523
11269	2.5581
11270	2.1653
11271	2.4619
11272	1.9182
11273	2.0426
11274	2.4061
11275	2.3712
11276	1.8915
11277	2.2207
11278	1.7817
11279	2.1194
11280	1.7202
11281	2.0313
11282	1.4314
11283	1.7363
11284	2.0099
11285	1.7542
11286	2.0396
11287	1.7271
11288	2.0222
11289	1.71
11290	1.9951
11291	1.9971
11292	1.7194
11293	1.6821
11294	1.5583
11295	1.8605
11296	1.5876
11297	1.556
11298	1.8613
11299	1.5423
11300	1.8226
11301	1.2552
11302	1.5662
11303	1.8385
11304	1.2465
11305	1.6073
11306	1.8849
11307	1.2885
11308	1.6054
11309	1.9065
11310	1.6188
11311	1.3131
11312	1.6155
11313	1.8898
11314	1.5925
11315	1.9219
11316	1.9279
11317	1.5276
11318	1.8545
11319	1.4958
11320	1.8185
11321	1.4623
11322	1.8097
11323	1.6134
11324	1.3363
11325	1.2188
11326	0.89968
11327	1.3613
11328	1.7886
11329	1.6548
11330	1.2994
11331	0.95353
11332	1.3899
11333	1.7359
11334	1.35
11335	1.7234
11336	1.2839
11337	1.3444
11338	1.7022
11339	1.3879
11340	1.6561
11341	1.2756
11342	1.6853
11343	1.3699
11344	1.3517
11345	1.284
11346	1.62
11347	1.3125
11348	0.97174
11349	1.278
11350	1.5973
11351	0.95402
11352	1.592
11353	0.95961
11354	1.2751
11355	1.2464
11356	1.5596
11357	1.2602
11358	1.2367
11359	1.5572
11360	1.2443
11361	1.5278
11362	1.232
11363	1.5478
11364	0.94145
11365	1.1993
11366	1.4837
11367	1.1962
11368	1.1801
11369	1.4895
11370	1.0683
11371	1.4369
11372	1.3095
11373	0.94557
11374	0.88642
11375	0.29907
11376	0.7132
11377	1.1214
11378	1.4281
11379	1.334
11380	1.0368
11381	1.3444
11382	1.0178
11383	1.2963
11384	1.0207
11385	1.3082
11386	1.0374
11387	1.306
11388	1.0073
11389	1.3411
11390	1.3482
11391	0.91577
11392	1.2532
11393	0.92236
11394	1.1983
11395	0.99787
11396	1.2614
11397	1.0425
11398	1.3187
11399	1.0992
11400	1.3413
11401	1.2051
11402	1.4136
11403	1.5209
11404	1.334
11405	1.7577
11406	1.602
11407	1.4808
11408	1.796
11409	1.7221
11410	1.9289
11411	1.677
11412	1.7911
11413	1.9696
11414	1.9679
11415	2.0869
11416	1.5813
11417	5.3726
11418	5.4191
11419	5.5108
11420	5.3159
11421	5.2437
11422	5.2971
11423	2.2793
11424	2.3275
11425	2.0806
11426	17.765
11427	17.752
11428	17.494
11429	17.228
11430	0.83001
11431	0.42786
11432	1.0216
11433	5.3436
11434	5.3765
11435	5.3808
11436	0.61885
11437	0.96806
11438	16.355
11439	16.052
11440	16.054
11441	16.62
11442	5.8295
11443	5.5479
11444	5.6816
11445	5.3267
11446	5.2795
11447	5.3624
11448	5.3175
11449	5.3375
11450	2.3983
11451	2.5227
11452	2.6948
11453	2.2655
11454	2.5363
11455	2.1764
11456	2.3418
11457	2.1065
11458	2.4281
11459	2.1645
11460	1.9899
11461	1.8982
11462	2.0103
11463	1.8082
11464	1.7293
11465	1.6176
11466	1.8955
11467	1.6557
11468	1.5822
11469	1.8815
11470	1.8372
11471	1.5373
11472	1.6306
11473	1.8868
11474	1.587
11475	1.6169
11476	1.5935
11477	1.878
11478	1.9148
11479	1.5867
11480	1.8672
11481	1.6039
11482	1.8722
11483	1.6511
11484	1.9186
11485	1.5826
11486	1.9432
11487	1.8293
11488	1.507
11489	1.1608
11490	1.678
11491	1.9478
11492	1.5798
11493	1.7463
11494	2.0103
11495	1.7739
11496	2.0533
11497	1.796
11498	2.1097
11499	1.5085
11500	1.8243
11501	2.0682
11502	1.8704
11503	2.1616
11504	1.8483
11505	2.1744
11506	1.8866
11507	1.8901
11508	2.1913
11509	1.8888
11510	1.5732
11511	2.2193
11512	1.9113
11513	1.9798
11514	2.2703
11515	1.9536
11516	1.6462
11517	2.0023
11518	2.3019
11519	1.9834
11520	2.3214
11521	1.6868
11522	2.2814
11523	1.6288
11524	1.9406
11525	1.9422
11526	2.2475
11527	1.9071
11528	1.5618
11529	2.0139
11530	2.3148
11531	2.0584
11532	2.3449
11533	2.0558
11534	2.3859
11535	1.7441
11536	1.9977
11537	2.351
11538	1.7206
11539	2.3069
11540	1.9597
11541	2.0694
11542	2.3704
11543	2.0046
11544	2.0482
11545	2.3958
11546	2.0177
11547	2.3481
11548	1.6623
11549	2.342
11550	2.0821
11551	2.1454
11552	2.435
11553	2.1324
11554	2.1838
11555	2.4545
11556	2.2151
11557	2.4777
11558	2.2022
11559	2.4962
11560	2.1909
11561	2.4497
11562	2.2018
11563	2.4796
11564	2.4829
11565	1.914
11566	2.1916
11567	2.1188
11568	2.43
11569	2.1572
11570	2.1279
11571	2.3916
11572	2.1634
11573	2.4461
11574	2.4613
11575	2.1902
11576	2.2461
11577	2.4966
11578	2.2173
11579	1.931
11580	2.5306
11581	2.278
11582	2.3076
11583	2.5633
11584	2.2902
11585	2.3132
11586	2.5911
11587	2.5897
11588	2.3209
11589	2.4486
11590	2.6769
11591	2.3689
11592	2.5492
11593	2.7527
11594	2.6435
11595	2.7027
11596	2.9189
11597	2.8518
11598	2.7677
11599	2.9655
11600	3.0499
11601	2.852
11602	3.2662
11603	2.9735
11604	3.0876
11605	3.2453
11606	3.4499
11607	3.178
11608	3.3384
11609	3.4989
11610	3.5081
11611	3.6437
11612	3.6667
11613	3.8174
11614	3.7612
11615	3.9293
11616	3.9979
11617	3.8341
11618	4.326
11619	4.0556
11620	4.1681
11621	4.2854
11622	4.4574
11623	4.2432
11624	4.2841
11625	4.507
11626	4.2394
11627	4.4737
11628	4.1542
11629	4.4334
11630	4.3496
11631	4.0668
11632	3.5998
11633	4.
11634	3.8993
11635	3.2461
11636	3.7161
11637	3.1979
11638	2.868
11639	3.3832
11640	2.5433
11641	3.1092
11642	2.1878
11643	2.8348
11644	2.4852
11645	1.8324
11646	2.1541
11647	1.6255
11648	1.6376
11649	2.0437
11650	2.4222
11651	1.7911
11652	2.2821
11653	2.641
11654	1.6555
11655	2.5401
11656	2.8436
11657	2.8478
11658	3.084
11659	3.3457
11660	3.1588
11661	3.9839
11662	3.9369
11663	3.5016
11664	4.9746
11665	4.8564
11666	4.4901
11667	4.8342
11668	5.4335
11669	5.4911
11670	5.1139
11671	5.753
11672	5.7867
11673	5.3834
11674	6.0652
11675	6.0842
11676	6.3702
11677	6.364
11678	6.9442
11679	6.9267
11680	6.6577
11681	7.1939
11682	7.2145
11683	7.7136
11684	7.4832
11685	7.7621
11686	8.761
11687	8.6498
11688	8.5695
11689	8.8338
11690	9.3489
11691	9.2747
11692	9.0927
11693	9.6105
11694	9.5314
11695	9.8815
11696	9.7949
11697	10.157
11698	10.066
11699	10.432
11700	10.338
11701	10.703
11702	10.61
11703	10.53
11704	10.97
11705	10.879
11706	11.24
11707	11.147
11708	11.509
11709	11.42
11710	11.34
11711	11.749
11712	11.685
11713	11.978
11714	11.925
11715	12.175
11716	12.009
11717	12.217
11718	12.707
11719	12.678
11720	12.459
11721	12.474
11722	12.934
11723	12.961
11724	12.725
11725	13.466
11726	13.484
11727	13.225
11728	13.964
11729	13.97
11730	13.729
11731	14.193
11732	14.209
11733	14.414
11734	14.443
11735	14.666
11736	14.624
11737	15.003
11738	15.087
11739	14.758
11740	14.826
11741	15.137
11742	15.259
11743	15.235
11744	15.391
11745	14.998
11746	15.34
11747	15.499
11748	15.634
11749	15.5
11750	15.88
11751	16.015
11752	15.693
11753	15.554
11754	16.035
11755	16.214
11756	15.745
11757	16.065
11758	16.333
11759	16.092
11760	16.349
11761	16.182
11762	16.475
11763	16.238
11764	16.533
11765	16.342
11766	16.652
11767	16.48
11768	16.801
11769	16.546
11770	16.895
11771	16.541
11772	16.971
11773	16.564
11774	16.996
11775	16.652
11776	17.048
11777	16.701
11778	16.627
11779	17.134
11780	17.135
11781	17.025
11782	16.52
11783	16.784
11784	16.287
11785	16.237
11786	16.097
11787	16.672
11788	16.202
11789	16.561
11790	16.031
11791	16.537
11792	16.051
11793	16.1
11794	16.143
11795	16.536
11796	16.158
11797	16.093
11798	16.478
11799	16.414
11800	16.028
11801	16.277
11802	15.898
11803	15.971
11804	16.004
11805	15.59
11806	15.751
11807	15.654
11808	15.246
11809	15.357
11810	14.796
11811	15.227
11812	14.953
11813	14.509
11814	14.627
11815	15.071
11816	14.358
11817	14.491
11818	14.907
11819	14.298
11820	14.743
11821	14.81
11822	14.036
11823	14.494
11824	14.053
11825	14.029
11826	13.744
11827	13.62
11828	13.239
11829	13.481
11830	13.08
11831	13.668
11832	13.442
11833	12.758
11834	13.175
11835	12.944
11836	12.542
11837	12.961
11838	12.332
11839	12.753
11840	12.099
11841	12.127
11842	12.546
11843	11.93
11844	12.344
11845	11.691
11846	11.748
11847	12.146
11848	11.487
11849	11.581
11850	11.965
11851	11.787
11852	11.419
11853	11.187
11854	11.057
11855	10.825
11856	10.365
11857	10.733
11858	10.601
11859	10.114
11860	10.487
11861	9.8574
11862	10.233
11863	9.6171
11864	9.9798
11865	9.4089
11866	9.7505
11867	9.5427
11868	9.273
11869	8.8127
11870	9.0744
11871	9.0998
11872	8.7774
11873	8.5219
11874	7.9924
11875	8.0035
11876	7.7663
11877	6.844
11878	6.6376
11879	6.7879
11880	6.6815
11881	7.018
11882	7.0679
11883	4.8234
11884	4.9858
11885	4.9964
11886	4.8646
11887	4.6284
11888	4.7803
11889	4.7362
11890	4.5661
11891	4.6969
11892	4.8267
11893	4.7116
11894	4.6386
11895	4.601
11896	4.7195
11897	4.8413
11898	5.1225
11899	4.944
11900	5.188
11901	5.0212
11902	5.1205
11903	5.2869
11904	5.5729
11905	5.4155
11906	5.4204
11907	5.7401
11908	5.587
11909	5.7169
11910	5.9182
11911	6.0744
11912	5.9623
11913	5.7724
11914	6.4307
11915	6.3345
11916	6.231
11917	6.5531
11918	6.6437
11919	7.0973
11920	7.0097
11921	6.8673
11922	6.9424
11923	7.323
11924	7.2391
11925	7.1616
11926	7.5547
11927	7.4748
11928	7.7903
11929	7.7105
11930	8.0267
11931	7.9508
11932	8.2523
11933	8.4101
11934	8.4531
11935	8.1858
11936	8.1044
11937	8.8184
11938	8.6411
11939	8.8465
11940	9.4917
11941	9.2886
11942	9.5037
11943	9.3108
11944	9.9117
11945	9.9142
11946	9.7068
11947	10.137
11948	10.13
11949	10.383
11950	10.362
11951	10.63
11952	10.858
11953	10.843
11954	10.607
11955	11.038
11956	11.06
11957	11.225
11958	11.139
11959	11.581
11960	11.596
11961	11.318
11962	11.792
11963	11.821
11964	11.575
11965	12.02
11966	11.975
11967	12.329
11968	12.384
11969	12.15
11970	12.54
11971	12.567
11972	12.741
11973	12.862
11974	12.787
11975	13.011
11976	12.898
11977	13.594
11978	13.7
11979	13.402
11980	13.768
11981	13.878
11982	14.046
11983	13.927
11984	13.643
11985	14.242
11986	14.354
11987	14.08
11988	14.42
11989	14.699
11990	14.601
11991	14.321
11992	14.523
11993	14.129
11994	15.003
11995	14.754
11996	14.862
11997	15.5
11998	15.338
11999	15.234
12000	15.826
12001	15.924
12002	15.639
12003	16.011
12004	16.097
12005	16.26
12006	16.135
12007	16.343
12008	16.086
12009	16.062
12010	16.325
12011	16.57
12012	16.168
12013	16.521
12014	16.797
12015	16.985
12016	16.726
12017	17.494
12018	17.037
12019	17.231
12020	17.64
12021	17.926
12022	17.538
12023	18.036
12024	17.781
12025	17.365
12026	17.907
12027	18.251
12028	17.892
12029	17.915
12030	18.238
12031	17.986
12032	18.313
12033	17.564
12034	18.098
12035	18.395
12036	17.665
12037	18.197
12038	18.513
12039	18.316
12040	18.566
12041	18.698
12042	18.468
12043	18.847
12044	18.546
12045	18.552
12046	18.486
12047	18.802
12048	18.514
12049	18.538
12050	18.795
12051	18.582
12052	18.888
12053	18.269
12054	18.56
12055	18.862
12056	18.857
12057	18.571
12058	18.566
12059	18.882
12060	18.576
12061	18.26
12062	18.863
12063	18.568
12064	18.619
12065	18.886
12066	18.587
12067	18.926
12068	18.666
12069	18.743
12070	18.965
12071	18.702
12072	18.767
12073	18.998
12074	18.74
12075	18.988
12076	18.707
12077	18.946
12078	18.683
12079	18.929
12080	18.643
12081	18.891
12082	18.438
12083	18.613
12084	18.863
12085	18.38
12086	18.599
12087	18.854
12088	18.552
12089	18.818
12090	18.492
12091	18.769
12092	18.258
12093	18.465
12094	18.718
12095	18.21
12096	18.444
12097	18.715
12098	18.424
12099	18.683
12100	18.435
12101	18.671
12102	18.18
12103	18.692
12104	18.445
12105	18.659
12106	18.44
12107	18.464
12108	18.405
12109	18.633
12110	18.449
12111	18.371
12112	18.619
12113	18.314
12114	18.572
12115	18.29
12116	18.518
12117	18.278
12118	18.534
12119	18.489
12120	18.282
12121	18.27
12122	18.516
12123	18.302
12124	18.089
12125	18.242
12126	18.464
12127	18.038
12128	18.234
12129	18.465
12130	18.221
12131	18.448
12132	18.189
12133	18.424
12134	18.16
12135	18.386
12136	18.374
12137	18.123
12138	18.104
12139	18.322
12140	18.091
12141	17.863
12142	18.126
12143	18.343
12144	18.149
12145	18.35
12146	18.373
12147	18.169
12148	17.951
12149	18.153
12150	18.358
12151	18.168
12152	18.347
12153	18.158
12154	18.354
12155	18.168
12156	18.144
12157	18.305
12158	18.106
12159	18.105
12160	17.904
12161	18.037
12162	18.298
12163	18.096
12164	17.885
12165	18.226
12166	18.031
12167	17.82
12168	18.07
12169	18.288
12170	18.081
12171	18.041
12172	18.259
12173	18.009
12174	18.256
12175	17.811
12176	18.213
12177	18.016
12178	18.1
12179	18.287
12180	18.07
12181	18.093
12182	18.296
12183	18.277
12184	18.065
12185	18.253
12186	18.042
12187	18.026
12188	17.819
12189	18.017
12190	18.225
12191	18.015
12192	18.027
12193	18.227
12194	17.814
12195	18.022
12196	18.242
12197	18.025
12198	18.212
12199	17.794
12200	18.038
12201	18.256
12202	18.045
12203	18.013
12204	18.233
12205	18.224
12206	18.01
12207	18.006
12208	18.213
12209	18.012
12210	18.224
12211	18.027
12212	18.258
12213	18.042
12214	18.051
12215	17.827
12216	18.012
12217	18.235
12218	18.025
12219	17.803
12220	18.022
12221	18.228
12222	17.807
12223	18.043
12224	18.248
12225	18.247
12226	18.068
12227	18.078
12228	18.292
12229	18.091
12230	18.059
12231	18.272
12232	18.068
12233	18.265
12234	17.835
12235	18.063
12236	18.279
12237	17.877
12238	18.041
12239	18.251
12240	17.836
12241	18.039
12242	18.252
12243	17.815
12244	18.063
12245	18.26
12246	18.064
12247	18.309
12248	18.022
12249	18.259
12250	17.971
12251	18.223
12252	18.183
12253	17.934
12254	17.691
12255	17.942
12256	18.173
12257	17.927
12258	17.944
12259	18.188
12260	18.177
12261	17.94
12262	17.688
12263	17.894
12264	18.165
12265	17.9
12266	17.878
12267	18.121
12268	17.893
12269	18.141
12270	17.904
12271	18.142
12272	17.913
12273	18.158
12274	17.906
12275	18.151
12276	18.15
12277	17.645
12278	17.917
12279	18.005
12280	18.216
12281	17.962
12282	18.009
12283	18.251
12284	17.988
12285	18.228
12286	5.9919
12287	2.7853
12288	2.6026
12289	17.96
12290	18.197
12291	17.196
12292	17.702
12293	17.455
12294	16.665
12295	16.123
12296	16.403
12297	16.92
12298	16.93
12299	15.82
12300	15.522
12301	15.791
12302	15.561
12303	15.847
12304	15.824
12305	15.536
12306	15.829
12307	15.805
12308	15.807
12309	15.528
12310	15.798
12311	15.806
12312	15.526
12313	15.811
12314	15.535
12315	15.564
12316	15.829
12317	15.838
12318	15.61
12319	15.874
12320	15.874
12321	15.815
12322	15.559
12323	15.839
12324	15.551
12325	15.78
12326	15.722
12327	15.721
12328	15.477
12329	15.51
12330	15.752
12331	15.521
12332	15.837
12333	15.521
12334	15.833
12335	15.775
12336	15.537
12337	15.792
12338	15.795
12339	15.792
12340	15.569
12341	15.8
12342	15.545
12343	15.79
12344	15.761
12345	15.532
12346	15.782
12347	15.777
12348	15.521
12349	15.547
12350	15.79
12351	15.787
12352	15.54
12353	15.785
12354	15.776
12355	15.553
12356	15.775
12357	15.536
12358	15.795
12359	15.557
12360	15.561
12361	15.79
12362	15.779
12363	15.54
12364	15.774
12365	15.785
12366	15.552
12367	15.565
12368	15.747
12369	15.786
12370	15.54
12371	15.741
12372	16.01
12373	15.564
12374	15.804
12375	15.571
12376	15.807
12377	15.818
12378	15.84
12379	15.58
12380	15.83
12381	15.614
12382	15.863
12383	15.657
12384	15.899
12385	15.908
12386	15.855
12387	15.884
12388	15.626
12389	15.598
12390	15.857
12391	15.916
12392	15.682
12393	15.888
12394	16.14
12395	15.666
12396	15.945
12397	15.936
12398	15.689
12399	15.949
12400	15.703
12401	15.942
12402	15.837
12403	15.641
12404	15.891
12405	15.815
12406	15.606
12407	15.614
12408	15.849
12409	15.693
12410	15.928
12411	15.901
12412	15.86
12413	16.043
12414	16.102
12415	15.779
12416	16.013
12417	16.036
12418	15.746
12419	15.992
12420	15.963
12421	15.842
12422	16.07
12423	16.106
12424	16.112
12425	15.848
12426	16.085
12427	16.125
12428	15.886
12429	16.12
12430	15.875
12431	16.124
12432	15.881
12433	16.102
12434	16.077
12435	15.839
12436	15.877
12437	16.072
12438	15.84
12439	16.085
12440	15.844
12441	15.87
12442	16.2
12443	16.003
12444	16.285
12445	16.302
12446	16.168
12447	15.906
12448	16.219
12449	15.907
12450	16.166
12451	16.139
12452	15.883
12453	16.153
12454	16.091
12455	15.826
12456	16.061
12457	15.782
12458	15.774
12459	16.021
12460	16.032
12461	15.723
12462	16.078
12463	16.018
12464	15.691
12465	15.98
12466	15.669
12467	15.936
12468	15.572
12469	16.273
12470	15.901
12471	15.609
12472	15.665
12473	15.385
12474	16.105
12475	15.804
12476	15.236
12477	15.496
12478	15.319
12479	14.998
12480	15.378
12481	15.247
12482	14.944
12483	14.811
12484	15.19
12485	15.029
12486	14.722
12487	15.153
12488	14.88
12489	14.436
12490	14.795
12491	14.556
12492	14.023
12493	14.309
12494	14.531
12495	13.305
12496	13.745
12497	13.612
12498	14.073
12499	13.246
12500	12.935
12501	13.437
12502	12.76
12503	13.048
12504	12.414
12505	12.112
12506	12.585
12507	11.916
12508	12.136
12509	11.472
12510	11.298
12511	11.797
12512	11.915
12513	11.019
12514	11.163
12515	10.524
12516	10.877
12517	10.655
12518	10.091
12519	9.9077
12520	9.9545
12521	10.243
12522	10.001
12523	9.8203
12524	10.256
12525	9.7296
12526	10.215
12527	9.9379
12528	9.1422
12529	8.9927
12530	9.2877
12531	8.9895
12532	8.8381
12533	8.8651
12534	8.7111
12535	8.7571
12536	8.6699
12537	8.4958
12538	8.5955
12539	8.4102
12540	8.5818
12541	8.1115
12542	7.9812
12543	8.2497
12544	7.9502
12545	7.7792
12546	7.6906
12547	7.8407
12548	7.6482
12549	7.5398
12550	7.6365
12551	7.4513
12552	7.6322
12553	7.4654
12554	7.5419
12555	7.3942
12556	7.4308
12557	7.2937
12558	7.6896
12559	7.3136
12560	7.1869
12561	7.2022
12562	7.0796
12563	7.0995
12564	6.9819
12565	7.3173
12566	6.9953
12567	6.888
12568	7.2073
12569	6.8835
12570	6.7913
12571	7.0852
12572	6.6867
12573	6.7569
12574	6.6411
12575	6.502
12576	6.6286
12577	6.5169
12578	6.6633
12579	6.4999
12580	6.3877
12581	6.5663
12582	6.3464
12583	6.4577
12584	6.2247
12585	6.1009
12586	6.1728
12587	6.1565
12588	6.2968
12589	6.0962
12590	6.0243
12591	6.116
12592	6.0807
12593	6.012
12594	6.0679
12595	6.0025
12596	6.0573
12597	5.9971
12598	6.0721
12599	5.9916
12600	6.1102
12601	6.
12602	6.1143
12603	6.0399
12604	6.1368
12605	6.1669
12606	6.0848
12607	6.2378
12608	6.1454
12609	6.3251
12610	6.2243
12611	6.3139
12612	6.4292
12613	6.3192
12614	6.421
12615	6.5722
12616	6.4416
12617	6.4784
12618	6.7742
12619	6.615
12620	7.0425
12621	6.8502
12622	7.3907
12623	7.1647
12624	7.846
12625	7.596
12626	8.33
12627	8.2043
12628	8.8124
12629	9.0222
12630	9.3682
12631	10.229
12632	9.4576
12633	10.263
12634	8.9721
12635	10.564
12636	8.3691
12637	9.1622
12638	7.6847
12639	8.0582
12640	7.0528
12641	7.2521
12642	6.5581
12643	6.6611
12644	6.162
12645	6.2067
12646	5.8582
12647	5.8555
12648	5.6248
12649	5.5942
12650	5.43
12651	5.382
12652	5.2601
12653	5.1998
12654	5.1168
12655	5.0387
12656	5.0029
12657	4.907
12658	4.8925
12659	4.7968
12660	5.0942
12661	4.7954
12662	4.679
12663	4.7329
12664	4.5938
12665	4.6727
12666	4.5304
12667	4.6083
12668	4.456
12669	4.5597
12670	4.3909
12671	4.5317
12672	4.3431
12673	4.5167
12674	4.3118
12675	4.5079
12676	4.2872
12677	4.4963
12678	4.2683
12679	4.4674
12680	4.242
12681	4.4512
12682	4.2039
12683	4.4841
12684	4.201
12685	4.5021
12686	4.2378
12687	4.4751
12688	4.2118
12689	4.7741
12690	4.4566
12691	4.1858
12692	4.477
12693	4.1802
12694	4.5514
12695	4.2139
12696	4.5986
12697	4.2844
12698	4.6072
12699	4.2865
12700	4.9023
12701	4.6643
12702	4.9151
12703	4.3111
12704	4.7122
12705	4.3772
12706	5.0473
12707	4.7457
12708	4.3947
12709	4.8352
12710	4.449
12711	4.9176
12712	4.5429
12713	4.9857
12714	4.5929
12715	5.2942
12716	5.0934
12717	4.6726
12718	5.1872
12719	4.7776
12720	5.214
12721	4.8353
12722	5.2329
12723	4.8494
12724	5.3106
12725	4.902
12726	5.4181
12727	4.9992
12728	5.7359
12729	5.5291
12730	5.0984
12731	5.6495
12732	5.2052
12733	5.9799
12734	5.7659
12735	5.3181
12736	6.1172
12737	5.8704
12738	5.4207
12739	5.9335
12740	5.5157
12741	6.3444
12742	5.9848
12743	5.5616
12744	6.091
12745	5.6448
12746	6.1696
12747	5.7666
12748	6.2235
12749	5.8121
12750	6.3397
12751	5.9045
12752	6.4692
12753	6.0385
12754	6.5443
12755	6.1508
12756	6.6092
12757	6.2088
12758	6.731
12759	6.3082
12760	6.8541
12761	6.4479
12762	6.9314
12763	6.5486
12764	7.2598
12765	6.6262
12766	6.9919
12767	7.4848
12768	7.0242
12769	7.25
12770	7.7255
12771	7.2427
12772	7.9596
12773	7.4516
12774	8.2346
12775	8.2737
12776	7.6743
12777	8.3529
12778	8.0122
12779	8.6936
12780	8.8786
12781	9.9851
12782	9.2402
12783	9.6113
12784	10.314
12785	9.5825
12786	10.574
12787	9.9077
12788	10.839
12789	10.108
12790	11.25
12791	11.047
12792	10.411
12793	11.521
12794	11.23
12795	10.581
12796	11.491
12797	10.844
12798	11.723
12799	11.128
12800	11.31
12801	11.881
12802	12.094
12803	11.594
12804	11.985
12805	12.285
12806	11.755
12807	12.457
12808	11.986
12809	12.451
12810	12.104
12811	12.453
12812	12.092
12813	12.616
12814	12.214
12815	12.768
12816	12.396
12817	12.818
12818	12.488
12819	13.144
12820	12.756
12821	12.513
12822	13.155
12823	12.633
12824	12.44
12825	12.94
12826	12.498
12827	12.359
12828	12.798
12829	12.396
12830	12.245
12831	12.357
12832	12.185
12833	12.313
12834	12.143
12835	12.546
12836	12.257
12837	12.086
12838	12.468
12839	12.192
12840	12.04
12841	12.139
12842	11.998
12843	12.105
12844	11.979
12845	12.095
12846	11.963
12847	11.954
12848	12.088
12849	11.982
12850	12.042
12851	11.951
12852	11.983
12853	11.909
12854	11.915
12855	11.863
12856	11.828
12857	11.792
12858	11.716
12859	11.711
12860	11.603
12861	11.576
12862	11.618
12863	11.496
12864	11.49
12865	11.371
12866	11.389
12867	11.236
12868	11.247
12869	11.091
12870	11.12
12871	11.214
12872	10.934
12873	10.977
12874	10.777
12875	10.829
12876	10.627
12877	10.687
12878	10.486
12879	10.535
12880	10.546
12881	10.351
12882	10.392
12883	10.479
12884	10.189
12885	10.254
12886	9.9978
12887	10.057
12888	9.7968
12889	9.863
12890	9.5821
12891	9.6727
12892	9.7355
12893	9.3639
12894	9.4555
12895	9.5073
12896	9.1489
12897	9.2235
12898	8.9396
12899	9.0304
12900	8.7335
12901	8.8145
12902	8.4951
12903	8.5714
12904	8.69
12905	8.209
12906	8.3095
12907	8.4148
12908	7.9169
12909	8.049
12910	7.6378
12911	7.7365
12912	7.8205
12913	7.3476
12914	7.4313
12915	7.0572
12916	7.154
12917	6.7703
12918	6.9686
12919	6.4801
12920	6.4574
12921	6.6228
12922	6.1945
12923	6.3048
12924	5.952
12925	5.9108
12926	5.2174
12927	5.3677
12928	5.5832
12929	4.8843
12930	5.0802
12931	4.5764
12932	4.6621
12933	4.2272
12934	4.3063
12935	3.8629
12936	3.9491
12937	3.5169
12938	3.6808
12939	3.0624
12940	3.1306
12941	3.4698
12942	2.4983
12943	2.666
12944	2.9207
12945	2.2679
12946	1.9524
12947	0.95314
12948	0.88246
12949	0.89714
12950	1.4052
12951	0.61442
12952	0.60267
12953	0.23465
12954	0.34235
12955	-0.29682
12956	-2.7748e-002
12957	-0.97572
12958	-0.6396
12959	-1.7429
12960	-1.406
12961	-2.635
12962	-2.3291
12963	-3.6673
12964	-2.9832
12965	-4.9577
12966	-4.2353
12967	-3.8534
12968	-6.7444
12969	-5.9501
12970	-5.3227
12971	-9.0874
12972	-7.9641
12973	-11.784
12974	-11.094
12975	-9.3975
12976	-14.536
12977	-14.72
12978	-11.626
12979	-15.845
12980	-19.133
12981	-18.136
12982	-14.85
12983	-18.605
12984	-12.471
12985	-15.952
12986	-9.7021
12987	-12.709
12988	-7.4952
12989	-9.6352
12990	-5.7385
12991	-7.5578
12992	-3.6643
12993	-5.1889
12994	-1.7386
12995	-4.0985
12996	-0.46178
12997	-1.649
12998	-0.32478
12999	0.61773
13000	0.29314
13001	1.5395
13002	1.3815
13003	2.1695
13004	2.1054
13005	2.5609
13006	2.5964
13007	2.9725
13008	2.9568
13009	2.8412
13010	3.0148
13011	3.0136
13012	2.9844
13013	2.9829
13014	2.892
13015	2.9007
13016	2.6483
13017	2.6048
13018	2.7878
13019	2.8483
13020	2.5097
13021	2.4444
13022	2.3631
13023	2.2895
13024	2.1642
13025	2.102
13026	1.9121
13027	1.8743
13028	2.2058
13029	1.9145
13030	1.566
13031	1.6207
13032	1.8924
13033	2.2081
13034	1.5656
13035	1.5439
13036	1.3343
13037	1.1338
13038	1.2332
13039	1.1889
13040	0.9891
13041	1.0125
13042	0.81352
13043	1.3937
13044	0.82316
13045	0.61396
13046	1.2037
13047	0.66543
13048	0.41996
13049	1.0347
13050	0.4955
13051	0.26382
13052	0.93225
13053	0.32015
13054	5.9844e-002
13055	0.18815
13056	-9.2305e-002
13057	3.3692e-002
13058	-0.2253
13059	-0.13754
13060	-0.40951
13061	-0.27423
13062	-0.57749
13063	-0.42367
13064	-0.6883
13065	-0.5643
13066	-0.85112
13067	-0.70586
13068	-0.9375
13069	-0.30684
13070	-0.83403
13071	-1.115
13072	-0.85784
13073	-1.2005
13074	-0.85349
13075	-1.2154
13076	-0.87846
13077	-1.2191
13078	-1.2691
13079	-0.92653
13080	-0.98544
13081	-1.3481
13082	-0.96558
13083	-0.98725
13084	-1.3603
13085	-0.98595
13086	-1.3313
13087	-0.6406
13088	-0.99172
13089	-1.3724
13090	-1.0006
13091	-1.3914
13092	-0.63903
13093	-1.0013
13094	-1.4026
13095	-0.64668
13096	-1.0506
13097	-1.4062
13098	-1.14
13099	-1.5023
13100	-1.1977
13101	-1.5578
13102	-1.2392
13103	-1.6187
13104	-0.86971
13105	-1.2685
13106	-1.6409
13107	-0.89339
13108	-1.2989
13109	-1.6912
13110	-1.3427
13111	-1.6754
13112	-1.3965
13113	-1.7383
13114	-1.3859
13115	-1.7749
13116	-1.3787
13117	-1.7345
13118	-1.4446
13119	-1.7797
13120	-1.4762
13121	-1.8236
13122	-1.4154
13123	-1.8107
13124	-1.2697
13125	-1.7245
13126	-1.1016
13127	-1.5751
13128	-0.78602
13129	-1.0183
13130	-1.4775
13131	-1.05
13132	-1.467
13133	-1.0979
13134	-1.5239
13135	-0.66201
13136	-1.1425
13137	-1.5469
13138	-0.70043
13139	-1.2649
13140	-1.6077
13141	-1.3924
13142	-1.7381
13143	-1.4407
13144	-1.8036
13145	-1.4306
13146	-1.8119
13147	-1.0757
13148	-1.4336
13149	-1.7672
13150	-1.0482
13151	-1.4373
13152	-1.8213
13153	-1.4256
13154	-1.8161
13155	-1.4372
13156	-1.7895
13157	-1.4291
13158	-1.8057
13159	-1.4284
13160	-1.7823
13161	-1.4352
13162	-1.7929
13163	-1.4612
13164	-1.775
13165	-1.446
13166	-1.8216
13167	-1.1154
13168	-1.3939
13169	-1.7577
13170	-1.3828
13171	-1.7638
13172	-1.3895
13173	-1.7387
13174	-1.6422
13175	-1.7604
13176	-1.1241
13177	-1.4618
13178	-1.2266
13179	-1.5893
13180	-0.86936
13181	-1.2665
13182	-1.6241
13183	-0.89054
13184	6.4486
13185	6.5747
13186	6.501
13187	6.2673
13188	6.3722
13189	6.3383
13190	6.0928
13191	6.1724
13192	6.1765
13193	5.9323
13194	5.9843
13195	5.7828
13196	5.8124
13197	5.6365
13198	5.6504
13199	5.4956
13200	5.4927
13201	5.371
13202	5.3484
13203	5.2653
13204	5.2259
13205	5.1871
13206	5.1226
13207	5.1388
13208	5.0546
13209	5.1031
13210	5.0125
13211	5.2198
13212	5.0869
13213	4.9818
13214	5.1052
13215	4.9875
13216	5.1506
13217	5.204
13218	5.0288
13219	5.2703
13220	5.1766
13221	5.2073
13222	5.3504
13223	5.2753
13224	5.4578
13225	5.4058
13226	5.578
13227	5.5325
13228	5.462
13229	-1.3074
13230	-1.6464
13231	-1.3624
13232	-1.6644
13233	-1.3471
13234	-1.7041
13235	-1.1694
13236	-1.6154
13237	-1.0051
13238	-1.4197
13239	-0.70058
13240	-0.95792
13241	-1.3476
13242	-0.98089
13243	-1.3157
13244	-0.99415
13245	-1.3458
13246	-0.91948
13247	-1.301
13248	-0.84108
13249	-1.2017
13250	-0.80042
13251	-1.155
13252	-0.78125
13253	-1.1175
13254	-0.83199
13255	-1.1001
13256	-0.8712
13257	-1.1493
13258	-0.76632
13259	-1.0975
13260	-0.59774
13261	-0.9203
13262	-0.46309
13263	-0.80236
13264	-0.35763
13265	-0.68405
13266	-0.23871
13267	-0.57459
13268	-8.1002e-002
13269	-0.44127
13270	9.8088e-002
13271	6.5729e-002
13272	-0.2809
13273	0.2167
13274	0.3345
13275	-1.5942e-002
13276	-0.16237
13277	5.4466
13278	5.3225
13279	5.2026
13280	5.2941
13281	5.2256
13282	5.1052
13283	5.1159
13284	5.2116
13285	6.0311
13286	5.8441
13287	5.8578
13288	5.9362
13289	5.763
13290	5.7176
13291	0.42842
13292	1.2414e-002
13293	0.68371
13294	15.573
13295	15.861
13296	17.948
13297	18.181
13298	0.84576
13299	1.101
13300	1.5001
13301	3.2584
13302	2.9412
13303	2.7003
13304	9.26e-002
13305	5.6938
13306	5.7628
13307	-0.32341
13308	-0.33803
13309	-0.39502
13310	-0.509
13311	-0.64117
13312	-0.77716
13313	-0.90101
13314	-1.0233
13315	-1.1249
13316	-1.2515
13317	-1.3756
13318	-1.4175
13319	-1.4364
13320	-1.4721
13321	-1.5156
13322	-1.5832
13323	-1.6526
13324	-1.6806
13325	-1.7054
13326	-1.7622
13327	-1.9724
13328	-1.8657
13329	-2.0061
13330	-2.0034
13331	-2.004
13332	-1.9868
13333	-1.927
13334	-1.9991
13335	-2.1097
13336	-2.1197
13337	-2.1276
13338	-2.1333
13339	-2.1354
13340	-2.1326
13341	-2.1589
13342	-2.1468
13343	-2.158
13344	-2.18
13345	-2.2
13346	-2.1548
13347	-2.1484
13348	-2.1748
13349	-2.1493
13350	-2.081
13351	-2.0122
13352	-1.9729
13353	-1.941
13354	-1.9263
13355	-1.9511
13356	-2.0299
13357	-2.1198
13358	-2.1581
13359	-2.1587
13360	-2.1355
13361	-2.1235
13362	-2.1167
13363	-2.0709
13364	-2.0677
13365	-2.0636
13366	-2.0205
13367	-1.9788
13368	-1.9201
13369	-1.8579
13370	-1.8076
13371	-1.7934
13372	-1.7721
13373	-1.7178
13374	-1.7043
13375	-1.7229
13376	-1.7136
13377	-1.6737
13378	-1.3312
13379	-1.6097
13380	-1.581
13381	-1.5581
13382	-1.4814
13383	-1.3466
13384	-1.2243
13385	-1.1158
13386	-0.99156
13387	-0.84946
13388	-0.6685
13389	-0.50575
13390	-0.35261
13391	-0.17183
13392	1.8358e-002
13393	0.21076
13394	0.415
13395	0.61373
13396	0.78855
13397	0.96671
13398	1.2114
13399	1.4114
13400	1.8121
13401	1.5828
13402	2.0284
13403	2.2242
13404	2.4009
13405	2.5827
13406	2.7571
13407	2.7658
13408	2.8904
13409	2.9817
13410	2.9978
13411	2.9525
13412	2.8726
13413	2.8108
13414	2.8462
13415	2.4968
13416	1.9475
13417	1.0569
13418	-0.89407
13419	-4.0089
13420	-5.6232
13421	-7.0083
13422	-9.6978
13423	-12.642
13424	-19.707
13425	-16.19
13426	-21.893
13427	-21.384
13428	-18.32
13429	-14.029
13430	-9.9705
13431	-7.1699
13432	-5.2276
13433	-3.5511
13434	-2.6773
13435	-1.9922
13436	-1.0699
13437	-0.37053
13438	7.9956e-002
13439	0.3306
13440	0.532
13441	0.66137
13442	0.90975
13443	1.7333
13444	1.4178
13445	2.4356
13446	2.7342
13447	3.2944
13448	3.767
13449	4.0283
13450	4.3921
13451	4.8581
13452	5.2306
13453	5.4377
13454	5.6945
13455	5.6532
13456	6.0623
13457	6.2821
13458	6.4565
13459	6.8202
13460	7.0654
13461	7.2377
13462	7.53
13463	7.8686
13464	8.1495
13465	8.3859
13466	8.6524
13467	8.9053
13468	9.1049
13469	9.3151
13470	9.5461
13471	9.7389
13472	9.9225
13473	10.123
13474	10.295
13475	10.441
13476	10.595
13477	10.739
13478	10.872
13479	11.006
13480	11.131
13481	11.264
13482	11.382
13483	11.462
13484	11.541
13485	11.613
13486	11.675
13487	11.74
13488	11.789
13489	11.819
13490	11.845
13491	11.849
13492	11.831
13493	11.829
13494	11.838
13495	11.846
13496	11.87
13497	11.916
13498	11.972
13499	12.035
13500	12.106
13501	12.166
13502	12.196
13503	12.183
13504	12.115
13505	11.994
13506	11.853
13507	11.746
13508	11.634
13509	11.457
13510	11.255
13511	11.052
13512	10.872
13513	11.443
13514	10.715
13515	10.481
13516	10.196
13517	9.9459
13518	9.6805
13519	9.4425
13520	9.1759
13521	8.8375
13522	8.5328
13523	8.2775
13524	8.9039
13525	8.0165
13526	8.7552
13527	7.7102
13528	8.3916
13529	7.4128
13530	7.1662
13531	6.9687
13532	6.7821
13533	6.6048
13534	6.4556
13535	6.8306
13536	6.3406
13537	6.7063
13538	6.2434
13539	6.1425
13540	6.0251
13541	5.9078
13542	5.8153
13543	5.7201
13544	5.6033
13545	5.4092
13546	5.4931
13547	5.3204
13548	5.2217
13549	5.1438
13550	5.066
13551	4.973
13552	4.8738
13553	4.7745
13554	4.6796
13555	4.5907
13556	4.5186
13557	4.4707
13558	4.4257
13559	4.3568
13560	4.2798
13561	4.2182
13562	4.1567
13563	4.0981
13564	4.0598
13565	4.024
13566	3.9722
13567	3.9903
13568	3.9469
13569	3.9171
13570	3.9093
13571	3.9225
13572	3.9475
13573	3.9546
13574	3.9537
13575	3.9784
13576	4.014
13577	4.0475
13578	4.0823
13579	4.1232
13580	4.1743
13581	4.2387
13582	4.3137
13583	4.3913
13584	4.4773
13585	4.5833
13586	4.7009
13587	4.9784
13588	4.8289
13589	5.1518
13590	5.3514
13591	5.5915
13592	5.9001
13593	6.3097
13594	6.8604
13595	7.6256
13596	8.8513
13597	10.754
13598	11.369
13599	11.123
13600	10.439
13601	8.8965
13602	7.9543
13603	7.37
13604	6.9723
13605	6.691
13606	6.4844
13607	6.3316
13608	6.2184
13609	6.1319
13610	6.0633
13611	6.0103
13612	5.9678
13613	5.9315
13614	5.9396
13615	5.9317
13616	5.9338
13617	5.9401
13618	5.9517
13619	5.9696
13620	6.0434
13621	5.9952
13622	6.0672
13623	6.0326
13624	6.081
13625	6.1376
13626	6.2213
13627	6.19
13628	6.3014
13629	6.2341
13630	6.2901
13631	6.3421
13632	6.4687
13633	6.3778
13634	6.4244
13635	6.5007
13636	6.5709
13637	6.5945
13638	6.684
13639	6.7704
13640	6.8594
13641	6.953
13642	7.0498
13643	7.146
13644	7.2274
13645	7.2802
13646	7.3429
13647	7.4512
13648	7.5811
13649	7.7105
13650	7.8266
13651	7.9333
13652	8.095
13653	8.0388
13654	8.2114
13655	8.1395
13656	8.3111
13657	8.2362
13658	8.3342
13659	8.4414
13660	8.5597
13661	8.6886
13662	8.8082
13663	8.8995
13664	9.1032
13665	8.9872
13666	9.1855
13667	9.1096
13668	9.2346
13669	9.2424
13670	9.4168
13671	9.55
13672	9.3563
13673	9.5491
13674	9.4548
13675	9.6371
13676	9.722
13677	9.8419
13678	9.9728
13679	10.13
13680	10.091
13681	10.243
13682	10.229
13683	10.361
13684	10.407
13685	10.617
13686	10.76
13687	10.846
13688	11.091
13689	11.37
13690	11.59
13691	11.614
13692	11.803
13693	12.046
13694	12.275
13695	12.277
13696	12.565
13697	12.449
13698	12.663
13699	12.857
13700	13.164
13701	12.991
13702	13.165
13703	13.431
13704	13.64
13705	13.346
13706	13.703
13707	13.515
13708	13.864
13709	14.21
13710	13.991
13711	14.35
13712	14.112
13713	14.249
13714	14.368
13715	14.422
13716	14.8
13717	14.508
13718	14.623
13719	14.706
13720	14.826
13721	15.086
13722	14.956
13723	15.065
13724	15.14
13725	15.484
13726	15.192
13727	15.521
13728	15.245
13729	15.298
13730	15.342
13731	15.382
13732	15.433
13733	15.48
13734	15.789
13735	15.485
13736	15.836
13737	15.488
13738	15.734
13739	15.495
13740	15.517
13741	15.57
13742	15.596
13743	15.602
13744	15.865
13745	15.624
13746	15.883
13747	15.645
13748	15.668
13749	15.702
13750	15.98
13751	15.713
13752	16.012
13753	15.699
13754	15.694
13755	15.98
13756	15.672
13757	16.001
13758	15.629
13759	15.612
13760	15.602
13761	15.614
13762	15.633
13763	15.635
13764	15.636
13765	15.622
13766	15.601
13767	15.608
13768	15.839
13769	15.621
13770	15.857
13771	15.609
13772	15.874
13773	15.598
13774	15.579
13775	15.826
13776	15.543
13777	15.789
13778	15.524
13779	15.741
13780	15.547
13781	15.548
13782	15.556
13783	15.563
13784	15.806
13785	15.537
13786	15.72
13787	15.49
13788	15.457
13789	15.471
13790	15.43
13791	15.665
13792	15.406
13793	15.411
13794	15.448
13795	15.463
13796	15.466
13797	15.701
13798	15.456
13799	15.444
13800	15.432
13801	15.426
13802	15.428
13803	15.374
13804	15.633
13805	15.368
13806	15.403
13807	15.653
13808	15.396
13809	15.384
13810	15.381
13811	15.626
13812	15.398
13813	15.656
13814	15.389
13815	15.638
13816	15.354
13817	15.339
13818	15.347
13819	15.341
13820	15.319
13821	15.344
13822	15.305
13823	15.323
13824	15.506
13825	15.331
13826	15.313
13827	15.308
13828	15.313
13829	15.542
13830	15.323
13831	15.318
13832	15.314
13833	15.306
13834	15.32
13835	15.323
13836	15.566
13837	15.292
13838	15.293
13839	15.309
13840	15.315
13841	15.559
13842	15.323
13843	15.324
13844	15.3
13845	15.555
13846	15.292
13847	15.329
13848	15.55
13849	15.342
13850	15.586
13851	15.313
13852	15.567
13853	15.319
13854	15.315
13855	15.631
13856	15.276
13857	15.266
13858	15.265
13859	15.295
13860	15.278
13861	15.307
13862	15.322
13863	15.323
13864	15.311
13865	15.586
13866	15.307
13867	15.581
13868	15.299
13869	15.573
13870	15.283
13871	15.263
13872	15.547
13873	15.256
13874	15.256
13875	15.249
13876	15.25
13877	15.519
13878	15.255
13879	15.262
13880	15.548
13881	15.251
13882	15.245
13883	15.513
13884	15.276
13885	15.314
13886	15.602
13887	16.14
13888	16.659
13889	17.179
13890	17.701
13891	18.188
13892	18.422
13893	18.419
13894	18.438
13895	18.47
13896	18.463
13897	18.427
13898	18.406
13899	18.172
13900	18.396
13901	18.397
13902	18.396
13903	18.39
13904	18.383
13905	18.392
13906	18.409
13907	18.424
13908	18.145
13909	18.427
13910	18.19
13911	18.421
13912	18.419
13913	18.414
13914	18.419
13915	18.169
13916	18.435
13917	18.46
13918	18.504
13919	18.506
13920	18.472
13921	18.462
13922	18.467
13923	18.477
13924	18.479
13925	18.486
13926	18.487
13927	18.466
13928	18.286
13929	18.452
13930	18.453
13931	18.451
13932	18.473
13933	18.476
13934	18.263
13935	18.462
13936	18.245
13937	18.473
13938	18.463
13939	18.265
13940	18.431
13941	18.435
13942	18.459
13943	18.234
13944	18.454
13945	18.241
13946	18.443
13947	18.451
13948	18.453
13949	18.242
13950	18.429
13951	18.443
13952	18.432
13953	18.435
13954	18.44
13955	18.458
13956	18.23
13957	18.468
13958	18.469
13959	18.257
13960	18.48
13961	18.483
13962	18.473
13963	18.46
13964	18.453
13965	18.474
13966	18.477
13967	18.484
13968	18.473
13969	18.278
13970	18.487
13971	18.513
13972	18.511
13973	18.311
13974	18.509
13975	18.516
13976	18.309
13977	18.534
13978	18.324
13979	18.549
13980	18.551
13981	18.362
13982	18.551
13983	18.568
13984	18.581
13985	18.378
13986	18.574
13987	18.567
13988	18.562
13989	18.56
13990	18.579
13991	18.328
13992	18.6
13993	18.621
13994	18.651
13995	18.678
13996	18.687
13997	18.711
13998	18.734
13999	18.726
14000	18.52
14001	18.745
14002	18.762
14003	18.776
14004	18.821
14005	18.848
14006	18.865
14007	18.889
14008	18.68
14009	18.887
14010	18.691
14011	18.89
14012	18.918
14013	18.671
14014	18.927
14015	18.929
14016	18.953
14017	18.968
14018	18.995
14019	19.035
14020	19.074
14021	19.105
14022	19.111
14023	19.136
14024	19.168
14025	19.194
14026	19.219
14027	19.22
14028	19.2
14029	19.197
14030	18.937
14031	19.193
14032	19.174
14033	19.169
14034	18.875
14035	19.179
14036	19.189
14037	19.169
14038	18.883
14039	19.16
14040	19.169
14041	19.146
14042	19.111
14043	19.123
14044	19.137
14045	18.836
14046	19.105
14047	19.04
14048	18.81
14049	18.948
14050	18.882
14051	18.809
14052	18.722
14053	18.636
14054	18.582
14055	18.541
14056	18.436
14057	18.181
14058	18.321
14059	18.243
14060	18.118
14061	17.855
14062	17.947
14063	17.685
14064	17.743
14065	17.571
14066	17.286
14067	17.44
14068	17.181
14069	17.261
14070	17.042
14071	16.87
14072	16.469
14073	16.769
14074	16.602
14075	16.671
14076	16.346
14077	16.47
14078	16.195
14079	16.043
14080	15.757
14081	15.895
14082	15.646
14083	15.765
14084	15.516
14085	15.38
14086	15.38
14087	15.243
14088	15.25
14089	15.109
14090	15.12
14091	14.969
14092	14.87
14093	14.802
14094	14.636
14095	14.477
14096	14.321
14097	14.203
14098	14.156
14099	13.983
14100	13.806
14101	13.627
14102	13.508
14103	13.455
14104	13.334
14105	13.288
14106	13.175
14107	13.133
14108	12.988
14109	12.814
14110	12.622
14111	12.437
14112	12.248
14113	12.203
14114	12.049
14115	11.836
14116	11.615
14117	11.423
14118	11.338
14119	11.247
14120	11.045
14121	10.82
14122	10.586
14123	10.355
14124	10.133
14125	9.9149
14126	9.6955
14127	9.7075
14128	9.4706
14129	9.2416
14130	9.2674
14131	9.0131
14132	9.0412
14133	8.7906
14134	8.5703
14135	8.6133
14136	8.3435
14137	8.1099
14138	7.871
14139	7.6306
14140	7.3909
14141	7.1515
14142	6.914
14143	6.681
14144	6.7715
14145	6.4568
14146	6.2441
14147	6.0285
14148	5.8165
14149	5.6192
14150	5.4296
14151	5.2514
14152	4.9537
14153	5.0898
14154	4.8428
14155	4.7361
14156	4.6057
14157	4.494
14158	4.442
14159	4.4297
14160	4.5605
14161	4.4435
14162	4.4812
14163	4.589
14164	4.553
14165	4.6637
14166	4.7049
14167	4.8075
14168	4.9733
14169	4.9699
14170	5.1789
14171	5.1056
14172	5.4401
14173	5.3125
14174	5.5644
14175	5.526
14176	5.3306
14177	5.1816
14178	5.0647
14179	5.0953
14180	4.9735
14181	4.8824
14182	4.911
14183	4.8912
14184	4.9283
14185	4.9901
14186	5.0832
14187	5.2034
14188	5.3456
14189	5.5067
14190	5.68
14191	5.8644
14192	6.0639
14193	6.2772
14194	6.4982
14195	6.7249
14196	6.9619
14197	7.2103
14198	7.4654
14199	7.2601
14200	7.7218
14201	7.5064
14202	7.9764
14203	7.7503
14204	8.2314
14205	8.491
14206	8.2424
14207	8.7586
14208	8.503
14209	9.0391
14210	9.3097
14211	9.5341
14212	9.3351
14213	9.7028
14214	9.4331
14215	9.8844
14216	10.113
14217	10.356
14218	10.606
14219	10.855
14220	11.098
14221	11.328
14222	10.966
14223	11.557
14224	11.781
14225	11.426
14226	11.982
14227	11.614
14228	12.171
14229	12.363
14230	12.56
14231	12.763
14232	12.967
14233	13.173
14234	13.378
14235	13.57
14236	13.741
14237	13.34
14238	13.911
14239	14.099
14240	14.282
14241	13.873
14242	14.435
14243	14.589
14244	14.151
14245	14.754
14246	14.313
14247	14.938
14248	15.108
14249	15.226
14250	15.352
14251	15.503
14252	15.656
14253	15.803
14254	15.382
14255	15.935
14256	15.527
14257	16.054
14258	16.17
14259	15.757
14260	16.288
14261	15.874
14262	16.418
14263	16.544
14264	16.166
14265	16.642
14266	16.722
14267	16.336
14268	16.799
14269	16.87
14270	16.931
14271	16.972
14272	16.553
14273	16.994
14274	16.557
14275	17.016
14276	17.06
14277	16.529
14278	17.136
14279	17.231
14280	17.308
14281	16.761
14282	17.354
14283	17.417
14284	16.858
14285	17.487
14286	16.946
14287	17.502
14288	16.997
14289	17.532
14290	17.568
14291	17.531
14292	17.479
14293	17.426
14294	17.32
14295	17.216
14296	17.111
14297	16.947
14298	16.827
14299	16.733
14300	16.617
14301	16.512
14302	16.35
14303	16.143
14304	15.793
14305	15.955
14306	15.655
14307	15.512
14308	15.343
14309	15.145
14310	14.926
14311	14.884
14312	14.696
14313	14.459
14314	14.215
14315	13.963
14316	13.704
14317	13.722
14318	13.436
14319	13.168
14320	13.196
14321	12.905
14322	12.644
14323	12.384
14324	12.426
14325	12.122
14326	11.86
14327	11.596
14328	11.327
14329	11.057
14330	10.787
14331	10.516
14332	10.246
14333	9.9791
14334	9.7158
14335	9.4572
14336	9.2016
14337	8.9468
14338	9.0196
14339	8.6933
14340	8.441
14341	8.5018
14342	8.1882
14343	8.2421
14344	7.9336
14345	7.9821
14346	7.6786
14347	7.1765
14348	7.4277
14349	6.9199
14350	6.6572
14351	6.651
14352	6.3893
14353	6.1178
14354	5.8442
14355	5.5693
14356	5.3326
14357	5.1922
14358	5.116
14359	4.8347
14360	4.4746
14361	4.4684
14362	4.2307
14363	4.0494
14364	3.801
14365	3.6141
14366	3.5819
14367	3.3875
14368	3.2026
14369	3.0195
14370	2.853
14371	2.7505
14372	2.2219
14373	2.7689
14374	2.9052
14375	2.2524
14376	3.1322
14377	3.4007
14378	3.6244
14379	3.8533
14380	4.1163
14381	4.3419
14382	4.5031
14383	4.2412
14384	4.5821
14385	4.2993
14386	4.6288
14387	4.6677
14388	4.6965
14389	4.679
14390	4.6227
14391	4.5664
14392	4.4085
14393	4.4704
14394	4.3495
14395	4.2
14396	4.2501
14397	4.0863
14398	4.166
14399	4.0799
14400	3.953
14401	3.8042
14402	3.7034
14403	3.6203
14404	3.5272
14405	3.3485
14406	3.4128
14407	3.318
14408	3.1201
14409	3.2478
14410	3.1817
14411	3.1272
14412	3.0553
14413	2.9811
14414	2.9204
14415	2.8813
14416	2.6125
14417	2.8677
14418	2.8468
14419	2.8215
14420	2.825
14421	2.5484
14422	2.8147
14423	2.5621
14424	2.7811
14425	2.7756
14426	2.7674
14427	2.4963
14428	2.7439
14429	2.7098
14430	2.7028
14431	2.7388
14432	2.7607
14433	2.7573
14434	2.7385
14435	2.7438
14436	2.7589
14437	2.7484
14438	2.7441
14439	2.7313
14440	2.7256
14441	2.4288
14442	2.6926
14443	2.4328
14444	2.6725
14445	2.6958
14446	2.6968
14447	2.6705
14448	2.6518
14449	2.3047
14450	2.6603
14451	2.6812
14452	2.6724
14453	2.6458
14454	2.6201
14455	2.5875
14456	2.5878
14457	2.247
14458	2.6194
14459	2.621
14460	2.5924
14461	2.5785
14462	2.5559
14463	2.2619
14464	2.5353
14465	2.2273
14466	2.5205
14467	2.5133
14468	2.4985
14469	2.2107
14470	2.4656
14471	2.426
14472	2.4016
14473	2.1127
14474	2.4057
14475	2.1202
14476	2.3819
14477	2.3475
14478	2.3173
14479	2.2801
14480	2.2261
14481	2.1804
14482	1.8581
14483	2.1899
14484	2.2108
14485	2.1869
14486	2.1527
14487	2.1516
14488	2.1759
14489	2.171
14490	2.1346
14491	2.1137
14492	1.8347
14493	2.1146
14494	1.8146
14495	2.1365
14496	2.1594
14497	2.1848
14498	2.226
14499	1.945
14500	2.2753
14501	2.3395
14502	2.0732
14503	2.4102
14504	2.4685
14505	2.2356
14506	2.5168
14507	2.2814
14508	2.5935
14509	2.699
14510	2.8329
14511	2.9575
14512	3.0548
14513	3.2057
14514	2.872
14515	3.396
14516	3.0789
14517	5.7099
14518	5.5803
14519	5.3731
14520	5.4468
14521	5.5385
14522	5.6075
14523	5.4779
14524	5.3653
14525	5.3421
14526	5.4158
14527	5.3031
14528	15.373
14529	15.821
14530	7.0813
14531	7.3134
14532	16.548
14533	16.345
14534	17.244
14535	17.279
14536	12.712
14537	2.757
14538	-0.96703
14539	-0.78857
14540	-0.1658
14541	5.2981
14542	12.924
14543	12.406
14544	12.838
14545	10.924
14546	10.644
14547	14.314
14548	14.079
14549	10.752
14550	6.8955
14551	15.584
14552	15.735
14553	16.09
14554	2.9901
14555	8.3731
14556	1.3322
14557	1.2653
14558	16.145
14559	16.086
14560	16.516
14561	1.0224
14562	6.2474
14563	6.3907
14564	5.5814
14565	5.6292
14566	16.037
14567	16.345
14568	16.142
14569	18.097
14570	15.465
14571	15.603
14572	3.9369
14573	3.793
14574	1.2159
14575	2.0003
14576	2.2854
14577	1.0494
14578	9.8568
14579	9.7244
14580	16.288
14581	13.571
14582	13.062
14583	1.5357
14584	11.908
14585	7.9304
14586	6.4923
14587	6.0066
14588	10.98
14589	13.217
14590	15.589
14591	7.4483
14592	12.57
14593	6.7146
14594	6.7897
14595	16.039
14596	10.512
14597	10.4
14598	10.674
14599	13.063
14600	13.318
14601	8.2545
14602	11.309
14603	18.032
14604	1.3185
14605	8.4836
14606	6.0289
14607	14.937
14608	7.3011
14609	8.929
14610	8.9578
14611	9.3817
14612	9.9637
14613	-9.2392
14614	15.106
14615	1.9173
14616	6.4978
14617	6.4821
14618	6.3572
14619	12.816
14620	13.071
14621	15.461
14622	-1.3917
14623	-1.3691
14624	14.432
14625	14.506
14626	11.875
14627	6.1748
14628	6.2117
14629	12.795
14630	1.5651
14631	11.55
14632	-0.61119
14633	7.4049e-002
14634	17.415
14635	0.58421
14636	13.875
14637	13.417
14638	11.573
14639	11.751
14640	11.788
14641	16.282
14642	9.3892
14643	16.896
14644	16.47
14645	6.9734
14646	15.936
14647	15.706
14648	16.487
14649	16.944
14650	16.117
14651	15.587
14652	7.272e-002
14653	15.985
14654	15.79
14655	6.216
14656	17.158
14657	17.422
14658	1.8313
14659	17.849
14660	18.256
14661	16.219
14662	15.705
14663	15.507
14664	13.511
14665	15.901
14666	16.131
14667	1.0191
14668	12.482
14669	15.698
14670	6.385
14671	10.729
14672	11.611
14673	1.5872
14674	5.2012
14675	16.906
14676	17.243
14677	16.605
14678	2.957
14679	5.1023
14680	5.1282
14681	17.687
14682	17.173
14683	15.883
14684	15.041
14685	1.2663
14686	16.291
14687	15.933
14688	-4.2184
14689	12.386
14690	11.861
14691	12.641
14692	13.105
14693	1.4008
14694	8.9642
14695	8.7525
14696	8.223
14697	17.79
14698	13.092
14699	9.5539
14700	9.1303
14701	13.339
14702	13.481
14703	13.644
14704	16.882
14705	16.93
14706	17.101
14707	7.4453
14708	15.958
14709	16.456
14710	1.3015
14711	18.016
14712	17.817
14713	12.897
14714	5.4324
14715	8.918
14716	9.4552
14717	17.361
14718	17.525
14719	16.672
14720	16.713
14721	15.419
14722	9.7328
14723	6.3537
14724	6.3235
14725	-0.52394
14726	1.9333
14727	14.095
14728	13.801
14729	13.905
14730	16.146
14731	16.417
14732	13.027
14733	11.088
14734	13.491
14735	8.3029
14736	8.036
14737	8.0942
14738	2.9665
14739	9.4025
14740	10.574
14741	10.341
14742	10.718
14743	13.331
14744	12.898
14745	2.466
14746	13.588
14747	13.13
14748	15.811
14749	16.033
14750	16.11
14751	16.574
14752	16.998
14753	17.171
14754	0.76768
14755	7.0638
14756	10.451
14757	7.7706
14758	17.911
14759	17.689
14760	5.1705
14761	12.777
14762	14.071
14763	2.4691
14764	1.8546
14765	6.3604
14766	14.696
14767	16.092
14768	16.623
14769	-0.52412
14770	-1.0271
14771	3.3281
14772	3.197
14773	15.896
14774	16.155
14775	9.5875
14776	13.372
14777	17.39
14778	17.813
14779	17.606
14780	13.215
14781	13.053
14782	15.107
14783	14.972
14784	7.9125
14785	6.9718
14786	1.6213
14787	7.0067
14788	8.7314
14789	8.5524
14790	8.4515
14791	17.569
14792	9.6632
14793	5.2412
14794	6.4098
14795	6.4126
14796	6.2878
14797	6.1914
14798	11.245
14799	11.314
14800	0.44857
14801	16.138
14802	5.89
14803	16.39
14804	0.17434
14805	12.7
14806	6.137
14807	0.88036
14808	17.67
14809	18.482
14810	11.407
14811	17.838
14812	18.117
14813	17.898
14814	-1.6747e-002
14815	17.924
14816	16.386
14817	16.189
14818	16.67
14819	16.088
14820	15.808
14821	5.2563
14822	15.233
14823	11.323
14824	6.9988
14825	6.141
14826	6.209
14827	15.893
14828	2.0485
14829	-0.26456
14830	0.1055
14831	9.5419
14832	9.8962
14833	7.2971
14834	11.87
14835	14.894
14836	-2.1349
14837	-1.1843
14838	7.5349
14839	7.3357
14840	6.1221
14841	6.2155
14842	-3.0623
14843	8.9154
14844	13.22
14845	11.31
14846	16.452
14847	16.075
14848	16.391
14849	8.5269
14850	9.0365
14851	16.62
14852	11.259
14853	17.858
14854	17.681
14855	17.002
14856	16.757
14857	4.8153
14858	4.9452
14859	9.067
14860	9.1451
14861	13.23
14862	12.453
14863	-0.41898
14864	16.952
14865	17.182
14866	17.076
14867	2.1359
14868	14.013
14869	16.428
14870	16.175
14871	17.839
14872	8.196
14873	14.132
14874	17.021
14875	10.393
14876	16.424
14877	6.5471
14878	6.4957
14879	15.966
14880	14.574
14881	15.856
14882	18.262
14883	17.617
14884	10.018
14885	17.085
14886	17.236
14887	16.633
14888	-7.3659
14889	1.9119e-002
14890	8.3712
14891	1.5771
14892	6.9722
14893	7.3408
14894	-2.137
14895	13.69
14896	16.717
14897	17.428
14898	17.261
14899	7.0412
14900	5.8406
14901	6.243
14902	0.78714
14903	16.492
14904	2.6815
14905	8.9539
14906	7.4508
14907	7.885
14908	0.99355
14909	6.085
14910	6.6073
14911	16.6
14912	6.2585
14913	6.2808
14914	8.3455
14915	6.9057
14916	10.07
14917	6.8379
14918	7.0306
14919	6.2857
14920	6.2325
14921	6.1119
14922	17.387
14923	17.619
14924	17.61
14925	14.332
14926	11.929
14927	10.325
14928	7.9236
14929	8.4093
14930	8.0715
14931	8.2331
14932	8.7188
14933	9.1997
14934	8.8892
14935	9.0098
14936	8.5238
14937	9.4906
14938	9.6796
14939	9.2968
14940	8.218
14941	8.0711
14942	7.9816
14943	8.3248
14944	7.8327
14945	8.1584
14946	7.7432
14947	7.6493
14948	7.519
14949	7.4251
14950	7.0751
14951	6.7374
14952	6.8801
14953	6.5424
14954	6.23
14955	6.3388
14956	6.0263
14957	5.7309
14958	5.7922
14959	5.4968
14960	13.287
14961	13.325
14962	13.618
14963	13.656
14964	13.729
14965	13.957
14966	14.03
14967	7.5383
14968	7.4356
14969	7.8089
14970	7.7062
14971	7.6101
14972	7.97
14973	7.8739
14974	7.7801
14975	8.1172
14976	8.0233
14977	7.9413
14978	8.2446
14979	8.1625
14980	6.2529
14981	6.2769
14982	6.2792
14983	6.2993
14984	6.2899
14985	6.3148
14986	6.3054
14987	6.2752
14988	6.2221
14989	12.931
14990	12.971
14991	13.15
14992	13.19
14993	13.222
14994	13.416
14995	13.448
14996	8.4257
14997	8.9262
14998	8.7845
14999	8.2916
15000	9.2851
15001	9.1366
15002	14.783
15003	15.054
15004	15.253
15005	15.524
15006	15.767
15007	15.952
15008	16.195
15009	12.893
15010	12.379
15011	12.556
15012	12.042
15013	11.516
15014	11.698
15015	11.172
15016	10.645
15017	10.829
15018	10.301
15019	9.7865
15020	9.9502
15021	9.4358
15022	8.3857
15023	8.7827
15024	9.3199
15025	9.8044
15026	9.0376
15027	9.5222
15028	9.9489
15029	1.631
15030	1.3502
15031	1.3379
15032	1.0571
15033	0.75458
15034	0.73087
15035	0.42836
15036	6.5449
15037	6.4172
15038	6.5696
15039	6.4419
15040	6.3194
15041	6.4515
15042	6.329
15043	-2.1355e-002
15044	0.29352
15045	17.028
15046	14.311
15047	9.0173
15048	8.6767
15049	6.5495
15050	6.7128
15051	6.1216
15052	6.2028
15053	6.1004
15054	10.196
15055	16.915
15056	16.908
15057	17.157
15058	1.0071
15059	0.66633
15060	0.34885
15061	5.9705
15062	17.398
15063	-0.39218
15064	-3.5416e-002
15065	0.60143
15066	16.929
15067	16.87
15068	9.9659
15069	6.8036
15070	7.0665
15071	6.9055
15072	7.1683
15073	11.985
15074	11.966
15075	12.174
15076	12.156
15077	12.133
15078	12.36
15079	12.338
15080	12.313
15081	12.558
15082	12.534
15083	13.895
15084	13.797
15085	13.631
15086	13.533
15087	13.427
15088	13.293
15089	13.187
15090	13.056
15091	12.947
15092	12.815
15093	10.657
15094	10.161
15095	10.369
15096	9.8728
15097	9.3691
15098	9.5749
15099	9.0712
15100	8.5514
15101	8.7631
15102	8.2434
15103	7.7566
15104	7.9505
15105	7.4638
15106	12.492
15107	12.512
15108	12.249
15109	12.269
15110	1.2318
15111	0.86744
15112	0.86615
15113	0.50182
15114	16.364
15115	16.093
15116	16.601
15117	16.118
15118	16.645
15119	15.847
15120	11.249
15121	10.795
15122	11.004
15123	10.551
15124	10.09
15125	10.28
15126	9.8194
15127	9.3601
15128	9.5545
15129	9.0952
15130	8.6223
15131	8.8108
15132	8.3379
15133	0.58984
15134	0.2991
15135	0.25516
15136	-3.558e-002
15137	16.891
15138	16.878
15139	16.882
15140	16.926
15141	9.6606
15142	9.5893
15143	9.8385
15144	9.7671
15145	9.6782
15146	9.9727
15147	9.8838
15148	9.8086
15149	10.134
15150	10.059
15151	9.9663
15152	10.299
15153	10.206
15154	17.976
15155	17.675
15156	17.733
15157	17.432
15158	0.25726
15159	-0.10211
15160	-0.56792
15161	-0.9273
15162	-1.3484
15163	-1.9172
15164	-2.3382
15165	-2.7542
15166	-3.5286
15167	-3.9447
15168	-4.2644
15169	-5.3542
15170	-5.674
15171	5.4756
15172	5.4368
15173	5.3567
15174	5.3178
15175	5.2392
15176	5.2555
15177	5.177
15178	17.164
15179	16.937
15180	17.163
15181	16.722
15182	17.399
15183	17.205
15184	17.616
15185	17.422
15186	17.396
15187	17.645
15188	17.192
15189	17.441
15190	17.651
15191	17.189
15192	17.399
15193	13.772
15194	6.2982
15195	6.1816
15196	6.2361
15197	6.1194
15198	6.0372
15199	6.0302
15200	5.948
15201	0.30543
15202	0.63568
15203	0.6354
15204	-1.5917e-002
15205	-3.43e-002
15206	0.31433
15207	0.6418
15208	-8.732e-003
15209	0.31874
15210	1.2547e-003
15211	-2.7991e-002
15212	0.31406
15213	0.29567
15214	0.63772
15215	0.95846
15216	0.95091
15217	1.2716
15218	-1.1201
15219	-1.1864
15220	-0.25322
15221	-0.31952
15222	-0.26645
15223	0.51742
15224	0.57049
15225	0.6655
15226	1.3567
15227	1.4517
15228	15.865
15229	16.191
15230	16.233
15231	16.559
15232	8.6098
15233	8.5384
15234	8.8228
15235	8.7515
15236	8.683
15237	8.9823
15238	8.9138
15239	8.8333
15240	9.1481
15241	9.0676
15242	8.9793
15243	9.2953
15244	9.2071
15245	10.242
15246	10.004
15247	9.9626
15248	9.7245
15249	6.1438
15250	6.1361
15251	6.0387
15252	6.031
15253	5.7957
15254	6.3099
15255	6.2436
15256	6.0048
15257	7.2831
15258	7.3516
15259	7.1233
15260	7.1918
15261	7.2408
15262	7.4062
15263	7.029
15264	7.078
15265	7.1052
15266	7.2773
15267	6.9168
15268	16.911
15269	17.176
15270	17.172
15271	17.437
15272	16.236
15273	16.489
15274	16.452
15275	16.705
15276	16.948
15277	16.914
15278	17.157
15279	17.371
15280	17.373
15281	17.586
15282	17.199
15283	17.015
15284	17.443
15285	17.259
15286	17.021
15287	17.468
15288	17.23
15289	17.007
15290	17.458
15291	17.235
15292	17.004
15293	17.432
15294	17.2
15295	17.614
15296	17.376
15297	17.4
15298	17.161
15299	16.931
15300	16.963
15301	16.733
15302	-0.69331
15303	-0.33391
15304	-0.33993
15305	1.9459e-002
15306	6.9507
15307	6.8008
15308	6.9415
15309	6.9441
15310	7.1144
15311	6.7941
15312	6.6672
15313	6.7744
15314	6.6474
15315	2.2076
15316	2.3441
15317	2.7056
15318	2.8421
15319	2.8718
15320	3.1304
15321	3.1602
15322	3.1606
15323	3.3517
15324	3.3521
15325	17.369
15326	17.598
15327	17.169
15328	17.399
15329	-0.28511
15330	4.0323e-002
15331	5.2869e-002
15332	10.429
15333	10.78
15334	9.896
15335	10.247
15336	3.567
15337	3.4499
15338	3.3928
15339	3.2756
15340	3.1847
15341	3.1084
15342	3.0175
15343	6.4387
15344	6.4582
15345	6.1358
15346	6.1553
15347	6.1922
15348	5.8373
15349	5.8741
15350	5.9385
15351	5.5577
15352	5.6221
15353	5.7279
15354	5.333
15355	5.4388
15356	17.27
15357	17.063
15358	17.042
15359	16.835
15360	16.616
15361	16.604
15362	16.385
15363	2.7452
15364	2.3557
15365	2.615
15366	2.2255
15367	1.8006
15368	2.0903
15369	1.6654
15370	14.233
15371	13.58
15372	13.747
15373	13.094
15374	12.409
15375	12.617
15376	11.932
15377	14.008
15378	0.64764
15379	13.284
15380	9.6808
15381	16.798
15382	16.841
15383	17.037
15384	17.064
15385	16.694
15386	16.977
15387	16.944
15388	17.226
15389	17.514
15390	17.449
15391	0.65463
15392	0.3441
15393	0.9594
15394	0.64888
15395	0.35797
15396	0.96881
15397	0.6779
15398	0.37831
15399	0.99978
15400	0.70018
15401	0.3685
15402	1.0129
15403	0.6812
15404	17.495
15405	17.697
15406	17.303
15407	17.505
15408	17.723
15409	17.328
15410	17.545
15411	17.712
15412	17.313
15413	17.48
15414	17.668
15415	17.259
15416	17.448
15417	17.918
15418	17.737
15419	18.174
15420	17.993
15421	-0.5333
15422	-0.19627
15423	-0.16564
15424	0.17139
15425	0.48685
15426	0.55422
15427	0.86968
15428	7.6123
15429	7.6347
15430	7.4427
15431	7.4651
15432	7.4599
15433	7.2865
15434	7.2813
15435	7.2585
15436	7.1052
15437	7.0823
15438	8.5345
15439	8.5744
15440	8.3541
15441	8.394
15442	8.4273
15443	8.2019
15444	8.2352
15445	8.2516
15446	8.0239
15447	8.0403
15448	8.0329
15449	7.8135
15450	7.8062
15451	1.4152
15452	1.5848
15453	6.4476
15454	6.9371
15455	6.7712
15456	7.2607
15457	7.7864
15458	7.5939
15459	8.1196
15460	8.6438
15461	8.4472
15462	8.9713
15463	9.4958
15464	9.3183
15465	9.8428
15466	8.4121
15467	16.941
15468	10.029
15469	5.6435
