Node Number	Temperature (K)
1	793.95
2	792.07
3	793.51
4	793.26
5	793.02
6	792.79
7	792.59
8	792.4
9	792.24
10	799.65
11	799.53
12	799.38
13	799.19
14	798.97
15	798.72
16	798.45
17	798.16
18	797.87
19	797.57
20	797.29
21	797.02
22	796.77
23	796.53
24	796.31
25	796.11
26	795.93
27	795.76
28	795.6
29	795.46
30	795.33
31	795.21
32	795.1
33	795.
34	794.9
35	794.82
36	794.73
37	794.66
38	794.59
39	794.52
40	794.46
41	794.4
42	794.35
43	794.29
44	794.24
45	794.19
46	794.14
47	794.1
48	794.05
49	794.01
50	793.96
51	793.92
52	793.88
53	793.84
54	793.8
55	793.76
56	793.72
57	793.68
58	793.65
59	793.61
60	793.58
61	793.54
62	793.51
63	793.47
64	793.44
65	793.41
66	793.38
67	793.34
68	793.31
69	793.28
70	793.25
71	793.22
72	793.19
73	793.16
74	793.14
75	793.11
76	793.08
77	793.05
78	793.03
79	793.
80	792.98
81	792.95
82	792.93
83	792.9
84	792.88
85	792.86
86	792.84
87	792.81
88	792.79
89	792.77
90	792.75
91	792.73
92	792.71
93	792.69
94	792.67
95	792.66
96	792.64
97	792.62
98	792.6
99	792.59
100	792.57
101	792.56
102	792.54
103	792.52
104	792.51
105	792.5
106	792.48
107	792.47
108	792.45
109	792.44
110	792.43
111	792.41
112	792.4
113	792.39
114	792.37
115	792.36
116	792.35
117	792.33
118	792.32
119	792.3
120	792.28
121	792.26
122	792.24
123	792.22
124	792.2
125	792.17
126	792.14
127	792.11
128	799.32
129	799.35
130	799.37
131	799.39
132	799.41
133	799.43
134	799.45
135	799.47
136	799.49
137	799.51
138	799.52
139	799.54
140	799.56
141	799.57
142	799.58
143	799.59
144	799.61
145	799.62
146	799.63
147	799.64
148	799.65
149	799.66
150	799.66
151	799.67
152	799.68
153	799.69
154	799.69
155	799.7
156	799.71
157	799.71
158	799.72
159	799.73
160	799.73
161	799.74
162	799.75
163	799.76
164	799.76
165	799.77
166	799.78
167	799.79
168	799.8
169	799.81
170	799.82
171	799.83
172	799.84
173	799.85
174	799.85
175	799.85
176	799.84
177	799.82
178	799.79
179	799.74
180	798.85
181	798.85
182	798.86
183	798.86
184	798.87
185	798.88
186	798.88
187	798.89
188	798.9
189	798.91
190	798.93
191	798.94
192	798.95
193	798.97
194	798.98
195	799.
196	799.02
197	799.04
198	799.06
199	799.09
200	799.11
201	799.14
202	799.17
203	799.2
204	799.23
205	799.26
206	799.29
207	798.11
208	798.84
209	798.84
210	798.84
211	798.84
212	798.83
213	798.83
214	798.83
215	798.82
216	798.82
217	798.82
218	798.81
219	798.81
220	798.81
221	798.8
222	798.8
223	798.8
224	798.79
225	798.79
226	798.79
227	798.79
228	798.78
229	798.78
230	798.77
231	798.77
232	798.77
233	798.76
234	798.76
235	798.76
236	798.75
237	798.75
238	798.74
239	798.74
240	798.73
241	798.73
242	798.72
243	798.72
244	798.71
245	798.71
246	798.7
247	798.7
248	798.69
249	798.68
250	798.67
251	798.67
252	798.66
253	798.65
254	798.64
255	798.63
256	798.62
257	798.61
258	798.6
259	798.59
260	798.58
261	798.57
262	798.56
263	798.54
264	798.53
265	798.51
266	798.5
267	798.48
268	798.47
269	798.45
270	798.43
271	798.41
272	798.39
273	798.37
274	798.35
275	798.33
276	798.31
277	798.28
278	798.26
279	798.24
280	798.21
281	798.19
282	798.16
283	798.14
284	798.68
285	798.68
286	798.68
287	798.68
288	798.68
289	798.68
290	798.68
291	798.68
292	798.68
293	798.68
294	798.68
295	798.68
296	798.68
297	798.68
298	798.68
299	798.68
300	798.67
301	798.67
302	798.67
303	798.67
304	798.67
305	798.67
306	798.67
307	798.67
308	798.67
309	798.66
310	798.66
311	798.66
312	798.66
313	798.66
314	798.66
315	798.65
316	798.65
317	798.65
318	798.65
319	798.64
320	798.64
321	798.64
322	798.63
323	798.63
324	798.62
325	798.62
326	798.62
327	798.61
328	798.61
329	798.6
330	798.59
331	798.59
332	798.58
333	798.57
334	798.57
335	798.56
336	798.55
337	798.54
338	798.53
339	798.52
340	798.51
341	798.5
342	798.48
343	798.47
344	798.46
345	798.44
346	798.42
347	798.41
348	798.39
349	798.37
350	798.36
351	798.34
352	798.32
353	798.3
354	798.27
355	798.25
356	798.23
357	798.21
358	798.18
359	798.16
360	798.14
361	798.77
362	798.77
363	798.77
364	798.77
365	798.77
366	798.77
367	798.77
368	798.77
369	798.76
370	798.76
371	798.76
372	798.76
373	798.76
374	798.76
375	798.76
376	798.76
377	798.75
378	798.75
379	798.75
380	798.75
381	798.75
382	798.75
383	798.74
384	798.74
385	798.74
386	798.74
387	798.74
388	798.74
389	798.74
390	798.73
391	798.73
392	798.73
393	798.73
394	798.73
395	798.73
396	798.73
397	798.73
398	798.73
399	798.73
400	798.72
401	798.72
402	798.72
403	798.72
404	798.72
405	798.72
406	798.72
407	798.72
408	798.72
409	798.72
410	798.72
411	798.72
412	798.72
413	798.72
414	798.71
415	798.71
416	798.71
417	798.71
418	798.71
419	798.71
420	798.71
421	798.71
422	798.71
423	798.71
424	798.71
425	798.71
426	798.71
427	798.71
428	798.71
429	798.71
430	798.71
431	798.71
432	798.71
433	798.71
434	798.71
435	798.71
436	798.71
437	798.71
438	798.7
439	798.7
440	798.7
441	798.7
442	798.7
443	798.7
444	798.7
445	798.7
446	798.7
447	798.7
448	798.7
449	798.7
450	798.7
451	798.7
452	798.7
453	798.7
454	798.7
455	798.7
456	798.7
457	798.7
458	798.7
459	798.7
460	798.7
461	798.7
462	798.7
463	798.7
464	798.7
465	798.7
466	798.7
467	798.7
468	798.7
469	798.7
470	798.7
471	798.7
472	798.7
473	798.7
474	798.69
475	798.69
476	798.69
477	798.69
478	798.69
479	798.69
480	798.69
481	798.69
482	798.69
483	798.69
484	798.69
485	798.69
486	798.69
487	798.69
488	798.69
489	798.69
490	798.69
491	798.69
492	798.69
493	798.69
494	798.69
495	798.69
496	798.69
497	798.69
498	798.69
499	798.69
500	798.69
501	798.69
502	798.69
503	798.69
504	798.69
505	798.69
506	798.69
507	798.69
508	798.69
509	798.69
510	798.68
511	798.68
512	798.68
513	800.
514	799.88
515	799.72
516	799.54
517	799.36
518	799.19
519	799.04
520	798.9
521	799.98
522	800.03
523	800.06
524	800.08
525	800.07
526	800.08
527	800.08
528	800.07
529	800.07
530	800.07
531	800.06
532	800.06
533	800.06
534	800.05
535	800.05
536	800.05
537	800.05
538	800.04
539	800.04
540	800.04
541	800.03
542	800.03
543	800.03
544	800.03
545	800.03
546	800.03
547	800.03
548	800.02
549	800.02
550	800.02
551	800.02
552	800.02
553	800.02
554	800.02
555	800.02
556	800.02
557	800.01
558	800.01
559	800.01
560	800.01
561	800.01
562	800.01
563	800.01
564	800.01
565	800.01
566	800.01
567	800.01
568	800.01
569	800.01
570	800.01
571	800.01
572	800.
573	800.
574	800.
575	800.
576	800.
577	800.
578	800.
579	800.
580	800.
581	800.
582	800.
583	800.
584	800.
585	800.
586	800.
587	800.
588	800.
589	800.
590	800.
591	800.
592	800.
593	800.
594	800.
595	800.
596	800.
597	799.99
598	799.99
599	799.99
600	799.99
601	799.99
602	799.99
603	799.99
604	799.99
605	799.99
606	799.99
607	799.99
608	799.99
609	799.99
610	799.99
611	799.99
612	799.99
613	799.99
614	799.99
615	799.99
616	799.99
617	799.99
618	799.99
619	799.99
620	799.99
621	799.99
622	799.99
623	799.99
624	799.99
625	799.99
626	799.99
627	799.99
628	799.99
629	799.99
630	799.99
631	799.99
632	799.99
633	799.98
634	799.98
635	799.98
636	799.98
637	799.98
638	799.98
639	799.98
640	799.98
641	799.98
642	799.98
643	799.98
644	799.98
645	799.98
646	799.98
647	799.98
648	799.98
649	799.98
650	799.98
651	799.98
652	799.98
653	799.98
654	799.98
655	799.98
656	799.98
657	799.98
658	799.98
659	799.98
660	799.98
661	799.98
662	799.98
663	799.98
664	799.98
665	799.98
666	799.98
667	799.98
668	799.98
669	799.98
670	799.98
671	799.98
672	799.98
673	799.98
674	799.98
675	799.98
676	799.98
677	799.98
678	799.98
679	799.98
680	799.98
681	799.98
682	799.98
683	799.98
684	799.98
685	799.98
686	799.98
687	799.98
688	799.98
689	799.98
690	799.98
691	799.98
692	799.98
693	799.98
694	799.98
695	799.98
696	799.98
697	799.98
698	799.98
699	799.98
700	799.98
701	799.98
702	799.98
703	799.98
704	799.98
705	799.98
706	799.98
707	799.98
708	799.98
709	799.98
710	799.98
711	799.98
712	799.98
713	799.98
714	799.98
715	799.98
716	799.98
717	799.98
718	799.98
719	799.98
720	799.98
721	799.98
722	799.98
723	799.98
724	799.98
725	799.98
726	799.98
727	799.98
728	799.98
729	799.98
730	799.98
731	799.98
732	799.98
733	799.98
734	799.98
735	799.98
736	799.98
737	799.98
738	799.98
739	800.12
740	800.12
741	800.12
742	800.12
743	800.11
744	800.11
745	800.11
746	800.11
747	800.11
748	800.1
749	800.1
750	800.1
751	800.1
752	800.1
753	800.09
754	800.09
755	800.09
756	800.09
757	800.08
758	800.08
759	800.08
760	800.08
761	800.07
762	800.07
763	800.07
764	800.07
765	800.07
766	800.06
767	800.06
768	800.06
769	800.06
770	800.06
771	800.05
772	800.05
773	800.05
774	800.05
775	800.05
776	800.05
777	800.04
778	800.04
779	800.04
780	800.03
781	800.03
782	800.03
783	800.03
784	800.02
785	800.02
786	800.02
787	800.02
788	800.01
789	800.01
790	800.01
791	800.01
792	800.01
793	800.
794	800.
795	800.
796	800.
797	800.
798	799.99
799	799.99
800	799.99
801	799.99
802	799.98
803	799.98
804	799.98
805	799.98
806	800.6
807	800.53
808	800.49
809	800.46
810	800.4
811	800.37
812	800.35
813	800.33
814	800.31
815	800.27
816	800.26
817	800.25
818	800.24
819	800.22
820	800.21
821	800.2
822	800.19
823	800.18
824	800.17
825	800.16
826	800.16
827	800.15
828	800.14
829	800.14
830	800.13
831	800.13
832	800.13
833	801.91
834	800.66
835	800.72
836	800.73
837	800.72
838	800.75
839	800.74
840	800.74
841	800.78
842	800.76
843	800.75
844	800.81
845	800.78
846	800.77
847	800.86
848	800.79
849	800.81
850	800.9
851	800.82
852	800.9
853	800.87
854	800.84
855	800.95
856	800.87
857	800.87
858	800.99
859	800.88
860	800.89
861	801.01
862	800.94
863	800.9
864	801.03
865	800.87
866	800.91
867	800.99
868	801.06
869	801.07
870	800.93
871	800.83
872	801.08
873	800.76
874	800.8
875	801.15
876	800.69
877	800.77
878	800.9
879	801.06
880	800.77
881	800.78
882	800.54
883	801.18
884	800.62
885	800.38
886	801.37
887	800.42
888	800.44
889	801.74
890	800.49
891	800.16
892	801.43
893	801.25
894	801.18
895	800.88
896	801.42
897	801.33
898	800.75
899	800.95
900	807.92
901	804.97
902	807.33
903	809.
904	805.65
905	803.46
906	804.27
907	803.81
908	803.47
909	798.91
910	798.14
911	797.74
912	797.46
913	797.29
914	797.08
915	796.93
916	796.83
917	796.7
918	796.59
919	796.52
920	796.43
921	796.34
922	796.29
923	796.21
924	796.14
925	796.09
926	796.02
927	795.95
928	795.9
929	795.84
930	795.8
931	795.76
932	795.72
933	795.67
934	795.64
935	795.6
936	795.56
937	795.53
938	795.49
939	795.44
940	795.41
941	795.37
942	795.33
943	795.3
944	795.25
945	795.21
946	795.18
947	795.13
948	795.08
949	795.05
950	795.
951	794.95
952	794.92
953	794.88
954	794.84
955	794.82
956	794.79
957	794.76
958	794.73
959	794.7
960	794.67
961	794.64
962	794.61
963	794.58
964	794.54
965	794.52
966	794.48
967	794.44
968	794.41
969	794.37
970	794.34
971	794.32
972	794.3
973	794.28
974	794.26
975	794.24
976	794.21
977	794.2
978	794.17
979	794.15
980	794.13
981	794.1
982	794.07
983	794.05
984	794.02
985	794.
986	793.98
987	793.97
988	793.95
989	793.94
990	793.92
991	793.91
992	793.9
993	793.88
994	793.86
995	793.85
996	793.83
997	793.81
998	793.79
999	793.77
1000	793.76
1001	793.75
1002	793.74
1003	793.73
1004	793.72
1005	793.71
1006	793.7
1007	793.7
1008	793.69
1009	793.67
1010	793.66
1011	793.65
1012	793.64
1013	793.63
1014	793.62
1015	793.61
1016	793.62
1017	793.63
1018	793.79
1019	799.21
1020	799.8
1021	799.21
1022	799.24
1023	799.1
1024	799.32
1025	799.29
1026	799.51
1027	799.4
1028	799.5
1029	799.43
1030	799.41
1031	799.42
1032	799.32
1033	799.29
1034	799.12
1035	799.11
1036	799.15
1037	799.13
1038	799.3
1039	799.3
1040	799.29
1041	799.27
1042	799.3
1043	799.3
1044	799.3
1045	799.34
1046	799.29
1047	799.21
1048	799.34
1049	799.19
1050	799.21
1051	799.2
1052	799.27
1053	799.31
1054	799.43
1055	799.33
1056	799.44
1057	799.39
1058	799.41
1059	799.42
1060	799.12
1061	799.13
1062	799.36
1063	799.28
1064	799.48
1065	799.21
1066	799.23
1067	799.18
1068	799.19
1069	799.07
1070	799.15
1071	799.2
1072	799.34
1073	799.25
1074	799.19
1075	799.07
1076	798.98
1077	799.23
1078	799.09
1079	799.1
1080	799.2
1081	798.94
1082	799.34
1083	799.41
1084	799.3
1085	799.27
1086	799.45
1087	800.28
1088	800.25
1089	799.36
1090	799.54
1091	799.11
1092	799.61
1093	799.34
1094	799.34
1095	799.32
1096	799.3
1097	799.32
1098	799.3
1099	799.31
1100	799.29
1101	799.28
1102	799.21
1103	799.18
1104	799.05
1105	799.09
1106	799.03
1107	799.05
1108	799.12
1109	799.17
1110	799.14
1111	799.19
1112	799.2
1113	799.19
1114	799.2
1115	799.2
1116	799.41
1117	799.44
1118	799.41
1119	799.41
1120	799.41
1121	799.41
1122	799.41
1123	799.38
1124	799.4
1125	799.44
1126	799.43
1127	799.38
1128	799.41
1129	799.42
1130	799.32
1131	799.37
1132	799.37
1133	799.34
1134	799.34
1135	799.4
1136	799.41
1137	799.46
1138	799.51
1139	799.54
1140	799.49
1141	799.48
1142	799.51
1143	799.5
1144	799.59
1145	799.54
1146	799.56
1147	799.57
1148	799.96
1149	800.09
1150	800.07
1151	800.15
1152	800.17
1153	800.22
1154	800.3
1155	800.3
1156	800.32
1157	800.37
1158	800.4
1159	800.38
1160	800.44
1161	800.47
1162	800.53
1163	800.5
1164	800.83
1165	800.74
1166	800.92
1167	798.99
1168	799.15
1169	800.3
1170	799.
1171	799.16
1172	800.33
1173	799.1
1174	799.22
1175	799.42
1176	799.55
1177	799.46
1178	800.23
1179	800.4
1180	800.44
1181	800.2
1182	800.17
1183	800.19
1184	800.1
1185	800.16
1186	799.45
1187	799.56
1188	800.23
1189	799.11
1190	799.14
1191	798.85
1192	798.97
1193	798.99
1194	799.07
1195	799.02
1196	799.11
1197	799.51
1198	799.52
1199	800.36
1200	799.14
1201	800.79
1202	800.64
1203	800.54
1204	800.58
1205	800.37
1206	800.37
1207	800.34
1208	800.29
1209	800.3
1210	800.23
1211	800.04
1212	799.96
1213	799.28
1214	799.24
1215	799.24
1216	799.22
1217	799.21
1218	799.22
1219	799.21
1220	799.19
1221	799.2
1222	799.19
1223	799.18
1224	799.18
1225	799.1
1226	799.07
1227	799.07
1228	798.96
1229	798.97
1230	798.95
1231	798.95
1232	798.95
1233	799.02
1234	799.02
1235	799.02
1236	799.03
1237	799.01
1238	799.07
1239	799.08
1240	799.1
1241	799.09
1242	799.09
1243	799.12
1244	799.13
1245	799.18
1246	799.3
1247	799.48
1248	799.57
1249	799.51
1250	799.51
1251	799.52
1252	799.52
1253	799.52
1254	799.52
1255	799.51
1256	799.52
1257	799.52
1258	799.51
1259	799.49
1260	799.53
1261	799.51
1262	799.46
1263	799.5
1264	799.51
1265	799.48
1266	799.49
1267	799.47
1268	799.45
1269	799.43
1270	799.32
1271	799.25
1272	799.31
1273	799.35
1274	799.45
1275	799.47
1276	799.48
1277	799.46
1278	799.53
1279	799.51
1280	799.52
1281	799.57
1282	799.62
1283	799.59
1284	799.58
1285	799.62
1286	799.61
1287	799.69
1288	799.68
1289	799.65
1290	799.7
1291	799.71
1292	799.7
1293	799.45
1294	799.5
1295	799.91
1296	800.08
1297	800.22
1298	800.19
1299	800.27
1300	800.25
1301	800.28
1302	800.42
1303	800.41
1304	800.42
1305	800.44
1306	800.46
1307	800.49
1308	800.47
1309	800.53
1310	800.51
1311	800.57
1312	800.66
1313	800.62
1314	801.08
1315	801.37
1316	798.88
1317	798.92
1318	798.92
1319	798.89
1320	798.82
1321	800.18
1322	800.13
1323	799.1
1324	799.6
1325	800.52
1326	793.86
1327	794.39
1328	800.08
1329	800.05
1330	799.74
1331	799.67
1332	799.48
1333	799.5
1334	799.25
1335	799.09
1336	799.13
1337	798.87
1338	798.99
1339	799.01
1340	799.07
1341	798.93
1342	798.97
1343	798.95
1344	799.06
1345	798.95
1346	799.08
1347	799.27
1348	799.22
1349	799.46
1350	799.29
1351	799.41
1352	799.42
1353	799.41
1354	799.53
1355	799.65
1356	799.6
1357	799.7
1358	799.82
1359	800.41
1360	800.67
1361	801.33
1362	797.98
1363	794.04
1364	793.44
1365	798.75
1366	799.1
1367	800.56
1368	792.85
1369	792.85
1370	792.91
1371	792.88
1372	793.01
1373	792.96
1374	793.1
1375	793.08
1376	793.1
1377	793.11
1378	793.16
1379	793.19
1380	793.19
1381	793.27
1382	793.25
1383	793.29
1384	793.43
1385	793.51
1386	793.74
1387	793.77
1388	793.86
1389	793.92
1390	793.88
1391	793.97
1392	793.95
1393	794.01
1394	794.25
1395	794.29
1396	794.5
1397	794.58
1398	794.53
1399	794.79
1400	795.11
1401	795.05
1402	795.17
1403	795.33
1404	795.61
1405	795.65
1406	795.94
1407	796.38
1408	796.59
1409	798.35
1410	799.25
1411	800.18
1412	800.37
1413	800.32
1414	800.28
1415	800.22
1416	800.21
1417	800.24
1418	800.23
1419	800.2
1420	800.17
1421	800.14
1422	800.12
1423	800.07
1424	800.08
1425	800.07
1426	800.08
1427	800.05
1428	800.01
1429	799.99
1430	799.95
1431	799.93
1432	799.83
1433	799.87
1434	799.85
1435	799.83
1436	799.74
1437	799.82
1438	799.65
1439	799.71
1440	799.79
1441	799.73
1442	799.61
1443	799.68
1444	799.67
1445	799.56
1446	799.57
1447	799.49
1448	799.52
1449	799.5
1450	799.37
1451	799.37
1452	799.28
1453	799.15
1454	799.19
1455	799.15
1456	799.15
1457	799.12
1458	799.15
1459	799.13
1460	799.12
1461	799.12
1462	799.1
1463	799.11
1464	799.1
1465	799.1
1466	799.09
1467	799.09
1468	799.08
1469	799.04
1470	799.03
1471	799.02
1472	799.02
1473	799.01
1474	799.01
1475	799.02
1476	799.
1477	798.96
1478	798.95
1479	798.96
1480	798.92
1481	798.89
1482	798.87
1483	798.69
1484	798.79
1485	798.82
1486	798.85
1487	798.87
1488	798.91
1489	798.92
1490	798.93
1491	798.93
1492	798.97
1493	798.97
1494	798.9
1495	798.91
1496	798.96
1497	798.94
1498	798.98
1499	798.97
1500	799.
1501	798.98
1502	798.99
1503	799.01
1504	799.
1505	799.04
1506	798.99
1507	799.03
1508	798.96
1509	799.15
1510	799.26
1511	799.26
1512	799.25
1513	799.23
1514	799.24
1515	799.32
1516	799.27
1517	799.22
1518	799.24
1519	799.23
1520	799.25
1521	799.3
1522	799.29
1523	799.32
1524	799.26
1525	799.29
1526	799.24
1527	799.23
1528	799.23
1529	799.23
1530	799.25
1531	799.27
1532	799.31
1533	799.3
1534	799.27
1535	799.25
1536	799.25
1537	799.25
1538	799.25
1539	799.12
1540	799.14
1541	799.26
1542	799.27
1543	799.28
1544	799.27
1545	799.22
1546	799.27
1547	799.24
1548	799.25
1549	799.26
1550	799.27
1551	799.24
1552	799.28
1553	799.28
1554	799.27
1555	799.28
1556	799.28
1557	799.28
1558	799.29
1559	799.29
1560	799.3
1561	799.29
1562	799.28
1563	799.27
1564	799.42
1565	799.3
1566	799.32
1567	799.32
1568	799.31
1569	799.4
1570	799.
1571	799.23
1572	799.39
1573	799.4
1574	799.38
1575	799.4
1576	799.44
1577	799.46
1578	799.5
1579	799.42
1580	799.42
1581	799.42
1582	799.42
1583	799.41
1584	799.42
1585	799.43
1586	799.43
1587	799.43
1588	799.43
1589	799.42
1590	799.42
1591	799.41
1592	799.41
1593	799.4
1594	799.38
1595	799.37
1596	799.41
1597	799.41
1598	799.4
1599	799.4
1600	799.39
1601	799.46
1602	799.47
1603	799.41
1604	799.4
1605	799.29
1606	799.28
1607	799.42
1608	799.41
1609	799.4
1610	799.41
1611	799.39
1612	799.39
1613	799.42
1614	799.43
1615	799.33
1616	799.38
1617	799.37
1618	799.39
1619	799.38
1620	799.41
1621	799.32
1622	799.31
1623	799.31
1624	799.3
1625	799.4
1626	799.37
1627	799.32
1628	799.37
1629	799.41
1630	799.39
1631	799.38
1632	799.37
1633	799.39
1634	799.39
1635	799.38
1636	799.38
1637	799.51
1638	799.6
1639	799.56
1640	799.65
1641	799.63
1642	799.61
1643	799.61
1644	799.62
1645	799.62
1646	799.62
1647	799.63
1648	799.61
1649	799.62
1650	799.61
1651	799.61
1652	799.59
1653	799.6
1654	799.6
1655	799.61
1656	799.63
1657	799.61
1658	799.58
1659	799.57
1660	799.61
1661	799.61
1662	799.61
1663	799.61
1664	799.58
1665	799.59
1666	799.57
1667	799.56
1668	799.55
1669	799.51
1670	799.48
1671	799.4
1672	799.45
1673	799.36
1674	799.37
1675	799.39
1676	799.37
1677	799.44
1678	799.59
1679	799.49
1680	799.57
1681	799.57
1682	799.59
1683	799.57
1684	799.59
1685	799.62
1686	799.62
1687	799.64
1688	799.63
1689	799.64
1690	799.63
1691	799.66
1692	799.71
1693	799.68
1694	799.69
1695	799.68
1696	799.7
1697	799.72
1698	799.71
1699	799.72
1700	799.74
1701	799.72
1702	799.77
1703	799.77
1704	799.78
1705	799.79
1706	799.79
1707	799.83
1708	799.81
1709	799.72
1710	799.66
1711	799.63
1712	799.62
1713	799.62
1714	799.63
1715	799.63
1716	799.69
1717	799.66
1718	799.71
1719	799.73
1720	799.86
1721	800.06
1722	800.15
1723	800.17
1724	800.23
1725	800.33
1726	800.31
1727	800.34
1728	800.36
1729	800.43
1730	800.39
1731	800.42
1732	800.43
1733	800.5
1734	800.46
1735	800.55
1736	800.49
1737	800.53
1738	800.52
1739	800.54
1740	800.53
1741	800.53
1742	800.57
1743	800.62
1744	800.75
1745	800.69
1746	801.33
1747	801.93
1748	800.42
1749	801.18
1750	799.57
1751	800.07
1752	798.43
1753	799.
1754	797.16
1755	797.54
1756	796.41
1757	796.6
1758	796.02
1759	795.74
1760	795.87
1761	795.36
1762	794.98
1763	794.83
1764	794.86
1765	794.69
1766	794.69
1767	794.72
1768	794.53
1769	794.67
1770	794.43
1771	794.39
1772	794.16
1773	794.1
1774	794.13
1775	794.07
1776	794.02
1777	793.91
1778	793.95
1779	793.98
1780	793.64
1781	793.6
1782	793.61
1783	793.64
1784	793.42
1785	793.32
1786	793.31
1787	798.79
1788	798.81
1789	798.81
1790	798.82
1791	798.74
1792	798.79
1793	798.68
1794	793.06
1795	793.24
1796	793.08
1797	793.05
1798	793.08
1799	793.03
1800	793.05
1801	793.03
1802	793.06
1803	792.9
1804	793.01
1805	798.67
1806	798.77
1807	799.01
1808	798.89
1809	798.62
1810	799.58
1811	799.22
1812	799.08
1813	799.67
1814	799.66
1815	799.82
1816	800.53
1817	800.54
1818	800.55
1819	801.98
1820	793.25
1821	798.87
1822	798.72
1823	794.83
1824	793.09
1825	792.85
1826	798.97
1827	798.84
1828	798.73
1829	793.17
1830	793.18
1831	793.21
1832	793.24
1833	793.29
1834	793.19
1835	793.21
1836	793.2
1837	793.22
1838	793.25
1839	793.25
1840	793.24
1841	798.55
1842	798.61
1843	798.64
1844	798.67
1845	798.7
1846	798.72
1847	798.72
1848	798.72
1849	793.4
1850	793.39
1851	793.38
1852	793.35
1853	793.46
1854	793.47
1855	793.5
1856	793.51
1857	793.56
1858	793.58
1859	793.6
1860	793.63
1861	793.65
1862	793.66
1863	793.69
1864	793.76
1865	793.78
1866	793.74
1867	793.8
1868	793.84
1869	794.06
1870	794.07
1871	794.09
1872	794.13
1873	794.16
1874	794.17
1875	794.2
1876	794.28
1877	794.31
1878	794.33
1879	794.44
1880	794.54
1881	794.57
1882	794.67
1883	794.69
1884	794.75
1885	794.88
1886	794.88
1887	794.92
1888	794.97
1889	795.
1890	795.04
1891	795.1
1892	795.37
1893	795.46
1894	795.51
1895	795.55
1896	795.82
1897	795.95
1898	796.08
1899	796.47
1900	796.64
1901	796.87
1902	797.48
1903	797.84
1904	798.25
1905	799.24
1906	799.85
1907	800.43
1908	800.91
1909	801.95
1910	802.81
1911	802.81
1912	801.86
1913	801.06
1914	800.9
1915	800.8
1916	800.75
1917	800.75
1918	800.73
1919	800.7
1920	800.65
1921	800.64
1922	800.62
1923	800.62
1924	800.62
1925	800.63
1926	800.64
1927	800.68
1928	800.66
1929	800.65
1930	800.63
1931	800.65
1932	800.63
1933	800.61
1934	800.62
1935	800.59
1936	800.63
1937	800.59
1938	800.57
1939	800.54
1940	800.53
1941	800.53
1942	800.52
1943	800.5
1944	800.48
1945	800.46
1946	800.45
1947	800.44
1948	800.42
1949	800.42
1950	800.4
1951	800.35
1952	800.27
1953	800.26
1954	799.94
1955	799.98
1956	799.88
1957	799.85
1958	799.86
1959	799.85
1960	799.82
1961	799.79
1962	799.77
1963	799.77
1964	799.76
1965	799.74
1966	799.75
1967	799.76
1968	799.72
1969	799.92
1970	799.88
1971	799.9
1972	799.9
1973	799.87
1974	799.88
1975	799.86
1976	799.86
1977	799.86
1978	799.84
1979	799.84
1980	799.81
1981	799.81
1982	799.81
1983	799.8
1984	799.79
1985	799.8
1986	799.79
1987	799.8
1988	799.77
1989	799.79
1990	799.79
1991	799.78
1992	799.75
1993	799.75
1994	799.74
1995	799.73
1996	799.73
1997	799.73
1998	799.74
1999	799.74
2000	799.73
2001	799.72
2002	799.72
2003	799.7
2004	799.69
2005	799.68
2006	799.68
2007	799.68
2008	799.68
2009	799.66
2010	799.61
2011	799.57
2012	799.54
2013	799.52
2014	799.51
2015	799.5
2016	799.51
2017	799.53
2018	799.56
2019	799.58
2020	799.6
2021	799.62
2022	799.64
2023	799.66
2024	799.67
2025	799.68
2026	799.68
2027	799.68
2028	799.7
2029	799.71
2030	799.7
2031	799.7
2032	799.66
2033	799.69
2034	799.68
2035	799.71
2036	799.76
2037	799.72
2038	799.7
2039	799.7
2040	799.7
2041	799.7
2042	799.77
2043	799.73
2044	799.71
2045	799.7
2046	799.7
2047	799.7
2048	799.71
2049	799.72
2050	799.73
2051	799.72
2052	799.7
2053	799.71
2054	799.71
2055	799.7
2056	799.71
2057	799.74
2058	799.73
2059	799.74
2060	799.69
2061	799.65
2062	799.56
2063	799.52
2064	799.53
2065	799.53
2066	799.53
2067	799.52
2068	799.53
2069	799.52
2070	799.55
2071	799.55
2072	799.53
2073	799.51
2074	799.48
2075	799.5
2076	799.46
2077	799.49
2078	799.52
2079	799.52
2080	799.54
2081	799.54
2082	799.52
2083	799.48
2084	799.48
2085	799.48
2086	799.49
2087	799.54
2088	799.54
2089	799.53
2090	799.52
2091	799.5
2092	799.53
2093	799.53
2094	799.48
2095	799.47
2096	799.49
2097	799.47
2098	799.57
2099	799.57
2100	799.57
2101	799.55
2102	799.54
2103	799.54
2104	799.54
2105	799.54
2106	799.55
2107	799.54
2108	799.54
2109	799.53
2110	799.54
2111	799.55
2112	799.58
2113	799.55
2114	799.53
2115	799.46
2116	799.56
2117	799.56
2118	799.56
2119	799.58
2120	799.6
2121	799.57
2122	799.55
2123	799.53
2124	799.52
2125	799.52
2126	799.55
2127	799.55
2128	799.55
2129	799.52
2130	799.51
2131	799.53
2132	799.54
2133	799.55
2134	799.55
2135	799.56
2136	799.55
2137	799.56
2138	799.56
2139	799.56
2140	799.57
2141	799.57
2142	799.56
2143	799.57
2144	799.58
2145	799.56
2146	799.56
2147	799.58
2148	799.57
2149	799.58
2150	799.56
2151	799.56
2152	799.57
2153	799.57
2154	799.57
2155	799.57
2156	799.59
2157	799.63
2158	799.6
2159	799.6
2160	799.56
2161	799.57
2162	799.54
2163	799.55
2164	799.54
2165	799.57
2166	799.56
2167	799.56
2168	799.56
2169	799.56
2170	799.55
2171	799.54
2172	799.09
2173	799.08
2174	799.19
2175	799.23
2176	799.22
2177	799.24
2178	799.24
2179	799.23
2180	799.21
2181	799.23
2182	799.2
2183	799.21
2184	799.18
2185	799.14
2186	799.16
2187	799.14
2188	799.12
2189	799.14
2190	799.15
2191	799.14
2192	799.15
2193	799.14
2194	799.15
2195	799.14
2196	799.14
2197	799.13
2198	799.12
2199	799.13
2200	799.13
2201	799.1
2202	799.09
2203	799.1
2204	799.18
2205	799.12
2206	799.1
2207	799.11
2208	799.09
2209	799.11
2210	799.1
2211	799.1
2212	799.13
2213	799.14
2214	799.18
2215	799.14
2216	799.13
2217	799.12
2218	799.12
2219	799.13
2220	799.12
2221	799.11
2222	799.11
2223	799.09
2224	799.12
2225	799.13
2226	799.13
2227	799.16
2228	799.15
2229	799.12
2230	799.11
2231	799.09
2232	799.09
2233	799.07
2234	799.1
2235	799.11
2236	799.13
2237	799.15
2238	799.16
2239	799.15
2240	799.14
2241	799.14
2242	799.15
2243	799.11
2244	799.1
2245	799.07
2246	799.09
2247	799.15
2248	799.14
2249	799.13
2250	799.08
2251	799.11
2252	799.1
2253	799.11
2254	799.11
2255	799.11
2256	799.04
2257	798.99
2258	798.87
2259	798.89
2260	798.91
2261	798.92
2262	798.94
2263	798.92
2264	798.91
2265	798.91
2266	798.91
2267	798.89
2268	798.89
2269	798.92
2270	798.91
2271	798.91
2272	798.91
2273	798.92
2274	798.92
2275	798.9
2276	798.89
2277	798.89
2278	798.88
2279	798.88
2280	798.86
2281	798.85
2282	798.87
2283	798.8
2284	798.82
2285	798.84
2286	798.88
2287	798.88
2288	798.88
2289	798.86
2290	798.85
2291	798.85
2292	798.84
2293	798.83
2294	798.84
2295	798.83
2296	798.82
2297	798.76
2298	798.69
2299	798.69
2300	798.7
2301	798.7
2302	798.73
2303	798.76
2304	798.6
2305	798.55
2306	798.51
2307	798.42
2308	798.79
2309	798.8
2310	798.84
2311	798.86
2312	798.87
2313	798.88
2314	798.87
2315	798.84
2316	798.89
2317	798.91
2318	798.93
2319	798.93
2320	798.93
2321	798.94
2322	798.94
2323	798.95
2324	798.94
2325	798.96
2326	798.97
2327	798.99
2328	799.
2329	798.99
2330	799.01
2331	799.01
2332	799.01
2333	799.03
2334	799.04
2335	799.04
2336	799.04
2337	799.05
2338	799.06
2339	799.06
2340	799.06
2341	799.06
2342	799.07
2343	799.08
2344	799.09
2345	799.12
2346	799.14
2347	799.18
2348	799.21
2349	799.24
2350	799.25
2351	799.26
2352	799.31
2353	799.3
2354	799.32
2355	799.34
2356	799.34
2357	799.39
2358	799.42
2359	799.42
2360	799.45
2361	799.52
2362	799.52
2363	799.54
2364	799.68
2365	799.56
2366	799.52
2367	799.69
2368	799.7
2369	799.75
2370	799.77
2371	799.79
2372	799.8
2373	799.84
2374	799.86
2375	799.89
2376	799.9
2377	799.94
2378	799.94
2379	799.96
2380	799.97
2381	799.98
2382	799.98
2383	799.98
2384	800.02
2385	800.03
2386	800.04
2387	800.04
2388	800.05
2389	800.07
2390	800.09
2391	800.09
2392	800.12
2393	800.13
2394	800.14
2395	800.1
2396	800.15
2397	800.18
2398	800.18
2399	800.16
2400	800.05
2401	799.84
2402	799.3
2403	798.95
2404	798.6
2405	798.19
2406	797.35
2407	797.02
2408	796.74
2409	796.51
2410	795.49
2411	796.3
2412	796.13
2413	795.97
2414	795.84
2415	795.6
2416	795.48
2417	795.36
2418	795.29
2419	795.23
2420	795.19
2421	795.07
2422	795.02
2423	794.94
2424	794.89
2425	794.83
2426	794.77
2427	794.69
2428	794.66
2429	794.62
2430	794.58
2431	794.52
2432	794.44
2433	794.39
2434	794.34
2435	794.24
2436	794.15
2437	794.11
2438	794.07
2439	794.03
2440	793.98
2441	793.9
2442	793.87
2443	793.82
2444	793.8
2445	793.77
2446	793.74
2447	793.55
2448	793.71
2449	793.71
2450	793.62
2451	793.59
2452	793.46
2453	793.44
2454	793.3
2455	793.26
2456	793.24
2457	793.21
2458	793.15
2459	793.13
2460	793.11
2461	793.08
2462	793.05
2463	793.03
2464	793.02
2465	793.04
2466	793.09
2467	792.94
2468	792.95
2469	792.95
2470	792.93
2471	792.92
2472	792.9
2473	792.91
2474	792.93
2475	792.9
2476	792.88
2477	792.86
2478	792.84
2479	792.8
2480	792.73
2481	792.7
2482	792.72
2483	792.7
2484	798.6
2485	798.51
2486	792.65
2487	799.19
2488	793.07
2489	798.37
2490	793.04
2491	799.57
2492	798.83
2493	798.47
2494	798.42
2495	792.51
2496	792.54
2497	792.56
2498	792.56
2499	792.6
2500	792.65
2501	792.7
2502	792.71
2503	792.73
2504	792.74
2505	792.77
2506	792.75
2507	792.79
2508	792.81
2509	792.81
2510	792.82
2511	792.88
2512	792.89
2513	792.88
2514	792.89
2515	792.93
2516	792.91
2517	792.98
2518	793.01
2519	793.05
2520	793.07
2521	793.14
2522	793.16
2523	793.18
2524	793.22
2525	793.29
2526	793.29
2527	793.31
2528	793.32
2529	793.36
2530	793.4
2531	793.45
2532	793.47
2533	793.52
2534	793.55
2535	793.62
2536	793.65
2537	793.67
2538	793.7
2539	793.74
2540	793.77
2541	793.8
2542	793.89
2543	793.94
2544	793.97
2545	794.
2546	794.07
2547	794.11
2548	794.25
2549	794.3
2550	794.36
2551	794.45
2552	794.5
2553	794.57
2554	794.53
2555	794.63
2556	794.69
2557	794.79
2558	794.94
2559	795.04
2560	795.1
2561	795.17
2562	795.25
2563	795.37
2564	795.72
2565	796.
2566	796.19
2567	796.39
2568	796.62
2569	796.87
2570	797.42
2571	797.74
2572	798.09
2573	798.43
2574	798.74
2575	799.06
2576	799.55
2577	799.82
2578	799.91
2579	799.99
2580	800.02
2581	800.04
2582	800.04
2583	800.02
2584	800.02
2585	800.01
2586	799.99
2587	799.98
2588	799.96
2589	799.95
2590	799.93
2591	799.9
2592	799.89
2593	799.88
2594	799.88
2595	799.87
2596	799.87
2597	799.85
2598	799.85
2599	799.84
2600	799.83
2601	799.81
2602	799.8
2603	799.79
2604	799.78
2605	799.77
2606	799.74
2607	799.7
2608	799.69
2609	799.67
2610	799.65
2611	799.6
2612	799.59
2613	799.58
2614	799.57
2615	799.56
2616	799.48
2617	799.44
2618	799.42
2619	799.43
2620	799.41
2621	799.39
2622	799.37
2623	799.33
2624	799.3
2625	799.29
2626	799.28
2627	799.25
2628	799.21
2629	799.22
2630	799.21
2631	799.16
2632	799.13
2633	799.12
2634	799.07
2635	799.01
2636	799.
2637	799.
2638	798.98
2639	798.98
2640	798.97
2641	798.96
2642	798.96
2643	798.96
2644	798.94
2645	798.95
2646	798.93
2647	798.93
2648	798.93
2649	798.91
2650	798.92
2651	798.91
2652	798.91
2653	798.9
2654	798.9
2655	798.89
2656	798.88
2657	798.87
2658	798.86
2659	798.85
2660	798.85
2661	798.84
2662	798.83
2663	798.81
2664	798.78
2665	798.79
2666	798.77
2667	798.71
2668	798.72
2669	798.41
2670	798.44
2671	798.49
2672	798.53
2673	798.63
2674	798.63
2675	798.62
2676	798.63
2677	798.63
2678	798.63
2679	798.63
2680	798.68
2681	798.69
2682	798.72
2683	798.73
2684	798.74
2685	798.75
2686	798.75
2687	798.75
2688	798.76
2689	798.77
2690	798.77
2691	798.79
2692	798.8
2693	798.8
2694	798.76
2695	798.77
2696	798.76
2697	798.77
2698	798.79
2699	798.79
2700	798.79
2701	798.81
2702	798.81
2703	798.81
2704	798.82
2705	798.83
2706	798.83
2707	798.83
2708	798.83
2709	798.83
2710	798.83
2711	798.82
2712	798.84
2713	798.83
2714	798.82
2715	798.81
2716	798.89
2717	798.96
2718	798.96
2719	798.96
2720	798.97
2721	798.96
2722	798.96
2723	798.96
2724	798.99
2725	799.
2726	799.
2727	798.98
2728	798.99
2729	798.96
2730	798.94
2731	798.98
2732	798.99
2733	798.97
2734	798.99
2735	798.99
2736	799.
2737	799.
2738	799.
2739	798.98
2740	798.96
2741	798.95
2742	798.95
2743	798.96
2744	798.96
2745	798.96
2746	798.97
2747	798.97
2748	798.97
2749	798.99
2750	799.
2751	799.
2752	799.
2753	799.
2754	798.99
2755	798.98
2756	798.97
2757	798.98
2758	798.98
2759	799.
2760	798.99
2761	799.
2762	798.98
2763	798.99
2764	798.98
2765	798.98
2766	798.98
2767	798.99
2768	799.
2769	799.01
2770	799.
2771	798.99
2772	798.97
2773	798.97
2774	798.97
2775	798.96
2776	798.98
2777	798.98
2778	799.01
2779	798.97
2780	798.99
2781	798.99
2782	799.01
2783	798.97
2784	798.96
2785	798.97
2786	798.99
2787	799.
2788	798.99
2789	798.99
2790	798.99
2791	798.98
2792	799.
2793	799.
2794	799.
2795	799.
2796	798.99
2797	799.01
2798	799.01
2799	799.
2800	799.
2801	798.99
2802	799.
2803	799.
2804	799.
2805	799.01
2806	799.01
2807	799.01
2808	799.
2809	799.01
2810	799.03
2811	799.05
2812	799.06
2813	799.05
2814	799.06
2815	799.06
2816	799.08
2817	799.07
2818	799.08
2819	799.07
2820	799.07
2821	799.08
2822	799.05
2823	799.04
2824	799.05
2825	798.96
2826	792.5
2827	799.05
2828	799.22
2829	799.55
2830	799.38
2831	799.73
2832	799.71
2833	799.72
2834	799.73
2835	799.73
2836	799.72
2837	799.71
2838	799.7
2839	799.72
2840	799.72
2841	799.75
2842	799.74
2843	799.74
2844	799.74
2845	799.72
2846	799.71
2847	799.72
2848	799.72
2849	799.72
2850	799.71
2851	799.71
2852	799.71
2853	799.72
2854	799.71
2855	799.71
2856	799.72
2857	799.71
2858	799.71
2859	799.72
2860	799.71
2861	799.71
2862	799.7
2863	799.69
2864	799.68
2865	799.69
2866	799.7
2867	799.68
2868	799.68
2869	799.68
2870	799.68
2871	799.71
2872	799.73
2873	799.73
2874	799.7
2875	799.64
2876	799.69
2877	799.71
2878	799.68
2879	799.69
2880	799.68
2881	799.69
2882	799.69
2883	799.7
2884	799.69
2885	799.71
2886	799.71
2887	799.7
2888	799.65
2889	799.68
2890	799.68
2891	799.67
2892	799.68
2893	799.68
2894	799.69
2895	799.65
2896	799.65
2897	799.64
2898	799.64
2899	799.65
2900	799.64
2901	799.66
2902	799.68
2903	799.67
2904	799.67
2905	799.64
2906	799.66
2907	799.66
2908	799.66
2909	799.68
2910	799.68
2911	799.67
2912	799.67
2913	799.67
2914	799.73
2915	799.75
2916	799.81
2917	799.83
2918	799.82
2919	799.81
2920	799.8
2921	799.81
2922	799.81
2923	799.81
2924	799.81
2925	799.8
2926	799.79
2927	799.81
2928	799.8
2929	799.83
2930	799.83
2931	799.8
2932	799.79
2933	799.79
2934	799.79
2935	799.79
2936	799.79
2937	799.79
2938	799.8
2939	799.81
2940	799.8
2941	799.82
2942	799.79
2943	799.78
2944	799.8
2945	799.79
2946	799.79
2947	799.78
2948	799.78
2949	799.78
2950	799.79
2951	799.78
2952	799.77
2953	799.77
2954	799.77
2955	799.77
2956	799.77
2957	799.75
2958	799.74
2959	799.72
2960	799.71
2961	799.69
2962	799.67
2963	799.65
2964	799.64
2965	799.65
2966	799.67
2967	799.68
2968	799.71
2969	799.73
2970	799.76
2971	799.78
2972	799.78
2973	799.78
2974	799.79
2975	799.79
2976	799.8
2977	799.8
2978	799.81
2979	799.82
2980	799.82
2981	799.82
2982	799.83
2983	799.83
2984	799.83
2985	799.83
2986	799.83
2987	799.84
2988	799.85
2989	799.85
2990	799.84
2991	799.85
2992	799.86
2993	799.87
2994	799.87
2995	799.86
2996	799.87
2997	799.88
2998	799.87
2999	799.88
3000	799.88
3001	799.88
3002	799.88
3003	799.88
3004	799.88
3005	799.89
3006	799.9
3007	799.9
3008	799.9
3009	799.9
3010	799.9
3011	799.9
3012	799.9
3013	799.91
3014	799.92
3015	799.92
3016	799.92
3017	799.93
3018	799.94
3019	799.94
3020	799.94
3021	799.95
3022	799.95
3023	799.95
3024	799.96
3025	799.97
3026	799.97
3027	799.96
3028	799.95
3029	799.94
3030	799.92
3031	799.88
3032	799.88
3033	799.88
3034	799.89
3035	799.88
3036	799.91
3037	799.91
3038	799.91
3039	799.93
3040	799.98
3041	800.
3042	800.
3043	800.02
3044	800.07
3045	800.09
3046	800.08
3047	800.11
3048	800.14
3049	800.21
3050	800.27
3051	800.33
3052	800.37
3053	800.4
3054	800.44
3055	800.47
3056	800.5
3057	800.52
3058	800.54
3059	800.54
3060	800.54
3061	800.56
3062	800.57
3063	800.58
3064	800.6
3065	800.63
3066	800.63
3067	800.64
3068	800.65
3069	800.65
3070	800.67
3071	800.69
3072	800.71
3073	800.72
3074	800.72
3075	800.71
3076	800.71
3077	800.72
3078	800.72
3079	800.72
3080	800.73
3081	800.74
3082	800.74
3083	800.73
3084	800.74
3085	800.75
3086	800.75
3087	800.75
3088	800.76
3089	800.77
3090	800.76
3091	800.74
3092	800.72
3093	800.71
3094	800.71
3095	800.7
3096	800.7
3097	800.71
3098	800.72
3099	800.71
3100	800.74
3101	800.78
3102	800.81
3103	800.79
3104	800.77
3105	800.8
3106	800.87
3107	800.92
3108	801.01
3109	801.16
3110	801.34
3111	801.61
3112	802.05
3113	802.66
3114	803.35
3115	804.01
3116	803.87
3117	803.25
3118	802.43
3119	801.67
3120	801.04
3121	800.32
3122	799.47
3123	798.86
3124	798.43
3125	798.02
3126	797.69
3127	797.41
3128	796.97
3129	796.79
3130	796.64
3131	796.49
3132	796.26
3133	796.15
3134	796.04
3135	795.94
3136	795.87
3137	795.81
3138	795.68
3139	795.66
3140	795.62
3141	795.53
3142	795.46
3143	795.41
3144	795.36
3145	795.3
3146	795.27
3147	795.22
3148	795.17
3149	795.14
3150	795.1
3151	795.06
3152	795.04
3153	795.
3154	794.99
3155	794.95
3156	794.9
3157	794.85
3158	794.8
3159	794.72
3160	794.68
3161	794.63
3162	794.59
3163	794.55
3164	794.52
3165	794.48
3166	794.46
3167	794.44
3168	794.42
3169	794.39
3170	794.36
3171	794.33
3172	794.3
3173	794.28
3174	794.24
3175	794.21
3176	794.2
3177	794.17
3178	794.13
3179	794.06
3180	794.
3181	793.97
3182	793.95
3183	793.93
3184	793.91
3185	793.92
3186	793.91
3187	793.89
3188	793.86
3189	793.85
3190	793.82
3191	793.8
3192	793.78
3193	793.75
3194	793.73
3195	793.71
3196	793.71
3197	793.67
3198	793.65
3199	793.63
3200	793.62
3201	793.52
3202	793.54
3203	793.54
3204	798.69
3205	798.67
3206	798.65
3207	798.64
3208	798.64
3209	798.63
3210	798.61
3211	798.59
3212	798.57
3213	798.54
3214	798.52
3215	798.5
3216	798.48
3217	798.46
3218	798.44
3219	798.39
3220	798.35
3221	798.31
3222	798.27
3223	793.54
3224	793.53
3225	793.54
3226	793.51
3227	793.44
3228	793.42
3229	793.41
3230	793.42
3231	793.41
3232	793.38
3233	793.37
3234	793.37
3235	793.37
3236	793.41
3237	793.41
3238	793.37
3239	793.34
3240	793.33
3241	793.32
3242	793.3
3243	793.27
3244	793.23
3245	793.26
3246	798.71
3247	798.46
3248	798.47
3249	798.93
3250	798.95
3251	798.19
3252	793.25
3253	799.71
3254	799.06
3255	793.03
3256	792.42
3257	793.25
3258	798.82
3259	793.5
3260	793.47
3261	793.44
3262	793.44
3263	793.45
3264	793.46
3265	793.47
3266	793.49
3267	793.5
3268	793.51
3269	793.54
3270	793.55
3271	793.54
3272	793.54
3273	793.54
3274	793.55
3275	793.57
3276	793.58
3277	793.58
3278	793.6
3279	793.65
3280	793.68
3281	793.69
3282	793.7
3283	793.71
3284	793.71
3285	793.71
3286	793.77
3287	793.78
3288	793.8
3289	793.82
3290	793.84
3291	793.85
3292	793.9
3293	793.92
3294	793.94
3295	793.98
3296	793.99
3297	794.
3298	794.04
3299	794.06
3300	794.08
3301	794.09
3302	794.1
3303	794.12
3304	794.14
3305	794.17
3306	794.21
3307	794.26
3308	794.31
3309	794.34
3310	794.37
3311	794.39
3312	794.43
3313	794.45
3314	794.48
3315	794.52
3316	794.54
3317	794.58
3318	794.6
3319	794.62
3320	794.65
3321	794.68
3322	794.72
3323	794.75
3324	794.78
3325	794.83
3326	794.88
3327	794.92
3328	794.96
3329	795.
3330	795.05
3331	795.1
3332	795.14
3333	795.16
3334	795.2
3335	795.23
3336	795.28
3337	795.31
3338	795.34
3339	795.39
3340	795.43
3341	795.47
3342	795.52
3343	795.56
3344	795.61
3345	795.66
3346	795.73
3347	795.77
3348	795.82
3349	795.98
3350	796.05
3351	796.13
3352	796.22
3353	796.3
3354	796.4
3355	796.51
3356	796.62
3357	796.76
3358	796.94
3359	797.08
3360	797.28
3361	797.52
3362	797.83
3363	798.3
3364	799.53
3365	800.3
3366	800.12
3367	800.75
3368	801.79
3369	804.31
3370	805.41
3371	805.8
3372	805.2
3373	804.11
3374	802.84
3375	802.05
3376	801.67
3377	801.18
3378	800.83
3379	800.91
3380	800.79
3381	800.6
3382	800.71
3383	800.71
3384	800.8
3385	800.98
3386	801.04
3387	801.03
3388	800.83
3389	800.79
3390	800.88
3391	800.77
3392	800.76
3393	800.85
3394	800.77
3395	800.7
3396	800.75
3397	800.84
3398	800.81
3399	800.81
3400	800.89
3401	800.86
3402	800.85
3403	800.87
3404	800.89
3405	800.85
3406	800.81
3407	800.84
3408	800.85
3409	800.82
3410	800.84
3411	800.83
3412	800.82
3413	800.82
3414	800.82
3415	800.81
3416	800.81
3417	800.81
3418	800.81
3419	800.8
3420	800.78
3421	800.78
3422	800.77
3423	800.75
3424	800.74
3425	800.73
3426	800.73
3427	800.72
3428	800.7
3429	800.69
3430	800.68
3431	800.66
3432	800.66
3433	800.65
3434	800.64
3435	800.65
3436	800.63
3437	800.61
3438	800.59
3439	800.57
3440	800.52
3441	800.48
3442	800.43
3443	800.37
3444	800.32
3445	800.28
3446	800.25
3447	800.22
3448	800.2
3449	800.18
3450	800.15
3451	800.14
3452	800.13
3453	800.11
3454	800.09
3455	800.07
3456	800.05
3457	800.05
3458	800.04
3459	800.03
3460	800.03
3461	800.01
3462	800.01
3463	800.01
3464	800.01
3465	800.
3466	800.01
3467	800.02
3468	800.03
3469	800.04
3470	800.04
3471	800.04
3472	800.04
3473	800.04
3474	800.04
3475	800.03
3476	800.03
3477	800.03
3478	800.03
3479	800.02
3480	800.02
3481	800.01
3482	800.01
3483	800.01
3484	800.
3485	800.
3486	799.99
3487	799.99
3488	799.99
3489	799.99
3490	799.99
3491	799.99
3492	799.98
3493	799.98
3494	799.97
3495	799.97
3496	799.97
3497	799.97
3498	799.97
3499	799.97
3500	799.96
3501	799.96
3502	799.96
3503	799.96
3504	799.95
3505	799.95
3506	799.94
3507	799.94
3508	799.94
3509	799.94
3510	799.93
3511	799.93
3512	799.93
3513	799.92
3514	799.92
3515	799.92
3516	799.92
3517	799.91
3518	799.91
3519	799.91
3520	799.9
3521	799.9
3522	799.89
3523	799.89
3524	799.89
3525	799.88
3526	799.87
3527	799.86
3528	799.84
3529	799.83
3530	799.82
3531	799.81
3532	799.8
3533	799.81
3534	799.82
3535	799.83
3536	799.84
3537	799.85
3538	799.86
3539	799.86
3540	799.87
3541	799.87
3542	799.87
3543	799.87
3544	799.87
3545	799.87
3546	799.88
3547	799.88
3548	799.88
3549	799.88
3550	799.88
3551	799.88
3552	799.89
3553	799.89
3554	799.88
3555	799.88
3556	799.87
3557	799.88
3558	799.88
3559	799.88
3560	799.89
3561	799.9
3562	799.9
3563	799.89
3564	799.89
3565	799.88
3566	799.88
3567	799.88
3568	799.88
3569	799.88
3570	799.88
3571	799.89
3572	799.9
3573	799.9
3574	799.89
3575	799.89
3576	799.88
3577	799.88
3578	799.89
3579	799.89
3580	799.89
3581	799.89
3582	799.89
3583	799.89
3584	799.89
3585	799.89
3586	799.89
3587	799.9
3588	799.9
3589	799.89
3590	799.89
3591	799.9
3592	799.9
3593	799.9
3594	799.9
3595	799.9
3596	799.9
3597	799.9
3598	799.89
3599	799.88
3600	799.86
3601	799.85
3602	799.84
3603	799.82
3604	799.82
3605	799.83
3606	799.82
3607	799.82
3608	799.83
3609	799.82
3610	799.83
3611	799.83
3612	799.83
3613	799.82
3614	799.81
3615	799.81
3616	799.82
3617	799.82
3618	799.81
3619	799.82
3620	799.84
3621	799.83
3622	799.84
3623	799.83
3624	799.82
3625	799.81
3626	799.8
3627	799.81
3628	799.81
3629	799.81
3630	799.81
3631	799.82
3632	799.82
3633	799.81
3634	799.81
3635	799.83
3636	799.83
3637	799.84
3638	799.83
3639	799.83
3640	799.83
3641	799.83
3642	799.83
3643	799.83
3644	799.82
3645	799.81
3646	799.82
3647	799.83
3648	799.82
3649	799.84
3650	799.85
3651	799.85
3652	799.85
3653	799.84
3654	799.84
3655	799.84
3656	799.83
3657	799.84
3658	799.84
3659	799.83
3660	799.83
3661	799.84
3662	799.83
3663	799.84
3664	799.85
3665	799.85
3666	799.84
3667	799.83
3668	799.82
3669	799.84
3670	799.85
3671	799.85
3672	799.86
3673	799.86
3674	799.85
3675	799.84
3676	799.83
3677	799.84
3678	799.85
3679	799.83
3680	799.85
3681	799.86
3682	799.84
3683	799.84
3684	799.85
3685	799.84
3686	799.84
3687	799.84
3688	799.86
3689	799.85
3690	799.86
3691	799.86
3692	799.86
3693	799.85
3694	799.86
3695	799.86
3696	799.86
3697	799.86
3698	799.86
3699	799.86
3700	799.86
3701	799.87
3702	799.85
3703	799.87
3704	799.87
3705	799.87
3706	799.86
3707	799.87
3708	799.86
3709	799.87
3710	799.88
3711	799.87
3712	799.85
3713	799.86
3714	799.87
3715	799.86
3716	799.88
3717	799.89
3718	799.89
3719	799.88
3720	799.88
3721	799.87
3722	799.87
3723	799.88
3724	799.88
3725	799.88
3726	799.89
3727	799.9
3728	799.89
3729	799.9
3730	799.9
3731	799.9
3732	799.89
3733	799.89
3734	799.9
3735	799.9
3736	799.88
3737	799.87
3738	799.71
3739	799.54
3740	799.39
3741	799.22
3742	799.06
3743	798.91
3744	798.91
3745	798.91
3746	798.9
3747	798.89
3748	798.91
3749	798.91
3750	798.92
3751	798.92
3752	798.92
3753	798.92
3754	798.92
3755	798.92
3756	798.91
3757	798.91
3758	798.9
3759	798.9
3760	798.9
3761	798.9
3762	798.9
3763	798.9
3764	798.89
3765	798.88
3766	798.86
3767	798.87
3768	798.87
3769	798.88
3770	798.87
3771	798.87
3772	798.86
3773	798.86
3774	798.86
3775	798.87
3776	798.87
3777	798.87
3778	798.86
3779	798.85
3780	798.86
3781	798.86
3782	798.85
3783	798.86
3784	798.87
3785	798.86
3786	798.85
3787	798.86
3788	798.86
3789	798.85
3790	798.85
3791	798.85
3792	798.86
3793	798.85
3794	798.85
3795	798.84
3796	798.85
3797	798.84
3798	798.84
3799	798.84
3800	798.85
3801	798.84
3802	798.85
3803	798.84
3804	798.84
3805	798.85
3806	798.84
3807	798.84
3808	798.84
3809	798.84
3810	798.84
3811	798.83
3812	798.83
3813	798.84
3814	798.84
3815	798.83
3816	798.84
3817	798.84
3818	798.85
3819	798.86
3820	798.86
3821	798.85
3822	798.85
3823	798.84
3824	798.84
3825	798.84
3826	798.84
3827	798.83
3828	798.84
3829	798.85
3830	798.84
3831	798.85
3832	798.84
3833	798.83
3834	798.83
3835	798.83
3836	798.83
3837	798.84
3838	798.84
3839	798.84
3840	798.85
3841	798.85
3842	798.85
3843	798.85
3844	798.84
3845	798.84
3846	798.83
3847	798.83
3848	798.84
3849	798.83
3850	798.83
3851	798.82
3852	798.82
3853	798.83
3854	798.84
3855	798.83
3856	798.84
3857	798.85
3858	798.85
3859	798.84
3860	798.84
3861	798.85
3862	798.84
3863	798.83
3864	798.84
3865	798.84
3866	798.82
3867	798.82
3868	798.82
3869	798.83
3870	798.84
3871	798.83
3872	798.84
3873	798.84
3874	798.84
3875	798.83
3876	798.82
3877	798.83
3878	798.82
3879	798.81
3880	798.82
3881	798.82
3882	798.84
3883	798.83
3884	798.82
3885	798.82
3886	798.83
3887	798.82
3888	798.79
3889	798.75
3890	798.75
3891	798.76
3892	798.76
3893	798.76
3894	798.76
3895	798.76
3896	798.75
3897	798.75
3898	798.75
3899	798.75
3900	798.75
3901	798.76
3902	798.75
3903	798.75
3904	798.75
3905	798.75
3906	798.75
3907	798.75
3908	798.75
3909	798.74
3910	798.74
3911	798.74
3912	798.74
3913	798.73
3914	798.73
3915	798.73
3916	798.72
3917	798.72
3918	798.72
3919	798.71
3920	798.7
3921	798.71
3922	798.71
3923	798.72
3924	798.72
3925	798.71
3926	798.71
3927	798.7
3928	798.7
3929	798.69
3930	798.69
3931	798.68
3932	798.68
3933	798.68
3934	798.67
3935	798.67
3936	798.66
3937	798.65
3938	798.64
3939	798.63
3940	798.62
3941	798.61
3942	798.6
3943	798.57
3944	798.57
3945	798.56
3946	798.55
3947	798.54
3948	798.53
3949	798.52
3950	798.5
3951	798.47
3952	798.44
3953	798.43
3954	798.41
3955	798.39
3956	798.37
3957	798.35
3958	798.33
3959	798.3
3960	798.27
3961	798.24
3962	798.2
3963	798.22
3964	798.25
3965	798.28
3966	798.31
3967	798.34
3968	798.38
3969	798.4
3970	798.43
3971	798.44
3972	798.47
3973	798.49
3974	798.51
3975	798.53
3976	798.55
3977	798.56
3978	798.57
3979	798.58
3980	798.6
3981	798.62
3982	798.63
3983	798.64
3984	798.65
3985	798.67
3986	798.68
3987	798.69
3988	798.7
3989	798.71
3990	798.72
3991	798.71
3992	798.72
3993	798.73
3994	798.74
3995	798.76
3996	798.77
3997	798.77
3998	798.78
3999	798.78
4000	798.79
4001	798.79
4002	798.8
4003	798.8
4004	798.81
4005	798.81
4006	798.82
4007	798.83
4008	798.83
4009	798.83
4010	798.84
4011	798.84
4012	798.84
4013	798.85
4014	798.85
4015	798.85
4016	798.86
4017	798.86
4018	798.87
4019	798.87
4020	798.87
4021	798.87
4022	798.88
4023	798.88
4024	798.88
4025	798.89
4026	798.89
4027	798.89
4028	798.9
4029	798.9
4030	798.9
4031	798.9
4032	798.91
4033	798.91
4034	798.92
4035	798.92
4036	798.93
4037	798.94
4038	798.95
4039	798.96
4040	798.98
4041	798.99
4042	799.
4043	799.01
4044	799.03
4045	799.04
4046	799.05
4047	799.06
4048	799.08
4049	799.08
4050	799.1
4051	799.12
4052	799.13
4053	799.15
4054	799.18
4055	799.2
4056	799.23
4057	799.27
4058	799.28
4059	799.3
4060	799.31
4061	799.33
4062	799.36
4063	799.43
4064	799.46
4065	799.47
4066	799.49
4067	799.51
4068	799.53
4069	799.55
4070	799.57
4071	799.59
4072	799.61
4073	799.62
4074	799.64
4075	799.66
4076	799.67
4077	799.68
4078	799.69
4079	799.7
4080	799.71
4081	799.72
4082	799.73
4083	799.74
4084	799.75
4085	799.76
4086	799.77
4087	799.78
4088	799.78
4089	799.79
4090	799.79
4091	799.8
4092	799.81
4093	799.81
4094	799.82
4095	799.83
4096	799.84
4097	799.85
4098	799.86
4099	799.87
4100	799.88
4101	799.89
4102	799.9
4103	799.91
4104	799.93
4105	799.92
4106	799.93
4107	799.95
4108	799.98
4109	799.94
4110	799.94
4111	799.92
4112	799.89
4113	799.84
4114	799.76
4115	799.65
4116	799.52
4117	799.34
4118	799.12
4119	798.85
4120	798.57
4121	798.26
4122	797.99
4123	797.69
4124	797.39
4125	797.12
4126	796.9
4127	796.69
4128	796.46
4129	796.25
4130	796.06
4131	795.9
4132	795.73
4133	795.58
4134	795.47
4135	795.35
4136	795.24
4137	795.13
4138	795.03
4139	794.96
4140	794.89
4141	794.8
4142	794.73
4143	794.66
4144	794.61
4145	794.54
4146	794.49
4147	794.43
4148	794.38
4149	794.34
4150	794.3
4151	794.25
4152	794.2
4153	794.15
4154	794.11
4155	794.06
4156	794.01
4157	793.97
4158	793.94
4159	793.89
4160	793.86
4161	793.82
4162	793.8
4163	793.75
4164	793.67
4165	793.64
4166	793.61
4167	793.57
4168	793.54
4169	793.5
4170	793.48
4171	793.45
4172	793.42
4173	793.4
4174	793.37
4175	793.33
4176	793.31
4177	793.28
4178	793.25
4179	793.22
4180	793.19
4181	793.17
4182	793.15
4183	793.13
4184	793.11
4185	793.07
4186	793.04
4187	793.02
4188	793.
4189	792.97
4190	792.95
4191	792.93
4192	792.91
4193	792.88
4194	792.87
4195	792.85
4196	792.84
4197	792.81
4198	792.78
4199	792.77
4200	792.76
4201	792.74
4202	792.73
4203	792.73
4204	792.71
4205	792.68
4206	792.66
4207	792.66
4208	792.65
4209	792.63
4210	792.6
4211	792.6
4212	792.59
4213	792.59
4214	792.57
4215	792.55
4216	792.54
4217	792.52
4218	792.51
4219	792.49
4220	792.47
4221	792.45
4222	792.44
4223	792.43
4224	792.41
4225	792.39
4226	792.35
4227	792.34
4228	792.33
4229	792.3
4230	798.8
4231	798.56
4232	798.7
4233	798.8
4234	798.68
4235	798.55
4236	798.49
4237	798.65
4238	799.52
4239	799.37
4240	794.41
4241	799.98
4242	798.77
4243	799.24
4244	799.33
4245	797.16
4246	800.31
4247	799.88
4248	799.79
4249	799.08
4250	798.94
4251	798.99
4252	799.73
4253	800.35
4254	799.27
4255	799.7
4256	799.22
4257	798.95
4258	800.18
4259	799.79
4260	793.36
4261	799.64
4262	799.71
4263	798.74
4264	799.98
4265	798.78
4266	799.7
4267	798.82
4268	798.97
4269	798.85
4270	795.6
4271	792.89
4272	794.15
4273	793.32
4274	799.8
4275	794.75
4276	799.65
4277	799.13
4278	798.83
4279	792.75
4280	798.8
4281	799.32
4282	799.7
4283	799.95
4284	799.71
4285	798.8
4286	799.03
4287	799.7
4288	799.85
4289	800.06
4290	798.79
4291	799.56
4292	799.82
4293	799.32
4294	800.25
4295	798.79
4296	799.46
4297	798.99
4298	799.
4299	793.94
4300	799.8
4301	792.75
4302	799.03
4303	799.23
4304	798.73
4305	799.86
4306	799.89
4307	802.58
4308	798.96
4309	794.03
4310	799.43
4311	799.34
4312	798.98
4313	800.58
4314	799.71
4315	800.64
4316	799.22
4317	798.97
4318	799.68
4319	799.67
4320	793.44
4321	799.2
4322	794.62
4323	798.75
4324	800.11
4325	799.24
4326	800.11
4327	799.78
4328	797.11
4329	800.18
4330	798.94
4331	800.32
4332	799.68
4333	799.69
4334	799.72
4335	800.02
4336	793.62
4337	799.83
4338	799.8
4339	798.96
4340	799.18
4341	799.7
4342	799.43
4343	798.91
4344	798.99
4345	799.71
4346	793.23
4347	799.69
4348	799.68
4349	793.48
4350	798.95
4351	794.93
4352	792.97
4353	798.42
4354	798.98
4355	799.67
4356	799.74
4357	800.7
4358	798.93
4359	799.75
4360	799.08
4361	798.98
4362	800.05
4363	799.15
4364	799.68
4365	799.33
4366	799.41
4367	799.85
4368	799.83
4369	799.77
4370	799.11
4371	799.4
4372	793.02
4373	798.64
4374	799.15
4375	799.47
4376	796.37
4377	799.04
4378	799.71
4379	794.83
4380	799.7
4381	799.64
4382	798.38
4383	799.22
4384	799.48
4385	793.04
4386	799.32
4387	799.64
4388	799.5
4389	799.37
4390	799.69
4391	801.53
4392	795.48
4393	799.49
4394	800.17
4395	794.29
4396	798.58
4397	798.93
4398	799.51
4399	799.14
4400	799.
4401	799.51
4402	799.87
4403	800.
4404	799.37
4405	799.2
4406	799.2
4407	795.14
4408	800.03
4409	799.72
4410	799.
4411	798.99
4412	799.19
4413	793.46
4414	798.7
4415	799.78
4416	799.25
4417	799.43
4418	799.26
4419	799.55
4420	799.05
4421	795.73
4422	802.95
4423	799.27
4424	794.26
4425	799.82
4426	793.1
4427	799.68
4428	799.69
4429	799.68
4430	798.88
4431	799.28
4432	799.51
4433	799.72
4434	799.92
4435	799.73
4436	800.45
4437	793.88
4438	799.89
4439	798.98
4440	799.1
4441	798.91
4442	799.6
4443	799.61
4444	793.71
4445	795.92
4446	799.03
4447	799.76
4448	800.37
4449	799.4
4450	799.41
4451	799.72
4452	799.67
4453	799.47
4454	799.53
4455	793.6
4456	798.9
4457	799.51
4458	799.45
4459	799.3
4460	799.37
4461	793.84
4462	799.05
4463	798.49
4464	798.72
4465	798.91
4466	798.84
4467	799.04
4468	800.64
4469	792.71
4470	798.97
4471	799.1
4472	799.89
4473	799.55
4474	799.65
4475	799.7
4476	799.65
4477	799.55
4478	799.97
4479	800.67
4480	799.67
4481	799.77
4482	799.13
4483	799.95
4484	799.19
4485	795.42
4486	799.98
4487	799.13
4488	798.83
4489	798.83
4490	800.54
4491	799.55
4492	798.59
4493	799.9
4494	792.77
4495	798.81
4496	798.98
4497	800.
4498	799.13
4499	799.89
4500	798.61
4501	799.67
4502	799.25
4503	800.04
4504	799.63
4505	793.69
4506	799.05
4507	798.78
4508	798.85
4509	798.8
4510	793.88
4511	799.
4512	799.69
4513	800.32
4514	798.77
4515	793.07
4516	799.69
4517	799.06
4518	798.96
4519	800.33
4520	799.41
4521	799.15
4522	798.86
4523	798.99
4524	798.98
4525	798.97
4526	799.
4527	793.77
4528	799.59
4529	798.96
4530	798.97
4531	799.17
4532	799.88
4533	799.7
4534	800.28
4535	799.24
4536	799.69
4537	799.72
4538	798.62
4539	799.63
4540	799.41
4541	799.94
4542	799.7
4543	799.79
4544	799.4
4545	799.61
4546	798.92
4547	793.29
4548	792.58
4549	793.76
4550	799.81
4551	799.71
4552	799.7
4553	799.19
4554	799.34
4555	799.61
4556	800.95
4557	799.61
4558	799.34
4559	799.76
4560	798.93
4561	798.53
4562	799.35
4563	800.78
4564	798.74
4565	799.05
4566	801.26
4567	799.98
4568	798.79
4569	799.79
4570	798.84
4571	798.85
4572	798.91
4573	799.39
4574	800.55
4575	799.63
4576	792.26
4577	799.22
4578	799.64
4579	798.97
4580	799.82
4581	798.83
4582	798.84
4583	798.87
4584	799.82
4585	799.04
4586	799.11
4587	798.79
4588	793.91
4589	799.39
4590	799.09
4591	798.99
4592	793.12
4593	799.02
4594	798.5
4595	798.58
4596	798.77
4597	799.66
4598	798.82
4599	798.92
4600	799.14
4601	799.
4602	798.93
4603	795.85
4604	799.21
4605	798.85
4606	800.35
4607	798.96
4608	798.92
4609	798.98
4610	798.76
4611	798.42
4612	800.64
4613	799.8
4614	799.27
4615	799.78
4616	798.78
4617	794.77
4618	799.4
4619	799.28
4620	792.63
4621	793.56
4622	794.87
4623	799.46
4624	799.93
4625	799.64
4626	799.65
4627	799.73
4628	799.21
4629	799.33
4630	799.68
4631	799.68
4632	799.26
4633	799.41
4634	798.98
4635	799.35
4636	800.56
4637	799.33
4638	799.81
4639	798.95
4640	799.38
4641	798.95
4642	799.53
4643	799.8
4644	798.72
4645	799.8
4646	799.69
4647	799.83
4648	798.87
4649	799.04
4650	800.66
4651	798.95
4652	799.08
4653	798.83
4654	798.83
4655	799.78
4656	799.03
4657	800.13
4658	799.78
4659	798.71
4660	798.77
4661	799.68
4662	799.67
4663	799.69
4664	799.71
4665	798.97
4666	800.24
4667	798.97
4668	799.71
4669	799.01
4670	799.67
4671	799.74
4672	799.69
4673	798.76
4674	799.71
4675	799.74
4676	798.96
4677	799.73
4678	799.71
4679	798.86
4680	799.16
4681	798.76
4682	799.6
4683	794.23
4684	800.51
4685	798.99
4686	799.41
4687	799.38
4688	799.26
4689	799.71
4690	799.71
4691	799.
4692	798.99
4693	799.54
4694	802.24
4695	799.7
4696	799.38
4697	794.49
4698	799.91
4699	799.96
4700	793.25
4701	799.97
4702	800.44
4703	799.79
4704	800.33
4705	792.58
4706	799.63
4707	801.13
4708	799.01
4709	799.87
4710	799.85
4711	792.95
4712	799.51
4713	799.42
4714	799.4
4715	799.22
4716	799.22
4717	799.53
4718	799.81
4719	798.57
4720	799.63
4721	799.79
4722	799.85
4723	799.84
4724	799.85
4725	798.7
4726	799.83
4727	799.89
4728	799.89
4729	798.87
4730	798.36
4731	799.4
4732	798.55
4733	800.05
4734	799.92
4735	799.07
4736	798.94
4737	798.97
4738	798.85
4739	798.99
4740	799.68
4741	798.85
4742	799.18
4743	799.69
4744	799.65
4745	799.72
4746	799.02
4747	799.7
4748	800.55
4749	799.82
4750	792.68
4751	800.36
4752	793.59
4753	794.2
4754	794.45
4755	793.78
4756	799.15
4757	799.47
4758	799.
4759	798.47
4760	798.92
4761	797.78
4762	799.31
4763	799.59
4764	798.87
4765	799.59
4766	799.91
4767	799.69
4768	800.1
4769	799.81
4770	799.03
4771	793.68
4772	797.19
4773	798.8
4774	798.82
4775	799.76
4776	798.85
4777	799.98
4778	799.97
4779	799.05
4780	798.59
4781	799.13
4782	798.88
4783	800.34
4784	800.59
4785	799.57
4786	799.3
4787	799.54
4788	799.53
4789	799.53
4790	799.56
4791	799.08
4792	799.06
4793	799.07
4794	799.53
4795	800.1
4796	799.24
4797	799.3
4798	799.11
4799	799.64
4800	799.02
4801	799.32
4802	798.93
4803	799.14
4804	799.13
4805	799.11
4806	799.12
4807	799.15
4808	799.21
4809	799.1
4810	799.49
4811	800.21
4812	799.27
4813	799.27
4814	799.42
4815	799.49
4816	799.49
4817	799.38
4818	799.38
4819	799.28
4820	799.28
4821	799.41
4822	799.5
4823	799.5
4824	799.6
4825	799.6
4826	799.7
4827	799.7
4828	799.31
4829	799.32
4830	799.42
4831	799.43
4832	799.53
4833	799.54
4834	799.64
4835	799.65
4836	799.09
4837	799.06
4838	799.
4839	798.98
4840	798.91
4841	798.91
4842	800.44
4843	800.43
4844	800.33
4845	800.32
4846	800.22
4847	800.21
4848	800.12
4849	800.11
4850	800.02
4851	800.01
4852	799.57
4853	799.58
4854	799.46
4855	799.48
4856	799.35
4857	799.37
4858	799.23
4859	800.13
4860	800.11
4861	800.02
4862	800.
4863	799.91
4864	799.89
4865	799.62
4866	799.61
4867	799.51
4868	792.88
4869	799.38
4870	799.38
4871	799.23
4872	799.24
4873	799.1
4874	799.1
4875	799.13
4876	799.13
4877	799.22
4878	799.23
4879	799.32
4880	799.32
4881	799.42
4882	799.43
4883	799.52
4884	799.53
4885	799.83
4886	799.86
4887	799.71
4888	799.77
4889	799.65
4890	799.73
4891	794.22
4892	794.18
4893	794.36
4894	794.32
4895	794.51
4896	794.47
4897	798.77
4898	798.79
4899	798.86
4900	798.88
4901	798.94
4902	798.98
4903	794.01
4904	793.98
4905	799.32
4906	799.37
4907	799.81
4908	799.19
4909	799.21
4910	799.3
4911	799.11
4912	799.2
4913	799.3
4914	799.21
4915	799.09
4916	799.3
4917	794.74
4918	793.11
4919	798.88
4920	799.33
4921	799.41
4922	799.39
4923	799.35
4924	798.65
4925	793.42
4926	793.28
4927	798.77
4928	798.76
4929	799.32
4930	799.4
4931	795.74
4932	793.39
4933	793.54
4934	792.98
4935	793.13
4936	799.43
4937	799.15
4938	799.28
4939	799.43
4940	799.39
4941	799.3
4942	800.42
4943	799.17
4944	798.97
4945	799.17
4946	799.15
4947	799.07
4948	799.05
4949	800.32
4950	800.3
4951	800.2
4952	800.19
4953	800.09
4954	800.08
4955	799.97
4956	799.9
4957	799.94
4958	800.02
4959	800.05
4960	800.13
4961	800.16
4962	800.26
4963	800.29
4964	799.19
4965	799.19
4966	799.29
4967	799.29
4968	799.39
4969	799.39
4970	799.5
4971	799.5
4972	799.6
4973	799.6
4974	799.88
4975	799.89
4976	799.98
4977	799.99
4978	793.43
4979	793.4
4980	793.59
4981	793.56
4982	799.56
4983	799.55
4984	799.71
4985	799.71
4986	798.98
4987	798.99
4988	799.07
4989	799.08
4990	799.16
4991	799.18
4992	799.27
4993	799.27
4994	799.37
4995	799.38
4996	793.22
4997	793.21
4998	793.36
4999	793.35
5000	799.39
5001	799.38
5002	799.4
5003	799.37
5004	800.62
5005	800.61
5006	800.51
5007	800.5
5008	800.4
5009	800.39
5010	800.29
5011	800.28
5012	800.18
5013	800.17
5014	799.16
5015	799.14
5016	799.32
5017	799.3
5018	800.36
5019	800.35
5020	800.61
5021	800.62
5022	800.89
5023	800.94
5024	801.21
5025	801.33
5026	801.54
5027	801.76
5028	798.25
5029	798.31
5030	798.29
5031	798.35
5032	798.32
5033	798.38
5034	799.27
5035	799.27
5036	799.42
5037	799.26
5038	799.13
5039	799.25
5040	799.12
5041	799.14
5042	799.28
5043	799.13
5044	799.27
5045	799.14
5046	799.29
5047	800.02
5048	799.95
5049	799.21
5050	799.18
5051	799.08
5052	799.05
5053	798.96
5054	798.93
5055	793.36
5056	793.5
5057	793.38
5058	793.52
5059	793.41
5060	793.55
5061	793.45
5062	793.48
5063	793.31
5064	793.33
5065	793.17
5066	793.19
5067	800.98
5068	800.85
5069	800.83
5070	800.73
5071	800.66
5072	800.58
5073	800.48
5074	800.43
5075	799.63
5076	799.64
5077	799.47
5078	799.47
5079	800.63
5080	800.63
5081	800.52
5082	800.52
5083	800.4
5084	800.41
5085	800.29
5086	800.3
5087	800.19
5088	800.19
5089	799.23
5090	799.19
5091	799.34
5092	799.29
5093	799.19
5094	799.08
5095	799.12
5096	799.02
5097	800.27
5098	800.34
5099	800.44
5100	799.01
5101	799.
5102	799.11
5103	799.1
5104	799.2
5105	799.2
5106	799.38
5107	799.38
5108	799.21
5109	799.22
5110	799.56
5111	799.57
5112	799.41
5113	799.43
5114	799.27
5115	799.28
5116	799.14
5117	799.13
5118	799.39
5119	799.26
5120	799.38
5121	799.24
5122	799.4
5123	799.25
5124	799.4
5125	799.26
5126	799.41
5127	799.28
5128	799.14
5129	799.13
5130	799.28
5131	799.27
5132	799.42
5133	799.41
5134	793.71
5135	793.74
5136	793.56
5137	793.58
5138	799.41
5139	799.3
5140	799.4
5141	799.3
5142	799.39
5143	799.28
5144	797.93
5145	797.89
5146	797.5
5147	797.44
5148	797.14
5149	797.15
5150	796.84
5151	796.89
5152	799.14
5153	799.28
5154	799.14
5155	799.27
5156	794.4
5157	794.36
5158	799.53
5159	799.62
5160	799.52
5161	799.61
5162	796.23
5163	796.07
5164	796.27
5165	796.14
5166	796.33
5167	796.2
5168	800.15
5169	800.15
5170	800.25
5171	800.26
5172	800.35
5173	800.36
5174	800.45
5175	800.45
5176	800.54
5177	800.54
5178	799.23
5179	799.24
5180	799.38
5181	799.38
5182	799.52
5183	799.53
5184	792.5
5185	792.45
5186	792.69
5187	792.63
5188	792.88
5189	792.82
5190	799.45
5191	799.46
5192	799.6
5193	799.61
5194	799.75
5195	799.75
5196	799.85
5197	799.96
5198	793.81
5199	793.84
5200	799.41
5201	799.46
5202	794.6
5203	799.62
5204	799.42
5205	799.64
5206	795.23
5207	800.11
5208	799.39
5209	799.46
5210	799.48
5211	799.39
5212	799.38
5213	799.16
5214	799.52
5215	799.53
5216	799.37
5217	799.38
5218	794.35
5219	794.21
5220	794.3
5221	794.17
5222	794.26
5223	794.12
5224	794.21
5225	794.08
5226	794.18
5227	794.04
5228	799.11
5229	799.24
5230	799.11
5231	799.24
5232	799.09
5233	799.22
5234	799.11
5235	799.24
5236	799.12
5237	799.25
5238	799.24
5239	799.11
5240	799.22
5241	799.1
5242	793.37
5243	793.39
5244	793.21
5245	793.22
5246	793.05
5247	793.05
5248	799.12
5249	799.11
5250	799.22
5251	799.21
5252	799.33
5253	799.31
5254	799.43
5255	799.41
5256	798.93
5257	798.93
5258	799.03
5259	799.03
5260	799.12
5261	799.13
5262	799.23
5263	799.24
5264	799.33
5265	799.34
5266	795.21
5267	795.26
5268	795.31
5269	799.81
5270	799.81
5271	799.71
5272	799.71
5273	799.61
5274	799.61
5275	799.51
5276	799.51
5277	799.41
5278	799.4
5279	799.4
5280	799.4
5281	799.38
5282	799.37
5283	799.02
5284	799.04
5285	798.87
5286	798.81
5287	793.68
5288	793.87
5289	792.15
5290	792.09
5291	793.37
5292	793.52
5293	793.13
5294	793.26
5295	792.9
5296	793.02
5297	792.68
5298	792.81
5299	792.49
5300	792.61
5301	792.32
5302	792.41
5303	792.25
5304	799.59
5305	799.7
5306	799.7
5307	799.46
5308	799.59
5309	799.29
5310	799.44
5311	799.09
5312	799.26
5313	798.85
5314	799.04
5315	798.58
5316	798.78
5317	798.3
5318	798.5
5319	798.01
5320	798.21
5321	797.72
5322	797.93
5323	797.43
5324	797.63
5325	797.16
5326	797.34
5327	796.9
5328	797.08
5329	796.65
5330	796.84
5331	796.42
5332	796.62
5333	796.21
5334	796.39
5335	796.02
5336	796.18
5337	795.84
5338	795.99
5339	795.68
5340	795.83
5341	795.53
5342	795.67
5343	795.39
5344	795.52
5345	795.27
5346	795.4
5347	795.15
5348	795.28
5349	795.05
5350	795.17
5351	794.95
5352	795.06
5353	794.86
5354	794.97
5355	794.77
5356	794.89
5357	794.7
5358	794.81
5359	794.62
5360	794.73
5361	794.56
5362	794.66
5363	794.49
5364	794.59
5365	794.43
5366	794.54
5367	794.37
5368	794.47
5369	794.32
5370	794.42
5371	794.27
5372	794.36
5373	794.22
5374	794.31
5375	794.17
5376	794.27
5377	794.12
5378	794.22
5379	794.07
5380	794.17
5381	794.03
5382	794.13
5383	793.99
5384	794.08
5385	793.94
5386	794.04
5387	793.9
5388	793.99
5389	793.86
5390	793.94
5391	793.82
5392	793.91
5393	793.78
5394	793.87
5395	793.74
5396	793.82
5397	793.7
5398	793.79
5399	793.67
5400	793.75
5401	793.63
5402	793.72
5403	793.59
5404	793.68
5405	793.56
5406	793.64
5407	793.52
5408	793.6
5409	793.49
5410	793.57
5411	793.46
5412	793.54
5413	793.42
5414	793.5
5415	793.39
5416	793.47
5417	793.36
5418	793.44
5419	793.33
5420	793.41
5421	793.3
5422	793.38
5423	793.27
5424	793.35
5425	793.24
5426	793.33
5427	793.21
5428	793.29
5429	793.18
5430	793.26
5431	793.15
5432	793.23
5433	793.12
5434	793.21
5435	793.09
5436	793.18
5437	793.07
5438	793.15
5439	793.04
5440	793.12
5441	793.01
5442	793.1
5443	792.99
5444	793.07
5445	792.96
5446	793.05
5447	792.94
5448	793.03
5449	792.92
5450	793.
5451	792.89
5452	792.97
5453	792.87
5454	792.95
5455	792.85
5456	792.93
5457	792.83
5458	792.9
5459	792.8
5460	792.88
5461	792.78
5462	792.86
5463	792.76
5464	792.84
5465	792.74
5466	792.82
5467	792.72
5468	792.8
5469	792.7
5470	792.78
5471	792.68
5472	792.76
5473	792.67
5474	792.74
5475	792.65
5476	792.72
5477	792.63
5478	792.71
5479	792.61
5480	792.69
5481	792.6
5482	792.67
5483	792.58
5484	792.66
5485	792.56
5486	792.65
5487	792.55
5488	792.63
5489	792.53
5490	792.61
5491	792.52
5492	792.59
5493	792.5
5494	792.58
5495	792.49
5496	792.57
5497	792.47
5498	792.55
5499	792.46
5500	792.53
5501	792.45
5502	792.53
5503	792.43
5504	792.52
5505	792.42
5506	792.51
5507	792.41
5508	792.49
5509	792.39
5510	792.48
5511	792.38
5512	792.46
5513	792.37
5514	792.45
5515	792.35
5516	792.43
5517	792.34
5518	792.42
5519	792.32
5520	792.4
5521	792.31
5522	792.38
5523	792.29
5524	792.37
5525	792.27
5526	792.36
5527	792.25
5528	792.34
5529	792.23
5530	792.32
5531	792.21
5532	792.29
5533	792.19
5534	792.27
5535	792.16
5536	792.25
5537	792.13
5538	792.22
5539	792.19
5540	799.33
5541	799.31
5542	799.38
5543	799.36
5544	799.4
5545	799.38
5546	799.42
5547	799.4
5548	799.44
5549	799.42
5550	799.46
5551	799.44
5552	799.48
5553	799.46
5554	799.5
5555	799.48
5556	799.52
5557	799.5
5558	799.54
5559	799.52
5560	799.56
5561	799.53
5562	799.57
5563	799.55
5564	799.59
5565	799.56
5566	799.61
5567	799.58
5568	799.62
5569	799.59
5570	799.63
5571	799.6
5572	799.64
5573	799.61
5574	799.65
5575	799.62
5576	799.66
5577	799.63
5578	799.67
5579	799.64
5580	799.69
5581	799.65
5582	799.7
5583	799.66
5584	799.7
5585	799.67
5586	799.71
5587	799.68
5588	799.72
5589	799.68
5590	799.73
5591	799.69
5592	799.74
5593	799.7
5594	799.74
5595	799.7
5596	799.75
5597	799.71
5598	799.75
5599	799.72
5600	799.76
5601	799.72
5602	799.77
5603	799.73
5604	799.77
5605	799.74
5606	799.78
5607	799.74
5608	799.79
5609	799.75
5610	799.8
5611	799.76
5612	799.8
5613	799.77
5614	799.81
5615	799.78
5616	799.82
5617	799.79
5618	799.83
5619	799.8
5620	799.84
5621	799.81
5622	799.85
5623	799.82
5624	799.86
5625	799.83
5626	799.87
5627	799.84
5628	799.88
5629	799.85
5630	799.89
5631	799.85
5632	799.9
5633	799.85
5634	799.91
5635	799.85
5636	799.9
5637	799.83
5638	799.89
5639	799.81
5640	799.87
5641	799.77
5642	799.84
5643	799.79
5644	798.85
5645	798.85
5646	798.89
5647	798.85
5648	798.9
5649	798.86
5650	798.91
5651	798.87
5652	798.92
5653	798.87
5654	798.93
5655	798.88
5656	798.94
5657	798.89
5658	798.95
5659	798.9
5660	798.96
5661	798.91
5662	798.97
5663	798.92
5664	798.98
5665	798.93
5666	798.99
5667	798.94
5668	799.01
5669	798.96
5670	799.02
5671	798.97
5672	799.03
5673	798.99
5674	799.05
5675	799.01
5676	799.07
5677	799.03
5678	799.09
5679	799.05
5680	799.11
5681	799.07
5682	799.13
5683	799.1
5684	799.16
5685	799.13
5686	799.19
5687	799.15
5688	799.21
5689	799.18
5690	799.23
5691	799.21
5692	799.26
5693	799.24
5694	799.28
5695	799.28
5696	799.31
5697	799.35
5698	798.13
5699	798.13
5700	798.84
5701	798.89
5702	798.84
5703	798.88
5704	798.84
5705	798.88
5706	798.83
5707	798.87
5708	798.83
5709	798.87
5710	798.83
5711	798.87
5712	798.82
5713	798.86
5714	798.82
5715	798.86
5716	798.82
5717	798.86
5718	798.82
5719	798.85
5720	798.81
5721	798.85
5722	798.81
5723	798.85
5724	798.81
5725	798.85
5726	798.8
5727	798.84
5728	798.8
5729	798.84
5730	798.8
5731	798.83
5732	798.79
5733	798.83
5734	798.79
5735	798.83
5736	798.79
5737	798.83
5738	798.78
5739	798.82
5740	798.78
5741	798.82
5742	798.78
5743	798.82
5744	798.77
5745	798.81
5746	798.77
5747	798.81
5748	798.77
5749	798.81
5750	798.76
5751	798.8
5752	798.76
5753	798.8
5754	798.75
5755	798.79
5756	798.75
5757	798.79
5758	798.75
5759	798.79
5760	798.74
5761	798.78
5762	798.74
5763	798.78
5764	798.73
5765	798.77
5766	798.73
5767	798.76
5768	798.72
5769	798.76
5770	798.72
5771	798.76
5772	798.71
5773	798.75
5774	798.7
5775	798.74
5776	798.7
5777	798.74
5778	798.69
5779	798.73
5780	798.69
5781	798.73
5782	798.68
5783	798.72
5784	798.67
5785	798.71
5786	798.66
5787	798.7
5788	798.66
5789	798.69
5790	798.65
5791	798.68
5792	798.64
5793	798.68
5794	798.63
5795	798.67
5796	798.62
5797	798.66
5798	798.61
5799	798.65
5800	798.6
5801	798.64
5802	798.59
5803	798.63
5804	798.57
5805	798.62
5806	798.56
5807	798.61
5808	798.55
5809	798.59
5810	798.54
5811	798.58
5812	798.52
5813	798.56
5814	798.51
5815	798.55
5816	798.49
5817	798.53
5818	798.47
5819	798.52
5820	798.46
5821	798.51
5822	798.44
5823	798.49
5824	798.42
5825	798.47
5826	798.4
5827	798.45
5828	798.38
5829	798.43
5830	798.36
5831	798.41
5832	798.34
5833	798.39
5834	798.32
5835	798.37
5836	798.29
5837	798.34
5838	798.27
5839	798.32
5840	798.25
5841	798.3
5842	798.22
5843	798.27
5844	798.2
5845	798.25
5846	798.18
5847	798.22
5848	798.15
5849	798.19
5850	798.16
5851	798.68
5852	798.68
5853	798.72
5854	798.68
5855	798.72
5856	798.68
5857	798.72
5858	798.68
5859	798.72
5860	798.68
5861	798.72
5862	798.68
5863	798.72
5864	798.68
5865	798.72
5866	798.68
5867	798.72
5868	798.68
5869	798.72
5870	798.68
5871	798.71
5872	798.68
5873	798.71
5874	798.68
5875	798.71
5876	798.68
5877	798.72
5878	798.68
5879	798.72
5880	798.68
5881	798.71
5882	798.68
5883	798.71
5884	798.67
5885	798.71
5886	798.67
5887	798.71
5888	798.67
5889	798.71
5890	798.67
5891	798.71
5892	798.67
5893	798.71
5894	798.67
5895	798.71
5896	798.67
5897	798.7
5898	798.67
5899	798.7
5900	798.67
5901	798.7
5902	798.66
5903	798.7
5904	798.66
5905	798.7
5906	798.66
5907	798.69
5908	798.66
5909	798.69
5910	798.66
5911	798.69
5912	798.65
5913	798.69
5914	798.65
5915	798.68
5916	798.65
5917	798.68
5918	798.65
5919	798.68
5920	798.64
5921	798.68
5922	798.64
5923	798.68
5924	798.64
5925	798.68
5926	798.63
5927	798.68
5928	798.63
5929	798.67
5930	798.63
5931	798.66
5932	798.62
5933	798.66
5934	798.62
5935	798.66
5936	798.61
5937	798.65
5938	798.61
5939	798.65
5940	798.6
5941	798.64
5942	798.6
5943	798.64
5944	798.59
5945	798.63
5946	798.58
5947	798.63
5948	798.58
5949	798.62
5950	798.57
5951	798.61
5952	798.56
5953	798.6
5954	798.55
5955	798.6
5956	798.54
5957	798.58
5958	798.53
5959	798.57
5960	798.52
5961	798.56
5962	798.51
5963	798.55
5964	798.5
5965	798.54
5966	798.49
5967	798.53
5968	798.48
5969	798.52
5970	798.46
5971	798.51
5972	798.45
5973	798.5
5974	798.43
5975	798.49
5976	798.42
5977	798.47
5978	798.4
5979	798.46
5980	798.38
5981	798.43
5982	798.36
5983	798.41
5984	798.35
5985	798.39
5986	798.33
5987	798.37
5988	798.31
5989	798.35
5990	798.28
5991	798.33
5992	798.26
5993	798.31
5994	798.24
5995	798.29
5996	798.22
5997	798.27
5998	798.2
5999	798.24
6000	798.17
6001	798.21
6002	798.15
6003	798.18
6004	798.16
6005	798.17
6006	798.77
6007	798.83
6008	798.77
6009	798.84
6010	798.77
6011	798.84
6012	798.77
6013	798.84
6014	798.77
6015	798.83
6016	798.77
6017	798.83
6018	798.77
6019	798.84
6020	798.76
6021	798.84
6022	798.76
6023	798.84
6024	798.76
6025	798.84
6026	798.76
6027	798.84
6028	798.76
6029	798.84
6030	798.76
6031	798.84
6032	798.76
6033	798.84
6034	798.76
6035	798.83
6036	798.76
6037	798.83
6038	798.75
6039	798.83
6040	798.75
6041	798.83
6042	798.75
6043	798.83
6044	798.75
6045	798.83
6046	798.75
6047	798.82
6048	798.75
6049	798.82
6050	798.74
6051	798.82
6052	798.74
6053	798.81
6054	798.74
6055	798.8
6056	798.74
6057	798.81
6058	798.74
6059	798.81
6060	798.74
6061	798.81
6062	798.74
6063	798.8
6064	798.73
6065	798.8
6066	798.73
6067	798.8
6068	798.73
6069	798.8
6070	798.73
6071	798.8
6072	798.73
6073	798.8
6074	798.73
6075	798.8
6076	798.73
6077	798.8
6078	798.73
6079	798.8
6080	798.73
6081	798.79
6082	798.72
6083	798.79
6084	798.72
6085	798.79
6086	798.72
6087	798.79
6088	798.72
6089	798.79
6090	798.72
6091	798.79
6092	798.72
6093	798.79
6094	798.72
6095	798.79
6096	798.72
6097	798.79
6098	798.72
6099	798.79
6100	798.72
6101	798.78
6102	798.72
6103	798.79
6104	798.72
6105	798.79
6106	798.72
6107	798.78
6108	798.72
6109	798.79
6110	798.71
6111	798.78
6112	798.71
6113	798.78
6114	798.71
6115	798.78
6116	798.71
6117	798.78
6118	798.71
6119	798.78
6120	798.71
6121	798.78
6122	798.71
6123	798.78
6124	798.71
6125	798.78
6126	798.71
6127	798.78
6128	798.71
6129	798.78
6130	798.71
6131	798.78
6132	798.71
6133	798.78
6134	798.71
6135	798.78
6136	798.71
6137	798.78
6138	798.71
6139	798.77
6140	798.71
6141	798.77
6142	798.71
6143	798.77
6144	798.71
6145	798.77
6146	798.71
6147	798.77
6148	798.71
6149	798.77
6150	798.71
6151	798.77
6152	798.71
6153	798.77
6154	798.71
6155	798.77
6156	798.71
6157	798.77
6158	798.71
6159	798.77
6160	798.7
6161	798.77
6162	798.7
6163	798.78
6164	798.7
6165	798.78
6166	798.7
6167	798.78
6168	798.7
6169	798.78
6170	798.7
6171	798.78
6172	798.7
6173	798.77
6174	798.7
6175	798.77
6176	798.7
6177	798.77
6178	798.7
6179	798.77
6180	798.7
6181	798.77
6182	798.7
6183	798.77
6184	798.7
6185	798.77
6186	798.7
6187	798.77
6188	798.7
6189	798.77
6190	798.7
6191	798.77
6192	798.7
6193	798.76
6194	798.7
6195	798.77
6196	798.7
6197	798.76
6198	798.7
6199	798.77
6200	798.7
6201	798.77
6202	798.7
6203	798.77
6204	798.7
6205	798.77
6206	798.7
6207	798.77
6208	798.7
6209	798.77
6210	798.7
6211	798.77
6212	798.7
6213	798.77
6214	798.7
6215	798.77
6216	798.7
6217	798.77
6218	798.7
6219	798.76
6220	798.7
6221	798.76
6222	798.7
6223	798.77
6224	798.7
6225	798.76
6226	798.7
6227	798.76
6228	798.7
6229	798.76
6230	798.7
6231	798.76
6232	798.69
6233	798.76
6234	798.69
6235	798.77
6236	798.69
6237	798.76
6238	798.69
6239	798.77
6240	798.69
6241	798.77
6242	798.69
6243	798.77
6244	798.69
6245	798.77
6246	798.69
6247	798.77
6248	798.69
6249	798.77
6250	798.69
6251	798.76
6252	798.69
6253	798.76
6254	798.69
6255	798.77
6256	798.69
6257	798.77
6258	798.69
6259	798.76
6260	798.69
6261	798.75
6262	798.69
6263	798.75
6264	798.69
6265	798.76
6266	798.69
6267	798.76
6268	798.69
6269	798.76
6270	798.69
6271	798.77
6272	798.69
6273	798.76
6274	798.69
6275	798.77
6276	798.69
6277	798.76
6278	798.69
6279	798.76
6280	798.69
6281	798.76
6282	798.69
6283	798.76
6284	798.69
6285	798.75
6286	798.69
6287	798.75
6288	798.69
6289	798.75
6290	798.69
6291	798.76
6292	798.69
6293	798.76
6294	798.69
6295	798.76
6296	798.69
6297	798.76
6298	798.69
6299	798.76
6300	798.69
6301	798.75
6302	798.68
6303	798.74
6304	798.68
6305	798.74
6306	798.68
6307	798.73
6308	798.72
6309	799.95
6310	800.02
6311	799.8
6312	799.88
6313	799.63
6314	799.71
6315	799.45
6316	799.54
6317	799.28
6318	799.38
6319	799.12
6320	799.21
6321	798.97
6322	799.05
6323	798.91
6324	799.98
6325	799.98
6326	799.94
6327	800.05
6328	799.95
6329	800.07
6330	799.97
6331	800.07
6332	799.98
6333	800.08
6334	799.99
6335	800.08
6336	799.98
6337	800.07
6338	799.98
6339	800.07
6340	799.98
6341	800.07
6342	799.98
6343	800.06
6344	799.98
6345	800.06
6346	799.98
6347	800.06
6348	799.98
6349	800.06
6350	799.97
6351	800.05
6352	799.97
6353	800.05
6354	799.96
6355	800.05
6356	799.96
6357	800.04
6358	799.96
6359	800.04
6360	799.96
6361	800.04
6362	799.96
6363	800.04
6364	799.96
6365	800.03
6366	799.96
6367	800.03
6368	799.96
6369	800.03
6370	799.96
6371	800.03
6372	799.96
6373	800.03
6374	799.95
6375	800.03
6376	799.94
6377	800.02
6378	799.95
6379	800.02
6380	799.94
6381	800.02
6382	799.94
6383	800.02
6384	799.95
6385	800.02
6386	799.95
6387	800.02
6388	799.94
6389	800.02
6390	799.94
6391	800.02
6392	799.94
6393	800.02
6394	799.94
6395	800.01
6396	799.94
6397	800.01
6398	799.94
6399	800.01
6400	799.94
6401	800.01
6402	799.93
6403	800.01
6404	799.94
6405	800.01
6406	799.94
6407	800.01
6408	799.94
6409	800.01
6410	799.93
6411	800.01
6412	799.93
6413	800.01
6414	799.94
6415	800.01
6416	799.93
6417	800.01
6418	799.93
6419	800.01
6420	799.93
6421	800.01
6422	799.94
6423	800.01
6424	799.93
6425	800.
6426	799.93
6427	800.
6428	799.93
6429	800.
6430	799.93
6431	800.
6432	799.93
6433	800.
6434	799.93
6435	800.
6436	799.92
6437	800.
6438	799.92
6439	800.
6440	799.92
6441	800.
6442	799.93
6443	800.
6444	799.92
6445	800.
6446	799.92
6447	800.
6448	799.92
6449	800.
6450	799.93
6451	800.
6452	799.92
6453	800.
6454	799.91
6455	800.
6456	799.92
6457	800.
6458	799.92
6459	800.
6460	799.92
6461	800.
6462	799.91
6463	800.
6464	799.92
6465	800.
6466	799.91
6467	800.
6468	799.92
6469	800.
6470	799.93
6471	800.
6472	799.93
6473	800.
6474	799.92
6475	800.
6476	799.92
6477	799.99
6478	799.92
6479	799.99
6480	799.92
6481	799.99
6482	799.91
6483	799.99
6484	799.91
6485	799.99
6486	799.92
6487	799.99
6488	799.91
6489	799.99
6490	799.92
6491	799.99
6492	799.92
6493	799.99
6494	799.92
6495	799.99
6496	799.91
6497	799.99
6498	799.91
6499	799.99
6500	799.91
6501	799.99
6502	799.91
6503	799.99
6504	799.92
6505	799.99
6506	799.92
6507	799.99
6508	799.91
6509	799.99
6510	799.91
6511	799.99
6512	799.91
6513	799.99
6514	799.91
6515	799.99
6516	799.92
6517	799.99
6518	799.92
6519	799.99
6520	799.92
6521	799.99
6522	799.91
6523	799.99
6524	799.9
6525	799.99
6526	799.91
6527	799.99
6528	799.9
6529	799.99
6530	799.9
6531	799.99
6532	799.9
6533	799.99
6534	799.91
6535	799.99
6536	799.91
6537	799.99
6538	799.91
6539	799.99
6540	799.91
6541	799.99
6542	799.91
6543	799.99
6544	799.91
6545	799.99
6546	799.91
6547	799.99
6548	799.91
6549	799.98
6550	799.91
6551	799.98
6552	799.9
6553	799.98
6554	799.9
6555	799.98
6556	799.9
6557	799.98
6558	799.9
6559	799.98
6560	799.9
6561	799.98
6562	799.9
6563	799.98
6564	799.9
6565	799.98
6566	799.9
6567	799.98
6568	799.89
6569	799.98
6570	799.9
6571	799.98
6572	799.9
6573	799.98
6574	799.91
6575	799.98
6576	799.91
6577	799.98
6578	799.9
6579	799.98
6580	799.91
6581	799.98
6582	799.9
6583	799.98
6584	799.9
6585	799.98
6586	799.9
6587	799.98
6588	799.9
6589	799.98
6590	799.9
6591	799.98
6592	799.9
6593	799.98
6594	799.9
6595	799.98
6596	799.9
6597	799.98
6598	799.9
6599	799.98
6600	799.91
6601	799.98
6602	799.9
6603	799.98
6604	799.9
6605	799.98
6606	799.9
6607	799.98
6608	799.9
6609	799.98
6610	799.9
6611	799.98
6612	799.9
6613	799.98
6614	799.9
6615	799.98
6616	799.9
6617	799.98
6618	799.91
6619	799.98
6620	799.91
6621	799.98
6622	799.92
6623	799.98
6624	799.93
6625	799.93
6626	799.98
6627	799.98
6628	799.88
6629	799.98
6630	799.94
6631	799.98
6632	799.94
6633	799.98
6634	799.94
6635	799.98
6636	799.94
6637	799.98
6638	799.94
6639	799.98
6640	799.94
6641	799.98
6642	799.93
6643	799.98
6644	799.93
6645	799.98
6646	799.93
6647	799.98
6648	799.94
6649	799.98
6650	799.94
6651	799.98
6652	799.93
6653	799.98
6654	799.93
6655	799.98
6656	799.93
6657	799.98
6658	799.93
6659	799.98
6660	799.94
6661	799.98
6662	799.93
6663	799.98
6664	799.93
6665	799.98
6666	799.93
6667	799.98
6668	799.93
6669	799.98
6670	799.93
6671	799.98
6672	799.93
6673	799.98
6674	799.93
6675	799.98
6676	799.94
6677	799.98
6678	799.94
6679	799.98
6680	799.94
6681	799.98
6682	799.93
6683	799.98
6684	799.93
6685	799.98
6686	799.93
6687	799.98
6688	799.93
6689	799.98
6690	799.93
6691	799.98
6692	799.93
6693	799.98
6694	799.93
6695	799.98
6696	799.93
6697	799.98
6698	799.93
6699	799.98
6700	799.94
6701	799.98
6702	799.94
6703	799.98
6704	799.93
6705	799.98
6706	799.93
6707	799.98
6708	799.93
6709	799.98
6710	799.93
6711	799.98
6712	799.92
6713	799.98
6714	799.93
6715	799.98
6716	799.93
6717	799.98
6718	799.93
6719	799.98
6720	799.93
6721	799.98
6722	799.93
6723	799.98
6724	799.93
6725	799.98
6726	799.93
6727	799.98
6728	799.93
6729	799.98
6730	799.93
6731	799.98
6732	799.93
6733	799.98
6734	799.93
6735	799.98
6736	799.93
6737	799.98
6738	799.92
6739	799.98
6740	799.92
6741	799.98
6742	799.92
6743	799.98
6744	799.92
6745	799.98
6746	799.92
6747	799.98
6748	799.92
6749	799.98
6750	799.92
6751	799.98
6752	799.91
6753	799.98
6754	799.91
6755	799.98
6756	799.9
6757	799.98
6758	799.9
6759	799.89
6760	800.12
6761	800.13
6762	800.08
6763	800.12
6764	800.08
6765	800.12
6766	800.08
6767	800.11
6768	800.08
6769	800.11
6770	800.08
6771	800.11
6772	800.08
6773	800.11
6774	800.07
6775	800.11
6776	800.07
6777	800.1
6778	800.07
6779	800.1
6780	800.07
6781	800.1
6782	800.06
6783	800.1
6784	800.06
6785	800.1
6786	800.06
6787	800.1
6788	800.06
6789	800.09
6790	800.05
6791	800.09
6792	800.05
6793	800.09
6794	800.05
6795	800.08
6796	800.04
6797	800.08
6798	800.04
6799	800.08
6800	800.04
6801	800.08
6802	800.03
6803	800.07
6804	800.03
6805	800.07
6806	800.03
6807	800.07
6808	800.03
6809	800.07
6810	800.03
6811	800.07
6812	800.02
6813	800.07
6814	800.02
6815	800.06
6816	800.02
6817	800.06
6818	800.02
6819	800.06
6820	800.02
6821	800.06
6822	800.01
6823	800.06
6824	800.01
6825	800.05
6826	800.01
6827	800.05
6828	800.01
6829	800.05
6830	800.01
6831	800.05
6832	800.
6833	800.05
6834	800.
6835	800.04
6836	800.
6837	800.04
6838	800.
6839	800.04
6840	799.99
6841	800.03
6842	799.99
6843	800.03
6844	799.99
6845	800.03
6846	799.99
6847	800.03
6848	799.98
6849	800.02
6850	799.98
6851	800.02
6852	799.98
6853	800.02
6854	799.97
6855	800.02
6856	799.97
6857	800.01
6858	799.97
6859	800.01
6860	799.97
6861	800.01
6862	799.96
6863	800.01
6864	799.96
6865	800.01
6866	799.96
6867	800.
6868	799.96
6869	800.
6870	799.95
6871	800.
6872	799.95
6873	800.
6874	799.95
6875	800.
6876	799.94
6877	799.99
6878	799.94
6879	799.99
6880	799.94
6881	799.99
6882	799.94
6883	799.99
6884	799.93
6885	799.99
6886	799.92
6887	799.98
6888	799.91
6889	799.98
6890	799.91
6891	799.98
6892	799.9
6893	799.9
6894	800.56
6895	800.63
6896	800.54
6897	800.5
6898	800.48
6899	800.46
6900	800.43
6901	800.43
6902	800.39
6903	800.4
6904	800.34
6905	800.37
6906	800.31
6907	800.32
6908	800.28
6909	800.3
6910	800.27
6911	800.29
6912	800.24
6913	800.28
6914	800.21
6915	800.26
6916	800.2
6917	800.25
6918	800.19
6919	800.25
6920	800.17
6921	800.21
6922	800.15
6923	800.2
6924	800.14
6925	800.19
6926	800.12
6927	800.19
6928	800.12
6929	800.18
6930	800.11
6931	800.17
6932	800.1
6933	800.16
6934	800.1
6935	800.15
6936	800.08
6937	800.15
6938	800.08
6939	800.14
6940	800.08
6941	800.14
6942	800.07
6943	800.13
6944	800.07
6945	800.13
6946	800.07
6947	800.07
6948	801.1
6949	803.36
6950	802.71
6951	800.69
6952	800.59
6953	800.76
6954	800.64
6955	800.72
6956	800.66
6957	800.72
6958	800.67
6959	800.77
6960	800.68
6961	800.73
6962	800.69
6963	800.74
6964	800.7
6965	800.78
6966	800.7
6967	800.75
6968	800.71
6969	800.78
6970	800.71
6971	800.81
6972	800.73
6973	800.77
6974	800.74
6975	800.8
6976	800.75
6977	800.82
6978	800.77
6979	800.8
6980	800.77
6981	800.84
6982	800.78
6983	800.84
6984	800.8
6985	800.84
6986	800.8
6987	800.95
6988	800.82
6989	800.84
6990	800.82
6991	800.88
6992	800.83
6993	800.92
6994	800.86
6995	800.86
6996	800.84
6997	800.91
6998	800.85
6999	800.92
7000	800.88
7001	800.89
7002	800.86
7003	800.95
7004	800.87
7005	800.92
7006	800.89
7007	800.87
7008	800.88
7009	801.01
7010	800.88
7011	800.9
7012	800.9
7013	800.86
7014	800.87
7015	801.09
7016	800.88
7017	800.86
7018	800.91
7019	800.84
7020	800.94
7021	801.08
7022	800.95
7023	801.06
7024	800.91
7025	800.95
7026	800.88
7027	800.84
7028	800.91
7029	801.13
7030	800.85
7031	800.98
7032	800.87
7033	800.75
7034	800.91
7035	801.04
7036	800.81
7037	800.96
7038	800.8
7039	800.65
7040	800.83
7041	800.61
7042	800.84
7043	801.07
7044	800.81
7045	801.
7046	800.77
7047	800.53
7048	800.75
7049	801.06
7050	800.86
7051	801.13
7052	800.76
7053	800.44
7054	800.72
7055	801.12
7056	800.93
7057	801.56
7058	800.82
7059	801.12
7060	800.84
7061	801.38
7062	801.12
7063	800.03
7064	800.77
7065	800.93
7066	800.59
7067	800.36
7068	800.91
7069	800.11
7070	800.97
7071	801.3
7072	800.94
7073	800.34
7074	800.97
7075	800.14
7076	801.11
7077	801.63
7078	801.21
7079	801.53
7080	801.29
7081	801.63
7082	808.88
7083	807.21
7084	806.47
7085	806.14
7086	804.51
7087	808.25
7088	806.18
7089	807.06
7090	804.61
7091	804.89
7092	802.62
7093	803.49
7094	800.95
7095	802.92
7096	800.23
7097	802.35
7098	799.06
7099	801.43
7100	803.25
7101	800.
7102	797.92
7103	798.67
7104	797.59
7105	798.1
7106	797.4
7107	797.66
7108	797.18
7109	797.41
7110	797.
7111	797.19
7112	796.9
7113	797.01
7114	796.76
7115	796.88
7116	796.64
7117	796.74
7118	796.57
7119	796.61
7120	796.47
7121	796.51
7122	796.38
7123	796.41
7124	796.33
7125	796.33
7126	796.25
7127	796.25
7128	796.17
7129	796.17
7130	796.12
7131	796.09
7132	796.05
7133	796.03
7134	795.98
7135	795.97
7136	795.93
7137	795.89
7138	795.87
7139	795.84
7140	795.82
7141	795.79
7142	795.78
7143	795.73
7144	795.74
7145	795.68
7146	795.69
7147	795.64
7148	795.66
7149	795.6
7150	795.62
7151	795.55
7152	795.58
7153	795.52
7154	795.55
7155	795.47
7156	795.51
7157	795.43
7158	795.46
7159	795.4
7160	795.42
7161	795.36
7162	795.39
7163	795.32
7164	795.35
7165	795.29
7166	795.31
7167	795.24
7168	795.28
7169	795.22
7170	795.23
7171	795.18
7172	795.19
7173	795.13
7174	795.15
7175	795.09
7176	795.11
7177	795.05
7178	795.06
7179	795.
7180	795.02
7181	794.96
7182	794.97
7183	794.92
7184	794.93
7185	794.86
7186	794.9
7187	794.83
7188	794.86
7189	794.8
7190	794.83
7191	794.76
7192	794.81
7193	794.73
7194	794.77
7195	794.71
7196	794.74
7197	794.68
7198	794.72
7199	794.65
7200	794.69
7201	794.62
7202	794.65
7203	794.6
7204	794.63
7205	794.56
7206	794.59
7207	794.53
7208	794.56
7209	794.5
7210	794.53
7211	794.47
7212	794.5
7213	794.44
7214	794.46
7215	794.41
7216	794.43
7217	794.37
7218	794.39
7219	794.34
7220	794.36
7221	794.29
7222	794.34
7223	794.26
7224	794.31
7225	794.23
7226	794.29
7227	794.21
7228	794.27
7229	794.19
7230	794.25
7231	794.17
7232	794.23
7233	794.16
7234	794.21
7235	794.14
7236	794.19
7237	794.12
7238	794.16
7239	794.09
7240	794.14
7241	794.07
7242	794.12
7243	794.05
7244	794.09
7245	794.02
7246	794.07
7247	794.
7248	794.04
7249	793.98
7250	794.01
7251	793.95
7252	793.99
7253	793.93
7254	793.97
7255	793.91
7256	793.96
7257	793.89
7258	793.94
7259	793.88
7260	793.93
7261	793.86
7262	793.91
7263	793.85
7264	793.9
7265	793.81
7266	793.89
7267	793.8
7268	793.87
7269	793.79
7270	793.85
7271	793.78
7272	793.84
7273	793.77
7274	793.82
7275	793.75
7276	793.8
7277	793.73
7278	793.78
7279	793.7
7280	793.76
7281	793.68
7282	793.75
7283	793.67
7284	793.74
7285	793.66
7286	793.73
7287	793.65
7288	793.73
7289	793.64
7290	793.72
7291	793.63
7292	793.71
7293	793.63
7294	793.7
7295	793.62
7296	793.69
7297	793.62
7298	793.68
7299	793.61
7300	793.67
7301	793.59
7302	793.66
7303	793.58
7304	793.64
7305	793.57
7306	793.63
7307	793.56
7308	793.62
7309	793.54
7310	793.62
7311	793.53
7312	793.61
7313	793.53
7314	793.62
7315	793.53
7316	793.71
7317	793.57
7318	793.65
7319	799.16
7320	799.21
7321	799.26
7322	799.21
7323	799.81
7324	799.74
7325	799.81
7326	799.87
7327	799.22
7328	799.16
7329	799.15
7330	799.26
7331	799.21
7332	799.29
7333	799.2
7334	799.26
7335	799.08
7336	799.12
7337	799.06
7338	799.06
7339	799.14
7340	799.33
7341	799.26
7342	799.32
7343	799.37
7344	799.34
7345	799.29
7346	799.28
7347	799.23
7348	799.46
7349	799.56
7350	799.5
7351	799.51
7352	799.4
7353	799.46
7354	799.41
7355	799.53
7356	799.54
7357	799.48
7358	799.45
7359	799.43
7360	799.39
7361	799.44
7362	799.48
7363	799.41
7364	799.36
7365	799.4
7366	799.37
7367	799.47
7368	799.38
7369	799.27
7370	799.32
7371	799.32
7372	799.24
7373	799.35
7374	799.29
7375	799.12
7376	799.08
7377	799.08
7378	799.16
7379	799.1
7380	799.07
7381	799.14
7382	799.1
7383	799.21
7384	799.16
7385	799.07
7386	799.18
7387	799.1
7388	799.3
7389	799.3
7390	799.35
7391	799.25
7392	799.29
7393	799.24
7394	799.35
7395	799.3
7396	799.28
7397	799.35
7398	799.24
7399	799.34
7400	799.22
7401	799.28
7402	799.23
7403	799.3
7404	799.25
7405	799.36
7406	799.25
7407	799.35
7408	799.3
7409	799.24
7410	799.35
7411	799.28
7412	799.38
7413	799.36
7414	799.33
7415	799.24
7416	799.3
7417	799.3
7418	799.35
7419	799.2
7420	799.16
7421	799.26
7422	799.22
7423	799.28
7424	799.39
7425	799.33
7426	799.34
7427	799.14
7428	799.18
7429	799.19
7430	799.23
7431	799.2
7432	799.15
7433	799.27
7434	799.2
7435	799.27
7436	799.12
7437	799.29
7438	799.34
7439	799.24
7440	799.21
7441	799.36
7442	799.32
7443	799.44
7444	799.49
7445	799.43
7446	799.38
7447	799.28
7448	799.34
7449	799.45
7450	799.49
7451	799.43
7452	799.34
7453	799.45
7454	799.39
7455	799.39
7456	799.36
7457	799.46
7458	799.42
7459	799.41
7460	799.37
7461	799.48
7462	799.41
7463	799.43
7464	799.13
7465	799.11
7466	799.08
7467	799.16
7468	799.09
7469	799.17
7470	799.32
7471	799.39
7472	799.33
7473	799.41
7474	799.31
7475	799.24
7476	799.25
7477	799.45
7478	799.46
7479	799.52
7480	799.52
7481	799.22
7482	799.16
7483	799.21
7484	799.24
7485	799.18
7486	799.18
7487	799.13
7488	799.2
7489	799.24
7490	799.13
7491	799.11
7492	799.04
7493	799.05
7494	799.13
7495	799.17
7496	799.27
7497	799.12
7498	799.2
7499	799.34
7500	799.34
7501	799.4
7502	799.2
7503	799.3
7504	799.26
7505	799.19
7506	799.14
7507	799.2
7508	799.25
7509	799.08
7510	799.06
7511	799.02
7512	799.12
7513	798.96
7514	799.
7515	798.93
7516	799.03
7517	799.17
7518	799.22
7519	799.23
7520	799.04
7521	799.09
7522	799.06
7523	799.06
7524	799.2
7525	799.15
7526	799.2
7527	798.9
7528	798.98
7529	798.9
7530	799.37
7531	799.38
7532	799.3
7533	799.41
7534	799.4
7535	799.46
7536	799.31
7537	799.35
7538	799.32
7539	799.27
7540	799.22
7541	799.28
7542	799.48
7543	799.5
7544	799.39
7545	799.43
7546	800.29
7547	800.34
7548	800.22
7549	800.28
7550	800.24
7551	800.28
7552	800.31
7553	800.19
7554	799.35
7555	799.31
7556	799.41
7557	799.38
7558	799.55
7559	799.59
7560	799.54
7561	799.09
7562	799.06
7563	799.12
7564	799.6
7565	799.65
7566	799.65
7567	799.61
7568	799.34
7569	799.29
7570	799.33
7571	799.29
7572	799.4
7573	799.27
7574	799.32
7575	799.31
7576	799.31
7577	799.26
7578	799.35
7579	799.3
7580	799.27
7581	799.32
7582	799.31
7583	799.26
7584	799.3
7585	799.36
7586	799.26
7587	799.32
7588	799.29
7589	799.24
7590	799.29
7591	799.24
7592	799.23
7593	799.29
7594	799.34
7595	799.21
7596	799.21
7597	799.16
7598	799.12
7599	799.18
7600	799.24
7601	799.01
7602	799.04
7603	799.08
7604	799.07
7605	799.03
7606	798.99
7607	799.03
7608	799.
7609	799.
7610	799.04
7611	799.07
7612	799.12
7613	799.13
7614	799.16
7615	799.18
7616	799.12
7617	799.22
7618	799.1
7619	799.19
7620	799.14
7621	799.19
7622	799.14
7623	799.19
7624	799.14
7625	799.19
7626	799.19
7627	799.17
7628	799.16
7629	799.23
7630	799.16
7631	799.16
7632	799.24
7633	799.23
7634	799.44
7635	799.37
7636	799.39
7637	799.42
7638	799.49
7639	799.41
7640	799.46
7641	799.41
7642	799.46
7643	799.41
7644	799.46
7645	799.46
7646	799.41
7647	799.41
7648	799.46
7649	799.47
7650	799.41
7651	799.39
7652	799.44
7653	799.33
7654	799.36
7655	799.46
7656	799.41
7657	799.47
7658	799.48
7659	799.39
7660	799.42
7661	799.47
7662	799.46
7663	799.44
7664	799.34
7665	799.46
7666	799.36
7667	799.41
7668	799.37
7669	799.47
7670	799.44
7671	799.41
7672	799.33
7673	799.37
7674	799.43
7675	799.38
7676	799.42
7677	799.32
7678	799.37
7679	799.34
7680	799.39
7681	799.27
7682	799.41
7683	799.33
7684	799.47
7685	799.41
7686	799.47
7687	799.41
7688	799.35
7689	799.42
7690	799.47
7691	799.51
7692	799.41
7693	799.52
7694	799.55
7695	799.46
7696	799.55
7697	799.58
7698	799.48
7699	799.54
7700	799.49
7701	799.43
7702	799.53
7703	799.42
7704	799.51
7705	799.56
7706	799.45
7707	799.51
7708	799.56
7709	799.5
7710	799.56
7711	799.63
7712	799.54
7713	799.59
7714	799.52
7715	799.53
7716	799.6
7717	799.61
7718	799.54
7719	799.61
7720	799.53
7721	799.61
7722	800.02
7723	799.89
7724	799.93
7725	799.99
7726	800.08
7727	800.15
7728	800.04
7729	800.1
7730	800.02
7731	800.13
7732	800.06
7733	800.16
7734	800.1
7735	800.21
7736	800.14
7737	800.23
7738	800.12
7739	800.18
7740	800.28
7741	800.22
7742	800.17
7743	800.24
7744	800.36
7745	800.29
7746	800.3
7747	800.31
7748	800.35
7749	800.24
7750	800.3
7751	800.26
7752	800.37
7753	800.32
7754	800.37
7755	800.42
7756	800.32
7757	800.36
7758	800.39
7759	800.42
7760	800.35
7761	800.44
7762	800.33
7763	800.43
7764	800.38
7765	800.48
7766	800.47
7767	800.44
7768	800.48
7769	800.52
7770	800.46
7771	800.41
7772	800.52
7773	800.45
7774	800.6
7775	800.56
7776	800.44
7777	800.56
7778	800.79
7779	800.7
7780	800.95
7781	800.86
7782	800.64
7783	800.85
7784	800.7
7785	800.87
7786	801.13
7787	800.74
7788	800.94
7789	798.94
7790	799.02
7791	799.04
7792	798.97
7793	799.18
7794	799.11
7795	799.11
7796	800.23
7797	800.35
7798	800.36
7799	799.01
7800	798.98
7801	798.96
7802	799.13
7803	799.17
7804	799.11
7805	800.33
7806	800.32
7807	800.27
7808	799.1
7809	799.08
7810	799.05
7811	799.26
7812	799.18
7813	799.45
7814	799.46
7815	799.51
7816	799.58
7817	799.59
7818	799.47
7819	799.49
7820	799.52
7821	799.44
7822	799.4
7823	800.22
7824	800.24
7825	800.29
7826	800.17
7827	800.45
7828	800.41
7829	800.39
7830	800.44
7831	800.49
7832	800.39
7833	800.44
7834	800.19
7835	800.15
7836	800.21
7837	800.16
7838	800.11
7839	800.17
7840	800.13
7841	800.18
7842	800.19
7843	800.16
7844	800.1
7845	800.05
7846	800.1
7847	800.14
7848	800.1
7849	799.45
7850	799.5
7851	799.44
7852	799.58
7853	799.61
7854	800.23
7855	800.18
7856	800.24
7857	800.29
7858	799.1
7859	799.12
7860	799.07
7861	799.06
7862	799.14
7863	799.09
7864	799.15
7865	798.9
7866	798.77
7867	798.81
7868	798.86
7869	798.8
7870	798.94
7871	798.96
7872	798.98
7873	798.92
7874	799.03
7875	799.
7876	798.96
7877	798.96
7878	799.07
7879	799.02
7880	799.
7881	798.98
7882	799.
7883	799.08
7884	799.06
7885	799.15
7886	799.51
7887	799.56
7888	799.52
7889	799.46
7890	799.53
7891	799.53
7892	799.58
7893	800.38
7894	800.41
7895	800.35
7896	799.12
7897	799.07
7898	799.21
7899	799.16
7900	800.73
7901	801.04
7902	800.56
7903	800.4
7904	800.54
7905	800.89
7906	800.56
7907	800.44
7908	800.51
7909	800.47
7910	800.6
7911	800.37
7912	800.31
7913	800.36
7914	800.3
7915	800.4
7916	800.29
7917	800.39
7918	800.35
7919	800.29
7920	800.23
7921	800.28
7922	800.25
7923	800.18
7924	800.28
7925	800.23
7926	799.98
7927	800.05
7928	800.03
7929	799.91
7930	799.97
7931	799.95
7932	799.27
7933	799.24
7934	799.3
7935	799.34
7936	799.24
7937	799.2
7938	799.24
7939	799.25
7940	799.19
7941	799.19
7942	799.17
7943	799.22
7944	799.23
7945	799.22
7946	799.17
7947	799.21
7948	799.18
7949	799.22
7950	799.21
7951	799.16
7952	799.21
7953	799.2
7954	799.14
7955	799.19
7956	799.16
7957	799.25
7958	799.14
7959	799.19
7960	799.19
7961	799.18
7962	799.13
7963	799.23
7964	799.18
7965	799.13
7966	799.23
7967	799.18
7968	799.05
7969	799.15
7970	799.11
7971	799.07
7972	799.02
7973	799.13
7974	799.07
7975	799.01
7976	798.96
7977	798.96
7978	799.
7979	798.92
7980	798.93
7981	798.99
7982	798.91
7983	798.97
7984	798.99
7985	798.99
7986	798.91
7987	798.91
7988	798.94
7989	799.02
7990	798.97
7991	799.01
7992	799.06
7993	799.02
7994	798.97
7995	799.02
7996	798.97
7997	799.07
7998	799.02
7999	798.99
8000	799.04
8001	798.98
8002	799.08
8003	799.03
8004	799.07
8005	799.03
8006	799.09
8007	799.1
8008	799.05
8009	799.1
8010	799.04
8011	799.09
8012	799.05
8013	799.09
8014	799.09
8015	799.08
8016	799.07
8017	799.09
8018	799.09
8019	799.08
8020	799.16
8021	799.25
8022	799.1
8023	799.16
8024	799.22
8025	799.27
8026	799.36
8027	799.52
8028	799.61
8029	799.6
8030	799.55
8031	799.56
8032	799.46
8033	799.51
8034	799.52
8035	799.52
8036	799.56
8037	799.51
8038	799.57
8039	799.57
8040	799.52
8041	799.52
8042	799.57
8043	799.51
8044	799.46
8045	799.52
8046	799.57
8047	799.51
8048	799.58
8049	799.51
8050	799.56
8051	799.55
8052	799.56
8053	799.56
8054	799.51
8055	799.5
8056	799.56
8057	799.56
8058	799.5
8059	799.56
8060	799.51
8061	799.54
8062	799.52
8063	799.58
8064	799.55
8065	799.56
8066	799.46
8067	799.51
8068	799.52
8069	799.45
8070	799.4
8071	799.5
8072	799.49
8073	799.56
8074	799.45
8075	799.56
8076	799.46
8077	799.48
8078	799.47
8079	799.53
8080	799.54
8081	799.44
8082	799.52
8083	799.47
8084	799.44
8085	799.5
8086	799.46
8087	799.4
8088	799.43
8089	799.49
8090	799.38
8091	799.29
8092	799.38
8093	799.35
8094	799.24
8095	799.17
8096	799.32
8097	799.26
8098	799.33
8099	799.38
8100	799.29
8101	799.25
8102	799.41
8103	799.42
8104	799.28
8105	799.46
8106	799.46
8107	799.51
8108	799.48
8109	799.52
8110	799.47
8111	799.54
8112	799.52
8113	799.52
8114	799.58
8115	799.58
8116	799.56
8117	799.46
8118	799.53
8119	799.58
8120	799.53
8121	799.57
8122	799.62
8123	799.61
8124	799.67
8125	799.65
8126	799.59
8127	799.64
8128	799.59
8129	799.63
8130	799.61
8131	799.67
8132	799.61
8133	799.66
8134	799.61
8135	799.68
8136	799.69
8137	799.73
8138	799.66
8139	799.72
8140	799.7
8141	799.64
8142	799.7
8143	799.74
8144	799.7
8145	799.75
8146	799.72
8147	799.67
8148	799.74
8149	799.65
8150	799.48
8151	799.52
8152	799.42
8153	799.39
8154	799.5
8155	799.43
8156	799.56
8157	799.87
8158	799.86
8159	799.96
8160	799.93
8161	800.11
8162	800.15
8163	800.1
8164	800.01
8165	800.2
8166	800.27
8167	800.25
8168	800.18
8169	800.26
8170	800.27
8171	800.32
8172	800.3
8173	800.19
8174	800.34
8175	800.29
8176	800.47
8177	800.48
8178	800.41
8179	800.42
8180	800.42
8181	800.47
8182	800.41
8183	800.48
8184	800.43
8185	800.49
8186	800.39
8187	800.44
8188	800.47
8189	800.51
8190	800.46
8191	800.48
8192	800.5
8193	800.53
8194	800.52
8195	800.52
8196	800.57
8197	800.54
8198	800.55
8199	800.59
8200	800.62
8201	800.56
8202	800.64
8203	800.71
8204	800.69
8205	800.66
8206	801.21
8207	801.01
8208	801.15
8209	801.36
8210	801.63
8211	801.36
8212	798.9
8213	798.83
8214	798.84
8215	798.91
8216	798.92
8217	798.9
8218	798.87
8219	798.99
8220	798.87
8221	798.98
8222	798.84
8223	798.87
8224	798.84
8225	798.81
8226	798.77
8227	798.88
8228	800.13
8229	800.19
8230	800.07
8231	800.12
8232	799.06
8233	799.06
8234	799.16
8235	799.11
8236	799.65
8237	800.57
8238	800.56
8239	800.51
8240	800.47
8241	793.86
8242	793.79
8243	793.94
8244	793.85
8245	794.46
8246	794.31
8247	794.42
8248	794.37
8249	800.08
8250	800.08
8251	800.03
8252	800.13
8253	800.05
8254	800.
8255	800.04
8256	799.7
8257	799.73
8258	799.74
8259	799.8
8260	799.74
8261	799.7
8262	799.67
8263	799.6
8264	799.61
8265	799.48
8266	799.41
8267	799.48
8268	799.55
8269	799.5
8270	799.44
8271	799.57
8272	799.2
8273	799.09
8274	799.09
8275	799.04
8276	799.14
8277	799.08
8278	798.82
8279	798.87
8280	798.84
8281	798.94
8282	799.
8283	798.97
8284	799.02
8285	799.02
8286	799.06
8287	798.95
8288	798.89
8289	798.92
8290	798.94
8291	798.94
8292	798.91
8293	798.93
8294	798.96
8295	798.98
8296	799.03
8297	799.03
8298	798.92
8299	798.92
8300	798.98
8301	798.97
8302	799.06
8303	799.12
8304	799.04
8305	799.25
8306	799.33
8307	799.2
8308	799.29
8309	799.15
8310	799.22
8311	799.38
8312	799.45
8313	799.48
8314	799.53
8315	799.28
8316	799.29
8317	799.22
8318	799.36
8319	799.34
8320	799.42
8321	799.49
8322	799.42
8323	799.35
8324	799.41
8325	799.45
8326	799.5
8327	799.42
8328	799.48
8329	799.34
8330	799.4
8331	799.58
8332	799.47
8333	799.58
8334	799.65
8335	799.7
8336	799.65
8337	799.65
8338	799.59
8339	799.54
8340	799.6
8341	799.71
8342	799.75
8343	799.7
8344	799.65
8345	799.84
8346	799.89
8347	800.45
8348	800.45
8349	800.68
8350	800.71
8351	800.65
8352	801.27
8353	801.63
8354	797.75
8355	797.92
8356	798.26
8357	797.96
8358	793.96
8359	794.06
8360	794.03
8361	794.12
8362	793.36
8363	793.43
8364	793.51
8365	793.44
8366	798.74
8367	798.8
8368	798.77
8369	798.7
8370	799.09
8371	799.04
8372	800.55
8373	800.55
8374	800.62
8375	800.61
8376	800.5
8377	792.85
8378	792.87
8379	792.93
8380	792.78
8381	792.87
8382	792.78
8383	792.92
8384	792.9
8385	792.94
8386	792.99
8387	792.84
8388	792.96
8389	792.8
8390	792.98
8391	793.02
8392	793.1
8393	792.92
8394	792.88
8395	793.03
8396	793.09
8397	793.1
8398	793.17
8399	793.01
8400	793.07
8401	793.16
8402	793.
8403	793.11
8404	793.17
8405	793.09
8406	793.03
8407	793.03
8408	793.2
8409	793.18
8410	793.17
8411	793.23
8412	793.09
8413	793.09
8414	793.27
8415	793.12
8416	793.2
8417	793.25
8418	793.12
8419	793.2
8420	793.26
8421	793.28
8422	793.34
8423	793.2
8424	793.18
8425	793.32
8426	793.23
8427	793.22
8428	793.3
8429	793.36
8430	793.45
8431	793.43
8432	793.51
8433	793.58
8434	793.44
8435	793.48
8436	793.54
8437	793.75
8438	793.66
8439	793.67
8440	793.81
8441	793.84
8442	793.7
8443	793.79
8444	793.87
8445	793.94
8446	793.79
8447	793.9
8448	793.93
8449	793.99
8450	793.84
8451	793.81
8452	793.96
8453	793.99
8454	794.05
8455	793.9
8456	794.02
8457	793.87
8458	794.09
8459	793.94
8460	794.02
8461	794.27
8462	794.32
8463	794.18
8464	794.23
8465	794.36
8466	794.22
8467	794.3
8468	794.52
8469	794.58
8470	794.42
8471	794.47
8472	794.56
8473	794.64
8474	794.65
8475	794.51
8476	794.61
8477	794.46
8478	794.81
8479	794.88
8480	794.71
8481	794.77
8482	795.08
8483	795.14
8484	795.02
8485	795.18
8486	795.01
8487	794.97
8488	795.13
8489	795.09
8490	795.2
8491	795.24
8492	795.35
8493	795.4
8494	795.26
8495	795.28
8496	795.63
8497	795.58
8498	795.54
8499	795.68
8500	795.69
8501	795.74
8502	795.57
8503	795.98
8504	795.91
8505	795.89
8506	796.
8507	796.48
8508	796.4
8509	796.34
8510	796.3
8511	796.6
8512	796.55
8513	796.73
8514	798.39
8515	798.27
8516	798.61
8517	798.11
8518	799.41
8519	799.1
8520	799.07
8521	799.44
8522	800.
8523	800.08
8524	800.28
8525	800.27
8526	800.36
8527	800.37
8528	800.3
8529	800.34
8530	800.25
8531	800.4
8532	800.25
8533	800.21
8534	800.35
8535	800.18
8536	800.16
8537	800.24
8538	800.22
8539	800.21
8540	800.16
8541	800.24
8542	800.19
8543	800.25
8544	800.3
8545	800.18
8546	800.15
8547	800.19
8548	800.12
8549	800.17
8550	800.22
8551	800.16
8552	800.09
8553	800.14
8554	800.19
8555	800.15
8556	800.07
8557	800.13
8558	800.12
8559	800.08
8560	800.03
8561	800.03
8562	800.09
8563	800.03
8564	800.13
8565	800.07
8566	800.06
8567	800.02
8568	800.12
8569	800.03
8570	799.99
8571	800.
8572	800.11
8573	800.
8574	799.96
8575	800.03
8576	799.94
8577	799.94
8578	799.99
8579	800.05
8580	799.94
8581	799.89
8582	800.
8583	799.96
8584	799.87
8585	799.92
8586	799.84
8587	799.82
8588	799.78
8589	799.88
8590	799.86
8591	799.82
8592	799.93
8593	799.88
8594	799.8
8595	799.83
8596	799.81
8597	799.76
8598	799.89
8599	799.78
8600	799.73
8601	799.69
8602	799.78
8603	799.76
8604	799.89
8605	799.68
8606	799.63
8607	799.6
8608	799.65
8609	799.76
8610	799.74
8611	799.74
8612	799.8
8613	799.85
8614	799.67
8615	799.8
8616	799.59
8617	799.56
8618	799.68
8619	799.7
8620	799.75
8621	799.6
8622	799.59
8623	799.57
8624	799.54
8625	799.63
8626	799.49
8627	799.65
8628	799.58
8629	799.5
8630	799.51
8631	799.56
8632	799.41
8633	799.59
8634	799.45
8635	799.56
8636	799.43
8637	799.48
8638	799.37
8639	799.3
8640	799.35
8641	799.31
8642	799.37
8643	799.25
8644	799.23
8645	799.33
8646	799.3
8647	799.17
8648	799.15
8649	799.11
8650	799.11
8651	799.2
8652	799.14
8653	799.15
8654	799.11
8655	799.15
8656	799.15
8657	799.11
8658	799.08
8659	799.09
8660	799.14
8661	799.13
8662	799.1
8663	799.13
8664	799.08
8665	799.13
8666	799.12
8667	799.11
8668	799.07
8669	799.08
8670	799.17
8671	799.12
8672	799.11
8673	799.1
8674	799.05
8675	799.07
8676	799.1
8677	799.05
8678	799.05
8679	799.14
8680	799.09
8681	799.08
8682	799.04
8683	799.04
8684	799.14
8685	799.04
8686	799.08
8687	799.03
8688	798.99
8689	799.04
8690	799.02
8691	798.99
8692	799.02
8693	799.02
8694	798.98
8695	798.98
8696	799.02
8697	798.97
8698	799.01
8699	799.
8700	798.97
8701	798.97
8702	799.06
8703	798.98
8704	798.95
8705	798.92
8706	798.92
8707	798.97
8708	798.96
8709	798.94
8710	798.9
8711	799.
8712	798.92
8713	798.97
8714	799.02
8715	798.91
8716	798.88
8717	798.97
8718	798.89
8719	798.85
8720	798.83
8721	798.87
8722	798.87
8723	798.68
8724	798.73
8725	798.64
8726	798.64
8727	798.74
8728	798.78
8729	798.83
8730	798.78
8731	798.83
8732	798.85
8733	798.79
8734	798.79
8735	798.81
8736	798.85
8737	798.89
8738	798.83
8739	798.89
8740	798.87
8741	798.83
8742	798.92
8743	798.87
8744	798.9
8745	798.96
8746	798.88
8747	798.92
8748	798.97
8749	798.93
8750	798.88
8751	798.93
8752	798.93
8753	798.89
8754	798.92
8755	798.97
8756	798.92
8757	798.97
8758	799.01
8759	798.97
8760	798.89
8761	798.87
8762	798.89
8763	798.93
8764	798.91
8765	798.88
8766	798.92
8767	798.95
8768	798.96
8769	798.92
8770	798.94
8771	798.91
8772	798.98
8773	798.98
8774	798.94
8775	798.93
8776	799.01
8777	798.99
8778	799.01
8779	798.96
8780	799.05
8781	798.94
8782	798.95
8783	799.
8784	798.95
8785	798.95
8786	799.
8787	798.96
8788	798.96
8789	799.
8790	799.
8791	798.99
8792	799.02
8793	799.03
8794	798.97
8795	798.95
8796	799.
8797	799.03
8798	798.99
8799	799.01
8800	799.05
8801	798.93
8802	798.94
8803	799.09
8804	799.19
8805	799.26
8806	799.32
8807	799.18
8808	799.24
8809	799.26
8810	799.32
8811	799.18
8812	799.32
8813	799.18
8814	799.24
8815	799.3
8816	799.16
8817	799.22
8818	799.23
8819	799.3
8820	799.16
8821	799.27
8822	799.24
8823	799.3
8824	799.4
8825	799.24
8826	799.35
8827	799.37
8828	799.2
8829	799.3
8830	799.23
8831	799.16
8832	799.19
8833	799.3
8834	799.24
8835	799.25
8836	799.32
8837	799.17
8838	799.3
8839	799.15
8840	799.27
8841	799.18
8842	799.31
8843	799.3
8844	799.22
8845	799.3
8846	799.38
8847	799.3
8848	799.22
8849	799.38
8850	799.3
8851	799.23
8852	799.32
8853	799.4
8854	799.28
8855	799.25
8856	799.33
8857	799.18
8858	799.21
8859	799.37
8860	799.24
8861	799.32
8862	799.17
8863	799.23
8864	799.23
8865	799.16
8866	799.3
8867	799.31
8868	799.15
8869	799.3
8870	799.16
8871	799.22
8872	799.26
8873	799.31
8874	799.18
8875	799.25
8876	799.2
8877	799.34
8878	799.29
8879	799.29
8880	799.32
8881	799.39
8882	799.23
8883	799.28
8884	799.36
8885	799.22
8886	799.28
8887	799.36
8888	799.34
8889	799.2
8890	799.25
8891	799.25
8892	799.18
8893	799.32
8894	799.17
8895	799.26
8896	799.32
8897	799.25
8898	799.32
8899	799.18
8900	799.27
8901	799.32
8902	799.18
8903	799.13
8904	799.13
8905	799.06
8906	799.19
8907	799.13
8908	799.07
8909	799.21
8910	799.26
8911	799.33
8912	799.19
8913	799.26
8914	799.34
8915	799.2
8916	799.27
8917	799.35
8918	799.21
8919	799.31
8920	799.28
8921	799.34
8922	799.28
8923	799.2
8924	799.26
8925	799.25
8926	799.16
8927	799.22
8928	799.27
8929	799.26
8930	799.19
8931	799.32
8932	799.25
8933	799.31
8934	799.18
8935	799.24
8936	799.32
8937	799.17
8938	799.27
8939	799.33
8940	799.19
8941	799.26
8942	799.34
8943	799.31
8944	799.21
8945	799.3
8946	799.21
8947	799.18
8948	799.24
8949	799.34
8950	799.2
8951	799.27
8952	799.27
8953	799.27
8954	799.28
8955	799.35
8956	799.2
8957	799.19
8958	799.27
8959	799.28
8960	799.28
8961	799.21
8962	799.35
8963	799.36
8964	799.21
8965	799.35
8966	799.21
8967	799.22
8968	799.36
8969	799.28
8970	799.3
8971	799.36
8972	799.22
8973	799.29
8974	799.37
8975	799.22
8976	799.29
8977	799.36
8978	799.22
8979	799.28
8980	799.28
8981	799.27
8982	799.35
8983	799.21
8984	799.28
8985	799.34
8986	799.2
8987	799.27
8988	799.42
8989	799.49
8990	799.43
8991	799.35
8992	799.31
8993	799.38
8994	799.23
8995	799.3
8996	799.31
8997	799.41
8998	799.24
8999	799.31
9000	799.35
9001	799.38
9002	799.25
9003	799.22
9004	799.48
9005	799.31
9006	799.4
9007	799.4
9008	798.93
9009	798.98
9010	799.01
9011	799.06
9012	799.3
9013	799.16
9014	799.23
9015	799.47
9016	799.31
9017	799.4
9018	799.39
9019	799.48
9020	799.32
9021	799.4
9022	799.4
9023	799.39
9024	799.41
9025	799.47
9026	799.29
9027	799.48
9028	799.31
9029	799.39
9030	799.52
9031	799.48
9032	799.52
9033	799.44
9034	799.56
9035	799.59
9036	799.42
9037	799.42
9038	799.49
9039	799.5
9040	799.35
9041	799.42
9042	799.42
9043	799.49
9044	799.35
9045	799.49
9046	799.42
9047	799.42
9048	799.49
9049	799.34
9050	799.49
9051	799.43
9052	799.43
9053	799.5
9054	799.5
9055	799.36
9056	799.51
9057	799.43
9058	799.43
9059	799.5
9060	799.43
9061	799.49
9062	799.42
9063	799.42
9064	799.49
9065	799.41
9066	799.48
9067	799.41
9068	799.48
9069	799.34
9070	799.41
9071	799.48
9072	799.4
9073	799.41
9074	799.33
9075	799.45
9076	799.31
9077	799.39
9078	799.38
9079	799.44
9080	799.36
9081	799.37
9082	799.41
9083	799.48
9084	799.38
9085	799.41
9086	799.48
9087	799.33
9088	799.4
9089	799.48
9090	799.39
9091	799.47
9092	799.38
9093	799.46
9094	799.46
9095	799.43
9096	799.52
9097	799.41
9098	799.54
9099	799.42
9100	799.41
9101	799.48
9102	799.42
9103	799.48
9104	799.33
9105	799.36
9106	799.29
9107	799.22
9108	799.36
9109	799.37
9110	799.31
9111	799.22
9112	799.42
9113	799.42
9114	799.5
9115	799.35
9116	799.48
9117	799.38
9118	799.41
9119	799.47
9120	799.4
9121	799.48
9122	799.39
9123	799.47
9124	799.39
9125	799.46
9126	799.4
9127	799.44
9128	799.49
9129	799.43
9130	799.5
9131	799.43
9132	799.41
9133	799.25
9134	799.32
9135	799.45
9136	799.39
9137	799.38
9138	799.43
9139	799.37
9140	799.37
9141	799.39
9142	799.4
9143	799.46
9144	799.46
9145	799.38
9146	799.48
9147	799.43
9148	799.32
9149	799.4
9150	799.24
9151	799.33
9152	799.31
9153	799.39
9154	799.23
9155	799.4
9156	799.23
9157	799.23
9158	799.34
9159	799.39
9160	799.3
9161	799.39
9162	799.47
9163	799.47
9164	799.39
9165	799.45
9166	799.37
9167	799.4
9168	799.32
9169	799.31
9170	799.23
9171	799.38
9172	799.44
9173	799.34
9174	799.4
9175	799.39
9176	799.48
9177	799.48
9178	799.33
9179	799.46
9180	799.31
9181	799.38
9182	799.3
9183	799.46
9184	799.45
9185	799.38
9186	799.39
9187	799.39
9188	799.46
9189	799.46
9190	799.38
9191	799.38
9192	799.45
9193	799.3
9194	799.39
9195	799.46
9196	799.53
9197	799.56
9198	799.48
9199	799.58
9200	799.64
9201	799.65
9202	799.6
9203	799.64
9204	799.69
9205	799.64
9206	799.65
9207	799.68
9208	799.66
9209	799.62
9210	799.61
9211	799.62
9212	799.61
9213	799.66
9214	799.62
9215	799.66
9216	799.61
9217	799.67
9218	799.67
9219	799.62
9220	799.63
9221	799.67
9222	799.67
9223	799.62
9224	799.63
9225	799.61
9226	799.66
9227	799.61
9228	799.61
9229	799.64
9230	799.66
9231	799.66
9232	799.6
9233	799.6
9234	799.65
9235	799.62
9236	799.65
9237	799.6
9238	799.6
9239	799.65
9240	799.64
9241	799.65
9242	799.56
9243	799.6
9244	799.62
9245	799.6
9246	799.67
9247	799.67
9248	799.66
9249	799.61
9250	799.57
9251	799.63
9252	799.57
9253	799.62
9254	799.51
9255	799.61
9256	799.61
9257	799.65
9258	799.66
9259	799.64
9260	799.57
9261	799.61
9262	799.6
9263	799.65
9264	799.66
9265	799.66
9266	799.58
9267	799.58
9268	799.63
9269	799.64
9270	799.63
9271	799.58
9272	799.61
9273	799.55
9274	799.56
9275	799.49
9276	799.54
9277	799.55
9278	799.61
9279	799.49
9280	799.56
9281	799.52
9282	799.44
9283	799.47
9284	799.54
9285	799.43
9286	799.43
9287	799.39
9288	799.46
9289	799.51
9290	799.52
9291	799.37
9292	799.36
9293	799.43
9294	799.29
9295	799.44
9296	799.38
9297	799.45
9298	799.4
9299	799.43
9300	799.47
9301	799.51
9302	799.43
9303	799.54
9304	799.58
9305	799.64
9306	799.63
9307	799.55
9308	799.57
9309	799.57
9310	799.62
9311	799.63
9312	799.58
9313	799.59
9314	799.65
9315	799.64
9316	799.63
9317	799.6
9318	799.64
9319	799.62
9320	799.63
9321	799.67
9322	799.67
9323	799.64
9324	799.64
9325	799.69
9326	799.69
9327	799.68
9328	799.69
9329	799.64
9330	799.68
9331	799.63
9332	799.63
9333	799.68
9334	799.71
9335	799.74
9336	799.75
9337	799.7
9338	799.68
9339	799.72
9340	799.73
9341	799.69
9342	799.69
9343	799.74
9344	799.73
9345	799.74
9346	799.7
9347	799.64
9348	799.72
9349	799.77
9350	799.77
9351	799.72
9352	799.76
9353	799.72
9354	799.76
9355	799.67
9356	799.71
9357	799.73
9358	799.79
9359	799.74
9360	799.69
9361	799.77
9362	799.67
9363	799.77
9364	799.78
9365	799.82
9366	799.81
9367	799.76
9368	799.78
9369	799.82
9370	799.79
9371	799.8
9372	799.83
9373	799.83
9374	799.82
9375	799.86
9376	799.85
9377	799.8
9378	799.85
9379	799.77
9380	799.69
9381	799.75
9382	799.77
9383	799.68
9384	799.71
9385	799.62
9386	799.62
9387	799.63
9388	799.7
9389	799.69
9390	799.6
9391	799.68
9392	799.61
9393	799.64
9394	799.7
9395	799.62
9396	799.7
9397	799.56
9398	799.62
9399	799.62
9400	799.68
9401	799.71
9402	799.75
9403	799.72
9404	799.72
9405	799.64
9406	799.79
9407	799.78
9408	799.79
9409	799.79
9410	799.93
9411	799.86
9412	800.11
9413	800.08
9414	800.04
9415	800.01
9416	800.16
9417	800.19
9418	800.21
9419	800.08
9420	800.22
9421	800.17
9422	800.29
9423	800.27
9424	800.24
9425	800.32
9426	800.33
9427	800.38
9428	800.36
9429	800.3
9430	800.35
9431	800.4
9432	800.41
9433	800.37
9434	800.41
9435	800.42
9436	800.48
9437	800.47
9438	800.36
9439	800.45
9440	800.38
9441	800.43
9442	800.48
9443	800.37
9444	800.48
9445	800.38
9446	800.44
9447	800.48
9448	800.53
9449	800.55
9450	800.52
9451	800.45
9452	800.52
9453	800.59
9454	800.6
9455	800.54
9456	800.46
9457	800.53
9458	800.58
9459	800.52
9460	800.58
9461	800.53
9462	800.52
9463	800.59
9464	800.54
9465	800.49
9466	800.53
9467	800.58
9468	800.49
9469	800.54
9470	800.54
9471	800.58
9472	800.57
9473	800.61
9474	800.58
9475	800.66
9476	800.63
9477	800.61
9478	800.72
9479	800.78
9480	800.79
9481	800.73
9482	801.44
9483	801.23
9484	801.43
9485	801.98
9486	802.24
9487	801.86
9488	800.24
9489	800.65
9490	800.18
9491	801.07
9492	801.54
9493	799.81
9494	799.28
9495	799.71
9496	800.25
9497	799.84
9498	798.71
9499	798.51
9500	798.17
9501	799.12
9502	798.94
9503	797.34
9504	797.01
9505	797.18
9506	797.15
9507	797.52
9508	797.53
9509	796.51
9510	796.45
9511	796.34
9512	796.62
9513	796.72
9514	795.95
9515	796.05
9516	796.08
9517	795.81
9518	795.78
9519	795.67
9520	795.91
9521	795.8
9522	795.44
9523	795.3
9524	795.39
9525	794.9
9526	794.96
9527	795.06
9528	794.84
9529	794.92
9530	794.75
9531	794.95
9532	794.78
9533	794.89
9534	794.7
9535	794.79
9536	794.6
9537	794.72
9538	794.7
9539	794.68
9540	794.76
9541	794.8
9542	794.61
9543	794.52
9544	794.56
9545	794.75
9546	794.63
9547	794.41
9548	794.5
9549	794.45
9550	794.46
9551	794.37
9552	794.15
9553	794.23
9554	794.17
9555	794.11
9556	794.09
9557	794.18
9558	794.2
9559	794.15
9560	794.09
9561	794.01
9562	793.93
9563	793.99
9564	793.9
9565	794.02
9566	793.97
9567	793.88
9568	794.02
9569	794.05
9570	793.93
9571	793.95
9572	793.62
9573	793.72
9574	793.56
9575	793.67
9576	793.53
9577	793.52
9578	793.69
9579	793.6
9580	793.63
9581	793.68
9582	793.53
9583	793.6
9584	793.71
9585	793.69
9586	793.49
9587	793.4
9588	793.31
9589	793.4
9590	793.33
9591	793.33
9592	793.39
9593	798.8
9594	798.81
9595	798.76
9596	798.76
9597	798.78
9598	798.83
9599	798.81
9600	798.8
9601	798.76
9602	798.77
9603	798.76
9604	798.69
9605	798.7
9606	798.8
9607	798.73
9608	798.74
9609	798.64
9610	798.74
9611	798.7
9612	798.67
9613	793.07
9614	793.15
9615	792.98
9616	793.24
9617	793.33
9618	793.27
9619	793.08
9620	793.16
9621	792.99
9622	793.07
9623	793.05
9624	793.13
9625	792.97
9626	793.17
9627	793.01
9628	793.04
9629	793.12
9630	792.95
9631	793.12
9632	792.96
9633	793.05
9634	793.02
9635	793.11
9636	793.13
9637	793.09
9638	792.99
9639	792.81
9640	792.89
9641	792.94
9642	793.09
9643	793.
9644	798.72
9645	798.65
9646	798.62
9647	798.82
9648	798.75
9649	798.95
9650	798.99
9651	799.03
9652	798.87
9653	798.84
9654	798.91
9655	798.67
9656	798.61
9657	798.57
9658	798.63
9659	799.52
9660	799.55
9661	799.17
9662	799.18
9663	799.27
9664	799.08
9665	799.02
9666	799.7
9667	799.7
9668	799.68
9669	799.7
9670	799.88
9671	799.85
9672	800.59
9673	800.53
9674	800.59
9675	800.6
9676	800.56
9677	800.55
9678	802.
9679	802.37
9680	793.32
9681	793.24
9682	793.27
9683	798.85
9684	798.78
9685	798.71
9686	794.79
9687	794.91
9688	794.89
9689	794.83
9690	793.08
9691	793.18
9692	793.11
9693	792.75
9694	792.94
9695	792.86
9696	792.86
9697	798.91
9698	798.96
9699	798.83
9700	798.78
9701	798.72
9702	798.69
9703	793.18
9704	793.24
9705	793.15
9706	793.19
9707	793.25
9708	793.22
9709	793.27
9710	793.27
9711	793.31
9712	793.18
9713	793.24
9714	793.35
9715	793.35
9716	793.2
9717	793.28
9718	793.15
9719	793.2
9720	793.29
9721	793.21
9722	793.28
9723	793.23
9724	793.3
9725	793.25
9726	793.33
9727	793.24
9728	793.33
9729	793.32
9730	798.52
9731	798.51
9732	798.57
9733	798.54
9734	798.6
9735	798.63
9736	798.57
9737	798.57
9738	798.6
9739	798.66
9740	798.66
9741	798.6
9742	798.68
9743	798.63
9744	798.71
9745	798.65
9746	798.72
9747	798.67
9748	798.72
9749	798.68
9750	798.68
9751	798.72
9752	793.39
9753	793.47
9754	793.46
9755	793.34
9756	793.38
9757	793.46
9758	793.46
9759	793.31
9760	793.38
9761	793.44
9762	793.37
9763	793.47
9764	793.54
9765	793.49
9766	793.49
9767	793.55
9768	793.51
9769	793.57
9770	793.42
9771	793.59
9772	793.53
9773	793.44
9774	793.57
9775	793.64
9776	793.55
9777	793.59
9778	793.66
9779	793.62
9780	793.68
9781	793.53
9782	793.64
9783	793.7
9784	793.55
9785	793.65
9786	793.72
9787	793.57
9788	793.67
9789	793.74
9790	793.59
9791	793.77
9792	793.62
9793	793.7
9794	793.77
9795	793.83
9796	793.75
9797	793.76
9798	793.85
9799	793.82
9800	793.75
9801	793.65
9802	793.82
9803	793.88
9804	793.79
9805	793.92
9806	793.77
9807	793.88
9808	794.06
9809	794.13
9810	794.11
9811	793.97
9812	794.08
9813	794.14
9814	794.11
9815	794.16
9816	794.15
9817	794.21
9818	794.06
9819	794.17
9820	794.23
9821	794.08
9822	794.18
9823	794.25
9824	794.28
9825	794.21
9826	794.29
9827	794.36
9828	794.27
9829	794.32
9830	794.38
9831	794.4
9832	794.34
9833	794.25
9834	794.52
9835	794.47
9836	794.42
9837	794.37
9838	794.55
9839	794.61
9840	794.51
9841	794.65
9842	794.6
9843	794.68
9844	794.73
9845	794.64
9846	794.59
9847	794.72
9848	794.77
9849	794.82
9850	794.67
9851	794.88
9852	794.96
9853	794.86
9854	794.9
9855	794.97
9856	794.94
9857	795.01
9858	794.83
9859	794.99
9860	795.06
9861	795.02
9862	795.09
9863	795.07
9864	795.13
9865	795.19
9866	795.02
9867	795.12
9868	795.42
9869	795.45
9870	795.3
9871	795.34
9872	795.48
9873	795.54
9874	795.53
9875	795.58
9876	795.62
9877	795.49
9878	795.88
9879	795.88
9880	795.78
9881	796.01
9882	796.
9883	796.12
9884	796.14
9885	796.55
9886	796.48
9887	796.4
9888	796.75
9889	796.64
9890	796.92
9891	796.84
9892	796.86
9893	797.65
9894	797.45
9895	797.33
9896	798.04
9897	797.78
9898	798.33
9899	798.14
9900	798.41
9901	799.54
9902	799.36
9903	798.86
9904	800.17
9905	800.07
9906	800.72
9907	800.73
9908	801.27
9909	802.36
9910	802.19
9911	801.81
9912	802.84
9913	803.29
9914	803.04
9915	803.35
9916	802.72
9917	801.98
9918	801.68
9919	802.05
9920	801.7
9921	800.97
9922	801.04
9923	801.11
9924	801.16
9925	801.03
9926	800.86
9927	800.92
9928	800.88
9929	800.78
9930	800.84
9931	800.74
9932	800.77
9933	800.78
9934	800.73
9935	800.77
9936	800.77
9937	800.71
9938	800.68
9939	800.75
9940	800.74
9941	800.69
9942	800.64
9943	800.68
9944	800.68
9945	800.6
9946	800.65
9947	800.63
9948	800.67
9949	800.67
9950	800.62
9951	800.66
9952	800.58
9953	800.62
9954	800.66
9955	800.58
9956	800.62
9957	800.66
9958	800.64
9959	800.67
9960	800.66
9961	800.69
9962	800.67
9963	800.73
9964	800.72
9965	800.65
9966	800.71
9967	800.7
9968	800.64
9969	800.69
9970	800.64
9971	800.63
9972	800.64
9973	800.69
9974	800.69
9975	800.64
9976	800.68
9977	800.62
9978	800.61
9979	800.66
9980	800.56
9981	800.61
9982	800.61
9983	800.67
9984	800.65
9985	800.62
9986	800.61
9987	800.67
9988	800.64
9989	800.58
9990	800.64
9991	800.62
9992	800.56
9993	800.54
9994	800.59
9995	800.54
9996	800.53
9997	800.58
9998	800.53
9999	800.58
10000	800.51
10001	800.58
10002	800.49
10003	800.55
10004	800.47
10005	800.53
10006	800.43
10007	800.46
10008	800.52
10009	800.44
10010	800.51
10011	800.43
10012	800.49
10013	800.42
10014	800.48
10015	800.41
10016	800.48
10017	800.35
10018	800.37
10019	800.45
10020	800.46
10021	800.33
10022	800.41
10023	800.33
10024	800.26
10025	800.32
10026	800.27
10027	800.3
10028	800.21
10029	799.96
10030	800.01
10031	799.95
10032	799.93
10033	800.03
10034	800.03
10035	799.86
10036	799.95
10037	799.86
10038	799.93
10039	799.85
10040	799.93
10041	799.83
10042	799.91
10043	799.8
10044	799.88
10045	799.78
10046	799.86
10047	799.77
10048	799.84
10049	799.77
10050	799.84
10051	799.69
10052	799.84
10053	799.76
10054	799.75
10055	799.81
10056	799.67
10057	799.75
10058	799.75
10059	799.81
10060	799.82
10061	799.76
10062	799.8
10063	799.74
10064	799.75
10065	799.66
10066	799.91
10067	799.95
10068	799.92
10069	799.89
10070	799.89
10071	799.92
10072	799.87
10073	799.86
10074	799.94
10075	799.87
10076	799.93
10077	799.89
10078	799.91
10079	799.88
10080	799.91
10081	799.88
10082	799.87
10083	799.91
10084	799.92
10085	799.86
10086	799.9
10087	799.86
10088	799.9
10089	799.85
10090	799.9
10091	799.9
10092	799.84
10093	799.88
10094	799.79
10095	799.88
10096	799.88
10097	799.83
10098	799.86
10099	799.81
10100	799.81
10101	799.86
10102	799.81
10103	799.81
10104	799.8
10105	799.86
10106	799.86
10107	799.81
10108	799.79
10109	799.84
10110	799.79
10111	799.83
10112	799.74
10113	799.84
10114	799.75
10115	799.79
10116	799.79
10117	799.83
10118	799.79
10119	799.84
10120	799.84
10121	799.79
10122	799.78
10123	799.81
10124	799.78
10125	799.79
10126	799.83
10127	799.78
10128	799.83
10129	799.74
10130	799.82
10131	799.74
10132	799.77
10133	799.75
10134	799.79
10135	799.75
10136	799.75
10137	799.8
10138	799.8
10139	799.7
10140	799.74
10141	799.79
10142	799.69
10143	799.73
10144	799.78
10145	799.73
10146	799.78
10147	799.68
10148	799.74
10149	799.78
10150	799.74
10151	799.78
10152	799.73
10153	799.78
10154	799.72
10155	799.78
10156	799.72
10157	799.77
10158	799.77
10159	799.77
10160	799.71
10161	799.7
10162	799.75
10163	799.7
10164	799.69
10165	799.74
10166	799.68
10167	799.73
10168	799.68
10169	799.73
10170	799.68
10171	799.73
10172	799.67
10173	799.73
10174	799.64
10175	799.71
10176	799.59
10177	799.67
10178	799.56
10179	799.64
10180	799.53
10181	799.61
10182	799.47
10183	799.52
10184	799.59
10185	799.5
10186	799.58
10187	799.51
10188	799.57
10189	799.52
10190	799.58
10191	799.55
10192	799.6
10193	799.57
10194	799.63
10195	799.59
10196	799.65
10197	799.61
10198	799.66
10199	799.63
10200	799.68
10201	799.69
10202	799.58
10203	799.65
10204	799.66
10205	799.71
10206	799.66
10207	799.72
10208	799.67
10209	799.62
10210	799.68
10211	799.73
10212	799.68
10213	799.68
10214	799.73
10215	799.69
10216	799.73
10217	799.74
10218	799.7
10219	799.71
10220	799.76
10221	799.76
10222	799.71
10223	799.7
10224	799.75
10225	799.68
10226	799.74
10227	799.67
10228	799.72
10229	799.61
10230	799.68
10231	799.74
10232	799.73
10233	799.69
10234	799.73
10235	799.73
10236	799.75
10237	799.74
10238	799.79
10239	799.79
10240	799.76
10241	799.71
10242	799.7
10243	799.75
10244	799.7
10245	799.74
10246	799.69
10247	799.7
10248	799.74
10249	799.69
10250	799.74
10251	799.75
10252	799.75
10253	799.8
10254	799.8
10255	799.72
10256	799.77
10257	799.71
10258	799.76
10259	799.7
10260	799.75
10261	799.7
10262	799.75
10263	799.71
10264	799.65
10265	799.75
10266	799.72
10267	799.76
10268	799.72
10269	799.76
10270	799.73
10271	799.77
10272	799.77
10273	799.68
10274	799.71
10275	799.77
10276	799.77
10277	799.71
10278	799.75
10279	799.66
10280	799.71
10281	799.75
10282	799.76
10283	799.71
10284	799.71
10285	799.75
10286	799.66
10287	799.71
10288	799.72
10289	799.75
10290	799.73
10291	799.78
10292	799.74
10293	799.77
10294	799.73
10295	799.71
10296	799.77
10297	799.78
10298	799.74
10299	799.67
10300	799.74
10301	799.7
10302	799.63
10303	799.54
10304	799.63
10305	799.59
10306	799.51
10307	799.53
10308	799.6
10309	799.47
10310	799.53
10311	799.6
10312	799.53
10313	799.61
10314	799.53
10315	799.6
10316	799.53
10317	799.6
10318	799.45
10319	799.53
10320	799.6
10321	799.45
10322	799.6
10323	799.53
10324	799.55
10325	799.62
10326	799.54
10327	799.54
10328	799.62
10329	799.52
10330	799.6
10331	799.58
10332	799.5
10333	799.49
10334	799.48
10335	799.57
10336	799.48
10337	799.58
10338	799.58
10339	799.41
10340	799.47
10341	799.55
10342	799.5
10343	799.57
10344	799.52
10345	799.6
10346	799.45
10347	799.53
10348	799.6
10349	799.54
10350	799.61
10351	799.53
10352	799.61
10353	799.59
10354	799.45
10355	799.5
10356	799.48
10357	799.56
10358	799.47
10359	799.48
10360	799.56
10361	799.48
10362	799.56
10363	799.57
10364	799.41
10365	799.49
10366	799.54
10367	799.59
10368	799.62
10369	799.53
10370	799.61
10371	799.53
10372	799.61
10373	799.51
10374	799.6
10375	799.45
10376	799.58
10377	799.51
10378	799.53
10379	799.6
10380	799.53
10381	799.61
10382	799.5
10383	799.47
10384	799.48
10385	799.56
10386	799.48
10387	799.4
10388	799.48
10389	799.56
10390	799.4
10391	799.48
10392	799.57
10393	799.56
10394	799.57
10395	799.64
10396	799.61
10397	799.57
10398	799.56
10399	799.64
10400	799.64
10401	799.5
10402	799.55
10403	799.63
10404	799.54
10405	799.62
10406	799.47
10407	799.54
10408	799.61
10409	799.47
10410	799.54
10411	799.61
10412	799.54
10413	799.61
10414	799.54
10415	799.62
10416	799.48
10417	799.54
10418	799.62
10419	799.47
10420	799.53
10421	799.61
10422	799.47
10423	799.53
10424	799.6
10425	799.46
10426	799.61
10427	799.54
10428	799.46
10429	799.57
10430	799.63
10431	799.55
10432	799.56
10433	799.64
10434	799.64
10435	799.54
10436	799.62
10437	799.49
10438	799.61
10439	799.43
10440	799.6
10441	799.55
10442	799.44
10443	799.56
10444	799.6
10445	799.63
10446	799.49
10447	799.56
10448	799.63
10449	799.57
10450	799.63
10451	799.59
10452	799.65
10453	799.59
10454	799.67
10455	799.67
10456	799.56
10457	799.64
10458	799.62
10459	799.54
10460	799.53
10461	799.61
10462	799.46
10463	799.53
10464	799.6
10465	799.45
10466	799.51
10467	799.6
10468	799.51
10469	799.53
10470	799.45
10471	799.55
10472	799.62
10473	799.54
10474	799.55
10475	799.63
10476	799.53
10477	799.62
10478	799.52
10479	799.44
10480	799.6
10481	799.59
10482	799.52
10483	799.54
10484	799.61
10485	799.53
10486	799.55
10487	799.62
10488	799.47
10489	799.55
10490	799.62
10491	799.55
10492	799.63
10493	799.48
10494	799.56
10495	799.63
10496	799.56
10497	799.63
10498	799.63
10499	799.49
10500	799.56
10501	799.56
10502	799.64
10503	799.57
10504	799.57
10505	799.64
10506	799.57
10507	799.64
10508	799.57
10509	799.64
10510	799.5
10511	799.56
10512	799.64
10513	799.57
10514	799.64
10515	799.5
10516	799.57
10517	799.65
10518	799.5
10519	799.56
10520	799.64
10521	799.48
10522	799.57
10523	799.64
10524	799.49
10525	799.58
10526	799.65
10527	799.58
10528	799.64
10529	799.57
10530	799.65
10531	799.65
10532	799.56
10533	799.63
10534	799.57
10535	799.64
10536	799.64
10537	799.56
10538	799.57
10539	799.64
10540	799.57
10541	799.57
10542	799.64
10543	799.64
10544	799.57
10545	799.66
10546	799.64
10547	799.58
10548	799.61
10549	799.69
10550	799.68
10551	799.6
10552	799.67
10553	799.58
10554	799.67
10555	799.56
10556	799.64
10557	799.64
10558	799.56
10559	799.54
10560	799.62
10561	799.54
10562	799.45
10563	799.63
10564	799.55
10565	799.46
10566	799.63
10567	799.55
10568	799.55
10569	799.46
10570	799.56
10571	799.65
10572	799.56
10573	799.56
10574	799.64
10575	799.48
10576	799.56
10577	799.64
10578	799.56
10579	799.65
10580	799.49
10581	799.55
10582	799.64
10583	799.55
10584	799.63
10585	799.47
10586	799.55
10587	799.62
10588	799.45
10589	799.09
10590	799.03
10591	799.11
10592	799.
10593	799.15
10594	799.19
10595	799.12
10596	799.12
10597	799.21
10598	799.28
10599	799.23
10600	799.15
10601	799.24
10602	799.32
10603	799.23
10604	799.14
10605	799.24
10606	799.16
10607	799.32
10608	799.23
10609	799.15
10610	799.22
10611	799.16
10612	799.31
10613	799.22
10614	799.14
10615	799.3
10616	799.15
10617	799.31
10618	799.22
10619	799.21
10620	799.13
10621	799.29
10622	799.21
10623	799.14
10624	799.22
10625	799.3
10626	799.16
10627	799.1
10628	799.19
10629	799.15
10630	799.07
10631	799.08
10632	799.09
10633	799.16
10634	799.13
10635	799.07
10636	799.14
10637	799.13
10638	799.05
10639	799.05
10640	799.14
10641	799.07
10642	799.21
10643	799.07
10644	799.14
10645	799.15
10646	799.07
10647	799.14
10648	799.07
10649	799.14
10650	799.14
10651	799.07
10652	799.14
10653	799.14
10654	799.07
10655	799.14
10656	799.07
10657	799.14
10658	799.07
10659	799.14
10660	799.12
10661	799.06
10662	799.05
10663	799.12
10664	799.06
10665	799.13
10666	799.2
10667	799.13
10668	799.06
10669	799.13
10670	799.13
10671	799.1
10672	799.04
10673	799.17
10674	799.11
10675	799.1
10676	799.03
10677	799.16
10678	799.04
10679	799.11
10680	799.17
10681	799.09
10682	799.15
10683	799.26
10684	799.16
10685	799.11
10686	799.05
10687	799.13
10688	799.04
10689	799.04
10690	799.18
10691	799.11
10692	799.1
10693	799.04
10694	799.11
10695	799.1
10696	799.03
10697	799.03
10698	799.11
10699	799.04
10700	799.1
10701	799.03
10702	799.03
10703	799.16
10704	799.11
10705	799.14
10706	799.06
10707	799.12
10708	799.07
10709	799.15
10710	799.16
10711	799.26
10712	799.1
10713	799.17
10714	799.13
10715	799.07
10716	799.07
10717	799.13
10718	799.06
10719	799.2
10720	799.12
10721	799.05
10722	799.05
10723	799.12
10724	799.06
10725	799.12
10726	799.19
10727	799.11
10728	799.05
10729	799.11
10730	799.04
10731	799.1
10732	799.04
10733	799.1
10734	799.02
10735	799.02
10736	799.13
10737	799.05
10738	799.19
10739	799.13
10740	799.06
10741	799.06
10742	799.14
10743	799.16
10744	799.08
10745	799.16
10746	799.08
10747	799.24
10748	799.16
10749	799.12
10750	799.05
10751	799.13
10752	799.04
10753	799.11
10754	799.09
10755	799.03
10756	799.09
10757	799.08
10758	799.02
10759	799.09
10760	799.01
10761	799.01
10762	799.11
10763	799.03
10764	799.12
10765	799.04
10766	799.14
10767	799.06
10768	799.07
10769	799.16
10770	799.08
10771	799.16
10772	799.16
10773	799.15
10774	799.07
10775	799.15
10776	799.14
10777	799.07
10778	799.06
10779	799.14
10780	799.13
10781	799.07
10782	799.14
10783	799.11
10784	799.04
10785	799.08
10786	799.03
10787	799.08
10788	799.01
10789	799.01
10790	799.12
10791	799.03
10792	799.14
10793	799.07
10794	799.06
10795	799.14
10796	799.11
10797	799.06
10798	799.22
10799	799.14
10800	799.02
10801	799.02
10802	799.09
10803	799.03
10804	799.1
10805	799.18
10806	799.1
10807	799.03
10808	799.09
10809	799.1
10810	799.11
10811	799.04
10812	799.1
10813	799.11
10814	799.03
10815	799.03
10816	799.09
10817	799.01
10818	799.06
10819	798.98
10820	798.94
10821	798.95
10822	798.88
10823	798.84
10824	798.84
10825	798.89
10826	798.9
10827	798.86
10828	798.92
10829	798.87
10830	798.93
10831	798.88
10832	798.97
10833	798.93
10834	798.89
10835	798.91
10836	798.88
10837	798.95
10838	798.91
10839	798.95
10840	798.87
10841	798.91
10842	798.95
10843	798.87
10844	798.9
10845	798.87
10846	798.96
10847	798.89
10848	798.85
10849	798.85
10850	798.9
10851	798.91
10852	798.87
10853	798.91
10854	798.87
10855	798.95
10856	798.91
10857	798.91
10858	798.87
10859	798.91
10860	798.92
10861	798.87
10862	798.92
10863	798.88
10864	798.91
10865	798.88
10866	798.9
10867	798.86
10868	798.9
10869	798.89
10870	798.85
10871	798.88
10872	798.85
10873	798.84
10874	798.87
10875	798.85
10876	798.86
10877	798.82
10878	798.85
10879	798.89
10880	798.86
10881	798.86
10882	798.82
10883	798.88
10884	798.85
10885	798.91
10886	798.84
10887	798.89
10888	798.81
10889	798.78
10890	798.78
10891	798.83
10892	798.83
10893	798.79
10894	798.86
10895	798.81
10896	798.88
10897	798.84
10898	798.88
10899	798.84
10900	798.93
10901	798.87
10902	798.84
10903	798.82
10904	798.85
10905	798.85
10906	798.89
10907	798.81
10908	798.85
10909	798.84
10910	798.81
10911	798.89
10912	798.84
10913	798.8
10914	798.89
10915	798.79
10916	798.84
10917	798.79
10918	798.84
10919	798.79
10920	798.88
10921	798.84
10922	798.83
10923	798.79
10924	798.78
10925	798.82
10926	798.72
10927	798.73
10928	798.78
10929	798.77
10930	798.81
10931	798.69
10932	798.66
10933	798.68
10934	798.73
10935	798.66
10936	798.7
10937	798.73
10938	798.67
10939	798.7
10940	798.7
10941	798.72
10942	798.66
10943	798.74
10944	798.7
10945	798.74
10946	798.68
10947	798.77
10948	798.7
10949	798.81
10950	798.56
10951	798.62
10952	798.55
10953	798.53
10954	798.6
10955	798.57
10956	798.51
10957	798.48
10958	798.5
10959	798.56
10960	798.47
10961	798.39
10962	798.44
10963	798.46
10964	798.38
10965	798.8
10966	798.76
10967	798.79
10968	798.77
10969	798.84
10970	798.81
10971	798.85
10972	798.8
10973	798.83
10974	798.87
10975	798.81
10976	798.88
10977	798.83
10978	798.87
10979	798.83
10980	798.92
10981	798.85
10982	798.83
10983	798.86
10984	798.81
10985	798.81
10986	798.9
10987	798.85
10988	798.92
10989	798.87
10990	798.93
10991	798.89
10992	798.93
10993	798.89
10994	798.93
10995	798.89
10996	798.94
10997	798.9
10998	798.94
10999	798.9
11000	798.94
11001	798.91
11002	798.95
11003	798.91
11004	798.91
11005	798.96
11006	798.92
11007	799.
11008	798.93
11009	799.01
11010	798.98
11011	798.95
11012	799.
11013	798.99
11014	799.
11015	798.96
11016	799.
11017	799.
11018	798.95
11019	798.96
11020	799.01
11021	798.97
11022	799.01
11023	798.97
11024	798.97
11025	798.97
11026	799.02
11027	798.99
11028	799.03
11029	799.03
11030	799.
11031	799.03
11032	799.04
11033	799.08
11034	799.04
11035	799.
11036	799.04
11037	799.09
11038	799.05
11039	799.
11040	799.05
11041	799.01
11042	799.06
11043	799.1
11044	799.02
11045	799.06
11046	799.02
11047	799.06
11048	799.02
11049	799.06
11050	799.02
11051	799.02
11052	799.07
11053	799.03
11054	799.08
11055	799.04
11056	799.1
11057	799.05
11058	799.05
11059	799.13
11060	799.07
11061	799.16
11062	799.09
11063	799.2
11064	799.12
11065	799.23
11066	799.16
11067	799.27
11068	799.25
11069	799.18
11070	799.25
11071	799.19
11072	799.29
11073	799.31
11074	799.2
11075	799.31
11076	799.24
11077	799.34
11078	799.39
11079	799.31
11080	799.24
11081	799.38
11082	799.33
11083	799.25
11084	799.39
11085	799.34
11086	799.28
11087	799.34
11088	799.36
11089	799.27
11090	799.28
11091	799.4
11092	799.32
11093	799.42
11094	799.35
11095	799.44
11096	799.36
11097	799.36
11098	799.49
11099	799.39
11100	799.52
11101	799.45
11102	799.53
11103	799.45
11104	799.55
11105	799.47
11106	799.64
11107	799.7
11108	799.69
11109	799.5
11110	799.47
11111	799.48
11112	799.53
11113	799.69
11114	799.62
11115	799.66
11116	799.64
11117	799.69
11118	799.76
11119	799.7
11120	799.74
11121	799.78
11122	799.72
11123	799.8
11124	799.74
11125	799.84
11126	799.75
11127	799.81
11128	799.86
11129	799.85
11130	799.79
11131	799.83
11132	799.81
11133	799.92
11134	799.87
11135	799.89
11136	799.84
11137	799.89
11138	799.86
11139	799.85
11140	799.9
11141	799.92
11142	799.94
11143	799.89
11144	799.94
11145	799.89
11146	799.95
11147	799.97
11148	799.92
11149	799.96
11150	799.98
11151	799.92
11152	799.98
11153	799.93
11154	799.98
11155	799.93
11156	799.93
11157	799.98
11158	800.03
11159	799.97
11160	800.02
11161	800.04
11162	799.98
11163	800.08
11164	800.04
11165	799.99
11166	800.05
11167	800.
11168	800.1
11169	800.06
11170	800.01
11171	800.1
11172	800.08
11173	800.02
11174	800.09
11175	800.03
11176	800.13
11177	800.04
11178	800.1
11179	800.13
11180	800.07
11181	800.12
11182	800.13
11183	800.08
11184	800.08
11185	800.19
11186	800.09
11187	800.12
11188	800.04
11189	800.07
11190	800.09
11191	800.16
11192	800.18
11193	800.11
11194	800.26
11195	800.18
11196	800.18
11197	800.1
11198	800.07
11199	800.14
11200	800.26
11201	799.93
11202	800.18
11203	800.09
11204	800.02
11205	799.69
11206	799.73
11207	799.92
11208	799.13
11209	799.17
11210	799.45
11211	799.46
11212	798.78
11213	798.84
11214	798.4
11215	798.52
11216	798.74
11217	798.14
11218	797.98
11219	797.18
11220	797.39
11221	797.23
11222	797.56
11223	797.4
11224	796.88
11225	796.95
11226	797.09
11227	796.62
11228	796.68
11229	796.82
11230	796.4
11231	796.45
11232	795.55
11233	795.48
11234	795.42
11235	795.43
11236	796.21
11237	796.24
11238	796.04
11239	796.07
11240	796.18
11241	795.9
11242	795.91
11243	796.02
11244	795.78
11245	795.78
11246	795.54
11247	795.66
11248	795.42
11249	795.45
11250	795.32
11251	795.3
11252	795.26
11253	795.23
11254	795.36
11255	795.21
11256	795.17
11257	795.13
11258	795.11
11259	795.04
11260	795.
11261	795.15
11262	794.98
11263	794.94
11264	794.92
11265	794.87
11266	794.86
11267	794.82
11268	794.8
11269	794.76
11270	794.73
11271	794.7
11272	794.85
11273	794.68
11274	794.63
11275	794.61
11276	794.64
11277	794.58
11278	794.6
11279	794.54
11280	794.55
11281	794.49
11282	794.66
11283	794.48
11284	794.44
11285	794.42
11286	794.37
11287	794.37
11288	794.32
11289	794.32
11290	794.27
11291	794.17
11292	794.26
11293	794.23
11294	794.13
11295	794.08
11296	794.17
11297	794.09
11298	794.04
11299	794.05
11300	794.01
11301	794.14
11302	794.01
11303	793.96
11304	794.1
11305	793.96
11306	793.91
11307	794.05
11308	793.88
11309	793.83
11310	793.92
11311	793.97
11312	793.84
11313	793.8
11314	793.81
11315	793.74
11316	793.76
11317	793.78
11318	793.72
11319	793.75
11320	793.7
11321	793.73
11322	793.66
11323	793.47
11324	793.51
11325	793.58
11326	793.62
11327	793.71
11328	793.63
11329	793.63
11330	793.7
11331	793.78
11332	793.61
11333	793.55
11334	793.65
11335	793.52
11336	793.6
11337	793.45
11338	793.38
11339	793.47
11340	793.37
11341	793.44
11342	793.23
11343	793.31
11344	793.29
11345	793.25
11346	793.19
11347	793.27
11348	793.33
11349	793.23
11350	793.17
11351	793.31
11352	793.14
11353	793.29
11354	793.2
11355	793.14
11356	793.08
11357	793.16
11358	793.12
11359	793.06
11360	793.09
11361	793.04
11362	793.07
11363	793.01
11364	793.15
11365	793.04
11366	792.98
11367	793.06
11368	793.02
11369	792.96
11370	793.03
11371	792.95
11372	792.96
11373	793.05
11374	793.01
11375	793.16
11376	793.07
11377	792.95
11378	792.88
11379	792.91
11380	792.95
11381	792.88
11382	792.94
11383	792.88
11384	792.93
11385	792.86
11386	792.91
11387	792.85
11388	792.91
11389	792.82
11390	792.82
11391	792.92
11392	792.83
11393	792.91
11394	792.84
11395	792.89
11396	792.81
11397	792.87
11398	792.79
11399	792.85
11400	792.78
11401	792.82
11402	792.76
11403	792.73
11404	792.79
11405	792.66
11406	792.72
11407	792.75
11408	792.65
11409	792.71
11410	792.63
11411	792.71
11412	792.71
11413	792.64
11414	792.68
11415	792.62
11416	792.79
11417	798.55
11418	798.58
11419	798.65
11420	798.49
11421	798.47
11422	798.52
11423	792.58
11424	792.57
11425	792.67
11426	799.12
11427	799.12
11428	799.21
11429	799.29
11430	793.05
11431	793.17
11432	792.97
11433	798.4
11434	798.34
11435	798.34
11436	793.13
11437	793.04
11438	799.56
11439	799.65
11440	799.65
11441	799.48
11442	798.89
11443	798.77
11444	798.82
11445	798.45
11446	798.43
11447	798.52
11448	798.39
11449	798.46
11450	792.52
11451	792.5
11452	792.43
11453	792.55
11454	792.46
11455	792.56
11456	792.5
11457	792.57
11458	792.48
11459	792.53
11460	792.59
11461	792.62
11462	792.58
11463	792.64
11464	792.67
11465	792.7
11466	792.62
11467	792.69
11468	792.72
11469	792.63
11470	792.65
11471	792.74
11472	792.75
11473	792.67
11474	792.75
11475	792.76
11476	792.78
11477	792.7
11478	792.67
11479	792.8
11480	792.72
11481	792.81
11482	792.73
11483	792.81
11484	792.74
11485	792.85
11486	792.75
11487	792.8
11488	792.89
11489	792.96
11490	792.89
11491	792.81
11492	792.89
11493	792.89
11494	792.81
11495	792.9
11496	792.83
11497	792.92
11498	792.86
11499	793.
11500	792.94
11501	792.84
11502	793.
11503	792.92
11504	792.98
11505	792.94
11506	793.02
11507	793.06
11508	792.98
11509	793.04
11510	793.12
11511	793.
11512	793.08
11513	793.15
11514	793.07
11515	793.13
11516	793.21
11517	793.17
11518	793.09
11519	793.2
11520	793.11
11521	793.25
11522	793.14
11523	793.29
11524	793.23
11525	793.29
11526	793.21
11527	793.27
11528	793.36
11529	793.3
11530	793.22
11531	793.32
11532	793.24
11533	793.34
11534	793.26
11535	793.4
11536	793.38
11537	793.29
11538	793.42
11539	793.33
11540	793.42
11541	793.46
11542	793.38
11543	793.44
11544	793.5
11545	793.4
11546	793.53
11547	793.44
11548	793.6
11549	793.48
11550	793.55
11551	793.64
11552	793.55
11553	793.61
11554	793.66
11555	793.58
11556	793.68
11557	793.6
11558	793.72
11559	793.63
11560	793.75
11561	793.67
11562	793.79
11563	793.7
11564	793.73
11565	793.87
11566	793.82
11567	793.92
11568	793.82
11569	793.87
11570	793.95
11571	793.87
11572	793.98
11573	793.89
11574	793.93
11575	794.02
11576	794.09
11577	794.
11578	794.05
11579	794.15
11580	794.04
11581	794.13
11582	794.27
11583	794.18
11584	794.22
11585	794.33
11586	794.22
11587	794.28
11588	794.38
11589	794.48
11590	794.38
11591	794.43
11592	794.51
11593	794.42
11594	794.55
11595	794.6
11596	794.5
11597	794.46
11598	794.66
11599	794.56
11600	794.62
11601	794.72
11602	794.72
11603	794.77
11604	794.83
11605	794.99
11606	794.87
11607	794.9
11608	795.07
11609	794.96
11610	795.13
11611	795.03
11612	795.21
11613	795.1
11614	795.31
11615	795.19
11616	795.3
11617	795.42
11618	795.65
11619	795.66
11620	795.78
11621	796.09
11622	795.95
11623	795.93
11624	796.29
11625	796.12
11626	796.5
11627	796.33
11628	796.74
11629	796.54
11630	796.78
11631	796.99
11632	797.58
11633	797.41
11634	797.27
11635	797.91
11636	797.72
11637	797.76
11638	798.26
11639	798.04
11640	798.58
11641	798.35
11642	798.9
11643	798.65
11644	798.95
11645	799.2
11646	799.44
11647	799.64
11648	799.44
11649	799.87
11650	799.73
11651	799.77
11652	799.95
11653	799.83
11654	800.01
11655	800.01
11656	799.91
11657	800.03
11658	799.95
11659	799.98
11660	800.05
11661	800.01
11662	799.99
11663	800.04
11664	799.97
11665	799.97
11666	800.03
11667	800.02
11668	800.01
11669	799.97
11670	800.02
11671	800.
11672	799.96
11673	800.06
11674	799.99
11675	799.94
11676	799.93
11677	799.98
11678	799.95
11679	799.91
11680	799.96
11681	799.9
11682	799.95
11683	799.89
11684	799.94
11685	799.93
11686	799.86
11687	799.95
11688	799.91
11689	799.9
11690	799.89
11691	799.84
11692	799.89
11693	799.88
11694	799.84
11695	799.88
11696	799.83
11697	799.87
11698	799.83
11699	799.86
11700	799.82
11701	799.85
11702	799.81
11703	799.9
11704	799.84
11705	799.8
11706	799.83
11707	799.79
11708	799.82
11709	799.78
11710	799.88
11711	799.81
11712	799.77
11713	799.8
11714	799.75
11715	799.75
11716	799.84
11717	799.79
11718	799.78
11719	799.73
11720	799.78
11721	799.83
11722	799.72
11723	799.76
11724	799.82
11725	799.69
11726	799.73
11727	799.75
11728	799.69
11729	799.65
11730	799.71
11731	799.68
11732	799.64
11733	799.66
11734	799.62
11735	799.6
11736	799.64
11737	799.6
11738	799.56
11739	799.65
11740	799.62
11741	799.58
11742	799.54
11743	799.58
11744	799.53
11745	799.63
11746	799.56
11747	799.52
11748	799.49
11749	799.54
11750	799.46
11751	799.42
11752	799.5
11753	799.54
11754	799.43
11755	799.38
11756	799.49
11757	799.43
11758	799.36
11759	799.42
11760	799.37
11761	799.4
11762	799.34
11763	799.38
11764	799.33
11765	799.35
11766	799.3
11767	799.32
11768	799.27
11769	799.3
11770	799.24
11771	799.28
11772	799.22
11773	799.27
11774	799.21
11775	799.24
11776	799.18
11777	799.21
11778	799.21
11779	799.14
11780	799.16
11781	799.14
11782	799.2
11783	799.09
11784	799.17
11785	799.15
11786	799.12
11787	799.06
11788	799.13
11789	799.06
11790	799.11
11791	799.02
11792	799.08
11793	799.06
11794	799.01
11795	798.97
11796	799.02
11797	799.
11798	798.96
11799	798.96
11800	798.99
11801	798.94
11802	798.98
11803	798.98
11804	798.94
11805	798.98
11806	798.98
11807	798.93
11808	798.97
11809	798.97
11810	798.96
11811	798.92
11812	798.96
11813	799.
11814	798.96
11815	798.92
11816	799.
11817	798.95
11818	798.92
11819	798.95
11820	798.91
11821	798.91
11822	798.99
11823	798.91
11824	798.95
11825	798.89
11826	798.94
11827	798.93
11828	798.93
11829	798.89
11830	798.92
11831	798.89
11832	798.93
11833	798.92
11834	798.88
11835	798.92
11836	798.92
11837	798.88
11838	798.91
11839	798.87
11840	798.96
11841	798.91
11842	798.87
11843	798.9
11844	798.86
11845	798.95
11846	798.89
11847	798.86
11848	798.94
11849	798.89
11850	798.85
11851	798.84
11852	798.88
11853	798.83
11854	798.87
11855	798.87
11856	798.86
11857	798.82
11858	798.86
11859	798.85
11860	798.82
11861	798.85
11862	798.81
11863	798.84
11864	798.8
11865	798.82
11866	798.79
11867	798.78
11868	798.8
11869	798.78
11870	798.75
11871	798.78
11872	798.75
11873	798.79
11874	798.73
11875	798.78
11876	798.77
11877	798.71
11878	798.7
11879	798.67
11880	798.75
11881	798.68
11882	798.72
11883	798.37
11884	798.39
11885	798.45
11886	798.42
11887	798.41
11888	798.43
11889	798.46
11890	798.45
11891	798.5
11892	798.53
11893	798.48
11894	798.5
11895	798.49
11896	798.52
11897	798.56
11898	798.63
11899	798.58
11900	798.63
11901	798.58
11902	798.58
11903	798.62
11904	798.63
11905	798.59
11906	798.62
11907	798.63
11908	798.59
11909	798.66
11910	798.63
11911	798.62
11912	798.6
11913	798.6
11914	798.68
11915	798.64
11916	798.64
11917	798.66
11918	798.7
11919	798.73
11920	798.68
11921	798.72
11922	798.76
11923	798.74
11924	798.69
11925	798.77
11926	798.75
11927	798.7
11928	798.75
11929	798.71
11930	798.75
11931	798.71
11932	798.75
11933	798.72
11934	798.76
11935	798.72
11936	798.8
11937	798.73
11938	798.76
11939	798.77
11940	798.74
11941	798.77
11942	798.78
11943	798.81
11944	798.8
11945	798.75
11946	798.79
11947	798.8
11948	798.76
11949	798.79
11950	798.76
11951	798.77
11952	798.76
11953	798.74
11954	798.74
11955	798.76
11956	798.73
11957	798.74
11958	798.78
11959	798.79
11960	798.76
11961	798.79
11962	798.79
11963	798.75
11964	798.82
11965	798.76
11966	798.8
11967	798.81
11968	798.77
11969	798.8
11970	798.81
11971	798.77
11972	798.81
11973	798.77
11974	798.77
11975	798.78
11976	798.82
11977	798.83
11978	798.79
11979	798.83
11980	798.83
11981	798.79
11982	798.79
11983	798.83
11984	798.87
11985	798.83
11986	798.8
11987	798.83
11988	798.83
11989	798.79
11990	798.82
11991	798.87
11992	798.79
11993	798.87
11994	798.79
11995	798.82
11996	798.83
11997	798.8
11998	798.84
11999	798.84
12000	798.83
12001	798.8
12002	798.84
12003	798.82
12004	798.79
12005	798.78
12006	798.82
12007	798.84
12008	798.87
12009	798.9
12010	798.96
12011	798.9
12012	798.95
12013	798.96
12014	798.89
12015	798.89
12016	798.96
12017	798.89
12018	798.97
12019	798.96
12020	798.96
12021	798.89
12022	798.96
12023	798.89
12024	798.96
12025	799.03
12026	798.97
12027	798.89
12028	798.96
12029	798.99
12030	798.91
12031	799.
12032	798.92
12033	799.07
12034	798.99
12035	798.92
12036	799.07
12037	798.99
12038	798.91
12039	798.97
12040	798.91
12041	798.89
12042	798.95
12043	798.88
12044	798.95
12045	798.94
12046	798.99
12047	798.91
12048	798.97
12049	798.98
12050	798.92
12051	798.98
12052	798.9
12053	799.05
12054	798.99
12055	798.91
12056	798.92
12057	798.99
12058	799.
12059	798.92
12060	798.99
12061	799.07
12062	798.92
12063	799.
12064	798.99
12065	798.92
12066	799.
12067	798.91
12068	798.98
12069	798.95
12070	798.89
12071	798.97
12072	798.95
12073	798.88
12074	798.95
12075	798.88
12076	798.96
12077	798.89
12078	798.96
12079	798.89
12080	798.97
12081	798.9
12082	799.03
12083	798.97
12084	798.9
12085	799.04
12086	798.97
12087	798.9
12088	798.98
12089	798.91
12090	799.
12091	798.92
12092	799.07
12093	799.
12094	798.93
12095	799.08
12096	799.
12097	798.92
12098	799.
12099	798.93
12100	798.99
12101	798.93
12102	799.08
12103	798.91
12104	798.99
12105	798.91
12106	798.98
12107	798.97
12108	798.97
12109	798.9
12110	798.96
12111	798.98
12112	798.9
12113	798.99
12114	798.91
12115	798.99
12116	798.92
12117	798.99
12118	798.91
12119	798.92
12120	798.99
12121	798.98
12122	798.9
12123	798.97
12124	799.04
12125	798.99
12126	798.91
12127	799.05
12128	798.98
12129	798.91
12130	798.98
12131	798.91
12132	798.99
12133	798.91
12134	799.
12135	798.92
12136	798.92
12137	799.
12138	799.
12139	798.93
12140	799.01
12141	799.08
12142	798.99
12143	798.92
12144	798.98
12145	798.92
12146	798.9
12147	798.97
12148	799.04
12149	798.97
12150	798.9
12151	798.97
12152	798.9
12153	798.97
12154	798.9
12155	798.96
12156	798.97
12157	798.91
12158	798.98
12159	798.97
12160	799.04
12161	798.99
12162	798.91
12163	798.97
12164	799.04
12165	798.93
12166	798.99
12167	799.06
12168	798.98
12169	798.91
12170	798.98
12171	798.99
12172	798.92
12173	799.
12174	798.92
12175	799.06
12176	798.93
12177	798.99
12178	798.97
12179	798.9
12180	798.98
12181	798.97
12182	798.9
12183	798.91
12184	798.98
12185	798.92
12186	798.98
12187	798.99
12188	799.06
12189	798.99
12190	798.92
12191	798.99
12192	798.99
12193	798.92
12194	799.06
12195	798.99
12196	798.92
12197	798.99
12198	798.93
12199	799.07
12200	798.99
12201	798.92
12202	798.99
12203	799.
12204	798.93
12205	798.93
12206	799.
12207	799.
12208	798.94
12209	799.
12210	798.93
12211	799.
12212	798.92
12213	799.
12214	798.99
12215	799.06
12216	799.01
12217	798.94
12218	799.
12219	799.08
12220	799.01
12221	798.94
12222	799.07
12223	799.
12224	798.93
12225	798.94
12226	798.99
12227	798.99
12228	798.92
12229	798.99
12230	799.
12231	798.93
12232	799.
12233	798.94
12234	799.07
12235	799.
12236	798.93
12237	799.06
12238	799.01
12239	798.94
12240	799.08
12241	799.01
12242	798.94
12243	799.08
12244	799.01
12245	798.94
12246	799.01
12247	798.93
12248	799.02
12249	798.95
12250	799.04
12251	798.96
12252	798.97
12253	799.05
12254	799.13
12255	799.05
12256	798.98
12257	799.06
12258	799.05
12259	798.97
12260	798.98
12261	799.06
12262	799.13
12263	799.07
12264	798.99
12265	799.07
12266	799.08
12267	799.
12268	799.08
12269	799.
12270	799.07
12271	799.
12272	799.07
12273	798.99
12274	799.07
12275	799.
12276	799.
12277	799.16
12278	799.07
12279	799.04
12280	798.98
12281	799.06
12282	799.04
12283	798.97
12284	799.05
12285	798.97
12286	798.95
12287	792.42
12288	792.5
12289	799.06
12290	798.98
12291	799.3
12292	799.14
12293	799.22
12294	799.46
12295	799.63
12296	799.54
12297	799.38
12298	799.38
12299	799.72
12300	799.81
12301	799.73
12302	799.8
12303	799.71
12304	799.72
12305	799.81
12306	799.72
12307	799.73
12308	799.73
12309	799.81
12310	799.73
12311	799.73
12312	799.81
12313	799.72
12314	799.81
12315	799.8
12316	799.72
12317	799.71
12318	799.78
12319	799.7
12320	799.7
12321	799.72
12322	799.8
12323	799.71
12324	799.8
12325	799.73
12326	799.75
12327	799.74
12328	799.82
12329	799.81
12330	799.74
12331	799.81
12332	799.71
12333	799.8
12334	799.71
12335	799.73
12336	799.8
12337	799.72
12338	799.72
12339	799.72
12340	799.79
12341	799.71
12342	799.79
12343	799.72
12344	799.72
12345	799.8
12346	799.72
12347	799.72
12348	799.8
12349	799.79
12350	799.71
12351	799.71
12352	799.79
12353	799.71
12354	799.72
12355	799.79
12356	799.72
12357	799.79
12358	799.71
12359	799.78
12360	799.78
12361	799.71
12362	799.71
12363	799.79
12364	799.72
12365	799.71
12366	799.79
12367	799.78
12368	799.72
12369	799.71
12370	799.79
12371	799.73
12372	799.64
12373	799.78
12374	799.71
12375	799.78
12376	799.71
12377	799.7
12378	799.7
12379	799.78
12380	799.7
12381	799.77
12382	799.69
12383	799.76
12384	799.68
12385	799.68
12386	799.7
12387	799.69
12388	799.77
12389	799.78
12390	799.7
12391	799.68
12392	799.76
12393	799.69
12394	799.61
12395	799.76
12396	799.67
12397	799.68
12398	799.76
12399	799.68
12400	799.76
12401	799.68
12402	799.72
12403	799.78
12404	799.7
12405	799.73
12406	799.8
12407	799.8
12408	799.72
12409	799.78
12410	799.7
12411	799.71
12412	799.73
12413	799.67
12414	799.65
12415	799.76
12416	799.69
12417	799.68
12418	799.78
12419	799.7
12420	799.71
12421	799.76
12422	799.69
12423	799.68
12424	799.69
12425	799.77
12426	799.69
12427	799.68
12428	799.76
12429	799.69
12430	799.76
12431	799.69
12432	799.76
12433	799.7
12434	799.71
12435	799.78
12436	799.77
12437	799.71
12438	799.78
12439	799.71
12440	799.78
12441	799.77
12442	799.67
12443	799.73
12444	799.65
12445	799.64
12446	799.68
12447	799.75
12448	799.67
12449	799.75
12450	799.68
12451	799.67
12452	799.75
12453	799.67
12454	799.68
12455	799.76
12456	799.68
12457	799.76
12458	799.76
12459	799.69
12460	799.65
12461	799.74
12462	799.65
12463	799.64
12464	799.73
12465	799.64
12466	799.73
12467	799.64
12468	799.72
12469	799.55
12470	799.64
12471	799.73
12472	799.65
12473	799.72
12474	799.56
12475	799.63
12476	799.74
12477	799.67
12478	799.68
12479	799.76
12480	799.68
12481	799.67
12482	799.75
12483	799.76
12484	799.66
12485	799.65
12486	799.73
12487	799.65
12488	799.66
12489	799.74
12490	799.66
12491	799.74
12492	799.74
12493	799.67
12494	799.66
12495	799.75
12496	799.69
12497	799.68
12498	799.61
12499	799.67
12500	799.75
12501	799.67
12502	799.75
12503	799.67
12504	799.67
12505	799.75
12506	799.68
12507	799.75
12508	799.69
12509	799.74
12510	799.79
12511	799.71
12512	799.67
12513	799.81
12514	799.77
12515	799.85
12516	799.79
12517	799.81
12518	799.82
12519	799.86
12520	799.86
12521	799.82
12522	799.82
12523	799.86
12524	799.78
12525	799.85
12526	799.77
12527	799.81
12528	799.8
12529	799.84
12530	799.8
12531	799.81
12532	799.85
12533	799.81
12534	799.85
12535	799.81
12536	799.81
12537	799.85
12538	799.85
12539	799.85
12540	799.8
12541	799.8
12542	799.84
12543	799.79
12544	799.81
12545	799.82
12546	799.85
12547	799.84
12548	799.83
12549	799.87
12550	799.82
12551	799.87
12552	799.79
12553	799.84
12554	799.79
12555	799.84
12556	799.79
12557	799.84
12558	799.74
12559	799.79
12560	799.84
12561	799.79
12562	799.84
12563	799.79
12564	799.84
12565	799.75
12566	799.79
12567	799.84
12568	799.75
12569	799.8
12570	799.84
12571	799.75
12572	799.85
12573	799.82
12574	799.81
12575	799.84
12576	799.79
12577	799.86
12578	799.82
12579	799.79
12580	799.84
12581	799.79
12582	799.83
12583	799.78
12584	799.8
12585	799.84
12586	799.8
12587	799.84
12588	799.79
12589	799.79
12590	799.83
12591	799.79
12592	799.78
12593	799.83
12594	799.78
12595	799.83
12596	799.79
12597	799.83
12598	799.78
12599	799.84
12600	799.74
12601	799.84
12602	799.77
12603	799.83
12604	799.73
12605	799.77
12606	799.82
12607	799.77
12608	799.82
12609	799.77
12610	799.82
12611	799.71
12612	799.77
12613	799.82
12614	799.72
12615	799.76
12616	799.82
12617	799.72
12618	799.74
12619	799.81
12620	799.73
12621	799.8
12622	799.72
12623	799.78
12624	799.7
12625	799.77
12626	799.68
12627	799.76
12628	799.66
12629	799.74
12630	799.65
12631	799.73
12632	799.65
12633	799.72
12634	799.66
12635	799.73
12636	799.68
12637	799.74
12638	799.7
12639	799.76
12640	799.72
12641	799.77
12642	799.75
12643	799.79
12644	799.77
12645	799.82
12646	799.78
12647	799.83
12648	799.78
12649	799.84
12650	799.79
12651	799.84
12652	799.79
12653	799.84
12654	799.8
12655	799.85
12656	799.8
12657	799.85
12658	799.81
12659	799.85
12660	799.75
12661	799.82
12662	799.86
12663	799.82
12664	799.87
12665	799.82
12666	799.87
12667	799.83
12668	799.87
12669	799.83
12670	799.87
12671	799.83
12672	799.88
12673	799.83
12674	799.88
12675	799.83
12676	799.88
12677	799.83
12678	799.88
12679	799.84
12680	799.88
12681	799.85
12682	799.89
12683	799.84
12684	799.89
12685	799.85
12686	799.89
12687	799.86
12688	799.9
12689	799.8
12690	799.87
12691	799.91
12692	799.87
12693	799.91
12694	799.87
12695	799.91
12696	799.87
12697	799.91
12698	799.88
12699	799.92
12700	799.83
12701	799.88
12702	799.83
12703	799.92
12704	799.88
12705	799.92
12706	799.83
12707	799.88
12708	799.92
12709	799.88
12710	799.93
12711	799.88
12712	799.92
12713	799.88
12714	799.93
12715	799.84
12716	799.88
12717	799.93
12718	799.88
12719	799.93
12720	799.89
12721	799.93
12722	799.9
12723	799.94
12724	799.9
12725	799.94
12726	799.9
12727	799.94
12728	799.86
12729	799.9
12730	799.95
12731	799.9
12732	799.95
12733	799.86
12734	799.9
12735	799.95
12736	799.86
12737	799.91
12738	799.95
12739	799.91
12740	799.95
12741	799.86
12742	799.92
12743	799.96
12744	799.92
12745	799.96
12746	799.93
12747	799.96
12748	799.94
12749	799.97
12750	799.94
12751	799.98
12752	799.94
12753	799.98
12754	799.95
12755	799.98
12756	799.95
12757	799.99
12758	799.95
12759	799.99
12760	799.96
12761	799.99
12762	799.96
12763	800.
12764	799.92
12765	800.
12766	799.97
12767	799.97
12768	800.01
12769	799.97
12770	799.96
12771	800.
12772	799.95
12773	799.99
12774	799.91
12775	799.93
12776	799.99
12777	799.9
12778	799.97
12779	799.9
12780	799.86
12781	799.88
12782	799.95
12783	799.89
12784	799.88
12785	799.95
12786	799.88
12787	799.95
12788	799.89
12789	799.96
12790	799.82
12791	799.9
12792	799.96
12793	799.82
12794	799.91
12795	799.97
12796	799.91
12797	799.98
12798	799.92
12799	799.98
12800	800.
12801	799.94
12802	799.99
12803	800.04
12804	799.96
12805	800.
12806	800.06
12807	800.01
12808	800.07
12809	800.05
12810	800.09
12811	800.08
12812	800.13
12813	800.09
12814	800.15
12815	800.1
12816	800.15
12817	800.12
12818	800.18
12819	800.04
12820	800.18
12821	800.21
12822	800.07
12823	800.24
12824	800.27
12825	800.15
12826	800.3
12827	800.32
12828	800.22
12829	800.35
12830	800.38
12831	800.39
12832	800.43
12833	800.42
12834	800.46
12835	800.34
12836	800.45
12837	800.5
12838	800.38
12839	800.48
12840	800.53
12841	800.51
12842	800.56
12843	800.53
12844	800.57
12845	800.54
12846	800.59
12847	800.59
12848	800.54
12849	800.59
12850	800.55
12851	800.6
12852	800.57
12853	800.61
12854	800.58
12855	800.62
12856	800.59
12857	800.64
12858	800.62
12859	800.65
12860	800.63
12861	800.68
12862	800.68
12863	800.63
12864	800.68
12865	800.64
12866	800.69
12867	800.65
12868	800.7
12869	800.66
12870	800.71
12871	800.6
12872	800.68
12873	800.72
12874	800.7
12875	800.74
12876	800.72
12877	800.75
12878	800.72
12879	800.77
12880	800.68
12881	800.71
12882	800.77
12883	800.68
12884	800.71
12885	800.76
12886	800.72
12887	800.76
12888	800.72
12889	800.77
12890	800.72
12891	800.77
12892	800.66
12893	800.73
12894	800.77
12895	800.67
12896	800.74
12897	800.78
12898	800.74
12899	800.79
12900	800.74
12901	800.79
12902	800.74
12903	800.79
12904	800.68
12905	800.74
12906	800.79
12907	800.68
12908	800.74
12909	800.79
12910	800.75
12911	800.8
12912	800.69
12913	800.76
12914	800.81
12915	800.76
12916	800.81
12917	800.81
12918	800.82
12919	800.75
12920	800.81
12921	800.8
12922	800.72
12923	800.78
12924	800.77
12925	800.72
12926	800.69
12927	800.73
12928	800.71
12929	800.69
12930	800.72
12931	800.71
12932	800.74
12933	800.72
12934	800.76
12935	800.71
12936	800.75
12937	800.73
12938	800.76
12939	800.75
12940	800.78
12941	800.69
12942	800.75
12943	800.78
12944	800.71
12945	800.82
12946	800.8
12947	800.81
12948	800.9
12949	800.93
12950	800.85
12951	800.77
12952	800.81
12953	800.78
12954	800.76
12955	800.78
12956	800.74
12957	800.84
12958	800.76
12959	800.96
12960	800.86
12961	801.04
12962	800.95
12963	801.19
12964	801.04
12965	801.48
12966	801.28
12967	801.31
12968	801.85
12969	801.64
12970	801.59
12971	802.34
12972	802.11
12973	803.01
12974	802.82
12975	802.46
12976	803.71
12977	803.74
12978	802.95
12979	804.01
12980	804.78
12981	804.61
12982	803.59
12983	804.56
12984	802.81
12985	803.74
12986	801.95
12987	802.7
12988	801.19
12989	801.74
12990	800.49
12991	800.91
12992	799.88
12993	800.31
12994	799.32
12995	799.79
12996	798.68
12997	799.17
12998	798.7
12999	798.21
13000	798.43
13001	797.85
13002	797.94
13003	797.54
13004	797.62
13005	797.35
13006	797.28
13007	796.88
13008	796.96
13009	797.07
13010	796.71
13011	796.78
13012	796.56
13013	796.63
13014	796.5
13015	796.42
13016	796.2
13017	796.28
13018	796.31
13019	796.23
13020	796.09
13021	796.18
13022	795.99
13023	796.08
13024	795.9
13025	796.
13026	795.84
13027	795.92
13028	795.81
13029	795.75
13030	795.81
13031	795.87
13032	795.67
13033	795.71
13034	795.64
13035	795.74
13036	795.57
13037	795.67
13038	795.7
13039	795.49
13040	795.6
13041	795.44
13042	795.54
13043	795.39
13044	795.39
13045	795.49
13046	795.34
13047	795.33
13048	795.44
13049	795.28
13050	795.29
13051	795.39
13052	795.22
13053	795.24
13054	795.35
13055	795.19
13056	795.3
13057	795.15
13058	795.26
13059	795.12
13060	795.22
13061	795.08
13062	795.19
13063	795.05
13064	795.15
13065	795.02
13066	795.12
13067	794.99
13068	795.08
13069	794.92
13070	794.97
13071	795.06
13072	794.92
13073	795.02
13074	794.87
13075	794.97
13076	794.83
13077	794.92
13078	794.88
13079	794.79
13080	794.7
13081	794.8
13082	794.75
13083	794.66
13084	794.76
13085	794.61
13086	794.71
13087	794.56
13088	794.57
13089	794.67
13090	794.53
13091	794.63
13092	794.48
13093	794.5
13094	794.6
13095	794.44
13096	794.47
13097	794.56
13098	794.45
13099	794.54
13100	794.43
13101	794.52
13102	794.4
13103	794.49
13104	794.34
13105	794.37
13106	794.46
13107	794.31
13108	794.34
13109	794.44
13110	794.32
13111	794.4
13112	794.29
13113	794.38
13114	794.26
13115	794.35
13116	794.23
13117	794.31
13118	794.21
13119	794.29
13120	794.19
13121	794.27
13122	794.15
13123	794.24
13124	794.09
13125	794.19
13126	794.03
13127	794.13
13128	793.98
13129	793.98
13130	794.09
13131	793.96
13132	794.05
13133	793.94
13134	794.04
13135	793.86
13136	793.92
13137	794.01
13138	793.84
13139	793.92
13140	794.
13141	793.92
13142	794.
13143	793.9
13144	793.99
13145	793.88
13146	793.96
13147	793.81
13148	793.85
13149	793.93
13150	793.78
13151	793.83
13152	793.92
13153	793.81
13154	793.9
13155	793.79
13156	793.87
13157	793.76
13158	793.85
13159	793.74
13160	793.82
13161	793.72
13162	793.81
13163	793.71
13164	793.78
13165	793.69
13166	793.77
13167	793.62
13168	793.66
13169	793.74
13170	793.64
13171	793.72
13172	793.62
13173	793.7
13174	793.66
13175	793.69
13176	793.53
13177	793.61
13178	793.54
13179	793.63
13180	793.46
13181	793.54
13182	793.62
13183	793.46
13184	798.68
13185	798.65
13186	798.73
13187	798.66
13188	798.63
13189	798.7
13190	798.65
13191	798.62
13192	798.69
13193	798.64
13194	798.61
13195	798.63
13196	798.6
13197	798.62
13198	798.59
13199	798.6
13200	798.57
13201	798.58
13202	798.55
13203	798.55
13204	798.53
13205	798.53
13206	798.5
13207	798.51
13208	798.48
13209	798.49
13210	798.47
13211	798.55
13212	798.47
13213	798.44
13214	798.45
13215	798.42
13216	798.43
13217	798.49
13218	798.4
13219	798.37
13220	798.35
13221	798.41
13222	798.33
13223	798.32
13224	798.29
13225	798.28
13226	798.24
13227	798.26
13228	798.29
13229	793.53
13230	793.62
13231	793.54
13232	793.61
13233	793.53
13234	793.61
13235	793.48
13236	793.58
13237	793.43
13238	793.53
13239	793.36
13240	793.41
13241	793.51
13242	793.41
13243	793.5
13244	793.41
13245	793.5
13246	793.39
13247	793.49
13248	793.38
13249	793.46
13250	793.37
13251	793.46
13252	793.37
13253	793.45
13254	793.39
13255	793.45
13256	793.41
13257	793.48
13258	793.39
13259	793.47
13260	793.36
13261	793.44
13262	793.33
13263	793.42
13264	793.32
13265	793.41
13266	793.31
13267	793.4
13268	793.28
13269	793.38
13270	793.22
13271	793.27
13272	793.36
13273	793.25
13274	793.24
13275	793.34
13276	793.35
13277	798.69
13278	798.66
13279	798.47
13280	798.5
13281	798.42
13282	798.43
13283	798.48
13284	798.52
13285	798.94
13286	798.87
13287	798.86
13288	798.89
13289	798.2
13290	798.22
13291	793.25
13292	793.36
13293	793.15
13294	799.8
13295	799.71
13296	799.06
13297	798.99
13298	793.13
13299	793.04
13300	792.92
13301	792.34
13302	792.44
13303	792.53
13304	793.37
13305	798.76
13306	798.81
13307	793.48
13308	793.45
13309	793.44
13310	793.44
13311	793.45
13312	793.47
13313	793.48
13314	793.49
13315	793.51
13316	793.52
13317	793.54
13318	793.54
13319	793.54
13320	793.54
13321	793.55
13322	793.56
13323	793.57
13324	793.58
13325	793.59
13326	793.61
13327	793.67
13328	793.64
13329	793.68
13330	793.69
13331	793.7
13332	793.71
13333	793.71
13334	793.74
13335	793.78
13336	793.79
13337	793.81
13338	793.83
13339	793.85
13340	793.86
13341	793.91
13342	793.89
13343	793.93
13344	793.96
13345	793.98
13346	794.
13347	794.02
13348	794.05
13349	794.07
13350	794.08
13351	794.09
13352	794.11
13353	794.13
13354	794.16
13355	794.19
13356	794.24
13357	794.28
13358	794.32
13359	794.36
13360	794.38
13361	794.41
13362	794.44
13363	794.47
13364	794.5
13365	794.53
13366	794.56
13367	794.59
13368	794.61
13369	794.63
13370	794.66
13371	794.7
13372	794.73
13373	794.77
13374	794.81
13375	794.86
13376	794.9
13377	794.94
13378	794.85
13379	794.98
13380	795.03
13381	795.07
13382	795.12
13383	795.15
13384	795.18
13385	795.22
13386	795.26
13387	795.29
13388	795.33
13389	795.36
13390	795.41
13391	795.45
13392	795.49
13393	795.54
13394	795.59
13395	795.64
13396	795.69
13397	795.75
13398	795.79
13399	795.87
13400	796.01
13401	795.95
13402	796.09
13403	796.17
13404	796.26
13405	796.35
13406	796.45
13407	796.38
13408	796.56
13409	796.69
13410	796.85
13411	797.01
13412	797.05
13413	797.17
13414	797.13
13415	797.39
13416	797.66
13417	798.03
13418	798.79
13419	799.13
13420	800.46
13421	801.22
13422	801.97
13423	802.64
13424	804.8
13425	803.57
13426	805.63
13427	805.6
13428	804.68
13429	803.46
13430	802.39
13431	801.67
13432	801.31
13433	801.24
13434	801.03
13435	800.84
13436	800.93
13437	800.88
13438	800.7
13439	800.76
13440	800.88
13441	801.
13442	800.81
13443	800.87
13444	800.89
13445	800.88
13446	800.7
13447	800.8
13448	800.81
13449	800.73
13450	800.75
13451	800.79
13452	800.8
13453	800.77
13454	800.76
13455	800.76
13456	800.84
13457	800.85
13458	800.8
13459	800.86
13460	800.86
13461	800.84
13462	800.86
13463	800.88
13464	800.86
13465	800.83
13466	800.84
13467	800.84
13468	800.83
13469	800.83
13470	800.83
13471	800.82
13472	800.81
13473	800.81
13474	800.81
13475	800.8
13476	800.8
13477	800.79
13478	800.78
13479	800.76
13480	800.76
13481	800.75
13482	800.74
13483	800.73
13484	800.72
13485	800.71
13486	800.69
13487	800.68
13488	800.67
13489	800.66
13490	800.65
13491	800.65
13492	800.65
13493	800.63
13494	800.62
13495	800.6
13496	800.58
13497	800.55
13498	800.5
13499	800.45
13500	800.4
13501	800.35
13502	800.3
13503	800.26
13504	800.23
13505	800.21
13506	800.19
13507	800.17
13508	800.14
13509	800.13
13510	800.11
13511	800.1
13512	800.08
13513	800.02
13514	800.06
13515	800.05
13516	800.04
13517	800.04
13518	800.03
13519	800.02
13520	800.01
13521	800.01
13522	800.01
13523	800.01
13524	799.95
13525	800.01
13526	799.94
13527	800.02
13528	799.95
13529	800.03
13530	800.03
13531	800.04
13532	800.04
13533	800.04
13534	800.04
13535	800.01
13536	800.04
13537	800.01
13538	800.04
13539	800.03
13540	800.03
13541	800.03
13542	800.02
13543	800.02
13544	800.02
13545	800.01
13546	800.01
13547	800.01
13548	800.
13549	800.
13550	799.99
13551	799.99
13552	799.99
13553	799.99
13554	799.99
13555	799.99
13556	799.98
13557	799.98
13558	799.97
13559	799.97
13560	799.97
13561	799.97
13562	799.97
13563	799.97
13564	799.97
13565	799.96
13566	799.96
13567	799.96
13568	799.96
13569	799.96
13570	799.95
13571	799.95
13572	799.94
13573	799.94
13574	799.94
13575	799.93
13576	799.93
13577	799.93
13578	799.93
13579	799.92
13580	799.92
13581	799.92
13582	799.92
13583	799.91
13584	799.91
13585	799.91
13586	799.9
13587	799.89
13588	799.9
13589	799.89
13590	799.89
13591	799.89
13592	799.88
13593	799.87
13594	799.85
13595	799.84
13596	799.83
13597	799.82
13598	799.81
13599	799.81
13600	799.81
13601	799.83
13602	799.84
13603	799.85
13604	799.85
13605	799.86
13606	799.87
13607	799.87
13608	799.87
13609	799.87
13610	799.87
13611	799.87
13612	799.88
13613	799.88
13614	799.88
13615	799.88
13616	799.88
13617	799.88
13618	799.88
13619	799.89
13620	799.84
13621	799.89
13622	799.84
13623	799.88
13624	799.88
13625	799.88
13626	799.83
13627	799.88
13628	799.82
13629	799.88
13630	799.88
13631	799.88
13632	799.83
13633	799.89
13634	799.9
13635	799.89
13636	799.86
13637	799.89
13638	799.88
13639	799.88
13640	799.88
13641	799.88
13642	799.88
13643	799.88
13644	799.89
13645	799.89
13646	799.9
13647	799.9
13648	799.89
13649	799.89
13650	799.88
13651	799.88
13652	799.84
13653	799.89
13654	799.84
13655	799.89
13656	799.84
13657	799.89
13658	799.89
13659	799.89
13660	799.89
13661	799.89
13662	799.89
13663	799.89
13664	799.84
13665	799.9
13666	799.85
13667	799.89
13668	799.85
13669	799.89
13670	799.84
13671	799.84
13672	799.89
13673	799.9
13674	799.89
13675	799.9
13676	799.9
13677	799.9
13678	799.9
13679	799.86
13680	799.9
13681	799.86
13682	799.89
13683	799.86
13684	799.88
13685	799.87
13686	799.83
13687	799.86
13688	799.84
13689	799.83
13690	799.77
13691	799.82
13692	799.83
13693	799.82
13694	799.76
13695	799.82
13696	799.75
13697	799.82
13698	799.82
13699	799.82
13700	799.74
13701	799.83
13702	799.83
13703	799.76
13704	799.76
13705	799.83
13706	799.82
13707	799.83
13708	799.81
13709	799.73
13710	799.82
13711	799.73
13712	799.82
13713	799.82
13714	799.82
13715	799.83
13716	799.73
13717	799.83
13718	799.83
13719	799.84
13720	799.83
13721	799.76
13722	799.82
13723	799.81
13724	799.81
13725	799.72
13726	799.81
13727	799.72
13728	799.81
13729	799.81
13730	799.81
13731	799.82
13732	799.82
13733	799.81
13734	799.73
13735	799.82
13736	799.73
13737	799.83
13738	799.76
13739	799.84
13740	799.84
13741	799.83
13742	799.83
13743	799.83
13744	799.76
13745	799.83
13746	799.75
13747	799.83
13748	799.82
13749	799.82
13750	799.73
13751	799.82
13752	799.73
13753	799.82
13754	799.82
13755	799.74
13756	799.83
13757	799.73
13758	799.84
13759	799.85
13760	799.85
13761	799.85
13762	799.84
13763	799.84
13764	799.84
13765	799.84
13766	799.84
13767	799.84
13768	799.77
13769	799.83
13770	799.76
13771	799.83
13772	799.75
13773	799.83
13774	799.84
13775	799.76
13776	799.85
13777	799.77
13778	799.85
13779	799.78
13780	799.84
13781	799.83
13782	799.83
13783	799.83
13784	799.75
13785	799.83
13786	799.77
13787	799.84
13788	799.85
13789	799.85
13790	799.86
13791	799.78
13792	799.86
13793	799.86
13794	799.84
13795	799.83
13796	799.84
13797	799.76
13798	799.83
13799	799.84
13800	799.84
13801	799.84
13802	799.84
13803	799.85
13804	799.77
13805	799.85
13806	799.84
13807	799.76
13808	799.84
13809	799.84
13810	799.84
13811	799.77
13812	799.84
13813	799.76
13814	799.84
13815	799.76
13816	799.85
13817	799.85
13818	799.85
13819	799.85
13820	799.86
13821	799.85
13822	799.86
13823	799.86
13824	799.8
13825	799.85
13826	799.86
13827	799.86
13828	799.86
13829	799.79
13830	799.86
13831	799.86
13832	799.86
13833	799.86
13834	799.86
13835	799.86
13836	799.78
13837	799.87
13838	799.87
13839	799.87
13840	799.86
13841	799.79
13842	799.86
13843	799.86
13844	799.87
13845	799.79
13846	799.87
13847	799.86
13848	799.79
13849	799.86
13850	799.78
13851	799.87
13852	799.79
13853	799.87
13854	799.87
13855	799.77
13856	799.88
13857	799.89
13858	799.89
13859	799.88
13860	799.88
13861	799.88
13862	799.87
13863	799.87
13864	799.88
13865	799.79
13866	799.88
13867	799.79
13868	799.88
13869	799.8
13870	799.89
13871	799.89
13872	799.8
13873	799.89
13874	799.89
13875	799.9
13876	799.9
13877	799.81
13878	799.9
13879	799.89
13880	799.81
13881	799.9
13882	799.9
13883	799.82
13884	799.89
13885	799.88
13886	799.79
13887	799.63
13888	799.47
13889	799.3
13890	799.14
13891	798.99
13892	798.91
13893	798.91
13894	798.91
13895	798.9
13896	798.9
13897	798.91
13898	798.92
13899	798.99
13900	798.92
13901	798.92
13902	798.92
13903	798.92
13904	798.92
13905	798.92
13906	798.91
13907	798.9
13908	798.99
13909	798.9
13910	798.98
13911	798.9
13912	798.9
13913	798.9
13914	798.9
13915	798.98
13916	798.89
13917	798.88
13918	798.87
13919	798.86
13920	798.87
13921	798.88
13922	798.87
13923	798.87
13924	798.87
13925	798.86
13926	798.86
13927	798.87
13928	798.92
13929	798.87
13930	798.87
13931	798.87
13932	798.86
13933	798.86
13934	798.92
13935	798.86
13936	798.93
13937	798.85
13938	798.86
13939	798.92
13940	798.87
13941	798.86
13942	798.85
13943	798.93
13944	798.85
13945	798.92
13946	798.86
13947	798.85
13948	798.85
13949	798.92
13950	798.86
13951	798.85
13952	798.86
13953	798.86
13954	798.85
13955	798.85
13956	798.92
13957	798.84
13958	798.84
13959	798.91
13960	798.84
13961	798.84
13962	798.84
13963	798.85
13964	798.85
13965	798.84
13966	798.84
13967	798.84
13968	798.85
13969	798.91
13970	798.84
13971	798.84
13972	798.84
13973	798.9
13974	798.84
13975	798.84
13976	798.91
13977	798.84
13978	798.91
13979	798.83
13980	798.84
13981	798.9
13982	798.84
13983	798.84
13984	798.83
13985	798.9
13986	798.84
13987	798.85
13988	798.85
13989	798.86
13990	798.85
13991	798.93
13992	798.85
13993	798.85
13994	798.84
13995	798.84
13996	798.84
13997	798.84
13998	798.83
13999	798.84
14000	798.91
14001	798.84
14002	798.84
14003	798.84
14004	798.83
14005	798.83
14006	798.83
14007	798.83
14008	798.89
14009	798.84
14010	798.9
14011	798.84
14012	798.84
14013	798.91
14014	798.84
14015	798.85
14016	798.85
14017	798.85
14018	798.85
14019	798.84
14020	798.83
14021	798.83
14022	798.83
14023	798.83
14024	798.83
14025	798.82
14026	798.82
14027	798.82
14028	798.83
14029	798.84
14030	798.9
14031	798.84
14032	798.84
14033	798.85
14034	798.92
14035	798.84
14036	798.84
14037	798.84
14038	798.91
14039	798.84
14040	798.84
14041	798.84
14042	798.84
14043	798.83
14044	798.82
14045	798.89
14046	798.82
14047	798.82
14048	798.88
14049	798.83
14050	798.83
14051	798.84
14052	798.84
14053	798.84
14054	798.84
14055	798.82
14056	798.82
14057	798.89
14058	798.82
14059	798.82
14060	798.81
14061	798.88
14062	798.82
14063	798.89
14064	798.83
14065	798.83
14066	798.9
14067	798.82
14068	798.89
14069	798.82
14070	798.83
14071	798.82
14072	798.88
14073	798.81
14074	798.78
14075	798.79
14076	798.75
14077	798.75
14078	798.76
14079	798.76
14080	798.8
14081	798.76
14082	798.76
14083	798.76
14084	798.76
14085	798.79
14086	798.75
14087	798.79
14088	798.75
14089	798.79
14090	798.75
14091	798.75
14092	798.78
14093	798.75
14094	798.75
14095	798.75
14096	798.75
14097	798.79
14098	798.75
14099	798.75
14100	798.75
14101	798.75
14102	798.79
14103	798.75
14104	798.79
14105	798.75
14106	798.79
14107	798.74
14108	798.74
14109	798.74
14110	798.74
14111	798.73
14112	798.73
14113	798.76
14114	798.72
14115	798.72
14116	798.72
14117	798.72
14118	798.76
14119	798.71
14120	798.71
14121	798.71
14122	798.71
14123	798.72
14124	798.72
14125	798.71
14126	798.7
14127	798.75
14128	798.7
14129	798.69
14130	798.73
14131	798.69
14132	798.73
14133	798.69
14134	798.68
14135	798.72
14136	798.68
14137	798.68
14138	798.67
14139	798.66
14140	798.66
14141	798.65
14142	798.64
14143	798.63
14144	798.67
14145	798.61
14146	798.6
14147	798.59
14148	798.57
14149	798.56
14150	798.56
14151	798.55
14152	798.54
14153	798.54
14154	798.53
14155	798.51
14156	798.49
14157	798.46
14158	798.44
14159	798.42
14160	798.47
14161	798.4
14162	798.38
14163	798.43
14164	798.36
14165	798.34
14166	798.39
14167	798.32
14168	798.29
14169	798.34
14170	798.25
14171	798.3
14172	798.22
14173	798.26
14174	798.22
14175	798.23
14176	798.27
14177	798.3
14178	798.33
14179	798.38
14180	798.35
14181	798.39
14182	798.37
14183	798.41
14184	798.44
14185	798.45
14186	798.48
14187	798.5
14188	798.52
14189	798.54
14190	798.55
14191	798.56
14192	798.58
14193	798.59
14194	798.61
14195	798.62
14196	798.64
14197	798.65
14198	798.66
14199	798.69
14200	798.67
14201	798.7
14202	798.69
14203	798.72
14204	798.7
14205	798.71
14206	798.74
14207	798.71
14208	798.75
14209	798.72
14210	798.72
14211	798.72
14212	798.75
14213	798.74
14214	798.75
14215	798.75
14216	798.76
14217	798.77
14218	798.77
14219	798.78
14220	798.78
14221	798.79
14222	798.83
14223	798.79
14224	798.8
14225	798.83
14226	798.8
14227	798.84
14228	798.81
14229	798.82
14230	798.82
14231	798.83
14232	798.83
14233	798.84
14234	798.84
14235	798.84
14236	798.85
14237	798.88
14238	798.85
14239	798.85
14240	798.86
14241	798.89
14242	798.86
14243	798.87
14244	798.9
14245	798.87
14246	798.91
14247	798.87
14248	798.87
14249	798.87
14250	798.88
14251	798.88
14252	798.88
14253	798.89
14254	798.92
14255	798.89
14256	798.93
14257	798.9
14258	798.9
14259	798.94
14260	798.9
14261	798.94
14262	798.9
14263	798.9
14264	798.94
14265	798.91
14266	798.91
14267	798.95
14268	798.92
14269	798.92
14270	798.93
14271	798.94
14272	798.98
14273	798.96
14274	799.
14275	798.97
14276	798.99
14277	799.04
14278	799.
14279	799.01
14280	799.02
14281	799.08
14282	799.03
14283	799.05
14284	799.11
14285	799.05
14286	799.12
14287	799.07
14288	799.13
14289	799.08
14290	799.09
14291	799.11
14292	799.13
14293	799.14
14294	799.17
14295	799.19
14296	799.21
14297	799.25
14298	799.27
14299	799.29
14300	799.3
14301	799.32
14302	799.34
14303	799.38
14304	799.45
14305	799.42
14306	799.47
14307	799.48
14308	799.5
14309	799.52
14310	799.54
14311	799.58
14312	799.56
14313	799.58
14314	799.6
14315	799.61
14316	799.63
14317	799.67
14318	799.65
14319	799.66
14320	799.71
14321	799.68
14322	799.69
14323	799.69
14324	799.74
14325	799.7
14326	799.71
14327	799.73
14328	799.74
14329	799.75
14330	799.76
14331	799.76
14332	799.77
14333	799.78
14334	799.79
14335	799.79
14336	799.8
14337	799.8
14338	799.85
14339	799.81
14340	799.82
14341	799.86
14342	799.82
14343	799.87
14344	799.83
14345	799.87
14346	799.84
14347	799.86
14348	799.85
14349	799.87
14350	799.88
14351	799.92
14352	799.89
14353	799.9
14354	799.91
14355	799.92
14356	799.92
14357	799.98
14358	799.93
14359	799.94
14360	799.96
14361	800.
14362	799.96
14363	799.94
14364	799.93
14365	799.99
14366	799.91
14367	799.87
14368	799.81
14369	799.71
14370	799.59
14371	799.43
14372	799.61
14373	799.23
14374	798.99
14375	799.22
14376	798.71
14377	798.41
14378	798.13
14379	797.84
14380	797.54
14381	797.26
14382	797.01
14383	797.12
14384	796.8
14385	797.01
14386	796.57
14387	796.35
14388	796.15
14389	795.98
14390	795.81
14391	795.66
14392	795.79
14393	795.52
14394	795.41
14395	795.53
14396	795.29
14397	795.42
14398	795.18
14399	795.08
14400	794.99
14401	794.92
14402	794.84
14403	794.76
14404	794.69
14405	794.8
14406	794.64
14407	794.58
14408	794.68
14409	794.52
14410	794.46
14411	794.41
14412	794.36
14413	794.32
14414	794.27
14415	794.23
14416	794.33
14417	794.18
14418	794.13
14419	794.08
14420	794.03
14421	794.13
14422	793.99
14423	794.08
14424	793.95
14425	793.91
14426	793.87
14427	793.96
14428	793.84
14429	793.81
14430	793.77
14431	793.73
14432	793.65
14433	793.69
14434	793.62
14435	793.59
14436	793.55
14437	793.52
14438	793.49
14439	793.46
14440	793.43
14441	793.52
14442	793.41
14443	793.49
14444	793.39
14445	793.35
14446	793.32
14447	793.29
14448	793.27
14449	793.36
14450	793.24
14451	793.21
14452	793.18
14453	793.16
14454	793.14
14455	793.12
14456	793.09
14457	793.18
14458	793.05
14459	793.03
14460	793.01
14461	792.98
14462	792.96
14463	793.04
14464	792.94
14465	793.02
14466	792.92
14467	792.9
14468	792.87
14469	792.95
14470	792.86
14471	792.84
14472	792.82
14473	792.9
14474	792.8
14475	792.88
14476	792.78
14477	792.77
14478	792.75
14479	792.74
14480	792.73
14481	792.72
14482	792.81
14483	792.7
14484	792.67
14485	792.66
14486	792.65
14487	792.64
14488	792.61
14489	792.6
14490	792.6
14491	792.59
14492	792.67
14493	792.58
14494	792.67
14495	792.56
14496	792.55
14497	792.53
14498	792.52
14499	792.6
14500	792.5
14501	792.48
14502	792.56
14503	792.46
14504	792.44
14505	792.51
14506	792.43
14507	792.51
14508	792.42
14509	792.4
14510	792.37
14511	792.35
14512	792.34
14513	792.31
14514	792.42
14515	792.28
14516	792.37
14517	798.8
14518	798.74
14519	798.53
14520	798.6
14521	798.68
14522	798.72
14523	798.67
14524	798.62
14525	798.52
14526	798.6
14527	798.56
14528	799.57
14529	799.46
14530	799.98
14531	799.95
14532	798.76
14533	798.81
14534	799.25
14535	799.23
14536	799.28
14537	797.18
14538	800.44
14539	800.33
14540	800.33
14541	799.78
14542	799.04
14543	799.14
14544	799.04
14545	798.92
14546	798.96
14547	798.99
14548	799.
14549	799.68
14550	799.34
14551	799.78
14552	799.01
14553	798.93
14554	800.11
14555	799.79
14556	793.34
14557	793.38
14558	799.64
14559	799.66
14560	799.55
14561	799.84
14562	798.73
14563	798.76
14564	798.74
14565	798.79
14566	799.69
14567	798.79
14568	798.84
14569	799.04
14570	798.84
14571	798.81
14572	795.54
14573	795.67
14574	792.97
14575	794.22
14576	794.17
14577	793.39
14578	799.8
14579	799.8
14580	799.65
14581	799.09
14582	799.13
14583	792.75
14584	798.83
14585	799.27
14586	799.7
14587	799.75
14588	798.82
14589	799.08
14590	799.77
14591	799.89
14592	800.07
14593	798.75
14594	798.8
14595	799.64
14596	799.82
14597	799.82
14598	799.78
14599	799.36
14600	799.36
14601	798.79
14602	799.49
14603	799.
14604	794.01
14605	799.8
14606	799.08
14607	799.16
14608	798.73
14609	799.82
14610	799.84
14611	799.88
14612	799.83
14613	802.43
14614	798.96
14615	794.11
14616	799.48
14617	799.4
14618	799.37
14619	799.31
14620	799.3
14621	798.98
14622	800.47
14623	800.6
14624	799.76
14625	799.72
14626	799.22
14627	799.68
14628	799.63
14629	799.68
14630	793.52
14631	799.15
14632	794.7
14633	794.54
14634	799.23
14635	800.23
14636	798.95
14637	798.98
14638	800.33
14639	800.27
14640	800.32
14641	799.62
14642	799.81
14643	798.96
14644	799.03
14645	799.18
14646	799.7
14647	799.77
14648	799.5
14649	799.36
14650	799.63
14651	799.79
14652	793.22
14653	799.7
14654	799.76
14655	799.62
14656	799.02
14657	798.95
14658	792.96
14659	799.05
14660	798.91
14661	799.59
14662	799.75
14663	799.81
14664	799.19
14665	799.68
14666	799.61
14667	799.46
14668	799.34
14669	799.76
14670	799.78
14671	799.45
14672	799.35
14673	793.1
14674	798.62
14675	799.24
14676	799.15
14677	799.47
14678	796.35
14679	798.35
14680	798.38
14681	799.14
14682	799.3
14683	799.39
14684	799.57
14685	792.96
14686	799.65
14687	799.69
14688	801.38
14689	799.45
14690	799.54
14691	799.44
14692	800.13
14693	794.37
14694	798.92
14695	798.93
14696	799.51
14697	799.07
14698	799.
14699	799.56
14700	799.88
14701	800.05
14702	799.98
14703	799.98
14704	799.38
14705	799.36
14706	799.3
14707	799.26
14708	799.27
14709	799.19
14710	795.17
14711	799.
14712	799.06
14713	799.14
14714	798.66
14715	799.8
14716	799.74
14717	799.24
14718	799.18
14719	799.43
14720	799.42
14721	799.57
14722	799.05
14723	799.32
14724	799.25
14725	794.24
14726	793.11
14727	799.68
14728	799.75
14729	799.69
14730	799.68
14731	799.6
14732	799.24
14733	799.56
14734	799.77
14735	799.91
14736	799.92
14737	799.97
14738	800.5
14739	799.83
14740	798.94
14741	799.
14742	798.88
14743	799.53
14744	799.6
14745	793.78
14746	798.99
14747	799.03
14748	799.71
14749	799.64
14750	799.68
14751	799.56
14752	799.44
14753	799.39
14754	793.68
14755	798.86
14756	799.56
14757	799.39
14758	799.07
14759	799.14
14760	798.53
14761	798.87
14762	799.04
14763	800.59
14764	792.65
14765	799.6
14766	799.65
14767	799.64
14768	799.47
14769	799.78
14770	799.8
14771	800.66
14772	800.63
14773	799.68
14774	799.6
14775	799.79
14776	799.99
14777	799.2
14778	799.06
14779	799.13
14780	798.84
14781	798.83
14782	798.83
14783	798.83
14784	800.59
14785	799.54
14786	792.7
14787	798.81
14788	799.99
14789	800.05
14790	800.
14791	799.22
14792	799.85
14793	798.59
14794	799.66
14795	799.32
14796	799.29
14797	799.19
14798	799.99
14799	799.58
14800	793.73
14801	799.04
14802	798.91
14803	798.86
14804	793.82
14805	800.3
14806	798.76
14807	793.14
14808	799.14
14809	798.96
14810	800.39
14811	799.06
14812	798.97
14813	799.04
14814	793.84
14815	799.03
14816	799.18
14817	799.25
14818	799.17
14819	799.69
14820	799.71
14821	798.58
14822	799.61
14823	799.35
14824	799.65
14825	799.8
14826	799.75
14827	798.89
14828	792.58
14829	793.77
14830	793.67
14831	799.81
14832	799.75
14833	799.7
14834	799.25
14835	799.41
14836	801.04
14837	800.89
14838	798.75
14839	798.78
14840	799.05
14841	798.99
14842	801.21
14843	799.94
14844	798.95
14845	800.49
14846	799.15
14847	799.24
14848	799.15
14849	799.63
14850	799.58
14851	799.03
14852	798.87
14853	799.12
14854	799.18
14855	799.32
14856	799.08
14857	798.55
14858	798.58
14859	798.77
14860	798.88
14861	799.17
14862	799.26
14863	800.16
14864	799.34
14865	799.26
14866	799.4
14867	793.57
14868	799.46
14869	799.56
14870	799.61
14871	799.05
14872	799.36
14873	799.85
14874	799.02
14875	799.06
14876	799.6
14877	800.29
14878	800.25
14879	799.65
14880	799.68
14881	799.71
14882	799.08
14883	799.25
14884	800.5
14885	799.31
14886	799.25
14887	799.46
14888	802.
14889	794.42
14890	799.96
14891	793.33
14892	800.33
14893	800.33
14894	801.05
14895	799.04
14896	799.43
14897	799.21
14898	799.27
14899	799.48
14900	798.73
14901	798.97
14902	794.52
14903	799.47
14904	797.84
14905	799.31
14906	799.54
14907	799.89
14908	793.74
14909	799.07
14910	800.34
14911	799.46
14912	799.57
14913	799.51
14914	800.1
14915	799.3
14916	799.67
14917	799.06
14918	799.03
14919	799.34
14920	799.25
14921	798.9
14922	799.2
14923	799.19
14924	799.15
14925	799.47
14926	800.21
14927	799.25
14928	799.49
14929	799.44
14930	799.5
14931	799.43
14932	799.38
14933	799.33
14934	799.39
14935	799.33
14936	799.38
14937	799.28
14938	799.28
14939	799.27
14940	799.4
14941	799.5
14942	799.55
14943	799.45
14944	799.55
14945	799.45
14946	799.6
14947	799.65
14948	799.65
14949	799.7
14950	799.31
14951	799.36
14952	799.37
14953	799.42
14954	799.47
14955	799.48
14956	799.53
14957	799.58
14958	799.59
14959	799.64
14960	799.08
14961	799.04
14962	799.02
14963	798.99
14964	798.96
14965	798.94
14966	798.91
14967	800.44
14968	800.39
14969	800.38
14970	800.33
14971	800.28
14972	800.27
14973	800.22
14974	800.17
14975	800.16
14976	800.11
14977	800.07
14978	800.06
14979	800.01
14980	799.58
14981	799.52
14982	799.53
14983	799.47
14984	799.41
14985	799.42
14986	799.36
14987	799.29
14988	799.21
14989	800.12
14990	800.08
14991	800.06
14992	800.01
14993	799.97
14994	799.95
14995	799.9
14996	799.62
14997	799.57
14998	799.56
14999	799.61
15000	799.52
15001	799.51
15002	799.38
15003	799.31
15004	799.31
15005	799.24
15006	799.17
15007	799.17
15008	799.1
15009	799.13
15010	799.17
15011	799.18
15012	799.22
15013	799.27
15014	799.28
15015	799.32
15016	799.37
15017	799.38
15018	799.43
15019	799.47
15020	799.48
15021	799.53
15022	799.85
15023	799.8
15024	799.74
15025	799.68
15026	799.75
15027	799.69
15028	799.64
15029	794.2
15030	794.29
15031	794.25
15032	794.34
15033	794.43
15034	794.39
15035	794.49
15036	798.78
15037	798.81
15038	798.83
15039	798.87
15040	798.9
15041	798.93
15042	798.96
15043	794.
15044	793.91
15045	799.34
15046	799.83
15047	799.26
15048	799.35
15049	799.15
15050	799.13
15051	799.15
15052	799.21
15053	799.09
15054	799.35
15055	799.38
15056	799.36
15057	799.28
15058	793.35
15059	793.41
15060	793.49
15061	798.76
15062	799.32
15063	793.47
15064	793.38
15065	793.06
15066	799.38
15067	799.39
15068	799.
15069	799.16
15070	799.12
15071	799.1
15072	799.06
15073	800.31
15074	800.26
15075	800.25
15076	800.2
15077	800.15
15078	800.13
15079	800.09
15080	800.04
15081	800.02
15082	799.98
15083	799.92
15084	799.96
15085	799.99
15086	800.03
15087	800.08
15088	800.11
15089	800.15
15090	800.2
15091	800.23
15092	800.27
15093	799.19
15094	799.24
15095	799.24
15096	799.29
15097	799.34
15098	799.34
15099	799.39
15100	799.45
15101	799.45
15102	799.5
15103	799.55
15104	799.55
15105	799.6
15106	799.88
15107	799.93
15108	799.94
15109	799.99
15110	793.42
15111	793.51
15112	793.48
15113	793.58
15114	799.55
15115	799.63
15116	799.48
15117	799.63
15118	799.46
15119	799.71
15120	798.99
15121	799.03
15122	799.03
15123	799.07
15124	799.12
15125	799.13
15126	799.17
15127	799.22
15128	799.22
15129	799.27
15130	799.32
15131	799.32
15132	799.37
15133	793.22
15134	793.29
15135	793.28
15136	793.36
15137	799.39
15138	799.39
15139	799.39
15140	799.37
15141	800.61
15142	800.56
15143	800.56
15144	800.5
15145	800.45
15146	800.45
15147	800.4
15148	800.34
15149	800.34
15150	800.28
15151	800.23
15152	800.22
15153	800.17
15154	799.15
15155	799.24
15156	799.22
15157	799.31
15158	800.36
15159	800.48
15160	800.48
15161	800.62
15162	800.75
15163	800.77
15164	800.92
15165	801.05
15166	801.12
15167	801.27
15168	801.37
15169	801.54
15170	801.65
15171	798.28
15172	798.27
15173	798.33
15174	798.32
15175	798.31
15176	798.37
15177	798.35
15178	799.27
15179	799.34
15180	799.27
15181	799.41
15182	799.19
15183	799.26
15184	799.12
15185	799.19
15186	799.21
15187	799.13
15188	799.28
15189	799.2
15190	799.13
15191	799.28
15192	799.22
15193	799.99
15194	799.2
15195	799.14
15196	799.12
15197	799.07
15198	799.02
15199	798.99
15200	798.95
15201	793.43
15202	793.37
15203	793.35
15204	793.51
15205	793.49
15206	793.45
15207	793.4
15208	793.53
15209	793.48
15210	793.55
15211	793.47
15212	793.38
15213	793.41
15214	793.32
15215	793.24
15216	793.26
15217	793.18
15218	800.91
15219	800.91
15220	800.79
15221	800.78
15222	800.74
15223	800.66
15224	800.62
15225	800.57
15226	800.51
15227	800.45
15228	799.63
15229	799.55
15230	799.55
15231	799.47
15232	800.63
15233	800.57
15234	800.57
15235	800.52
15236	800.46
15237	800.46
15238	800.41
15239	800.35
15240	800.35
15241	800.3
15242	800.24
15243	800.24
15244	800.19
15245	799.21
15246	799.29
15247	799.24
15248	799.31
15249	799.14
15250	799.16
15251	799.05
15252	799.07
15253	800.26
15254	800.39
15255	800.35
15256	800.44
15257	799.01
15258	799.06
15259	799.05
15260	799.1
15261	799.16
15262	799.11
15263	799.15
15264	799.2
15265	799.25
15266	799.21
15267	799.25
15268	799.38
15269	799.3
15270	799.3
15271	799.21
15272	799.57
15273	799.49
15274	799.5
15275	799.42
15276	799.34
15277	799.35
15278	799.27
15279	799.2
15280	799.2
15281	799.13
15282	799.33
15283	799.39
15284	799.25
15285	799.31
15286	799.39
15287	799.25
15288	799.32
15289	799.4
15290	799.25
15291	799.33
15292	799.4
15293	799.27
15294	799.34
15295	799.13
15296	799.21
15297	799.2
15298	799.28
15299	799.35
15300	799.34
15301	799.41
15302	793.72
15303	793.64
15304	793.66
15305	793.57
15306	799.35
15307	799.4
15308	799.41
15309	799.3
15310	799.31
15311	799.35
15312	799.39
15313	799.29
15314	799.33
15315	797.91
15316	797.71
15317	797.66
15318	797.47
15319	797.31
15320	797.29
15321	797.15
15322	796.98
15323	797.02
15324	796.87
15325	799.21
15326	799.14
15327	799.28
15328	799.21
15329	794.38
15330	794.33
15331	794.29
15332	799.57
15333	799.52
15334	799.62
15335	799.56
15336	796.14
15337	796.25
15338	796.11
15339	796.21
15340	796.31
15341	796.17
15342	796.27
15343	800.15
15344	800.2
15345	800.21
15346	800.25
15347	800.3
15348	800.31
15349	800.35
15350	800.4
15351	800.41
15352	800.45
15353	800.49
15354	800.5
15355	800.54
15356	799.24
15357	799.3
15358	799.31
15359	799.38
15360	799.45
15361	799.45
15362	799.52
15363	792.48
15364	792.59
15365	792.54
15366	792.66
15367	792.78
15368	792.73
15369	792.85
15370	799.46
15371	799.53
15372	799.54
15373	799.6
15374	799.67
15375	799.68
15376	799.75
15377	799.9
15378	793.82
15379	799.43
15380	799.4
15381	799.47
15382	799.38
15383	799.32
15384	799.31
15385	799.52
15386	799.44
15387	799.45
15388	799.37
15389	799.29
15390	799.31
15391	794.28
15392	794.32
15393	794.19
15394	794.23
15395	794.28
15396	794.15
15397	794.19
15398	794.23
15399	794.1
15400	794.14
15401	794.2
15402	794.06
15403	794.11
15404	799.18
15405	799.11
15406	799.24
15407	799.17
15408	799.1
15409	799.23
15410	799.16
15411	799.1
15412	799.23
15413	799.18
15414	799.11
15415	799.25
15416	799.19
15417	799.18
15418	799.23
15419	799.1
15420	799.16
15421	793.38
15422	793.29
15423	793.3
15424	793.22
15425	793.13
15426	793.13
15427	793.05
15428	799.12
15429	799.17
15430	799.16
15431	799.22
15432	799.27
15433	799.26
15434	799.32
15435	799.38
15436	799.36
15437	799.42
15438	798.93
15439	798.98
15440	798.98
15441	799.03
15442	799.07
15443	799.08
15444	799.13
15445	799.18
15446	799.18
15447	799.23
15448	799.28
15449	799.29
15450	799.34
15451	795.23
15452	795.29
15453	799.81
15454	799.76
15455	799.76
15456	799.71
15457	799.66
15458	799.66
15459	799.61
15460	799.56
15461	799.56
15462	799.51
15463	799.46
15464	799.45
15465	799.4
15466	799.4
15467	799.38
15468	799.03
15469	798.84
