Node Number	Total Deformation (mm)
1	1.7033
2	1.7112
3	1.7041
4	1.705
5	1.7059
6	1.707
7	1.7081
8	1.7091
9	1.7101
10	1.1786
11	1.1818
12	1.1854
13	1.1893
14	1.1935
15	1.1978
16	1.2023
17	1.2068
18	1.2113
19	1.2159
20	1.2204
21	1.225
22	1.2295
23	1.2341
24	1.2386
25	1.2432
26	1.2477
27	1.2523
28	1.2568
29	1.2614
30	1.2659
31	1.2705
32	1.275
33	1.2796
34	1.2841
35	1.2886
36	1.2932
37	1.2977
38	1.3023
39	1.3068
40	1.3113
41	1.3159
42	1.3204
43	1.3249
44	1.3295
45	1.334
46	1.3386
47	1.3431
48	1.3476
49	1.3522
50	1.3567
51	1.3612
52	1.3658
53	1.3703
54	1.3748
55	1.3794
56	1.3839
57	1.3884
58	1.393
59	1.3975
60	1.402
61	1.4066
62	1.4111
63	1.4156
64	1.4202
65	1.4247
66	1.4292
67	1.4338
68	1.4383
69	1.4428
70	1.4474
71	1.4519
72	1.4564
73	1.461
74	1.4655
75	1.47
76	1.4746
77	1.4791
78	1.4836
79	1.4882
80	1.4927
81	1.4972
82	1.5018
83	1.5063
84	1.5108
85	1.5154
86	1.5199
87	1.5244
88	1.5289
89	1.5335
90	1.538
91	1.5425
92	1.5471
93	1.5516
94	1.5561
95	1.5606
96	1.5652
97	1.5697
98	1.5742
99	1.5788
100	1.5833
101	1.5878
102	1.5923
103	1.5969
104	1.6014
105	1.6059
106	1.6104
107	1.615
108	1.6195
109	1.624
110	1.6286
111	1.6331
112	1.6376
113	1.6421
114	1.6466
115	1.6512
116	1.6557
117	1.6602
118	1.6647
119	1.6692
120	1.6737
121	1.6783
122	1.6828
123	1.6873
124	1.6918
125	1.6963
126	1.7012
127	1.7062
128	1.0603
129	1.0617
130	1.0631
131	1.0646
132	1.0661
133	1.0677
134	1.0693
135	1.0709
136	1.0726
137	1.0743
138	1.0761
139	1.0779
140	1.0798
141	1.0817
142	1.0836
143	1.0856
144	1.0876
145	1.0896
146	1.0917
147	1.0938
148	1.0959
149	1.0981
150	1.1003
151	1.1026
152	1.1048
153	1.1071
154	1.1095
155	1.1118
156	1.1142
157	1.1166
158	1.1191
159	1.1215
160	1.124
161	1.1265
162	1.129
163	1.1316
164	1.1342
165	1.1368
166	1.1394
167	1.142
168	1.1446
169	1.1473
170	1.15
171	1.1527
172	1.1554
173	1.1581
174	1.1608
175	1.1635
176	1.1663
177	1.169
178	1.1721
179	1.1753
180	1.0085
181	1.0095
182	1.0107
183	1.0121
184	1.0136
185	1.0153
186	1.0172
187	1.0191
188	1.021
189	1.023
190	1.0251
191	1.0271
192	1.0292
193	1.0313
194	1.0333
195	1.0354
196	1.0376
197	1.0397
198	1.0418
199	1.044
200	1.0461
201	1.0483
202	1.0505
203	1.0526
204	1.0546
205	1.0565
206	1.0584
207	0.95276
208	1.0077
209	1.0068
210	1.006
211	1.0051
212	1.0043
213	1.0034
214	1.0026
215	1.0017
216	1.0009
217	1.0001
218	0.99922
219	0.99839
220	0.99757
221	0.99674
222	0.99592
223	0.9951
224	0.99429
225	0.99348
226	0.99267
227	0.99186
228	0.99106
229	0.99026
230	0.98947
231	0.98867
232	0.98788
233	0.9871
234	0.98632
235	0.98554
236	0.98476
237	0.98399
238	0.98322
239	0.98246
240	0.98169
241	0.98094
242	0.98018
243	0.97943
244	0.97869
245	0.97794
246	0.9772
247	0.97647
248	0.97574
249	0.97501
250	0.97429
251	0.97357
252	0.97286
253	0.97215
254	0.97145
255	0.97075
256	0.97005
257	0.96936
258	0.96867
259	0.96799
260	0.96732
261	0.96664
262	0.96598
263	0.96532
264	0.96466
265	0.96401
266	0.96337
267	0.96273
268	0.9621
269	0.96147
270	0.96085
271	0.96023
272	0.95962
273	0.95902
274	0.95842
275	0.95783
276	0.95724
277	0.95666
278	0.95609
279	0.95552
280	0.95496
281	0.9544
282	0.95385
283	0.9533
284	0.81691
285	0.81863
286	0.82036
287	0.82208
288	0.8238
289	0.82553
290	0.82726
291	0.82899
292	0.83072
293	0.83245
294	0.83418
295	0.83591
296	0.83765
297	0.83938
298	0.84112
299	0.84286
300	0.8446
301	0.84634
302	0.84808
303	0.84982
304	0.85157
305	0.85331
306	0.85506
307	0.85681
308	0.85856
309	0.8603
310	0.86205
311	0.86381
312	0.86556
313	0.86731
314	0.86907
315	0.87082
316	0.87258
317	0.87434
318	0.8761
319	0.87786
320	0.87962
321	0.88138
322	0.88314
323	0.8849
324	0.88667
325	0.88843
326	0.8902
327	0.89197
328	0.89374
329	0.89551
330	0.89728
331	0.89905
332	0.90082
333	0.90259
334	0.90437
335	0.90614
336	0.90792
337	0.9097
338	0.91148
339	0.91325
340	0.91503
341	0.91682
342	0.9186
343	0.92038
344	0.92217
345	0.92395
346	0.92574
347	0.92753
348	0.92932
349	0.93111
350	0.9329
351	0.9347
352	0.9365
353	0.93829
354	0.94009
355	0.9419
356	0.9437
357	0.94551
358	0.94732
359	0.94913
360	0.95094
361	0.43922
362	0.43925
363	0.43932
364	0.43944
365	0.43961
366	0.43982
367	0.44009
368	0.4404
369	0.44076
370	0.44116
371	0.44162
372	0.44212
373	0.44267
374	0.44326
375	0.4439
376	0.44459
377	0.44533
378	0.44611
379	0.44693
380	0.44781
381	0.44872
382	0.44969
383	0.45069
384	0.45175
385	0.45284
386	0.45398
387	0.45516
388	0.45639
389	0.45766
390	0.45897
391	0.46033
392	0.46172
393	0.46316
394	0.46464
395	0.46616
396	0.46771
397	0.46931
398	0.47095
399	0.47263
400	0.47434
401	0.4761
402	0.47789
403	0.47972
404	0.48158
405	0.48349
406	0.48542
407	0.4874
408	0.48941
409	0.49145
410	0.49353
411	0.49564
412	0.49779
413	0.49997
414	0.50218
415	0.50442
416	0.5067
417	0.509
418	0.51134
419	0.51371
420	0.51611
421	0.51854
422	0.52099
423	0.52348
424	0.52599
425	0.52854
426	0.53111
427	0.5337
428	0.53633
429	0.53898
430	0.54166
431	0.54436
432	0.54709
433	0.54984
434	0.55262
435	0.55542
436	0.55824
437	0.56109
438	0.56396
439	0.56686
440	0.56978
441	0.57271
442	0.57568
443	0.57866
444	0.58166
445	0.58468
446	0.58773
447	0.59079
448	0.59388
449	0.59698
450	0.6001
451	0.60325
452	0.60641
453	0.60959
454	0.61278
455	0.616
456	0.61923
457	0.62248
458	0.62574
459	0.62903
460	0.63232
461	0.63564
462	0.63897
463	0.64232
464	0.64568
465	0.64905
466	0.65244
467	0.65585
468	0.65927
469	0.6627
470	0.66615
471	0.66961
472	0.67309
473	0.67658
474	0.68008
475	0.68359
476	0.68712
477	0.69066
478	0.69421
479	0.69777
480	0.70134
481	0.70493
482	0.70853
483	0.71214
484	0.71575
485	0.71938
486	0.72302
487	0.72668
488	0.73034
489	0.73401
490	0.73769
491	0.74138
492	0.74508
493	0.74878
494	0.7525
495	0.75623
496	0.75996
497	0.76371
498	0.76746
499	0.77122
500	0.77499
501	0.77877
502	0.78255
503	0.78634
504	0.79014
505	0.79395
506	0.79775
507	0.80148
508	0.80499
509	0.80814
510	0.81076
511	0.81295
512	0.81493
513	0.39358
514	0.3989
515	0.4048
516	0.41107
517	0.4174
518	0.42353
519	0.42899
520	0.43411
521	0.79277
522	0.39361
523	0.39369
524	0.39382
525	0.39402
526	0.39426
527	0.39456
528	0.39491
529	0.39532
530	0.39578
531	0.39629
532	0.39686
533	0.39748
534	0.39816
535	0.39888
536	0.39966
537	0.40049
538	0.40138
539	0.40231
540	0.4033
541	0.40433
542	0.40542
543	0.40655
544	0.40774
545	0.40897
546	0.41026
547	0.41159
548	0.41296
549	0.41439
550	0.41586
551	0.41738
552	0.41895
553	0.42056
554	0.42221
555	0.42391
556	0.42565
557	0.42744
558	0.42927
559	0.43114
560	0.43305
561	0.435
562	0.43699
563	0.43903
564	0.4411
565	0.44321
566	0.44536
567	0.44755
568	0.44977
569	0.45203
570	0.45433
571	0.45666
572	0.45903
573	0.46143
574	0.46386
575	0.46633
576	0.46884
577	0.47137
578	0.47394
579	0.47653
580	0.47916
581	0.48182
582	0.48451
583	0.48723
584	0.48997
585	0.49275
586	0.49555
587	0.49838
588	0.50124
589	0.50412
590	0.50703
591	0.50996
592	0.51292
593	0.51591
594	0.51892
595	0.52195
596	0.52501
597	0.52809
598	0.53119
599	0.53431
600	0.53746
601	0.54063
602	0.54381
603	0.54702
604	0.55025
605	0.5535
606	0.55677
607	0.56006
608	0.56337
609	0.56669
610	0.57004
611	0.5734
612	0.57678
613	0.58017
614	0.58359
615	0.58702
616	0.59046
617	0.59392
618	0.5974
619	0.6009
620	0.6044
621	0.60793
622	0.61146
623	0.61502
624	0.61858
625	0.62216
626	0.62575
627	0.62936
628	0.63298
629	0.63661
630	0.64025
631	0.64391
632	0.64757
633	0.65125
634	0.65494
635	0.65865
636	0.66236
637	0.66608
638	0.66982
639	0.67356
640	0.67731
641	0.68108
642	0.68485
643	0.68863
644	0.69243
645	0.69623
646	0.70004
647	0.70386
648	0.70768
649	0.71152
650	0.71536
651	0.71921
652	0.72307
653	0.72694
654	0.73081
655	0.73469
656	0.73858
657	0.74248
658	0.74638
659	0.75029
660	0.7542
661	0.75813
662	0.76206
663	0.76599
664	0.76992
665	0.7738
666	0.77753
667	0.78097
668	0.78405
669	0.78664
670	0.78882
671	0.79079
672	0.91451
673	0.79454
674	0.79631
675	0.79808
676	0.79985
677	0.80162
678	0.8034
679	0.80517
680	0.80695
681	0.80873
682	0.81051
683	0.81229
684	0.81407
685	0.81585
686	0.81764
687	0.81942
688	0.82121
689	0.823
690	0.82479
691	0.82658
692	0.82837
693	0.83017
694	0.83196
695	0.83376
696	0.83556
697	0.83736
698	0.83916
699	0.84096
700	0.84276
701	0.84457
702	0.84637
703	0.84818
704	0.84999
705	0.8518
706	0.85362
707	0.85543
708	0.85725
709	0.85906
710	0.86088
711	0.8627
712	0.86453
713	0.86635
714	0.86818
715	0.87
716	0.87183
717	0.87366
718	0.8755
719	0.87733
720	0.87917
721	0.88101
722	0.88285
723	0.88469
724	0.88654
725	0.88838
726	0.89023
727	0.89208
728	0.89394
729	0.89579
730	0.89765
731	0.89951
732	0.90137
733	0.90323
734	0.9051
735	0.90697
736	0.90884
737	0.91072
738	0.9126
739	0.96718
740	0.96629
741	0.9654
742	0.96451
743	0.96363
744	0.96275
745	0.96187
746	0.96099
747	0.96012
748	0.95925
749	0.95838
750	0.95752
751	0.95665
752	0.9558
753	0.95494
754	0.95409
755	0.95324
756	0.95239
757	0.95154
758	0.9507
759	0.94986
760	0.94903
761	0.94819
762	0.94736
763	0.94654
764	0.94571
765	0.94489
766	0.94408
767	0.94326
768	0.94245
769	0.94164
770	0.94084
771	0.94004
772	0.93924
773	0.93845
774	0.93766
775	0.93687
776	0.93609
777	0.93531
778	0.93453
779	0.93376
780	0.93299
781	0.93223
782	0.93147
783	0.93071
784	0.92996
785	0.92922
786	0.92847
787	0.92773
788	0.927
789	0.92627
790	0.92554
791	0.92482
792	0.9241
793	0.92339
794	0.92268
795	0.92198
796	0.92128
797	0.92059
798	0.9199
799	0.91921
800	0.91853
801	0.91786
802	0.91719
803	0.91652
804	0.91585
805	0.91518
806	1.0206
807	1.0189
808	1.0171
809	1.0152
810	1.0131
811	1.0109
812	1.0087
813	1.0065
814	1.0043
815	1.0021
816	0.99991
817	0.99772
818	0.99554
819	0.99337
820	0.99121
821	0.98907
822	0.98694
823	0.98482
824	0.98271
825	0.98062
826	0.97854
827	0.97649
828	0.97454
829	0.97273
830	0.97113
831	0.96974
832	0.96846
833	1.1735
834	1.022
835	1.0234
836	1.0249
837	1.0264
838	1.028
839	1.0296
840	1.0312
841	1.0329
842	1.0346
843	1.0363
844	1.0381
845	1.0399
846	1.0417
847	1.0436
848	1.0455
849	1.0474
850	1.0493
851	1.0513
852	1.0533
853	1.0554
854	1.0574
855	1.0595
856	1.0617
857	1.0638
858	1.066
859	1.0682
860	1.0704
861	1.0727
862	1.0749
863	1.0772
864	1.0796
865	1.0819
866	1.0843
867	1.0867
868	1.0891
869	1.0915
870	1.0939
871	1.0964
872	1.0989
873	1.1014
874	1.1039
875	1.1065
876	1.109
877	1.1116
878	1.1142
879	1.1168
880	1.1194
881	1.122
882	1.1246
883	1.1273
884	1.1299
885	1.1326
886	1.1353
887	1.138
888	1.1407
889	1.1434
890	1.1461
891	1.1488
892	1.1515
893	1.1543
894	1.157
895	1.1597
896	1.1625
897	1.1652
898	1.168
899	1.1708
900	1.1836
901	1.176
902	1.1786
903	1.1811
904	1.1868
905	1.1904
906	1.1942
907	1.1983
908	1.2026
909	1.207
910	1.2115
911	1.216
912	1.2205
913	1.225
914	1.2295
915	1.2341
916	1.2386
917	1.2432
918	1.2477
919	1.2522
920	1.2568
921	1.2613
922	1.2658
923	1.2704
924	1.2749
925	1.2795
926	1.284
927	1.2885
928	1.2931
929	1.2976
930	1.3022
931	1.3067
932	1.3112
933	1.3158
934	1.3203
935	1.3248
936	1.3294
937	1.3339
938	1.3384
939	1.343
940	1.3475
941	1.352
942	1.3566
943	1.3611
944	1.3656
945	1.3701
946	1.3747
947	1.3792
948	1.3837
949	1.3883
950	1.3928
951	1.3973
952	1.4018
953	1.4064
954	1.4109
955	1.4154
956	1.4199
957	1.4245
958	1.429
959	1.4335
960	1.438
961	1.4426
962	1.4471
963	1.4516
964	1.4561
965	1.4606
966	1.4652
967	1.4697
968	1.4742
969	1.4787
970	1.4832
971	1.4878
972	1.4923
973	1.4968
974	1.5013
975	1.5058
976	1.5104
977	1.5149
978	1.5194
979	1.5239
980	1.5284
981	1.533
982	1.5375
983	1.542
984	1.5465
985	1.551
986	1.5556
987	1.5601
988	1.5646
989	1.5691
990	1.5737
991	1.5782
992	1.5827
993	1.5872
994	1.5917
995	1.5963
996	1.6008
997	1.6053
998	1.6098
999	1.6143
1000	1.6189
1001	1.6234
1002	1.6279
1003	1.6324
1004	1.6369
1005	1.6415
1006	1.646
1007	1.6505
1008	1.655
1009	1.6596
1010	1.6641
1011	1.6686
1012	1.6731
1013	1.6777
1014	1.6822
1015	1.6867
1016	1.691
1017	1.6952
1018	1.6993
1019	0.94565
1020	1.0246
1021	0.86073
1022	0.85718
1023	0.8544
1024	0.9582
1025	0.94827
1026	0.97651
1027	0.94459
1028	0.98419
1029	0.9825
1030	0.97962
1031	0.98093
1032	0.95507
1033	0.94974
1034	0.94946
1035	0.948
1036	0.89947
1037	0.90348
1038	0.84
1039	0.82671
1040	0.82329
1041	0.81958
1042	0.83653
1043	0.83333
1044	0.84336
1045	0.85624
1046	0.8651
1047	0.87218
1048	0.87676
1049	0.89277
1050	0.94403
1051	0.94266
1052	0.9468
1053	0.94371
1054	0.95146
1055	0.95921
1056	0.95576
1057	0.96764
1058	0.97197
1059	0.97587
1060	0.86331
1061	0.86559
1062	0.79871
1063	0.80321
1064	0.80623
1065	0.96186
1066	0.96286
1067	0.86715
1068	0.87
1069	0.85765
1070	0.85753
1071	0.94082
1072	0.93754
1073	0.96348
1074	0.95617
1075	0.89744
1076	0.90833
1077	0.87897
1078	0.89432
1079	0.86103
1080	0.8382
1081	0.91231
1082	0.80471
1083	0.83846
1084	0.86757
1085	0.89467
1086	0.95267
1087	1.081
1088	1.0739
1089	0.98776
1090	0.948
1091	0.8748
1092	0.9731
1093	0.98515
1094	0.98677
1095	0.98285
1096	0.98067
1097	0.97894
1098	0.97443
1099	0.97539
1100	0.97094
1101	0.97264
1102	0.95862
1103	0.95492
1104	0.9524
1105	0.94708
1106	0.95073
1107	0.90086
1108	0.88128
1109	0.84765
1110	0.85092
1111	0.84446
1112	0.83489
1113	0.82881
1114	0.80781
1115	0.81332
1116	0.80583
1117	0.81003
1118	0.81765
1119	0.82146
1120	0.82493
1121	0.83493
1122	0.83156
1123	0.84579
1124	0.84199
1125	0.8489
1126	0.85536
1127	0.8526
1128	0.85808
1129	0.86761
1130	0.86977
1131	0.89249
1132	0.89528
1133	0.93576
1134	0.93924
1135	0.94295
1136	0.94757
1137	0.95627
1138	0.95197
1139	0.95247
1140	0.95817
1141	0.95714
1142	0.96535
1143	0.96415
1144	0.9722
1145	0.97239
1146	0.98072
1147	0.98362
1148	1.0452
1149	1.0518
1150	1.0499
1151	1.0582
1152	1.0605
1153	1.0712
1154	1.0913
1155	1.1011
1156	1.1038
1157	1.1296
1158	1.1367
1159	1.1331
1160	1.1406
1161	1.1489
1162	1.1565
1163	1.1529
1164	1.1698
1165	1.1666
1166	1.1804
1167	0.94414
1168	0.8058
1169	1.0766
1170	0.85803
1171	0.82321
1172	1.141
1173	0.95939
1174	0.8013
1175	0.80031
1176	0.80245
1177	0.93819
1178	1.0505
1179	1.0796
1180	1.1121
1181	1.1061
1182	1.0834
1183	1.0933
1184	1.0714
1185	1.08
1186	0.87485
1187	0.94878
1188	1.1186
1189	0.96541
1190	0.96712
1191	0.92136
1192	0.89893
1193	0.87634
1194	0.87296
1195	0.86073
1196	0.82177
1197	0.8793
1198	0.94115
1199	1.0703
1200	0.93423
1201	1.1844
1202	1.1887
1203	1.167
1204	1.1703
1205	1.1528
1206	1.1568
1207	1.145
1208	1.1339
1209	1.1375
1210	1.1154
1211	1.0616
1212	1.0532
1213	0.99197
1214	0.98832
1215	0.99021
1216	0.98604
1217	0.98363
1218	0.98212
1219	0.97784
1220	0.97621
1221	0.97686
1222	0.97409
1223	0.9709
1224	0.96987
1225	0.96077
1226	0.95711
1227	0.95883
1228	0.95429
1229	0.95519
1230	0.95323
1231	0.91641
1232	0.90217
1233	0.88806
1234	0.88361
1235	0.88577
1236	0.85381
1237	0.85591
1238	0.84855
1239	0.84572
1240	0.83985
1241	0.8368
1242	0.83093
1243	0.81191
1244	0.81702
1245	0.91558
1246	0.79672
1247	0.8016
1248	0.80601
1249	0.8122
1250	0.81729
1251	0.82008
1252	0.82669
1253	0.83317
1254	0.82979
1255	0.84455
1256	0.8402
1257	0.84888
1258	0.85422
1259	0.85206
1260	0.86554
1261	0.86344
1262	0.87207
1263	0.88487
1264	0.88208
1265	0.89062
1266	0.88778
1267	0.89332
1268	0.90135
1269	0.90398
1270	0.91443
1271	0.92949
1272	0.93226
1273	0.93339
1274	0.93338
1275	0.93163
1276	0.93597
1277	0.93484
1278	0.93942
1279	0.93834
1280	0.94429
1281	0.95282
1282	0.94961
1283	0.9548
1284	0.95371
1285	0.96185
1286	0.96075
1287	0.96971
1288	0.96888
1289	0.96854
1290	0.97069
1291	0.97311
1292	0.97199
1293	0.99123
1294	0.99204
1295	1.0378
1296	1.0406
1297	1.0481
1298	1.0464
1299	1.0549
1300	1.0527
1301	1.0573
1302	1.0892
1303	1.0991
1304	1.1021
1305	1.1158
1306	1.1284
1307	1.1352
1308	1.1318
1309	1.1413
1310	1.1382
1311	1.1486
1312	1.1562
1313	1.1528
1314	1.1694
1315	1.1799
1316	0.95185
1317	0.94775
1318	0.94937
1319	0.94708
1320	0.94513
1321	1.1032
1322	1.0773
1323	0.96385
1324	0.94893
1325	1.0754
1326	1.4479
1327	1.3718
1328	1.0988
1329	1.086
1330	1.0363
1331	1.0316
1332	1.0102
1333	0.99459
1334	0.99133
1335	0.97629
1336	0.96628
1337	0.91249
1338	0.89595
1339	0.87763
1340	0.87006
1341	0.87708
1342	0.86015
1343	0.86643
1344	0.82022
1345	0.82779
1346	0.80457
1347	0.91832
1348	0.92745
1349	0.42692
1350	0.46067
1351	0.46763
1352	0.53009
1353	0.60532
1354	0.94246
1355	0.94463
1356	0.95726
1357	0.95661
1358	1.0278
1359	1.0722
1360	1.1479
1361	1.1841
1362	1.2206
1363	1.4381
1364	1.5449
1365	0.94308
1366	0.9328
1367	1.1064
1368	1.6692
1369	1.6741
1370	1.6588
1371	1.664
1372	1.6483
1373	1.6535
1374	1.6085
1375	1.6133
1376	1.5984
1377	1.6037
1378	1.5734
1379	1.5786
1380	1.5681
1381	1.5486
1382	1.5534
1383	1.5441
1384	1.512
1385	1.5036
1386	1.4648
1387	1.4599
1388	1.4443
1389	1.4335
1390	1.4387
1391	1.4232
1392	1.4283
1393	1.4182
1394	1.3897
1395	1.3853
1396	1.3628
1397	1.3533
1398	1.3581
1399	1.338
1400	1.3081
1401	1.313
1402	1.3038
1403	1.2956
1404	1.2811
1405	1.2767
1406	1.2625
1407	1.2487
1408	1.2436
1409	1.2136
1410	1.2018
1411	1.1894
1412	1.1709
1413	1.1641
1414	1.1606
1415	1.1567
1416	1.1418
1417	1.1491
1418	1.1454
1419	1.1383
1420	1.1318
1421	1.123
1422	1.1172
1423	1.1054
1424	1.1019
1425	1.0927
1426	1.0956
1427	1.0897
1428	1.08
1429	1.0774
1430	1.0668
1431	1.0648
1432	1.0548
1433	1.0586
1434	1.0567
1435	1.0466
1436	1.0427
1437	1.0432
1438	1.0395
1439	1.0403
1440	1.0508
1441	1.0334
1442	1.0377
1443	1.0237
1444	1.0278
1445	1.0163
1446	1.0191
1447	1.0127
1448	1.0146
1449	0.99723
1450	0.99649
1451	0.99865
1452	0.99586
1453	0.9949
1454	0.99534
1455	0.99109
1456	0.99243
1457	0.98919
1458	0.99367
1459	0.9865
1460	0.9811
1461	0.98212
1462	0.97941
1463	0.9801
1464	0.9772
1465	0.97837
1466	0.97403
1467	0.97517
1468	0.97321
1469	0.96967
1470	0.96881
1471	0.96712
1472	0.96803
1473	0.96623
1474	0.96397
1475	0.96495
1476	0.96283
1477	0.96239
1478	0.95833
1479	0.95928
1480	0.95794
1481	0.9578
1482	0.95597
1483	0.92448
1484	0.91229
1485	0.90875
1486	0.90611
1487	0.90046
1488	0.89472
1489	0.8923
1490	0.88586
1491	0.88784
1492	0.87447
1493	0.87015
1494	0.86985
1495	0.86051
1496	0.8545
1497	0.85667
1498	0.84975
1499	0.8522
1500	0.84423
1501	0.84718
1502	0.83919
1503	0.84157
1504	0.83268
1505	0.81656
1506	0.81242
1507	0.80783
1508	0.8106
1509	0.80024
1510	0.79007
1511	0.78592
1512	0.78184
1513	0.7687
1514	0.75018
1515	0.72587
1516	0.73057
1517	0.72362
1518	0.71462
1519	0.71931
1520	0.71043
1521	0.69714
1522	0.6936
1523	0.67454
1524	0.66875
1525	0.67147
1526	0.6652
1527	0.6577
1528	0.66157
1529	0.65404
1530	0.64236
1531	0.63839
1532	0.61998
1533	0.61282
1534	0.61716
1535	0.60265
1536	0.60639
1537	0.59547
1538	0.59926
1539	0.59177
1540	0.59505
1541	0.57314
1542	0.56965
1543	0.56278
1544	0.54809
1545	0.54029
1546	0.5355
1547	0.52928
1548	0.53252
1549	0.50772
1550	0.50473
1551	0.50031
1552	0.48259
1553	0.46978
1554	0.47208
1555	0.46511
1556	0.46738
1557	0.46309
1558	0.45864
1559	0.45172
1560	0.45295
1561	0.44652
1562	0.4419
1563	0.44372
1564	0.434
1565	0.43501
1566	0.43326
1567	0.43052
1568	0.43228
1569	0.41861
1570	0.92202
1571	0.92186
1572	0.41793
1573	0.41957
1574	0.42718
1575	0.42542
1576	0.4261
1577	0.42993
1578	0.42696
1579	0.43707
1580	0.43545
1581	0.44034
1582	0.43877
1583	0.44415
1584	0.44199
1585	0.44724
1586	0.44538
1587	0.44893
1588	0.46279
1589	0.45905
1590	0.46534
1591	0.47854
1592	0.47628
1593	0.48379
1594	0.48946
1595	0.49683
1596	0.50102
1597	0.5067
1598	0.50389
1599	0.5277
1600	0.52481
1601	0.53493
1602	0.53175
1603	0.54363
1604	0.53992
1605	0.55174
1606	0.55625
1607	0.56275
1608	0.55933
1609	0.57013
1610	0.56634
1611	0.59533
1612	0.59196
1613	0.61481
1614	0.60785
1615	0.62296
1616	0.6395
1617	0.65041
1618	0.66167
1619	0.65795
1620	0.66515
1621	0.68188
1622	0.68965
1623	0.68586
1624	0.70509
1625	0.71042
1626	0.71622
1627	0.73886
1628	0.74704
1629	0.75572
1630	0.75115
1631	0.76101
1632	0.76544
1633	0.7819
1634	0.77774
1635	0.7901
1636	0.78587
1637	0.79601
1638	0.799
1639	0.79766
1640	0.80516
1641	0.80276
1642	0.8106
1643	0.81565
1644	0.81983
1645	0.81768
1646	0.82513
1647	0.8312
1648	0.8371
1649	0.84168
1650	0.83936
1651	0.84803
1652	0.84569
1653	0.85272
1654	0.85052
1655	0.8549
1656	0.86389
1657	0.86156
1658	0.8701
1659	0.86749
1660	0.87797
1661	0.87547
1662	0.88324
1663	0.88053
1664	0.88892
1665	0.88629
1666	0.89137
1667	0.8998
1668	0.9042
1669	0.90848
1670	0.91094
1671	0.91694
1672	0.91359
1673	0.92255
1674	0.91992
1675	0.92646
1676	0.92473
1677	0.929
1678	0.92814
1679	0.92959
1680	0.93095
1681	0.92958
1682	0.93305
1683	0.93211
1684	0.93469
1685	0.93609
1686	0.93521
1687	0.93781
1688	0.93692
1689	0.9391
1690	0.94132
1691	0.94543
1692	0.94652
1693	0.9492
1694	0.95157
1695	0.95057
1696	0.95282
1697	0.95843
1698	0.9575
1699	0.96236
1700	0.96403
1701	0.96332
1702	0.96685
1703	0.96575
1704	0.96792
1705	0.97006
1706	0.96898
1707	0.97121
1708	0.97084
1709	0.97897
1710	0.98256
1711	0.99049
1712	0.98842
1713	0.99359
1714	1.0077
1715	1.0026
1716	1.0117
1717	1.0097
1718	1.0187
1719	1.0142
1720	1.03
1721	1.0323
1722	1.0356
1723	1.0318
1724	1.0367
1725	1.0452
1726	1.0432
1727	1.0473
1728	1.0495
1729	1.0562
1730	1.054
1731	1.0593
1732	1.062
1733	1.0685
1734	1.0669
1735	1.0695
1736	1.0727
1737	1.0861
1738	1.0971
1739	1.1032
1740	1.1173
1741	1.114
1742	1.1338
1743	1.1405
1744	1.1554
1745	1.1517
1746	1.169
1747	1.1794
1748	1.193
1749	1.1883
1750	1.2021
1751	1.1974
1752	1.2142
1753	1.208
1754	1.2331
1755	1.2265
1756	1.25
1757	1.245
1758	1.263
1759	1.2721
1760	1.2671
1761	1.2908
1762	1.3178
1763	1.333
1764	1.3279
1765	1.3485
1766	1.3583
1767	1.3533
1768	1.3718
1769	1.3631
1770	1.3858
1771	1.3905
1772	1.4188
1773	1.4282
1774	1.4233
1775	1.4332
1776	1.4428
1777	1.4611
1778	1.456
1779	1.4699
1780	1.4821
1781	1.4881
1782	1.5091
1783	1.5047
1784	1.5492
1785	1.5691
1786	1.5744
1787	0.95396
1788	0.95447
1789	0.95081
1790	0.95204
1791	0.94948
1792	0.94998
1793	0.94728
1794	1.6184
1795	1.6108
1796	1.6231
1797	1.6331
1798	1.6282
1799	1.6432
1800	1.6382
1801	1.6649
1802	1.6597
1803	1.6791
1804	1.6702
1805	0.92761
1806	0.92578
1807	0.93752
1808	0.94064
1809	0.94517
1810	1.0227
1811	0.99614
1812	0.93054
1813	0.7996
1814	0.84301
1815	1.021
1816	1.0884
1817	1.1104
1818	1.1269
1819	1.1833
1820	1.5981
1821	0.92425
1822	0.94188
1823	1.3628
1824	1.6804
1825	1.6897
1826	0.93576
1827	0.93933
1828	0.92904
1829	1.6712
1830	1.6662
1831	1.6611
1832	1.6563
1833	1.6518
1834	1.6487
1835	1.6429
1836	1.6378
1837	1.6326
1838	1.6276
1839	1.6223
1840	1.6171
1841	0.94951
1842	0.9514
1843	0.95177
1844	0.95249
1845	0.95299
1846	0.95368
1847	0.95468
1848	0.95596
1849	1.6008
1850	1.5962
1851	1.5916
1852	1.5786
1853	1.5737
1854	1.5685
1855	1.5631
1856	1.5583
1857	1.5495
1858	1.545
1859	1.5405
1860	1.5359
1861	1.5313
1862	1.5267
1863	1.5224
1864	1.5097
1865	1.5052
1866	1.5005
1867	1.4841
1868	1.4789
1869	1.4655
1870	1.4607
1871	1.456
1872	1.4514
1873	1.4466
1874	1.4421
1875	1.4375
1876	1.4237
1877	1.4189
1878	1.4141
1879	1.4005
1880	1.3911
1881	1.3864
1882	1.3766
1883	1.3722
1884	1.3678
1885	1.3526
1886	1.3476
1887	1.3425
1888	1.3376
1889	1.3327
1890	1.3279
1891	1.3228
1892	1.2996
1893	1.2953
1894	1.2907
1895	1.286
1896	1.2742
1897	1.2688
1898	1.2641
1899	1.2502
1900	1.2453
1901	1.2394
1902	1.2276
1903	1.2224
1904	1.2178
1905	1.2081
1906	1.2026
1907	1.1977
1908	1.1929
1909	1.1876
1910	1.1849
1911	1.1818
1912	1.1718
1913	1.162
1914	1.1584
1915	1.1548
1916	1.151
1917	1.1466
1918	1.143
1919	1.1393
1920	1.1288
1921	1.125
1922	1.1219
1923	1.1188
1924	1.1158
1925	1.1126
1926	1.1093
1927	1.1056
1928	1.1031
1929	1.1007
1930	1.0952
1931	1.0864
1932	1.084
1933	1.0766
1934	1.0741
1935	1.0721
1936	1.0668
1937	1.0654
1938	1.0637
1939	1.0592
1940	1.0568
1941	1.0544
1942	1.0524
1943	1.0507
1944	1.0486
1945	1.0466
1946	1.0444
1947	1.0423
1948	1.0402
1949	1.0379
1950	1.0356
1951	1.0344
1952	1.0295
1953	1.0277
1954	1.0203
1955	1.0159
1956	1.0163
1957	1.0138
1958	1.0108
1959	1.0087
1960	1.0067
1961	1.0049
1962	1.0028
1963	1.0004
1964	0.99809
1965	0.99196
1966	0.98947
1967	0.98672
1968	0.98325
1969	0.96978
1970	0.97278
1971	0.97113
1972	0.9687
1973	0.9673
1974	0.96599
1975	0.96522
1976	0.96416
1977	0.9628
1978	0.96219
1979	0.96085
1980	0.95936
1981	0.9561
1982	0.95415
1983	0.95359
1984	0.95268
1985	0.9515
1986	0.94982
1987	0.94837
1988	0.94572
1989	0.944
1990	0.94313
1991	0.9426
1992	0.94153
1993	0.94008
1994	0.93931
1995	0.93848
1996	0.93739
1997	0.93643
1998	0.93546
1999	0.93475
2000	0.93413
2001	0.9333
2002	0.93218
2003	0.93075
2004	0.92997
2005	0.92936
2006	0.9284
2007	0.92735
2008	0.92632
2009	0.92599
2010	0.92626
2011	0.92582
2012	0.92491
2013	0.92367
2014	0.92219
2015	0.92034
2016	0.91813
2017	0.91572
2018	0.91338
2019	0.91144
2020	0.90949
2021	0.90729
2022	0.90504
2023	0.8983
2024	0.89612
2025	0.88964
2026	0.8874
2027	0.88515
2028	0.88296
2029	0.87868
2030	0.87647
2031	0.87431
2032	0.87241
2033	0.86917
2034	0.86668
2035	0.86429
2036	0.86186
2037	0.86097
2038	0.85314
2039	0.85112
2040	0.84674
2041	0.84425
2042	0.84185
2043	0.84082
2044	0.83934
2045	0.83742
2046	0.83529
2047	0.83304
2048	0.83077
2049	0.82868
2050	0.8261
2051	0.82325
2052	0.8209
2053	0.81844
2054	0.8161
2055	0.81164
2056	0.80921
2057	0.80375
2058	0.80143
2059	0.79686
2060	0.79573
2061	0.79409
2062	0.78956
2063	0.78712
2064	0.78273
2065	0.77859
2066	0.77457
2067	0.77026
2068	0.76621
2069	0.76237
2070	0.75441
2071	0.75069
2072	0.74698
2073	0.74351
2074	0.73541
2075	0.73023
2076	0.72647
2077	0.722
2078	0.71689
2079	0.71314
2080	0.70904
2081	0.70559
2082	0.70226
2083	0.68553
2084	0.68162
2085	0.67767
2086	0.67387
2087	0.66124
2088	0.65767
2089	0.65369
2090	0.65007
2091	0.64695
2092	0.63654
2093	0.63283
2094	0.62672
2095	0.6233
2096	0.61937
2097	0.61631
2098	0.61045
2099	0.60414
2100	0.60729
2101	0.60121
2102	0.59817
2103	0.59482
2104	0.59136
2105	0.58795
2106	0.58415
2107	0.58082
2108	0.57748
2109	0.57423
2110	0.57058
2111	0.56308
2112	0.55858
2113	0.55511
2114	0.55192
2115	0.54991
2116	0.54263
2117	0.53949
2118	0.53591
2119	0.53196
2120	0.52774
2121	0.52541
2122	0.52301
2123	0.51733
2124	0.51452
2125	0.50866
2126	0.50242
2127	0.49953
2128	0.49687
2129	0.4949
2130	0.49269
2131	0.48497
2132	0.48211
2133	0.47955
2134	0.47691
2135	0.47429
2136	0.4719
2137	0.46957
2138	0.46336
2139	0.46138
2140	0.45895
2141	0.45696
2142	0.45482
2143	0.45277
2144	0.4503
2145	0.4488
2146	0.44703
2147	0.44457
2148	0.44273
2149	0.44049
2150	0.43924
2151	0.43721
2152	0.43546
2153	0.43221
2154	0.43065
2155	0.42922
2156	0.42559
2157	0.42161
2158	0.42164
2159	0.42036
2160	0.42081
2161	0.41932
2162	0.41864
2163	0.41748
2164	0.41578
2165	0.4136
2166	0.4135
2167	0.41274
2168	0.41229
2169	0.41217
2170	0.41191
2171	0.41208
2172	0.9241
2173	0.92759
2174	0.42436
2175	0.42392
2176	0.42491
2177	0.42482
2178	0.42539
2179	0.4261
2180	0.42743
2181	0.42746
2182	0.43049
2183	0.43093
2184	0.43538
2185	0.43798
2186	0.43875
2187	0.44661
2188	0.44891
2189	0.45007
2190	0.45146
2191	0.45674
2192	0.4583
2193	0.46354
2194	0.46543
2195	0.46771
2196	0.47194
2197	0.47414
2198	0.47673
2199	0.48259
2200	0.48688
2201	0.49714
2202	0.49988
2203	0.50177
2204	0.50437
2205	0.5116
2206	0.51521
2207	0.53334
2208	0.5373
2209	0.5401
2210	0.54361
2211	0.54673
2212	0.55227
2213	0.55538
2214	0.56158
2215	0.56624
2216	0.56998
2217	0.57348
2218	0.57693
2219	0.5882
2220	0.5992
2221	0.60278
2222	0.60634
2223	0.6107
2224	0.61381
2225	0.61713
2226	0.62066
2227	0.62692
2228	0.63055
2229	0.64184
2230	0.64562
2231	0.65709
2232	0.66093
2233	0.6656
2234	0.66876
2235	0.67228
2236	0.67568
2237	0.67898
2238	0.68623
2239	0.69388
2240	0.69757
2241	0.70124
2242	0.70894
2243	0.71356
2244	0.71795
2245	0.7232
2246	0.72677
2247	0.72915
2248	0.73394
2249	0.74736
2250	0.75331
2251	0.76188
2252	0.77306
2253	0.78492
2254	0.789
2255	0.79297
2256	0.80147
2257	0.80564
2258	0.81186
2259	0.81305
2260	0.81476
2261	0.81672
2262	0.81851
2263	0.82083
2264	0.82263
2265	0.82449
2266	0.82639
2267	0.82838
2268	0.82986
2269	0.83446
2270	0.83642
2271	0.84013
2272	0.84163
2273	0.84339
2274	0.84549
2275	0.84944
2276	0.8514
2277	0.85352
2278	0.85566
2279	0.86846
2280	0.85973
2281	0.86338
2282	0.86467
2283	0.86918
2284	0.87029
2285	0.87159
2286	0.87212
2287	0.87408
2288	0.87619
2289	0.8784
2290	0.88217
2291	0.88392
2292	0.88578
2293	0.88805
2294	0.89195
2295	0.89401
2296	0.89621
2297	0.9052
2298	0.90908
2299	0.91085
2300	0.91405
2301	0.9174
2302	0.91888
2303	0.92055
2304	0.92513
2305	0.93233
2306	0.93525
2307	0.94416
2308	0.9586
2309	0.95948
2310	0.96074
2311	0.96129
2312	0.96203
2313	0.96317
2314	0.96459
2315	0.96664
2316	0.96581
2317	0.96611
2318	0.96676
2319	0.96794
2320	0.96899
2321	0.96992
2322	0.9708
2323	0.97168
2324	0.97288
2325	0.97354
2326	0.97401
2327	0.97624
2328	0.97817
2329	0.97953
2330	0.98018
2331	0.98128
2332	0.98264
2333	0.98523
2334	0.98733
2335	0.99041
2336	0.99143
2337	0.99223
2338	0.99284
2339	0.99382
2340	0.995
2341	0.99653
2342	0.99733
2343	0.99809
2344	0.99888
2345	0.99927
2346	0.99964
2347	0.99982
2348	1.0003
2349	1.001
2350	1.003
2351	1.0047
2352	1.0051
2353	1.0079
2354	1.01
2355	1.0145
2356	1.0177
2357	1.0193
2358	1.0216
2359	1.0249
2360	1.027
2361	1.0278
2362	1.0314
2363	1.0347
2364	1.055
2365	1.0367
2366	1.0415
2367	1.0477
2368	1.0501
2369	1.06
2370	1.0618
2371	1.0637
2372	1.0657
2373	1.0698
2374	1.0717
2375	1.0787
2376	1.0834
2377	1.0884
2378	1.0909
2379	1.0954
2380	1.098
2381	1.1008
2382	1.1035
2383	1.1062
2384	1.1189
2385	1.1217
2386	1.1244
2387	1.1273
2388	1.1301
2389	1.133
2390	1.1359
2391	1.1391
2392	1.1458
2393	1.1492
2394	1.1532
2395	1.1585
2396	1.1616
2397	1.1683
2398	1.1715
2399	1.1747
2400	1.1819
2401	1.1898
2402	1.1984
2403	1.203
2404	1.208
2405	1.2136
2406	1.2259
2407	1.2322
2408	1.2379
2409	1.2433
2410	1.2774
2411	1.2483
2412	1.2531
2413	1.2579
2414	1.2626
2415	1.2723
2416	1.2817
2417	1.2816
2418	1.2859
2419	1.2904
2420	1.2954
2421	1.2991
2422	1.3036
2423	1.3081
2424	1.3129
2425	1.3178
2426	1.3226
2427	1.3281
2428	1.3333
2429	1.3383
2430	1.3433
2431	1.3482
2432	1.3529
2433	1.3577
2434	1.3624
2435	1.3719
2436	1.3849
2437	1.3895
2438	1.3941
2439	1.3988
2440	1.4034
2441	1.4128
2442	1.4177
2443	1.4231
2444	1.4285
2445	1.4336
2446	1.4387
2447	1.4744
2448	1.4437
2449	1.4487
2450	1.4584
2451	1.4636
2452	1.4852
2453	1.4895
2454	1.5118
2455	1.5209
2456	1.5256
2457	1.5301
2458	1.5436
2459	1.548
2460	1.5527
2461	1.5572
2462	1.5667
2463	1.571
2464	1.575
2465	1.5793
2466	1.5931
2467	1.5935
2468	1.5984
2469	1.6033
2470	1.6084
2471	1.6133
2472	1.6183
2473	1.6235
2474	1.6285
2475	1.6334
2476	1.6382
2477	1.6431
2478	1.648
2479	1.6531
2480	1.6632
2481	1.6741
2482	1.679
2483	1.6842
2484	0.94363
2485	0.94695
2486	1.6899
2487	0.42393
2488	1.6852
2489	0.94677
2490	1.69
2491	0.41061
2492	0.92852
2493	0.94629
2494	0.94629
2495	1.6878
2496	1.6835
2497	1.6745
2498	1.6789
2499	1.6609
2500	1.6521
2501	1.6429
2502	1.6382
2503	1.6336
2504	1.6198
2505	1.6119
2506	1.616
2507	1.6074
2508	1.6027
2509	1.5981
2510	1.5935
2511	1.5891
2512	1.5795
2513	1.5749
2514	1.5704
2515	1.5612
2516	1.5657
2517	1.5477
2518	1.5432
2519	1.5342
2520	1.5297
2521	1.516
2522	1.5116
2523	1.5071
2524	1.5026
2525	1.4938
2526	1.4893
2527	1.4849
2528	1.4806
2529	1.4767
2530	1.4724
2531	1.4627
2532	1.4578
2533	1.4529
2534	1.4482
2535	1.4339
2536	1.4294
2537	1.425
2538	1.421
2539	1.4167
2540	1.412
2541	1.4075
2542	1.3984
2543	1.3939
2544	1.3893
2545	1.3848
2546	1.3757
2547	1.3712
2548	1.3573
2549	1.3526
2550	1.348
2551	1.3387
2552	1.334
2553	1.3259
2554	1.3297
2555	1.3217
2556	1.317
2557	1.308
2558	1.2987
2559	1.2945
2560	1.2898
2561	1.2853
2562	1.2807
2563	1.2763
2564	1.2624
2565	1.2531
2566	1.2482
2567	1.2432
2568	1.2382
2569	1.2331
2570	1.2229
2571	1.2179
2572	1.2129
2573	1.2077
2574	1.2031
2575	1.1985
2576	1.19
2577	1.1823
2578	1.1787
2579	1.1752
2580	1.1719
2581	1.1688
2582	1.1627
2583	1.1527
2584	1.1462
2585	1.1431
2586	1.14
2587	1.137
2588	1.1314
2589	1.1287
2590	1.1233
2591	1.1128
2592	1.108
2593	1.1054
2594	1.1028
2595	1.1003
2596	1.0979
2597	1.0956
2598	1.0933
2599	1.0909
2600	1.0887
2601	1.0867
2602	1.085
2603	1.083
2604	1.0786
2605	1.0765
2606	1.0725
2607	1.0687
2608	1.0667
2609	1.0649
2610	1.0631
2611	1.0598
2612	1.0581
2613	1.056
2614	1.0539
2615	1.0519
2616	1.0489
2617	1.0474
2618	1.0451
2619	1.0415
2620	1.039
2621	1.0363
2622	1.0338
2623	1.0321
2624	1.0305
2625	1.0285
2626	1.0262
2627	1.0242
2628	1.0209
2629	1.0227
2630	1.0185
2631	1.0102
2632	1.0072
2633	1.0055
2634	1.0037
2635	1.002
2636	1.0014
2637	1.0007
2638	0.99935
2639	0.99745
2640	0.99485
2641	0.99212
2642	0.99118
2643	0.99018
2644	0.98951
2645	0.98808
2646	0.98569
2647	0.98311
2648	0.98402
2649	0.98188
2650	0.98092
2651	0.98003
2652	0.97916
2653	0.97834
2654	0.97758
2655	0.97693
2656	0.97633
2657	0.97424
2658	0.97263
2659	0.97175
2660	0.97083
2661	0.96992
2662	0.96925
2663	0.9688
2664	0.96811
2665	0.96672
2666	0.96402
2667	0.96049
2668	0.96129
2669	0.93932
2670	0.93571
2671	0.93163
2672	0.92785
2673	0.92263
2674	0.92085
2675	0.91917
2676	0.91571
2677	0.91406
2678	0.91084
2679	0.9124
2680	0.90771
2681	0.90566
2682	0.9016
2683	0.89969
2684	0.8977
2685	0.89569
2686	0.89379
2687	0.89044
2688	0.89197
2689	0.88724
2690	0.88193
2691	0.87796
2692	0.87607
2693	0.87436
2694	0.87187
2695	0.87327
2696	0.87055
2697	0.86889
2698	0.86482
2699	0.86294
2700	0.86103
2701	0.85708
2702	0.85509
2703	0.85312
2704	0.85085
2705	0.84331
2706	0.84161
2707	0.83984
2708	0.83613
2709	0.83287
2710	0.83442
2711	0.82968
2712	0.82235
2713	0.81682
2714	0.8152
2715	0.81378
2716	0.80642
2717	0.79551
2718	0.79176
2719	0.78793
2720	0.7766
2721	0.76514
2722	0.76123
2723	0.75419
2724	0.74992
2725	0.74568
2726	0.74165
2727	0.73794
2728	0.73394
2729	0.73091
2730	0.72442
2731	0.71641
2732	0.71237
2733	0.70931
2734	0.70511
2735	0.70142
2736	0.69419
2737	0.69033
2738	0.68316
2739	0.6798
2740	0.67301
2741	0.67015
2742	0.66714
2743	0.66355
2744	0.65994
2745	0.65625
2746	0.65251
2747	0.6492
2748	0.64572
2749	0.64166
2750	0.638
2751	0.6346
2752	0.63104
2753	0.6277
2754	0.62466
2755	0.61804
2756	0.60923
2757	0.6059
2758	0.6024
2759	0.5987
2760	0.59566
2761	0.59214
2762	0.58689
2763	0.58359
2764	0.58048
2765	0.57738
2766	0.57414
2767	0.57077
2768	0.56827
2769	0.56182
2770	0.55896
2771	0.55611
2772	0.55353
2773	0.54771
2774	0.54462
2775	0.53977
2776	0.53104
2777	0.52547
2778	0.52202
2779	0.51808
2780	0.51526
2781	0.51254
2782	0.50957
2783	0.50585
2784	0.50363
2785	0.5009
2786	0.49583
2787	0.49092
2788	0.48873
2789	0.48668
2790	0.48453
2791	0.48081
2792	0.47839
2793	0.47616
2794	0.47016
2795	0.46825
2796	0.46526
2797	0.45958
2798	0.45775
2799	0.45648
2800	0.45503
2801	0.45281
2802	0.4511
2803	0.4496
2804	0.44841
2805	0.44675
2806	0.44527
2807	0.44408
2808	0.44346
2809	0.44199
2810	0.4404
2811	0.43873
2812	0.43665
2813	0.43606
2814	0.43503
2815	0.43277
2816	0.43142
2817	0.43116
2818	0.43058
2819	0.43034
2820	0.42981
2821	0.42931
2822	0.42966
2823	0.42972
2824	0.42933
2825	0.92635
2826	1.6918
2827	0.42887
2828	0.4229
2829	0.4112
2830	0.41709
2831	0.40495
2832	0.40615
2833	0.40648
2834	0.40713
2835	0.40811
2836	0.40766
2837	0.40966
2838	0.4131
2839	0.41418
2840	0.41504
2841	0.41697
2842	0.41655
2843	0.41861
2844	0.42103
2845	0.42723
2846	0.43053
2847	0.43194
2848	0.43504
2849	0.4365
2850	0.43856
2851	0.4423
2852	0.44421
2853	0.44594
2854	0.44824
2855	0.45043
2856	0.45443
2857	0.4567
2858	0.45876
2859	0.46287
2860	0.46526
2861	0.46996
2862	0.47512
2863	0.47786
2864	0.48815
2865	0.49287
2866	0.49539
2867	0.50139
2868	0.5043
2869	0.50999
2870	0.51289
2871	0.52078
2872	0.52309
2873	0.5258
2874	0.53243
2875	0.54369
2876	0.54849
2877	0.55674
2878	0.56728
2879	0.58048
2880	0.58427
2881	0.58745
2882	0.59088
2883	0.59718
2884	0.59416
2885	0.60047
2886	0.60371
2887	0.60713
2888	0.61919
2889	0.62914
2890	0.63266
2891	0.64333
2892	0.64633
2893	0.64993
2894	0.65392
2895	0.6698
2896	0.67368
2897	0.67762
2898	0.68507
2899	0.68131
2900	0.69572
2901	0.69884
2902	0.70594
2903	0.71004
2904	0.71395
2905	0.72236
2906	0.72883
2907	0.72558
2908	0.74014
2909	0.75552
2910	0.76355
2911	0.76782
2912	0.77936
2913	0.78297
2914	0.78873
2915	0.79102
2916	0.79431
2917	0.80188
2918	0.80411
2919	0.80597
2920	0.81909
2921	0.82079
2922	0.82235
2923	0.82558
2924	0.82398
2925	0.82747
2926	0.83554
2927	0.83884
2928	0.83731
2929	0.84007
2930	0.84157
2931	0.84349
2932	0.84552
2933	0.84755
2934	0.84952
2935	0.85143
2936	0.85336
2937	0.85527
2938	0.8571
2939	0.85876
2940	0.86348
2941	0.86153
2942	0.86724
2943	0.86892
2944	0.87646
2945	0.87477
2946	0.88183
2947	0.88387
2948	0.88594
2949	0.88802
2950	0.89009
2951	0.89257
2952	0.89472
2953	0.89679
2954	0.89874
2955	0.90043
2956	0.90204
2957	0.90398
2958	0.90601
2959	0.90804
2960	0.91003
2961	0.91209
2962	0.9142
2963	0.91629
2964	0.91821
2965	0.91976
2966	0.921
2967	0.92203
2968	0.92282
2969	0.92332
2970	0.92359
2971	0.92409
2972	0.92492
2973	0.9258
2974	0.92661
2975	0.92731
2976	0.92807
2977	0.92888
2978	0.9293
2979	0.92988
2980	0.93073
2981	0.93145
2982	0.93215
2983	0.93292
2984	0.93378
2985	0.93467
2986	0.93557
2987	0.93636
2988	0.93693
2989	0.93764
2990	0.93869
2991	0.93932
2992	0.93988
2993	0.94055
2994	0.94146
2995	0.94258
2996	0.94314
2997	0.94377
2998	0.94473
2999	0.94532
3000	0.94607
3001	0.9471
3002	0.94787
3003	0.94879
3004	0.94983
3005	0.95062
3006	0.95109
3007	0.95171
3008	0.95259
3009	0.95348
3010	0.95441
3011	0.95539
3012	0.95631
3013	0.9572
3014	0.95777
3015	0.95848
3016	0.95942
3017	0.95997
3018	0.9607
3019	0.96168
3020	0.96258
3021	0.96318
3022	0.96391
3023	0.96488
3024	0.96567
3025	0.96634
3026	0.96908
3027	0.97041
3028	0.9717
3029	0.973
3030	0.97481
3031	0.98298
3032	0.98544
3033	0.98763
3034	0.98957
3035	0.99189
3036	0.99345
3037	0.99568
3038	0.99812
3039	1.0003
3040	1.004
3041	1.0062
3042	1.0089
3043	1.011
3044	1.0118
3045	1.0138
3046	1.0168
3047	1.0195
3048	1.0218
3049	1.023
3050	1.0243
3051	1.025
3052	1.0265
3053	1.0283
3054	1.0297
3055	1.0311
3056	1.0322
3057	1.0335
3058	1.0352
3059	1.0377
3060	1.0397
3061	1.0416
3062	1.0437
3063	1.0457
3064	1.0476
3065	1.0494
3066	1.052
3067	1.0543
3068	1.0565
3069	1.0588
3070	1.0608
3071	1.0626
3072	1.0643
3073	1.0659
3074	1.0678
3075	1.0701
3076	1.0723
3077	1.0746
3078	1.077
3079	1.0794
3080	1.0816
3081	1.0836
3082	1.0856
3083	1.088
3084	1.0905
3085	1.0931
3086	1.0957
3087	1.0983
3088	1.1006
3089	1.1027
3090	1.1058
3091	1.1086
3092	1.1114
3093	1.1171
3094	1.1199
3095	1.1221
3096	1.1245
3097	1.1268
3098	1.1291
3099	1.1319
3100	1.1348
3101	1.1379
3102	1.1438
3103	1.1467
3104	1.1495
3105	1.152
3106	1.1548
3107	1.1578
3108	1.1604
3109	1.1629
3110	1.1656
3111	1.1685
3112	1.1715
3113	1.1744
3114	1.1775
3115	1.1807
3116	1.1838
3117	1.1866
3118	1.1894
3119	1.1927
3120	1.1977
3121	1.2027
3122	1.2075
3123	1.2122
3124	1.216
3125	1.2198
3126	1.2238
3127	1.2283
3128	1.2374
3129	1.2418
3130	1.2464
3131	1.2514
3132	1.2603
3133	1.265
3134	1.2696
3135	1.2743
3136	1.2791
3137	1.2839
3138	1.2852
3139	1.2898
3140	1.295
3141	1.3001
3142	1.3048
3143	1.3094
3144	1.314
3145	1.3186
3146	1.3234
3147	1.3282
3148	1.3329
3149	1.3376
3150	1.3423
3151	1.3472
3152	1.352
3153	1.3564
3154	1.3609
3155	1.3649
3156	1.369
3157	1.3734
3158	1.378
3159	1.3872
3160	1.3918
3161	1.3964
3162	1.4009
3163	1.4053
3164	1.4098
3165	1.4142
3166	1.419
3167	1.4234
3168	1.4278
3169	1.4323
3170	1.4369
3171	1.4418
3172	1.4465
3173	1.4512
3174	1.4555
3175	1.46
3176	1.4642
3177	1.4679
3178	1.4718
3179	1.476
3180	1.4806
3181	1.4854
3182	1.4904
3183	1.4953
3184	1.5003
3185	1.5051
3186	1.5098
3187	1.5142
3188	1.5185
3189	1.5226
3190	1.5273
3191	1.5316
3192	1.5363
3193	1.5408
3194	1.5451
3195	1.5497
3196	1.554
3197	1.5588
3198	1.5635
3199	1.5682
3200	1.5729
3201	1.578
3202	1.5825
3203	1.5869
3204	0.95993
3205	0.95962
3206	0.95911
3207	0.95834
3208	0.95736
3209	0.95648
3210	0.95587
3211	0.95528
3212	0.95468
3213	0.95432
3214	0.95379
3215	0.95304
3216	0.95251
3217	0.95185
3218	0.95096
3219	0.94948
3220	0.94927
3221	0.94934
3222	0.94939
3223	1.5911
3224	1.5957
3225	1.5998
3226	1.6035
3227	1.6075
3228	1.6122
3229	1.6173
3230	1.6225
3231	1.6274
3232	1.6323
3233	1.6369
3234	1.6417
3235	1.6465
3236	1.6504
3237	1.6542
3238	1.6583
3239	1.6628
3240	1.6675
3241	1.672
3242	1.6767
3243	1.6812
3244	1.6904
3245	1.6859
3246	0.93193
3247	0.94163
3248	0.93971
3249	0.93066
3250	0.93346
3251	0.95106
3252	1.6951
3253	0.40533
3254	0.42838
3255	1.7006
3256	1.7046
3257	1.7001
3258	0.93684
3259	1.6996
3260	1.6951
3261	1.6907
3262	1.6862
3263	1.6817
3264	1.6772
3265	1.6727
3266	1.6683
3267	1.6637
3268	1.6596
3269	1.6549
3270	1.6504
3271	1.646
3272	1.6415
3273	1.6368
3274	1.6321
3275	1.6276
3276	1.6228
3277	1.618
3278	1.6134
3279	1.6045
3280	1.6001
3281	1.5955
3282	1.5913
3283	1.5868
3284	1.5822
3285	1.5772
3286	1.5729
3287	1.5685
3288	1.5639
3289	1.5594
3290	1.5549
3291	1.5504
3292	1.5414
3293	1.537
3294	1.5326
3295	1.5283
3296	1.5236
3297	1.519
3298	1.5143
3299	1.5098
3300	1.5053
3301	1.5007
3302	1.496
3303	1.4913
3304	1.4866
3305	1.482
3306	1.4776
3307	1.4732
3308	1.4689
3309	1.4645
3310	1.4595
3311	1.4554
3312	1.4512
3313	1.4467
3314	1.4419
3315	1.4371
3316	1.4328
3317	1.4282
3318	1.4236
3319	1.4193
3320	1.4148
3321	1.4104
3322	1.406
3323	1.4014
3324	1.3969
3325	1.3924
3326	1.388
3327	1.3837
3328	1.3788
3329	1.3745
3330	1.3702
3331	1.3655
3332	1.3609
3333	1.3561
3334	1.3518
3335	1.3472
3336	1.3426
3337	1.338
3338	1.3333
3339	1.3287
3340	1.3241
3341	1.3195
3342	1.3149
3343	1.3103
3344	1.3057
3345	1.3012
3346	1.297
3347	1.293
3348	1.2882
3349	1.2791
3350	1.2746
3351	1.2701
3352	1.2656
3353	1.2612
3354	1.2566
3355	1.2518
3356	1.2473
3357	1.2424
3358	1.2373
3359	1.2331
3360	1.2288
3361	1.2245
3362	1.2201
3363	1.2158
3364	1.2115
3365	1.2072
3366	1.2027
3367	1.1982
3368	1.1939
3369	1.187
3370	1.184
3371	1.1813
3372	1.1789
3373	1.1766
3374	1.1739
3375	1.1711
3376	1.1683
3377	1.1655
3378	1.1628
3379	1.1601
3380	1.1573
3381	1.1546
3382	1.1518
3383	1.1491
3384	1.1465
3385	1.144
3386	1.1417
3387	1.1393
3388	1.1365
3389	1.1338
3390	1.131
3391	1.1283
3392	1.1257
3393	1.1232
3394	1.1207
3395	1.1182
3396	1.1156
3397	1.1129
3398	1.1103
3399	1.1077
3400	1.1052
3401	1.1031
3402	1.1005
3403	1.0984
3404	1.096
3405	1.0936
3406	1.0911
3407	1.0886
3408	1.0862
3409	1.0838
3410	1.0816
3411	1.0794
3412	1.0771
3413	1.0749
3414	1.0726
3415	1.0703
3416	1.0681
3417	1.0659
3418	1.0638
3419	1.0618
3420	1.06
3421	1.058
3422	1.056
3423	1.0539
3424	1.0518
3425	1.0497
3426	1.0477
3427	1.0461
3428	1.0446
3429	1.0428
3430	1.0409
3431	1.039
3432	1.0372
3433	1.0353
3434	1.0335
3435	1.0321
3436	1.0307
3437	1.0293
3438	1.028
3439	1.0266
3440	1.0251
3441	1.0235
3442	1.0219
3443	1.0205
3444	1.0189
3445	1.0172
3446	1.0151
3447	1.0128
3448	1.0103
3449	1.0081
3450	1.0064
3451	1.0043
3452	1.002
3453	0.99979
3454	0.99743
3455	0.99565
3456	0.99384
3457	0.99145
3458	0.98927
3459	0.98729
3460	0.98512
3461	0.98345
3462	0.98106
3463	0.9789
3464	0.97693
3465	0.9753
3466	0.97352
3467	0.9718
3468	0.97026
3469	0.96905
3470	0.96794
3471	0.96684
3472	0.96581
3473	0.9649
3474	0.9641
3475	0.96331
3476	0.96249
3477	0.96159
3478	0.96077
3479	0.96003
3480	0.95917
3481	0.95745
3482	0.95673
3483	0.95587
3484	0.95507
3485	0.95433
3486	0.9535
3487	0.95263
3488	0.95173
3489	0.95085
3490	0.94999
3491	0.94915
3492	0.94841
3493	0.94771
3494	0.94695
3495	0.94604
3496	0.94518
3497	0.94437
3498	0.94349
3499	0.94269
3500	0.94196
3501	0.94039
3502	0.93967
3503	0.93879
3504	0.93795
3505	0.9372
3506	0.93652
3507	0.93586
3508	0.93497
3509	0.9342
3510	0.93351
3511	0.93275
3512	0.93195
3513	0.93114
3514	0.93034
3515	0.92958
3516	0.92886
3517	0.92814
3518	0.92738
3519	0.9267
3520	0.92609
3521	0.92465
3522	0.92394
3523	0.9232
3524	0.92242
3525	0.92169
3526	0.92108
3527	0.92056
3528	0.91997
3529	0.91924
3530	0.9184
3531	0.91743
3532	0.9162
3533	0.91443
3534	0.91249
3535	0.9105
3536	0.90854
3537	0.9066
3538	0.90466
3539	0.90274
3540	0.90084
3541	0.89902
3542	0.89721
3543	0.89533
3544	0.8934
3545	0.89145
3546	0.88795
3547	0.88629
3548	0.8844
3549	0.88247
3550	0.88054
3551	0.87865
3552	0.87682
3553	0.87503
3554	0.87324
3555	0.8714
3556	0.86958
3557	0.86772
3558	0.8659
3559	0.86411
3560	0.86225
3561	0.86038
3562	0.8586
3563	0.857
3564	0.85532
3565	0.8535
3566	0.85166
3567	0.8498
3568	0.84795
3569	0.84607
3570	0.84419
3571	0.84232
3572	0.84044
3573	0.83871
3574	0.83712
3575	0.83546
3576	0.83373
3577	0.83186
3578	0.82998
3579	0.82807
3580	0.82619
3581	0.82435
3582	0.8226
3583	0.82088
3584	0.81917
3585	0.81741
3586	0.81552
3587	0.81365
3588	0.81208
3589	0.81046
3590	0.8086
3591	0.8048
3592	0.80293
3593	0.80116
3594	0.79972
3595	0.79804
3596	0.79617
3597	0.79428
3598	0.79245
3599	0.79061
3600	0.78852
3601	0.78605
3602	0.78319
3603	0.77989
3604	0.77633
3605	0.77244
3606	0.76843
3607	0.76441
3608	0.76066
3609	0.75679
3610	0.75256
3611	0.74876
3612	0.74481
3613	0.73739
3614	0.73366
3615	0.72986
3616	0.72603
3617	0.72233
3618	0.71871
3619	0.71483
3620	0.71043
3621	0.70673
3622	0.70234
3623	0.69893
3624	0.69542
3625	0.69204
3626	0.68861
3627	0.68483
3628	0.68113
3629	0.6774
3630	0.67367
3631	0.66982
3632	0.66608
3633	0.66236
3634	0.65862
3635	0.65458
3636	0.65086
3637	0.64704
3638	0.64342
3639	0.6399
3640	0.63628
3641	0.63244
3642	0.62904
3643	0.62559
3644	0.62229
3645	0.61886
3646	0.61527
3647	0.61151
3648	0.60805
3649	0.6042
3650	0.60058
3651	0.59694
3652	0.59314
3653	0.59036
3654	0.58706
3655	0.58346
3656	0.58032
3657	0.57653
3658	0.57323
3659	0.5701
3660	0.56703
3661	0.56376
3662	0.56071
3663	0.55705
3664	0.55365
3665	0.55047
3666	0.54452
3667	0.54155
3668	0.53878
3669	0.5352
3670	0.52872
3671	0.5256
3672	0.52238
3673	0.5194
3674	0.51671
3675	0.51137
3676	0.50859
3677	0.50561
3678	0.49971
3679	0.4974
3680	0.49418
3681	0.49106
3682	0.48622
3683	0.48364
3684	0.4808
3685	0.47856
3686	0.47607
3687	0.4733
3688	0.47038
3689	0.46574
3690	0.46099
3691	0.45862
3692	0.45627
3693	0.45439
3694	0.45189
3695	0.44977
3696	0.44749
3697	0.44566
3698	0.44364
3699	0.44151
3700	0.43948
3701	0.43731
3702	0.43603
3703	0.43385
3704	0.43188
3705	0.43025
3706	0.42877
3707	0.42708
3708	0.42558
3709	0.42377
3710	0.42196
3711	0.42061
3712	0.41976
3713	0.41805
3714	0.41648
3715	0.41562
3716	0.41393
3717	0.41247
3718	0.41143
3719	0.4096
3720	0.40862
3721	0.40718
3722	0.40625
3723	0.4054
3724	0.40472
3725	0.40388
3726	0.40316
3727	0.40234
3728	0.40196
3729	0.40143
3730	0.40098
3731	0.40069
3732	0.40041
3733	0.40021
3734	0.39959
3735	0.39943
3736	0.39948
3737	0.39942
3738	0.40529
3739	0.41116
3740	0.41663
3741	0.42268
3742	0.42835
3743	0.43384
3744	0.43382
3745	0.43398
3746	0.43459
3747	0.43514
3748	0.43489
3749	0.43487
3750	0.43507
3751	0.43541
3752	0.43594
3753	0.43636
3754	0.43685
3755	0.43735
3756	0.43828
3757	0.43907
3758	0.44004
3759	0.44063
3760	0.44147
3761	0.44226
3762	0.44315
3763	0.44425
3764	0.44551
3765	0.44692
3766	0.44877
3767	0.44918
3768	0.45025
3769	0.45135
3770	0.45295
3771	0.45426
3772	0.4557
3773	0.45719
3774	0.45862
3775	0.45981
3776	0.46136
3777	0.46283
3778	0.4645
3779	0.46661
3780	0.46798
3781	0.46985
3782	0.4719
3783	0.47317
3784	0.47483
3785	0.47697
3786	0.47911
3787	0.48076
3788	0.48276
3789	0.48496
3790	0.487
3791	0.49142
3792	0.4935
3793	0.49554
3794	0.49773
3795	0.50029
3796	0.50248
3797	0.50497
3798	0.50741
3799	0.50976
3800	0.51414
3801	0.51689
3802	0.51931
3803	0.52195
3804	0.52445
3805	0.52673
3806	0.52983
3807	0.53245
3808	0.53498
3809	0.53746
3810	0.54043
3811	0.54331
3812	0.54606
3813	0.54872
3814	0.55163
3815	0.55476
3816	0.55777
3817	0.56025
3818	0.56313
3819	0.56581
3820	0.56875
3821	0.57185
3822	0.57482
3823	0.57791
3824	0.58109
3825	0.58425
3826	0.5871
3827	0.59047
3828	0.5934
3829	0.59631
3830	0.59977
3831	0.60264
3832	0.60588
3833	0.60931
3834	0.61244
3835	0.61579
3836	0.61898
3837	0.62198
3838	0.62527
3839	0.62878
3840	0.63177
3841	0.63505
3842	0.63854
3843	0.64175
3844	0.64545
3845	0.64882
3846	0.65245
3847	0.65585
3848	0.65903
3849	0.66285
3850	0.66642
3851	0.67002
3852	0.67351
3853	0.67675
3854	0.68029
3855	0.6838
3856	0.68705
3857	0.69057
3858	0.69411
3859	0.69783
3860	0.70149
3861	0.70501
3862	0.70882
3863	0.71245
3864	0.71593
3865	0.71949
3866	0.72341
3867	0.72723
3868	0.73096
3869	0.73466
3870	0.73789
3871	0.74178
3872	0.74529
3873	0.74905
3874	0.75269
3875	0.75691
3876	0.76078
3877	0.76454
3878	0.76835
3879	0.77268
3880	0.77603
3881	0.7801
3882	0.7833
3883	0.7872
3884	0.79094
3885	0.79466
3886	0.79822
3887	0.80191
3888	0.80822
3889	0.81524
3890	0.81696
3891	0.81863
3892	0.82035
3893	0.82394
3894	0.82578
3895	0.82755
3896	0.82929
3897	0.83106
3898	0.8328
3899	0.83444
3900	0.83608
3901	0.83777
3902	0.83957
3903	0.84135
3904	0.8431
3905	0.84484
3906	0.84659
3907	0.84836
3908	0.8502
3909	0.85202
3910	0.85378
3911	0.85524
3912	0.85685
3913	0.85867
3914	0.86054
3915	0.8624
3916	0.86425
3917	0.86607
3918	0.86784
3919	0.86974
3920	0.87153
3921	0.87316
3922	0.87472
3923	0.87619
3924	0.87788
3925	0.87968
3926	0.88155
3927	0.88342
3928	0.88524
3929	0.88701
3930	0.8887
3931	0.89046
3932	0.89214
3933	0.89378
3934	0.89555
3935	0.89736
3936	0.89923
3937	0.90111
3938	0.90297
3939	0.90483
3940	0.90671
3941	0.90852
3942	0.91014
3943	0.91217
3944	0.9138
3945	0.91549
3946	0.91721
3947	0.92072
3948	0.92246
3949	0.92424
3950	0.92615
3951	0.92817
3952	0.92979
3953	0.93144
3954	0.93321
3955	0.93508
3956	0.93697
3957	0.93882
3958	0.94067
3959	0.9426
3960	0.94468
3961	0.94672
3962	0.94876
3963	0.95154
3964	0.95187
3965	0.95212
3966	0.95251
3967	0.95311
3968	0.95452
3969	0.95516
3970	0.95572
3971	0.95638
3972	0.95697
3973	0.95749
3974	0.95807
3975	0.95868
3976	0.95928
3977	0.96004
3978	0.96083
3979	0.96155
3980	0.96214
3981	0.96266
3982	0.96326
3983	0.96397
3984	0.9647
3985	0.9654
3986	0.96606
3987	0.96669
3988	0.96739
3989	0.96816
3990	0.96904
3991	0.97007
3992	0.9709
3993	0.97142
3994	0.97158
3995	0.97217
3996	0.97286
3997	0.97365
3998	0.97447
3999	0.97528
4000	0.97609
4001	0.97682
4002	0.97766
4003	0.97841
4004	0.97905
4005	0.97972
4006	0.98043
4007	0.98118
4008	0.98197
4009	0.98278
4010	0.98362
4011	0.98447
4012	0.98523
4013	0.98593
4014	0.98672
4015	0.98762
4016	0.98839
4017	0.9891
4018	0.98992
4019	0.99075
4020	0.99175
4021	0.99247
4022	0.99309
4023	0.99395
4024	0.99484
4025	0.99575
4026	0.99662
4027	0.99745
4028	0.99827
4029	0.99911
4030	0.99999
4031	1.0009
4032	1.0018
4033	1.0026
4034	1.0033
4035	1.0041
4036	1.0049
4037	1.0057
4038	1.0065
4039	1.0073
4040	1.0084
4041	1.0097
4042	1.0113
4043	1.0131
4044	1.0148
4045	1.0167
4046	1.0187
4047	1.0207
4048	1.0224
4049	1.0249
4050	1.027
4051	1.0289
4052	1.0313
4053	1.0334
4054	1.035
4055	1.0371
4056	1.039
4057	1.041
4058	1.0436
4059	1.046
4060	1.0486
4061	1.0511
4062	1.0528
4063	1.056
4064	1.0577
4065	1.0595
4066	1.0613
4067	1.0629
4068	1.0646
4069	1.0662
4070	1.0679
4071	1.0697
4072	1.0715
4073	1.0734
4074	1.0752
4075	1.0771
4076	1.0791
4077	1.0811
4078	1.0832
4079	1.0852
4080	1.0873
4081	1.0893
4082	1.0913
4083	1.0934
4084	1.0957
4085	1.098
4086	1.1003
4087	1.1026
4088	1.105
4089	1.1074
4090	1.1099
4091	1.1123
4092	1.1147
4093	1.1172
4094	1.1198
4095	1.1223
4096	1.1249
4097	1.1301
4098	1.1328
4099	1.1355
4100	1.1382
4101	1.141
4102	1.1438
4103	1.1467
4104	1.1496
4105	1.1522
4106	1.1546
4107	1.1572
4108	1.1603
4109	1.1633
4110	1.1661
4111	1.169
4112	1.1722
4113	1.1754
4114	1.1788
4115	1.1823
4116	1.186
4117	1.1898
4118	1.194
4119	1.1986
4120	1.2029
4121	1.2076
4122	1.2119
4123	1.2165
4124	1.2213
4125	1.2256
4126	1.2296
4127	1.2339
4128	1.2389
4129	1.2435
4130	1.248
4131	1.2525
4132	1.2573
4133	1.262
4134	1.2665
4135	1.2711
4136	1.2756
4137	1.2801
4138	1.2846
4139	1.2893
4140	1.2938
4141	1.2983
4142	1.3029
4143	1.3074
4144	1.312
4145	1.3165
4146	1.3209
4147	1.3253
4148	1.3297
4149	1.3341
4150	1.3387
4151	1.3432
4152	1.3478
4153	1.3524
4154	1.357
4155	1.3616
4156	1.3662
4157	1.3708
4158	1.3755
4159	1.3801
4160	1.3845
4161	1.3891
4162	1.3938
4163	1.3981
4164	1.4075
4165	1.4117
4166	1.4161
4167	1.4206
4168	1.4252
4169	1.4301
4170	1.4342
4171	1.439
4172	1.4433
4173	1.4479
4174	1.4526
4175	1.4571
4176	1.4618
4177	1.4665
4178	1.4711
4179	1.4754
4180	1.4799
4181	1.4843
4182	1.4888
4183	1.4933
4184	1.4978
4185	1.5023
4186	1.5069
4187	1.5113
4188	1.516
4189	1.5203
4190	1.5248
4191	1.5293
4192	1.5338
4193	1.5383
4194	1.5429
4195	1.5475
4196	1.552
4197	1.5565
4198	1.5614
4199	1.5656
4200	1.5701
4201	1.5746
4202	1.5792
4203	1.5838
4204	1.5883
4205	1.5929
4206	1.5974
4207	1.602
4208	1.6064
4209	1.6109
4210	1.6152
4211	1.6198
4212	1.6242
4213	1.6287
4214	1.6333
4215	1.6379
4216	1.6425
4217	1.647
4218	1.6515
4219	1.6558
4220	1.6604
4221	1.665
4222	1.6696
4223	1.6744
4224	1.6789
4225	1.6831
4226	1.6873
4227	1.6918
4228	1.6963
4229	1.7008
4230	0.93217
4231	0.94279
4232	0.94014
4233	0.93497
4234	0.93508
4235	0.94001
4236	0.94316
4237	0.93871
4238	1.0505
4239	1.001
4240	1.3433
4241	0.96702
4242	0.81087
4243	0.4933
4244	0.98397
4245	1.2327
4246	1.1811
4247	0.96816
4248	0.94612
4249	0.83406
4250	0.86268
4251	0.82273
4252	0.8063
4253	1.1675
4254	0.93104
4255	0.46756
4256	0.92491
4257	0.79935
4258	1.1649
4259	0.83357
4260	1.503
4261	0.66231
4262	1.1861
4263	0.9571
4264	0.96788
4265	0.9146
4266	0.56023
4267	0.81192
4268	0.58968
4269	0.82031
4270	1.267
4271	1.5839
4272	1.3665
4273	1.5074
4274	0.81018
4275	1.3125
4276	0.61542
4277	0.98509
4278	0.83798
4279	1.6287
4280	0.85907
4281	0.95653
4282	0.93172
4283	1.0022
4284	0.95382
4285	0.86667
4286	0.98631
4287	0.47265
4288	1.1275
4289	1.0637
4290	0.90267
4291	0.43394
4292	0.79778
4293	0.99219
4294	1.1528
4295	0.96562
4296	0.98361
4297	0.62127
4298	0.46323
4299	1.408
4300	0.82949
4301	1.6241
4302	0.91735
4303	0.79476
4304	0.96207
4305	0.97436
4306	0.98057
4307	1.1785
4308	0.99306
4309	1.3803
4310	0.90658
4311	0.81045
4312	0.99647
4313	1.1806
4314	1.0565
4315	1.0688
4316	0.97877
4317	0.96047
4318	0.89173
4319	0.77156
4320	1.4676
4321	0.8413
4322	1.3814
4323	0.8132
4324	1.1424
4325	0.42342
4326	1.1783
4327	0.79289
4328	1.228
4329	1.1348
4330	0.98624
4331	1.0651
4332	0.42156
4333	0.56376
4334	0.40635
4335	0.95827
4336	1.6089
4337	0.85998
4338	0.81688
4339	0.78423
4340	0.95342
4341	0.53569
4342	0.4322
4343	0.86191
4344	0.82019
4345	0.41358
4346	1.5927
4347	0.55138
4348	0.8939
4349	1.4799
4350	0.76921
4351	1.3229
4352	1.5523
4353	0.95006
4354	0.50781
4355	0.50742
4356	0.41548
4357	1.1143
4358	0.89003
4359	0.96517
4360	0.79743
4361	0.87214
4362	1.1557
4363	0.98992
4364	0.48545
4365	1.1942
4366	0.81388
4367	0.46368
4368	0.51422
4369	0.87093
4370	0.50382
4371	0.97833
4372	1.5387
4373	0.93069
4374	0.73794
4375	0.68926
4376	1.2558
4377	0.95175
4378	0.4523
4379	1.3577
4380	0.53897
4381	0.61175
4382	0.94155
4383	0.42365
4384	0.73991
4385	1.6952
4386	0.73392
4387	0.6228
4388	0.97517
4389	0.72135
4390	0.5185
4391	1.1687
4392	1.2717
4393	0.98761
4394	1.0287
4395	1.3672
4396	1.2142
4397	0.88011
4398	0.85654
4399	0.46958
4400	0.83485
4401	0.83664
4402	0.97933
4403	1.0271
4404	0.51893
4405	0.95736
4406	1.0163
4407	1.3176
4408	1.1494
4409	0.42888
4410	0.47227
4411	0.48267
4412	0.82575
4413	1.508
4414	0.91581
4415	0.97591
4416	0.5452
4417	0.45445
4418	0.60974
4419	1.0434
4420	0.86803
4421	1.2673
4422	1.1903
4423	0.89835
4424	1.4283
4425	0.79584
4426	1.5251
4427	0.74379
4428	0.75136
4429	0.63947
4430	0.95689
4431	0.81498
4432	0.81483
4433	1.0706
4434	1.118
4435	0.40524
4436	1.1448
4437	1.5459
4438	0.97704
4439	0.86333
4440	0.84274
4441	0.86536
4442	0.99682
4443	0.83455
4444	1.4027
4445	1.2836
4446	0.98415
4447	0.98427
4448	1.0518
4449	0.98835
4450	0.94595
4451	0.42299
4452	0.57097
4453	0.63074
4454	0.90624
4455	1.4687
4456	0.89741
4457	0.82353
4458	0.86968
4459	0.74419
4460	0.65399
4461	1.403
4462	0.43443
4463	0.93766
4464	0.95667
4465	0.8476
4466	0.88988
4467	0.9893
4468	1.1441
4469	1.669
4470	0.99399
4471	1.0044
4472	1.0807
4473	0.90216
4474	0.62624
4475	0.94569
4476	0.73659
4477	0.41472
4478	1.1943
4479	1.136
4480	0.4834
4481	0.98012
4482	0.91999
4483	1.0931
4484	0.97531
4485	1.2862
4486	1.0553
4487	0.4894
4488	0.84691
4489	0.82605
4490	1.0999
4491	0.87333
4492	0.95013
4493	0.92538
4494	1.658
4495	0.89846
4496	0.99856
4497	1.1107
4498	0.70515
4499	0.80668
4500	0.93384
4501	0.90256
4502	0.91063
4503	1.0828
4504	0.80783
4505	1.4764
4506	1.0031
4507	0.9691
4508	0.94622
4509	0.80524
4510	1.4663
4511	0.97708
4512	0.74736
4513	1.0329
4514	0.90729
4515	1.562
4516	1.0528
4517	0.43753
4518	0.61545
4519	1.0678
4520	0.94112
4521	0.6238
4522	0.90321
4523	0.46698
4524	0.52017
4525	0.5339
4526	0.47417
4527	1.4712
4528	0.98663
4529	0.54225
4530	0.52838
4531	1.0123
4532	0.88956
4533	0.78597
4534	1.0317
4535	0.75456
4536	0.57712
4537	0.42578
4538	0.91744
4539	1.0467
4540	0.82822
4541	1.1259
4542	0.95549
4543	0.87989
4544	0.63553
4545	0.81319
4546	0.80915
4547	1.6043
4548	1.6651
4549	1.4949
4550	0.81436
4551	0.8139
4552	0.85926
4553	0.83192
4554	1.0118
4555	0.79204
4556	1.1662
4557	0.82243
4558	0.5578
4559	1.0744
4560	0.98498
4561	0.94809
4562	0.50015
4563	1.1411
4564	0.96279
4565	0.94662
4566	1.1655
4567	1.1084
4568	0.944
4569	0.83154
4570	0.81854
4571	0.86163
4572	0.83832
4573	0.99166
4574	1.0616
4575	0.82804
4576	1.7054
4577	0.76452
4578	0.96744
4579	0.78018
4580	0.96028
4581	0.82423
4582	0.84501
4583	0.97518
4584	0.79985
4585	0.9884
4586	0.58447
4587	0.96472
4588	1.474
4589	0.4865
4590	0.76608
4591	0.99994
4592	1.5206
4593	0.81442
4594	0.92984
4595	0.92973
4596	0.88374
4597	0.90046
4598	0.83135
4599	0.87868
4600	1.0088
4601	0.83676
4602	0.8587
4603	1.2577
4604	0.98486
4605	0.8094
4606	1.1846
4607	0.72033
4608	0.98255
4609	0.99559
4610	0.88896
4611	0.93746
4612	1.0979
4613	0.80804
4614	0.48528
4615	0.86547
4616	0.87995
4617	1.3825
4618	0.60219
4619	0.44518
4620	1.6567
4621	1.4433
4622	1.3033
4623	1.0009
4624	1.0856
4625	0.66593
4626	0.71829
4627	0.40658
4628	0.96022
4629	0.9413
4630	0.51584
4631	0.49062
4632	0.75902
4633	0.48108
4634	0.49836
4635	0.9599
4636	1.1303
4637	0.99586
4638	1.053
4639	0.98707
4640	0.70674
4641	0.77296
4642	0.8091
4643	0.81227
4644	0.94835
4645	0.87809
4646	0.48069
4647	0.74105
4648	0.97577
4649	0.97071
4650	1.1326
4651	0.75785
4652	0.43291
4653	0.82779
4654	0.84886
4655	0.94761
4656	1.0025
4657	1.1201
4658	0.87283
4659	0.90366
4660	0.88549
4661	0.63614
4662	0.75959
4663	0.57389
4664	0.42445
4665	0.5368
4666	1.1216
4667	0.55072
4668	0.44034
4669	0.56502
4670	0.54611
4671	0.79907
4672	0.84898
4673	0.96339
4674	0.52921
4675	0.46016
4676	0.61264
4677	1.0582
4678	0.41193
4679	0.97344
4680	0.68254
4681	0.82206
4682	1.1942
4683	1.4329
4684	1.0782
4685	0.49327
4686	0.92792
4687	0.52174
4688	0.51082
4689	0.43385
4690	0.55393
4691	0.46153
4692	0.45405
4693	0.41926
4694	1.175
4695	0.49831
4696	0.91041
4697	1.3958
4698	1.1153
4699	0.94114
4700	1.4982
4701	1.1342
4702	1.0646
4703	1.0808
4704	1.1138
4705	1.6699
4706	1.0614
4707	1.1658
4708	0.82483
4709	0.40794
4710	0.4682
4711	1.5568
4712	0.51197
4713	0.54712
4714	0.59877
4715	0.43174
4716	0.54326
4717	0.87643
4718	0.97726
4719	0.93709
4720	0.94016
4721	0.95069
4722	0.48869
4723	0.50281
4724	0.5319
4725	0.9125
4726	0.5477
4727	0.41021
4728	1.1104
4729	0.4888
4730	0.95379
4731	1.0544
4732	0.91896
4733	1.1656
4734	1.1207
4735	0.42927
4736	0.72782
4737	0.6765
4738	0.51197
4739	0.69784
4740	0.70224
4741	0.88033
4742	1.0143
4743	0.65757
4744	0.73269
4745	0.40885
4746	0.90439
4747	0.88101
4748	1.1447
4749	1.0677
4750	1.6475
4751	1.1489
4752	1.4385
4753	1.362
4754	1.3674
4755	1.4895
4756	0.74246
4757	0.69982
4758	0.68687
4759	0.93366
4760	0.80302
4761	1.2194
4762	0.85946
4763	0.95615
4764	0.85774
4765	1.0448
4766	0.96903
4767	0.77521
4768	1.0275
4769	0.95526
4770	0.98318
4771	1.4531
4772	1.2328
4773	0.90066
4774	0.96025
4775	0.94231
4776	0.86733
4777	1.1857
4778	1.0237
4779	0.94421
4780	0.92771
4781	0.98771
4782	1.207
4783	1.1172
4784	1.1371
4785	0.42755
4786	0.98186
4787	0.56689
4788	0.52027
4789	0.50557
4790	0.89751
4791	0.76955
4792	0.85133
4793	0.80948
4794	0.75834
4795	1.1083
4796	0.98701
4797	0.95115
4798	0.96196
4799	0.98012
4800	0.95477
4801	0.90619
4802	0.90553
4803	0.50829
4804	0.48471
4805	0.54948
4806	0.58046
4807	0.44019
4808	0.43314
4809	0.75767
4810	1.0073
4811	1.0683
4812	0.8468
4813	0.80906
4814	0.95497
4815	0.96069
4816	0.95953
4817	0.96414
4818	0.96302
4819	0.96753
4820	0.96644
4821	0.8655
4822	0.85888
4823	0.86124
4824	0.85707
4825	0.8593
4826	0.85522
4827	0.85728
4828	0.95245
4829	0.9536
4830	0.94891
4831	0.95007
4832	0.94557
4833	0.94677
4834	0.94243
4835	0.94336
4836	0.82827
4837	0.82612
4838	0.8305
4839	0.82871
4840	0.83255
4841	0.83093
4842	1.1085
4843	1.1053
4844	1.1104
4845	1.1072
4846	1.1123
4847	1.1092
4848	1.1142
4849	1.1112
4850	1.1161
4851	1.1133
4852	0.89531
4853	0.8934
4854	0.89886
4855	0.896
4856	0.90171
4857	0.89814
4858	0.90269
4859	1.056
4860	1.0539
4861	1.0594
4862	1.0573
4863	1.0626
4864	1.0605
4865	0.96658
4866	0.96554
4867	0.96869
4868	1.6845
4869	0.77381
4870	0.76961
4871	0.7775
4872	0.77278
4873	0.78109
4874	0.77678
4875	0.98307
4876	0.9841
4877	0.97973
4878	0.98081
4879	0.97633
4880	0.97748
4881	0.973
4882	0.97422
4883	0.96983
4884	0.97096
4885	0.9732
4886	0.97116
4887	0.97683
4888	0.97387
4889	0.97695
4890	0.97377
4891	1.3761
4892	1.3805
4893	1.3762
4894	1.3808
4895	1.3763
4896	1.381
4897	0.95709
4898	0.95762
4899	0.95405
4900	0.95451
4901	0.95065
4902	0.95103
4903	1.4472
4904	1.4515
4905	0.53951
4906	0.53571
4907	1.0383
4908	0.81845
4909	0.86364
4910	0.86224
4911	0.95139
4912	0.9478
4913	0.83003
4914	0.93862
4915	0.9414
4916	0.9734
4917	1.3433
4918	1.6542
4919	0.90941
4920	0.6779
4921	0.4176
4922	0.42489
4923	0.51672
4924	0.9464
4925	1.5166
4926	1.5164
4927	0.91091
4928	0.90931
4929	0.62661
4930	0.41911
4931	1.2799
4932	1.5539
4933	1.5539
4934	1.6747
4935	1.6758
4936	0.61082
4937	0.69028
4938	0.56601
4939	0.45658
4940	0.41762
4941	0.70068
4942	1.0761
4943	0.89612
4944	0.86797
4945	0.95212
4946	0.95119
4947	0.95573
4948	0.95486
4949	1.0621
4950	1.0596
4951	1.0655
4952	1.0629
4953	1.0686
4954	1.066
4955	1.0689
4956	1.0492
4957	1.0512
4958	1.0459
4959	1.0478
4960	1.0422
4961	1.0443
4962	1.0388
4963	1.041
4964	0.97191
4965	0.97299
4966	0.96856
4967	0.9697
4968	0.96516
4969	0.96638
4970	0.96168
4971	0.96302
4972	0.95855
4973	0.95978
4974	1.074
4975	1.0763
4976	1.0714
4977	1.0743
4978	1.4939
4979	1.4986
4980	1.494
4981	1.4991
4982	0.41585
4983	0.41686
4984	0.4103
4985	0.4112
4986	0.97439
4987	0.9753
4988	0.97116
4989	0.97208
4990	0.96775
4991	0.96865
4992	0.96422
4993	0.96538
4994	0.96072
4995	0.96178
4996	1.5581
4997	1.5631
4998	1.5588
4999	1.5636
5000	0.42038
5001	0.4213
5002	0.4214
5003	0.42459
5004	1.0816
5005	1.0791
5006	1.0838
5007	1.0811
5008	1.0863
5009	1.0829
5010	1.088
5011	1.0847
5012	1.0902
5013	1.087
5014	0.63404
5015	0.63786
5016	0.63002
5017	0.63407
5018	1.1742
5019	1.1775
5020	1.1736
5021	1.1768
5022	1.1731
5023	1.1766
5024	1.1727
5025	1.1762
5026	1.1723
5027	1.1757
5028	0.94859
5029	0.94734
5030	0.94619
5031	0.94521
5032	0.94402
5033	0.94305
5034	0.47832
5035	0.48054
5036	0.47398
5037	0.48784
5038	0.49171
5039	0.49047
5040	0.49415
5041	0.44486
5042	0.44015
5043	0.44399
5044	0.43891
5045	0.4419
5046	0.43701
5047	1.0375
5048	1.0419
5049	0.93663
5050	0.93531
5051	0.93985
5052	0.93853
5053	0.94299
5054	0.94171
5055	1.5303
5056	1.5312
5057	1.5255
5058	1.5263
5059	1.5207
5060	1.5218
5061	1.5401
5062	1.5356
5063	1.5396
5064	1.535
5065	1.5391
5066	1.5346
5067	1.1626
5068	1.1591
5069	1.163
5070	1.1596
5071	1.1634
5072	1.1599
5073	1.1636
5074	1.1602
5075	0.69245
5076	0.68856
5077	0.69629
5078	0.69285
5079	1.0924
5080	1.0896
5081	1.0942
5082	1.0912
5083	1.096
5084	1.0928
5085	1.098
5086	1.0946
5087	1.0999
5088	1.0967
5089	0.85039
5090	0.85397
5091	0.84962
5092	0.85334
5093	0.90721
5094	0.90761
5095	0.9119
5096	0.91164
5097	1.1308
5098	1.1203
5099	1.119
5100	0.89048
5101	0.89317
5102	0.88858
5103	0.89138
5104	0.88683
5105	0.88973
5106	0.42348
5107	0.42274
5108	0.42942
5109	0.42853
5110	0.46744
5111	0.46509
5112	0.47207
5113	0.46956
5114	0.47628
5115	0.47397
5116	0.48014
5117	0.47831
5118	0.57396
5119	0.5769
5120	0.57782
5121	0.58092
5122	0.58104
5123	0.58448
5124	0.58459
5125	0.58831
5126	0.58788
5127	0.59134
5128	0.46037
5129	0.46242
5130	0.45547
5131	0.45754
5132	0.45114
5133	0.45351
5134	1.5181
5135	1.5139
5136	1.5174
5137	1.5134
5138	0.88355
5139	0.88514
5140	0.88648
5141	0.88815
5142	0.88953
5143	0.89133
5144	1.2202
5145	1.2196
5146	1.2265
5147	1.2262
5148	1.2329
5149	1.2315
5150	1.2392
5151	1.2368
5152	0.45494
5153	0.45014
5154	0.45332
5155	0.44889
5156	1.4052
5157	1.4096
5158	0.97984
5159	0.97631
5160	0.97809
5161	0.97497
5162	1.2531
5163	1.2581
5164	1.2543
5165	1.2587
5166	1.2549
5167	1.2595
5168	1.1259
5169	1.1288
5170	1.1246
5171	1.1276
5172	1.1234
5173	1.1265
5174	1.1221
5175	1.1252
5176	1.1206
5177	1.1237
5178	0.49588
5179	0.49774
5180	0.49193
5181	0.49405
5182	0.48765
5183	0.48979
5184	1.696
5185	1.7004
5186	1.6956
5187	1.702
5188	1.6957
5189	1.7013
5190	1.0034
5191	1.0055
5192	0.99882
5193	1.0008
5194	0.99398
5195	0.99613
5196	1.0341
5197	1.0327
5198	1.4551
5199	1.4511
5200	0.79213
5201	0.79415
5202	1.3673
5203	1.0055
5204	0.46098
5205	1.1979
5206	1.2995
5207	1.0744
5208	0.96889
5209	0.66729
5210	0.67034
5211	0.51015
5212	0.51308
5213	0.55844
5214	0.64323
5215	0.6396
5216	0.6467
5217	0.64295
5218	1.3953
5219	1.3941
5220	1.4
5221	1.3992
5222	1.4046
5223	1.4036
5224	1.4091
5225	1.4084
5226	1.4138
5227	1.4132
5228	0.52997
5229	0.5261
5230	0.52716
5231	0.52297
5232	0.52463
5233	0.52061
5234	0.52112
5235	0.51709
5236	0.51792
5237	0.51394
5238	0.64639
5239	0.64911
5240	0.65088
5241	0.65329
5242	1.5872
5243	1.5831
5244	1.5877
5245	1.5831
5246	1.5879
5247	1.5833
5248	0.8836
5249	0.88604
5250	0.88147
5251	0.88401
5252	0.87952
5253	0.88233
5254	0.87784
5255	0.88074
5256	0.88184
5257	0.88376
5258	0.87939
5259	0.8814
5260	0.8768
5261	0.87893
5262	0.87426
5263	0.87646
5264	0.8719
5265	0.87424
5266	1.3132
5267	1.3085
5268	1.3041
5269	0.95828
5270	0.95719
5271	0.96127
5272	0.96004
5273	0.96448
5274	0.9632
5275	0.96767
5276	0.96647
5277	0.97099
5278	0.96993
5279	0.86062
5280	0.86314
5281	0.41726
5282	0.41787
5283	0.864
5284	0.86576
5285	0.91656
5286	0.91587
5287	1.7037
5288	1.7013
5289	1.7106
5290	1.7087
5291	1.7045
5292	1.7019
5293	1.7054
5294	1.7025
5295	1.7065
5296	1.7032
5297	1.7075
5298	1.7041
5299	1.7086
5300	1.7051
5301	1.7096
5302	1.7068
5303	1.7078
5304	1.1802
5305	1.177
5306	1.1787
5307	1.1836
5308	1.1821
5309	1.1874
5310	1.1857
5311	1.1914
5312	1.1896
5313	1.1957
5314	1.1937
5315	1.2001
5316	1.1982
5317	1.2045
5318	1.2026
5319	1.209
5320	1.2072
5321	1.2136
5322	1.2116
5323	1.2181
5324	1.2162
5325	1.2227
5326	1.2208
5327	1.2273
5328	1.2253
5329	1.2318
5330	1.2296
5331	1.2364
5332	1.234
5333	1.2409
5334	1.2388
5335	1.2455
5336	1.2434
5337	1.25
5338	1.2479
5339	1.2546
5340	1.2524
5341	1.2591
5342	1.2571
5343	1.2637
5344	1.2617
5345	1.2682
5346	1.2662
5347	1.2728
5348	1.2708
5349	1.2773
5350	1.2753
5351	1.2818
5352	1.2798
5353	1.2864
5354	1.2844
5355	1.2909
5356	1.289
5357	1.2955
5358	1.2935
5359	1.3
5360	1.298
5361	1.3045
5362	1.3026
5363	1.3091
5364	1.3071
5365	1.3136
5366	1.3117
5367	1.3181
5368	1.3162
5369	1.3227
5370	1.3206
5371	1.3272
5372	1.3251
5373	1.3317
5374	1.3296
5375	1.3363
5376	1.3341
5377	1.3408
5378	1.3386
5379	1.3454
5380	1.3432
5381	1.3499
5382	1.3477
5383	1.3544
5384	1.3523
5385	1.359
5386	1.3568
5387	1.3635
5388	1.3614
5389	1.368
5390	1.366
5391	1.3726
5392	1.3705
5393	1.3771
5394	1.3751
5395	1.3816
5396	1.3797
5397	1.3862
5398	1.3842
5399	1.3907
5400	1.3887
5401	1.3952
5402	1.3934
5403	1.3998
5404	1.3978
5405	1.4043
5406	1.4023
5407	1.4088
5408	1.407
5409	1.4134
5410	1.4114
5411	1.4179
5412	1.4159
5413	1.4224
5414	1.4204
5415	1.427
5416	1.425
5417	1.4315
5418	1.4297
5419	1.436
5420	1.434
5421	1.4406
5422	1.4386
5423	1.4451
5424	1.4431
5425	1.4496
5426	1.4477
5427	1.4542
5428	1.4522
5429	1.4587
5430	1.4568
5431	1.4632
5432	1.4614
5433	1.4678
5434	1.466
5435	1.4723
5436	1.4705
5437	1.4768
5438	1.475
5439	1.4814
5440	1.4795
5441	1.4859
5442	1.484
5443	1.4904
5444	1.4885
5445	1.495
5446	1.493
5447	1.4995
5448	1.4975
5449	1.504
5450	1.502
5451	1.5086
5452	1.5066
5453	1.5131
5454	1.5111
5455	1.5176
5456	1.5157
5457	1.5222
5458	1.5201
5459	1.5267
5460	1.5246
5461	1.5312
5462	1.5291
5463	1.5357
5464	1.5336
5465	1.5403
5466	1.5382
5467	1.5448
5468	1.5427
5469	1.5493
5470	1.5473
5471	1.5539
5472	1.5518
5473	1.5584
5474	1.5563
5475	1.5629
5476	1.561
5477	1.5674
5478	1.5654
5479	1.572
5480	1.5699
5481	1.5765
5482	1.5744
5483	1.581
5484	1.579
5485	1.5855
5486	1.5835
5487	1.5901
5488	1.5881
5489	1.5946
5490	1.5926
5491	1.5991
5492	1.5971
5493	1.6037
5494	1.6017
5495	1.6082
5496	1.6062
5497	1.6127
5498	1.6107
5499	1.6172
5500	1.6151
5501	1.6218
5502	1.6196
5503	1.6263
5504	1.6241
5505	1.6308
5506	1.6286
5507	1.6353
5508	1.6332
5509	1.6399
5510	1.6377
5511	1.6444
5512	1.6423
5513	1.6489
5514	1.6468
5515	1.6534
5516	1.6513
5517	1.6579
5518	1.6557
5519	1.6625
5520	1.6603
5521	1.667
5522	1.6649
5523	1.6715
5524	1.6694
5525	1.676
5526	1.6741
5527	1.6805
5528	1.6786
5529	1.685
5530	1.6829
5531	1.6896
5532	1.6873
5533	1.6941
5534	1.6918
5535	1.6987
5536	1.6963
5537	1.7037
5538	1.701
5539	1.7058
5540	1.061
5541	1.0593
5542	1.0582
5543	1.0624
5544	1.0597
5545	1.0638
5546	1.0613
5547	1.0653
5548	1.0629
5549	1.0669
5550	1.0645
5551	1.0684
5552	1.0661
5553	1.0701
5554	1.0677
5555	1.0717
5556	1.0694
5557	1.0735
5558	1.0711
5559	1.0752
5560	1.0729
5561	1.077
5562	1.0747
5563	1.0788
5564	1.0766
5565	1.0807
5566	1.0784
5567	1.0826
5568	1.0804
5569	1.0846
5570	1.0823
5571	1.0866
5572	1.0844
5573	1.0886
5574	1.0864
5575	1.0906
5576	1.0884
5577	1.0927
5578	1.0905
5579	1.0949
5580	1.0925
5581	1.097
5582	1.0947
5583	1.0992
5584	1.0969
5585	1.1015
5586	1.0992
5587	1.1037
5588	1.1014
5589	1.106
5590	1.1037
5591	1.1083
5592	1.1061
5593	1.1107
5594	1.1085
5595	1.113
5596	1.1109
5597	1.1154
5598	1.1133
5599	1.1178
5600	1.1157
5601	1.1203
5602	1.1181
5603	1.1228
5604	1.1206
5605	1.1253
5606	1.1232
5607	1.1278
5608	1.1257
5609	1.1303
5610	1.1283
5611	1.1329
5612	1.1309
5613	1.1355
5614	1.1335
5615	1.1381
5616	1.1361
5617	1.1407
5618	1.1388
5619	1.1433
5620	1.1415
5621	1.146
5622	1.1442
5623	1.1486
5624	1.147
5625	1.1513
5626	1.1498
5627	1.154
5628	1.1524
5629	1.1567
5630	1.155
5631	1.1594
5632	1.1576
5633	1.1622
5634	1.1605
5635	1.1649
5636	1.1634
5637	1.1677
5638	1.1662
5639	1.1706
5640	1.169
5641	1.1737
5642	1.1721
5643	1.1754
5644	1.009
5645	1.0081
5646	1.0071
5647	1.0101
5648	1.008
5649	1.0114
5650	1.009
5651	1.0128
5652	1.0102
5653	1.0145
5654	1.0117
5655	1.0163
5656	1.0133
5657	1.0181
5658	1.0151
5659	1.0201
5660	1.017
5661	1.022
5662	1.0189
5663	1.0241
5664	1.0209
5665	1.0261
5666	1.0229
5667	1.0281
5668	1.0247
5669	1.0302
5670	1.027
5671	1.0323
5672	1.0291
5673	1.0344
5674	1.0311
5675	1.0365
5676	1.0334
5677	1.0386
5678	1.0355
5679	1.0408
5680	1.0374
5681	1.0429
5682	1.0395
5683	1.0451
5684	1.0415
5685	1.0472
5686	1.0436
5687	1.0494
5688	1.046
5689	1.0516
5690	1.0483
5691	1.0536
5692	1.0506
5693	1.0556
5694	1.0529
5695	1.0575
5696	1.0546
5697	1.0564
5698	0.95303
5699	0.95185
5700	1.0072
5701	1.0063
5702	1.0064
5703	1.0055
5704	1.0055
5705	1.0046
5706	1.0047
5707	1.0038
5708	1.0038
5709	1.003
5710	1.003
5711	1.0022
5712	1.0021
5713	1.0013
5714	1.0013
5715	1.0004
5716	1.0005
5717	0.99958
5718	0.99964
5719	0.99875
5720	0.99881
5721	0.99792
5722	0.99798
5723	0.99707
5724	0.99715
5725	0.9962
5726	0.99633
5727	0.99535
5728	0.99551
5729	0.99451
5730	0.9947
5731	0.99379
5732	0.99388
5733	0.99302
5734	0.99307
5735	0.99211
5736	0.99227
5737	0.99129
5738	0.99146
5739	0.99048
5740	0.99066
5741	0.98973
5742	0.98986
5743	0.98894
5744	0.98907
5745	0.98809
5746	0.98828
5747	0.9873
5748	0.98749
5749	0.98656
5750	0.98671
5751	0.98578
5752	0.98593
5753	0.98497
5754	0.98515
5755	0.98416
5756	0.98438
5757	0.98337
5758	0.9836
5759	0.98259
5760	0.98284
5761	0.98182
5762	0.98207
5763	0.98109
5764	0.98131
5765	0.98037
5766	0.98056
5767	0.97967
5768	0.97981
5769	0.97892
5770	0.97906
5771	0.97813
5772	0.97831
5773	0.97739
5774	0.97757
5775	0.97661
5776	0.97684
5777	0.97584
5778	0.9761
5779	0.97506
5780	0.97538
5781	0.9743
5782	0.97465
5783	0.97359
5784	0.97393
5785	0.97294
5786	0.97322
5787	0.97249
5788	0.9725
5789	0.97188
5790	0.9718
5791	0.97111
5792	0.9711
5793	0.97024
5794	0.9704
5795	0.96945
5796	0.9697
5797	0.96872
5798	0.96902
5799	0.96803
5800	0.96833
5801	0.96736
5802	0.96765
5803	0.9667
5804	0.96698
5805	0.96601
5806	0.96631
5807	0.96531
5808	0.96565
5809	0.96462
5810	0.96499
5811	0.96399
5812	0.96434
5813	0.9634
5814	0.96369
5815	0.96278
5816	0.96305
5817	0.9621
5818	0.96241
5819	0.96138
5820	0.96178
5821	0.96069
5822	0.96116
5823	0.96007
5824	0.96054
5825	0.95946
5826	0.95993
5827	0.95886
5828	0.95932
5829	0.95829
5830	0.95872
5831	0.9577
5832	0.95812
5833	0.95707
5834	0.95754
5835	0.9565
5836	0.95695
5837	0.95588
5838	0.95638
5839	0.95523
5840	0.95581
5841	0.9546
5842	0.95524
5843	0.95402
5844	0.95468
5845	0.95354
5846	0.95413
5847	0.95314
5848	0.95358
5849	0.95269
5850	0.95218
5851	0.81777
5852	0.81592
5853	0.81608
5854	0.81949
5855	0.8178
5856	0.82122
5857	0.81949
5858	0.82294
5859	0.82121
5860	0.82467
5861	0.82293
5862	0.82639
5863	0.82473
5864	0.82812
5865	0.82652
5866	0.82985
5867	0.82827
5868	0.83158
5869	0.83
5870	0.83331
5871	0.83175
5872	0.83505
5873	0.83349
5874	0.83678
5875	0.83518
5876	0.83852
5877	0.83686
5878	0.84025
5879	0.83858
5880	0.84199
5881	0.84034
5882	0.84373
5883	0.8421
5884	0.84547
5885	0.84385
5886	0.84721
5887	0.84559
5888	0.84895
5889	0.84733
5890	0.8507
5891	0.84909
5892	0.85244
5893	0.85088
5894	0.85419
5895	0.85267
5896	0.85593
5897	0.85442
5898	0.85768
5899	0.85602
5900	0.85943
5901	0.8577
5902	0.86118
5903	0.85949
5904	0.86293
5905	0.8613
5906	0.86468
5907	0.8631
5908	0.86644
5909	0.8649
5910	0.86819
5911	0.86669
5912	0.86994
5913	0.86845
5914	0.8717
5915	0.87028
5916	0.87346
5917	0.87206
5918	0.87522
5919	0.87375
5920	0.87698
5921	0.87541
5922	0.87874
5923	0.87702
5924	0.8805
5925	0.87875
5926	0.88226
5927	0.88053
5928	0.88402
5929	0.88235
5930	0.88579
5931	0.88416
5932	0.88755
5933	0.88596
5934	0.88932
5935	0.88772
5936	0.89108
5937	0.88945
5938	0.89285
5939	0.89121
5940	0.89462
5941	0.89294
5942	0.89639
5943	0.89464
5944	0.89816
5945	0.89641
5946	0.89993
5947	0.89821
5948	0.90171
5949	0.90003
5950	0.90348
5951	0.90185
5952	0.90526
5953	0.90367
5954	0.90703
5955	0.90548
5956	0.90881
5957	0.90731
5958	0.91059
5959	0.90911
5960	0.91236
5961	0.91081
5962	0.91414
5963	0.91271
5964	0.91593
5965	0.91442
5966	0.91771
5967	0.91615
5968	0.91949
5969	0.9179
5970	0.92127
5971	0.91967
5972	0.92306
5973	0.92144
5974	0.92485
5975	0.92321
5976	0.92663
5977	0.92499
5978	0.92842
5979	0.92684
5980	0.93021
5981	0.92874
5982	0.93201
5983	0.93045
5984	0.9338
5985	0.93217
5986	0.9356
5987	0.93395
5988	0.93739
5989	0.93579
5990	0.93919
5991	0.93763
5992	0.941
5993	0.93946
5994	0.9428
5995	0.94128
5996	0.94461
5997	0.94315
5998	0.94641
5999	0.94509
6000	0.94822
6001	0.94702
6002	0.95004
6003	0.94895
6004	0.951
6005	0.94985
6006	0.43923
6007	0.43667
6008	0.43928
6009	0.43654
6010	0.43937
6011	0.43657
6012	0.43952
6013	0.43671
6014	0.43971
6015	0.4371
6016	0.43995
6017	0.43748
6018	0.44024
6019	0.43749
6020	0.44057
6021	0.43763
6022	0.44096
6023	0.43792
6024	0.44139
6025	0.43829
6026	0.44186
6027	0.43878
6028	0.44239
6029	0.43924
6030	0.44296
6031	0.43976
6032	0.44358
6033	0.4403
6034	0.44424
6035	0.44109
6036	0.44495
6037	0.44183
6038	0.44571
6039	0.44268
6040	0.44652
6041	0.44337
6042	0.44737
6043	0.4442
6044	0.44826
6045	0.44503
6046	0.4492
6047	0.44594
6048	0.45018
6049	0.44697
6050	0.45121
6051	0.4481
6052	0.45229
6053	0.44933
6054	0.45341
6055	0.45081
6056	0.45457
6057	0.45158
6058	0.45577
6059	0.45271
6060	0.45702
6061	0.45387
6062	0.45831
6063	0.4553
6064	0.45964
6065	0.45661
6066	0.46102
6067	0.45801
6068	0.46244
6069	0.45945
6070	0.46389
6071	0.46089
6072	0.46539
6073	0.46222
6074	0.46693
6075	0.46376
6076	0.46851
6077	0.46527
6078	0.47013
6079	0.46691
6080	0.47178
6081	0.46878
6082	0.47348
6083	0.4703
6084	0.47522
6085	0.47209
6086	0.47699
6087	0.474
6088	0.4788
6089	0.47553
6090	0.48065
6091	0.47727
6092	0.48253
6093	0.47928
6094	0.48445
6095	0.48129
6096	0.48641
6097	0.48309
6098	0.4884
6099	0.48508
6100	0.49043
6101	0.48718
6102	0.49249
6103	0.48922
6104	0.49458
6105	0.49116
6106	0.49671
6107	0.49353
6108	0.49887
6109	0.49564
6110	0.50107
6111	0.49775
6112	0.5033
6113	0.49995
6114	0.50556
6115	0.50236
6116	0.50785
6117	0.50459
6118	0.51017
6119	0.50698
6120	0.51252
6121	0.50937
6122	0.51491
6123	0.51173
6124	0.51732
6125	0.51404
6126	0.51976
6127	0.51634
6128	0.52223
6129	0.51894
6130	0.52473
6131	0.52139
6132	0.52726
6133	0.52397
6134	0.52982
6135	0.52649
6136	0.5324
6137	0.52892
6138	0.53501
6139	0.53177
6140	0.53765
6141	0.53439
6142	0.54031
6143	0.53698
6144	0.543
6145	0.53955
6146	0.54572
6147	0.54239
6148	0.54846
6149	0.5452
6150	0.55122
6151	0.54795
6152	0.55401
6153	0.55067
6154	0.55683
6155	0.55352
6156	0.55966
6157	0.5565
6158	0.56252
6159	0.55943
6160	0.56541
6161	0.5621
6162	0.56831
6163	0.56499
6164	0.57124
6165	0.56779
6166	0.57419
6167	0.57073
6168	0.57716
6169	0.57376
6170	0.58016
6171	0.57673
6172	0.58317
6173	0.57978
6174	0.5862
6175	0.58288
6176	0.58926
6177	0.58599
6178	0.59233
6179	0.58895
6180	0.59543
6181	0.59217
6182	0.59854
6183	0.59519
6184	0.60167
6185	0.5982
6186	0.60482
6187	0.6015
6188	0.60799
6189	0.60452
6190	0.61118
6191	0.60773
6192	0.61439
6193	0.61104
6194	0.61761
6195	0.61421
6196	0.62085
6197	0.61751
6198	0.62411
6199	0.62073
6200	0.62738
6201	0.62386
6202	0.63067
6203	0.62714
6204	0.63398
6205	0.63055
6206	0.6373
6207	0.6337
6208	0.64064
6209	0.63701
6210	0.64399
6211	0.64042
6212	0.64736
6213	0.64371
6214	0.65075
6215	0.64725
6216	0.65415
6217	0.65063
6218	0.65756
6219	0.65415
6220	0.66099
6221	0.65756
6222	0.66443
6223	0.66086
6224	0.66788
6225	0.6645
6226	0.67135
6227	0.66801
6228	0.67483
6229	0.67155
6230	0.67833
6231	0.67504
6232	0.68183
6233	0.67841
6234	0.68535
6235	0.68194
6236	0.68889
6237	0.68546
6238	0.69243
6239	0.68885
6240	0.69599
6241	0.69239
6242	0.69956
6243	0.69594
6244	0.70314
6245	0.69958
6246	0.70673
6247	0.70321
6248	0.71033
6249	0.70677
6250	0.71394
6251	0.71048
6252	0.71757
6253	0.7141
6254	0.7212
6255	0.71765
6256	0.72485
6257	0.72126
6258	0.7285
6259	0.72504
6260	0.73217
6261	0.72878
6262	0.73585
6263	0.73248
6264	0.73953
6265	0.73617
6266	0.74323
6267	0.73963
6268	0.74693
6269	0.74343
6270	0.75064
6271	0.74703
6272	0.75436
6273	0.75077
6274	0.7581
6275	0.75446
6276	0.76184
6277	0.75843
6278	0.76558
6279	0.76224
6280	0.76934
6281	0.766
6282	0.7731
6283	0.76978
6284	0.77688
6285	0.77383
6286	0.78066
6287	0.7774
6288	0.78445
6289	0.78132
6290	0.78824
6291	0.78482
6292	0.79204
6293	0.78867
6294	0.79585
6295	0.79244
6296	0.79962
6297	0.7962
6298	0.80323
6299	0.79985
6300	0.80656
6301	0.80345
6302	0.80945
6303	0.80669
6304	0.81186
6305	0.80949
6306	0.81394
6307	0.81191
6308	0.81407
6309	0.39624
6310	0.39359
6311	0.40185
6312	0.39915
6313	0.40794
6314	0.40504
6315	0.41424
6316	0.4111
6317	0.42047
6318	0.417
6319	0.42626
6320	0.4231
6321	0.43155
6322	0.42866
6323	0.43397
6324	0.79178
6325	0.79365
6326	0.79352
6327	0.39364
6328	0.39651
6329	0.39375
6330	0.39659
6331	0.39391
6332	0.39663
6333	0.39413
6334	0.3968
6335	0.3944
6336	0.39724
6337	0.39473
6338	0.39748
6339	0.39511
6340	0.3978
6341	0.39554
6342	0.39815
6343	0.39603
6344	0.3986
6345	0.39657
6346	0.39913
6347	0.39717
6348	0.3996
6349	0.39781
6350	0.40032
6351	0.39851
6352	0.40102
6353	0.39927
6354	0.4018
6355	0.40007
6356	0.40253
6357	0.40093
6358	0.40337
6359	0.40184
6360	0.40428
6361	0.4028
6362	0.40513
6363	0.40381
6364	0.40596
6365	0.40487
6366	0.40696
6367	0.40598
6368	0.40782
6369	0.40714
6370	0.40899
6371	0.40835
6372	0.41011
6373	0.40961
6374	0.41145
6375	0.41091
6376	0.41294
6377	0.41227
6378	0.41403
6379	0.41367
6380	0.41551
6381	0.41512
6382	0.41708
6383	0.41662
6384	0.41824
6385	0.41816
6386	0.41967
6387	0.41975
6388	0.42136
6389	0.42138
6390	0.42307
6391	0.42305
6392	0.42464
6393	0.42478
6394	0.42634
6395	0.42654
6396	0.42795
6397	0.42835
6398	0.42966
6399	0.4302
6400	0.43156
6401	0.43209
6402	0.43358
6403	0.43402
6404	0.43518
6405	0.43599
6406	0.43724
6407	0.438
6408	0.43925
6409	0.44006
6410	0.44133
6411	0.44215
6412	0.44338
6413	0.44428
6414	0.44535
6415	0.44645
6416	0.44756
6417	0.44865
6418	0.44971
6419	0.4509
6420	0.45208
6421	0.45317
6422	0.45415
6423	0.45549
6424	0.45647
6425	0.45784
6426	0.45882
6427	0.46022
6428	0.46135
6429	0.46264
6430	0.46358
6431	0.46509
6432	0.46603
6433	0.46758
6434	0.46835
6435	0.4701
6436	0.47106
6437	0.47265
6438	0.47372
6439	0.47523
6440	0.47625
6441	0.47784
6442	0.47866
6443	0.48049
6444	0.4814
6445	0.48316
6446	0.48402
6447	0.48586
6448	0.4866
6449	0.4886
6450	0.48914
6451	0.49136
6452	0.49207
6453	0.49414
6454	0.49507
6455	0.49696
6456	0.49763
6457	0.4998
6458	0.50059
6459	0.50267
6460	0.50342
6461	0.50557
6462	0.50635
6463	0.50849
6464	0.5092
6465	0.51144
6466	0.51209
6467	0.51441
6468	0.51482
6469	0.51741
6470	0.51765
6471	0.52043
6472	0.52065
6473	0.52348
6474	0.52377
6475	0.52654
6476	0.52686
6477	0.52963
6478	0.52999
6479	0.53275
6480	0.53319
6481	0.53588
6482	0.53654
6483	0.53904
6484	0.5395
6485	0.54222
6486	0.54257
6487	0.54542
6488	0.54575
6489	0.54864
6490	0.54875
6491	0.55188
6492	0.55195
6493	0.55513
6494	0.55527
6495	0.55841
6496	0.55874
6497	0.56171
6498	0.5619
6499	0.56503
6500	0.56519
6501	0.56836
6502	0.56839
6503	0.57171
6504	0.57163
6505	0.57508
6506	0.57496
6507	0.57847
6508	0.57854
6509	0.58188
6510	0.58181
6511	0.5853
6512	0.58532
6513	0.58874
6514	0.58869
6515	0.59219
6516	0.5918
6517	0.59566
6518	0.59543
6519	0.59915
6520	0.59899
6521	0.60265
6522	0.60254
6523	0.60616
6524	0.60622
6525	0.60969
6526	0.60971
6527	0.61324
6528	0.61337
6529	0.6168
6530	0.61694
6531	0.62037
6532	0.62043
6533	0.62395
6534	0.62387
6535	0.62755
6536	0.62739
6537	0.63117
6538	0.6309
6539	0.63479
6540	0.63463
6541	0.63843
6542	0.63825
6543	0.64208
6544	0.64183
6545	0.64574
6546	0.64547
6547	0.64941
6548	0.64921
6549	0.6531
6550	0.65291
6551	0.65679
6552	0.65678
6553	0.6605
6554	0.6605
6555	0.66422
6556	0.66421
6557	0.66795
6558	0.66795
6559	0.67169
6560	0.67174
6561	0.67544
6562	0.67548
6563	0.67919
6564	0.67922
6565	0.68296
6566	0.68295
6567	0.68674
6568	0.68673
6569	0.69053
6570	0.69033
6571	0.69433
6572	0.69392
6573	0.69813
6574	0.69758
6575	0.70194
6576	0.70119
6577	0.70577
6578	0.70529
6579	0.7096
6580	0.70905
6581	0.71344
6582	0.71317
6583	0.71728
6584	0.71703
6585	0.72114
6586	0.72077
6587	0.725
6588	0.72454
6589	0.72887
6590	0.72839
6591	0.73275
6592	0.73223
6593	0.73664
6594	0.73604
6595	0.74053
6596	0.73981
6597	0.74443
6598	0.74364
6599	0.74833
6600	0.74757
6601	0.75225
6602	0.75142
6603	0.75616
6604	0.75549
6605	0.76009
6606	0.75939
6607	0.76402
6608	0.76323
6609	0.76796
6610	0.7672
6611	0.77186
6612	0.77118
6613	0.77566
6614	0.77506
6615	0.77925
6616	0.77871
6617	0.78251
6618	0.78208
6619	0.78535
6620	0.78505
6621	0.78773
6622	0.78758
6623	0.7898
6624	0.78971
6625	0.79162
6626	0.91355
6627	0.91484
6628	0.91535
6629	0.79542
6630	0.79535
6631	0.79719
6632	0.79717
6633	0.79896
6634	0.7989
6635	0.80074
6636	0.80051
6637	0.80251
6638	0.80227
6639	0.80429
6640	0.8041
6641	0.80606
6642	0.80593
6643	0.80784
6644	0.80777
6645	0.80962
6646	0.80959
6647	0.8114
6648	0.8113
6649	0.81318
6650	0.81297
6651	0.81496
6652	0.81479
6653	0.81675
6654	0.81663
6655	0.81853
6656	0.8184
6657	0.82032
6658	0.82015
6659	0.82211
6660	0.8219
6661	0.8239
6662	0.82367
6663	0.82569
6664	0.82549
6665	0.82748
6666	0.82732
6667	0.82927
6668	0.82917
6669	0.83106
6670	0.83102
6671	0.83286
6672	0.83284
6673	0.83466
6674	0.83461
6675	0.83646
6676	0.83634
6677	0.83826
6678	0.83803
6679	0.84006
6680	0.8398
6681	0.84186
6682	0.84164
6683	0.84367
6684	0.84347
6685	0.84547
6686	0.84532
6687	0.84728
6688	0.84716
6689	0.84909
6690	0.84899
6691	0.8509
6692	0.85083
6693	0.85271
6694	0.85265
6695	0.85452
6696	0.85447
6697	0.85634
6698	0.85621
6699	0.85815
6700	0.85792
6701	0.85997
6702	0.85972
6703	0.86179
6704	0.86157
6705	0.86361
6706	0.86341
6707	0.86544
6708	0.86521
6709	0.86726
6710	0.86703
6711	0.86909
6712	0.86888
6713	0.87092
6714	0.8707
6715	0.87275
6716	0.87254
6717	0.87458
6718	0.87435
6719	0.87642
6720	0.87616
6721	0.87825
6722	0.87799
6723	0.88009
6724	0.87985
6725	0.88193
6726	0.88174
6727	0.88377
6728	0.88362
6729	0.88561
6730	0.88549
6731	0.88746
6732	0.88724
6733	0.88931
6734	0.88897
6735	0.89116
6736	0.89084
6737	0.89301
6738	0.89274
6739	0.89486
6740	0.89463
6741	0.89672
6742	0.8965
6743	0.89858
6744	0.89833
6745	0.90044
6746	0.90018
6747	0.9023
6748	0.90206
6749	0.90417
6750	0.90395
6751	0.90603
6752	0.90585
6753	0.90791
6754	0.90775
6755	0.90978
6756	0.90967
6757	0.91166
6758	0.9116
6759	0.91352
6760	0.96673
6761	0.96782
6762	0.96872
6763	0.96584
6764	0.96767
6765	0.96495
6766	0.96667
6767	0.96407
6768	0.96567
6769	0.96319
6770	0.96472
6771	0.96231
6772	0.96382
6773	0.96143
6774	0.96299
6775	0.96056
6776	0.96215
6777	0.95968
6778	0.9613
6779	0.95881
6780	0.96042
6781	0.95795
6782	0.95958
6783	0.95709
6784	0.95878
6785	0.95622
6786	0.95791
6787	0.95537
6788	0.95703
6789	0.95451
6790	0.9562
6791	0.95366
6792	0.95541
6793	0.95281
6794	0.95455
6795	0.95196
6796	0.95373
6797	0.95112
6798	0.95294
6799	0.95028
6800	0.9521
6801	0.94944
6802	0.95124
6803	0.94861
6804	0.95038
6805	0.94778
6806	0.94952
6807	0.94695
6808	0.94868
6809	0.94612
6810	0.94784
6811	0.9453
6812	0.94706
6813	0.94448
6814	0.9463
6815	0.94367
6816	0.94551
6817	0.94286
6818	0.94465
6819	0.94205
6820	0.94382
6821	0.94124
6822	0.94301
6823	0.94044
6824	0.94217
6825	0.93964
6826	0.94137
6827	0.93884
6828	0.9406
6829	0.93805
6830	0.93979
6831	0.93726
6832	0.93903
6833	0.93648
6834	0.93827
6835	0.9357
6836	0.93744
6837	0.93492
6838	0.93663
6839	0.93415
6840	0.93587
6841	0.93338
6842	0.93514
6843	0.93261
6844	0.93443
6845	0.93185
6846	0.9336
6847	0.93109
6848	0.93283
6849	0.93034
6850	0.93211
6851	0.92959
6852	0.93136
6853	0.92884
6854	0.93058
6855	0.9281
6856	0.9298
6857	0.92736
6858	0.92903
6859	0.92663
6860	0.92829
6861	0.9259
6862	0.92756
6863	0.92518
6864	0.92684
6865	0.92446
6866	0.9261
6867	0.92375
6868	0.9254
6869	0.92304
6870	0.92474
6871	0.92233
6872	0.92403
6873	0.92163
6874	0.92331
6875	0.92093
6876	0.92261
6877	0.92024
6878	0.92189
6879	0.91956
6880	0.92116
6881	0.91887
6882	0.92045
6883	0.9182
6884	0.91981
6885	0.91752
6886	0.91921
6887	0.91685
6888	0.91858
6889	0.91618
6890	0.91788
6891	0.91552
6892	0.91712
6893	0.9163
6894	1.0197
6895	1.0213
6896	1.022
6897	1.018
6898	1.0204
6899	1.0161
6900	1.0188
6901	1.0141
6902	1.017
6903	1.012
6904	1.0152
6905	1.0098
6906	1.013
6907	1.0076
6908	1.0108
6909	1.0054
6910	1.0084
6911	1.0032
6912	1.0062
6913	1.001
6914	1.0042
6915	0.99881
6916	1.0021
6917	0.99663
6918	0.99985
6919	0.99445
6920	0.99766
6921	0.99229
6922	0.9954
6923	0.99014
6924	0.99343
6925	0.988
6926	0.99146
6927	0.98588
6928	0.9892
6929	0.98376
6930	0.98704
6931	0.98166
6932	0.985
6933	0.97958
6934	0.98287
6935	0.97751
6936	0.98099
6937	0.97551
6938	0.97878
6939	0.97363
6940	0.97672
6941	0.97193
6942	0.97483
6943	0.97043
6944	0.97321
6945	0.9691
6946	0.97163
6947	0.97013
6948	1.1722
6949	1.1748
6950	1.1737
6951	1.0227
6952	1.0235
6953	1.0242
6954	1.025
6955	1.0257
6956	1.0264
6957	1.0272
6958	1.0279
6959	1.0288
6960	1.0294
6961	1.0304
6962	1.0308
6963	1.0321
6964	1.0324
6965	1.0337
6966	1.0341
6967	1.0354
6968	1.0359
6969	1.0372
6970	1.0377
6971	1.039
6972	1.0395
6973	1.0408
6974	1.0413
6975	1.0426
6976	1.0431
6977	1.0445
6978	1.0448
6979	1.0464
6980	1.0466
6981	1.0484
6982	1.0486
6983	1.0503
6984	1.0506
6985	1.0523
6986	1.0526
6987	1.0543
6988	1.0547
6989	1.0564
6990	1.0567
6991	1.0585
6992	1.0587
6993	1.0606
6994	1.0607
6995	1.0627
6996	1.0627
6997	1.0649
6998	1.0648
6999	1.0671
7000	1.067
7001	1.0693
7002	1.0692
7003	1.0715
7004	1.0715
7005	1.0738
7006	1.0738
7007	1.0761
7008	1.076
7009	1.0784
7010	1.0783
7011	1.0807
7012	1.0806
7013	1.0831
7014	1.0829
7015	1.0855
7016	1.0852
7017	1.0879
7018	1.0876
7019	1.0903
7020	1.0901
7021	1.0927
7022	1.0925
7023	1.0952
7024	1.095
7025	1.0977
7026	1.0974
7027	1.1001
7028	1.0997
7029	1.1027
7030	1.1022
7031	1.1052
7032	1.1045
7033	1.1077
7034	1.1071
7035	1.1103
7036	1.1096
7037	1.1129
7038	1.1122
7039	1.1155
7040	1.1149
7041	1.1181
7042	1.1175
7043	1.1207
7044	1.12
7045	1.1233
7046	1.1226
7047	1.1259
7048	1.1252
7049	1.1286
7050	1.1278
7051	1.1313
7052	1.1305
7053	1.1339
7054	1.1332
7055	1.1366
7056	1.1359
7057	1.1393
7058	1.1386
7059	1.142
7060	1.1412
7061	1.1447
7062	1.1437
7063	1.1474
7064	1.1463
7065	1.1502
7066	1.149
7067	1.1529
7068	1.1517
7069	1.1556
7070	1.1544
7071	1.1584
7072	1.1572
7073	1.1611
7074	1.1599
7075	1.1639
7076	1.1626
7077	1.1666
7078	1.1654
7079	1.1694
7080	1.1681
7081	1.1709
7082	1.1824
7083	1.1852
7084	1.1838
7085	1.1773
7086	1.1763
7087	1.1798
7088	1.1787
7089	1.1812
7090	1.1886
7091	1.1869
7092	1.1923
7093	1.1903
7094	1.1963
7095	1.1941
7096	1.2005
7097	1.1983
7098	1.2048
7099	1.2026
7100	1.2093
7101	1.2071
7102	1.2138
7103	1.2115
7104	1.2182
7105	1.2159
7106	1.2228
7107	1.2203
7108	1.2273
7109	1.2247
7110	1.2318
7111	1.2292
7112	1.2364
7113	1.2336
7114	1.2409
7115	1.2379
7116	1.2454
7117	1.2428
7118	1.25
7119	1.2475
7120	1.2545
7121	1.252
7122	1.259
7123	1.2567
7124	1.2636
7125	1.2613
7126	1.2681
7127	1.2657
7128	1.2727
7129	1.2702
7130	1.2772
7131	1.2748
7132	1.2817
7133	1.2793
7134	1.2863
7135	1.2838
7136	1.2908
7137	1.2884
7138	1.2954
7139	1.293
7140	1.2999
7141	1.2973
7142	1.3044
7143	1.3017
7144	1.309
7145	1.3062
7146	1.3135
7147	1.3108
7148	1.318
7149	1.3153
7150	1.3226
7151	1.3199
7152	1.3271
7153	1.3245
7154	1.3316
7155	1.3291
7156	1.3362
7157	1.3336
7158	1.3407
7159	1.3382
7160	1.3452
7161	1.3428
7162	1.3498
7163	1.3474
7164	1.3543
7165	1.3519
7166	1.3588
7167	1.3563
7168	1.3634
7169	1.361
7170	1.3679
7171	1.3655
7172	1.3724
7173	1.3702
7174	1.3769
7175	1.3746
7176	1.3815
7177	1.379
7178	1.386
7179	1.3837
7180	1.3905
7181	1.3881
7182	1.395
7183	1.3926
7184	1.3996
7185	1.3971
7186	1.4041
7187	1.4016
7188	1.4086
7189	1.4062
7190	1.4132
7191	1.4106
7192	1.4177
7193	1.4151
7194	1.4222
7195	1.4196
7196	1.4267
7197	1.4241
7198	1.4313
7199	1.4286
7200	1.4358
7201	1.4331
7202	1.4403
7203	1.4376
7204	1.4448
7205	1.4422
7206	1.4493
7207	1.4469
7208	1.4539
7209	1.4514
7210	1.4584
7211	1.4558
7212	1.4629
7213	1.4601
7214	1.4674
7215	1.4648
7216	1.4719
7217	1.4693
7218	1.4765
7219	1.4737
7220	1.481
7221	1.4782
7222	1.4855
7223	1.4826
7224	1.49
7225	1.4872
7226	1.4945
7227	1.4918
7228	1.4991
7229	1.4964
7230	1.5036
7231	1.501
7232	1.5081
7233	1.5056
7234	1.5126
7235	1.5101
7236	1.5171
7237	1.5146
7238	1.5217
7239	1.5192
7240	1.5262
7241	1.5237
7242	1.5307
7243	1.5284
7244	1.5352
7245	1.5328
7246	1.5397
7247	1.5372
7248	1.5443
7249	1.5417
7250	1.5488
7251	1.5462
7252	1.5533
7253	1.5507
7254	1.5578
7255	1.5552
7256	1.5624
7257	1.5598
7258	1.5669
7259	1.5643
7260	1.5714
7261	1.5688
7262	1.5759
7263	1.5733
7264	1.5804
7265	1.5777
7266	1.585
7267	1.5825
7268	1.5895
7269	1.587
7270	1.594
7271	1.5915
7272	1.5985
7273	1.5959
7274	1.603
7275	1.6004
7276	1.6076
7277	1.6049
7278	1.6121
7279	1.6093
7280	1.6166
7281	1.6138
7282	1.6211
7283	1.6185
7284	1.6256
7285	1.6231
7286	1.6302
7287	1.6277
7288	1.6347
7289	1.6323
7290	1.6392
7291	1.6369
7292	1.6437
7293	1.6415
7294	1.6483
7295	1.646
7296	1.6528
7297	1.6505
7298	1.6573
7299	1.655
7300	1.6618
7301	1.6596
7302	1.6664
7303	1.6639
7304	1.6709
7305	1.6685
7306	1.6754
7307	1.6729
7308	1.6799
7309	1.6774
7310	1.6844
7311	1.6819
7312	1.6889
7313	1.6865
7314	1.6931
7315	1.6909
7316	1.6972
7317	1.6952
7318	1.6994
7319	0.94683
7320	0.94484
7321	0.94468
7322	0.94673
7323	1.0262
7324	1.0262
7325	1.0228
7326	1.0225
7327	0.85895
7328	0.86202
7329	0.86088
7330	0.86009
7331	0.86218
7332	0.85671
7333	0.85735
7334	0.85526
7335	0.85603
7336	0.85266
7337	0.8541
7338	0.85516
7339	0.85418
7340	0.9587
7341	0.96003
7342	0.95736
7343	0.95658
7344	0.94643
7345	0.949
7346	0.94753
7347	0.95019
7348	0.97807
7349	0.97481
7350	0.97584
7351	0.9773
7352	0.94377
7353	0.94287
7354	0.94527
7355	0.98245
7356	0.9839
7357	0.9839
7358	0.98627
7359	0.98171
7360	0.98383
7361	0.98305
7362	0.98117
7363	0.98027
7364	0.98123
7365	0.97898
7366	0.98245
7367	0.97951
7368	0.95327
7369	0.95685
7370	0.9558
7371	0.95433
7372	0.95158
7373	0.94785
7374	0.95044
7375	0.94873
7376	0.95093
7377	0.9506
7378	0.94863
7379	0.94754
7380	0.94937
7381	0.90147
7382	0.90016
7383	0.89891
7384	0.89779
7385	0.90393
7386	0.90308
7387	0.90555
7388	0.83826
7389	0.84168
7390	0.83922
7391	0.84065
7392	0.825
7393	0.82776
7394	0.82582
7395	0.82837
7396	0.82144
7397	0.82237
7398	0.82452
7399	0.81861
7400	0.8214
7401	0.81728
7402	0.81901
7403	0.83493
7404	0.83736
7405	0.83573
7406	0.83411
7407	0.83245
7408	0.83168
7409	0.84391
7410	0.84267
7411	0.84508
7412	0.8558
7413	0.85442
7414	0.85785
7415	0.86612
7416	0.86633
7417	0.86367
7418	0.86412
7419	0.87109
7420	0.87349
7421	0.87097
7422	0.87322
7423	0.87786
7424	0.8758
7425	0.87814
7426	0.8755
7427	0.89354
7428	0.89444
7429	0.89125
7430	0.89205
7431	0.94334
7432	0.94555
7433	0.94267
7434	0.94174
7435	0.94095
7436	0.94464
7437	0.94526
7438	0.94488
7439	0.9473
7440	0.949
7441	0.94242
7442	0.9425
7443	0.95207
7444	0.94973
7445	0.95077
7446	0.95749
7447	0.96104
7448	0.95955
7449	0.95601
7450	0.95412
7451	0.95537
7452	0.96929
7453	0.9659
7454	0.96701
7455	0.96826
7456	0.97368
7457	0.97033
7458	0.97248
7459	0.97147
7460	0.9774
7461	0.97413
7462	0.9771
7463	0.97505
7464	0.86445
7465	0.86217
7466	0.86454
7467	0.86637
7468	0.86681
7469	0.86461
7470	0.80096
7471	0.79951
7472	0.79771
7473	0.79643
7474	0.80396
7475	0.80551
7476	0.80225
7477	0.80603
7478	0.80813
7479	0.80434
7480	0.80612
7481	0.96236
7482	0.96364
7483	0.96104
7484	0.96317
7485	0.96457
7486	0.86857
7487	0.8686
7488	0.86539
7489	0.86879
7490	0.87148
7491	0.85759
7492	0.85784
7493	0.85919
7494	0.85928
7495	0.85575
7496	0.93918
7497	0.94251
7498	0.93972
7499	0.93665
7500	0.93839
7501	0.93619
7502	0.9653
7503	0.96169
7504	0.96385
7505	0.95554
7506	0.95778
7507	0.95676
7508	0.95431
7509	0.89588
7510	0.89915
7511	0.89818
7512	0.89678
7513	0.91032
7514	0.90636
7515	0.90887
7516	0.90797
7517	0.88012
7518	0.88022
7519	0.87771
7520	0.89513
7521	0.89285
7522	0.86088
7523	0.86251
7524	0.83655
7525	0.83902
7526	0.83975
7527	0.9124
7528	0.91197
7529	0.91444
7530	0.80526
7531	0.80251
7532	0.80688
7533	0.83669
7534	0.84022
7535	0.83755
7536	0.86867
7537	0.86653
7538	0.89358
7539	0.89651
7540	0.89539
7541	0.893
7542	0.95232
7543	0.95072
7544	0.9546
7545	0.95382
7546	1.0788
7547	1.0803
7548	1.0822
7549	1.0829
7550	1.0726
7551	1.0753
7552	1.0721
7553	1.0756
7554	0.98727
7555	0.98955
7556	0.98569
7557	0.98805
7558	0.94839
7559	0.94632
7560	0.94738
7561	0.87388
7562	0.87622
7563	0.8758
7564	0.97265
7565	0.97141
7566	0.9719
7567	0.97404
7568	0.98596
7569	0.98674
7570	0.98456
7571	0.98849
7572	0.98519
7573	0.98444
7574	0.98341
7575	0.98235
7576	0.9798
7577	0.98215
7578	0.9795
7579	0.98126
7580	0.98053
7581	0.97821
7582	0.97491
7583	0.97613
7584	0.97392
7585	0.97271
7586	0.97708
7587	0.97586
7588	0.97179
7589	0.97252
7590	0.97032
7591	0.97443
7592	0.97397
7593	0.97302
7594	0.97076
7595	0.95799
7596	0.95942
7597	0.96029
7598	0.95688
7599	0.95417
7600	0.95303
7601	0.9538
7602	0.95207
7603	0.95189
7604	0.94685
7605	0.94905
7606	0.95198
7607	0.95124
7608	0.95088
7609	0.90151
7610	0.90262
7611	0.88244
7612	0.88244
7613	0.8801
7614	0.84928
7615	0.84605
7616	0.8481
7617	0.84722
7618	0.85112
7619	0.85066
7620	0.84509
7621	0.84288
7622	0.83585
7623	0.83341
7624	0.82987
7625	0.82728
7626	0.83037
7627	0.8068
7628	0.80986
7629	0.80843
7630	0.81261
7631	0.81517
7632	0.81415
7633	0.81119
7634	0.80372
7635	0.80814
7636	0.81024
7637	0.81196
7638	0.80956
7639	0.81955
7640	0.81747
7641	0.81576
7642	0.81624
7643	0.82319
7644	0.82077
7645	0.82423
7646	0.82657
7647	0.83325
7648	0.83405
7649	0.83067
7650	0.82989
7651	0.84389
7652	0.84517
7653	0.84629
7654	0.84771
7655	0.84109
7656	0.85075
7657	0.84673
7658	0.84889
7659	0.84926
7660	0.85672
7661	0.85479
7662	0.85371
7663	0.85233
7664	0.85297
7665	0.85731
7666	0.85877
7667	0.85935
7668	0.86869
7669	0.86658
7670	0.86865
7671	0.86656
7672	0.87084
7673	0.89389
7674	0.89155
7675	0.89101
7676	0.8943
7677	0.89681
7678	0.89671
7679	0.93457
7680	0.93457
7681	0.93719
7682	0.9376
7683	0.94027
7684	0.94119
7685	0.94204
7686	0.94593
7687	0.94676
7688	0.94936
7689	0.94824
7690	0.9567
7691	0.95455
7692	0.95808
7693	0.95222
7694	0.95045
7695	0.95347
7696	0.95265
7697	0.95104
7698	0.95766
7699	0.95648
7700	0.95885
7701	0.95998
7702	0.95543
7703	0.95893
7704	0.96475
7705	0.9636
7706	0.96712
7707	0.96591
7708	0.96245
7709	0.96358
7710	0.9723
7711	0.97054
7712	0.97369
7713	0.97047
7714	0.97378
7715	0.97167
7716	0.98042
7717	0.97883
7718	0.98028
7719	0.98309
7720	0.98562
7721	0.98187
7722	1.0429
7723	1.0459
7724	1.0472
7725	1.0456
7726	1.0509
7727	1.05
7728	1.0535
7729	1.0529
7730	1.0516
7731	1.0481
7732	1.0488
7733	1.0593
7734	1.0599
7735	1.0566
7736	1.0571
7737	1.0589
7738	1.0621
7739	1.0617
7740	1.0695
7741	1.0697
7742	1.0728
7743	1.0923
7744	1.0902
7745	1.0896
7746	1.093
7747	1.1025
7748	1.1001
7749	1.1021
7750	1.0995
7751	1.105
7752	1.103
7753	1.1055
7754	1.1313
7755	1.129
7756	1.1302
7757	1.128
7758	1.1349
7759	1.1387
7760	1.1371
7761	1.136
7762	1.1335
7763	1.1324
7764	1.1408
7765	1.1409
7766	1.1394
7767	1.1427
7768	1.1509
7769	1.1488
7770	1.1469
7771	1.1489
7772	1.1547
7773	1.1566
7774	1.1563
7775	1.1582
7776	1.1528
7777	1.1529
7778	1.1682
7779	1.1701
7780	1.1696
7781	1.1715
7782	1.1668
7783	1.1664
7784	1.165
7785	1.1824
7786	1.1801
7787	1.1805
7788	1.1785
7789	0.94561
7790	0.94417
7791	0.94277
7792	0.94356
7793	0.80355
7794	0.80518
7795	0.80764
7796	1.0783
7797	1.0744
7798	1.0764
7799	0.85697
7800	0.85909
7801	0.85836
7802	0.82249
7803	0.82448
7804	0.82467
7805	1.143
7806	1.1393
7807	1.1414
7808	0.96008
7809	0.95911
7810	0.96111
7811	0.79901
7812	0.80077
7813	0.80095
7814	0.79816
7815	0.80203
7816	0.80072
7817	0.8026
7818	0.93708
7819	0.93826
7820	0.93644
7821	0.93966
7822	0.93974
7823	1.0493
7824	1.0516
7825	1.0489
7826	1.0522
7827	1.0789
7828	1.0778
7829	1.0813
7830	1.1139
7831	1.1112
7832	1.1129
7833	1.1103
7834	1.1046
7835	1.1072
7836	1.1076
7837	1.0817
7838	1.0847
7839	1.0852
7840	1.0945
7841	1.0918
7842	1.095
7843	1.0698
7844	1.07
7845	1.0728
7846	1.0729
7847	1.0786
7848	1.0814
7849	0.87346
7850	0.87409
7851	0.87634
7852	0.94885
7853	0.9471
7854	1.117
7855	1.1193
7856	1.1201
7857	1.1179
7858	0.96463
7859	0.96585
7860	0.96711
7861	0.96672
7862	0.9667
7863	0.96891
7864	0.96744
7865	0.91889
7866	0.92292
7867	0.92357
7868	0.9228
7869	0.92095
7870	0.91935
7871	0.90055
7872	0.89744
7873	0.89969
7874	0.87465
7875	0.87699
7876	0.87671
7877	0.87751
7878	0.87151
7879	0.87371
7880	0.86044
7881	0.8617
7882	0.86203
7883	0.821
7884	0.8233
7885	0.82011
7886	0.88069
7887	0.87863
7888	0.87786
7889	0.88002
7890	0.94029
7891	0.94181
7892	0.93948
7893	1.0712
7894	1.0686
7895	1.069
7896	0.93351
7897	0.93587
7898	0.93263
7899	0.93477
7900	1.1866
7901	1.1842
7902	1.1845
7903	1.1891
7904	1.1909
7905	1.1885
7906	1.1687
7907	1.1673
7908	1.1653
7909	1.1706
7910	1.172
7911	1.1548
7912	1.1528
7913	1.1509
7914	1.1568
7915	1.1585
7916	1.1452
7917	1.1449
7918	1.147
7919	1.1357
7920	1.1343
7921	1.1324
7922	1.1379
7923	1.1163
7924	1.1146
7925	1.1138
7926	1.0632
7927	1.0626
7928	1.0605
7929	1.055
7930	1.0542
7931	1.0522
7932	0.99165
7933	0.99365
7934	0.99208
7935	0.99016
7936	0.98926
7937	0.98971
7938	0.98766
7939	0.99077
7940	0.99132
7941	0.99194
7942	0.98761
7943	0.98545
7944	0.98652
7945	0.98287
7946	0.98507
7947	0.98424
7948	0.9836
7949	0.98147
7950	0.97735
7951	0.97947
7952	0.9783
7953	0.97654
7954	0.97781
7955	0.97576
7956	0.97848
7957	0.97513
7958	0.97565
7959	0.9747
7960	0.97354
7961	0.97038
7962	0.97246
7963	0.96921
7964	0.9714
7965	0.97154
7966	0.96816
7967	0.96926
7968	0.96237
7969	0.95907
7970	0.96136
7971	0.95797
7972	0.95879
7973	0.95526
7974	0.95642
7975	0.96061
7976	0.95474
7977	0.95376
7978	0.95302
7979	0.95559
7980	0.95649
7981	0.95498
7982	0.9546
7983	0.95213
7984	0.91688
7985	0.91403
7986	0.91648
7987	0.90269
7988	0.90385
7989	0.88691
7990	0.88904
7991	0.88927
7992	0.88705
7993	0.88469
7994	0.88474
7995	0.88251
7996	0.8868
7997	0.88468
7998	0.85486
7999	0.85415
8000	0.85257
8001	0.85629
8002	0.84713
8003	0.84915
8004	0.84994
8005	0.84645
8006	0.84423
8007	0.83832
8008	0.8407
8009	0.84129
8010	0.838
8011	0.83543
8012	0.83181
8013	0.8325
8014	0.8296
8015	0.81424
8016	0.81316
8017	0.81069
8018	0.81862
8019	0.81679
8020	0.81773
8021	0.915
8022	0.91646
8023	0.91778
8024	0.9131
8025	0.79574
8026	0.79442
8027	0.79963
8028	0.80558
8029	0.80438
8030	0.80755
8031	0.8114
8032	0.81304
8033	0.81351
8034	0.81065
8035	0.81869
8036	0.81647
8037	0.81606
8038	0.81995
8039	0.81888
8040	0.8218
8041	0.82824
8042	0.82591
8043	0.82511
8044	0.82746
8045	0.83148
8046	0.83218
8047	0.83491
8048	0.82891
8049	0.84238
8050	0.84312
8051	0.84512
8052	0.83865
8053	0.83978
8054	0.83842
8055	0.85047
8056	0.84845
8057	0.84729
8058	0.85314
8059	0.85347
8060	0.85538
8061	0.85129
8062	0.86449
8063	0.86472
8064	0.86652
8065	0.8625
8066	0.86447
8067	0.86234
8068	0.87108
8069	0.87087
8070	0.87315
8071	0.88347
8072	0.88632
8073	0.88405
8074	0.88567
8075	0.8813
8076	0.88281
8077	0.8892
8078	0.89197
8079	0.88977
8080	0.88703
8081	0.88865
8082	0.89234
8083	0.89466
8084	0.90267
8085	0.90057
8086	0.90011
8087	0.90153
8088	0.90528
8089	0.90307
8090	0.90509
8091	0.91637
8092	0.91401
8093	0.91242
8094	0.92847
8095	0.93115
8096	0.92797
8097	0.93026
8098	0.93282
8099	0.93063
8100	0.93164
8101	0.93378
8102	0.93251
8103	0.93149
8104	0.93501
8105	0.9325
8106	0.93411
8107	0.93216
8108	0.93061
8109	0.93061
8110	0.9354
8111	0.93451
8112	0.93347
8113	0.93888
8114	0.93776
8115	0.93817
8116	0.93678
8117	0.93973
8118	0.94338
8119	0.94281
8120	0.94493
8121	0.95327
8122	0.95101
8123	0.94927
8124	0.94806
8125	0.9494
8126	0.95426
8127	0.95319
8128	0.95547
8129	0.95214
8130	0.9613
8131	0.96014
8132	0.96252
8133	0.95912
8134	0.96027
8135	0.96929
8136	0.9702
8137	0.96828
8138	0.96871
8139	0.96731
8140	0.96686
8141	0.96799
8142	0.97134
8143	0.96931
8144	0.97255
8145	0.97158
8146	0.97344
8147	0.97471
8148	0.97048
8149	0.97348
8150	0.99163
8151	0.98893
8152	0.99144
8153	0.99354
8154	0.99331
8155	0.99426
8156	0.99023
8157	1.0405
8158	1.0381
8159	1.0376
8160	1.0352
8161	1.0381
8162	1.0386
8163	1.0414
8164	1.0412
8165	1.0473
8166	1.0467
8167	1.0448
8168	1.0453
8169	1.0538
8170	1.0561
8171	1.0533
8172	1.0511
8173	1.0543
8174	1.0556
8175	1.0584
8176	1.0877
8177	1.0888
8178	1.0877
8179	1.091
8180	1.1006
8181	1.0981
8182	1.0976
8183	1.101
8184	1.1037
8185	1.1149
8186	1.1165
8187	1.1174
8188	1.1301
8189	1.1276
8190	1.1268
8191	1.1335
8192	1.1367
8193	1.1345
8194	1.131
8195	1.1397
8196	1.1409
8197	1.143
8198	1.1377
8199	1.1507
8200	1.1483
8201	1.1467
8202	1.1545
8203	1.1558
8204	1.1579
8205	1.1523
8206	1.1692
8207	1.1678
8208	1.1711
8209	1.182
8210	1.1796
8211	1.178
8212	0.95061
8213	0.95291
8214	0.95316
8215	0.95125
8216	0.94856
8217	0.94741
8218	0.94928
8219	0.94598
8220	0.95071
8221	0.94799
8222	0.94853
8223	0.94665
8224	0.94567
8225	0.94456
8226	0.94674
8227	0.94342
8228	1.1043
8229	1.1016
8230	1.0786
8231	1.0758
8232	0.96549
8233	0.96504
8234	0.96204
8235	0.96291
8236	0.94731
8237	1.0748
8238	1.0737
8239	1.0768
8240	1.0757
8241	1.4461
8242	1.4483
8243	1.4476
8244	1.4495
8245	1.3718
8246	1.3718
8247	1.3696
8248	1.374
8249	1.1003
8250	1.0972
8251	1.0998
8252	1.0978
8253	1.0878
8254	1.0872
8255	1.0844
8256	1.0379
8257	1.0383
8258	1.0349
8259	1.0352
8260	1.0297
8261	1.0325
8262	1.0297
8263	1.0331
8264	1.0342
8265	1.0114
8266	1.0124
8267	1.0088
8268	1.0078
8269	0.99591
8270	0.99662
8271	0.99254
8272	0.99312
8273	0.97674
8274	0.97573
8275	0.97791
8276	0.97464
8277	0.96798
8278	0.91355
8279	0.91095
8280	0.91418
8281	0.89668
8282	0.89456
8283	0.87887
8284	0.87851
8285	0.8711
8286	0.86904
8287	0.87578
8288	0.87774
8289	0.87788
8290	0.86033
8291	0.86103
8292	0.86744
8293	0.86589
8294	0.8672
8295	0.86521
8296	0.82147
8297	0.82021
8298	0.82808
8299	0.82882
8300	0.82631
8301	0.82825
8302	0.8062
8303	0.80241
8304	0.8051
8305	0.92009
8306	0.91763
8307	0.91915
8308	0.92609
8309	0.92899
8310	0.92618
8311	0.4296
8312	0.4265
8313	0.42693
8314	0.42428
8315	0.46187
8316	0.45965
8317	0.46305
8318	0.45862
8319	0.46985
8320	0.46648
8321	0.46549
8322	0.46859
8323	0.5328
8324	0.52889
8325	0.53092
8326	0.52775
8327	0.60659
8328	0.60326
8329	0.60753
8330	0.60376
8331	0.94078
8332	0.94421
8333	0.94131
8334	0.94503
8335	0.94308
8336	0.94399
8337	0.95554
8338	0.9567
8339	0.95898
8340	0.95791
8341	0.95705
8342	0.9551
8343	0.95605
8344	0.95819
8345	1.0289
8346	1.0257
8347	1.0704
8348	1.0725
8349	1.1498
8350	1.1472
8351	1.146
8352	1.1862
8353	1.1837
8354	1.2236
8355	1.2215
8356	1.2174
8357	1.2204
8358	1.4384
8359	1.4356
8360	1.4404
8361	1.4378
8362	1.5445
8363	1.547
8364	1.545
8365	1.5425
8366	0.94248
8367	0.94121
8368	0.94354
8369	0.94474
8370	0.93167
8371	0.93428
8372	1.1048
8373	1.1084
8374	1.106
8375	1.1048
8376	1.1074
8377	1.6716
8378	1.6666
8379	1.6697
8380	1.6691
8381	1.6766
8382	1.6741
8383	1.6744
8384	1.6614
8385	1.6562
8386	1.6593
8387	1.6584
8388	1.6645
8389	1.6636
8390	1.6509
8391	1.6458
8392	1.6485
8393	1.6482
8394	1.6533
8395	1.6539
8396	1.6109
8397	1.6061
8398	1.6097
8399	1.6085
8400	1.6158
8401	1.612
8402	1.6133
8403	1.601
8404	1.5982
8405	1.5957
8406	1.5984
8407	1.6035
8408	1.604
8409	1.576
8410	1.5707
8411	1.5739
8412	1.5722
8413	1.5742
8414	1.5786
8415	1.5789
8416	1.5808
8417	1.5686
8418	1.5674
8419	1.5656
8420	1.551
8421	1.5464
8422	1.5489
8423	1.5483
8424	1.553
8425	1.5537
8426	1.5558
8427	1.5439
8428	1.5418
8429	1.5119
8430	1.51
8431	1.5143
8432	1.5127
8433	1.5042
8434	1.5033
8435	1.5058
8436	1.5014
8437	1.4623
8438	1.4642
8439	1.4668
8440	1.4655
8441	1.4605
8442	1.4591
8443	1.4575
8444	1.4415
8445	1.4436
8446	1.444
8447	1.4361
8448	1.4309
8449	1.4333
8450	1.4335
8451	1.4387
8452	1.4258
8453	1.4207
8454	1.4233
8455	1.4231
8456	1.4283
8457	1.4284
8458	1.4185
8459	1.418
8460	1.4157
8461	1.3875
8462	1.3901
8463	1.3896
8464	1.3919
8465	1.3855
8466	1.3851
8467	1.383
8468	1.3605
8469	1.3629
8470	1.3626
8471	1.3651
8472	1.3557
8473	1.3509
8474	1.3533
8475	1.3531
8476	1.3582
8477	1.3579
8478	1.3355
8479	1.3378
8480	1.3382
8481	1.3407
8482	1.3105
8483	1.3059
8484	1.3081
8485	1.3083
8486	1.3154
8487	1.3129
8488	1.3131
8489	1.3037
8490	1.3017
8491	1.3039
8492	1.2932
8493	1.2954
8494	1.2955
8495	1.2975
8496	1.2789
8497	1.2835
8498	1.2814
8499	1.2805
8500	1.2744
8501	1.2754
8502	1.277
8503	1.2628
8504	1.2648
8505	1.2626
8506	1.2603
8507	1.2462
8508	1.2494
8509	1.2485
8510	1.2509
8511	1.2443
8512	1.2435
8513	1.2402
8514	1.2139
8515	1.2136
8516	1.2103
8517	1.2166
8518	1.2019
8519	1.2024
8520	1.2044
8521	1.1999
8522	1.1896
8523	1.1919
8524	1.187
8525	1.1712
8526	1.1692
8527	1.1726
8528	1.1623
8529	1.1658
8530	1.1645
8531	1.1639
8532	1.1587
8533	1.1611
8534	1.1604
8535	1.1549
8536	1.1576
8537	1.1547
8538	1.1436
8539	1.14
8540	1.1421
8541	1.1472
8542	1.1492
8543	1.1509
8544	1.149
8545	1.1456
8546	1.1387
8547	1.1365
8548	1.1324
8549	1.1333
8550	1.1313
8551	1.1303
8552	1.1237
8553	1.1215
8554	1.1223
8555	1.1244
8556	1.118
8557	1.1186
8558	1.1157
8559	1.1037
8560	1.1058
8561	1.1069
8562	1.1068
8563	1.1027
8564	1.1009
8565	1.0941
8566	1.0912
8567	1.094
8568	1.0914
8569	1.0968
8570	1.0903
8571	1.0914
8572	1.0883
8573	1.0787
8574	1.0817
8575	1.0814
8576	1.0781
8577	1.0791
8578	1.0758
8579	1.0759
8580	1.0658
8581	1.0683
8582	1.0652
8583	1.0679
8584	1.0663
8585	1.0637
8586	1.0558
8587	1.0539
8588	1.0565
8589	1.053
8590	1.0577
8591	1.0602
8592	1.0569
8593	1.0596
8594	1.0583
8595	1.0449
8596	1.0487
8597	1.0484
8598	1.0442
8599	1.0429
8600	1.0415
8601	1.0447
8602	1.0405
8603	1.0454
8604	1.0425
8605	1.0399
8606	1.0386
8607	1.0415
8608	1.0426
8609	1.0393
8610	1.0529
8611	1.0518
8612	1.0519
8613	1.05
8614	1.0356
8615	1.0317
8616	1.0372
8617	1.0396
8618	1.0258
8619	1.0212
8620	1.0223
8621	1.0258
8622	1.0296
8623	1.0177
8624	1.0154
8625	1.014
8626	1.0189
8627	1.0167
8628	1.0209
8629	1.022
8630	1.0136
8631	1.0102
8632	1.0152
8633	1.0121
8634	1.0169
8635	0.99541
8636	0.99912
8637	0.99905
8638	0.99757
8639	0.99876
8640	0.99617
8641	1.0008
8642	0.99983
8643	0.996
8644	0.99784
8645	0.99376
8646	0.99586
8647	0.99512
8648	0.99429
8649	0.99612
8650	0.9965
8651	0.99574
8652	0.99711
8653	0.99176
8654	0.99246
8655	0.99051
8656	0.99305
8657	0.99372
8658	0.99031
8659	0.99071
8660	0.98955
8661	0.98845
8662	0.9951
8663	0.98579
8664	0.9879
8665	0.9871
8666	0.98161
8667	0.9806
8668	0.98263
8669	0.98368
8670	0.98044
8671	0.9826
8672	0.97976
8673	0.97889
8674	0.98103
8675	0.98164
8676	0.97778
8677	0.97869
8678	0.97982
8679	0.97684
8680	0.9746
8681	0.97362
8682	0.97555
8683	0.97667
8684	0.97354
8685	0.97472
8686	0.97265
8687	0.96924
8688	0.97127
8689	0.97018
8690	0.96842
8691	0.97024
8692	0.96758
8693	0.96668
8694	0.96852
8695	0.96942
8696	0.96559
8697	0.96761
8698	0.96446
8699	0.9634
8700	0.96536
8701	0.96644
8702	0.96345
8703	0.96261
8704	0.96447
8705	0.96349
8706	0.9641
8707	0.96143
8708	0.9588
8709	0.95814
8710	0.95981
8711	0.9566
8712	0.96065
8713	0.95987
8714	0.9575
8715	0.95787
8716	0.95934
8717	0.95636
8718	0.95734
8719	0.95902
8720	0.95728
8721	0.95643
8722	0.95524
8723	0.92604
8724	0.92252
8725	0.9248
8726	0.92609
8727	0.91317
8728	0.91344
8729	0.91085
8730	0.9116
8731	0.90743
8732	0.90908
8733	0.90983
8734	0.90903
8735	0.9067
8736	0.90466
8737	0.90582
8738	0.90156
8739	0.89894
8740	0.90184
8741	0.90056
8742	0.89351
8743	0.89547
8744	0.89607
8745	0.89395
8746	0.89315
8747	0.89116
8748	0.89138
8749	0.88685
8750	0.88695
8751	0.88481
8752	0.88893
8753	0.88886
8754	0.87533
8755	0.8733
8756	0.87114
8757	0.87114
8758	0.86909
8759	0.86906
8760	0.86915
8761	0.87072
8762	0.87098
8763	0.86891
8764	0.86121
8765	0.86107
8766	0.8596
8767	0.85559
8768	0.85335
8769	0.85508
8770	0.85769
8771	0.85721
8772	0.85098
8773	0.84847
8774	0.85057
8775	0.85286
8776	0.85176
8777	0.8457
8778	0.8429
8779	0.84486
8780	0.84348
8781	0.84831
8782	0.84739
8783	0.84038
8784	0.83966
8785	0.84041
8786	0.83798
8787	0.84247
8788	0.83357
8789	0.83376
8790	0.83159
8791	0.81754
8792	0.81838
8793	0.81549
8794	0.81151
8795	0.81359
8796	0.81342
8797	0.81095
8798	0.80922
8799	0.80673
8800	0.80866
8801	0.81182
8802	0.80987
8803	0.80086
8804	0.7975
8805	0.78799
8806	0.78797
8807	0.79152
8808	0.79241
8809	0.78388
8810	0.78391
8811	0.78745
8812	0.77979
8813	0.78338
8814	0.77967
8815	0.76707
8816	0.77088
8817	0.76661
8818	0.77074
8819	0.74861
8820	0.75174
8821	0.74718
8822	0.75237
8823	0.72822
8824	0.72394
8825	0.72751
8826	0.72361
8827	0.72851
8828	0.73225
8829	0.73224
8830	0.72146
8831	0.72519
8832	0.72638
8833	0.72248
8834	0.71696
8835	0.71252
8836	0.71252
8837	0.71628
8838	0.71776
8839	0.72125
8840	0.70776
8841	0.712
8842	0.70859
8843	0.69537
8844	0.69919
8845	0.69891
8846	0.69499
8847	0.69162
8848	0.69558
8849	0.69143
8850	0.673
8851	0.67676
8852	0.67622
8853	0.67244
8854	0.67011
8855	0.66698
8856	0.66695
8857	0.67051
8858	0.67357
8859	0.66938
8860	0.66338
8861	0.66343
8862	0.66698
8863	0.65963
8864	0.65587
8865	0.65931
8866	0.65585
8867	0.65976
8868	0.66358
8869	0.65222
8870	0.65556
8871	0.65246
8872	0.64038
8873	0.64093
8874	0.64399
8875	0.64437
8876	0.64011
8877	0.63696
8878	0.63623
8879	0.61856
8880	0.62147
8881	0.61814
8882	0.62189
8883	0.61499
8884	0.61034
8885	0.61497
8886	0.61128
8887	0.61181
8888	0.61598
8889	0.61891
8890	0.60452
8891	0.60095
8892	0.60449
8893	0.60071
8894	0.60854
8895	0.60806
8896	0.60429
8897	0.59736
8898	0.59371
8899	0.59733
8900	0.5934
8901	0.59729
8902	0.60102
8903	0.5934
8904	0.58998
8905	0.59371
8906	0.59004
8907	0.59712
8908	0.59687
8909	0.59319
8910	0.57139
8911	0.57163
8912	0.57503
8913	0.57502
8914	0.56799
8915	0.57156
8916	0.56783
8917	0.56105
8918	0.56451
8919	0.56029
8920	0.56439
8921	0.54586
8922	0.54991
8923	0.55018
8924	0.54664
8925	0.53789
8926	0.54195
8927	0.54177
8928	0.5399
8929	0.534
8930	0.5378
8931	0.5356
8932	0.5309
8933	0.52705
8934	0.53131
8935	0.52769
8936	0.53011
8937	0.53491
8938	0.50622
8939	0.5058
8940	0.50965
8941	0.50927
8942	0.50287
8943	0.50244
8944	0.50651
8945	0.49857
8946	0.50234
8947	0.50206
8948	0.49902
8949	0.48056
8950	0.48473
8951	0.48393
8952	0.48156
8953	0.47093
8954	0.46858
8955	0.46756
8956	0.47196
8957	0.4744
8958	0.47302
8959	0.46624
8960	0.46409
8961	0.46734
8962	0.46304
8963	0.46508
8964	0.46966
8965	0.46107
8966	0.4654
8967	0.46109
8968	0.45654
8969	0.45809
8970	0.45233
8971	0.44948
8972	0.45423
8973	0.45093
8974	0.45094
8975	0.45563
8976	0.45421
8977	0.44425
8978	0.44899
8979	0.44584
8980	0.4477
8981	0.4428
8982	0.43949
8983	0.44425
8984	0.44102
8985	0.44124
8986	0.44631
8987	0.44444
8988	0.43472
8989	0.43161
8990	0.43309
8991	0.43645
8992	0.43413
8993	0.43247
8994	0.4376
8995	0.436
8996	0.43276
8997	0.43011
8998	0.43601
8999	0.4314
9000	0.42885
9001	0.42831
9002	0.43295
9003	0.43513
9004	0.41567
9005	0.42176
9006	0.4181
9007	0.41885
9008	0.92314
9009	0.92418
9010	0.91968
9011	0.921
9012	0.92089
9013	0.92297
9014	0.92338
9015	0.41505
9016	0.42068
9017	0.41775
9018	0.41776
9019	0.41659
9020	0.42248
9021	0.41933
9022	0.41997
9023	0.42629
9024	0.42663
9025	0.42399
9026	0.43016
9027	0.42237
9028	0.42858
9029	0.42515
9030	0.42323
9031	0.42844
9032	0.42776
9033	0.43106
9034	0.42428
9035	0.42425
9036	0.43626
9037	0.43791
9038	0.43464
9039	0.43305
9040	0.4378
9041	0.43955
9042	0.44116
9043	0.4379
9044	0.44276
9045	0.43636
9046	0.44306
9047	0.44475
9048	0.44169
9049	0.44652
9050	0.4396
9051	0.4463
9052	0.44808
9053	0.44499
9054	0.44293
9055	0.44776
9056	0.44674
9057	0.45003
9058	0.46406
9059	0.46087
9060	0.46188
9061	0.45693
9062	0.45781
9063	0.46001
9064	0.46336
9065	0.4774
9066	0.47641
9067	0.4798
9068	0.47409
9069	0.47841
9070	0.47512
9071	0.48166
9072	0.48514
9073	0.48243
9074	0.48581
9075	0.48721
9076	0.49138
9077	0.48797
9078	0.49069
9079	0.49476
9080	0.49849
9081	0.49544
9082	0.50245
9083	0.49895
9084	0.50058
9085	0.50529
9086	0.50456
9087	0.50876
9088	0.50842
9089	0.50171
9090	0.52625
9091	0.52536
9092	0.52327
9093	0.52254
9094	0.53334
9095	0.53742
9096	0.53344
9097	0.53531
9098	0.52975
9099	0.53373
9100	0.54177
9101	0.54156
9102	0.54537
9103	0.53791
9104	0.54256
9105	0.53971
9106	0.55399
9107	0.55356
9108	0.54943
9109	0.55308
9110	0.55702
9111	0.55734
9112	0.56103
9113	0.56454
9114	0.56066
9115	0.56437
9116	0.55722
9117	0.55856
9118	0.56823
9119	0.56851
9120	0.57204
9121	0.5647
9122	0.59364
9123	0.59334
9124	0.59705
9125	0.58995
9126	0.58992
9127	0.61555
9128	0.61263
9129	0.61281
9130	0.60599
9131	0.60933
9132	0.62116
9133	0.62494
9134	0.62479
9135	0.63802
9136	0.63752
9137	0.64122
9138	0.64868
9139	0.6522
9140	0.64855
9141	0.65981
9142	0.66341
9143	0.65967
9144	0.65582
9145	0.65597
9146	0.66319
9147	0.66622
9148	0.68387
9149	0.67977
9150	0.68405
9151	0.67989
9152	0.68775
9153	0.68759
9154	0.69176
9155	0.68373
9156	0.68806
9157	0.70701
9158	0.70591
9159	0.70245
9160	0.70288
9161	0.71332
9162	0.70973
9163	0.70801
9164	0.70858
9165	0.71468
9166	0.71878
9167	0.73713
9168	0.73639
9169	0.74152
9170	0.74066
9171	0.74909
9172	0.74527
9173	0.74561
9174	0.75343
9175	0.75836
9176	0.75506
9177	0.7532
9178	0.75736
9179	0.74906
9180	0.75285
9181	0.76323
9182	0.76276
9183	0.75967
9184	0.7639
9185	0.76752
9186	0.77982
9187	0.78389
9188	0.78024
9189	0.77615
9190	0.77577
9191	0.78799
9192	0.78861
9193	0.79243
9194	0.79112
9195	0.7843
9196	0.79684
9197	0.79403
9198	0.79508
9199	0.79833
9200	0.7993
9201	0.79736
9202	0.79588
9203	0.80396
9204	0.80446
9205	0.8065
9206	0.80118
9207	0.80209
9208	0.80991
9209	0.80922
9210	0.81189
9211	0.81667
9212	0.81442
9213	0.81477
9214	0.81876
9215	0.81913
9216	0.82113
9217	0.81689
9218	0.82419
9219	0.82378
9220	0.82659
9221	0.83098
9222	0.82994
9223	0.83288
9224	0.82962
9225	0.83823
9226	0.83619
9227	0.83583
9228	0.84052
9229	0.84234
9230	0.84051
9231	0.83839
9232	0.84686
9233	0.84927
9234	0.84738
9235	0.84435
9236	0.84497
9237	0.85162
9238	0.85381
9239	0.85192
9240	0.84975
9241	0.85402
9242	0.85572
9243	0.85599
9244	0.86272
9245	0.86569
9246	0.86409
9247	0.86243
9248	0.86041
9249	0.86043
9250	0.86879
9251	0.86963
9252	0.87172
9253	0.86708
9254	0.86858
9255	0.87672
9256	0.87925
9257	0.87722
9258	0.87489
9259	0.87394
9260	0.87595
9261	0.88188
9262	0.88476
9263	0.8831
9264	0.88212
9265	0.8796
9266	0.8876
9267	0.89014
9268	0.88816
9269	0.88571
9270	0.8905
9271	0.89239
9272	0.89905
9273	0.90098
9274	0.89865
9275	0.90539
9276	0.90522
9277	0.90318
9278	0.90338
9279	0.90971
9280	0.90788
9281	0.90736
9282	0.90944
9283	0.91227
9284	0.91021
9285	0.91067
9286	0.91527
9287	0.91843
9288	0.91633
9289	0.91348
9290	0.91251
9291	0.92124
9292	0.92364
9293	0.92144
9294	0.92373
9295	0.91902
9296	0.92559
9297	0.92506
9298	0.92719
9299	0.92346
9300	0.9293
9301	0.92741
9302	0.92846
9303	0.92887
9304	0.92886
9305	0.92723
9306	0.92706
9307	0.92792
9308	0.93027
9309	0.93153
9310	0.92967
9311	0.92847
9312	0.93258
9313	0.93387
9314	0.9319
9315	0.93151
9316	0.93073
9317	0.93495
9318	0.9332
9319	0.93565
9320	0.9365
9321	0.9347
9322	0.9337
9323	0.93736
9324	0.93845
9325	0.93663
9326	0.93628
9327	0.93552
9328	0.93777
9329	0.93963
9330	0.9399
9331	0.94074
9332	0.94187
9333	0.94556
9334	0.94387
9335	0.94612
9336	0.94526
9337	0.9461
9338	0.94988
9339	0.94746
9340	0.94766
9341	0.95107
9342	0.9522
9343	0.94997
9344	0.94909
9345	0.95132
9346	0.95332
9347	0.95448
9348	0.95796
9349	0.95726
9350	0.95685
9351	0.95924
9352	0.95582
9353	0.96284
9354	0.96086
9355	0.96395
9356	0.96181
9357	0.96367
9358	0.96244
9359	0.9646
9360	0.96573
9361	0.9618
9362	0.96495
9363	0.9663
9364	0.96738
9365	0.9655
9366	0.96427
9367	0.96546
9368	0.96845
9369	0.96657
9370	0.96952
9371	0.97045
9372	0.96868
9373	0.96749
9374	0.97103
9375	0.96996
9376	0.97119
9377	0.97254
9378	0.9695
9379	0.97231
9380	0.98077
9381	0.97744
9382	0.97811
9383	0.97955
9384	0.98134
9385	0.9846
9386	0.98945
9387	0.99204
9388	0.9886
9389	0.98635
9390	0.98752
9391	0.99153
9392	0.9952
9393	1.0087
9394	1.0052
9395	1.0066
9396	1.0003
9397	1.0049
9398	1.0017
9399	1.004
9400	1.0107
9401	1.013
9402	1.0092
9403	1.0073
9404	1.0165
9405	1.0207
9406	1.0175
9407	1.0163
9408	1.0125
9409	1.0115
9410	1.0286
9411	1.0321
9412	1.032
9413	1.0299
9414	1.0349
9415	1.0325
9416	1.0337
9417	1.0361
9418	1.0336
9419	1.0365
9420	1.0306
9421	1.0302
9422	1.0355
9423	1.0348
9424	1.0377
9425	1.0442
9426	1.0463
9427	1.0438
9428	1.0417
9429	1.0421
9430	1.0484
9431	1.0459
9432	1.048
9433	1.0506
9434	1.0551
9435	1.0577
9436	1.0553
9437	1.0543
9438	1.0579
9439	1.0524
9440	1.0529
9441	1.0606
9442	1.058
9443	1.0607
9444	1.0606
9445	1.0636
9446	1.0633
9447	1.0677
9448	1.069
9449	1.067
9450	1.0653
9451	1.0657
9452	1.0711
9453	1.0681
9454	1.0691
9455	1.0724
9456	1.0744
9457	1.0873
9458	1.0851
9459	1.085
9460	1.0961
9461	1.0985
9462	1.0957
9463	1.1019
9464	1.1015
9465	1.1042
9466	1.1157
9467	1.1166
9468	1.1182
9469	1.1189
9470	1.1122
9471	1.1133
9472	1.132
9473	1.1332
9474	1.1354
9475	1.1399
9476	1.1423
9477	1.1388
9478	1.1535
9479	1.1551
9480	1.1573
9481	1.1513
9482	1.1689
9483	1.1674
9484	1.1706
9485	1.1813
9486	1.1789
9487	1.1776
9488	1.1952
9489	1.193
9490	1.1937
9491	1.1906
9492	1.188
9493	1.1997
9494	1.205
9495	1.2023
9496	1.1976
9497	1.1977
9498	1.2111
9499	1.2142
9500	1.2172
9501	1.2081
9502	1.2075
9503	1.2298
9504	1.2362
9505	1.2329
9506	1.233
9507	1.2271
9508	1.2265
9509	1.2475
9510	1.2501
9511	1.2522
9512	1.2451
9513	1.2421
9514	1.265
9515	1.2635
9516	1.2609
9517	1.2696
9518	1.2731
9519	1.2722
9520	1.2679
9521	1.2672
9522	1.2908
9523	1.2906
9524	1.2885
9525	1.3178
9526	1.3203
9527	1.3177
9528	1.3304
9529	1.3328
9530	1.3332
9531	1.3279
9532	1.328
9533	1.3254
9534	1.3509
9535	1.348
9536	1.3483
9537	1.3459
9538	1.3558
9539	1.3607
9540	1.358
9541	1.3529
9542	1.372
9543	1.3741
9544	1.3696
9545	1.3629
9546	1.3652
9547	1.3881
9548	1.3861
9549	1.3834
9550	1.3908
9551	1.3929
9552	1.421
9553	1.4188
9554	1.4163
9555	1.4258
9556	1.4307
9557	1.4283
9558	1.4235
9559	1.433
9560	1.4424
9561	1.445
9562	1.4585
9563	1.4609
9564	1.4637
9565	1.456
9566	1.4538
9567	1.4556
9568	1.4677
9569	1.4709
9570	1.4681
9571	1.4719
9572	1.4851
9573	1.4831
9574	1.481
9575	1.4793
9576	1.4867
9577	1.4888
9578	1.4888
9579	1.4911
9580	1.5069
9581	1.5094
9582	1.5085
9583	1.5112
9584	1.5049
9585	1.5026
9586	1.5494
9587	1.5516
9588	1.5718
9589	1.5688
9590	1.5664
9591	1.5765
9592	1.574
9593	0.95422
9594	0.953
9595	0.95496
9596	0.95531
9597	0.95579
9598	0.95426
9599	0.95142
9600	0.95039
9601	0.95224
9602	0.95336
9603	0.94973
9604	0.95062
9605	0.95098
9606	0.94785
9607	0.94891
9608	0.95149
9609	0.9487
9610	0.94564
9611	0.94781
9612	0.94684
9613	1.6208
9614	1.6177
9615	1.6183
9616	1.614
9617	1.6115
9618	1.6076
9619	1.6257
9620	1.6227
9621	1.6233
9622	1.6306
9623	1.6356
9624	1.6329
9625	1.6332
9626	1.6279
9627	1.6283
9628	1.6407
9629	1.643
9630	1.6431
9631	1.638
9632	1.6382
9633	1.6623
9634	1.6676
9635	1.6656
9636	1.6604
9637	1.657
9638	1.6797
9639	1.679
9640	1.6818
9641	1.6769
9642	1.6707
9643	1.6725
9644	0.92669
9645	0.92915
9646	0.92867
9647	0.92501
9648	0.92741
9649	0.93908
9650	0.93663
9651	0.93802
9652	0.93998
9653	0.94232
9654	0.94117
9655	0.94352
9656	0.9444
9657	0.94663
9658	0.94578
9659	1.0248
9660	1.0252
9661	0.9977
9662	0.99789
9663	0.99417
9664	0.92906
9665	0.932
9666	0.79823
9667	0.79934
9668	0.84363
9669	0.84192
9670	1.0206
9671	1.0186
9672	1.0874
9673	1.0898
9674	1.1098
9675	1.1259
9676	1.1286
9677	1.1253
9678	1.1855
9679	1.1826
9680	1.5972
9681	1.5954
9682	1.6012
9683	0.92638
9684	0.9406
9685	0.941
9686	1.3653
9687	1.3618
9688	1.3638
9689	1.3603
9690	1.6828
9691	1.6808
9692	1.6781
9693	1.6898
9694	1.6898
9695	1.6871
9696	1.6927
9697	0.93754
9698	0.9346
9699	0.93808
9700	0.92878
9701	0.93049
9702	0.92986
9703	1.6687
9704	1.6716
9705	1.6735
9706	1.6636
9707	1.6669
9708	1.6587
9709	1.6619
9710	1.654
9711	1.6573
9712	1.6553
9713	1.6502
9714	1.6511
9715	1.653
9716	1.6458
9717	1.6476
9718	1.6514
9719	1.6403
9720	1.6423
9721	1.6352
9722	1.6373
9723	1.6301
9724	1.6325
9725	1.6249
9726	1.6275
9727	1.6197
9728	1.6224
9729	1.6172
9730	0.95101
9731	0.95068
9732	0.94982
9733	0.9488
9734	0.94796
9735	0.95159
9736	0.95286
9737	0.95259
9738	0.95076
9739	0.94987
9740	0.95213
9741	0.95323
9742	0.95274
9743	0.95388
9744	0.95334
9745	0.95443
9746	0.95418
9747	0.95508
9748	0.95532
9749	0.95602
9750	0.95715
9751	0.95631
9752	1.5985
9753	1.6003
9754	1.6022
9755	1.6025
9756	1.5939
9757	1.596
9758	1.5914
9759	1.5921
9760	1.5894
9761	1.5783
9762	1.5809
9763	1.5711
9764	1.5733
9765	1.5758
9766	1.5658
9767	1.5683
9768	1.5607
9769	1.5633
9770	1.5634
9771	1.5586
9772	1.5561
9773	1.5586
9774	1.5473
9775	1.5496
9776	1.5517
9777	1.5428
9778	1.5451
9779	1.5382
9780	1.5406
9781	1.5403
9782	1.5336
9783	1.5361
9784	1.5358
9785	1.529
9786	1.5314
9787	1.5312
9788	1.5245
9789	1.527
9790	1.5265
9791	1.5225
9792	1.5221
9793	1.5202
9794	1.5074
9795	1.5097
9796	1.5118
9797	1.5029
9798	1.5052
9799	1.5004
9800	1.4977
9801	1.4998
9802	1.4815
9803	1.4848
9804	1.4868
9805	1.4798
9806	1.4776
9807	1.4765
9808	1.4631
9809	1.4648
9810	1.4667
9811	1.4659
9812	1.4584
9813	1.4604
9814	1.4537
9815	1.4558
9816	1.449
9817	1.4513
9818	1.4514
9819	1.4443
9820	1.4465
9821	1.4469
9822	1.4398
9823	1.4419
9824	1.4372
9825	1.4352
9826	1.4213
9827	1.4236
9828	1.426
9829	1.4165
9830	1.4189
9831	1.4141
9832	1.4118
9833	1.414
9834	1.4007
9835	1.3981
9836	1.4028
9837	1.4002
9838	1.3887
9839	1.3914
9840	1.3934
9841	1.3868
9842	1.3839
9843	1.3744
9844	1.3773
9845	1.379
9846	1.3765
9847	1.37
9848	1.3728
9849	1.3684
9850	1.3676
9851	1.3501
9852	1.3523
9853	1.3552
9854	1.345
9855	1.3474
9856	1.34
9857	1.3424
9858	1.3429
9859	1.3351
9860	1.3376
9861	1.3303
9862	1.3328
9863	1.3254
9864	1.328
9865	1.3231
9866	1.3228
9867	1.3202
9868	1.2974
9869	1.2999
9870	1.2995
9871	1.3018
9872	1.293
9873	1.2951
9874	1.2884
9875	1.2903
9876	1.2856
9877	1.2861
9878	1.2715
9879	1.2743
9880	1.277
9881	1.2664
9882	1.2692
9883	1.2645
9884	1.2618
9885	1.2477
9886	1.2508
9887	1.2526
9888	1.2423
9889	1.2458
9890	1.2384
9891	1.2406
9892	1.2393
9893	1.225
9894	1.228
9895	1.2302
9896	1.2201
9897	1.2231
9898	1.2169
9899	1.2188
9900	1.216
9901	1.2053
9902	1.2078
9903	1.2112
9904	1.2001
9905	1.2026
9906	1.1953
9907	1.1977
9908	1.1928
9909	1.1863
9910	1.1885
9911	1.1901
9912	1.1834
9913	1.1844
9914	1.1858
9915	1.1813
9916	1.1802
9917	1.1716
9918	1.1703
9919	1.1734
9920	1.172
9921	1.1602
9922	1.1612
9923	1.1624
9924	1.1638
9925	1.1623
9926	1.1566
9927	1.1581
9928	1.1588
9929	1.1529
9930	1.1548
9931	1.1488
9932	1.1502
9933	1.1515
9934	1.1448
9935	1.1452
9936	1.1466
9937	1.1412
9938	1.1436
9939	1.1421
9940	1.1386
9941	1.1376
9942	1.1269
9943	1.1278
9944	1.129
9945	1.1296
9946	1.1307
9947	1.1235
9948	1.1236
9949	1.1247
9950	1.1203
9951	1.1209
9952	1.1228
9953	1.1173
9954	1.1179
9955	1.1197
9956	1.1142
9957	1.115
9958	1.111
9959	1.112
9960	1.1075
9961	1.1089
9962	1.1044
9963	1.1042
9964	1.1057
9965	1.1019
9966	1.1019
9967	1.0995
9968	1.0993
9969	1.0941
9970	1.0965
9971	1.0938
9972	1.0852
9973	1.085
9974	1.086
9975	1.088
9976	1.0828
9977	1.0828
9978	1.0754
9979	1.0756
9980	1.0774
9981	1.0779
9982	1.0731
9983	1.0732
9984	1.0711
9985	1.0704
9986	1.0661
9987	1.0655
9988	1.0678
9989	1.0645
9990	1.064
9991	1.0622
9992	1.0626
9993	1.058
9994	1.0579
9995	1.0604
9996	1.0556
9997	1.0555
9998	1.0534
9999	1.0532
10000	1.0516
10001	1.0509
10002	1.0497
10003	1.0492
10004	1.0476
10005	1.0471
10006	1.0502
10007	1.0455
10008	1.0451
10009	1.0434
10010	1.043
10011	1.0413
10012	1.041
10013	1.039
10014	1.0389
10015	1.0367
10016	1.0365
10017	1.0394
10018	1.035
10019	1.0339
10020	1.0345
10021	1.0372
10022	1.0328
10023	1.0337
10024	1.0286
10025	1.028
10026	1.0306
10027	1.0263
10028	1.0282
10029	1.0181
10030	1.0186
10031	1.022
10032	1.0161
10033	1.0138
10034	1.0149
10035	1.0151
10036	1.0136
10037	1.0123
10038	1.0114
10039	1.0097
10040	1.0085
10041	1.0077
10042	1.0064
10043	1.0058
10044	1.0045
10045	1.0038
10046	1.0026
10047	1.0016
10048	1.0004
10049	0.99925
10050	0.99804
10051	1.0029
10052	0.99577
10053	0.99711
10054	0.99072
10055	0.9898
10056	0.99439
10057	0.99297
10058	0.98809
10059	0.98746
10060	0.98485
10061	0.98549
10062	0.98129
10063	0.98376
10064	0.98168
10065	0.98494
10066	0.97046
10067	0.96883
10068	0.9694
10069	0.97047
10070	0.97196
10071	0.97159
10072	0.97357
10073	0.97299
10074	0.97011
10075	0.97217
10076	0.96752
10077	0.96843
10078	0.96886
10079	0.96665
10080	0.96609
10081	0.96773
10082	0.96561
10083	0.96459
10084	0.96495
10085	0.96469
10086	0.9639
10087	0.96348
10088	0.96292
10089	0.96249
10090	0.96139
10091	0.96175
10092	0.96152
10093	0.9608
10094	0.96368
10095	0.95931
10096	0.95967
10097	0.96057
10098	0.95783
10099	0.95982
10100	0.95882
10101	0.95479
10102	0.95568
10103	0.95665
10104	0.95387
10105	0.95262
10106	0.95293
10107	0.95471
10108	0.95313
10109	0.95211
10110	0.95209
10111	0.95125
10112	0.95409
10113	0.95014
10114	0.95266
10115	0.95109
10116	0.9491
10117	0.94846
10118	0.95026
10119	0.94685
10120	0.94722
10121	0.94799
10122	0.94486
10123	0.94415
10124	0.94592
10125	0.94356
10126	0.94273
10127	0.94286
10128	0.94184
10129	0.94441
10130	0.94124
10131	0.94414
10132	0.94245
10133	0.9408
10134	0.94011
10135	0.94192
10136	0.93969
10137	0.9385
10138	0.93886
10139	0.94172
10140	0.93889
10141	0.93783
10142	0.94087
10143	0.93793
10144	0.93702
10145	0.93691
10146	0.93603
10147	0.93878
10148	0.93594
10149	0.93511
10150	0.9351
10151	0.93419
10152	0.93444
10153	0.93345
10154	0.93371
10155	0.93279
10156	0.93274
10157	0.93202
10158	0.93074
10159	0.93103
10160	0.93195
10161	0.93036
10162	0.92941
10163	0.93124
10164	0.92966
10165	0.92864
10166	0.92888
10167	0.92798
10168	0.92787
10169	0.9271
10170	0.92684
10171	0.92614
10172	0.92615
10173	0.92521
10174	0.92612
10175	0.92479
10176	0.92603
10177	0.92479
10178	0.92536
10179	0.92432
10180	0.92429
10181	0.92347
10182	0.92642
10183	0.92293
10184	0.92233
10185	0.92126
10186	0.92097
10187	0.91923
10188	0.91927
10189	0.91692
10190	0.91721
10191	0.91455
10192	0.91496
10193	0.91241
10194	0.91273
10195	0.91046
10196	0.91073
10197	0.90839
10198	0.90876
10199	0.90616
10200	0.90665
10201	0.90451
10202	0.90564
10203	0.9038
10204	0.89721
10205	0.89754
10206	0.89938
10207	0.89542
10208	0.89501
10209	0.89681
10210	0.88852
10211	0.88883
10212	0.89068
10213	0.88627
10214	0.88667
10215	0.88405
10216	0.88451
10217	0.88239
10218	0.88198
10219	0.87757
10220	0.87757
10221	0.87838
10222	0.87984
10223	0.87539
10224	0.87562
10225	0.87336
10226	0.87357
10227	0.87079
10228	0.87167
10229	0.87287
10230	0.86793
10231	0.86821
10232	0.86904
10233	0.86548
10234	0.86607
10235	0.86308
10236	0.86388
10237	0.86142
10238	0.8617
10239	0.86092
10240	0.85987
10241	0.86012
10242	0.85213
10243	0.85228
10244	0.85418
10245	0.85032
10246	0.85005
10247	0.84549
10248	0.84613
10249	0.84786
10250	0.84305
10251	0.84387
10252	0.84134
10253	0.84096
10254	0.84171
10255	0.84008
10256	0.83983
10257	0.83838
10258	0.83833
10259	0.83636
10260	0.83648
10261	0.83417
10262	0.83443
10263	0.83191
10264	0.8338
10265	0.83229
10266	0.82973
10267	0.83013
10268	0.82739
10269	0.82808
10270	0.82467
10271	0.82584
10272	0.82504
10273	0.82707
10274	0.82207
10275	0.82202
10276	0.8228
10277	0.81967
10278	0.81999
10279	0.82167
10280	0.81727
10281	0.81766
10282	0.81523
10283	0.815
10284	0.81043
10285	0.81091
10286	0.81242
10287	0.81277
10288	0.80776
10289	0.80863
10290	0.80259
10291	0.80281
10292	0.80503
10293	0.80064
10294	0.80025
10295	0.79629
10296	0.79559
10297	0.79635
10298	0.79797
10299	0.79491
10300	0.79431
10301	0.79255
10302	0.79306
10303	0.78834
10304	0.78777
10305	0.7908
10306	0.79185
10307	0.78492
10308	0.78504
10309	0.78962
10310	0.78066
10311	0.78105
10312	0.77658
10313	0.7769
10314	0.77241
10315	0.77306
10316	0.76823
10317	0.76904
10318	0.77203
10319	0.76429
10320	0.76488
10321	0.76791
10322	0.76098
10323	0.76035
10324	0.75255
10325	0.75288
10326	0.75637
10327	0.74883
10328	0.74902
10329	0.74524
10330	0.74538
10331	0.74182
10332	0.74171
10333	0.73282
10334	0.73766
10335	0.73405
10336	0.72835
10337	0.72953
10338	0.7279
10339	0.73207
10340	0.72424
10341	0.72441
10342	0.71945
10343	0.72014
10344	0.71501
10345	0.71542
10346	0.71912
10347	0.71109
10348	0.71159
10349	0.70732
10350	0.70749
10351	0.70392
10352	0.70392
10353	0.70055
10354	0.7045
10355	0.70104
10356	0.68357
10357	0.68341
10358	0.68739
10359	0.67964
10360	0.67962
10361	0.67577
10362	0.67567
10363	0.67183
10364	0.67588
10365	0.6721
10366	0.65945
10367	0.66177
10368	0.6594
10369	0.65568
10370	0.65579
10371	0.65188
10372	0.65181
10373	0.64851
10374	0.6482
10375	0.65203
10376	0.64514
10377	0.64509
10378	0.63468
10379	0.6346
10380	0.63807
10381	0.63098
10382	0.63178
10383	0.63418
10384	0.62501
10385	0.62476
10386	0.62873
10387	0.62837
10388	0.62134
10389	0.62124
10390	0.62496
10391	0.61784
10392	0.61739
10393	0.61403
10394	0.60887
10395	0.60879
10396	0.6111
10397	0.60571
10398	0.60267
10399	0.6023
10400	0.60549
10401	0.60905
10402	0.59969
10403	0.59919
10404	0.59649
10405	0.59616
10406	0.60018
10407	0.59309
10408	0.59285
10409	0.59679
10410	0.58966
10411	0.58941
10412	0.58605
10413	0.58611
10414	0.58248
10415	0.58231
10416	0.58601
10417	0.57915
10418	0.57897
10419	0.5827
10420	0.57585
10421	0.57568
10422	0.57926
10423	0.5724
10424	0.5726
10425	0.57602
10426	0.56892
10427	0.56873
10428	0.57227
10429	0.56083
10430	0.56165
10431	0.56498
10432	0.55684
10433	0.55766
10434	0.55625
10435	0.55351
10436	0.55324
10437	0.55091
10438	0.5502
10439	0.55486
10440	0.54901
10441	0.5468
10442	0.54851
10443	0.54105
10444	0.54315
10445	0.5408
10446	0.54487
10447	0.53769
10448	0.53759
10449	0.53393
10450	0.53417
10451	0.52985
10452	0.53058
10453	0.52657
10454	0.52542
10455	0.52677
10456	0.52421
10457	0.5231
10458	0.52076
10459	0.52164
10460	0.51592
10461	0.51511
10462	0.51953
10463	0.5188
10464	0.51226
10465	0.51672
10466	0.51324
10467	0.50648
10468	0.51031
10469	0.50711
10470	0.51087
10471	0.50097
10472	0.50036
10473	0.504
10474	0.4982
10475	0.49746
10476	0.49588
10477	0.49487
10478	0.49379
10479	0.49752
10480	0.49276
10481	0.49042
10482	0.49124
10483	0.48354
10484	0.48283
10485	0.48631
10486	0.48082
10487	0.47998
10488	0.4843
10489	0.47822
10490	0.47733
10491	0.47559
10492	0.47478
10493	0.47899
10494	0.47309
10495	0.47212
10496	0.47073
10497	0.46973
10498	0.46741
10499	0.47177
10500	0.4685
10501	0.46236
10502	0.46106
10503	0.46422
10504	0.46016
10505	0.45904
10506	0.45795
10507	0.45669
10508	0.45589
10509	0.45463
10510	0.45897
10511	0.45379
10512	0.45263
10513	0.45153
10514	0.4505
10515	0.45467
10516	0.44954
10517	0.44812
10518	0.45237
10519	0.44791
10520	0.4465
10521	0.45115
10522	0.44579
10523	0.44466
10524	0.44908
10525	0.44364
10526	0.44245
10527	0.44161
10528	0.44064
10529	0.43986
10530	0.43777
10531	0.43849
10532	0.43822
10533	0.43655
10534	0.43633
10535	0.43457
10536	0.43299
10537	0.43469
10538	0.43142
10539	0.42972
10540	0.43307
10541	0.42993
10542	0.42822
10543	0.42684
10544	0.42838
10545	0.42331
10546	0.42357
10547	0.42656
10548	0.42162
10549	0.41929
10550	0.42011
10551	0.42099
10552	0.4191
10553	0.42058
10554	0.41792
10555	0.42006
10556	0.41792
10557	0.41675
10558	0.41928
10559	0.41805
10560	0.41587
10561	0.41894
10562	0.42161
10563	0.41471
10564	0.41716
10565	0.42048
10566	0.41272
10567	0.41524
10568	0.41581
10569	0.41854
10570	0.41354
10571	0.41085
10572	0.41415
10573	0.41311
10574	0.41058
10575	0.4163
10576	0.41251
10577	0.40993
10578	0.41222
10579	0.40943
10580	0.41494
10581	0.41203
10582	0.40932
10583	0.41199
10584	0.40913
10585	0.41476
10586	0.41134
10587	0.40911
10588	0.41498
10589	0.92584
10590	0.92522
10591	0.92204
10592	0.92913
10593	0.92625
10594	0.42413
10595	0.42701
10596	0.42704
10597	0.424
10598	0.42112
10599	0.42441
10600	0.42687
10601	0.42366
10602	0.42076
10603	0.42486
10604	0.42763
10605	0.4251
10606	0.4277
10607	0.42196
10608	0.42574
10609	0.42828
10610	0.42676
10611	0.42876
10612	0.42324
10613	0.42744
10614	0.4301
10615	0.42436
10616	0.43019
10617	0.42443
10618	0.42799
10619	0.4307
10620	0.43327
10621	0.42754
10622	0.42995
10623	0.43379
10624	0.43133
10625	0.42791
10626	0.43667
10627	0.43789
10628	0.43425
10629	0.43836
10630	0.44072
10631	0.43998
10632	0.44142
10633	0.43947
10634	0.44775
10635	0.44885
10636	0.44573
10637	0.44948
10638	0.45086
10639	0.45148
10640	0.45076
10641	0.45255
10642	0.44763
10643	0.45397
10644	0.45239
10645	0.45752
10646	0.45914
10647	0.45584
10648	0.46077
10649	0.45933
10650	0.46448
10651	0.4659
10652	0.46298
10653	0.46657
10654	0.4678
10655	0.46864
10656	0.46999
10657	0.47304
10658	0.47405
10659	0.47075
10660	0.47543
10661	0.47626
10662	0.47877
10663	0.47752
10664	0.48464
10665	0.48365
10666	0.48045
10667	0.48136
10668	0.4889
10669	0.48813
10670	0.48579
10671	0.49851
10672	0.49901
10673	0.49521
10674	0.49564
10675	0.50082
10676	0.50176
10677	0.49788
10678	0.50381
10679	0.50279
10680	0.49975
10681	0.50697
10682	0.50409
10683	0.50225
10684	0.50633
10685	0.5134
10686	0.51343
10687	0.50994
10688	0.51664
10689	0.51769
10690	0.51302
10691	0.51656
10692	0.53532
10693	0.53507
10694	0.53165
10695	0.53869
10696	0.53853
10697	0.53978
10698	0.54185
10699	0.54236
10700	0.54517
10701	0.54566
10702	0.54873
10703	0.545
10704	0.5481
10705	0.55382
10706	0.55419
10707	0.55087
10708	0.55716
10709	0.5569
10710	0.5639
10711	0.55969
10712	0.56329
10713	0.56
10714	0.56811
10715	0.5685
10716	0.56725
10717	0.57173
10718	0.57206
10719	0.56799
10720	0.5752
10721	0.57543
10722	0.5787
10723	0.57869
10724	0.59017
10725	0.58633
10726	0.58634
10727	0.60099
10728	0.6008
10729	0.60455
10730	0.60433
10731	0.60852
10732	0.60778
10733	0.61225
10734	0.61307
10735	0.61167
10736	0.61547
10737	0.61592
10738	0.61177
10739	0.6189
10740	0.6192
10741	0.62266
10742	0.62223
10743	0.62873
10744	0.62898
10745	0.62536
10746	0.63258
10747	0.62858
10748	0.63229
10749	0.64373
10750	0.64378
10751	0.63985
10752	0.64741
10753	0.64736
10754	0.65901
10755	0.65852
10756	0.65519
10757	0.66326
10758	0.66224
10759	0.66718
10760	0.66787
10761	0.66636
10762	0.67052
10763	0.67089
10764	0.67397
10765	0.67439
10766	0.67733
10767	0.67774
10768	0.68107
10769	0.68076
10770	0.68827
10771	0.68438
10772	0.68825
10773	0.69573
10774	0.69586
10775	0.69208
10776	0.69941
10777	0.69949
10778	0.70317
10779	0.70319
10780	0.71125
10781	0.71065
10782	0.70704
10783	0.71576
10784	0.71498
10785	0.72057
10786	0.71914
10787	0.72498
10788	0.7238
10789	0.72551
10790	0.72796
10791	0.72884
10792	0.73154
10793	0.73154
10794	0.73594
10795	0.73594
10796	0.75033
10797	0.74863
10798	0.74577
10799	0.74491
10800	0.75375
10801	0.75558
10802	0.75549
10803	0.76351
10804	0.76398
10805	0.76045
10806	0.75977
10807	0.77483
10808	0.7713
10809	0.77492
10810	0.78696
10811	0.78642
10812	0.783
10813	0.79098
10814	0.79037
10815	0.79424
10816	0.7952
10817	0.80355
10818	0.79945
10819	0.80224
10820	0.80602
10821	0.80739
10822	0.81245
10823	0.81282
10824	0.81189
10825	0.8105
10826	0.8139
10827	0.81412
10828	0.81574
10829	0.81579
10830	0.81762
10831	0.81763
10832	0.81557
10833	0.81967
10834	0.81941
10835	0.82173
10836	0.82159
10837	0.82051
10838	0.82356
10839	0.82141
10840	0.82343
10841	0.82544
10842	0.82361
10843	0.82527
10844	0.82738
10845	0.82709
10846	0.82561
10847	0.82912
10848	0.82903
10849	0.83061
10850	0.8304
10851	0.83544
10852	0.83529
10853	0.8335
10854	0.8372
10855	0.83563
10856	0.83737
10857	0.84088
10858	0.84087
10859	0.83923
10860	0.84251
10861	0.84247
10862	0.84444
10863	0.8442
10864	0.84655
10865	0.8462
10866	0.85042
10867	0.85014
10868	0.84852
10869	0.85246
10870	0.85226
10871	0.85459
10872	0.8543
10873	0.85637
10874	0.8567
10875	0.86938
10876	0.8679
10877	0.86038
10878	0.86068
10879	0.85921
10880	0.85873
10881	0.86403
10882	0.8641
10883	0.86264
10884	0.86251
10885	0.86367
10886	0.86567
10887	0.86501
10888	0.86974
10889	0.86986
10890	0.86903
10891	0.86826
10892	0.87094
10893	0.87108
10894	0.87185
10895	0.87243
10896	0.8731
10897	0.87324
10898	0.87514
10899	0.87507
10900	0.87311
10901	0.87729
10902	0.87708
10903	0.87917
10904	0.87936
10905	0.88304
10906	0.88114
10907	0.88296
10908	0.88125
10909	0.88485
10910	0.8847
10911	0.88288
10912	0.88691
10913	0.88651
10914	0.88477
10915	0.88924
10916	0.88896
10917	0.8885
10918	0.89298
10919	0.89287
10920	0.89099
10921	0.89091
10922	0.89511
10923	0.89485
10924	0.89695
10925	0.89733
10926	0.90645
10927	0.90543
10928	0.90394
10929	0.90624
10930	0.90421
10931	0.90996
10932	0.90996
10933	0.9084
10934	0.90819
10935	0.91162
10936	0.91167
10937	0.91008
10938	0.91488
10939	0.91493
10940	0.91328
10941	0.91814
10942	0.91828
10943	0.916
10944	0.91661
10945	0.91972
10946	0.91986
10947	0.91738
10948	0.92159
10949	0.91856
10950	0.92649
10951	0.92388
10952	0.92564
10953	0.93379
10954	0.93151
10955	0.93103
10956	0.933
10957	0.93548
10958	0.93646
10959	0.93455
10960	0.93635
10961	0.94547
10962	0.94289
10963	0.94366
10964	0.94469
10965	0.95904
10966	0.95995
10967	0.95811
10968	0.96078
10969	0.95818
10970	0.95986
10971	0.96101
10972	0.96207
10973	0.96049
10974	0.96166
10975	0.96266
10976	0.9626
10977	0.96337
10978	0.96388
10979	0.9644
10980	0.96182
10981	0.96562
10982	0.96566
10983	0.96622
10984	0.96737
10985	0.96787
10986	0.96596
10987	0.96731
10988	0.96643
10989	0.96768
10990	0.96735
10991	0.96834
10992	0.96846
10993	0.96938
10994	0.96945
10995	0.97037
10996	0.97036
10997	0.97128
10998	0.97124
10999	0.97212
11000	0.97228
11001	0.97296
11002	0.97321
11003	0.97403
11004	0.97433
11005	0.97377
11006	0.97494
11007	0.97212
11008	0.97547
11009	0.97236
11010	0.9742
11011	0.9777
11012	0.97666
11013	0.97577
11014	0.97885
11015	0.97955
11016	0.97763
11017	0.97985
11018	0.98071
11019	0.98104
11020	0.98073
11021	0.98164
11022	0.98196
11023	0.98265
11024	0.98417
11025	0.98381
11026	0.98291
11027	0.98666
11028	0.98577
11029	0.98469
11030	0.98875
11031	0.98682
11032	0.98786
11033	0.98572
11034	0.99092
11035	0.99174
11036	0.98986
11037	0.98906
11038	0.99183
11039	0.99271
11040	0.99254
11041	0.99354
11042	0.99333
11043	0.99138
11044	0.99422
11045	0.99441
11046	0.99515
11047	0.99577
11048	0.99622
11049	0.99693
11050	0.99794
11051	0.99754
11052	0.99771
11053	0.99863
11054	0.99848
11055	0.9994
11056	0.99907
11057	1.0005
11058	1.0001
11059	0.99946
11060	1.0009
11061	0.99973
11062	1.0014
11063	1.
11064	1.0018
11065	1.0006
11066	1.0023
11067	0.99806
11068	1.002
11069	1.0033
11070	1.0039
11071	1.0051
11072	1.0049
11073	1.0029
11074	1.0068
11075	1.0065
11076	1.0077
11077	1.003
11078	1.003
11079	1.009
11080	1.0101
11081	1.0057
11082	1.0109
11083	1.0122
11084	1.0078
11085	1.0161
11086	1.0165
11087	1.0131
11088	1.0185
11089	1.0193
11090	1.0202
11091	1.0204
11092	1.0218
11093	1.0232
11094	1.0239
11095	1.026
11096	1.0277
11097	1.0267
11098	1.0274
11099	1.0296
11100	1.0296
11101	1.0308
11102	1.033
11103	1.0338
11104	1.0357
11105	1.0368
11106	1.0565
11107	1.0557
11108	1.0539
11109	1.0391
11110	1.0433
11111	1.0415
11112	1.0425
11113	1.0489
11114	1.0498
11115	1.0472
11116	1.052
11117	1.0515
11118	1.0609
11119	1.0615
11120	1.0591
11121	1.0628
11122	1.0634
11123	1.0647
11124	1.0652
11125	1.0621
11126	1.0672
11127	1.0667
11128	1.0641
11129	1.0708
11130	1.0712
11131	1.0688
11132	1.0731
11133	1.0703
11134	1.0728
11135	1.0797
11136	1.0797
11137	1.0775
11138	1.0851
11139	1.0842
11140	1.082
11141	1.0845
11142	1.0897
11143	1.0896
11144	1.087
11145	1.0921
11146	1.092
11147	1.0967
11148	1.0966
11149	1.0943
11150	1.0994
11151	1.0992
11152	1.1021
11153	1.1018
11154	1.1049
11155	1.1045
11156	1.1071
11157	1.1073
11158	1.1203
11159	1.1198
11160	1.1175
11161	1.123
11162	1.1225
11163	1.1209
11164	1.1258
11165	1.1252
11166	1.1287
11167	1.128
11168	1.1266
11169	1.1315
11170	1.1307
11171	1.1294
11172	1.1344
11173	1.1336
11174	1.1375
11175	1.1364
11176	1.1353
11177	1.1395
11178	1.1407
11179	1.1475
11180	1.146
11181	1.1441
11182	1.1512
11183	1.1493
11184	1.153
11185	1.153
11186	1.1545
11187	1.1601
11188	1.1594
11189	1.1571
11190	1.1621
11191	1.1632
11192	1.1699
11193	1.1686
11194	1.1679
11195	1.1666
11196	1.1731
11197	1.1717
11198	1.175
11199	1.1765
11200	1.1745
11201	1.1821
11202	1.1815
11203	1.1801
11204	1.1838
11205	1.1899
11206	1.192
11207	1.1878
11208	1.2007
11209	1.1985
11210	1.1963
11211	1.1982
11212	1.2055
11213	1.203
11214	1.2108
11215	1.2079
11216	1.2075
11217	1.2132
11218	1.2165
11219	1.2291
11220	1.2244
11221	1.227
11222	1.2227
11223	1.2261
11224	1.2351
11225	1.2327
11226	1.2318
11227	1.2406
11228	1.2381
11229	1.2373
11230	1.2458
11231	1.2432
11232	1.2749
11233	1.2796
11234	1.2795
11235	1.2769
11236	1.2507
11237	1.2482
11238	1.2555
11239	1.2531
11240	1.2531
11241	1.2602
11242	1.2578
11243	1.258
11244	1.2625
11245	1.2649
11246	1.272
11247	1.2698
11248	1.2817
11249	1.284
11250	1.2837
11251	1.2811
11252	1.2881
11253	1.2856
11254	1.2861
11255	1.2929
11256	1.2901
11257	1.2973
11258	1.2949
11259	1.3014
11260	1.2989
11261	1.2993
11262	1.3059
11263	1.3035
11264	1.3105
11265	1.3081
11266	1.3153
11267	1.3127
11268	1.3202
11269	1.3174
11270	1.3254
11271	1.3222
11272	1.3228
11273	1.3307
11274	1.327
11275	1.3289
11276	1.3358
11277	1.3336
11278	1.3408
11279	1.3385
11280	1.3457
11281	1.3433
11282	1.3433
11283	1.3506
11284	1.3481
11285	1.3553
11286	1.3528
11287	1.3601
11288	1.3575
11289	1.3648
11290	1.3622
11291	1.3715
11292	1.3695
11293	1.374
11294	1.3872
11295	1.3848
11296	1.3827
11297	1.3918
11298	1.3894
11299	1.3965
11300	1.394
11301	1.3941
11302	1.4011
11303	1.3986
11304	1.399
11305	1.4057
11306	1.4032
11307	1.4035
11308	1.4152
11309	1.4124
11310	1.4104
11311	1.413
11312	1.4204
11313	1.4172
11314	1.4258
11315	1.4241
11316	1.422
11317	1.431
11318	1.4289
11319	1.4361
11320	1.4337
11321	1.4412
11322	1.4386
11323	1.4734
11324	1.4772
11325	1.4715
11326	1.4754
11327	1.4462
11328	1.4435
11329	1.4485
11330	1.4509
11331	1.4499
11332	1.461
11333	1.4581
11334	1.4558
11335	1.4631
11336	1.4661
11337	1.4873
11338	1.4851
11339	1.4826
11340	1.4894
11341	1.4917
11342	1.5117
11343	1.5096
11344	1.5141
11345	1.5232
11346	1.5207
11347	1.5186
11348	1.5208
11349	1.5278
11350	1.5253
11351	1.5255
11352	1.5299
11353	1.5302
11354	1.5323
11355	1.5458
11356	1.5434
11357	1.5413
11358	1.5503
11359	1.5478
11360	1.5549
11361	1.5525
11362	1.5596
11363	1.557
11364	1.5577
11365	1.5688
11366	1.5662
11367	1.5644
11368	1.573
11369	1.5707
11370	1.5772
11371	1.575
11372	1.5794
11373	1.5813
11374	1.5933
11375	1.5929
11376	1.5905
11377	1.5959
11378	1.5935
11379	1.5913
11380	1.6008
11381	1.5982
11382	1.6058
11383	1.603
11384	1.6109
11385	1.6079
11386	1.6158
11387	1.6126
11388	1.6209
11389	1.6191
11390	1.6171
11391	1.626
11392	1.6238
11393	1.6309
11394	1.6286
11395	1.6358
11396	1.6335
11397	1.6407
11398	1.6382
11399	1.6455
11400	1.643
11401	1.6505
11402	1.6478
11403	1.6526
11404	1.6555
11405	1.662
11406	1.6661
11407	1.6606
11408	1.6641
11409	1.6765
11410	1.6743
11411	1.6715
11412	1.6816
11413	1.6789
11414	1.6871
11415	1.6839
11416	1.6844
11417	0.94529
11418	0.94321
11419	0.94188
11420	0.94662
11421	0.9485
11422	0.94752
11423	1.6889
11424	1.6908
11425	1.6927
11426	0.42663
11427	0.4264
11428	0.4234
11429	0.42059
11430	1.6876
11431	1.6855
11432	1.6848
11433	0.94653
11434	0.94806
11435	0.94706
11436	1.6902
11437	1.6926
11438	0.41089
11439	0.40778
11440	0.40792
11441	0.41393
11442	0.92743
11443	0.93023
11444	0.93034
11445	0.94629
11446	0.94789
11447	0.94454
11448	0.94778
11449	0.94473
11450	1.6857
11451	1.6898
11452	1.6875
11453	1.6812
11454	1.6833
11455	1.6767
11456	1.6745
11457	1.6722
11458	1.6789
11459	1.6607
11460	1.663
11461	1.6588
11462	1.6518
11463	1.6544
11464	1.6498
11465	1.6406
11466	1.6427
11467	1.6452
11468	1.6359
11469	1.6381
11470	1.6334
11471	1.6312
11472	1.6179
11473	1.6198
11474	1.622
11475	1.614
11476	1.6096
11477	1.6114
11478	1.6156
11479	1.605
11480	1.6069
11481	1.6004
11482	1.6024
11483	1.5958
11484	1.5977
11485	1.5913
11486	1.5932
11487	1.5887
11488	1.5865
11489	1.5885
11490	1.5772
11491	1.5794
11492	1.5817
11493	1.5727
11494	1.5748
11495	1.568
11496	1.5703
11497	1.5635
11498	1.5613
11499	1.5616
11500	1.559
11501	1.5657
11502	1.5455
11503	1.5476
11504	1.55
11505	1.543
11506	1.5409
11507	1.5319
11508	1.534
11509	1.5364
11510	1.5344
11511	1.5295
11512	1.5274
11513	1.5138
11514	1.516
11515	1.5183
11516	1.5162
11517	1.5093
11518	1.5114
11519	1.5049
11520	1.507
11521	1.5073
11522	1.5025
11523	1.5028
11524	1.5004
11525	1.4915
11526	1.4935
11527	1.496
11528	1.4939
11529	1.4871
11530	1.489
11531	1.4828
11532	1.4846
11533	1.4786
11534	1.4802
11535	1.4803
11536	1.4746
11537	1.4761
11538	1.4783
11539	1.4717
11540	1.47
11541	1.4602
11542	1.4622
11543	1.4651
11544	1.4554
11545	1.4574
11546	1.4506
11547	1.4528
11548	1.453
11549	1.4481
11550	1.4458
11551	1.4317
11552	1.4341
11553	1.4362
11554	1.4272
11555	1.4297
11556	1.423
11557	1.4251
11558	1.4189
11559	1.4208
11560	1.4144
11561	1.4164
11562	1.4098
11563	1.4119
11564	1.4075
11565	1.4078
11566	1.4053
11567	1.3962
11568	1.3983
11569	1.4007
11570	1.3916
11571	1.3938
11572	1.387
11573	1.3892
11574	1.3846
11575	1.3825
11576	1.3735
11577	1.3756
11578	1.378
11579	1.3759
11580	1.371
11581	1.3689
11582	1.355
11583	1.3572
11584	1.3596
11585	1.3503
11586	1.3525
11587	1.3479
11588	1.3456
11589	1.3363
11590	1.3387
11591	1.341
11592	1.3318
11593	1.334
11594	1.3278
11595	1.3238
11596	1.3256
11597	1.3297
11598	1.3194
11599	1.3213
11600	1.3168
11601	1.3148
11602	1.3077
11603	1.3103
11604	1.3057
11605	1.2966
11606	1.2985
11607	1.301
11608	1.2921
11609	1.2941
11610	1.2876
11611	1.2895
11612	1.283
11613	1.2849
11614	1.2785
11615	1.2804
11616	1.276
11617	1.274
11618	1.2622
11619	1.2647
11620	1.26
11621	1.2507
11622	1.2528
11623	1.2554
11624	1.2457
11625	1.2481
11626	1.2407
11627	1.2434
11628	1.2357
11629	1.2385
11630	1.2335
11631	1.2306
11632	1.2204
11633	1.2221
11634	1.2255
11635	1.2154
11636	1.2172
11637	1.2187
11638	1.2103
11639	1.2124
11640	1.2054
11641	1.2077
11642	1.2008
11643	1.203
11644	1.1986
11645	1.1964
11646	1.1899
11647	1.188
11648	1.1921
11649	1.1805
11650	1.1823
11651	1.1842
11652	1.177
11653	1.1788
11654	1.1785
11655	1.1736
11656	1.1753
11657	1.1704
11658	1.172
11659	1.1689
11660	1.1672
11661	1.1615
11662	1.163
11663	1.1641
11664	1.1525
11665	1.1537
11666	1.1542
11667	1.1511
11668	1.1446
11669	1.1464
11670	1.1478
11671	1.1415
11672	1.1434
11673	1.1427
11674	1.1385
11675	1.1405
11676	1.1376
11677	1.1356
11678	1.13
11679	1.1321
11680	1.1328
11681	1.1294
11682	1.1273
11683	1.1241
11684	1.1246
11685	1.122
11686	1.1137
11687	1.1117
11688	1.114
11689	1.1116
11690	1.1067
11691	1.1089
11692	1.1092
11693	1.1041
11694	1.1064
11695	1.1016
11696	1.1039
11697	1.0991
11698	1.1015
11699	1.0967
11700	1.0991
11701	1.0945
11702	1.0968
11703	1.0944
11704	1.0921
11705	1.0945
11706	1.0898
11707	1.0922
11708	1.0877
11709	1.09
11710	1.0871
11711	1.0859
11712	1.088
11713	1.084
11714	1.0861
11715	1.0841
11716	1.0819
11717	1.0819
11718	1.0776
11719	1.0798
11720	1.0797
11721	1.0775
11722	1.0778
11723	1.0755
11724	1.0752
11725	1.0739
11726	1.0716
11727	1.0735
11728	1.0677
11729	1.0701
11730	1.0696
11731	1.0658
11732	1.0682
11733	1.064
11734	1.0664
11735	1.0646
11736	1.0623
11737	1.0589
11738	1.0614
11739	1.0581
11740	1.0606
11741	1.0571
11742	1.0597
11743	1.055
11744	1.0578
11745	1.0544
11746	1.0529
11747	1.0558
11748	1.054
11749	1.0512
11750	1.0481
11751	1.0508
11752	1.0497
11753	1.0468
11754	1.0463
11755	1.0492
11756	1.0454
11757	1.0433
11758	1.0469
11759	1.0403
11760	1.0438
11761	1.0376
11762	1.0413
11763	1.035
11764	1.0386
11765	1.0329
11766	1.0364
11767	1.0313
11768	1.0346
11769	1.0295
11770	1.0328
11771	1.0273
11772	1.0309
11773	1.0252
11774	1.0287
11775	1.0235
11776	1.0266
11777	1.0218
11778	1.0197
11779	1.0229
11780	1.0249
11781	1.0204
11782	1.0174
11783	1.0125
11784	1.0112
11785	1.0095
11786	1.0063
11787	1.0092
11788	1.008
11789	1.0076
11790	1.005
11791	1.0055
11792	1.0041
11793	1.0034
11794	1.0017
11795	1.0035
11796	1.0023
11797	1.0011
11798	1.0028
11799	1.002
11800	1.0003
11801	1.0006
11802	0.99896
11803	0.99965
11804	0.99872
11805	0.99696
11806	0.998
11807	0.99615
11808	0.99442
11809	0.99522
11810	0.99165
11811	0.99348
11812	0.99259
11813	0.99071
11814	0.99068
11815	0.99257
11816	0.98979
11817	0.98984
11818	0.99164
11819	0.9888
11820	0.99063
11821	0.99099
11822	0.98791
11823	0.98942
11824	0.98758
11825	0.98704
11826	0.98597
11827	0.98533
11828	0.98356
11829	0.98452
11830	0.98283
11831	0.98537
11832	0.9845
11833	0.9814
11834	0.98317
11835	0.98221
11836	0.98047
11837	0.98227
11838	0.97959
11839	0.98141
11840	0.97855
11841	0.97875
11842	0.98056
11843	0.97796
11844	0.97976
11845	0.97682
11846	0.97725
11847	0.979
11848	0.97598
11849	0.97663
11850	0.97833
11851	0.97769
11852	0.97605
11853	0.97553
11854	0.97471
11855	0.97384
11856	0.97219
11857	0.97396
11858	0.97303
11859	0.97129
11860	0.97311
11861	0.97038
11862	0.97224
11863	0.96958
11864	0.97139
11865	0.96902
11866	0.97071
11867	0.97019
11868	0.96895
11869	0.96741
11870	0.96909
11871	0.9686
11872	0.96788
11873	0.96617
11874	0.96536
11875	0.96437
11876	0.96371
11877	0.96089
11878	0.96021
11879	0.96188
11880	0.95906
11881	0.96263
11882	0.96168
11883	0.93999
11884	0.94043
11885	0.93849
11886	0.93839
11887	0.93634
11888	0.93658
11889	0.93469
11890	0.93242
11891	0.93074
11892	0.93068
11893	0.93265
11894	0.92801
11895	0.92882
11896	0.92885
11897	0.92778
11898	0.92174
11899	0.92343
11900	0.92001
11901	0.92165
11902	0.91994
11903	0.9183
11904	0.91489
11905	0.91646
11906	0.91658
11907	0.91323
11908	0.91478
11909	0.91328
11910	0.91162
11911	0.91049
11912	0.9115
11913	0.9131
11914	0.90668
11915	0.90811
11916	0.90892
11917	0.90618
11918	0.90466
11919	0.90064
11920	0.90228
11921	0.90263
11922	0.90113
11923	0.89869
11924	0.9004
11925	0.89907
11926	0.89669
11927	0.89846
11928	0.89474
11929	0.89652
11930	0.89288
11931	0.89467
11932	0.8912
11933	0.89129
11934	0.8897
11935	0.89287
11936	0.89092
11937	0.88797
11938	0.8881
11939	0.88637
11940	0.88267
11941	0.88284
11942	0.88094
11943	0.88113
11944	0.87701
11945	0.87882
11946	0.87896
11947	0.87521
11948	0.87697
11949	0.87381
11950	0.87527
11951	0.87257
11952	0.87121
11953	0.87251
11954	0.87399
11955	0.86972
11956	0.87104
11957	0.86931
11958	0.86778
11959	0.86388
11960	0.86545
11961	0.86575
11962	0.86199
11963	0.8636
11964	0.86229
11965	0.86171
11966	0.86005
11967	0.85608
11968	0.85787
11969	0.85808
11970	0.8541
11971	0.85597
11972	0.85198
11973	0.85345
11974	0.85418
11975	0.85143
11976	0.84985
11977	0.84246
11978	0.84408
11979	0.84416
11980	0.84073
11981	0.84236
11982	0.84059
11983	0.83891
11984	0.83908
11985	0.83528
11986	0.83695
11987	0.83706
11988	0.83364
11989	0.83365
11990	0.83211
11991	0.8319
11992	0.83525
11993	0.83349
11994	0.83037
11995	0.83052
11996	0.82874
11997	0.82314
11998	0.82133
11999	0.82329
12000	0.81601
12001	0.81773
12002	0.81768
12003	0.81449
12004	0.81608
12005	0.81451
12006	0.81285
12007	0.80732
12008	0.80791
12009	0.80472
12010	0.79363
12011	0.79686
12012	0.79743
12013	0.78984
12014	0.79321
12015	0.78943
12016	0.78608
12017	0.77835
12018	0.77839
12019	0.77478
12020	0.76318
12021	0.76674
12022	0.76717
12023	0.76288
12024	0.75954
12025	0.75945
12026	0.75206
12027	0.75555
12028	0.75602
12029	0.7478
12030	0.7513
12031	0.74367
12032	0.74736
12033	0.74407
12034	0.7398
12035	0.74347
12036	0.73979
12037	0.73594
12038	0.73986
12039	0.73243
12040	0.73592
12041	0.73278
12042	0.72937
12043	0.72582
12044	0.72237
12045	0.72612
12046	0.71439
12047	0.71795
12048	0.71837
12049	0.71084
12050	0.71415
12051	0.70721
12052	0.71088
12053	0.70723
12054	0.70326
12055	0.70696
12056	0.70321
12057	0.69963
12058	0.69226
12059	0.69601
12060	0.69602
12061	0.69223
12062	0.69221
12063	0.6886
12064	0.68148
12065	0.6851
12066	0.68501
12067	0.6818
12068	0.67815
12069	0.67158
12070	0.67488
12071	0.67476
12072	0.66864
12073	0.67183
12074	0.66534
12075	0.66858
12076	0.66175
12077	0.66498
12078	0.6581
12079	0.66139
12080	0.65438
12081	0.65764
12082	0.65477
12083	0.65085
12084	0.65418
12085	0.65081
12086	0.64746
12087	0.65082
12088	0.64368
12089	0.64727
12090	0.63983
12091	0.64355
12092	0.63975
12093	0.6363
12094	0.63987
12095	0.63601
12096	0.63282
12097	0.63657
12098	0.62937
12099	0.63304
12100	0.62618
12101	0.62973
12102	0.62575
12103	0.62672
12104	0.62296
12105	0.62001
12106	0.61965
12107	0.61674
12108	0.60756
12109	0.61083
12110	0.61093
12111	0.60415
12112	0.6076
12113	0.60055
12114	0.60414
12115	0.59718
12116	0.60067
12117	0.5939
12118	0.59771
12119	0.59422
12120	0.59091
12121	0.58524
12122	0.58868
12123	0.58828
12124	0.58567
12125	0.58204
12126	0.58535
12127	0.58203
12128	0.57893
12129	0.58236
12130	0.57576
12131	0.57923
12132	0.57245
12133	0.57602
12134	0.56952
12135	0.57279
12136	0.57006
12137	0.56665
12138	0.56038
12139	0.56381
12140	0.56342
12141	0.56013
12142	0.55753
12143	0.56104
12144	0.55482
12145	0.55818
12146	0.55565
12147	0.55213
12148	0.5515
12149	0.54617
12150	0.54967
12151	0.54922
12152	0.54667
12153	0.54343
12154	0.54154
12155	0.54101
12156	0.53828
12157	0.53301
12158	0.53247
12159	0.5297
12160	0.5291
12161	0.52374
12162	0.52765
12163	0.52692
12164	0.52329
12165	0.52437
12166	0.52109
12167	0.51997
12168	0.51667
12169	0.52001
12170	0.51912
12171	0.5139
12172	0.51728
12173	0.51105
12174	0.51471
12175	0.51041
12176	0.51185
12177	0.50869
12178	0.50474
12179	0.50781
12180	0.50683
12181	0.50226
12182	0.50552
12183	0.50293
12184	0.49963
12185	0.49806
12186	0.49709
12187	0.49455
12188	0.49377
12189	0.48982
12190	0.49323
12191	0.49209
12192	0.4877
12193	0.49112
12194	0.48672
12195	0.4856
12196	0.48905
12197	0.48359
12198	0.48666
12199	0.48233
12200	0.47959
12201	0.48288
12202	0.48173
12203	0.47727
12204	0.48057
12205	0.47846
12206	0.47516
12207	0.4692
12208	0.4725
12209	0.47121
12210	0.47071
12211	0.46761
12212	0.46755
12213	0.46424
12214	0.46611
12215	0.46281
12216	0.45866
12217	0.46204
12218	0.46055
12219	0.45726
12220	0.45711
12221	0.46029
12222	0.45554
12223	0.45575
12224	0.45892
12225	0.45742
12226	0.45454
12227	0.45195
12228	0.455
12229	0.45343
12230	0.45034
12231	0.4534
12232	0.449
12233	0.45193
12234	0.44723
12235	0.44758
12236	0.45068
12237	0.4462
12238	0.446
12239	0.44905
12240	0.44432
12241	0.44467
12242	0.44776
12243	0.44273
12244	0.44377
12245	0.44663
12246	0.44272
12247	0.44612
12248	0.44119
12249	0.44445
12250	0.43956
12251	0.44296
12252	0.44149
12253	0.43813
12254	0.43593
12255	0.43635
12256	0.43945
12257	0.43709
12258	0.43554
12259	0.43876
12260	0.43783
12261	0.43472
12262	0.43223
12263	0.43209
12264	0.43553
12265	0.43284
12266	0.43129
12267	0.43439
12268	0.43086
12269	0.43401
12270	0.43045
12271	0.43347
12272	0.43007
12273	0.43314
12274	0.42956
12275	0.43261
12276	0.43219
12277	0.42637
12278	0.42929
12279	0.42969
12280	0.43228
12281	0.42946
12282	0.42952
12283	0.43243
12284	0.42909
12285	0.43196
12286	0.9285
12287	1.6918
12288	1.6939
12289	0.42862
12290	0.43143
12291	0.42
12292	0.42564
12293	0.42278
12294	0.41414
12295	0.40826
12296	0.41117
12297	0.41685
12298	0.41717
12299	0.40513
12300	0.40219
12301	0.40509
12302	0.40318
12303	0.40624
12304	0.40569
12305	0.40358
12306	0.40641
12307	0.40652
12308	0.40739
12309	0.40428
12310	0.40685
12311	0.40788
12312	0.40523
12313	0.40847
12314	0.40481
12315	0.40677
12316	0.40925
12317	0.40998
12318	0.41014
12319	0.41333
12320	0.41251
12321	0.4146
12322	0.4114
12323	0.41387
12324	0.41232
12325	0.41525
12326	0.41676
12327	0.41779
12328	0.41472
12329	0.41399
12330	0.41601
12331	0.41627
12332	0.42008
12333	0.41875
12334	0.42128
12335	0.422
12336	0.4246
12337	0.42805
12338	0.4265
12339	0.43123
12340	0.42805
12341	0.4297
12342	0.42951
12343	0.43289
12344	0.43576
12345	0.43264
12346	0.43444
12347	0.43752
12348	0.43419
12349	0.4362
12350	0.43944
12351	0.44325
12352	0.43981
12353	0.44131
12354	0.44507
12355	0.44184
12356	0.44709
12357	0.44372
12358	0.44933
12359	0.44594
12360	0.44804
12361	0.45136
12362	0.45556
12363	0.4521
12364	0.45336
12365	0.45773
12366	0.45429
12367	0.45658
12368	0.45945
12369	0.46406
12370	0.46074
12371	0.46151
12372	0.46515
12373	0.46312
12374	0.46641
12375	0.46785
12376	0.46876
12377	0.4713
12378	0.47649
12379	0.47275
12380	0.47388
12381	0.47558
12382	0.47927
12383	0.48589
12384	0.48679
12385	0.48938
12386	0.49412
12387	0.49174
12388	0.49078
12389	0.49322
12390	0.49684
12391	0.50284
12392	0.49939
12393	0.49985
12394	0.50348
12395	0.502
12396	0.50586
12397	0.51144
12398	0.5078
12399	0.5087
12400	0.51074
12401	0.51436
12402	0.52193
12403	0.51875
12404	0.51964
12405	0.52444
12406	0.52125
12407	0.52409
12408	0.5275
12409	0.53057
12410	0.53406
12411	0.53082
12412	0.54123
12413	0.54133
12414	0.54489
12415	0.5465
12416	0.54993
12417	0.5473
12418	0.55519
12419	0.55849
12420	0.55533
12421	0.56551
12422	0.56551
12423	0.56912
12424	0.58237
12425	0.5785
12426	0.5788
12427	0.58586
12428	0.58229
12429	0.58917
12430	0.58545
12431	0.59252
12432	0.58897
12433	0.59567
12434	0.59882
12435	0.59515
12436	0.59226
12437	0.60208
12438	0.5987
12439	0.60542
12440	0.60214
12441	0.60566
12442	0.60944
12443	0.61723
12444	0.6173
12445	0.62099
12446	0.6309
12447	0.62736
12448	0.62769
12449	0.63085
12450	0.6344
12451	0.64483
12452	0.64162
12453	0.6414
12454	0.64813
12455	0.64487
12456	0.65193
12457	0.64848
12458	0.65239
12459	0.65575
12460	0.67174
12461	0.66794
12462	0.66786
12463	0.67565
12464	0.67175
12465	0.67946
12466	0.67564
12467	0.68319
12468	0.6831
12469	0.68716
12470	0.68682
12471	0.67935
12472	0.69728
12473	0.69387
12474	0.69777
12475	0.69408
12476	0.69713
12477	0.70054
12478	0.70799
12479	0.70414
12480	0.70409
12481	0.712
12482	0.70838
12483	0.71219
12484	0.71612
12485	0.72397
12486	0.72053
12487	0.72032
12488	0.7272
12489	0.72742
12490	0.73076
12491	0.72395
12492	0.73876
12493	0.74196
12494	0.73836
12495	0.75404
12496	0.75344
12497	0.75756
12498	0.75693
12499	0.76569
12500	0.7621
12501	0.76157
12502	0.76611
12503	0.76969
12504	0.78117
12505	0.77784
12506	0.77729
12507	0.78143
12508	0.78447
12509	0.78987
12510	0.78739
12511	0.78735
12512	0.79038
12513	0.78977
12514	0.79196
12515	0.79338
12516	0.7936
12517	0.79508
12518	0.80299
12519	0.80152
12520	0.8008
12521	0.80086
12522	0.80504
12523	0.80352
12524	0.80521
12525	0.80538
12526	0.80613
12527	0.807
12528	0.81994
12529	0.81825
12530	0.81799
12531	0.82157
12532	0.81998
12533	0.82316
12534	0.82162
12535	0.82478
12536	0.82653
12537	0.82496
12538	0.82329
12539	0.82683
12540	0.82848
12541	0.83642
12542	0.83463
12543	0.83455
12544	0.83807
12545	0.83945
12546	0.83798
12547	0.83639
12548	0.84082
12549	0.83939
12550	0.84253
12551	0.841
12552	0.84451
12553	0.8429
12554	0.84654
12555	0.84485
12556	0.84853
12557	0.84681
12558	0.84827
12559	0.85048
12560	0.84873
12561	0.8524
12562	0.85062
12563	0.85431
12564	0.85251
12565	0.85429
12566	0.85618
12567	0.85438
12568	0.85627
12569	0.85793
12570	0.85621
12571	0.85818
12572	0.85788
12573	0.85937
12574	0.8625
12575	0.86287
12576	0.86447
12577	0.86095
12578	0.86075
12579	0.86808
12580	0.86657
12581	0.86635
12582	0.86832
12583	0.86993
12584	0.87562
12585	0.87575
12586	0.87728
12587	0.87401
12588	0.8738
12589	0.88285
12590	0.88118
12591	0.88086
12592	0.8849
12593	0.88317
12594	0.88698
12595	0.88517
12596	0.88905
12597	0.88716
12598	0.89133
12599	0.88902
12600	0.89091
12601	0.88982
12602	0.89364
12603	0.89201
12604	0.89323
12605	0.89575
12606	0.89406
12607	0.89776
12608	0.89606
12609	0.89958
12610	0.89797
12611	0.8996
12612	0.90124
12613	0.89972
12614	0.9015
12615	0.90301
12616	0.90144
12617	0.9023
12618	0.905
12619	0.90336
12620	0.90703
12621	0.90534
12622	0.90903
12623	0.90732
12624	0.91106
12625	0.90928
12626	0.91314
12627	0.9113
12628	0.91524
12629	0.91334
12630	0.91725
12631	0.91536
12632	0.91898
12633	0.9172
12634	0.92037
12635	0.91859
12636	0.92151
12637	0.9197
12638	0.92242
12639	0.92063
12640	0.92307
12641	0.92139
12642	0.92346
12643	0.92194
12644	0.92384
12645	0.92233
12646	0.92451
12647	0.92289
12648	0.92536
12649	0.92367
12650	0.9262
12651	0.9245
12652	0.92696
12653	0.92527
12654	0.92769
12655	0.92598
12656	0.92847
12657	0.92672
12658	0.92909
12659	0.92748
12660	0.9303
12661	0.92959
12662	0.928
12663	0.93031
12664	0.92863
12665	0.93109
12666	0.92944
12667	0.9318
12668	0.93016
12669	0.93253
12670	0.93086
12671	0.93335
12672	0.93163
12673	0.93423
12674	0.93246
12675	0.93512
12676	0.93331
12677	0.93596
12678	0.93416
12679	0.93664
12680	0.93493
12681	0.93728
12682	0.93556
12683	0.93816
12684	0.9363
12685	0.939
12686	0.93728
12687	0.9396
12688	0.93792
12689	0.94081
12690	0.94022
12691	0.93854
12692	0.94101
12693	0.93925
12694	0.94202
12695	0.94013
12696	0.94286
12697	0.94113
12698	0.94346
12699	0.94177
12700	0.94463
12701	0.94425
12702	0.94495
12703	0.94246
12704	0.94502
12705	0.94334
12706	0.94617
12707	0.9457
12708	0.94401
12709	0.94659
12710	0.94478
12711	0.94749
12712	0.94573
12713	0.94833
12714	0.94653
12715	0.94928
12716	0.94931
12717	0.94742
12718	0.95022
12719	0.94839
12720	0.95086
12721	0.94917
12722	0.9514
12723	0.94975
12724	0.95215
12725	0.95043
12726	0.95304
12727	0.95129
12728	0.95393
12729	0.95395
12730	0.95217
12731	0.9549
12732	0.95307
12733	0.9558
12734	0.95585
12735	0.95401
12736	0.95683
12737	0.95675
12738	0.9549
12739	0.95748
12740	0.95576
12741	0.95874
12742	0.95812
12743	0.95642
12744	0.95895
12745	0.95717
12746	0.9597
12747	0.95808
12748	0.96034
12749	0.95871
12750	0.96119
12751	0.95949
12752	0.96213
12753	0.96042
12754	0.96288
12755	0.96131
12756	0.96354
12757	0.96197
12758	0.96439
12759	0.96275
12760	0.96527
12761	0.96368
12762	0.96601
12763	0.96449
12764	0.96692
12765	0.96522
12766	0.96668
12767	0.96974
12768	0.96796
12769	0.96848
12770	0.97105
12771	0.96917
12772	0.97235
12773	0.97037
12774	0.97303
12775	0.97391
12776	0.97163
12777	0.97368
12778	0.97331
12779	0.97593
12780	0.97604
12781	0.98421
12782	0.98094
12783	0.98177
12784	0.98654
12785	0.98325
12786	0.9886
12787	0.98554
12788	0.99072
12789	0.98734
12790	0.99177
12791	0.99267
12792	0.98959
12793	0.99401
12794	0.99457
12795	0.99136
12796	0.9969
12797	0.99357
12798	0.99922
12799	0.99598
12800	0.99799
12801	1.0013
12802	1.0051
12803	1.0019
12804	1.0031
12805	1.0075
12806	1.0041
12807	1.01
12808	1.0066
12809	1.0114
12810	1.0087
12811	1.0128
12812	1.0099
12813	1.0153
12814	1.0121
12815	1.0181
12816	1.0148
12817	1.0206
12818	1.0173
12819	1.0216
12820	1.0224
12821	1.0195
12822	1.0245
12823	1.0236
12824	1.021
12825	1.0252
12826	1.0246
12827	1.0224
12828	1.0265
12829	1.0257
12830	1.0234
12831	1.0274
12832	1.025
12833	1.029
12834	1.0267
12835	1.03
12836	1.0304
12837	1.0282
12838	1.0313
12839	1.0317
12840	1.0295
12841	1.0328
12842	1.0307
12843	1.0343
12844	1.0321
12845	1.0364
12846	1.0343
12847	1.0336
12848	1.0387
12849	1.0365
12850	1.0407
12851	1.0384
12852	1.0426
12853	1.0403
12854	1.0447
12855	1.0423
12856	1.0466
12857	1.0442
12858	1.0485
12859	1.0461
12860	1.0507
12861	1.0485
12862	1.0477
12863	1.0531
12864	1.0508
12865	1.0554
12866	1.053
12867	1.0576
12868	1.0552
12869	1.0598
12870	1.0574
12871	1.0602
12872	1.0617
12873	1.0594
12874	1.0634
12875	1.0613
12876	1.0651
12877	1.0631
12878	1.0669
12879	1.0649
12880	1.0674
12881	1.069
12882	1.0668
12883	1.0683
12884	1.0712
12885	1.0691
12886	1.0735
12887	1.0713
12888	1.0758
12889	1.0736
12890	1.0782
12891	1.0759
12892	1.0781
12893	1.0805
12894	1.0782
12895	1.0805
12896	1.0826
12897	1.0805
12898	1.0846
12899	1.0826
12900	1.0868
12901	1.0847
12902	1.0893
12903	1.0871
12904	1.0888
12905	1.0918
12906	1.0896
12907	1.0915
12908	1.0944
12909	1.0921
12910	1.097
12911	1.0946
12912	1.0968
12913	1.0995
12914	1.0972
12915	1.1017
12916	1.0995
12917	1.1029
12918	1.1016
12919	1.1072
12920	1.1055
12921	1.1044
12922	1.11
12923	1.1081
12924	1.1109
12925	1.1129
12926	1.1185
12927	1.1164
12928	1.1157
12929	1.121
12930	1.119
12931	1.1233
12932	1.1214
12933	1.1256
12934	1.1238
12935	1.128
12936	1.1263
12937	1.1305
12938	1.1287
12939	1.1334
12940	1.1314
12941	1.1322
12942	1.1364
12943	1.1343
12944	1.1354
12945	1.1372
12946	1.1395
12947	1.1453
12948	1.1439
12949	1.1427
12950	1.1425
12951	1.1481
12952	1.1466
12953	1.1507
12954	1.1493
12955	1.1534
12956	1.1519
12957	1.1563
12958	1.1547
12959	1.1591
12960	1.1575
12961	1.1617
12962	1.1602
12963	1.1642
12964	1.1628
12965	1.167
12966	1.1655
12967	1.1655
12968	1.17
12969	1.1684
12970	1.1686
12971	1.1729
12972	1.1713
12973	1.176
12974	1.1742
12975	1.1747
12976	1.1791
12977	1.1771
12978	1.178
12979	1.1823
12980	1.181
12981	1.1798
12982	1.1852
12983	1.1839
12984	1.188
12985	1.1868
12986	1.191
12987	1.1898
12988	1.1952
12989	1.1933
12990	1.2002
12991	1.1979
12992	1.2051
12993	1.2027
12994	1.2099
12995	1.2073
12996	1.2141
12997	1.2119
12998	1.2132
12999	1.2179
13000	1.2159
13001	1.2218
13002	1.2199
13003	1.2261
13004	1.2241
13005	1.2285
13006	1.2305
13007	1.2396
13008	1.2373
13009	1.2351
13010	1.2441
13011	1.2421
13012	1.2489
13013	1.2468
13014	1.2516
13015	1.2536
13016	1.2626
13017	1.2608
13018	1.2581
13019	1.2599
13020	1.2673
13021	1.2653
13022	1.2719
13023	1.2698
13024	1.2767
13025	1.2745
13026	1.2815
13027	1.2791
13028	1.2795
13029	1.2846
13030	1.286
13031	1.2837
13032	1.2875
13033	1.2825
13034	1.2924
13035	1.289
13036	1.2976
13037	1.296
13038	1.294
13039	1.3025
13040	1.3007
13041	1.3071
13042	1.3053
13043	1.3044
13044	1.3117
13045	1.3099
13046	1.309
13047	1.3163
13048	1.3145
13049	1.3136
13050	1.321
13051	1.3191
13052	1.3181
13053	1.3258
13054	1.3237
13055	1.3305
13056	1.3285
13057	1.3352
13058	1.3331
13059	1.34
13060	1.3378
13061	1.3448
13062	1.3425
13063	1.3496
13064	1.3472
13065	1.3542
13066	1.3519
13067	1.3587
13068	1.3563
13069	1.3571
13070	1.3629
13071	1.3609
13072	1.367
13073	1.3652
13074	1.3712
13075	1.3696
13076	1.3757
13077	1.374
13078	1.3784
13079	1.3803
13080	1.3895
13081	1.3876
13082	1.3849
13083	1.3941
13084	1.3921
13085	1.3986
13086	1.3966
13087	1.3961
13088	1.4031
13089	1.4012
13090	1.4076
13091	1.4056
13092	1.4052
13093	1.412
13094	1.4101
13095	1.4097
13096	1.4166
13097	1.4145
13098	1.4212
13099	1.4191
13100	1.4256
13101	1.4235
13102	1.43
13103	1.428
13104	1.428
13105	1.4346
13106	1.4325
13107	1.4326
13108	1.4394
13109	1.437
13110	1.4442
13111	1.4418
13112	1.4489
13113	1.4466
13114	1.4534
13115	1.4512
13116	1.4578
13117	1.4555
13118	1.4621
13119	1.4598
13120	1.4661
13121	1.4643
13122	1.4699
13123	1.4684
13124	1.4739
13125	1.4725
13126	1.4783
13127	1.4768
13128	1.475
13129	1.483
13130	1.4813
13131	1.4879
13132	1.486
13133	1.4929
13134	1.4909
13135	1.4899
13136	1.4978
13137	1.4957
13138	1.4951
13139	1.5027
13140	1.5005
13141	1.5075
13142	1.5052
13143	1.512
13144	1.5098
13145	1.5163
13146	1.5142
13147	1.514
13148	1.5206
13149	1.5188
13150	1.5183
13151	1.5249
13152	1.5231
13153	1.5294
13154	1.5278
13155	1.5339
13156	1.5321
13157	1.5385
13158	1.5366
13159	1.5429
13160	1.5411
13161	1.5474
13162	1.5455
13163	1.5518
13164	1.5501
13165	1.5564
13166	1.5544
13167	1.554
13168	1.5611
13169	1.5591
13170	1.5658
13171	1.5637
13172	1.5706
13173	1.5683
13174	1.5751
13175	1.5729
13176	1.5802
13177	1.5776
13178	1.5847
13179	1.5823
13180	1.5828
13181	1.589
13182	1.5869
13183	1.5871
13184	0.95977
13185	0.96129
13186	0.95851
13187	0.95936
13188	0.96088
13189	0.95836
13190	0.95872
13191	0.96033
13192	0.95789
13193	0.95785
13194	0.95959
13195	0.95692
13196	0.9587
13197	0.95618
13198	0.95788
13199	0.95558
13200	0.95727
13201	0.95498
13202	0.95668
13203	0.9545
13204	0.95609
13205	0.95405
13206	0.95564
13207	0.95341
13208	0.95508
13209	0.95277
13210	0.95438
13211	0.95158
13212	0.95218
13213	0.95383
13214	0.95141
13215	0.95319
13216	0.95051
13217	0.94953
13218	0.95238
13219	0.94937
13220	0.951
13221	0.94977
13222	0.9493
13223	0.9507
13224	0.94936
13225	0.9506
13226	0.95046
13227	0.94898
13228	0.94836
13229	1.5934
13230	1.5912
13231	1.5977
13232	1.5956
13233	1.6017
13234	1.5999
13235	1.6055
13236	1.604
13237	1.6099
13238	1.6082
13239	1.6059
13240	1.6147
13241	1.6128
13242	1.6199
13243	1.6177
13244	1.6249
13245	1.6226
13246	1.6299
13247	1.6275
13248	1.6346
13249	1.6322
13250	1.6393
13251	1.6368
13252	1.6441
13253	1.6416
13254	1.6485
13255	1.6463
13256	1.6523
13257	1.6504
13258	1.6563
13259	1.6546
13260	1.6605
13261	1.6589
13262	1.6652
13263	1.6633
13264	1.6698
13265	1.6679
13266	1.6744
13267	1.6724
13268	1.6789
13269	1.677
13270	1.6762
13271	1.6835
13272	1.6814
13273	1.6881
13274	1.6927
13275	1.6905
13276	1.686
13277	0.93351
13278	0.93289
13279	0.94067
13280	0.94082
13281	0.94234
13282	0.94063
13283	0.93869
13284	0.9384
13285	0.93206
13286	0.93141
13287	0.93281
13288	0.93515
13289	0.9513
13290	0.94982
13291	1.6976
13292	1.6951
13293	1.6952
13294	0.4024
13295	0.4053
13296	0.42836
13297	0.4311
13298	1.7003
13299	1.6979
13300	1.7009
13301	1.705
13302	1.7025
13303	1.7033
13304	1.6998
13305	0.93849
13306	0.9359
13307	1.6974
13308	1.6929
13309	1.6885
13310	1.684
13311	1.6795
13312	1.6749
13313	1.6705
13314	1.666
13315	1.6617
13316	1.6572
13317	1.6527
13318	1.6482
13319	1.6438
13320	1.6392
13321	1.6345
13322	1.6299
13323	1.6252
13324	1.6204
13325	1.6157
13326	1.6111
13327	1.6023
13328	1.6067
13329	1.5978
13330	1.5934
13331	1.589
13332	1.5845
13333	1.5797
13334	1.575
13335	1.5707
13336	1.5662
13337	1.5617
13338	1.5572
13339	1.5527
13340	1.5482
13341	1.5392
13342	1.5436
13343	1.5348
13344	1.5304
13345	1.5259
13346	1.5213
13347	1.5167
13348	1.5121
13349	1.5076
13350	1.503
13351	1.4983
13352	1.4937
13353	1.489
13354	1.4843
13355	1.4798
13356	1.4754
13357	1.4711
13358	1.4667
13359	1.462
13360	1.4574
13361	1.4533
13362	1.4489
13363	1.4443
13364	1.4395
13365	1.4349
13366	1.4305
13367	1.4259
13368	1.4215
13369	1.4171
13370	1.4126
13371	1.4082
13372	1.4037
13373	1.3992
13374	1.3946
13375	1.3902
13376	1.3859
13377	1.3813
13378	1.3831
13379	1.3767
13380	1.3724
13381	1.3679
13382	1.3632
13383	1.3585
13384	1.354
13385	1.3495
13386	1.3449
13387	1.3403
13388	1.3357
13389	1.331
13390	1.3264
13391	1.3218
13392	1.3172
13393	1.3126
13394	1.308
13395	1.3035
13396	1.2991
13397	1.295
13398	1.2906
13399	1.2859
13400	1.2769
13401	1.2814
13402	1.2723
13403	1.2678
13404	1.2634
13405	1.2589
13406	1.2542
13407	1.2562
13408	1.2496
13409	1.2448
13410	1.2398
13411	1.2352
13412	1.235
13413	1.231
13414	1.2329
13415	1.2266
13416	1.2223
13417	1.2179
13418	1.2137
13419	1.2094
13420	1.2049
13421	1.2004
13422	1.196
13423	1.1921
13424	1.1855
13425	1.1887
13426	1.1827
13427	1.1801
13428	1.1777
13429	1.1753
13430	1.1725
13431	1.1697
13432	1.1669
13433	1.1641
13434	1.1614
13435	1.1587
13436	1.1559
13437	1.1532
13438	1.1505
13439	1.1478
13440	1.1452
13441	1.1428
13442	1.1405
13443	1.1379
13444	1.1402
13445	1.1351
13446	1.1324
13447	1.1296
13448	1.127
13449	1.1245
13450	1.1219
13451	1.1195
13452	1.1169
13453	1.1143
13454	1.1116
13455	1.1136
13456	1.109
13457	1.1064
13458	1.1041
13459	1.1018
13460	1.0995
13461	1.0972
13462	1.0948
13463	1.0923
13464	1.0899
13465	1.0874
13466	1.085
13467	1.0827
13468	1.0805
13469	1.0782
13470	1.076
13471	1.0737
13472	1.0714
13473	1.0692
13474	1.067
13475	1.0648
13476	1.0628
13477	1.0609
13478	1.059
13479	1.057
13480	1.055
13481	1.0529
13482	1.0508
13483	1.0487
13484	1.0469
13485	1.0453
13486	1.0437
13487	1.0418
13488	1.0399
13489	1.0381
13490	1.0362
13491	1.0344
13492	1.0328
13493	1.0314
13494	1.03
13495	1.0286
13496	1.0273
13497	1.0258
13498	1.0243
13499	1.0227
13500	1.0212
13501	1.0197
13502	1.0181
13503	1.0162
13504	1.014
13505	1.0116
13506	1.0092
13507	1.0072
13508	1.0053
13509	1.0032
13510	1.0009
13511	0.99861
13512	0.99654
13513	0.99983
13514	0.99474
13515	0.99265
13516	0.99036
13517	0.98827
13518	0.9862
13519	0.98428
13520	0.98225
13521	0.97998
13522	0.97791
13523	0.97611
13524	0.97875
13525	0.97441
13526	0.97732
13527	0.97266
13528	0.97528
13529	0.97103
13530	0.96966
13531	0.96849
13532	0.96739
13533	0.96632
13534	0.96535
13535	0.96684
13536	0.9645
13537	0.96596
13538	0.96371
13539	0.9629
13540	0.96204
13541	0.96118
13542	0.9604
13543	0.9596
13544	0.95872
13545	0.95709
13546	0.95786
13547	0.9563
13548	0.95547
13549	0.9547
13550	0.95392
13551	0.95306
13552	0.95218
13553	0.95129
13554	0.95042
13555	0.94957
13556	0.94878
13557	0.94806
13558	0.94733
13559	0.9465
13560	0.94561
13561	0.94477
13562	0.94393
13563	0.94309
13564	0.94233
13565	0.94155
13566	0.94003
13567	0.94077
13568	0.93923
13569	0.93837
13570	0.93758
13571	0.93686
13572	0.93619
13573	0.93541
13574	0.93458
13575	0.93385
13576	0.93313
13577	0.93235
13578	0.93154
13579	0.93074
13580	0.92996
13581	0.92922
13582	0.9285
13583	0.92776
13584	0.92704
13585	0.9264
13586	0.92573
13587	0.92429
13588	0.92501
13589	0.92357
13590	0.92281
13591	0.92206
13592	0.92138
13593	0.92082
13594	0.92026
13595	0.9196
13596	0.91882
13597	0.91791
13598	0.91681
13599	0.91532
13600	0.91346
13601	0.91149
13602	0.90952
13603	0.90757
13604	0.90563
13605	0.9037
13606	0.90179
13607	0.89993
13608	0.89811
13609	0.89627
13610	0.89437
13611	0.89243
13612	0.89051
13613	0.88712
13614	0.88875
13615	0.88534
13616	0.88343
13617	0.8815
13618	0.8796
13619	0.87774
13620	0.87927
13621	0.87593
13622	0.87746
13623	0.87414
13624	0.87232
13625	0.87049
13626	0.87211
13627	0.86865
13628	0.87026
13629	0.86681
13630	0.865
13631	0.86318
13632	0.86479
13633	0.86132
13634	0.85949
13635	0.8578
13636	0.85929
13637	0.85616
13638	0.85441
13639	0.85258
13640	0.85073
13641	0.84887
13642	0.84701
13643	0.84513
13644	0.84325
13645	0.84138
13646	0.83957
13647	0.83791
13648	0.83629
13649	0.8346
13650	0.8328
13651	0.83092
13652	0.83272
13653	0.82902
13654	0.83076
13655	0.82713
13656	0.82878
13657	0.82527
13658	0.82347
13659	0.82174
13660	0.82003
13661	0.81829
13662	0.81646
13663	0.81458
13664	0.8162
13665	0.81287
13666	0.814
13667	0.81127
13668	0.81322
13669	0.80953
13670	0.81136
13671	0.80939
13672	0.80764
13673	0.80387
13674	0.80574
13675	0.80205
13676	0.80044
13677	0.79888
13678	0.79711
13679	0.79895
13680	0.79523
13681	0.79697
13682	0.79336
13683	0.79506
13684	0.79153
13685	0.78957
13686	0.79175
13687	0.78729
13688	0.78462
13689	0.78154
13690	0.78458
13691	0.77811
13692	0.77438
13693	0.77043
13694	0.77382
13695	0.76642
13696	0.76999
13697	0.76253
13698	0.75872
13699	0.75468
13700	0.75819
13701	0.75066
13702	0.74679
13703	0.75006
13704	0.74608
13705	0.74293
13706	0.73553
13707	0.73922
13708	0.73176
13709	0.73513
13710	0.72794
13711	0.73127
13712	0.72418
13713	0.72052
13714	0.71677
13715	0.71263
13716	0.71655
13717	0.70858
13718	0.70454
13719	0.70064
13720	0.69718
13721	0.70059
13722	0.69373
13723	0.69032
13724	0.68672
13725	0.69053
13726	0.68297
13727	0.68669
13728	0.67926
13729	0.67553
13730	0.67175
13731	0.66795
13732	0.66421
13733	0.66049
13734	0.66414
13735	0.6566
13736	0.66046
13737	0.65272
13738	0.65607
13739	0.64895
13740	0.64523
13741	0.64166
13742	0.63809
13743	0.63436
13744	0.63787
13745	0.63074
13746	0.63429
13747	0.62731
13748	0.62394
13749	0.62058
13750	0.62426
13751	0.61707
13752	0.62083
13753	0.61339
13754	0.60978
13755	0.61346
13756	0.60612
13757	0.6099
13758	0.60239
13759	0.59876
13760	0.59504
13761	0.59175
13762	0.58871
13763	0.58526
13764	0.58189
13765	0.57842
13766	0.57488
13767	0.57166
13768	0.57517
13769	0.56856
13770	0.57199
13771	0.56539
13772	0.569
13773	0.56223
13774	0.55888
13775	0.56223
13776	0.55535
13777	0.55864
13778	0.55206
13779	0.5522
13780	0.54908
13781	0.54303
13782	0.54611
13783	0.54016
13784	0.54383
13785	0.53699
13786	0.53708
13787	0.53355
13788	0.52716
13789	0.5303
13790	0.52399
13791	0.5274
13792	0.52089
13793	0.51806
13794	0.51546
13795	0.50998
13796	0.51279
13797	0.5136
13798	0.5071
13799	0.50421
13800	0.49855
13801	0.50126
13802	0.49579
13803	0.49262
13804	0.49624
13805	0.48987
13806	0.48492
13807	0.48842
13808	0.48745
13809	0.48221
13810	0.47968
13811	0.48312
13812	0.47731
13813	0.48098
13814	0.47468
13815	0.47838
13816	0.47183
13817	0.46929
13818	0.4647
13819	0.46696
13820	0.4598
13821	0.46233
13822	0.45744
13823	0.45533
13824	0.45821
13825	0.45314
13826	0.45082
13827	0.44863
13828	0.44657
13829	0.44989
13830	0.44465
13831	0.44257
13832	0.44049
13833	0.43839
13834	0.43667
13835	0.43494
13836	0.43818
13837	0.43286
13838	0.43106
13839	0.42951
13840	0.42792
13841	0.43131
13842	0.42632
13843	0.42467
13844	0.42286
13845	0.42633
13846	0.42128
13847	0.42018
13848	0.4232
13849	0.4189
13850	0.42211
13851	0.41726
13852	0.42052
13853	0.41605
13854	0.41477
13855	0.41859
13856	0.4132
13857	0.41195
13858	0.41082
13859	0.4091
13860	0.4099
13861	0.40827
13862	0.40671
13863	0.40756
13864	0.40582
13865	0.40909
13866	0.40505
13867	0.4083
13868	0.4043
13869	0.40751
13870	0.40351
13871	0.40274
13872	0.406
13873	0.40214
13874	0.40169
13875	0.4012
13876	0.40083
13877	0.40378
13878	0.40054
13879	0.4003
13880	0.40338
13881	0.3999
13882	0.39951
13883	0.40242
13884	0.39945
13885	0.39944
13886	0.40235
13887	0.40822
13888	0.41389
13889	0.41966
13890	0.42551
13891	0.43109
13892	0.43383
13893	0.4339
13894	0.43428
13895	0.43486
13896	0.43501
13897	0.43487
13898	0.43496
13899	0.43207
13900	0.43524
13901	0.43567
13902	0.43614
13903	0.4366
13904	0.43709
13905	0.43781
13906	0.43867
13907	0.43955
13908	0.43599
13909	0.44033
13910	0.43723
13911	0.44104
13912	0.44186
13913	0.4427
13914	0.44369
13915	0.44034
13916	0.44487
13917	0.44621
13918	0.44784
13919	0.44897
13920	0.44971
13921	0.45079
13922	0.45214
13923	0.4536
13924	0.45497
13925	0.45644
13926	0.4579
13927	0.45921
13928	0.45634
13929	0.46058
13930	0.46209
13931	0.46366
13932	0.46555
13933	0.46729
13934	0.46407
13935	0.46891
13936	0.46561
13937	0.47087
13938	0.47253
13939	0.46944
13940	0.474
13941	0.4759
13942	0.47803
13943	0.47462
13944	0.47993
13945	0.47664
13946	0.48175
13947	0.48385
13948	0.48598
13949	0.48483
13950	0.48789
13951	0.49245
13952	0.49011
13953	0.49452
13954	0.49663
13955	0.49901
13956	0.4955
13957	0.50138
13958	0.50372
13959	0.50042
13960	0.50618
13961	0.50858
13962	0.51086
13963	0.51551
13964	0.51305
13965	0.5181
13966	0.52062
13967	0.52319
13968	0.52559
13969	0.52231
13970	0.52828
13971	0.53114
13972	0.53371
13973	0.53041
13974	0.53622
13975	0.53894
13976	0.53568
13977	0.54187
13978	0.53861
13979	0.54468
13980	0.54739
13981	0.54415
13982	0.55017
13983	0.55319
13984	0.55626
13985	0.55274
13986	0.55901
13987	0.56169
13988	0.56447
13989	0.56728
13990	0.5703
13991	0.56688
13992	0.57333
13993	0.57636
13994	0.5795
13995	0.58267
13996	0.58567
13997	0.58878
13998	0.59193
13999	0.59485
14000	0.59154
14001	0.59804
14002	0.6012
14003	0.60426
14004	0.60759
14005	0.61087
14006	0.61411
14007	0.61738
14008	0.61421
14009	0.62048
14010	0.61721
14011	0.62362
14012	0.62702
14013	0.62327
14014	0.63027
14015	0.63341
14016	0.63679
14017	0.64014
14018	0.6436
14019	0.64713
14020	0.65064
14021	0.65415
14022	0.65744
14023	0.66094
14024	0.66463
14025	0.66822
14026	0.67176
14027	0.67513
14028	0.67852
14029	0.68205
14030	0.67839
14031	0.68543
14032	0.68881
14033	0.69234
14034	0.68872
14035	0.69597
14036	0.69966
14037	0.70325
14038	0.69966
14039	0.70692
14040	0.71064
14041	0.71419
14042	0.71771
14043	0.72145
14044	0.72532
14045	0.72186
14046	0.7291
14047	0.73281
14048	0.72939
14049	0.73627
14050	0.73984
14051	0.74353
14052	0.74717
14053	0.75087
14054	0.7548
14055	0.75884
14056	0.76266
14057	0.75931
14058	0.76644
14059	0.77051
14060	0.77435
14061	0.77094
14062	0.77807
14063	0.7745
14064	0.7817
14065	0.78525
14066	0.78174
14067	0.78907
14068	0.78571
14069	0.7928
14070	0.79644
14071	0.80007
14072	0.80063
14073	0.80358
14074	0.80955
14075	0.80673
14076	0.8161
14077	0.81422
14078	0.8178
14079	0.81949
14080	0.81944
14081	0.8212
14082	0.82486
14083	0.823
14084	0.82666
14085	0.825
14086	0.82842
14087	0.8268
14088	0.83017
14089	0.82854
14090	0.83193
14091	0.83362
14092	0.83208
14093	0.83526
14094	0.83693
14095	0.83867
14096	0.84046
14097	0.83878
14098	0.84222
14099	0.84397
14100	0.84571
14101	0.84748
14102	0.8458
14103	0.84928
14104	0.84763
14105	0.85111
14106	0.84953
14107	0.8529
14108	0.85451
14109	0.85604
14110	0.85776
14111	0.8596
14112	0.86147
14113	0.8598
14114	0.86332
14115	0.86516
14116	0.86695
14117	0.86879
14118	0.86725
14119	0.87063
14120	0.87234
14121	0.87394
14122	0.87545
14123	0.87703
14124	0.87878
14125	0.88062
14126	0.88248
14127	0.88075
14128	0.88433
14129	0.88613
14130	0.88449
14131	0.88786
14132	0.88625
14133	0.88958
14134	0.8913
14135	0.88971
14136	0.89296
14137	0.89467
14138	0.89646
14139	0.8983
14140	0.90017
14141	0.90204
14142	0.9039
14143	0.90577
14144	0.90424
14145	0.90761
14146	0.90933
14147	0.91115
14148	0.91299
14149	0.91465
14150	0.91635
14151	0.91808
14152	0.92159
14153	0.91984
14154	0.92335
14155	0.92519
14156	0.92716
14157	0.92898
14158	0.93062
14159	0.93233
14160	0.93064
14161	0.93414
14162	0.93602
14163	0.93437
14164	0.93789
14165	0.93975
14166	0.93814
14167	0.94163
14168	0.94364
14169	0.94207
14170	0.9457
14171	0.94435
14172	0.94774
14173	0.94646
14174	0.94867
14175	0.9517
14176	0.952
14177	0.95232
14178	0.95281
14179	0.95158
14180	0.95345
14181	0.95484
14182	0.95416
14183	0.95544
14184	0.95605
14185	0.95667
14186	0.95723
14187	0.95778
14188	0.95837
14189	0.95898
14190	0.95966
14191	0.96044
14192	0.96119
14193	0.96184
14194	0.9624
14195	0.96296
14196	0.96361
14197	0.96434
14198	0.96505
14199	0.96339
14200	0.96573
14201	0.9641
14202	0.96637
14203	0.96473
14204	0.96704
14205	0.96778
14206	0.96606
14207	0.9686
14208	0.96689
14209	0.96955
14210	0.97048
14211	0.97116
14212	0.97
14213	0.9715
14214	0.97026
14215	0.97188
14216	0.97252
14217	0.97326
14218	0.97406
14219	0.97488
14220	0.97568
14221	0.97645
14222	0.97476
14223	0.97724
14224	0.97803
14225	0.97642
14226	0.97873
14227	0.97709
14228	0.97939
14229	0.98008
14230	0.9808
14231	0.98158
14232	0.98238
14233	0.9832
14234	0.98404
14235	0.98485
14236	0.98558
14237	0.98389
14238	0.98633
14239	0.98717
14240	0.98801
14241	0.9863
14242	0.98874
14243	0.98951
14244	0.98767
14245	0.99033
14246	0.98849
14247	0.99125
14248	0.99211
14249	0.99278
14250	0.99352
14251	0.9944
14252	0.99529
14253	0.99618
14254	0.9944
14255	0.99704
14256	0.99531
14257	0.99786
14258	0.99869
14259	0.99693
14260	0.99955
14261	0.99779
14262	1.0005
14263	1.0014
14264	0.99975
14265	1.0022
14266	1.0029
14267	1.0012
14268	1.0037
14269	1.0045
14270	1.0053
14271	1.0061
14272	1.0041
14273	1.0069
14274	1.0048
14275	1.0078
14276	1.009
14277	1.0064
14278	1.0105
14279	1.0122
14280	1.0139
14281	1.011
14282	1.0158
14283	1.0177
14284	1.0145
14285	1.0197
14286	1.0165
14287	1.0215
14288	1.0185
14289	1.0236
14290	1.0259
14291	1.028
14292	1.0301
14293	1.0323
14294	1.0342
14295	1.0361
14296	1.038
14297	1.04
14298	1.0423
14299	1.0448
14300	1.0473
14301	1.0499
14302	1.0519
14303	1.0536
14304	1.0569
14305	1.0552
14306	1.0586
14307	1.0604
14308	1.0621
14309	1.0638
14310	1.0654
14311	1.063
14312	1.0671
14313	1.0688
14314	1.0706
14315	1.0724
14316	1.0743
14317	1.072
14318	1.0762
14319	1.0781
14320	1.0758
14321	1.0801
14322	1.0821
14323	1.0842
14324	1.082
14325	1.0863
14326	1.0883
14327	1.0903
14328	1.0924
14329	1.0946
14330	1.0968
14331	1.0991
14332	1.1014
14333	1.1038
14334	1.1062
14335	1.1087
14336	1.1111
14337	1.1135
14338	1.1114
14339	1.116
14340	1.1185
14341	1.1163
14342	1.121
14343	1.1189
14344	1.1236
14345	1.1215
14346	1.1262
14347	1.1314
14348	1.1288
14349	1.1341
14350	1.1368
14351	1.1348
14352	1.1396
14353	1.1424
14354	1.1452
14355	1.1481
14356	1.1509
14357	1.1495
14358	1.1534
14359	1.1559
14360	1.1587
14361	1.1565
14362	1.1618
14363	1.1647
14364	1.1675
14365	1.1658
14366	1.1706
14367	1.1738
14368	1.1771
14369	1.1805
14370	1.1841
14371	1.1879
14372	1.186
14373	1.1919
14374	1.1963
14375	1.1941
14376	1.2008
14377	1.2053
14378	1.2098
14379	1.2142
14380	1.2189
14381	1.2234
14382	1.2276
14383	1.2268
14384	1.2318
14385	1.2288
14386	1.2364
14387	1.2412
14388	1.2458
14389	1.2503
14390	1.2549
14391	1.2597
14392	1.2575
14393	1.2643
14394	1.2688
14395	1.2668
14396	1.2734
14397	1.2714
14398	1.2779
14399	1.2824
14400	1.2869
14401	1.2915
14402	1.296
14403	1.3006
14404	1.3051
14405	1.3031
14406	1.3097
14407	1.3143
14408	1.3123
14409	1.3187
14410	1.3231
14411	1.3275
14412	1.3319
14413	1.3364
14414	1.341
14415	1.3455
14416	1.3433
14417	1.3501
14418	1.3547
14419	1.3593
14420	1.3639
14421	1.3618
14422	1.3685
14423	1.3664
14424	1.3731
14425	1.3778
14426	1.3823
14427	1.3802
14428	1.3868
14429	1.3914
14430	1.396
14431	1.4004
14432	1.4096
14433	1.4051
14434	1.4139
14435	1.4184
14436	1.4229
14437	1.4277
14438	1.4322
14439	1.4366
14440	1.4411
14441	1.4387
14442	1.4456
14443	1.4433
14444	1.4502
14445	1.4549
14446	1.4595
14447	1.4642
14448	1.4688
14449	1.4671
14450	1.4732
14451	1.4776
14452	1.4821
14453	1.4866
14454	1.491
14455	1.4955
14456	1.5
14457	1.498
14458	1.5046
14459	1.5091
14460	1.5136
14461	1.5181
14462	1.5226
14463	1.5204
14464	1.5271
14465	1.525
14466	1.5316
14467	1.5361
14468	1.5406
14469	1.5385
14470	1.5452
14471	1.5497
14472	1.5543
14473	1.5521
14474	1.5589
14475	1.5567
14476	1.5635
14477	1.5679
14478	1.5724
14479	1.5769
14480	1.5815
14481	1.586
14482	1.5838
14483	1.5906
14484	1.5951
14485	1.5997
14486	1.6042
14487	1.6087
14488	1.6131
14489	1.6175
14490	1.622
14491	1.6265
14492	1.6241
14493	1.631
14494	1.6287
14495	1.6356
14496	1.6402
14497	1.6448
14498	1.6493
14499	1.6473
14500	1.6537
14501	1.6581
14502	1.6563
14503	1.6627
14504	1.6673
14505	1.6651
14506	1.672
14507	1.6698
14508	1.6767
14509	1.681
14510	1.6852
14511	1.6895
14512	1.6941
14513	1.6986
14514	1.6962
14515	1.7031
14516	1.7006
14517	0.93357
14518	0.93363
14519	0.94297
14520	0.94075
14521	0.93942
14522	0.93684
14523	0.93689
14524	0.93608
14525	0.94158
14526	0.93936
14527	0.93855
14528	1.0486
14529	1.0524
14530	0.96745
14531	0.96802
14532	0.81204
14533	0.81013
14534	0.49188
14535	0.49458
14536	0.98549
14537	1.2327
14538	1.1809
14539	1.1829
14540	1.1793
14541	0.94686
14542	0.83445
14543	0.83299
14544	0.83541
14545	0.86229
14546	0.863
14547	0.82146
14548	0.82378
14549	0.80707
14550	0.92948
14551	0.46562
14552	0.79839
14553	0.80118
14554	1.1652
14555	0.83255
14556	1.5052
14557	1.5008
14558	0.66412
14559	0.65994
14560	0.6648
14561	1.1859
14562	0.95688
14563	0.95709
14564	0.9152
14565	0.91524
14566	0.56199
14567	0.81256
14568	0.81066
14569	0.58707
14570	0.81942
14571	0.82118
14572	1.2694
14573	1.2672
14574	1.5836
14575	1.3669
14576	1.3642
14577	1.5077
14578	0.80911
14579	0.81123
14580	0.61358
14581	0.98674
14582	0.98459
14583	1.6264
14584	0.85841
14585	0.95837
14586	0.95466
14587	0.95226
14588	0.867
14589	0.98469
14590	0.47042
14591	1.1267
14592	1.0648
14593	0.90317
14594	0.90167
14595	0.43141
14596	0.79681
14597	0.79881
14598	0.79842
14599	0.99027
14600	0.99193
14601	0.96517
14602	0.98173
14603	0.46238
14604	1.4082
14605	0.83051
14606	0.91463
14607	0.79609
14608	0.96243
14609	0.97513
14610	0.97581
14611	0.97995
14612	0.98242
14613	1.1767
14614	0.99353
14615	1.3804
14616	0.90641
14617	0.90849
14618	0.90638
14619	0.81272
14620	0.80975
14621	0.99603
14622	1.1826
14623	1.1787
14624	1.0547
14625	1.0573
14626	0.97925
14627	0.89282
14628	0.89257
14629	0.77338
14630	1.4682
14631	0.84202
14632	1.382
14633	1.3812
14634	0.42353
14635	1.1779
14636	0.98666
14637	0.98471
14638	1.0665
14639	1.0667
14640	1.0636
14641	0.56532
14642	0.81562
14643	0.78221
14644	0.78266
14645	0.95277
14646	0.53733
14647	0.53379
14648	0.42987
14649	0.4346
14650	0.41642
14651	0.41076
14652	1.5902
14653	0.55265
14654	0.54954
14655	0.89461
14656	0.76764
14657	0.77108
14658	1.5545
14659	0.50581
14660	0.50989
14661	0.50969
14662	0.50512
14663	0.41285
14664	0.98847
14665	0.48442
14666	0.48762
14667	1.1942
14668	0.81443
14669	0.51636
14670	0.87188
14671	0.97675
14672	0.9801
14673	1.5389
14674	0.93227
14675	0.73593
14676	0.7402
14677	0.69105
14678	1.2554
14679	0.94278
14680	0.9423
14681	0.42646
14682	0.42063
14683	0.74204
14684	0.73825
14685	1.6954
14686	0.62452
14687	0.51717
14688	1.1671
14689	0.98798
14690	0.98712
14691	0.98964
14692	1.0281
14693	1.3673
14694	0.8794
14695	0.88097
14696	0.85771
14697	0.47187
14698	0.8358
14699	0.8356
14700	0.97819
14701	1.0273
14702	1.0254
14703	1.0299
14704	0.52033
14705	0.51782
14706	0.52095
14707	0.95548
14708	1.014
14709	1.0153
14710	1.3154
14711	0.47321
14712	0.48049
14713	0.82701
14714	0.91662
14715	0.97456
14716	0.97637
14717	0.54423
14718	0.54734
14719	0.45551
14720	0.45397
14721	1.0441
14722	0.86689
14723	0.89824
14724	0.90052
14725	1.4306
14726	1.5228
14727	0.74558
14728	0.74242
14729	0.74936
14730	0.6378
14731	0.64135
14732	0.81671
14733	0.81401
14734	1.0692
14735	1.1166
14736	1.1193
14737	1.117
14738	1.1448
14739	0.97858
14740	0.86435
14741	0.86367
14742	0.86635
14743	0.99885
14744	0.99782
14745	1.4028
14746	0.98561
14747	0.98367
14748	0.42372
14749	0.42527
14750	0.57243
14751	0.62849
14752	0.63314
14753	0.6324
14754	1.4699
14755	0.89794
14756	0.82298
14757	0.87079
14758	0.43366
14759	0.43148
14760	0.93737
14761	0.84823
14762	0.98885
14763	1.1444
14764	1.6694
14765	0.90131
14766	0.73464
14767	0.41179
14768	0.41755
14769	1.1943
14770	1.1961
14771	1.1343
14772	1.1365
14773	0.48204
14774	0.48552
14775	0.97869
14776	1.0563
14777	0.48734
14778	0.49133
14779	0.49055
14780	0.84596
14781	0.84788
14782	0.82514
14783	0.82692
14784	1.0989
14785	0.87488
14786	1.6573
14787	0.89956
14788	1.1095
14789	1.1095
14790	1.112
14791	0.70291
14792	0.80736
14793	0.93547
14794	0.90151
14795	0.91051
14796	0.90841
14797	0.91126
14798	1.0842
14799	0.80846
14800	1.4738
14801	1.0028
14802	0.94461
14803	0.80413
14804	1.4687
14805	1.0323
14806	0.9083
14807	1.5626
14808	0.43464
14809	0.61404
14810	1.0662
14811	0.4647
14812	0.53535
14813	0.53193
14814	1.4726
14815	0.5265
14816	1.0133
14817	0.75679
14818	0.75611
14819	0.5755
14820	0.42511
14821	0.9182
14822	1.0457
14823	0.82913
14824	0.95702
14825	0.87899
14826	0.88045
14827	0.80927
14828	1.6675
14829	1.4922
14830	1.4945
14831	0.81331
14832	0.81309
14833	0.85827
14834	0.83098
14835	1.0095
14836	1.166
14837	1.1646
14838	0.96309
14839	0.96152
14840	0.94541
14841	0.94864
14842	1.1657
14843	1.1094
14844	0.83754
14845	1.0631
14846	0.76529
14847	0.76177
14848	0.76703
14849	0.96701
14850	0.9692
14851	0.77848
14852	0.97548
14853	0.58246
14854	0.58269
14855	0.48848
14856	0.76781
14857	0.92878
14858	0.92872
14859	0.88462
14860	0.87951
14861	0.98628
14862	0.98336
14863	1.1852
14864	0.48318
14865	0.48655
14866	0.60048
14867	1.4409
14868	1.0021
14869	0.66813
14870	0.51806
14871	0.49626
14872	0.96031
14873	1.0511
14874	0.77125
14875	0.97093
14876	0.63787
14877	1.1209
14878	1.1231
14879	0.46262
14880	1.0598
14881	0.41156
14882	0.6847
14883	0.68022
14884	1.0797
14885	0.52392
14886	0.51238
14887	0.42208
14888	1.1754
14889	1.3955
14890	1.1143
14891	1.4984
14892	1.1155
14893	1.1121
14894	1.1642
14895	0.82547
14896	0.51434
14897	0.43243
14898	0.54139
14899	0.87713
14900	0.91171
14901	0.90496
14902	1.3674
14903	0.69805
14904	1.2195
14905	0.86085
14906	0.95784
14907	0.9701
14908	1.4541
14909	0.9428
14910	1.1187
14911	0.50786
14912	0.89641
14913	0.89818
14914	1.1098
14915	0.9518
14916	0.97848
14917	0.95308
14918	0.95482
14919	0.90395
14920	0.9067
14921	0.90747
14922	0.48263
14923	0.57868
14924	0.44104
14925	1.0064
14926	1.0669
14927	0.8486
14928	0.96011
14929	0.96242
14930	0.96118
14931	0.96127
14932	0.96358
14933	0.96583
14934	0.96465
14935	0.96473
14936	0.9624
14937	0.96698
14938	0.96804
14939	0.96591
14940	0.86432
14941	0.86006
14942	0.85797
14943	0.85975
14944	0.86027
14945	0.86219
14946	0.85818
14947	0.85615
14948	0.85829
14949	0.85625
14950	0.95302
14951	0.95068
14952	0.95184
14953	0.94949
14954	0.94724
14955	0.94842
14956	0.94617
14957	0.944
14958	0.94506
14959	0.94289
14960	0.8272
14961	0.82938
14962	0.82742
14963	0.8296
14964	0.83152
14965	0.82982
14966	0.83174
14967	1.1069
14968	1.1094
14969	1.1062
14970	1.1088
14971	1.1113
14972	1.1082
14973	1.1107
14974	1.1132
14975	1.1102
14976	1.1127
14977	1.1151
14978	1.1122
14979	1.1147
14980	0.89436
14981	0.89566
14982	0.8947
14983	0.89743
14984	0.90029
14985	0.89707
14986	0.89993
14987	0.9022
14988	0.90495
14989	1.055
14990	1.0577
14991	1.0556
14992	1.0583
14993	1.061
14994	1.0589
14995	1.0615
14996	0.96606
14997	0.96821
14998	0.96712
14999	0.96501
15000	0.96926
15001	0.96818
15002	0.7717
15003	0.77565
15004	0.77119
15005	0.77514
15006	0.77929
15007	0.77478
15008	0.77893
15009	0.98359
15010	0.9814
15011	0.98245
15012	0.98027
15013	0.97803
15014	0.97915
15015	0.97691
15016	0.97467
15017	0.97585
15018	0.97361
15019	0.97142
15020	0.97259
15021	0.9704
15022	0.97218
15023	0.97353
15024	0.97535
15025	0.97689
15026	0.97382
15027	0.97536
15028	0.97663
15029	1.3783
15030	1.3761
15031	1.3806
15032	1.3785
15033	1.3763
15034	1.3809
15035	1.3787
15036	0.95735
15037	0.95557
15038	0.95607
15039	0.95428
15040	0.95235
15041	0.95277
15042	0.95084
15043	1.4494
15044	1.4513
15045	0.53761
15046	1.0362
15047	0.86294
15048	0.86143
15049	0.94959
15050	0.95129
15051	0.94001
15052	0.93763
15053	0.94062
15054	0.97167
15055	0.42473
15056	0.5149
15057	0.51866
15058	1.5165
15059	1.5186
15060	1.517
15061	0.91011
15062	0.62831
15063	1.5539
15064	1.5564
15065	1.6752
15066	0.41774
15067	0.69849
15068	0.86687
15069	0.95165
15070	0.95392
15071	0.95303
15072	0.95529
15073	1.0609
15074	1.0638
15075	1.0612
15076	1.0642
15077	1.067
15078	1.0644
15079	1.0673
15080	1.07
15081	1.0675
15082	1.0702
15083	1.0502
15084	1.0476
15085	1.0495
15086	1.0468
15087	1.044
15088	1.046
15089	1.0432
15090	1.0405
15091	1.0426
15092	1.0399
15093	0.97245
15094	0.97023
15095	0.97135
15096	0.96913
15097	0.96686
15098	0.96804
15099	0.96577
15100	0.96342
15101	0.9647
15102	0.96235
15103	0.96012
15104	0.9614
15105	0.95917
15106	1.0751
15107	1.0727
15108	1.0753
15109	1.0728
15110	1.4963
15111	1.494
15112	1.4988
15113	1.4966
15114	0.41635
15115	0.41308
15116	0.41862
15117	0.41403
15118	0.4198
15119	0.41075
15120	0.97485
15121	0.97278
15122	0.97369
15123	0.97162
15124	0.96946
15125	0.97037
15126	0.9682
15127	0.96599
15128	0.96701
15129	0.9648
15130	0.96247
15131	0.96358
15132	0.96125
15133	1.5606
15134	1.5585
15135	1.5634
15136	1.5612
15137	0.42083
15138	0.42134
15139	0.42207
15140	0.42403
15141	1.0804
15142	1.0827
15143	1.0801
15144	1.0824
15145	1.0851
15146	1.082
15147	1.0846
15148	1.0871
15149	1.0838
15150	1.0863
15151	1.0891
15152	1.0858
15153	1.0886
15154	0.63595
15155	0.63202
15156	0.63596
15157	0.63204
15158	1.1759
15159	1.1739
15160	1.1771
15161	1.1752
15162	1.1734
15163	1.1767
15164	1.1749
15165	1.1729
15166	1.1764
15167	1.1745
15168	1.1725
15169	1.176
15170	1.174
15171	0.94796
15172	0.94739
15173	0.94628
15174	0.9457
15175	0.9451
15176	0.94413
15177	0.94353
15178	0.47943
15179	0.47614
15180	0.47729
15181	0.47302
15182	0.48977
15183	0.48915
15184	0.49293
15185	0.49231
15186	0.4425
15187	0.44442
15188	0.43952
15189	0.44145
15190	0.44294
15191	0.43795
15192	0.43945
15193	1.0397
15194	0.93597
15195	0.93824
15196	0.93692
15197	0.93919
15198	0.94142
15199	0.94012
15200	0.94235
15201	1.5307
15202	1.5279
15203	1.5326
15204	1.5287
15205	1.5334
15206	1.5259
15207	1.5231
15208	1.524
15209	1.5212
15210	1.5196
15211	1.5378
15212	1.5398
15213	1.5353
15214	1.5373
15215	1.5393
15216	1.5348
15217	1.5368
15218	1.1608
15219	1.1628
15220	1.1593
15221	1.1613
15222	1.1632
15223	1.1598
15224	1.1617
15225	1.1635
15226	1.16
15227	1.1619
15228	0.69051
15229	0.69437
15230	0.6907
15231	0.69457
15232	1.091
15233	1.0933
15234	1.0904
15235	1.0927
15236	1.0951
15237	1.092
15238	1.0944
15239	1.097
15240	1.0937
15241	1.0963
15242	1.0989
15243	1.0957
15244	1.0983
15245	0.85218
15246	0.85001
15247	0.85365
15248	0.85148
15249	0.90741
15250	0.90956
15251	0.90963
15252	0.91177
15253	1.1292
15254	1.1196
15255	1.1218
15256	1.1205
15257	0.89182
15258	0.88953
15259	0.89228
15260	0.88998
15261	0.8877
15262	0.88731
15263	0.89055
15264	0.88828
15265	0.88598
15266	0.88542
15267	0.88894
15268	0.4231
15269	0.42645
15270	0.42563
15271	0.42897
15272	0.46626
15273	0.46975
15274	0.46732
15275	0.47081
15276	0.47417
15277	0.47176
15278	0.47512
15279	0.47821
15280	0.47614
15281	0.47922
15282	0.57543
15283	0.57589
15284	0.57891
15285	0.57937
15286	0.57943
15287	0.5827
15288	0.58276
15289	0.58281
15290	0.58639
15291	0.58645
15292	0.58623
15293	0.58982
15294	0.58961
15295	0.46139
15296	0.45792
15297	0.45998
15298	0.4565
15299	0.4533
15300	0.45552
15301	0.45232
15302	1.516
15303	1.5177
15304	1.5136
15305	1.5154
15306	0.88434
15307	0.88502
15308	0.88215
15309	0.88665
15310	0.88373
15311	0.88732
15312	0.88801
15313	0.88974
15314	0.89043
15315	1.2199
15316	1.2234
15317	1.2229
15318	1.2264
15319	1.2297
15320	1.2288
15321	1.2322
15322	1.236
15323	1.2341
15324	1.238
15325	0.45254
15326	0.45412
15327	0.44951
15328	0.4511
15329	1.4074
15330	1.4049
15331	1.4093
15332	0.97808
15333	0.97897
15334	0.97564
15335	0.97653
15336	1.2556
15337	1.2537
15338	1.2584
15339	1.2565
15340	1.2546
15341	1.2591
15342	1.2572
15343	1.1274
15344	1.1253
15345	1.1282
15346	1.1261
15347	1.124
15348	1.1271
15349	1.1249
15350	1.1227
15351	1.1259
15352	1.1237
15353	1.1213
15354	1.1244
15355	1.1221
15356	0.49681
15357	0.4939
15358	0.49589
15359	0.49299
15360	0.48979
15361	0.49192
15362	0.48872
15363	1.6982
15364	1.6958
15365	1.7012
15366	1.6988
15367	1.6956
15368	1.7016
15369	1.6985
15370	1.0045
15371	1.0011
15372	1.0032
15373	0.99983
15374	0.9964
15375	0.99848
15376	0.99505
15377	1.0334
15378	1.4531
15379	0.79314
15380	0.96941
15381	0.66881
15382	0.51161
15383	0.51204
15384	0.51508
15385	0.64141
15386	0.64496
15387	0.64127
15388	0.64482
15389	0.64879
15390	0.64466
15391	1.3947
15392	1.3976
15393	1.3966
15394	1.3996
15395	1.4023
15396	1.4014
15397	1.4041
15398	1.4069
15399	1.406
15400	1.4088
15401	1.4115
15402	1.4108
15403	1.4135
15404	0.52803
15405	0.52856
15406	0.52453
15407	0.52507
15408	0.52589
15409	0.52179
15410	0.52262
15411	0.52287
15412	0.51885
15413	0.5191
15414	0.51952
15415	0.51551
15416	0.51593
15417	0.64775
15418	0.64863
15419	0.6512
15420	0.65208
15421	1.5852
15422	1.5875
15423	1.5831
15424	1.5854
15425	1.5878
15426	1.5832
15427	1.5856
15428	0.88482
15429	0.88253
15430	0.88503
15431	0.88274
15432	0.88049
15433	0.88317
15434	0.88092
15435	0.87868
15436	0.88153
15437	0.87929
15438	0.8828
15439	0.88061
15440	0.88258
15441	0.88039
15442	0.87809
15443	0.88016
15444	0.87786
15445	0.87553
15446	0.87769
15447	0.87536
15448	0.87308
15449	0.87535
15450	0.87307
15451	1.3109
15452	1.3063
15453	0.95774
15454	0.95978
15455	0.95862
15456	0.96066
15457	0.96288
15458	0.96162
15459	0.96384
15460	0.96608
15461	0.96483
15462	0.96707
15463	0.96933
15464	0.9682
15465	0.97046
15466	0.86188
15467	0.41756
15468	0.86488
15469	0.91621
