Node Number	Equivalent (von-Mises) Stress (MPa)
1	1.501
2	4.1427
3	0.1546
4	0.71514
5	1.4685
6	2.171
7	2.7602
8	3.2661
9	3.7173
10	5.79
11	4.8878
12	4.5195
13	4.243
14	4.0248
15	3.8604
16	3.7711
17	3.7727
18	3.8635
19	4.0267
20	4.2368
21	4.4652
22	4.6875
23	4.8857
24	5.0506
25	5.1779
26	5.2673
27	5.315
28	5.329
29	5.3103
30	5.2612
31	5.1881
32	5.0952
33	4.9847
34	4.8608
35	4.7258
36	4.5839
37	4.438
38	4.2896
39	4.1419
40	3.9966
41	3.8562
42	3.7219
43	3.5953
44	3.4776
45	3.3698
46	3.2726
47	3.1866
48	3.1114
49	3.0472
50	2.9939
51	2.9506
52	2.9164
53	2.8912
54	2.8737
55	2.8623
56	2.8569
57	2.8558
58	2.859
59	2.8647
60	2.8723
61	2.882
62	2.8926
63	2.9042
64	2.9157
65	2.9274
66	2.9389
67	2.9498
68	2.9603
69	2.9692
70	2.9778
71	2.9847
72	2.9899
73	2.9939
74	2.9962
75	2.9967
76	2.9949
77	2.9911
78	2.9858
79	2.9781
80	2.9688
81	2.9574
82	2.9436
83	2.9283
84	2.9116
85	2.8928
86	2.8725
87	2.8508
88	2.8274
89	2.8027
90	2.7763
91	2.7491
92	2.7202
93	2.6906
94	2.6598
95	2.6282
96	2.5966
97	2.5646
98	2.5329
99	2.5017
100	2.4718
101	2.4429
102	2.4154
103	2.3909
104	2.3694
105	2.3511
106	2.3366
107	2.3268
108	2.3226
109	2.3242
110	2.3323
111	2.3473
112	2.37
113	2.4012
114	2.4411
115	2.4903
116	2.549
117	2.6174
118	2.6962
119	2.7851
120	2.8851
121	2.9955
122	3.117
123	3.2496
124	3.3945
125	3.5508
126	3.7306
127	3.9303
128	14.228
129	14.119
130	13.96
131	13.772
132	13.563
133	13.343
134	13.114
135	12.881
136	12.645
137	12.409
138	12.174
139	11.94
140	11.708
141	11.479
142	11.254
143	11.032
144	10.813
145	10.597
146	10.384
147	10.173
148	9.9632
149	9.7544
150	9.5461
151	9.3373
152	9.1272
153	8.9155
154	8.7013
155	8.4841
156	8.2637
157	8.0397
158	7.8119
159	7.5805
160	7.3457
161	7.1081
162	6.8688
163	6.629
164	6.3904
165	6.1555
166	5.9272
167	5.7086
168	5.5041
169	5.3175
170	5.1543
171	5.017
172	4.9103
173	4.836
174	4.8051
175	4.8102
176	4.8459
177	4.9312
178	5.0564
179	5.4644
180	16.913
181	16.972
182	17.029
183	17.085
184	17.133
185	17.168
186	17.186
187	17.183
188	17.16
189	17.117
190	17.056
191	16.976
192	16.878
193	16.766
194	16.637
195	16.494
196	16.339
197	16.171
198	15.991
199	15.802
200	15.599
201	15.389
202	15.171
203	14.953
204	14.747
205	14.554
206	14.372
207	6.6269
208	16.857
209	16.795
210	16.728
211	16.654
212	16.575
213	16.49
214	16.398
215	16.3
216	16.195
217	16.085
218	15.967
219	15.843
220	15.713
221	15.575
222	15.431
223	15.281
224	15.124
225	14.958
226	14.787
227	14.608
228	14.423
229	14.232
230	14.032
231	13.826
232	13.614
233	13.394
234	13.168
235	12.936
236	12.697
237	12.452
238	12.201
239	11.945
240	11.684
241	11.419
242	11.148
243	10.874
244	10.596
245	10.316
246	10.035
247	9.754
248	9.4738
249	9.1974
250	8.925
251	8.6627
252	8.4094
253	8.1681
254	7.9433
255	7.7392
256	7.5609
257	7.4129
258	7.2997
259	7.2255
260	7.1933
261	7.2054
262	7.2622
263	7.3622
264	7.502
265	7.6758
266	7.8759
267	8.094
268	8.3199
269	8.5449
270	8.7572
271	8.9465
272	9.1037
273	9.2192
274	9.2836
275	9.2945
276	9.2443
277	9.1265
278	8.9428
279	8.6901
280	8.3729
281	7.99
282	7.5507
283	7.0519
284	15.35
285	15.257
286	15.159
287	15.059
288	14.954
289	14.847
290	14.735
291	14.62
292	14.501
293	14.377
294	14.25
295	14.118
296	13.982
297	13.842
298	13.697
299	13.548
300	13.394
301	13.236
302	13.073
303	12.905
304	12.733
305	12.555
306	12.374
307	12.187
308	11.995
309	11.798
310	11.597
311	11.39
312	11.179
313	10.964
314	10.743
315	10.519
316	10.291
317	10.058
318	9.8223
319	9.5828
320	9.3404
321	9.0965
322	8.8517
323	8.6064
324	8.3619
325	8.1198
326	7.8808
327	7.6479
328	7.4235
329	7.2089
330	7.0087
331	6.826
332	6.6653
333	6.5307
334	6.4268
335	6.3579
336	6.3274
337	6.3389
338	6.3933
339	6.4912
340	6.6283
341	6.8029
342	7.0084
343	7.2372
344	7.4805
345	7.7285
346	7.9725
347	8.2042
348	8.4237
349	8.6037
350	8.7398
351	8.8297
352	8.8685
353	8.8507
354	8.7726
355	8.6288
356	8.4241
357	8.1574
358	7.8274
359	7.4417
360	7.0172
361	16.356
362	16.356
363	16.355
364	16.355
365	16.354
366	16.353
367	16.352
368	16.352
369	16.351
370	16.351
371	16.352
372	16.352
373	16.353
374	16.353
375	16.354
376	16.355
377	16.356
378	16.357
379	16.357
380	16.358
381	16.358
382	16.359
383	16.359
384	16.359
385	16.358
386	16.358
387	16.358
388	16.357
389	16.356
390	16.356
391	16.355
392	16.354
393	16.353
394	16.351
395	16.35
396	16.349
397	16.348
398	16.346
399	16.345
400	16.344
401	16.342
402	16.341
403	16.34
404	16.339
405	16.338
406	16.337
407	16.337
408	16.336
409	16.336
410	16.335
411	16.335
412	16.335
413	16.335
414	16.335
415	16.336
416	16.337
417	16.338
418	16.339
419	16.341
420	16.342
421	16.345
422	16.347
423	16.35
424	16.353
425	16.357
426	16.36
427	16.365
428	16.369
429	16.374
430	16.38
431	16.386
432	16.392
433	16.399
434	16.406
435	16.414
436	16.423
437	16.431
438	16.441
439	16.451
440	16.461
441	16.472
442	16.484
443	16.496
444	16.509
445	16.522
446	16.536
447	16.55
448	16.565
449	16.581
450	16.597
451	16.614
452	16.631
453	16.649
454	16.667
455	16.685
456	16.704
457	16.724
458	16.744
459	16.765
460	16.785
461	16.806
462	16.828
463	16.849
464	16.871
465	16.892
466	16.914
467	16.935
468	16.957
469	16.978
470	17.
471	17.02
472	17.041
473	17.061
474	17.08
475	17.099
476	17.116
477	17.133
478	17.149
479	17.163
480	17.176
481	17.187
482	17.197
483	17.205
484	17.21
485	17.214
486	17.215
487	17.212
488	17.207
489	17.199
490	17.187
491	17.171
492	17.151
493	17.127
494	17.097
495	17.062
496	17.022
497	16.975
498	16.922
499	16.861
500	16.793
501	16.717
502	16.631
503	16.536
504	16.432
505	16.316
506	16.188
507	16.052
508	15.912
509	15.778
510	15.658
511	15.553
512	15.454
513	14.975
514	15.033
515	15.195
516	15.391
517	15.6
518	15.808
519	15.996
520	16.175
521	11.136
522	14.887
523	14.806
524	14.746
525	14.763
526	14.741
527	14.744
528	14.752
529	14.769
530	14.77
531	14.778
532	14.797
533	14.797
534	14.804
535	14.819
536	14.819
537	14.824
538	14.837
539	14.836
540	14.84
541	14.85
542	14.848
543	14.851
544	14.859
545	14.857
546	14.858
547	14.864
548	14.862
549	14.863
550	14.868
551	14.865
552	14.866
553	14.87
554	14.867
555	14.868
556	14.871
557	14.869
558	14.869
559	14.871
560	14.869
561	14.87
562	14.872
563	14.871
564	14.871
565	14.874
566	14.873
567	14.874
568	14.877
569	14.876
570	14.877
571	14.881
572	14.881
573	14.883
574	14.887
575	14.888
576	14.891
577	14.895
578	14.897
579	14.901
580	14.906
581	14.909
582	14.915
583	14.92
584	14.924
585	14.93
586	14.936
587	14.941
588	14.949
589	14.956
590	14.962
591	14.971
592	14.978
593	14.985
594	14.995
595	15.004
596	15.012
597	15.023
598	15.033
599	15.042
600	15.053
601	15.064
602	15.074
603	15.085
604	15.097
605	15.107
606	15.119
607	15.131
608	15.142
609	15.154
610	15.165
611	15.176
612	15.188
613	15.199
614	15.209
615	15.221
616	15.231
617	15.24
618	15.25
619	15.259
620	15.266
621	15.274
622	15.281
623	15.286
624	15.291
625	15.294
626	15.296
627	15.298
628	15.297
629	15.294
630	15.291
631	15.285
632	15.277
633	15.268
634	15.256
635	15.24
636	15.224
637	15.204
638	15.18
639	15.154
640	15.124
641	15.091
642	15.054
643	15.011
644	14.965
645	14.915
646	14.858
647	14.797
648	14.731
649	14.658
650	14.579
651	14.494
652	14.4
653	14.3
654	14.193
655	14.076
656	13.951
657	13.817
658	13.673
659	13.519
660	13.356
661	13.181
662	12.995
663	12.798
664	12.588
665	12.37
666	12.15
667	11.936
668	11.737
669	11.565
670	11.416
671	11.277
672	58.569
673	11.007
674	10.877
675	10.744
676	10.61
677	10.473
678	10.335
679	10.195
680	10.054
681	9.9119
682	9.7686
683	9.6249
684	9.4812
685	9.3375
686	9.194
687	9.052
688	8.9116
689	8.7732
690	8.6377
691	8.5056
692	8.3781
693	8.2556
694	8.1397
695	8.0304
696	7.9296
697	7.8379
698	7.7575
699	7.6894
700	7.6354
701	7.5957
702	7.5721
703	7.5657
704	7.5781
705	7.6103
706	7.6631
707	7.7373
708	7.8328
709	7.9516
710	8.094
711	8.2601
712	8.4479
713	8.6574
714	8.8908
715	9.1442
716	9.4181
717	9.7117
718	10.024
719	10.356
720	10.707
721	11.074
722	11.46
723	11.862
724	12.281
725	12.718
726	13.181
727	13.667
728	14.183
729	14.735
730	15.334
731	15.999
732	16.763
733	17.663
734	18.777
735	20.237
736	22.414
737	25.851
738	35.379
739	10.273
740	10.088
741	9.8933
742	9.6956
743	9.501
744	9.2924
745	9.0915
746	8.8818
747	8.6686
748	8.4605
749	8.2396
750	8.0218
751	7.8072
752	7.5812
753	7.3666
754	7.1442
755	6.9236
756	6.7114
757	6.4895
758	6.2832
759	6.0757
760	5.8732
761	5.6873
762	5.5002
763	5.3313
764	5.1826
765	5.0416
766	4.9328
767	4.8424
768	4.7795
769	4.7529
770	4.7496
771	4.79
772	4.8625
773	4.9708
774	5.1188
775	5.2953
776	5.5089
777	5.7546
778	6.0226
779	6.3239
780	6.6473
781	6.9901
782	7.3545
783	7.7361
784	8.1359
785	8.5499
786	8.978
787	9.4191
788	9.8727
789	10.339
790	10.818
791	11.309
792	11.815
793	12.338
794	12.881
795	13.45
796	14.052
797	14.698
798	15.405
799	16.201
800	17.138
801	18.301
802	19.842
803	22.09
804	25.949
805	35.943
806	15.239
807	15.402
808	15.46
809	15.444
810	15.452
811	15.371
812	15.31
813	15.223
814	15.076
815	14.968
816	14.784
817	14.591
818	14.382
819	14.214
820	14.013
821	13.773
822	13.516
823	13.244
824	12.962
825	12.668
826	12.349
827	12.025
828	11.694
829	11.372
830	11.071
831	10.797
832	10.542
833	7.4038
834	15.082
835	14.912
836	14.907
837	15.001
838	14.924
839	14.949
840	15.004
841	14.868
842	14.881
843	14.886
844	14.663
845	14.691
846	14.658
847	14.365
848	14.436
849	14.297
850	13.983
851	14.054
852	13.634
853	13.578
854	13.58
855	13.112
856	13.154
857	13.002
858	12.522
859	12.581
860	12.34
861	11.885
862	11.919
863	11.661
864	11.155
865	11.412
866	10.873
867	10.526
868	10.477
869	9.9394
870	9.6434
871	9.7462
872	9.1913
873	9.3529
874	8.8708
875	8.3121
876	8.8779
877	8.1955
878	8.159
879	7.9644
880	7.7791
881	7.0456
882	7.7833
883	6.2018
884	6.5688
885	7.2136
886	5.0553
887	5.9321
888	5.5573
889	3.8933
890	5.9372
891	6.6799
892	4.9394
893	4.9125
894	5.0747
895	5.4162
896	4.2331
897	4.8319
898	6.1088
899	5.3991
900	28.256
901	16.879
902	25.059
903	30.761
904	21.052
905	13.665
906	11.562
907	8.6496
908	6.5779
909	7.4574
910	6.5234
911	5.4092
912	5.903
913	5.4967
914	5.3653
915	5.0517
916	4.6336
917	4.3206
918	3.9413
919	3.5177
920	3.1996
921	2.8466
922	2.4691
923	2.1907
924	1.8926
925	1.5758
926	1.3536
927	1.1151
928	0.85506
929	0.65699
930	0.42918
931	0.18975
932	9.0041e-002
933	0.24347
934	0.44746
935	0.60936
936	0.77901
937	0.95784
938	1.096
939	1.2248
940	1.3753
941	1.4986
942	1.5955
943	1.7206
944	1.8184
945	1.8895
946	1.9872
947	2.0627
948	2.1099
949	2.186
950	2.2396
951	2.2722
952	2.3425
953	2.4067
954	2.456
955	2.5238
956	2.5823
957	2.6227
958	2.6777
959	2.7229
960	2.7491
961	2.788
962	2.8191
963	2.8313
964	2.8513
965	2.8722
966	2.867
967	2.8737
968	2.8793
969	2.8627
970	2.8696
971	2.882
972	2.8814
973	2.8897
974	2.8993
975	2.894
976	2.8943
977	2.8954
978	2.8771
979	2.866
980	2.8565
981	2.8245
982	2.7989
983	2.7761
984	2.7294
985	2.6969
986	2.6775
987	2.6483
988	2.6209
989	2.6018
990	2.574
991	2.5345
992	2.5085
993	2.4705
994	2.4209
995	2.3799
996	2.3277
997	2.2593
998	2.2016
999	2.1345
1000	2.0697
1001	2.0223
1002	1.97
1003	1.9112
1004	1.8585
1005	1.7984
1006	1.7282
1007	1.6629
1008	1.5862
1009	1.4944
1010	1.4085
1011	1.3083
1012	1.1934
1013	1.0872
1014	0.98966
1015	0.89024
1016	0.8063
1017	0.80589
1018	1.2102
1019	9.4034
1020	13.843
1021	9.6799
1022	9.7749
1023	10.354
1024	9.2331
1025	9.4457
1026	10.183
1027	9.681
1028	11.094
1029	11.081
1030	10.837
1031	10.931
1032	9.1927
1033	9.3641
1034	8.8936
1035	8.8427
1036	8.7729
1037	8.5582
1038	10.497
1039	11.276
1040	11.511
1041	11.809
1042	10.677
1043	10.883
1044	10.325
1045	9.56
1046	9.3449
1047	9.1881
1048	9.161
1049	8.8945
1050	9.4132
1051	9.2934
1052	9.5181
1053	9.7989
1054	9.007
1055	9.2436
1056	8.9051
1057	9.6295
1058	9.9789
1059	10.365
1060	9.7094
1061	9.5501
1062	12.614
1063	12.729
1064	11.688
1065	9.4475
1066	9.5301
1067	9.4097
1068	9.2795
1069	10.213
1070	9.992
1071	9.1789
1072	10.354
1073	9.5754
1074	9.1601
1075	8.3072
1076	7.4581
1077	9.0389
1078	8.4323
1079	9.8911
1080	11.03
1081	6.8956
1082	12.372
1083	10.156
1084	9.2681
1085	9.3641
1086	8.9107
1087	10.923
1088	11.534
1089	11.898
1090	8.7277
1091	9.0807
1092	9.5474
1093	11.687
1094	11.86
1095	11.514
1096	11.302
1097	11.038
1098	10.577
1099	10.662
1100	10.225
1101	10.436
1102	9.2669
1103	9.1263
1104	8.5493
1105	8.6436
1106	8.3519
1107	8.1359
1108	8.8312
1109	10.545
1110	10.439
1111	10.675
1112	11.242
1113	11.636
1114	12.85
1115	12.533
1116	12.02
1117	11.652
1118	11.332
1119	11.117
1120	10.898
1121	10.322
1122	10.516
1123	9.8813
1124	9.9907
1125	9.5517
1126	9.3444
1127	9.5751
1128	9.3129
1129	9.1367
1130	9.2062
1131	9.7825
1132	9.9235
1133	10.366
1134	10.274
1135	9.8983
1136	9.348
1137	8.8048
1138	8.656
1139	8.4958
1140	8.7233
1141	8.7483
1142	9.0498
1143	8.966
1144	9.4873
1145	9.6378
1146	10.56
1147	10.895
1148	13.313
1149	13.01
1150	13.1
1151	12.663
1152	12.528
1153	11.753
1154	9.9736
1155	9.0323
1156	8.7584
1157	6.0876
1158	5.2443
1159	5.684
1160	4.751
1161	3.6339
1162	2.4866
1163	3.0459
1164	0.96867
1165	0.94648
1166	2.2725
1167	7.1089
1168	13.203
1169	11.317
1170	10.412
1171	12.122
1172	4.7436
1173	9.0213
1174	13.087
1175	12.294
1176	11.676
1177	10.577
1178	13.159
1179	11.078
1180	7.9419
1181	8.5676
1182	10.709
1183	9.7995
1184	11.721
1185	11.01
1186	9.1963
1187	8.5448
1188	7.3112
1189	9.612
1190	9.8912
1191	5.387
1192	7.7543
1193	8.9844
1194	9.1884
1195	10.127
1196	12.49
1197	9.4254
1198	9.7799
1199	11.877
1200	6.2886
1201	2.4146
1202	2.5824
1203	0.98911
1204	0.54931
1205	3.1933
1206	2.6895
1207	4.242
1208	5.6236
1209	5.1899
1210	7.633
1211	12.426
1212	12.92
1213	12.64
1214	12.428
1215	12.661
1216	12.252
1217	11.983
1218	11.757
1219	11.248
1220	11.072
1221	11.134
1222	10.788
1223	10.38
1224	10.25
1225	9.1301
1226	8.8007
1227	8.8625
1228	8.0105
1229	8.1354
1230	7.9143
1231	6.4139
1232	7.5555
1233	8.3317
1234	8.5552
1235	8.4455
1236	10.632
1237	10.529
1238	10.851
1239	11.009
1240	11.349
1241	11.581
1242	11.978
1243	13.015
1244	12.66
1245	7.8744
1246	12.948
1247	11.981
1248	11.395
1249	11.217
1250	10.918
1251	10.713
1252	10.353
1253	9.985
1254	10.141
1255	9.4801
1256	9.6348
1257	9.2581
1258	9.1267
1259	9.2686
1260	8.996
1261	9.0165
1262	9.1429
1263	9.7597
1264	9.5802
1265	10.142
1266	9.9418
1267	10.366
1268	11.044
1269	11.141
1270	9.4424
1271	6.3281
1272	9.3671
1273	10.423
1274	11.483
1275	11.835
1276	11.033
1277	11.257
1278	10.102
1279	10.416
1280	9.2599
1281	8.3098
1282	8.0618
1283	8.1469
1284	8.2029
1285	8.3444
1286	8.2823
1287	8.9998
1288	8.9132
1289	8.9287
1290	9.1245
1291	9.4485
1292	9.2983
1293	11.976
1294	11.954
1295	13.625
1296	13.533
1297	13.272
1298	13.336
1299	12.938
1300	13.057
1301	12.801
1302	10.186
1303	9.2175
1304	8.9266
1305	7.5737
1306	6.2325
1307	5.4331
1308	5.8423
1309	4.6759
1310	5.0592
1311	3.6797
1312	2.544
1313	3.0616
1314	1.8705
1315	3.7857
1316	7.2098
1317	7.0934
1318	7.3284
1319	6.5833
1320	5.5418
1321	8.8565
1322	11.244
1323	9.4212
1324	8.2829
1325	11.511
1326	0.79111
1327	1.3247
1328	9.3252
1329	10.506
1330	13.759
1331	13.896
1332	13.529
1333	12.214
1334	12.702
1335	11.2
1336	9.7632
1337	6.5852
1338	7.9499
1339	8.8977
1340	9.3654
1341	8.944
1342	10.341
1343	9.8601
1344	12.813
1345	12.954
1346	13.571
1347	7.7322
1348	4.9967
1349	15.49
1350	15.665
1351	15.522
1352	15.592
1353	15.853
1354	9.4904
1355	8.3665
1356	8.1628
1357	7.5961
1358	13.843
1359	11.735
1360	3.9068
1361	4.1826
1362	3.4042
1363	0.58658
1364	0.38713
1365	4.7822
1366	4.8978
1367	8.5257
1368	1.2906
1369	1.3564
1370	1.0501
1371	1.1764
1372	0.77175
1373	0.90856
1374	0.61089
1375	0.62285
1376	0.65408
1377	0.59543
1378	0.72004
1379	0.56174
1380	0.70043
1381	0.70099
1382	0.70529
1383	0.71355
1384	0.81494
1385	0.7262
1386	0.81
1387	0.81957
1388	0.8739
1389	0.96869
1390	0.94763
1391	1.0502
1392	1.0056
1393	1.0697
1394	1.1538
1395	1.1775
1396	1.3376
1397	1.4655
1398	1.4182
1399	1.546
1400	2.3293
1401	2.1805
1402	2.4226
1403	2.5599
1404	2.9644
1405	3.2617
1406	3.8371
1407	4.1127
1408	4.1333
1409	2.8228
1410	1.8929
1411	1.5476
1412	1.1498
1413	2.0011
1414	2.5282
1415	3.1055
1416	4.7819
1417	3.8809
1418	4.3407
1419	5.2038
1420	5.9543
1421	6.9151
1422	7.5201
1423	8.7031
1424	9.0314
1425	9.9003
1426	9.6203
1427	10.18
1428	11.035
1429	11.256
1430	12.089
1431	12.236
1432	12.907
1433	12.658
1434	12.785
1435	13.312
1436	13.574
1437	13.466
1438	13.818
1439	13.696
1440	13.154
1441	13.825
1442	13.914
1443	13.842
1444	13.897
1445	13.713
1446	13.811
1447	13.648
1448	13.688
1449	12.477
1450	12.769
1451	12.94
1452	13.065
1453	13.56
1454	13.423
1455	13.15
1456	13.314
1457	13.029
1458	13.461
1459	12.666
1460	11.922
1461	12.063
1462	11.694
1463	11.78
1464	11.344
1465	11.53
1466	10.831
1467	11.018
1468	10.691
1469	10.011
1470	9.835
1471	9.529
1472	9.6859
1473	9.3823
1474	9.036
1475	9.2165
1476	8.8508
1477	8.5855
1478	8.1725
1479	8.3204
1480	7.9595
1481	7.7224
1482	7.4698
1483	5.4179
1484	6.3265
1485	6.6212
1486	6.8475
1487	7.2101
1488	7.65
1489	7.8165
1490	8.2415
1491	8.1121
1492	9.1374
1493	9.4924
1494	9.6643
1495	10.512
1496	10.872
1497	10.74
1498	11.152
1499	11.001
1500	11.482
1501	11.343
1502	11.906
1503	11.661
1504	12.326
1505	13.145
1506	13.659
1507	13.712
1508	13.938
1509	13.488
1510	13.489
1511	13.676
1512	13.881
1513	14.521
1514	15.084
1515	15.428
1516	15.46
1517	15.719
1518	15.803
1519	15.773
1520	15.854
1521	15.888
1522	15.931
1523	16.009
1524	16.119
1525	16.054
1526	16.146
1527	16.17
1528	16.168
1529	16.173
1530	16.133
1531	16.1
1532	16.011
1533	16.002
1534	16.043
1535	16.015
1536	16.033
1537	15.986
1538	16.005
1539	16.109
1540	16.103
1541	15.896
1542	15.875
1543	15.836
1544	15.797
1545	15.83
1546	15.761
1547	15.779
1548	15.78
1549	15.717
1550	15.701
1551	15.737
1552	15.68
1553	15.68
1554	15.687
1555	15.673
1556	15.673
1557	15.681
1558	15.667
1559	15.671
1560	15.656
1561	15.675
1562	15.694
1563	15.699
1564	15.528
1565	15.667
1566	15.655
1567	15.653
1568	15.667
1569	15.551
1570	5.2456
1571	5.9915
1572	15.557
1573	15.55
1574	15.577
1575	15.556
1576	15.504
1577	15.49
1578	15.441
1579	15.526
1580	15.525
1581	15.524
1582	15.529
1583	15.532
1584	15.52
1585	15.509
1586	15.511
1587	15.503
1588	15.501
1589	15.518
1590	15.518
1591	15.526
1592	15.531
1593	15.54
1594	15.572
1595	15.588
1596	15.555
1597	15.563
1598	15.56
1599	15.614
1600	15.619
1601	15.566
1602	15.552
1603	15.641
1604	15.642
1605	15.792
1606	15.812
1607	15.694
1608	15.69
1609	15.74
1610	15.716
1611	15.837
1612	15.827
1613	15.871
1614	15.836
1615	15.997
1616	15.962
1617	15.983
1618	15.937
1619	15.952
1620	15.903
1621	15.96
1622	15.93
1623	15.952
1624	15.799
1625	15.516
1626	15.486
1627	15.151
1628	14.782
1629	14.381
1630	14.601
1631	14.271
1632	14.122
1633	13.359
1634	13.555
1635	12.995
1636	13.178
1637	12.196
1638	11.685
1639	11.922
1640	11.158
1641	11.364
1642	10.934
1643	10.624
1644	10.35
1645	10.47
1646	10.002
1647	9.6356
1648	9.3971
1649	9.1693
1650	9.2883
1651	8.9747
1652	9.1128
1653	8.8731
1654	8.947
1655	8.8255
1656	8.8021
1657	8.8043
1658	9.0382
1659	8.9737
1660	9.4735
1661	9.3069
1662	9.945
1663	9.6829
1664	10.447
1665	10.187
1666	10.727
1667	11.863
1668	12.483
1669	12.494
1670	12.167
1671	9.6095
1672	11.421
1673	6.4734
1674	7.7383
1675	8.3676
1676	6.6924
1677	11.367
1678	13.483
1679	12.276
1680	12.397
1681	12.881
1682	11.555
1683	11.967
1684	11.049
1685	10.366
1686	10.706
1687	9.7639
1688	10.081
1689	9.468
1690	9.0387
1691	8.1385
1692	7.6178
1693	7.688
1694	7.5118
1695	7.6101
1696	7.4909
1697	7.6245
1698	7.6008
1699	8.0491
1700	8.1974
1701	8.1426
1702	8.5598
1703	8.4025
1704	8.7188
1705	9.0531
1706	8.8833
1707	9.3023
1708	9.1956
1709	10.265
1710	10.708
1711	11.657
1712	11.424
1713	11.992
1714	13.197
1715	12.826
1716	13.44
1717	13.324
1718	13.723
1719	13.569
1720	13.826
1721	13.857
1722	13.787
1723	13.966
1724	13.803
1725	13.529
1726	13.601
1727	13.442
1728	13.345
1729	12.998
1730	13.11
1731	12.778
1732	12.575
1733	12.095
1734	12.214
1735	12.056
1736	11.73
1737	10.503
1738	9.4231
1739	8.8339
1740	7.4512
1741	7.778
1742	5.6505
1743	4.8221
1744	2.8581
1745	3.381
1746	2.8883
1747	5.7355
1748	2.5784
1749	4.2887
1750	2.0165
1751	2.3139
1752	2.795
1753	2.2752
1754	4.0099
1755	3.7917
1756	3.9446
1757	4.0215
1758	3.5832
1759	3.4405
1760	3.5666
1761	2.852
1762	2.0695
1763	1.6757
1764	1.8603
1765	1.3643
1766	0.99554
1767	1.1008
1768	0.95008
1769	0.88528
1770	0.80543
1771	0.78509
1772	0.66841
1773	0.62348
1774	0.65267
1775	0.60173
1776	0.56535
1777	0.536
1778	0.54075
1779	0.80939
1780	0.73817
1781	0.74435
1782	0.4406
1783	0.45173
1784	0.38423
1785	0.38343
1786	0.38279
1787	6.8507
1788	6.9978
1789	6.6139
1790	6.8062
1791	6.0054
1792	6.3172
1793	5.5029
1794	0.6586
1795	0.43497
1796	0.61257
1797	0.65261
1798	0.5863
1799	0.69972
1800	0.66813
1801	0.7739
1802	0.66731
1803	1.2739
1804	0.87489
1805	5.2305
1806	4.836
1807	5.2615
1808	4.8746
1809	5.4396
1810	13.914
1811	13.357
1812	3.8559
1813	11.434
1814	8.9437
1815	13.817
1816	10.286
1817	8.1339
1818	6.4518
1819	6.423
1820	0.41031
1821	4.7428
1822	4.6653
1823	0.63806
1824	0.74954
1825	1.5753
1826	4.1792
1827	4.2212
1828	4.5946
1829	0.46221
1830	0.42738
1831	0.39203
1832	0.39231
1833	0.45449
1834	0.42607
1835	0.42887
1836	0.43554
1837	0.43969
1838	0.45845
1839	0.4582
1840	0.44322
1841	6.2332
1842	6.2627
1843	6.2482
1844	6.3294
1845	6.4059
1846	6.5159
1847	6.624
1848	6.694
1849	0.71062
1850	0.63033
1851	0.58291
1852	0.42903
1853	0.67728
1854	0.65468
1855	0.67442
1856	0.67596
1857	0.72983
1858	0.73635
1859	0.73544
1860	0.7605
1861	0.7491
1862	0.70501
1863	0.75672
1864	0.77364
1865	0.7726
1866	0.57237
1867	0.54477
1868	0.57264
1869	0.95803
1870	0.87194
1871	0.85008
1872	0.87518
1873	0.84848
1874	0.7698
1875	0.75223
1876	0.70247
1877	0.6826
1878	0.65907
1879	0.66382
1880	0.66342
1881	0.6555
1882	0.64834
1883	0.65615
1884	0.6516
1885	0.72668
1886	0.88438
1887	0.99429
1888	1.0414
1889	1.1827
1890	1.3064
1891	1.3985
1892	2.0992
1893	2.1642
1894	2.406
1895	2.6881
1896	3.001
1897	3.177
1898	3.3093
1899	3.809
1900	3.9529
1901	4.0464
1902	3.9624
1903	3.6929
1904	3.3015
1905	2.3779
1906	2.6911
1907	3.5107
1908	4.1929
1909	6.946
1910	9.6072
1911	9.1565
1912	5.0297
1913	2.8665
1914	2.9455
1915	3.3251
1916	3.7888
1917	4.3083
1918	4.6177
1919	5.0766
1920	6.3169
1921	6.7313
1922	7.0614
1923	7.3755
1924	7.6617
1925	7.9637
1926	8.2855
1927	8.6373
1928	8.8706
1929	9.0975
1930	9.6443
1931	10.523
1932	10.753
1933	11.446
1934	11.679
1935	11.851
1936	12.349
1937	12.433
1938	12.555
1939	12.887
1940	13.066
1941	13.243
1942	13.369
1943	13.448
1944	13.554
1945	13.64
1946	13.742
1947	13.816
1948	13.891
1949	13.977
1950	14.047
1951	14.029
1952	14.179
1953	14.255
1954	13.945
1955	13.976
1956	13.791
1957	13.687
1958	13.582
1959	13.458
1960	13.292
1961	13.13
1962	12.957
1963	12.761
1964	12.556
1965	11.911
1966	11.642
1967	11.336
1968	10.839
1969	9.3501
1970	9.7047
1971	9.5122
1972	9.0855
1973	8.7731
1974	8.5576
1975	8.3922
1976	8.206
1977	7.9855
1978	7.8715
1979	7.6685
1980	7.4817
1981	7.0729
1982	6.8821
1983	6.9264
1984	6.904
1985	6.8111
1986	6.8259
1987	6.7788
1988	7.183
1989	7.1016
1990	7.2537
1991	7.4406
1992	7.9488
1993	8.1549
1994	8.4773
1995	8.7687
1996	9.0284
1997	9.3068
1998	9.5672
1999	9.8223
2000	10.132
2001	10.498
2002	10.948
2003	11.8
2004	12.186
2005	12.617
2006	13.147
2007	13.74
2008	14.352
2009	14.633
2010	14.298
2011	13.849
2012	12.891
2013	11.077
2014	9.1381
2015	8.3968
2016	10.153
2017	12.052
2018	13.64
2019	14.224
2020	14.274
2021	14.218
2022	13.962
2023	12.569
2024	12.156
2025	11.058
2026	10.725
2027	10.428
2028	10.188
2029	9.7229
2030	9.475
2031	9.2753
2032	9.1253
2033	8.9255
2034	8.8074
2035	8.6713
2036	8.4888
2037	8.5452
2038	8.5284
2039	8.5723
2040	8.6623
2041	8.714
2042	8.5282
2043	8.7159
2044	8.8734
2045	8.998
2046	9.1035
2047	9.221
2048	9.3015
2049	9.3979
2050	9.5145
2051	9.7061
2052	9.9364
2053	10.074
2054	10.216
2055	10.539
2056	10.688
2057	10.955
2058	11.134
2059	11.396
2060	11.61
2061	11.831
2062	12.363
2063	12.637
2064	12.836
2065	13.033
2066	13.239
2067	13.46
2068	13.624
2069	13.796
2070	14.058
2071	14.188
2072	14.364
2073	14.523
2074	14.818
2075	14.909
2076	15.087
2077	15.136
2078	15.163
2079	15.235
2080	15.277
2081	15.335
2082	15.422
2083	15.677
2084	15.708
2085	15.731
2086	15.744
2087	15.723
2088	15.743
2089	15.764
2090	15.778
2091	15.811
2092	15.778
2093	15.771
2094	15.828
2095	15.829
2096	15.806
2097	15.816
2098	15.695
2099	15.68
2100	15.685
2101	15.687
2102	15.691
2103	15.682
2104	15.67
2105	15.662
2106	15.641
2107	15.634
2108	15.625
2109	15.624
2110	15.604
2111	15.56
2112	15.523
2113	15.537
2114	15.553
2115	15.611
2116	15.485
2117	15.484
2118	15.471
2119	15.436
2120	15.404
2121	15.432
2122	15.451
2123	15.453
2124	15.456
2125	15.443
2126	15.403
2127	15.396
2128	15.398
2129	15.423
2130	15.431
2131	15.402
2132	15.387
2133	15.379
2134	15.372
2135	15.366
2136	15.367
2137	15.358
2138	15.354
2139	15.355
2140	15.347
2141	15.346
2142	15.354
2143	15.353
2144	15.34
2145	15.357
2146	15.358
2147	15.34
2148	15.347
2149	15.342
2150	15.367
2151	15.36
2152	15.359
2153	15.359
2154	15.359
2155	15.361
2156	15.332
2157	15.292
2158	15.328
2159	15.326
2160	15.374
2161	15.357
2162	15.394
2163	15.379
2164	15.386
2165	15.348
2166	15.361
2167	15.35
2168	15.348
2169	15.357
2170	15.362
2171	15.382
2172	4.6756
2173	3.7138
2174	15.807
2175	15.75
2176	15.768
2177	15.748
2178	15.75
2179	15.754
2180	15.779
2181	15.757
2182	15.79
2183	15.777
2184	15.819
2185	15.863
2186	15.842
2187	15.86
2188	15.88
2189	15.857
2190	15.845
2191	15.842
2192	15.836
2193	15.836
2194	15.834
2195	15.843
2196	15.839
2197	15.846
2198	15.865
2199	15.852
2200	15.846
2201	15.883
2202	15.9
2203	15.885
2204	15.806
2205	15.874
2206	15.902
2207	15.932
2208	15.958
2209	15.943
2210	15.964
2211	15.974
2212	15.957
2213	15.955
2214	15.939
2215	15.995
2216	16.018
2217	16.037
2218	16.052
2219	16.093
2220	16.15
2221	16.169
2222	16.188
2223	16.227
2224	16.206
2225	16.201
2226	16.214
2227	16.201
2228	16.225
2229	16.295
2230	16.319
2231	16.371
2232	16.377
2233	16.408
2234	16.368
2235	16.347
2236	16.306
2237	16.265
2238	16.222
2239	16.209
2240	16.204
2241	16.181
2242	16.084
2243	16.135
2244	16.116
2245	16.132
2246	16.024
2247	15.817
2248	15.773
2249	15.496
2250	15.531
2251	15.213
2252	14.891
2253	14.386
2254	14.215
2255	14.034
2256	13.982
2257	14.026
2258	14.41
2259	14.191
2260	13.984
2261	13.793
2262	13.612
2263	13.597
2264	13.524
2265	13.398
2266	13.267
2267	13.266
2268	13.186
2269	12.681
2270	12.551
2271	12.286
2272	12.141
2273	11.964
2274	11.804
2275	11.571
2276	11.421
2277	11.255
2278	11.099
2279	9.8447
2280	10.798
2281	10.477
2282	10.253
2283	10.013
2284	9.8237
2285	9.6369
2286	9.4775
2287	9.2705
2288	9.0719
2289	8.8722
2290	8.4974
2291	8.3234
2292	8.1431
2293	7.9194
2294	7.5923
2295	7.428
2296	7.2432
2297	6.535
2298	6.1973
2299	6.1591
2300	6.0981
2301	5.9677
2302	5.8473
2303	5.6374
2304	6.0011
2305	5.8484
2306	6.0583
2307	6.7913
2308	7.1333
2309	7.2396
2310	7.5548
2311	7.7452
2312	7.936
2313	8.0899
2314	8.2325
2315	8.2972
2316	8.5218
2317	8.7608
2318	8.9894
2319	9.2011
2320	9.4121
2321	9.618
2322	9.8201
2323	10.026
2324	10.272
2325	10.463
2326	10.6
2327	11.121
2328	11.514
2329	11.778
2330	11.903
2331	12.107
2332	12.364
2333	12.77
2334	13.096
2335	13.534
2336	13.676
2337	13.77
2338	13.792
2339	13.892
2340	14.034
2341	14.263
2342	14.288
2343	14.322
2344	14.318
2345	14.201
2346	14.096
2347	13.916
2348	13.768
2349	13.682
2350	13.836
2351	13.911
2352	13.693
2353	13.935
2354	14.005
2355	14.159
2356	14.317
2357	14.217
2358	14.21
2359	14.278
2360	14.236
2361	14.096
2362	14.14
2363	14.097
2364	13.107
2365	14.034
2366	14.058
2367	13.457
2368	13.325
2369	12.719
2370	12.576
2371	12.43
2372	12.274
2373	11.947
2374	11.779
2375	11.208
2376	10.806
2377	10.347
2378	10.119
2379	9.7061
2380	9.4613
2381	9.2054
2382	8.947
2383	8.7019
2384	7.4409
2385	7.155
2386	6.8649
2387	6.5739
2388	6.2725
2389	5.952
2390	5.6206
2391	5.2698
2392	4.5076
2393	4.1245
2394	3.7303
2395	3.4226
2396	2.9683
2397	2.2562
2398	1.9277
2399	1.6882
2400	1.5481
2401	1.5667
2402	1.9169
2403	2.2118
2404	2.5447
2405	2.9808
2406	3.8319
2407	4.0832
2408	4.2252
2409	4.2898
2410	3.6645
2411	4.3089
2412	4.2844
2413	4.2239
2414	4.1128
2415	3.8179
2416	3.3037
2417	3.6797
2418	3.4942
2419	3.2903
2420	3.0213
2421	3.0848
2422	2.9166
2423	2.8123
2424	2.6534
2425	2.532
2426	2.4071
2427	2.3188
2428	2.1372
2429	2.0114
2430	1.9043
2431	1.8567
2432	1.8677
2433	1.8256
2434	1.7752
2435	1.7445
2436	1.5701
2437	1.5713
2438	1.5423
2439	1.5301
2440	1.5592
2441	1.5634
2442	1.544
2443	1.5694
2444	1.4992
2445	1.4594
2446	1.4421
2447	1.2437
2448	1.3999
2449	1.2741
2450	1.3505
2451	1.3551
2452	1.3265
2453	1.288
2454	1.3275
2455	1.2605
2456	1.2445
2457	1.2497
2458	1.2188
2459	1.219
2460	1.2019
2461	1.2304
2462	1.1713
2463	1.1853
2464	1.1401
2465	1.0103
2466	0.72989
2467	1.1631
2468	1.0768
2469	1.0403
2470	1.0554
2471	1.0534
2472	1.0904
2473	1.0227
2474	0.97284
2475	1.0484
2476	1.1001
2477	1.1337
2478	1.2068
2479	1.3207
2480	1.5896
2481	1.7519
2482	1.7792
2483	1.9016
2484	5.4702
2485	6.2478
2486	2.1323
2487	15.804
2488	0.86581
2489	7.1252
2490	1.0374
2491	15.345
2492	4.0797
2493	6.4664
2494	6.798
2495	2.4957
2496	2.3376
2497	2.1377
2498	2.2147
2499	1.9063
2500	1.7187
2501	1.5676
2502	1.5425
2503	1.4864
2504	1.5136
2505	1.486
2506	1.5206
2507	1.4802
2508	1.473
2509	1.5066
2510	1.5483
2511	1.4035
2512	1.5238
2513	1.5975
2514	1.6409
2515	1.6852
2516	1.6502
2517	1.7397
2518	1.7473
2519	1.756
2520	1.7794
2521	1.8335
2522	1.8675
2523	1.8737
2524	1.8353
2525	1.777
2526	1.8598
2527	1.9003
2528	1.9354
2529	1.8943
2530	1.8346
2531	1.9093
2532	1.9364
2533	1.8713
2534	1.8825
2535	1.9671
2536	1.9871
2537	2.0264
2538	2.0348
2539	2.0044
2540	2.0161
2541	2.0222
2542	1.9752
2543	1.9543
2544	2.001
2545	2.023
2546	2.0867
2547	2.1308
2548	2.2273
2549	2.2699
2550	2.3017
2551	2.4508
2552	2.5576
2553	2.7855
2554	2.6923
2555	2.8667
2556	2.9791
2557	3.2764
2558	3.5117
2559	3.5544
2560	3.7342
2561	3.9324
2562	4.0839
2563	4.1352
2564	4.4564
2565	4.5658
2566	4.5645
2567	4.5016
2568	4.4073
2569	4.2529
2570	3.8016
2571	3.4894
2572	3.1512
2573	2.8464
2574	2.6497
2575	2.4321
2576	2.3082
2577	2.4457
2578	2.4999
2579	2.566
2580	2.8283
2581	3.0597
2582	3.4798
2583	4.1904
2584	4.7282
2585	5.0453
2586	5.3687
2587	5.682
2588	6.2801
2589	6.567
2590	7.1178
2591	8.1603
2592	8.6237
2593	8.8602
2594	9.0973
2595	9.3296
2596	9.5577
2597	9.7703
2598	9.9797
2599	10.197
2600	10.404
2601	10.586
2602	10.745
2603	10.926
2604	11.311
2605	11.501
2606	11.873
2607	12.23
2608	12.403
2609	12.571
2610	12.734
2611	13.046
2612	13.187
2613	13.314
2614	13.442
2615	13.597
2616	13.973
2617	14.14
2618	14.277
2619	14.292
2620	14.413
2621	14.487
2622	14.553
2623	14.677
2624	14.786
2625	14.812
2626	14.816
2627	14.892
2628	15.023
2629	15.007
2630	14.93
2631	14.777
2632	14.81
2633	14.73
2634	14.877
2635	15.116
2636	15.096
2637	15.077
2638	15.025
2639	14.768
2640	14.498
2641	14.123
2642	13.982
2643	13.821
2644	13.747
2645	13.469
2646	13.038
2647	12.501
2648	12.694
2649	12.224
2650	12.008
2651	11.797
2652	11.586
2653	11.379
2654	11.175
2655	10.988
2656	10.802
2657	10.217
2658	9.7554
2659	9.5123
2660	9.2667
2661	9.0216
2662	8.784
2663	8.543
2664	8.1199
2665	7.9577
2666	7.4237
2667	6.8566
2668	6.9168
2669	6.8778
2670	6.7888
2671	6.6103
2672	6.4916
2673	5.9092
2674	6.0238
2675	6.1019
2676	6.1164
2677	6.113
2678	6.1165
2679	6.1097
2680	6.2037
2681	6.3059
2682	6.5825
2683	6.7342
2684	6.9077
2685	7.0962
2686	7.2762
2687	7.6202
2688	7.4606
2689	7.9741
2690	8.5878
2691	9.0202
2692	9.23
2693	9.4405
2694	9.8433
2695	9.6334
2696	10.039
2697	10.196
2698	10.573
2699	10.789
2700	10.977
2701	11.32
2702	11.491
2703	11.711
2704	11.86
2705	12.472
2706	12.63
2707	12.775
2708	13.036
2709	13.344
2710	13.184
2711	13.605
2712	13.984
2713	14.343
2714	14.505
2715	14.66
2716	14.555
2717	14.649
2718	14.809
2719	14.957
2720	15.351
2721	15.711
2722	15.807
2723	15.978
2724	15.966
2725	16.011
2726	16.085
2727	16.182
2728	16.235
2729	16.352
2730	16.47
2731	16.448
2732	16.435
2733	16.52
2734	16.498
2735	16.508
2736	16.523
2737	16.519
2738	16.541
2739	16.564
2740	16.596
2741	16.618
2742	16.613
2743	16.587
2744	16.575
2745	16.557
2746	16.53
2747	16.519
2748	16.507
2749	16.467
2750	16.442
2751	16.431
2752	16.411
2753	16.399
2754	16.404
2755	16.383
2756	16.351
2757	16.332
2758	16.308
2759	16.272
2760	16.272
2761	16.246
2762	16.247
2763	16.221
2764	16.211
2765	16.2
2766	16.186
2767	16.162
2768	16.152
2769	16.115
2770	16.12
2771	16.119
2772	16.126
2773	16.114
2774	16.103
2775	16.102
2776	16.068
2777	16.055
2778	16.017
2779	16.05
2780	16.032
2781	16.024
2782	16.004
2783	16.042
2784	16.046
2785	16.034
2786	16.014
2787	16.005
2788	16.009
2789	16.011
2790	16.005
2791	16.021
2792	16.007
2793	16.002
2794	16.002
2795	16.002
2796	16.021
2797	16.008
2798	16.004
2799	16.017
2800	16.02
2801	16.039
2802	16.026
2803	16.024
2804	16.034
2805	16.021
2806	16.017
2807	16.019
2808	16.035
2809	16.018
2810	16.001
2811	15.977
2812	15.971
2813	15.979
2814	15.971
2815	15.964
2816	15.938
2817	15.95
2818	15.948
2819	15.957
2820	15.954
2821	15.95
2822	15.986
2823	15.997
2824	15.991
2825	4.0237
2826	2.6002
2827	15.981
2828	15.778
2829	15.379
2830	15.577
2831	15.158
2832	15.173
2833	15.159
2834	15.158
2835	15.163
2836	15.163
2837	15.182
2838	15.211
2839	15.191
2840	15.188
2841	15.152
2842	15.171
2843	15.174
2844	15.173
2845	15.19
2846	15.196
2847	15.187
2848	15.182
2849	15.18
2850	15.193
2851	15.189
2852	15.191
2853	15.182
2854	15.191
2855	15.196
2856	15.185
2857	15.192
2858	15.191
2859	15.187
2860	15.199
2861	15.203
2862	15.213
2863	15.222
2864	15.251
2865	15.239
2866	15.235
2867	15.263
2868	15.273
2869	15.283
2870	15.289
2871	15.276
2872	15.264
2873	15.271
2874	15.318
2875	15.414
2876	15.382
2877	15.385
2878	15.448
2879	15.482
2880	15.507
2881	15.507
2882	15.52
2883	15.521
2884	15.526
2885	15.525
2886	15.532
2887	15.548
2888	15.631
2889	15.604
2890	15.608
2891	15.615
2892	15.592
2893	15.583
2894	15.57
2895	15.538
2896	15.52
2897	15.501
2898	15.438
2899	15.464
2900	15.316
2901	15.234
2902	15.097
2903	15.041
2904	14.963
2905	14.83
2906	14.636
2907	14.723
2908	14.305
2909	13.71
2910	13.376
2911	13.192
2912	12.602
2913	12.403
2914	11.937
2915	11.727
2916	11.378
2917	10.818
2918	10.68
2919	10.567
2920	9.7112
2921	9.5568
2922	9.4337
2923	9.2138
2924	9.3154
2925	9.1209
2926	8.7043
2927	8.4553
2928	8.5844
2929	8.3251
2930	8.2659
2931	8.342
2932	8.3178
2933	8.2812
2934	8.2461
2935	8.2205
2936	8.2194
2937	8.2339
2938	8.254
2939	8.2749
2940	8.4905
2941	8.3486
2942	8.7364
2943	8.8633
2944	9.6474
2945	9.4311
2946	10.356
2947	10.646
2948	10.975
2949	11.352
2950	11.84
2951	12.251
2952	12.698
2953	13.186
2954	13.716
2955	14.294
2956	14.77
2957	15.285
2958	15.9
2959	16.525
2960	17.152
2961	17.302
2962	16.118
2963	13.628
2964	12.096
2965	12.314
2966	15.503
2967	17.109
2968	16.997
2969	16.505
2970	15.937
2971	15.217
2972	14.47
2973	13.785
2974	13.179
2975	12.644
2976	12.145
2977	11.68
2978	11.292
2979	10.944
2980	10.557
2981	10.166
2982	9.7995
2983	9.4571
2984	9.1291
2985	8.8068
2986	8.4957
2987	8.1874
2988	7.8966
2989	7.6791
2990	7.4882
2991	7.2285
2992	6.9721
2993	6.753
2994	6.5971
2995	6.5223
2996	6.3591
2997	6.2583
2998	6.2259
2999	6.1197
3000	6.0934
3001	6.1341
3002	6.1071
3003	6.1424
3004	6.2241
3005	6.2615
3006	6.2534
3007	6.305
3008	6.4157
3009	6.5331
3010	6.6657
3011	6.8127
3012	6.956
3013	7.1035
3014	7.2125
3015	7.3423
3016	7.5106
3017	7.6399
3018	7.7859
3019	7.9655
3020	8.1487
3021	8.303
3022	8.4558
3023	8.6305
3024	8.8058
3025	8.9736
3026	9.494
3027	9.6691
3028	9.8493
3029	10.019
3030	10.181
3031	11.229
3032	11.525
3033	11.794
3034	12.043
3035	12.283
3036	12.523
3037	12.743
3038	12.963
3039	13.17
3040	13.56
3041	13.746
3042	13.858
3043	13.992
3044	14.18
3045	14.247
3046	14.238
3047	14.268
3048	14.301
3049	14.392
3050	14.447
3051	14.521
3052	14.471
3053	14.394
3054	14.351
3055	14.323
3056	14.329
3057	14.317
3058	14.299
3059	14.195
3060	14.128
3061	14.065
3062	13.979
3063	13.891
3064	13.801
3065	13.736
3066	13.551
3067	13.38
3068	13.209
3069	13.041
3070	12.892
3071	12.759
3072	12.64
3073	12.508
3074	12.338
3075	12.112
3076	11.918
3077	11.698
3078	11.47
3079	11.247
3080	11.04
3081	10.852
3082	10.65
3083	10.409
3084	10.141
3085	9.8579
3086	9.6055
3087	9.3651
3088	9.1352
3089	8.9373
3090	8.688
3091	8.3784
3092	8.1353
3093	7.621
3094	7.3348
3095	7.1396
3096	6.9185
3097	6.6363
3098	6.3261
3099	6.0979
3100	5.7177
3101	5.2518
3102	4.7221
3103	4.5512
3104	4.3566
3105	4.1596
3106	3.7262
3107	3.5588
3108	3.621
3109	3.4437
3110	3.7333
3111	4.6621
3112	6.0873
3113	8.2856
3114	10.862
3115	13.344
3116	13.261
3117	11.505
3118	8.9344
3119	6.5425
3120	5.1342
3121	3.8095
3122	3.4508
3123	2.6598
3124	3.2518
3125	3.9209
3126	4.0709
3127	4.2135
3128	4.1331
3129	4.051
3130	3.8889
3131	3.6695
3132	3.2381
3133	3.0076
3134	2.8223
3135	2.6092
3136	2.3458
3137	2.0495
3138	2.3348
3139	2.0021
3140	1.673
3141	1.5553
3142	1.4156
3143	1.248
3144	1.096
3145	1.0018
3146	0.84553
3147	0.76043
3148	0.69874
3149	0.61293
3150	0.57572
3151	0.57543
3152	0.60049
3153	0.64209
3154	0.7286
3155	0.78292
3156	0.78828
3157	0.81538
3158	0.85452
3159	0.94259
3160	0.98083
3161	0.98573
3162	1.014
3163	1.0225
3164	1.0497
3165	1.0394
3166	1.1394
3167	1.1903
3168	1.2427
3169	1.2697
3170	1.304
3171	1.3335
3172	1.3935
3173	1.4423
3174	1.3903
3175	1.4452
3176	1.5229
3177	1.5163
3178	1.4252
3179	1.2629
3180	1.1303
3181	1.1112
3182	1.1698
3183	1.1729
3184	1.223
3185	1.3646
3186	1.4269
3187	1.4272
3188	1.3837
3189	1.4105
3190	1.369
3191	1.3683
3192	1.3713
3193	1.3348
3194	1.351
3195	1.3264
3196	1.3747
3197	1.2717
3198	1.2498
3199	1.2219
3200	1.2329
3201	0.91253
3202	1.0387
3203	1.0661
3204	6.8088
3205	6.7887
3206	6.793
3207	6.793
3208	6.7708
3209	6.7547
3210	6.7804
3211	6.826
3212	6.8726
3213	6.9713
3214	7.0045
3215	6.989
3216	7.0483
3217	7.0492
3218	7.0013
3219	7.0918
3220	7.2448
3221	7.383
3222	7.4348
3223	1.0905
3224	1.1209
3225	1.1705
3226	1.0857
3227	0.87552
3228	0.82
3229	0.79723
3230	0.84483
3231	0.80711
3232	0.72721
3233	0.68741
3234	0.66213
3235	0.64995
3236	0.72322
3237	0.69563
3238	0.56555
3239	0.45786
3240	0.38632
3241	0.32725
3242	0.27882
3243	0.29484
3244	0.45808
3245	0.33264
3246	4.5286
3247	6.4573
3248	6.3314
3249	3.3679
3250	3.4663
3251	7.2555
3252	0.47821
3253	15.187
3254	15.97
3255	1.2887
3256	3.0875
3257	0.5926
3258	3.8424
3259	0.27295
3260	0.27879
3261	0.281
3262	0.3629
3263	0.45996
3264	0.57477
3265	0.68032
3266	0.77637
3267	0.87959
3268	0.94185
3269	1.0883
3270	1.1465
3271	1.1551
3272	1.1763
3273	1.2157
3274	1.2537
3275	1.3363
3276	1.3805
3277	1.3952
3278	1.4349
3279	1.63
3280	1.7088
3281	1.7058
3282	1.7226
3283	1.7266
3284	1.7149
3285	1.647
3286	1.8793
3287	1.8834
3288	1.9359
3289	1.9359
3290	1.9827
3291	1.9731
3292	2.0218
3293	2.048
3294	2.0404
3295	2.109
3296	2.0995
3297	2.0482
3298	2.1132
3299	2.1252
3300	2.0937
3301	2.0217
3302	1.988
3303	1.974
3304	1.9487
3305	1.9594
3306	2.0025
3307	2.1034
3308	2.1579
3309	2.1586
3310	2.1337
3311	2.0891
3312	2.0932
3313	2.0548
3314	1.9858
3315	2.0293
3316	1.9564
3317	1.9302
3318	1.8624
3319	1.8012
3320	1.7284
3321	1.6892
3322	1.6731
3323	1.6172
3324	1.5391
3325	1.5406
3326	1.5145
3327	1.4726
3328	1.3901
3329	1.3146
3330	1.2996
3331	1.2287
3332	1.1314
3333	0.98154
3334	0.90565
3335	0.78591
3336	0.69289
3337	0.56301
3338	0.4557
3339	0.38988
3340	0.36151
3341	0.41548
3342	0.51455
3343	0.65987
3344	0.82722
3345	0.99286
3346	1.1308
3347	1.3214
3348	1.614
3349	1.9805
3350	2.2396
3351	2.4927
3352	2.7411
3353	2.991
3354	3.2937
3355	3.5874
3356	3.8611
3357	4.1405
3358	4.3552
3359	4.6054
3360	4.6927
3361	4.7114
3362	4.5264
3363	4.1602
3364	4.0976
3365	3.8988
3366	5.2646
3367	7.0345
3368	8.8935
3369	15.146
3370	18.452
3371	19.485
3372	17.655
3373	13.642
3374	9.6412
3375	6.537
3376	4.9594
3377	4.436
3378	4.3006
3379	3.979
3380	4.2509
3381	4.5973
3382	4.6418
3383	4.8948
3384	4.8794
3385	4.9249
3386	4.9341
3387	5.0091
3388	5.8243
3389	5.9627
3390	6.1871
3391	6.7096
3392	6.8425
3393	7.0851
3394	7.3619
3395	7.7409
3396	7.9002
3397	8.0531
3398	8.2885
3399	8.6058
3400	8.6848
3401	8.9039
3402	9.2658
3403	9.3445
3404	9.5521
3405	9.8315
3406	10.131
3407	10.371
3408	10.621
3409	10.889
3410	11.13
3411	11.299
3412	11.535
3413	11.766
3414	11.962
3415	12.18
3416	12.405
3417	12.598
3418	12.787
3419	12.954
3420	13.087
3421	13.237
3422	13.388
3423	13.541
3424	13.731
3425	13.873
3426	14.016
3427	14.124
3428	14.173
3429	14.259
3430	14.348
3431	14.416
3432	14.473
3433	14.539
3434	14.598
3435	14.621
3436	14.621
3437	14.626
3438	14.626
3439	14.661
3440	14.731
3441	14.827
3442	14.897
3443	14.891
3444	14.853
3445	14.785
3446	14.736
3447	14.697
3448	14.655
3449	14.554
3450	14.381
3451	14.225
3452	14.067
3453	13.872
3454	13.66
3455	13.452
3456	13.224
3457	13.005
3458	12.754
3459	12.482
3460	12.234
3461	11.934
3462	11.642
3463	11.342
3464	11.04
3465	10.747
3466	10.506
3467	10.288
3468	10.095
3469	9.9079
3470	9.7274
3471	9.5482
3472	9.364
3473	9.1733
3474	8.9793
3475	8.7856
3476	8.5939
3477	8.4014
3478	8.21
3479	8.02
3480	7.8228
3481	7.4378
3482	7.2588
3483	7.0726
3484	6.8944
3485	6.7269
3486	6.5536
3487	6.3813
3488	6.2141
3489	6.0558
3490	5.9111
3491	5.7802
3492	5.6802
3493	5.6114
3494	5.5469
3495	5.4709
3496	5.4273
3497	5.4175
3498	5.4123
3499	5.4462
3500	5.5235
3501	5.7271
3502	5.8847
3503	6.0396
3504	6.2364
3505	6.4786
3506	6.7482
3507	7.0338
3508	7.2977
3509	7.5943
3510	7.9231
3511	8.2693
3512	8.6308
3513	9.0061
3514	9.3941
3515	9.797
3516	10.215
3517	10.645
3518	11.084
3519	11.532
3520	11.997
3521	13.05
3522	13.644
3523	14.301
3524	15.039
3525	15.88
3526	16.856
3527	18.037
3528	19.545
3529	21.586
3530	24.521
3531	24.086
3532	11.198
3533	24.216
3534	24.09
3535	21.459
3536	19.649
3537	18.25
3538	17.156
3539	16.27
3540	15.537
3541	14.881
3542	14.272
3543	13.713
3544	13.198
3545	12.726
3546	11.987
3547	11.592
3548	11.207
3549	10.85
3550	10.519
3551	10.212
3552	9.9274
3553	9.6592
3554	9.4028
3555	9.1631
3556	8.9476
3557	8.755
3558	8.5826
3559	8.4348
3560	8.2894
3561	8.155
3562	8.0535
3563	7.9999
3564	7.9587
3565	7.9205
3566	7.8982
3567	7.8934
3568	7.9075
3569	7.9353
3570	7.9739
3571	8.0023
3572	8.0175
3573	8.0834
3574	8.1883
3575	8.2994
3576	8.4141
3577	8.5182
3578	8.6319
3579	8.7459
3580	8.8627
3581	8.9782
3582	9.0995
3583	9.2272
3584	9.3628
3585	9.5055
3586	9.6394
3587	9.7592
3588	9.877
3589	10.019
3590	10.159
3591	10.424
3592	10.555
3593	10.672
3594	10.778
3595	10.913
3596	11.045
3597	11.178
3598	11.318
3599	11.467
3600	11.632
3601	11.816
3602	12.016
3603	12.244
3604	12.441
3605	12.647
3606	12.874
3607	13.062
3608	13.234
3609	13.421
3610	13.583
3611	13.725
3612	13.882
3613	14.142
3614	14.266
3615	14.377
3616	14.476
3617	14.571
3618	14.664
3619	14.745
3620	14.809
3621	14.891
3622	14.957
3623	15.014
3624	15.08
3625	15.136
3626	15.187
3627	15.223
3628	15.259
3629	15.29
3630	15.321
3631	15.343
3632	15.366
3633	15.39
3634	15.408
3635	15.406
3636	15.418
3637	15.415
3638	15.433
3639	15.444
3640	15.445
3641	15.442
3642	15.451
3643	15.447
3644	15.454
3645	15.456
3646	15.449
3647	15.434
3648	15.431
3649	15.405
3650	15.389
3651	15.378
3652	15.365
3653	15.369
3654	15.361
3655	15.352
3656	15.344
3657	15.325
3658	15.312
3659	15.313
3660	15.303
3661	15.289
3662	15.28
3663	15.26
3664	15.24
3665	15.232
3666	15.223
3667	15.22
3668	15.219
3669	15.19
3670	15.164
3671	15.153
3672	15.134
3673	15.126
3674	15.127
3675	15.13
3676	15.129
3677	15.116
3678	15.096
3679	15.109
3680	15.086
3681	15.067
3682	15.08
3683	15.076
3684	15.062
3685	15.07
3686	15.07
3687	15.06
3688	15.043
3689	15.042
3690	15.037
3691	15.03
3692	15.027
3693	15.042
3694	15.031
3695	15.029
3696	15.027
3697	15.032
3698	15.034
3699	15.028
3700	15.03
3701	15.023
3702	15.04
3703	15.025
3704	15.02
3705	15.026
3706	15.031
3707	15.029
3708	15.036
3709	15.03
3710	15.02
3711	15.024
3712	15.043
3713	15.032
3714	15.023
3715	15.036
3716	15.018
3717	15.007
3718	15.008
3719	15.013
3720	15.012
3721	15.018
3722	15.011
3723	15.005
3724	15.002
3725	14.993
3726	14.984
3727	14.971
3728	14.971
3729	14.963
3730	14.958
3731	14.957
3732	14.956
3733	14.962
3734	14.952
3735	14.971
3736	14.999
3737	15.033
3738	15.203
3739	15.389
3740	15.57
3741	15.776
3742	15.972
3743	16.165
3744	16.161
3745	16.162
3746	16.176
3747	16.187
3748	16.169
3749	16.157
3750	16.152
3751	16.149
3752	16.152
3753	16.15
3754	16.148
3755	16.146
3756	16.157
3757	16.161
3758	16.17
3759	16.165
3760	16.166
3761	16.165
3762	16.164
3763	16.169
3764	16.178
3765	16.19
3766	16.214
3767	16.191
3768	16.187
3769	16.183
3770	16.192
3771	16.19
3772	16.193
3773	16.195
3774	16.193
3775	16.178
3776	16.181
3777	16.177
3778	16.179
3779	16.194
3780	16.181
3781	16.181
3782	16.188
3783	16.172
3784	16.163
3785	16.174
3786	16.181
3787	16.17
3788	16.172
3789	16.176
3790	16.173
3791	16.176
3792	16.166
3793	16.17
3794	16.171
3795	16.184
3796	16.18
3797	16.187
3798	16.191
3799	16.191
3800	16.178
3801	16.194
3802	16.192
3803	16.2
3804	16.202
3805	16.196
3806	16.218
3807	16.221
3808	16.222
3809	16.225
3810	16.235
3811	16.246
3812	16.253
3813	16.256
3814	16.263
3815	16.278
3816	16.284
3817	16.283
3818	16.289
3819	16.29
3820	16.3
3821	16.317
3822	16.328
3823	16.347
3824	16.365
3825	16.382
3826	16.387
3827	16.416
3828	16.42
3829	16.427
3830	16.452
3831	16.457
3832	16.479
3833	16.51
3834	16.519
3835	16.541
3836	16.556
3837	16.558
3838	16.578
3839	16.6
3840	16.605
3841	16.62
3842	16.643
3843	16.649
3844	16.683
3845	16.701
3846	16.734
3847	16.745
3848	16.755
3849	16.783
3850	16.799
3851	16.822
3852	16.836
3853	16.836
3854	16.828
3855	16.844
3856	16.832
3857	16.832
3858	16.833
3859	16.848
3860	16.849
3861	16.83
3862	16.842
3863	16.843
3864	16.817
3865	16.802
3866	16.836
3867	16.823
3868	16.799
3869	16.74
3870	16.679
3871	16.653
3872	16.581
3873	16.535
3874	16.463
3875	16.467
3876	16.418
3877	16.324
3878	16.26
3879	16.23
3880	16.088
3881	15.981
3882	15.779
3883	15.726
3884	15.601
3885	15.463
3886	15.264
3887	15.215
3888	15.098
3889	14.987
3890	14.865
3891	14.735
3892	14.61
3893	14.4
3894	14.303
3895	14.189
3896	14.077
3897	13.976
3898	13.86
3899	13.715
3900	13.567
3901	13.421
3902	13.289
3903	13.145
3904	12.994
3905	12.834
3906	12.67
3907	12.506
3908	12.352
3909	12.193
3910	12.058
3911	11.916
3912	11.726
3913	11.545
3914	11.361
3915	11.169
3916	10.963
3917	10.743
3918	10.522
3919	10.343
3920	10.144
3921	9.9232
3922	9.6962
3923	9.4717
3924	9.2461
3925	9.0197
3926	8.7898
3927	8.5567
3928	8.3233
3929	8.0945
3930	7.8772
3931	7.6617
3932	7.4564
3933	7.2601
3934	7.0608
3935	6.8707
3936	6.691
3937	6.5305
3938	6.3939
3939	6.2842
3940	6.2048
3941	6.1651
3942	6.1479
3943	6.2094
3944	6.2594
3945	6.3273
3946	6.4109
3947	6.5908
3948	6.6429
3949	6.6965
3950	6.8642
3951	7.2548
3952	7.4588
3953	7.5461
3954	7.5866
3955	7.6444
3956	7.687
3957	7.6741
3958	7.6164
3959	7.57
3960	7.573
3961	7.4781
3962	7.3439
3963	7.4149
3964	7.571
3965	7.6644
3966	7.7322
3967	7.8206
3968	8.0038
3969	8.031
3970	7.9881
3971	7.9636
3972	7.8823
3973	7.7477
3974	7.6135
3975	7.4743
3976	7.3374
3977	7.2481
3978	7.1686
3979	7.0794
3980	6.9899
3981	6.9223
3982	6.8969
3983	6.9093
3984	6.9541
3985	7.0315
3986	7.1421
3987	7.2834
3988	7.4502
3989	7.6387
3990	7.8447
3991	8.0667
3992	8.2839
3993	8.4817
3994	8.6691
3995	8.914
3996	9.1704
3997	9.4366
3998	9.7067
3999	9.9755
4000	10.24
4001	10.49
4002	10.748
4003	10.987
4004	11.207
4005	11.427
4006	11.648
4007	11.874
4008	12.101
4009	12.327
4010	12.55
4011	12.77
4012	12.964
4013	13.138
4014	13.324
4015	13.533
4016	13.703
4017	13.848
4018	14.015
4019	14.177
4020	14.385
4021	14.516
4022	14.606
4023	14.748
4024	14.891
4025	15.034
4026	15.161
4027	15.266
4028	15.362
4029	15.458
4030	15.558
4031	15.682
4032	15.775
4033	15.83
4034	15.88
4035	15.925
4036	15.961
4037	15.975
4038	15.957
4039	15.912
4040	15.879
4041	15.878
4042	15.908
4043	15.944
4044	15.929
4045	15.894
4046	15.928
4047	15.923
4048	15.846
4049	15.873
4050	15.814
4051	15.703
4052	15.621
4053	15.517
4054	15.353
4055	15.266
4056	15.109
4057	14.926
4058	14.844
4059	14.703
4060	14.583
4061	14.46
4062	14.258
4063	13.855
4064	13.667
4065	13.527
4066	13.385
4067	13.223
4068	13.043
4069	12.854
4070	12.663
4071	12.467
4072	12.268
4073	12.066
4074	11.862
4075	11.658
4076	11.457
4077	11.257
4078	11.056
4079	10.856
4080	10.659
4081	10.465
4082	10.271
4083	10.068
4084	9.8592
4085	9.6492
4086	9.4379
4087	9.2216
4088	9.0026
4089	8.7777
4090	8.5508
4091	8.3224
4092	8.0932
4093	7.8547
4094	7.6101
4095	7.3594
4096	7.104
4097	6.5857
4098	6.3209
4099	6.0534
4100	5.7824
4101	5.513
4102	5.2483
4103	4.9969
4104	4.7615
4105	4.6156
4106	4.4549
4107	4.2311
4108	3.9735
4109	4.0821
4110	3.9893
4111	3.9631
4112	3.9583
4113	3.7006
4114	3.4577
4115	3.6409
4116	3.4406
4117	3.2463
4118	3.1259
4119	3.0806
4120	3.1455
4121	3.27
4122	3.4117
4123	3.6653
4124	3.9343
4125	4.1853
4126	4.3772
4127	4.5264
4128	4.6804
4129	4.788
4130	4.8864
4131	4.8884
4132	4.8972
4133	4.8736
4134	4.7742
4135	4.672
4136	4.5992
4137	4.5127
4138	4.4178
4139	4.2217
4140	4.0637
4141	3.9618
4142	3.8293
4143	3.695
4144	3.5159
4145	3.4165
4146	3.2855
4147	3.1928
4148	3.0856
4149	2.9689
4150	2.8633
4151	2.7759
4152	2.7132
4153	2.6728
4154	2.6089
4155	2.5724
4156	2.561
4157	2.5146
4158	2.4785
4159	2.481
4160	2.4486
4161	2.4349
4162	2.3904
4163	2.4217
4164	2.4548
4165	2.4585
4166	2.4276
4167	2.4768
4168	2.4622
4169	2.4717
4170	2.4663
4171	2.4614
4172	2.4676
4173	2.4158
4174	2.4429
4175	2.4638
4176	2.4526
4177	2.4257
4178	2.4265
4179	2.4454
4180	2.4672
4181	2.4339
4182	2.424
4183	2.3914
4184	2.3686
4185	2.3926
4186	2.4233
4187	2.394
4188	2.3709
4189	2.3662
4190	2.3268
4191	2.3246
4192	2.2943
4193	2.3037
4194	2.2595
4195	2.2367
4196	2.181
4197	2.1835
4198	2.1744
4199	2.1299
4200	2.1035
4201	2.0659
4202	2.0283
4203	1.9653
4204	1.9421
4205	1.9677
4206	1.9645
4207	1.9219
4208	1.9051
4209	1.9176
4210	1.9437
4211	1.9155
4212	1.898
4213	1.8992
4214	1.921
4215	1.9611
4216	1.9911
4217	2.0416
4218	2.1025
4219	2.1708
4220	2.2634
4221	2.3497
4222	2.4247
4223	2.4951
4224	2.6192
4225	2.7374
4226	2.9128
4227	3.0107
4228	3.1309
4229	3.3285
4230	3.8421
4231	5.7586
4232	4.6321
4233	3.8642
4234	4.6532
4235	5.7743
4236	6.2686
4237	4.9457
4238	13.788
4239	13.151
4240	2.3535
4241	9.1481
4242	15.08
4243	15.73
4244	11.599
4245	4.3068
4246	1.0106
4247	8.9441
4248	6.9342
4249	11.819
4250	10.213
4251	13.052
4252	10.794
4253	1.5324
4254	7.8941
4255	15.202
4256	4.8394
4257	14.567
4258	2.5628
4259	8.8081
4260	1.2644
4261	15.598
4262	2.3718
4263	6.8173
4264	9.3229
4265	6.1732
4266	15.41
4267	14.705
4268	16.26
4269	14.051
4270	4.3392
4271	1.4344
4272	2.1693
4273	1.325
4274	10.324
4275	3.0961
4276	15.619
4277	12.447
4278	12.906
4279	1.4508
4280	11.149
4281	9.1966
4282	11.365
4283	13.372
4284	7.4387
4285	10.311
4286	12.942
4287	15.212
4288	6.8454
4289	12.285
4290	6.7611
4291	15.363
4292	11.121
4293	12.505
4294	3.4389
4295	7.7866
4296	11.129
4297	16.39
4298	16.012
4299	1.5758
4300	9.0166
4301	1.4648
4302	6.544
4303	13.367
4304	7.0001
4305	9.8978
4306	10.936
4307	8.0569
4308	14.259
4309	2.0599
4310	11.273
4311	12.04
4312	14.654
4313	1.2722
4314	12.988
4315	12.179
4316	11.349
4317	8.4545
4318	11.433
4319	13.003
4320	1.8282
4321	10.832
4322	0.65127
4323	15.059
4324	4.8862
4325	15.747
4326	1.5784
4327	11.539
4328	4.0832
4329	5.6133
4330	13.134
4331	12.269
4332	15.234
4333	15.431
4334	15.166
4335	7.6275
4336	1.5061
4337	8.2704
4338	9.847
4339	15.131
4340	9.1196
4341	15.328
4342	15.517
4343	10.392
4344	13.19
4345	15.201
4346	0.41733
4347	15.387
4348	11.79
4349	1.363
4350	15.647
4351	1.9298
4352	1.7037
4353	6.9954
4354	16.026
4355	15.29
4356	15.17
4357	7.9045
4358	7.9633
4359	8.3409
4360	13.957
4361	9.3182
4362	3.8292
4363	13.031
4364	15.24
4365	2.3283
4366	11.564
4367	15.049
4368	15.14
4369	9.0332
4370	15.876
4371	10.726
4372	1.7729
4373	5.151
4374	15.649
4375	15.66
4376	3.4583
4377	8.435
4378	15.188
4379	0.69815
4380	15.336
4381	15.62
4382	6.9768
4383	15.769
4384	14.694
4385	1.1071
4386	15.26
4387	15.641
4388	10.054
4389	15.396
4390	15.292
4391	3.8211
4392	4.2317
4393	11.496
4394	14.095
4395	1.7519
4396	2.8731
4397	8.6877
4398	9.0911
4399	15.834
4400	12.206
4401	9.8297
4402	10.664
4403	13.961
4404	15.624
4405	9.2083
4406	14.893
4407	1.6026
4408	4.4174
4409	15.192
4410	16.007
4411	16.013
4412	11.847
4413	0.80334
4414	6.0401
4415	9.9084
4416	15.809
4417	15.503
4418	16.027
4419	13.934
4420	9.5251
4421	3.9452
4422	11.828
4423	9.4692
4424	0.73312
4425	11.249
4426	1.796
4427	14.149
4428	13.854
4429	15.6
4430	7.5946
4431	12.034
4432	11.076
4433	12.052
4434	7.6543
4435	15.154
4436	4.194
4437	2.0071
4438	10.407
4439	10.047
4440	11.155
4441	10.049
4442	12.322
4443	9.5361
4444	2.4464
4445	1.7248
4446	12.593
4447	11.029
4448	13.23
4449	11.816
4450	9.51
4451	15.195
4452	15.471
4453	15.838
4454	12.564
4455	1.1734
4456	7.4668
4457	10.549
4458	9.1203
4459	15.045
4460	15.97
4461	2.0035
4462	15.974
4463	6.182
4464	6.7479
4465	11.686
4466	7.7724
4467	13.372
4468	4.3797
4469	1.6727
4470	14.39
4471	14.78
4472	11.034
4473	12.143
4474	15.634
4475	7.8188
4476	14.436
4477	15.368
4478	1.7147
4479	5.4614
4480	15.248
4481	10.49
4482	6.2778
4483	9.9185
4484	10.956
4485	3.0764
4486	12.808
4487	15.852
4488	12.142
4489	13.78
4490	9.1517
4491	9.1682
4492	6.1376
4493	12.503
4494	1.4368
4495	7.0657
4496	14.936
4497	8.2628
4498	16.168
4499	10.297
4500	5.2572
4501	13.649
4502	9.2911
4503	10.787
4504	11.038
4505	0.69591
4506	14.986
4507	8.3282
4508	6.0473
4509	15.145
4510	0.5318
4511	11.298
4512	14.013
4513	14.065
4514	6.464
4515	1.181
4516	13.217
4517	15.97
4518	16.393
4519	12.06
4520	10.121
4521	16.21
4522	7.0311
4523	16.019
4524	16.045
4525	16.075
4526	16.004
4527	0.60735
4528	11.233
4529	16.109
4530	16.068
4531	14.84
4532	12.342
4533	12.165
4534	14.08
4535	14.933
4536	15.472
4537	15.194
4538	6.1212
4539	13.626
4540	10.717
4541	6.8432
4542	7.5629
4543	10.089
4544	15.927
4545	10.782
4546	14.232
4547	0.45905
4548	1.9916
4549	0.56319
4550	9.9821
4551	10.382
4552	8.5482
4553	11.444
4554	14.021
4555	12.076
4556	1.5265
4557	10.211
4558	15.755
4559	11.688
4560	12.896
4561	6.1779
4562	15.614
4563	5.0375
4564	7.1125
4565	8.2104
4566	3.0697
4567	8.4908
4568	5.0531
4569	8.9186
4570	14.187
4571	10.65
4572	12.412
4573	12.213
4574	12.704
4575	9.8085
4576	3.5232
4577	14.695
4578	8.8206
4579	15.224
4580	7.5974
4581	13.893
4582	12.293
4583	10.448
4584	10.988
4585	13.258
4586	16.095
4587	7.6094
4588	0.6587
4589	15.552
4590	15.161
4591	15.029
4592	1.8204
4593	13.398
4594	6.6059
4595	5.7945
4596	8.3768
4597	13.019
4598	13.498
4599	8.8074
4600	14.837
4601	12.068
4602	10.609
4603	4.5362
4604	12.128
4605	14.629
4606	1.3163
4607	16.449
4608	12.375
4609	14.561
4610	7.7817
4611	6.8509
4612	9.3718
4613	10.463
4614	15.692
4615	8.6242
4616	8.8078
4617	0.91187
4618	15.857
4619	15.69
4620	1.7983
4621	1.9763
4622	3.3781
4623	12.881
4624	10.593
4625	15.572
4626	14.905
4627	15.151
4628	9.3441
4629	10.062
4630	15.296
4631	15.25
4632	14.741
4633	15.53
4634	16.023
4635	9.2284
4636	6.0595
4637	12.839
4638	13.025
4639	13.283
4640	15.621
4641	15.529
4642	11.323
4643	10.172
4644	5.721
4645	9.8541
4646	15.232
4647	14.011
4648	10.621
4649	10.21
4650	5.8557
4651	15.927
4652	15.946
4653	13.671
4654	12.004
4655	6.9349
4656	15.054
4657	7.2196
4658	9.2148
4659	6.4412
4660	8.1737
4661	15.609
4662	13.555
4663	15.467
4664	15.198
4665	16.084
4666	6.9947
4667	16.124
4668	15.19
4669	16.123
4670	15.39
4671	11.25
4672	8.6257
4673	7.2595
4674	15.298
4675	15.166
4676	16.383
4677	12.857
4678	15.196
4679	9.9894
4680	16.237
4681	14.489
4682	1.6973
4683	0.74351
4684	11.241
4685	16.009
4686	10.01
4687	15.616
4688	15.729
4689	15.195
4690	15.376
4691	16.014
4692	16.036
4693	15.386
4694	6.5844
4695	15.246
4696	10.721
4697	0.66465
4698	7.9142
4699	5.6048
4700	1.7995
4701	5.9828
4702	12.38
4703	11.118
4704	7.7728
4705	2.0503
4706	12.893
4707	2.2892
4708	12.81
4709	15.017
4710	15.047
4711	1.7043
4712	15.468
4713	15.643
4714	15.847
4715	15.772
4716	15.839
4717	9.2938
4718	10.177
4719	5.5385
4720	9.2551
4721	6.8016
4722	15.076
4723	15.113
4724	15.175
4725	6.1298
4726	15.24
4727	15.004
4728	8.394
4729	16.157
4730	7.9162
4731	14.064
4732	6.5061
4733	3.229
4734	7.3875
4735	15.962
4736	16.442
4737	16.585
4738	16.185
4739	16.521
4740	15.157
4741	8.6823
4742	14.882
4743	15.551
4744	14.551
4745	15.172
4746	7.8801
4747	9.9704
4748	4.2127
4749	12.114
4750	1.6331
4751	3.7238
4752	1.9688
4753	2.1854
4754	1.3175
4755	0.55092
4756	15.554
4757	15.534
4758	16.531
4759	6.6591
4760	14.543
4761	3.4202
4762	9.5043
4763	8.1694
4764	10.944
4765	13.781
4766	9.2099
4767	12.784
4768	14.059
4769	6.9898
4770	12.434
4771	1.2947
4772	4.1053
4773	6.8805
4774	7.3714
4775	7.71
4776	10.052
4777	1.5086
4778	13.972
4779	7.9548
4780	5.887
4781	12.822
4782	2.2344
4783	7.4224
4784	5.2451
4785	15.353
4786	11.436
4787	15.584
4788	15.456
4789	15.425
4790	11.533
4791	15.058
4792	10.717
4793	13.377
4794	13.939
4795	8.4117
4796	12.299
4797	9.3006
4798	9.2631
4799	10.402
4800	8.4161
4801	10.079
4802	7.291
4803	15.857
4804	15.85
4805	15.967
4806	16.067
4807	15.845
4808	15.783
4809	15.351
4810	13.322
4811	11.978
4812	10.225
4813	12.436
4814	8.9676
4815	8.8066
4816	8.7754
4817	9.3825
4818	9.3214
4819	9.8959
4820	9.8005
4821	9.1762
4822	9.0638
4823	9.0436
4824	8.8186
4825	8.8129
4826	8.5355
4827	8.5417
4828	9.2511
4829	9.2142
4830	9.2182
4831	9.1002
4832	9.062
4833	8.8838
4834	8.8012
4835	8.5586
4836	12.172
4837	12.429
4838	12.488
4839	12.695
4840	12.824
4841	12.992
4842	8.2965
4843	8.6134
4844	8.1093
4845	8.4282
4846	7.953
4847	8.2617
4848	7.8228
4849	8.1184
4850	7.7244
4851	8.0017
4852	11.268
4853	11.024
4854	10.884
4855	10.682
4856	10.227
4857	10.111
4858	9.3283
4859	12.79
4860	12.902
4861	12.565
4862	12.691
4863	12.39
4864	12.532
4865	8.7638
4866	8.6816
4867	9.3185
4868	1.4007
4869	13.75
4870	13.933
4871	14.146
4872	14.318
4873	14.579
4874	14.73
4875	12.188
4876	12.324
4877	11.455
4878	11.58
4879	10.741
4880	10.863
4881	10.057
4882	10.168
4883	9.4087
4884	9.4978
4885	9.611
4886	9.3733
4887	9.9616
4888	9.5971
4889	9.9829
4890	9.547
4891	1.6618
4892	1.64
4893	1.263
4894	1.2352
4895	0.87372
4896	0.8424
4897	6.9439
4898	7.057
4899	7.2517
4900	7.4402
4901	7.6754
4902	7.9974
4903	0.55171
4904	0.54738
4905	15.729
4906	15.665
4907	13.648
4908	12.268
4909	9.5235
4910	9.4186
4911	8.8611
4912	9.2806
4913	11.076
4914	9.0642
4915	7.9132
4916	10.48
4917	1.4513
4918	0.54564
4919	6.862
4920	15.965
4921	15.532
4922	15.572
4923	15.643
4924	5.4336
4925	0.76332
4926	1.2934
4927	6.3297
4928	6.37
4929	16.016
4930	15.552
4931	2.6641
4932	0.38177
4933	0.72081
4934	0.98047
4935	0.58138
4936	15.842
4937	16.222
4938	15.852
4939	15.504
4940	15.561
4941	15.845
4942	11.399
4943	8.8516
4944	9.6803
4945	9.1061
4946	9.0547
4947	8.731
4948	8.6225
4949	12.487
4950	12.659
4951	12.187
4952	12.369
4953	11.937
4954	12.125
4955	11.926
4956	13.142
4957	13.03
4958	13.28
4959	13.198
4960	13.492
4961	13.418
4962	13.744
4963	13.676
4964	10.507
4965	10.646
4966	9.9869
4967	10.096
4968	9.4324
4969	9.5244
4970	8.816
4971	8.9059
4972	8.2134
4973	8.2691
4974	11.595
4975	11.399
4976	11.736
4977	11.512
4978	1.2098
4979	1.2128
4980	0.65625
4981	0.64554
4982	15.367
4983	15.38
4984	15.184
4985	15.194
4986	10.728
4987	10.924
4988	10.343
4989	10.505
4990	9.9859
4991	10.098
4992	9.6213
4993	9.7125
4994	9.2252
4995	9.2554
4996	0.72147
4997	0.6783
4998	0.38185
4999	0.3791
5000	15.559
5001	15.57
5002	15.552
5003	15.59
5004	10.977
5005	11.209
5006	10.72
5007	10.976
5008	10.456
5009	10.77
5010	10.286
5011	10.59
5012	10.091
5013	10.39
5014	16.233
5015	16.259
5016	16.021
5017	16.051
5018	0.91389
5019	0.85075
5020	0.52734
5021	0.86634
5022	1.3383
5023	1.8638
5024	2.4902
5025	3.2075
5026	3.735
5027	4.7907
5028	7.4138
5029	7.3382
5030	7.3588
5031	7.1573
5032	7.2645
5033	6.938
5034	15.684
5035	15.688
5036	15.522
5037	15.699
5038	15.854
5039	15.711
5040	15.861
5041	15.854
5042	15.688
5043	15.877
5044	15.699
5045	15.858
5046	15.685
5047	13.643
5048	13.459
5049	8.6711
5050	7.6583
5051	7.3188
5052	6.3989
5053	6.4663
5054	5.7042
5055	0.72749
5056	0.39919
5057	0.72439
5058	0.4058
5059	0.73783
5060	0.41282
5061	0.39158
5062	0.39455
5063	0.7317
5064	0.7239
5065	1.243
5066	1.2389
5067	2.1905
5068	2.4094
5069	1.6062
5070	2.0198
5071	1.3502
5072	1.9212
5073	1.5512
5074	2.1283
5075	15.37
5076	15.403
5077	15.586
5078	15.628
5079	9.9162
5080	10.2
5081	9.71
5082	10.005
5083	9.5173
5084	9.8345
5085	9.3353
5086	9.656
5087	9.1691
5088	9.4764
5089	10.154
5090	10.092
5091	9.8418
5092	9.836
5093	8.922
5094	8.1225
5095	8.0489
5096	7.4304
5097	5.9858
5098	7.1058
5099	7.245
5100	8.2269
5101	8.0976
5102	8.6073
5103	8.5325
5104	8.9337
5105	8.9209
5106	15.577
5107	15.576
5108	15.779
5109	15.774
5110	15.355
5111	15.344
5112	15.526
5113	15.509
5114	15.687
5115	15.678
5116	15.838
5117	15.847
5118	15.761
5119	15.91
5120	15.786
5121	15.945
5122	15.782
5123	15.945
5124	15.793
5125	15.955
5126	15.796
5127	15.944
5128	15.847
5129	15.858
5130	15.679
5131	15.686
5132	15.517
5133	15.533
5134	0.75323
5135	0.78035
5136	0.42175
5137	0.43045
5138	9.4235
5139	9.2121
5140	9.535
5141	9.2567
5142	9.6554
5143	9.3033
5144	3.3368
5145	3.3265
5146	3.7432
5147	3.7517
5148	3.9839
5149	3.9649
5150	4.0628
5151	4.0967
5152	15.843
5153	15.678
5154	15.851
5155	15.693
5156	0.66077
5157	0.65504
5158	10.523
5159	9.9297
5160	10.343
5161	9.7795
5162	4.0535
5163	3.96
5164	3.8347
5165	3.7116
5166	3.6453
5167	3.4724
5168	6.6049
5169	6.2925
5170	6.6724
5171	6.3421
5172	6.7764
5173	6.437
5174	6.922
5175	6.5858
5176	7.1248
5177	6.7983
5178	15.739
5179	15.727
5180	15.575
5181	15.574
5182	15.416
5183	15.411
5184	2.6767
5185	2.905
5186	2.1414
5187	2.4529
5188	1.6082
5189	1.8972
5190	13.105
5191	13.244
5192	12.508
5193	12.684
5194	12.132
5195	12.35
5196	13.747
5197	13.792
5198	0.80788
5199	0.77983
5200	12.756
5201	12.479
5202	0.92499
5203	13.049
5204	15.512
5205	1.7014
5206	2.5744
5207	11.478
5208	9.7405
5209	15.822
5210	15.773
5211	15.588
5212	15.601
5213	15.949
5214	15.787
5215	15.78
5216	15.982
5217	15.963
5218	0.76698
5219	1.1356
5220	0.7552
5221	1.1109
5222	0.75302
5223	1.1216
5224	0.74699
5225	1.1292
5226	0.71717
5227	1.1164
5228	15.916
5229	15.775
5230	15.92
5231	15.771
5232	15.928
5233	15.785
5234	15.905
5235	15.753
5236	15.889
5237	15.74
5238	16.15
5239	16.328
5240	16.185
5241	16.36
5242	0.53079
5243	0.53197
5244	0.45466
5245	0.47569
5246	0.89879
5247	0.9515
5248	8.7575
5249	8.6804
5250	9.0015
5251	8.9659
5252	9.1677
5253	9.183
5254	9.259
5255	9.333
5256	8.551
5257	8.4034
5258	8.7953
5259	8.6825
5260	8.9981
5261	8.9218
5262	9.1282
5263	9.0862
5264	9.1699
5265	9.1591
5266	1.6643
5267	1.8
5268	1.972
5269	7.343
5270	7.2102
5271	7.9409
5272	7.811
5273	8.5968
5274	8.4726
5275	9.2456
5276	9.1398
5277	9.9045
5278	9.8176
5279	9.2664
5280	9.223
5281	15.572
5282	15.582
5283	9.8817
5284	9.7024
5285	6.1781
5286	6.1373
5287	0.82161
5288	1.3556
5289	3.9299
5290	4.0365
5291	0.29868
5292	0.21193
5293	1.0913
5294	0.65205
5295	1.8196
5296	1.3778
5297	2.4654
5298	2.0337
5299	3.0129
5300	2.6064
5301	3.4915
5302	3.1768
5303	3.6202
5304	5.3249
5305	5.5797
5306	4.6056
5307	4.7022
5308	4.2348
5309	4.3791
5310	3.9596
5311	4.1299
5312	3.7237
5313	3.936
5314	3.5521
5315	3.8065
5316	3.4436
5317	3.761
5318	3.4321
5319	3.8073
5320	3.4949
5321	3.9356
5322	3.6088
5323	4.1243
5324	3.823
5325	4.3455
5326	4.0676
5327	4.5725
5328	4.3126
5329	4.784
5330	4.5218
5331	4.9664
5332	4.6956
5333	5.113
5334	4.8571
5335	5.2218
5336	4.9765
5337	5.2906
5338	5.0726
5339	5.3217
5340	5.0979
5341	5.3194
5342	5.1104
5343	5.2856
5344	5.09
5345	5.2246
5346	5.016
5347	5.1416
5348	4.9286
5349	5.0399
5350	4.846
5351	4.9227
5352	4.7478
5353	4.7933
5354	4.6386
5355	4.6548
5356	4.4728
5357	4.5109
5358	4.3228
5359	4.3637
5360	4.1989
5361	4.2156
5362	4.0584
5363	4.069
5364	3.9173
5365	3.9261
5366	3.7548
5367	3.7887
5368	3.6349
5369	3.6582
5370	3.5021
5371	3.536
5372	3.3925
5373	3.4232
5374	3.28
5375	3.3207
5376	3.1675
5377	3.229
5378	3.0659
5379	3.1484
5380	2.9791
5381	3.0787
5382	2.9102
5383	3.0199
5384	2.8581
5385	2.9716
5386	2.7994
5387	2.9329
5388	2.7597
5389	2.9033
5390	2.7372
5391	2.882
5392	2.7013
5393	2.8676
5394	2.6744
5395	2.8592
5396	2.6703
5397	2.856
5398	2.6512
5399	2.8571
5400	2.6438
5401	2.8616
5402	2.623
5403	2.8683
5404	2.6417
5405	2.8769
5406	2.6581
5407	2.8871
5408	2.6673
5409	2.8982
5410	2.6745
5411	2.9098
5412	2.6647
5413	2.9214
5414	2.6953
5415	2.9331
5416	2.6938
5417	2.9443
5418	2.7044
5419	2.955
5420	2.7071
5421	2.9647
5422	2.7099
5423	2.9735
5424	2.7175
5425	2.9812
5426	2.6957
5427	2.9873
5428	2.7129
5429	2.9919
5430	2.7261
5431	2.995
5432	2.7224
5433	2.9965
5434	2.7101
5435	2.9958
5436	2.7108
5437	2.993
5438	2.7194
5439	2.9884
5440	2.7285
5441	2.9819
5442	2.7091
5443	2.9734
5444	2.7003
5445	2.9631
5446	2.6793
5447	2.9505
5448	2.6622
5449	2.936
5450	2.6674
5451	2.9199
5452	2.6752
5453	2.9022
5454	2.6522
5455	2.8827
5456	2.6312
5457	2.8616
5458	2.6188
5459	2.8391
5460	2.5881
5461	2.815
5462	2.5754
5463	2.7895
5464	2.5478
5465	2.7627
5466	2.5394
5467	2.7346
5468	2.5036
5469	2.7054
5470	2.4777
5471	2.6752
5472	2.4349
5473	2.644
5474	2.4208
5475	2.6124
5476	2.4005
5477	2.5805
5478	2.3623
5479	2.5487
5480	2.3331
5481	2.5172
5482	2.2983
5483	2.4866
5484	2.2637
5485	2.4572
5486	2.2169
5487	2.429
5488	2.1907
5489	2.403
5490	2.1899
5491	2.3799
5492	2.1761
5493	2.36
5494	2.1437
5495	2.3435
5496	2.1261
5497	2.3313
5498	2.1252
5499	2.3244
5500	2.1335
5501	2.3231
5502	2.117
5503	2.3279
5504	2.1088
5505	2.3394
5506	2.1132
5507	2.3582
5508	2.1317
5509	2.3852
5510	2.1633
5511	2.4208
5512	2.1939
5513	2.4653
5514	2.2392
5515	2.5193
5516	2.2945
5517	2.5829
5518	2.3582
5519	2.6565
5520	2.4391
5521	2.7404
5522	2.5218
5523	2.8349
5524	2.6038
5525	2.9402
5526	2.6891
5527	3.0562
5528	2.8065
5529	3.1833
5530	2.9265
5531	3.322
5532	3.0808
5533	3.4726
5534	3.2022
5535	3.6407
5536	3.3405
5537	3.8304
5538	3.5294
5539	3.7266
5540	14.173
5541	14.3
5542	14.028
5543	14.039
5544	13.875
5545	13.865
5546	13.726
5547	13.667
5548	13.562
5549	13.452
5550	13.377
5551	13.228
5552	13.178
5553	12.997
5554	12.968
5555	12.762
5556	12.757
5557	12.526
5558	12.542
5559	12.29
5560	12.325
5561	12.056
5562	12.107
5563	11.823
5564	11.889
5565	11.593
5566	11.671
5567	11.366
5568	11.458
5569	11.142
5570	11.246
5571	10.922
5572	11.036
5573	10.704
5574	10.828
5575	10.49
5576	10.622
5577	10.278
5578	10.419
5579	10.068
5580	10.217
5581	9.8584
5582	10.012
5583	9.6499
5584	9.8033
5585	9.4414
5586	9.5947
5587	9.232
5588	9.3851
5589	9.0212
5590	9.1723
5591	8.8083
5592	8.9574
5593	8.5926
5594	8.7382
5595	8.3738
5596	8.5164
5597	8.1517
5598	8.2921
5599	7.9257
5600	8.0655
5601	7.6961
5602	7.8322
5603	7.4629
5604	7.594
5605	7.2265
5606	7.3509
5607	6.988
5608	7.1039
5609	6.7482
5610	6.8542
5611	6.5088
5612	6.6037
5613	6.2718
5614	6.3511
5615	6.0398
5616	6.0987
5617	5.816
5618	5.8476
5619	5.6039
5620	5.6021
5621	5.4079
5622	5.3661
5623	5.2325
5624	5.1462
5625	5.0818
5626	4.9461
5627	4.9594
5628	4.806
5629	4.8686
5630	4.671
5631	4.8158
5632	4.5176
5633	4.8031
5634	4.3699
5635	4.8239
5636	4.4362
5637	4.8848
5638	4.4073
5639	4.9898
5640	4.4374
5641	5.2548
5642	4.4959
5643	4.5618
5644	16.942
5645	16.885
5646	16.439
5647	17.001
5648	16.458
5649	17.057
5650	16.463
5651	17.109
5652	16.472
5653	17.151
5654	16.495
5655	17.177
5656	16.526
5657	17.184
5658	16.552
5659	17.171
5660	16.542
5661	17.138
5662	16.511
5663	17.086
5664	16.507
5665	17.016
5666	16.474
5667	16.927
5668	16.394
5669	16.822
5670	16.361
5671	16.701
5672	16.275
5673	16.565
5674	16.153
5675	16.416
5676	16.041
5677	16.254
5678	15.911
5679	16.081
5680	15.743
5681	15.896
5682	15.611
5683	15.7
5684	15.437
5685	15.493
5686	15.242
5687	15.279
5688	15.1
5689	15.062
5690	14.923
5691	14.85
5692	14.758
5693	14.65
5694	14.596
5695	14.462
5696	14.397
5697	14.208
5698	6.8056
5699	6.7874
5700	16.826
5701	16.405
5702	16.762
5703	16.356
5704	16.691
5705	16.3
5706	16.615
5707	16.239
5708	16.532
5709	16.172
5710	16.444
5711	16.083
5712	16.349
5713	15.974
5714	16.247
5715	15.875
5716	16.14
5717	15.776
5718	16.026
5719	15.672
5720	15.905
5721	15.561
5722	15.778
5723	15.435
5724	15.644
5725	15.299
5726	15.503
5727	15.159
5728	15.356
5729	15.016
5730	15.202
5731	14.896
5732	15.041
5733	14.752
5734	14.873
5735	14.564
5736	14.698
5737	14.397
5738	14.516
5739	14.225
5740	14.327
5741	14.06
5742	14.132
5743	13.879
5744	13.929
5745	13.674
5746	13.72
5747	13.477
5748	13.504
5749	13.284
5750	13.281
5751	13.077
5752	13.052
5753	12.854
5754	12.816
5755	12.626
5756	12.574
5757	12.393
5758	12.327
5759	12.157
5760	12.073
5761	11.918
5762	11.815
5763	11.679
5764	11.551
5765	11.438
5766	11.283
5767	11.195
5768	11.011
5769	10.94
5770	10.734
5771	10.672
5772	10.456
5773	10.408
5774	10.175
5775	10.134
5776	9.8938
5777	9.8578
5778	9.6129
5779	9.5803
5780	9.3345
5781	9.3053
5782	9.0598
5783	9.038
5784	8.7922
5785	8.7796
5786	8.5342
5787	8.559
5788	8.2865
5789	8.3332
5790	8.0531
5791	8.0996
5792	7.8382
5793	7.8684
5794	7.6466
5795	7.6571
5796	7.483
5797	7.4695
5798	7.352
5799	7.3092
5800	7.2579
5801	7.1812
5802	7.2044
5803	7.0878
5804	7.1943
5805	7.0308
5806	7.2287
5807	7.0111
5808	7.3074
5809	7.0304
5810	7.4276
5811	7.094
5812	7.5848
5813	7.202
5814	7.7723
5815	7.3361
5816	7.982
5817	7.48
5818	8.2046
5819	7.6263
5820	8.4305
5821	7.7842
5822	8.6496
5823	7.9714
5824	8.8509
5825	8.1538
5826	9.0245
5827	8.3218
5828	9.1611
5829	8.4735
5830	9.2513
5831	8.5757
5832	9.289
5833	8.6224
5834	9.2694
5835	8.6517
5836	9.1852
5837	8.6133
5838	9.0341
5839	8.5086
5840	8.8153
5841	8.3647
5842	8.5294
5843	8.1878
5844	8.1774
5845	7.9889
5846	7.763
5847	7.7457
5848	7.2847
5849	7.4402
5850	7.1047
5851	15.304
5852	15.402
5853	15.167
5854	15.208
5855	15.059
5856	15.109
5857	14.945
5858	15.007
5859	14.832
5860	14.901
5861	14.719
5862	14.791
5863	14.621
5864	14.678
5865	14.517
5866	14.56
5867	14.403
5868	14.439
5869	14.287
5870	14.314
5871	14.175
5872	14.184
5873	14.053
5874	14.05
5875	13.915
5876	13.912
5877	13.772
5878	13.769
5879	13.629
5880	13.623
5881	13.491
5882	13.471
5883	13.344
5884	13.315
5885	13.192
5886	13.154
5887	13.032
5888	12.989
5889	12.869
5890	12.819
5891	12.703
5892	12.644
5893	12.54
5894	12.464
5895	12.371
5896	12.28
5897	12.214
5898	12.091
5899	12.049
5900	11.896
5901	11.858
5902	11.697
5903	11.669
5904	11.493
5905	11.476
5906	11.285
5907	11.277
5908	11.071
5909	11.068
5910	10.853
5911	10.85
5912	10.631
5913	10.629
5914	10.405
5915	10.428
5916	10.174
5917	10.215
5918	9.9401
5919	9.9874
5920	9.7023
5921	9.7547
5922	9.4613
5923	9.5208
5924	9.2181
5925	9.2855
5926	8.9736
5927	9.0497
5928	8.7285
5929	8.8121
5930	8.4835
5931	8.5725
5932	8.2401
5933	8.3328
5934	7.9993
5935	8.096
5936	7.7632
5937	7.8659
5938	7.5343
5939	7.6409
5940	7.3145
5941	7.4239
5942	7.1068
5943	7.2144
5944	6.915
5945	7.0115
5946	6.7428
5947	6.8213
5948	6.5948
5949	6.6487
5950	6.4751
5951	6.4987
5952	6.3883
5953	6.3757
5954	6.3383
5955	6.2841
5956	6.3287
5957	6.2301
5958	6.3615
5959	6.2186
5960	6.4378
5961	6.2303
5962	6.5556
5963	6.3244
5964	6.7118
5965	6.4138
5966	6.9023
5967	6.5303
5968	7.12
5969	6.6705
5970	7.3566
5971	6.8291
5972	7.6027
5973	6.9889
5974	7.8492
5975	7.1335
5976	8.0874
5977	7.2815
5978	8.3132
5979	7.493
5980	8.5133
5981	7.8179
5982	8.6716
5983	8.0155
5984	8.7847
5985	8.1292
5986	8.8491
5987	8.1956
5988	8.8595
5989	8.2452
5990	8.8114
5991	8.2578
5992	8.7
5993	8.2103
5994	8.5251
5995	8.1052
5996	8.2884
5997	7.9737
5998	7.9881
5999	7.8405
6000	7.6266
6001	7.624
6002	7.2134
6003	7.3621
6004	7.0843
6005	7.1485
6006	16.356
6007	16.265
6008	16.356
6009	16.259
6010	16.355
6011	16.257
6012	16.354
6013	16.257
6014	16.353
6015	16.264
6016	16.352
6017	16.269
6018	16.352
6019	16.259
6020	16.351
6021	16.253
6022	16.351
6023	16.25
6024	16.351
6025	16.249
6026	16.352
6027	16.251
6028	16.352
6029	16.25
6030	16.353
6031	16.249
6032	16.354
6033	16.248
6034	16.355
6035	16.254
6036	16.355
6037	16.257
6038	16.356
6039	16.262
6040	16.357
6041	16.26
6042	16.358
6043	16.261
6044	16.358
6045	16.26
6046	16.358
6047	16.26
6048	16.359
6049	16.263
6050	16.359
6051	16.267
6052	16.358
6053	16.273
6054	16.358
6055	16.286
6056	16.358
6057	16.274
6058	16.358
6059	16.272
6060	16.357
6061	16.269
6062	16.356
6063	16.273
6064	16.355
6065	16.272
6066	16.354
6067	16.273
6068	16.353
6069	16.274
6070	16.352
6071	16.272
6072	16.351
6073	16.264
6074	16.35
6075	16.265
6076	16.348
6077	16.262
6078	16.347
6079	16.262
6080	16.346
6081	16.269
6082	16.345
6083	16.262
6084	16.343
6085	16.262
6086	16.342
6087	16.265
6088	16.341
6089	16.256
6090	16.34
6091	16.251
6092	16.339
6093	16.256
6094	16.338
6095	16.259
6096	16.337
6097	16.253
6098	16.336
6099	16.254
6100	16.336
6101	16.255
6102	16.335
6103	16.254
6104	16.335
6105	16.245
6106	16.335
6107	16.255
6108	16.335
6109	16.25
6110	16.335
6111	16.252
6112	16.336
6113	16.252
6114	16.336
6115	16.26
6116	16.337
6117	16.258
6118	16.338
6119	16.262
6120	16.34
6121	16.264
6122	16.342
6123	16.265
6124	16.344
6125	16.263
6126	16.346
6127	16.261
6128	16.348
6129	16.27
6130	16.351
6131	16.271
6132	16.355
6133	16.276
6134	16.359
6135	16.279
6136	16.362
6137	16.277
6138	16.367
6139	16.291
6140	16.372
6141	16.294
6142	16.377
6143	16.298
6144	16.383
6145	16.302
6146	16.389
6147	16.31
6148	16.396
6149	16.319
6150	16.403
6151	16.326
6152	16.41
6153	16.331
6154	16.418
6155	16.338
6156	16.427
6157	16.35
6158	16.436
6159	16.357
6160	16.446
6161	16.361
6162	16.456
6163	16.369
6164	16.467
6165	16.375
6166	16.478
6167	16.385
6168	16.49
6169	16.4
6170	16.502
6171	16.412
6172	16.515
6173	16.427
6174	16.529
6175	16.443
6176	16.543
6177	16.458
6178	16.558
6179	16.468
6180	16.573
6181	16.49
6182	16.589
6183	16.5
6184	16.605
6185	16.511
6186	16.622
6187	16.532
6188	16.64
6189	16.543
6190	16.658
6191	16.563
6192	16.676
6193	16.587
6194	16.695
6195	16.601
6196	16.714
6197	16.622
6198	16.734
6199	16.639
6200	16.754
6201	16.65
6202	16.775
6203	16.67
6204	16.796
6205	16.691
6206	16.817
6207	16.704
6208	16.838
6209	16.722
6210	16.86
6211	16.744
6212	16.881
6213	16.758
6214	16.903
6215	16.786
6216	16.925
6217	16.806
6218	16.946
6219	16.833
6220	16.968
6221	16.849
6222	16.989
6223	16.865
6224	17.01
6225	16.89
6226	17.031
6227	16.908
6228	17.051
6229	16.93
6230	17.07
6231	16.947
6232	17.089
6233	16.956
6234	17.108
6235	16.961
6236	17.125
6237	16.977
6238	17.141
6239	16.979
6240	17.156
6241	16.987
6242	17.17
6243	16.994
6244	17.182
6245	17.008
6246	17.192
6247	17.014
6248	17.201
6249	17.009
6250	17.208
6251	17.019
6252	17.212
6253	17.022
6254	17.214
6255	17.01
6256	17.213
6257	17.003
6258	17.21
6259	17.02
6260	17.203
6261	17.011
6262	17.193
6263	16.994
6264	17.179
6265	16.958
6266	17.161
6267	16.918
6268	17.139
6269	16.896
6270	17.112
6271	16.846
6272	17.08
6273	16.808
6274	17.042
6275	16.754
6276	16.998
6277	16.738
6278	16.948
6279	16.69
6280	16.891
6281	16.616
6282	16.827
6283	16.553
6284	16.755
6285	16.506
6286	16.674
6287	16.396
6288	16.583
6289	16.299
6290	16.484
6291	16.148
6292	16.373
6293	16.071
6294	16.252
6295	15.95
6296	16.12
6297	15.818
6298	15.982
6299	15.648
6300	15.845
6301	15.556
6302	15.718
6303	15.456
6304	15.605
6305	15.373
6306	15.503
6307	15.313
6308	15.254
6309	15.002
6310	14.931
6311	15.112
6312	15.033
6313	15.291
6314	15.199
6315	15.493
6316	15.39
6317	15.702
6318	15.585
6319	15.901
6320	15.792
6321	16.085
6322	15.984
6323	16.17
6324	11.207
6325	11.072
6326	11.151
6327	14.847
6328	14.958
6329	14.776
6330	14.901
6331	14.755
6332	14.857
6333	14.752
6334	14.856
6335	14.743
6336	14.85
6337	14.748
6338	14.848
6339	14.761
6340	14.853
6341	14.77
6342	14.862
6343	14.774
6344	14.865
6345	14.788
6346	14.873
6347	14.797
6348	14.882
6349	14.801
6350	14.889
6351	14.812
6352	14.896
6353	14.819
6354	14.909
6355	14.822
6356	14.91
6357	14.831
6358	14.916
6359	14.837
6360	14.926
6361	14.838
6362	14.925
6363	14.845
6364	14.924
6365	14.849
6366	14.93
6367	14.849
6368	14.925
6369	14.855
6370	14.928
6371	14.858
6372	14.932
6373	14.857
6374	14.936
6375	14.861
6376	14.945
6377	14.863
6378	14.942
6379	14.863
6380	14.946
6381	14.865
6382	14.952
6383	14.866
6384	14.945
6385	14.865
6386	14.941
6387	14.868
6388	14.947
6389	14.868
6390	14.951
6391	14.867
6392	14.947
6393	14.869
6394	14.948
6395	14.87
6396	14.947
6397	14.869
6398	14.943
6399	14.87
6400	14.946
6401	14.87
6402	14.954
6403	14.87
6404	14.945
6405	14.871
6406	14.949
6407	14.871
6408	14.949
6409	14.871
6410	14.951
6411	14.873
6412	14.95
6413	14.873
6414	14.949
6415	14.873
6416	14.95
6417	14.875
6418	14.951
6419	14.876
6420	14.958
6421	14.877
6422	14.95
6423	14.879
6424	14.953
6425	14.881
6426	14.958
6427	14.882
6428	14.964
6429	14.885
6430	14.961
6431	14.887
6432	14.966
6433	14.89
6434	14.964
6435	14.893
6436	14.974
6437	14.896
6438	14.981
6439	14.899
6440	14.983
6441	14.904
6442	14.98
6443	14.908
6444	14.99
6445	14.912
6446	14.993
6447	14.917
6448	14.994
6449	14.922
6450	14.992
6451	14.927
6452	15.004
6453	14.933
6454	15.019
6455	14.939
6456	15.015
6457	14.945
6458	15.026
6459	14.952
6460	15.031
6461	14.959
6462	15.041
6463	14.966
6464	15.045
6465	14.975
6466	15.054
6467	14.982
6468	15.052
6469	14.99
6470	15.055
6471	15.
6472	15.064
6473	15.008
6474	15.078
6475	15.018
6476	15.087
6477	15.028
6478	15.098
6479	15.037
6480	15.11
6481	15.048
6482	15.129
6483	15.058
6484	15.135
6485	15.069
6486	15.142
6487	15.08
6488	15.155
6489	15.091
6490	15.158
6491	15.102
6492	15.167
6493	15.113
6494	15.182
6495	15.125
6496	15.199
6497	15.136
6498	15.209
6499	15.148
6500	15.221
6501	15.16
6502	15.232
6503	15.171
6504	15.238
6505	15.182
6506	15.249
6507	15.194
6508	15.264
6509	15.204
6510	15.274
6511	15.215
6512	15.284
6513	15.226
6514	15.293
6515	15.235
6516	15.297
6517	15.245
6518	15.308
6519	15.254
6520	15.318
6521	15.263
6522	15.33
6523	15.27
6524	15.347
6525	15.278
6526	15.352
6527	15.283
6528	15.362
6529	15.288
6530	15.368
6531	15.293
6532	15.37
6533	15.295
6534	15.368
6535	15.297
6536	15.37
6537	15.297
6538	15.367
6539	15.296
6540	15.368
6541	15.293
6542	15.366
6543	15.288
6544	15.359
6545	15.281
6546	15.347
6547	15.272
6548	15.344
6549	15.262
6550	15.333
6551	15.248
6552	15.327
6553	15.232
6554	15.31
6555	15.214
6556	15.29
6557	15.192
6558	15.268
6559	15.167
6560	15.244
6561	15.139
6562	15.215
6563	15.107
6564	15.184
6565	15.072
6566	15.149
6567	15.033
6568	15.111
6569	14.988
6570	15.065
6571	14.94
6572	15.014
6573	14.887
6574	14.957
6575	14.828
6576	14.9
6577	14.764
6578	14.835
6579	14.694
6580	14.762
6581	14.618
6582	14.69
6583	14.536
6584	14.609
6585	14.447
6586	14.52
6587	14.35
6588	14.426
6589	14.246
6590	14.324
6591	14.134
6592	14.215
6593	14.013
6594	14.095
6595	13.884
6596	13.967
6597	13.745
6598	13.835
6599	13.596
6600	13.685
6601	13.438
6602	13.536
6603	13.268
6604	13.37
6605	13.088
6606	13.191
6607	12.896
6608	13.011
6609	12.693
6610	12.816
6611	12.479
6612	12.6
6613	12.26
6614	12.387
6615	12.043
6616	12.178
6617	11.836
6618	11.96
6619	11.651
6620	11.763
6621	11.49
6622	11.587
6623	11.346
6624	11.433
6625	11.291
6626	43.645
6627	43.621
6628	34.789
6629	10.942
6630	11.02
6631	10.81
6632	10.889
6633	10.677
6634	10.756
6635	10.541
6636	10.636
6637	10.404
6638	10.509
6639	10.265
6640	10.373
6641	10.124
6642	10.239
6643	9.9826
6644	10.099
6645	9.8401
6646	9.9586
6647	9.6965
6648	9.8167
6649	9.5528
6650	9.6862
6651	9.4091
6652	9.5536
6653	9.2655
6654	9.4145
6655	9.1227
6656	9.2719
6657	8.9814
6658	9.1335
6659	8.842
6660	8.9997
6661	8.705
6662	8.8699
6663	8.5711
6664	8.7441
6665	8.4412
6666	8.6193
6667	8.3161
6668	8.4981
6669	8.1968
6670	8.3798
6671	8.0841
6672	8.2696
6673	7.979
6674	8.1583
6675	7.8827
6676	8.0533
6677	7.7965
6678	7.956
6679	7.7222
6680	7.8829
6681	7.661
6682	7.8399
6683	7.614
6684	7.7979
6685	7.5823
6686	7.7584
6687	7.5672
6688	7.7324
6689	7.5701
6690	7.722
6691	7.5923
6692	7.7304
6693	7.6348
6694	7.7573
6695	7.6983
6696	7.8027
6697	7.7831
6698	7.8609
6699	7.8903
6700	7.9364
6701	8.0209
6702	8.0458
6703	8.1751
6704	8.1821
6705	8.3521
6706	8.3356
6707	8.5509
6708	8.5034
6709	8.7725
6710	8.693
6711	9.016
6712	8.9046
6713	9.2797
6714	9.14
6715	9.5635
6716	9.3974
6717	9.8668
6718	9.6732
6719	10.189
6720	9.9635
6721	10.531
6722	10.271
6723	10.89
6724	10.599
6725	11.266
6726	10.947
6727	11.66
6728	11.318
6729	12.07
6730	11.712
6731	12.499
6732	12.121
6733	12.949
6734	12.516
6735	13.423
6736	12.936
6737	13.924
6738	13.414
6739	14.458
6740	13.927
6741	15.034
6742	14.481
6743	15.666
6744	15.084
6745	16.381
6746	15.74
6747	17.213
6748	16.477
6749	18.22
6750	17.352
6751	19.507
6752	18.424
6753	21.326
6754	19.792
6755	24.132
6756	21.635
6757	30.613
6758	24.165
6759	27.21
6760	10.181
6761	10.408
6762	10.164
6763	9.9906
6764	9.9807
6765	9.7944
6766	9.795
6767	9.5982
6768	9.6085
6769	9.3966
6770	9.4204
6771	9.1919
6772	9.2206
6773	8.9866
6774	9.0221
6775	8.7751
6776	8.8191
6777	8.5644
6778	8.6159
6779	8.3499
6780	8.4158
6781	8.1305
6782	8.2091
6783	7.9143
6784	8.0035
6785	7.694
6786	7.7973
6787	7.4736
6788	7.5868
6789	7.2551
6790	7.3841
6791	7.0335
6792	7.1818
6793	6.817
6794	6.9786
6795	6.5999
6796	6.783
6797	6.3856
6798	6.5868
6799	6.1786
6800	6.3963
6801	5.9734
6802	6.2066
6803	5.779
6804	6.0222
6805	5.5923
6806	5.8509
6807	5.414
6808	5.6859
6809	5.255
6810	5.5372
6811	5.1098
6812	5.4131
6813	4.9846
6814	5.3075
6815	4.8847
6816	5.2209
6817	4.8078
6818	5.1393
6819	4.7628
6820	5.0869
6821	4.7476
6822	5.0691
6823	4.7661
6824	5.0659
6825	4.8225
6826	5.1033
6827	4.913
6828	5.1776
6829	5.0414
6830	5.2722
6831	5.2038
6832	5.4064
6833	5.3992
6834	5.5719
6835	5.6292
6836	5.7561
6837	5.8862
6838	5.9771
6839	6.1713
6840	6.2307
6841	6.4838
6842	6.514
6843	6.8171
6844	6.816
6845	7.171
6846	7.1207
6847	7.5442
6848	7.4511
6849	7.9351
6850	7.8048
6851	8.3421
6852	8.1773
6853	8.7633
6854	8.5656
6855	9.198
6856	8.9681
6857	9.6454
6858	9.3835
6859	10.105
6860	9.812
6861	10.578
6862	10.254
6863	11.063
6864	10.708
6865	11.561
6866	11.173
6867	12.076
6868	11.649
6869	12.61
6870	12.142
6871	13.165
6872	12.665
6873	13.751
6874	13.222
6875	14.375
6876	13.818
6877	15.051
6878	14.466
6879	15.803
6880	15.184
6881	16.67
6882	15.995
6883	17.72
6884	16.932
6885	19.072
6886	18.06
6887	20.966
6888	19.495
6889	24.019
6890	21.441
6891	30.943
6892	24.167
6893	26.83
6894	15.32
6895	15.161
6896	15.025
6897	15.431
6898	15.141
6899	15.452
6900	15.165
6901	15.448
6902	15.135
6903	15.411
6904	15.101
6905	15.34
6906	15.034
6907	15.266
6908	14.985
6909	15.149
6910	14.923
6911	15.022
6912	14.798
6913	14.876
6914	14.653
6915	14.688
6916	14.481
6917	14.487
6918	14.306
6919	14.298
6920	14.101
6921	14.113
6922	13.91
6923	13.893
6924	13.701
6925	13.644
6926	13.462
6927	13.38
6928	13.226
6929	13.103
6930	12.965
6931	12.815
6932	12.685
6933	12.508
6934	12.416
6935	12.187
6936	12.1
6937	11.859
6938	11.795
6939	11.533
6940	11.482
6941	11.221
6942	11.171
6943	10.934
6944	10.872
6945	10.67
6946	10.619
6947	10.389
6948	6.2194
6949	11.942
6950	8.4671
6951	14.997
6952	14.9
6953	14.909
6954	14.78
6955	14.954
6956	14.761
6957	14.963
6958	14.809
6959	14.936
6960	14.768
6961	14.977
6962	14.781
6963	14.936
6964	14.798
6965	14.874
6966	14.7
6967	14.883
6968	14.673
6969	14.774
6970	14.647
6971	14.676
6972	14.501
6973	14.674
6974	14.471
6975	14.511
6976	14.412
6977	14.4
6978	14.242
6979	14.366
6980	14.224
6981	14.14
6982	14.082
6983	14.018
6984	13.854
6985	13.844
6986	13.795
6987	13.606
6988	13.509
6989	13.579
6990	13.405
6991	13.346
6992	13.332
6993	13.133
6994	13.032
6995	13.078
6996	12.969
6997	12.762
6998	12.799
6999	12.551
7000	12.462
7001	12.461
7002	12.38
7003	12.112
7004	12.15
7005	11.902
7006	11.824
7007	11.789
7008	11.726
7009	11.408
7010	11.479
7011	11.283
7012	11.142
7013	11.141
7014	11.15
7015	10.699
7016	10.747
7017	10.5
7018	10.447
7019	10.207
7020	10.303
7021	9.7905
7022	9.8853
7023	9.6948
7024	9.5969
7025	9.4685
7026	9.545
7027	9.2702
7028	9.2285
7029	9.1102
7030	9.1267
7031	8.5907
7032	8.7766
7033	8.5928
7034	8.4588
7035	8.5319
7036	8.5805
7037	8.1767
7038	8.1208
7039	8.0612
7040	8.0296
7041	7.8679
7042	7.8513
7043	7.401
7044	7.5672
7045	7.4074
7046	7.0556
7047	6.9844
7048	7.3113
7049	6.3677
7050	6.4512
7051	6.8746
7052	6.3565
7053	6.1074
7054	6.5816
7055	5.4692
7056	5.4258
7057	5.7361
7058	5.4462
7059	4.5693
7060	5.2377
7061	4.7584
7062	4.2732
7063	6.3026
7064	5.4032
7065	5.6516
7066	5.7555
7067	4.865
7068	4.7459
7069	4.8753
7070	4.7274
7071	5.2312
7072	4.62
7073	4.8209
7074	4.6929
7075	4.3913
7076	4.2194
7077	5.4398
7078	4.5918
7079	5.7508
7080	5.4785
7081	5.8084
7082	29.503
7083	24.624
7084	23.349
7085	20.94
7086	15.26
7087	27.906
7088	21.35
7089	25.114
7090	17.285
7091	18.098
7092	12.613
7093	12.72
7094	10.085
7095	10.212
7096	7.5969
7097	7.8207
7098	6.6808
7099	5.8118
7100	6.7259
7101	5.5513
7102	4.4091
7103	4.63
7104	5.6111
7105	4.6398
7106	5.6861
7107	5.2015
7108	5.4283
7109	5.0854
7110	5.2063
7111	5.0154
7112	4.8414
7113	4.8177
7114	4.4752
7115	4.4799
7116	4.1299
7117	4.2207
7118	3.7286
7119	3.8937
7120	3.3576
7121	3.5467
7122	3.0224
7123	3.2424
7124	2.6573
7125	2.9159
7126	2.3293
7127	2.6025
7128	2.0413
7129	2.3395
7130	1.7339
7131	2.0645
7132	1.4644
7133	1.7767
7134	1.2343
7135	1.5377
7136	0.98502
7137	1.3627
7138	0.75602
7139	1.0864
7140	0.54292
7141	0.89181
7142	0.30807
7143	0.70938
7144	0.1143
7145	0.50759
7146	0.15418
7147	0.34409
7148	0.34434
7149	0.23232
7150	0.5284
7151	0.24972
7152	0.69418
7153	0.36619
7154	0.86843
7155	0.50552
7156	1.0268
7157	0.6495
7158	1.1603
7159	0.79433
7160	1.3
7161	0.93706
7162	1.4368
7163	1.0604
7164	1.5468
7165	1.1877
7166	1.658
7167	1.2757
7168	1.7693
7169	1.417
7170	1.8537
7171	1.5163
7172	1.9383
7173	1.5881
7174	2.0247
7175	1.6429
7176	2.086
7177	1.7199
7178	2.1479
7179	1.7862
7180	2.2125
7181	1.8447
7182	2.2556
7183	1.8849
7184	2.3073
7185	1.9006
7186	2.3745
7187	1.9751
7188	2.4313
7189	2.0358
7190	2.4899
7191	2.0686
7192	2.553
7193	2.1218
7194	2.6025
7195	2.1883
7196	2.6502
7197	2.2398
7198	2.7003
7199	2.3013
7200	2.736
7201	2.3372
7202	2.7686
7203	2.3874
7204	2.8035
7205	2.3844
7206	2.8252
7207	2.435
7208	2.8413
7209	2.4606
7210	2.8618
7211	2.4686
7212	2.8695
7213	2.5013
7214	2.8703
7215	2.5114
7216	2.8765
7217	2.5145
7218	2.8709
7219	2.4897
7220	2.8662
7221	2.4308
7222	2.8758
7223	2.4125
7224	2.8817
7225	2.413
7226	2.8855
7227	2.4257
7228	2.8944
7229	2.437
7230	2.8966
7231	2.4587
7232	2.8941
7233	2.4925
7234	2.8948
7235	2.5086
7236	2.8862
7237	2.503
7238	2.8715
7239	2.4614
7240	2.8612
7241	2.4817
7242	2.8405
7243	2.4817
7244	2.8117
7245	2.4312
7246	2.7875
7247	2.4224
7248	2.7528
7249	2.3977
7250	2.7131
7251	2.3672
7252	2.6871
7253	2.334
7254	2.6628
7255	2.329
7256	2.6345
7257	2.2909
7258	2.6112
7259	2.2772
7260	2.5878
7261	2.2412
7262	2.5541
7263	2.2252
7264	2.5213
7265	2.0879
7266	2.4894
7267	2.1094
7268	2.4456
7269	2.0964
7270	2.4002
7271	2.0696
7272	2.3537
7273	2.0407
7274	2.2934
7275	2.0163
7276	2.2303
7277	1.9422
7278	2.1679
7279	1.8504
7280	2.1019
7281	1.7807
7282	2.0457
7283	1.7283
7284	1.9959
7285	1.6974
7286	1.9404
7287	1.649
7288	1.8846
7289	1.5774
7290	1.8282
7291	1.5321
7292	1.7631
7293	1.4824
7294	1.6953
7295	1.4371
7296	1.6243
7297	1.4011
7298	1.5401
7299	1.3336
7300	1.4513
7301	1.2128
7302	1.3582
7303	1.1388
7304	1.2507
7305	1.0363
7306	1.1401
7307	0.93019
7308	1.0381
7309	0.82337
7310	0.93959
7311	0.71485
7312	0.84789
7313	0.61489
7314	0.80568
7315	0.53013
7316	1.0077
7317	0.5328
7318	0.73262
7319	9.1095
7320	9.4068
7321	9.5906
7322	9.3398
7323	13.843
7324	13.851
7325	13.828
7326	13.872
7327	9.7267
7328	9.6945
7329	9.7841
7330	9.5918
7331	9.6006
7332	9.6673
7333	9.8827
7334	9.8045
7335	10.283
7336	10.396
7337	10.492
7338	10.44
7339	10.222
7340	9.2374
7341	9.3381
7342	9.2134
7343	9.0994
7344	9.5515
7345	9.4036
7346	9.4803
7347	9.265
7348	10.501
7349	9.8546
7350	10.118
7351	10.262
7352	9.7881
7353	9.7171
7354	9.5942
7355	10.823
7356	10.985
7357	11.108
7358	11.446
7359	11.005
7360	11.376
7361	11.103
7362	10.792
7363	10.883
7364	11.17
7365	10.781
7366	11.257
7367	10.628
7368	9.0972
7369	9.2268
7370	9.1933
7371	9.202
7372	9.2335
7373	9.427
7374	9.3311
7375	8.8669
7376	8.7135
7377	8.6542
7378	9.0799
7379	8.7412
7380	8.5852
7381	8.6628
7382	8.4402
7383	9.1052
7384	8.8106
7385	8.202
7386	8.9261
7387	8.3356
7388	10.586
7389	10.41
7390	10.325
7391	10.663
7392	11.393
7393	11.453
7394	11.084
7395	11.176
7396	11.66
7397	11.309
7398	11.675
7399	11.564
7400	11.96
7401	11.921
7402	12.037
7403	10.779
7404	10.851
7405	10.497
7406	11.06
7407	10.697
7408	10.979
7409	10.499
7410	10.157
7411	10.274
7412	9.4522
7413	9.5663
7414	9.5312
7415	9.3769
7416	9.3055
7417	9.3809
7418	9.2837
7419	9.2326
7420	9.1336
7421	9.1964
7422	9.157
7423	9.0974
7424	9.1754
7425	9.1633
7426	9.159
7427	8.6552
7428	8.8715
7429	8.9064
7430	9.0913
7431	9.3512
7432	9.0056
7433	9.7182
7434	9.2341
7435	9.751
7436	8.7102
7437	9.6533
7438	9.6907
7439	9.395
7440	9.2711
7441	9.9485
7442	9.9276
7443	8.9573
7444	8.864
7445	9.0521
7446	9.0737
7447	9.385
7448	9.2353
7449	8.854
7450	8.6999
7451	8.9354
7452	9.9249
7453	9.2952
7454	9.5762
7455	9.6843
7456	10.316
7457	9.644
7458	10.017
7459	9.9411
7460	10.695
7461	9.9917
7462	10.545
7463	10.266
7464	9.629
7465	9.7995
7466	9.7055
7467	9.4786
7468	9.5372
7469	9.5367
7470	12.666
7471	12.453
7472	12.78
7473	12.539
7474	12.549
7475	12.785
7476	12.907
7477	11.852
7478	11.668
7479	11.678
7480	11.538
7481	9.488
7482	9.5258
7483	9.3943
7484	9.5522
7485	9.6435
7486	9.3434
7487	9.387
7488	9.466
7489	9.2733
7490	9.2329
7491	10.101
7492	10.311
7493	10.17
7494	9.9413
7495	10.041
7496	9.7318
7497	8.5242
7498	9.119
7499	10.357
7500	10.312
7501	10.777
7502	9.7302
7503	9.4005
7504	9.5978
7505	9.142
7506	9.0854
7507	9.1831
7508	9.2
7509	8.3683
7510	8.2197
7511	8.0183
7512	8.5685
7513	7.1686
7514	7.6642
7515	7.1345
7516	7.7704
7517	8.9325
7518	9.0194
7519	9.0618
7520	8.1821
7521	8.4812
7522	10.007
7523	9.886
7524	11.135
7525	11.188
7526	10.931
7527	6.7265
7528	7.1441
7529	6.5168
7530	12.195
7531	12.329
7532	12.401
7533	10.238
7534	10.072
7535	9.991
7536	9.236
7537	9.2216
7538	9.5642
7539	9.4142
7540	9.0978
7541	9.332
7542	8.7827
7543	8.7248
7544	9.0518
7545	8.9373
7546	11.12
7547	10.998
7548	10.813
7549	10.757
7550	11.643
7551	11.425
7552	11.703
7553	11.385
7554	11.878
7555	12.29
7556	11.505
7557	11.853
7558	8.6349
7559	8.542
7560	8.8042
7561	9.1328
7562	8.988
7563	9.0383
7564	9.5151
7565	9.2673
7566	9.3253
7567	9.6627
7568	11.773
7569	12.05
7570	11.642
7571	12.251
7572	11.48
7573	11.877
7574	11.556
7575	11.475
7576	11.17
7577	11.638
7578	11.008
7579	11.369
7580	11.392
7581	10.95
7582	10.619
7583	10.909
7584	10.528
7585	10.237
7586	11.002
7587	10.701
7588	10.33
7589	10.504
7590	10.16
7591	10.751
7592	10.693
7593	10.457
7594	10.085
7595	9.2364
7596	9.304
7597	9.2608
7598	8.9848
7599	9.1216
7600	9.2062
7601	8.3312
7602	8.4913
7603	8.7011
7604	8.4217
7605	8.2954
7606	8.1206
7607	8.3926
7608	8.1692
7609	7.831
7610	8.0055
7611	8.69
7612	8.7936
7613	8.8759
7614	10.491
7615	10.609
7616	10.696
7617	10.384
7618	10.577
7619	10.296
7620	10.84
7621	10.753
7622	11.409
7623	11.342
7624	11.804
7625	11.741
7626	11.539
7627	13.026
7628	12.929
7629	12.641
7630	12.772
7631	12.594
7632	12.281
7633	12.481
7634	11.997
7635	12.027
7636	11.842
7637	11.606
7638	11.483
7639	11.224
7640	11.121
7641	11.447
7642	11.199
7643	11.007
7644	10.91
7645	10.721
7646	10.807
7647	10.418
7648	10.151
7649	10.325
7650	10.615
7651	9.9345
7652	9.6801
7653	10.052
7654	9.8601
7655	9.8113
7656	9.5618
7657	9.5129
7658	9.4049
7659	9.6967
7660	9.3277
7661	9.2354
7662	9.3051
7663	9.4218
7664	9.7054
7665	9.2017
7666	9.4086
7667	9.2887
7668	9.1705
7669	9.0649
7670	9.1269
7671	9.1552
7672	9.1868
7673	9.8516
7674	9.9524
7675	9.7175
7676	10.134
7677	9.6863
7678	10.016
7679	10.389
7680	10.895
7681	9.6843
7682	10.62
7683	10.166
7684	9.9824
7685	10.008
7686	9.2965
7687	9.4274
7688	9.3174
7689	9.2818
7690	8.7753
7691	8.557
7692	9.0161
7693	8.5747
7694	8.468
7695	8.8109
7696	8.4014
7697	8.2779
7698	8.7345
7699	8.4351
7700	8.7482
7701	8.9891
7702	8.4756
7703	8.9865
7704	9.007
7705	8.6932
7706	9.3917
7707	9.0942
7708	8.6213
7709	8.9349
7710	9.5581
7711	9.1928
7712	9.7638
7713	9.2735
7714	9.8451
7715	9.5668
7716	10.47
7717	10.261
7718	10.538
7719	10.788
7720	11.188
7721	10.643
7722	13.413
7723	13.302
7724	13.224
7725	13.295
7726	13.055
7727	13.134
7728	12.902
7729	12.956
7730	13.003
7731	13.211
7732	13.149
7733	12.595
7734	12.538
7735	12.795
7736	12.726
7737	12.66
7738	12.401
7739	12.448
7740	11.903
7741	11.866
7742	11.611
7743	9.8843
7744	10.077
7745	10.13
7746	9.8146
7747	8.895
7748	9.1229
7749	8.9419
7750	9.1835
7751	8.6605
7752	8.8407
7753	8.593
7754	5.8852
7755	6.1556
7756	6.0313
7757	6.2618
7758	5.4631
7759	4.9959
7760	5.2096
7761	5.3336
7762	5.6482
7763	5.7579
7764	4.7378
7765	4.7043
7766	4.9003
7767	4.4716
7768	3.3383
7769	3.6418
7770	3.9127
7771	3.6635
7772	2.7643
7773	2.548
7774	2.4866
7775	2.2
7776	3.0978
7777	3.0321
7778	0.88325
7779	0.62333
7780	1.4055
7781	1.1158
7782	0.8635
7783	1.1891
7784	1.1074
7785	2.3349
7786	3.0226
7787	1.743
7788	2.0597
7789	6.8123
7790	7.5163
7791	7.4828
7792	6.7817
7793	13.141
7794	13.386
7795	13.287
7796	11.158
7797	11.523
7798	11.355
7799	10.471
7800	10.376
7801	10.509
7802	12.305
7803	11.984
7804	12.272
7805	4.492
7806	4.9657
7807	4.7502
7808	9.0743
7809	8.9409
7810	8.9273
7811	13.013
7812	13.285
7813	12.136
7814	12.239
7815	11.826
7816	11.678
7817	11.517
7818	10.802
7819	10.493
7820	10.787
7821	10.342
7822	10.295
7823	13.215
7824	13.108
7825	13.295
7826	13.024
7827	11.157
7828	11.238
7829	10.924
7830	7.7574
7831	8.0362
7832	7.855
7833	8.1189
7834	8.7116
7835	8.4872
7836	8.4142
7837	10.859
7838	10.604
7839	10.549
7840	9.7073
7841	9.9448
7842	9.6376
7843	11.845
7844	11.829
7845	11.611
7846	11.599
7847	11.127
7848	10.894
7849	9.1682
7850	9.1777
7851	9.2263
7852	8.4125
7853	8.3376
7854	7.4717
7855	7.2621
7856	7.1525
7857	7.3637
7858	9.5152
7859	9.6871
7860	9.7177
7861	9.6453
7862	9.8268
7863	10.046
7864	9.9383
7865	5.8458
7866	5.2912
7867	5.0514
7868	5.0638
7869	5.4918
7870	5.8463
7871	7.6528
7872	7.8504
7873	7.4657
7874	9.0859
7875	8.9401
7876	8.962
7877	8.8944
7878	9.2761
7879	9.1598
7880	10.233
7881	10.169
7882	10.087
7883	12.651
7884	12.646
7885	12.376
7886	9.5012
7887	9.4433
7888	9.3581
7889	9.3739
7890	9.9387
7891	9.6337
7892	9.7554
7893	11.805
7894	12.043
7895	11.968
7896	5.5845
7897	5.7203
7898	7.0534
7899	6.9635
7900	2.4922
7901	3.2847
7902	1.7895
7903	1.9826
7904	2.5714
7905	3.4158
7906	0.74151
7907	1.2207
7908	1.2624
7909	0.78872
7910	0.46043
7911	2.9379
7912	3.2984
7913	3.4573
7914	2.8709
7915	2.4064
7916	4.2793
7917	4.2059
7918	3.982
7919	5.406
7920	5.6112
7921	5.8041
7922	5.1885
7923	7.5732
7924	7.7
7925	7.7925
7926	12.324
7927	12.355
7928	12.495
7929	12.844
7930	12.864
7931	12.975
7932	12.67
7933	13.024
7934	12.57
7935	12.214
7936	12.545
7937	12.783
7938	12.363
7939	12.681
7940	12.982
7941	13.056
7942	12.635
7943	12.19
7944	12.275
7945	11.87
7946	12.321
7947	12.055
7948	12.098
7949	11.668
7950	11.191
7951	11.581
7952	11.299
7953	11.103
7954	11.38
7955	11.014
7956	11.453
7957	10.803
7958	11.063
7959	10.871
7960	10.717
7961	10.315
7962	10.603
7963	10.136
7964	10.443
7965	10.467
7966	10.023
7967	10.174
7968	9.0761
7969	9.1641
7970	9.1955
7971	8.8296
7972	8.6159
7973	8.9504
7974	8.7643
7975	8.7119
7976	8.0717
7977	7.9613
7978	8.2113
7979	7.7871
7980	7.9146
7981	8.2724
7982	7.673
7983	7.9526
7984	6.4648
7985	6.8993
7986	6.2797
7987	7.2748
7988	7.4203
7989	8.3878
7990	8.1414
7991	8.2783
7992	8.5012
7993	8.4997
7994	8.3935
7995	8.6183
7996	8.2737
7997	8.5975
7998	10.58
7999	10.751
8000	10.674
8001	10.633
8002	10.93
8003	11.
8004	10.783
8005	11.174
8006	11.082
8007	11.465
8008	11.503
8009	11.252
8010	11.741
8011	11.699
8012	12.15
8013	11.898
8014	12.075
8015	13.077
8016	13.202
8017	13.196
8018	12.734
8019	12.9
8020	12.463
8021	8.6303
8022	7.1596
8023	7.0631
8024	8.5617
8025	13.156
8026	12.845
8027	11.947
8028	11.273
8029	11.376
8030	11.358
8031	11.07
8032	11.385
8033	11.146
8034	11.269
8035	10.815
8036	10.766
8037	10.997
8038	10.528
8039	10.586
8040	10.63
8041	10.247
8042	10.173
8043	10.45
8044	10.531
8045	10.062
8046	9.8068
8047	9.9061
8048	9.9714
8049	9.5549
8050	9.3219
8051	9.2964
8052	9.5126
8053	9.4606
8054	9.7309
8055	9.2617
8056	9.116
8057	9.1832
8058	9.1968
8059	8.9992
8060	9.1079
8061	9.1071
8062	9.0049
8063	8.8964
8064	8.9825
8065	8.9087
8066	9.0954
8067	9.0289
8068	9.0861
8069	9.1301
8070	9.1484
8071	9.6684
8072	9.8493
8073	9.8416
8074	9.6394
8075	9.6237
8076	9.4953
8077	10.041
8078	10.253
8079	10.284
8080	10.055
8081	9.7898
8082	10.535
8083	10.522
8084	11.09
8085	11.435
8086	10.963
8087	10.622
8088	11.204
8089	11.62
8090	10.588
8091	8.5729
8092	10.411
8093	10.059
8094	5.6543
8095	5.558
8096	7.3188
8097	7.1089
8098	9.8775
8099	10.339
8100	8.6185
8101	8.4805
8102	11.09
8103	11.315
8104	9.5086
8105	11.656
8106	11.367
8107	11.908
8108	12.051
8109	12.325
8110	11.142
8111	11.27
8112	11.585
8113	10.258
8114	10.218
8115	10.078
8116	10.544
8117	10.255
8118	9.3728
8119	9.1407
8120	9.1595
8121	8.2546
8122	7.9978
8123	8.1703
8124	7.8376
8125	7.8729
8126	8.1731
8127	7.8288
8128	8.1566
8129	7.906
8130	8.3122
8131	7.9787
8132	8.4077
8133	7.938
8134	8.2741
8135	8.9551
8136	9.0615
8137	8.7705
8138	8.9181
8139	8.6474
8140	8.624
8141	8.8735
8142	9.2109
8143	8.9116
8144	9.3723
8145	9.2399
8146	9.4956
8147	9.6786
8148	9.0789
8149	9.5281
8150	11.96
8151	11.579
8152	12.088
8153	12.39
8154	12.083
8155	12.338
8156	11.669
8157	13.538
8158	13.631
8159	13.627
8160	13.704
8161	13.655
8162	13.656
8163	13.512
8164	13.488
8165	13.304
8166	13.395
8167	13.462
8168	13.377
8169	12.998
8170	12.869
8171	13.08
8172	13.196
8173	12.918
8174	12.951
8175	12.73
8176	10.344
8177	10.235
8178	10.321
8179	10.01
8180	9.0717
8181	9.3189
8182	9.3672
8183	9.0377
8184	8.7696
8185	7.674
8186	7.4953
8187	7.4089
8188	6.0366
8189	6.3386
8190	6.4086
8191	5.6368
8192	5.2447
8193	5.5372
8194	5.947
8195	4.8664
8196	4.7426
8197	4.4432
8198	5.1472
8199	3.3663
8200	3.7805
8201	3.9437
8202	2.7979
8203	2.6846
8204	2.2695
8205	3.2107
8206	2.3759
8207	1.6451
8208	2.153
8209	3.9786
8210	4.7595
8211	3.4891
8212	7.262
8213	7.0022
8214	7.0884
8215	7.4265
8216	7.21
8217	6.8299
8218	6.8059
8219	7.4773
8220	7.0251
8221	7.7283
8222	6.4086
8223	6.3045
8224	5.7835
8225	5.2754
8226	5.5839
8227	5.5775
8228	8.7772
8229	9.0125
8230	11.135
8231	11.361
8232	9.4692
8233	9.3983
8234	9.3781
8235	9.3401
8236	8.0476
8237	11.594
8238	11.68
8239	11.376
8240	11.453
8241	0.8319
8242	1.019
8243	0.61647
8244	0.78545
8245	1.1282
8246	1.53
8247	1.3209
8248	1.2939
8249	9.1779
8250	9.4723
8251	9.263
8252	9.3984
8253	10.343
8254	10.423
8255	10.646
8256	13.779
8257	13.725
8258	13.792
8259	13.744
8260	13.848
8261	13.859
8262	13.896
8263	13.979
8264	13.951
8265	13.588
8266	13.82
8267	13.425
8268	13.263
8269	12.345
8270	12.555
8271	11.91
8272	13.123
8273	11.271
8274	11.108
8275	11.484
8276	10.919
8277	9.8819
8278	6.347
8279	6.7209
8280	6.3454
8281	7.6966
8282	8.0225
8283	8.7904
8284	8.8457
8285	9.3399
8286	9.4442
8287	9.0405
8288	8.9053
8289	8.8755
8290	10.425
8291	10.366
8292	9.8512
8293	9.9537
8294	9.7695
8295	9.8701
8296	12.93
8297	13.
8298	13.109
8299	13.069
8300	12.881
8301	12.824
8302	13.64
8303	13.527
8304	13.795
8305	6.86
8306	8.6494
8307	6.9715
8308	5.8115
8309	4.3573
8310	4.8823
8311	15.577
8312	15.497
8313	15.465
8314	15.408
8315	15.673
8316	15.666
8317	15.749
8318	15.583
8319	15.604
8320	15.52
8321	15.437
8322	15.515
8323	15.676
8324	15.603
8325	15.572
8326	15.511
8327	15.844
8328	15.769
8329	15.939
8330	15.855
8331	9.4667
8332	9.489
8333	9.3649
8334	8.251
8335	8.1504
8336	8.4608
8337	7.7993
8338	8.1644
8339	8.484
8340	8.1867
8341	7.5963
8342	7.2574
8343	7.5777
8344	7.93
8345	13.834
8346	13.885
8347	11.913
8348	11.731
8349	3.64
8350	4.0987
8351	4.1387
8352	4.2305
8353	5.2995
8354	3.5889
8355	3.5402
8356	3.1003
8357	3.3592
8358	0.7252
8359	0.59406
8360	0.57527
8361	0.59154
8362	0.48776
8363	0.38555
8364	0.49715
8365	0.38893
8366	4.7039
8367	4.4872
8368	4.8923
8369	5.0863
8370	4.3627
8371	4.4678
8372	8.6792
8373	8.3296
8374	8.58
8375	8.6977
8376	8.4092
8377	1.3233
8378	1.2331
8379	1.0796
8380	1.4801
8381	1.3151
8382	1.5529
8383	1.1666
8384	1.1127
8385	0.97848
8386	0.85142
8387	1.2405
8388	0.97044
8389	1.3806
8390	0.83895
8391	0.73522
8392	0.55315
8393	0.98126
8394	1.1099
8395	0.71372
8396	0.61686
8397	0.60315
8398	0.4604
8399	0.81807
8400	0.64067
8401	0.46666
8402	0.82413
8403	0.62353
8404	0.48038
8405	0.69084
8406	0.85519
8407	0.80239
8408	0.43154
8409	0.63707
8410	0.71021
8411	0.49731
8412	0.94518
8413	0.92415
8414	0.3964
8415	0.77279
8416	0.51547
8417	0.49776
8418	0.92824
8419	0.68933
8420	0.7031
8421	0.70721
8422	0.47996
8423	0.95168
8424	0.94587
8425	0.4862
8426	0.71334
8427	0.9584
8428	0.72255
8429	1.0643
8430	0.80907
8431	0.78898
8432	0.55983
8433	0.5253
8434	0.98396
8435	0.76398
8436	0.68439
8437	0.81474
8438	1.0697
8439	0.98361
8440	0.60276
8441	0.61264
8442	1.0729
8443	0.8136
8444	0.91055
8445	0.67352
8446	1.1257
8447	0.95812
8448	0.98713
8449	0.74563
8450	1.2055
8451	1.1862
8452	1.0279
8453	1.0599
8454	0.81936
8455	1.3016
8456	0.77829
8457	1.2442
8458	0.83807
8459	1.2997
8460	1.093
8461	1.1657
8462	0.95177
8463	1.3566
8464	1.1447
8465	0.97514
8466	1.3686
8467	1.2064
8468	1.3779
8469	1.0972
8470	1.5519
8471	1.3275
8472	1.4418
8473	1.4142
8474	1.2784
8475	1.6636
8476	1.1983
8477	1.6185
8478	1.6107
8479	1.2878
8480	1.7761
8481	1.4986
8482	2.2546
8483	2.3758
8484	2.5705
8485	2.0643
8486	2.1248
8487	2.4164
8488	1.9219
8489	2.6693
8490	2.4982
8491	2.1972
8492	2.7055
8493	2.362
8494	2.7905
8495	2.5669
8496	3.1127
8497	2.8258
8498	3.134
8499	2.8142
8500	3.3507
8501	3.131
8502	3.4629
8503	3.7101
8504	3.7016
8505	3.9745
8506	3.8981
8507	4.1219
8508	4.0281
8509	4.2095
8510	4.0825
8511	4.0763
8512	4.2094
8513	4.113
8514	2.79
8515	2.8813
8516	2.5027
8517	3.0638
8518	1.8504
8519	2.0052
8520	2.0453
8521	1.7596
8522	1.4386
8523	1.619
8524	1.4238
8525	1.5311
8526	1.3318
8527	1.0138
8528	2.2617
8529	1.762
8530	2.2623
8531	1.7441
8532	2.814
8533	2.7275
8534	2.2983
8535	3.4136
8536	3.2395
8537	3.2634
8538	4.5604
8539	4.9921
8540	4.8242
8541	4.1095
8542	3.9889
8543	3.6578
8544	3.7876
8545	4.412
8546	5.228
8547	5.4078
8548	5.9473
8549	5.7832
8550	5.9643
8551	6.1228
8552	6.8862
8553	7.0669
8554	6.9511
8555	6.7596
8556	7.4775
8557	7.3694
8558	7.671
8559	8.8668
8560	8.7005
8561	8.595
8562	8.5568
8563	8.9871
8564	9.0979
8565	9.7599
8566	10.04
8567	9.8005
8568	9.9928
8569	9.5383
8570	10.147
8571	10.047
8572	10.282
8573	11.145
8574	10.915
8575	10.91
8576	11.228
8577	11.141
8578	11.384
8579	11.362
8580	12.162
8581	12.011
8582	12.181
8583	12.008
8584	12.168
8585	12.313
8586	12.846
8587	12.966
8588	12.873
8589	12.96
8590	12.722
8591	12.608
8592	12.725
8593	12.595
8594	12.743
8595	13.389
8596	13.23
8597	13.304
8598	13.373
8599	13.516
8600	13.635
8601	13.588
8602	13.605
8603	13.446
8604	13.452
8605	13.755
8606	13.866
8607	13.866
8608	13.725
8609	13.663
8610	13.12
8611	13.177
8612	13.089
8613	13.139
8614	13.855
8615	13.808
8616	13.972
8617	13.976
8618	13.868
8619	13.78
8620	13.81
8621	13.94
8622	13.995
8623	13.762
8624	13.699
8625	13.553
8626	13.935
8627	13.66
8628	13.862
8629	14.017
8630	13.667
8631	13.395
8632	13.954
8633	13.481
8634	13.93
8635	12.211
8636	12.792
8637	12.677
8638	12.854
8639	13.21
8640	12.802
8641	13.37
8642	13.045
8643	13.207
8644	13.482
8645	12.626
8646	12.948
8647	13.49
8648	13.51
8649	13.919
8650	13.937
8651	13.389
8652	13.863
8653	13.232
8654	13.516
8655	13.09
8656	13.387
8657	13.67
8658	13.349
8659	13.396
8660	13.029
8661	12.925
8662	13.856
8663	12.556
8664	13.016
8665	12.744
8666	11.992
8667	11.85
8668	12.254
8669	12.413
8670	11.702
8671	12.126
8672	11.737
8673	11.612
8674	12.025
8675	12.103
8676	11.437
8677	11.62
8678	11.815
8679	11.24
8680	10.924
8681	10.761
8682	11.061
8683	11.262
8684	10.759
8685	10.901
8686	10.597
8687	9.9225
8688	10.135
8689	10.11
8690	9.7601
8691	9.9248
8692	9.6069
8693	9.4551
8694	9.5672
8695	9.7472
8696	9.2983
8697	9.3906
8698	9.1254
8699	8.9421
8700	9.0052
8701	9.2007
8702	9.2344
8703	8.7166
8704	8.7946
8705	8.3976
8706	8.5404
8707	8.5167
8708	8.2449
8709	8.0639
8710	7.9399
8711	8.3821
8712	8.1132
8713	8.3858
8714	8.5115
8715	7.8379
8716	7.7379
8717	8.1719
8718	7.6568
8719	7.5295
8720	7.2797
8721	7.5305
8722	7.4535
8723	5.3101
8724	5.4897
8725	5.6789
8726	5.6001
8727	6.1782
8728	6.2481
8729	6.5595
8730	6.3263
8731	6.7308
8732	6.7302
8733	6.4622
8734	6.4815
8735	6.6346
8736	6.9368
8737	7.0522
8738	6.9704
8739	7.3358
8740	7.1184
8741	7.0315
8742	7.7321
8743	7.4343
8744	7.5568
8745	7.864
8746	7.6119
8747	7.8889
8748	8.014
8749	8.1759
8750	8.072
8751	8.3218
8752	8.0368
8753	7.9345
8754	9.1008
8755	9.2275
8756	9.482
8757	9.4047
8758	9.5075
8759	9.5859
8760	9.7539
8761	9.6491
8762	9.5708
8763	9.6709
8764	10.452
8765	10.579
8766	10.56
8767	10.806
8768	10.937
8769	10.984
8770	10.675
8771	10.84
8772	11.077
8773	11.248
8774	11.285
8775	11.126
8776	10.857
8777	11.412
8778	11.571
8779	11.641
8780	11.316
8781	11.455
8782	11.513
8783	11.783
8784	12.094
8785	12.022
8786	11.987
8787	11.81
8788	12.501
8789	12.266
8790	12.407
8791	13.374
8792	13.166
8793	13.272
8794	13.798
8795	13.819
8796	13.529
8797	13.515
8798	13.823
8799	13.869
8800	13.544
8801	14.062
8802	14.085
8803	13.73
8804	13.422
8805	13.582
8806	13.323
8807	13.75
8808	13.427
8809	13.779
8810	13.508
8811	13.934
8812	13.708
8813	14.123
8814	14.014
8815	14.31
8816	14.697
8817	14.608
8818	14.419
8819	14.925
8820	15.297
8821	15.062
8822	15.009
8823	15.443
8824	15.272
8825	15.613
8826	15.411
8827	15.26
8828	15.61
8829	15.36
8830	15.746
8831	15.866
8832	15.766
8833	15.55
8834	15.788
8835	15.829
8836	15.652
8837	15.953
8838	15.623
8839	15.945
8840	15.826
8841	15.989
8842	15.733
8843	15.91
8844	16.029
8845	15.867
8846	15.752
8847	15.93
8848	16.062
8849	15.789
8850	16.031
8851	16.132
8852	15.987
8853	15.886
8854	16.087
8855	16.133
8856	16.007
8857	16.23
8858	16.176
8859	15.934
8860	16.157
8861	16.039
8862	16.255
8863	16.169
8864	16.172
8865	16.271
8866	16.067
8867	16.057
8868	16.284
8869	16.076
8870	16.27
8871	16.179
8872	16.117
8873	16.046
8874	16.224
8875	16.141
8876	16.196
8877	16.012
8878	16.075
8879	16.027
8880	16.004
8881	15.911
8882	16.108
8883	16.023
8884	15.918
8885	16.1
8886	16.014
8887	15.921
8888	15.956
8889	16.127
8890	16.024
8891	16.01
8892	16.101
8893	15.93
8894	16.129
8895	16.03
8896	15.944
8897	15.996
8898	15.905
8899	16.067
8900	15.965
8901	15.92
8902	16.086
8903	16.106
8904	16.101
8905	16.19
8906	16.032
8907	16.127
8908	16.187
8909	16.023
8910	15.886
8911	15.817
8912	15.973
8913	15.903
8914	15.794
8915	15.955
8916	15.864
8917	15.762
8918	15.915
8919	15.796
8920	15.844
8921	15.718
8922	15.795
8923	15.876
8924	15.803
8925	15.795
8926	15.896
8927	15.835
8928	15.779
8929	15.771
8930	15.851
8931	15.713
8932	15.779
8933	15.698
8934	15.855
8935	15.777
8936	15.696
8937	15.868
8938	15.709
8939	15.638
8940	15.795
8941	15.723
8942	15.627
8943	15.657
8944	15.778
8945	15.662
8946	15.771
8947	15.806
8948	15.732
8949	15.603
8950	15.762
8951	15.686
8952	15.684
8953	15.684
8954	15.677
8955	15.598
8956	15.762
8957	15.775
8958	15.683
8959	15.673
8960	15.677
8961	15.753
8962	15.592
8963	15.586
8964	15.755
8965	15.599
8966	15.761
8967	15.75
8968	15.584
8969	15.676
8970	15.663
8971	15.589
8972	15.756
8973	15.675
8974	15.579
8975	15.745
8976	15.667
8977	15.596
8978	15.759
8979	15.682
8980	15.684
8981	15.696
8982	15.609
8983	15.776
8984	15.691
8985	15.613
8986	15.788
8987	15.695
8988	15.526
8989	15.443
8990	15.522
8991	15.612
8992	15.661
8993	15.577
8994	15.755
8995	15.676
8996	15.661
8997	15.546
8998	15.747
8999	15.66
9000	15.615
9001	15.578
9002	15.735
9003	15.763
9004	15.449
9005	15.658
9006	15.542
9007	15.552
9008	4.9332
9009	4.6058
9010	5.8816
9011	5.7101
9012	6.8381
9013	5.2829
9014	5.4019
9015	15.456
9016	15.651
9017	15.544
9018	15.559
9019	15.448
9020	15.649
9021	15.551
9022	15.555
9023	15.567
9024	15.541
9025	15.474
9026	15.679
9027	15.455
9028	15.662
9029	15.564
9030	15.414
9031	15.466
9032	15.41
9033	15.504
9034	15.365
9035	15.336
9036	15.526
9037	15.527
9038	15.442
9039	15.441
9040	15.606
9041	15.526
9042	15.522
9043	15.441
9044	15.606
9045	15.445
9046	15.526
9047	15.522
9048	15.448
9049	15.612
9050	15.439
9051	15.51
9052	15.506
9053	15.427
9054	15.426
9055	15.594
9056	15.421
9057	15.51
9058	15.509
9059	15.423
9060	15.506
9061	15.435
9062	15.511
9063	15.515
9064	15.436
9065	15.529
9066	15.445
9067	15.528
9068	15.448
9069	15.609
9070	15.526
9071	15.459
9072	15.546
9073	15.535
9074	15.619
9075	15.486
9076	15.65
9077	15.562
9078	15.573
9079	15.509
9080	15.601
9081	15.581
9082	15.557
9083	15.476
9084	15.584
9085	15.561
9086	15.482
9087	15.645
9088	15.575
9089	15.477
9090	15.616
9091	15.531
9092	15.618
9093	15.537
9094	15.559
9095	15.604
9096	15.501
9097	15.615
9098	15.477
9099	15.608
9100	15.642
9101	15.562
9102	15.642
9103	15.556
9104	15.725
9105	15.685
9106	15.802
9107	15.873
9108	15.717
9109	15.71
9110	15.783
9111	15.88
9112	15.692
9113	15.705
9114	15.607
9115	15.772
9116	15.613
9117	15.722
9118	15.728
9119	15.661
9120	15.751
9121	15.637
9122	15.832
9123	15.753
9124	15.842
9125	15.743
9126	15.811
9127	15.844
9128	15.781
9129	15.857
9130	15.757
9131	15.839
9132	15.9
9133	16.097
9134	16.007
9135	15.868
9136	15.944
9137	15.962
9138	15.895
9139	15.976
9140	15.982
9141	15.945
9142	15.92
9143	15.837
9144	15.855
9145	15.961
9146	15.81
9147	15.862
9148	15.956
9149	15.841
9150	16.086
9151	15.963
9152	15.941
9153	15.797
9154	16.064
9155	15.824
9156	16.081
9157	15.935
9158	15.708
9159	15.658
9160	15.822
9161	15.501
9162	15.391
9163	15.42
9164	15.569
9165	15.353
9166	15.441
9167	14.973
9168	15.206
9169	15.098
9170	15.342
9171	14.691
9172	14.643
9173	14.912
9174	14.491
9175	14.325
9176	14.21
9177	14.274
9178	14.55
9179	14.472
9180	14.757
9181	14.196
9182	14.47
9183	14.093
9184	13.947
9185	14.028
9186	13.457
9187	13.268
9188	13.183
9189	13.385
9190	13.652
9191	13.086
9192	12.804
9193	13.168
9194	12.875
9195	12.994
9196	12.058
9197	12.128
9198	12.337
9199	11.803
9200	11.558
9201	11.641
9202	11.87
9203	11.261
9204	11.051
9205	11.098
9206	11.398
9207	11.243
9208	10.806
9209	10.985
9210	10.857
9211	10.547
9212	10.703
9213	10.498
9214	10.41
9215	10.208
9216	10.28
9217	10.339
9218	9.8492
9219	10.106
9220	9.9047
9221	9.4668
9222	9.5123
9223	9.584
9224	9.721
9225	9.342
9226	9.2475
9227	9.4658
9228	9.228
9229	9.0563
9230	9.0181
9231	9.1405
9232	9.0428
9233	8.9596
9234	8.8172
9235	9.0259
9236	8.9114
9237	8.909
9238	8.8482
9239	8.721
9240	8.7848
9241	8.675
9242	8.9574
9243	8.821
9244	8.801
9245	8.8852
9246	8.733
9247	8.67
9248	8.6734
9249	8.8071
9250	9.0036
9251	8.9752
9252	9.1012
9253	8.8846
9254	9.0439
9255	9.3887
9256	9.5763
9257	9.4673
9258	9.2862
9259	9.2141
9260	9.2954
9261	9.8117
9262	10.064
9263	10.057
9264	9.9494
9265	9.693
9266	10.316
9267	10.586
9268	10.574
9269	10.297
9270	10.879
9271	10.874
9272	12.197
9273	12.001
9274	11.697
9275	11.85
9276	12.519
9277	12.311
9278	13.035
9279	12.32
9280	13.328
9281	12.522
9282	11.579
9283	11.776
9284	13.191
9285	11.433
9286	10.494
9287	8.6712
9288	10.816
9289	12.519
9290	12.784
9291	7.0939
9292	6.5482
9293	7.417
9294	5.6225
9295	8.9291
9296	7.5266
9297	9.7059
9298	9.1833
9299	7.8979
9300	11.793
9301	12.576
9302	10.668
9303	12.837
9304	13.181
9305	13.881
9306	14.045
9307	13.258
9308	12.637
9309	12.18
9310	12.739
9311	13.275
9312	11.759
9313	11.301
9314	11.656
9315	11.848
9316	12.266
9317	10.876
9318	11.183
9319	10.535
9320	10.223
9321	10.415
9322	10.805
9323	9.9215
9324	9.6144
9325	9.6532
9326	9.7774
9327	10.091
9328	9.375
9329	9.3606
9330	8.8932
9331	9.1456
9332	8.9186
9333	7.9769
9334	7.9182
9335	7.3984
9336	7.3566
9337	7.7163
9338	7.6463
9339	7.4323
9340	7.3076
9341	7.5585
9342	7.4991
9343	7.1431
9344	7.2705
9345	7.1568
9346	7.4623
9347	7.8294
9348	7.6104
9349	7.3398
9350	7.303
9351	7.717
9352	7.2359
9353	8.0946
9354	7.756
9355	8.3576
9356	7.994
9357	8.168
9358	7.9204
9359	8.2681
9360	8.4984
9361	7.8599
9362	8.4445
9363	8.4802
9364	8.6385
9365	8.3713
9366	8.1807
9367	8.3693
9368	8.8003
9369	8.5439
9370	8.9676
9371	9.1232
9372	8.9008
9373	8.7055
9374	9.247
9375	9.1856
9376	9.3353
9377	9.444
9378	9.0592
9379	9.3623
9380	10.481
9381	10.082
9382	10.204
9383	10.319
9384	10.575
9385	10.965
9386	11.539
9387	11.824
9388	11.466
9389	11.19
9390	11.326
9391	11.789
9392	12.156
9393	13.26
9394	13.046
9395	13.123
9396	12.661
9397	13.045
9398	12.754
9399	12.937
9400	13.38
9401	13.503
9402	13.343
9403	13.201
9404	13.645
9405	13.796
9406	13.728
9407	13.679
9408	13.552
9409	13.491
9410	13.878
9411	13.785
9412	13.906
9413	13.955
9414	13.747
9415	13.819
9416	13.875
9417	13.793
9418	13.923
9419	13.706
9420	14.066
9421	14.03
9422	13.91
9423	13.929
9424	13.773
9425	13.565
9426	13.485
9427	13.668
9428	13.74
9429	13.638
9430	13.393
9431	13.587
9432	13.489
9433	13.288
9434	13.054
9435	12.888
9436	13.118
9437	13.18
9438	12.824
9439	13.276
9440	13.17
9441	12.676
9442	12.919
9443	12.63
9444	12.728
9445	12.419
9446	12.478
9447	12.154
9448	12.075
9449	12.262
9450	12.382
9451	12.297
9452	11.892
9453	12.201
9454	12.117
9455	11.789
9456	11.564
9457	10.395
9458	10.627
9459	10.612
9460	9.5328
9461	9.2872
9462	9.5664
9463	8.965
9464	8.9925
9465	8.7222
9466	7.6141
9467	7.5551
9468	7.346
9469	7.2875
9470	7.9556
9471	7.8695
9472	5.8539
9473	5.7496
9474	5.4461
9475	4.9439
9476	4.5982
9477	5.0316
9478	3.1085
9479	3.0815
9480	2.6093
9481	3.5726
9482	3.3533
9483	2.5415
9484	3.284
9485	6.0746
9486	6.8958
9487	5.2556
9488	2.4221
9489	3.359
9490	2.0693
9491	4.2314
9492	5.6094
9493	2.1019
9494	2.0738
9495	2.2837
9496	2.8693
9497	1.8878
9498	2.4909
9499	2.8091
9500	3.0488
9501	2.279
9502	2.217
9503	3.8956
9504	4.0254
9505	4.0524
9506	3.9938
9507	3.8712
9508	3.7608
9509	3.9821
9510	3.8758
9511	3.8891
9512	3.986
9513	4.0407
9514	3.5744
9515	3.4462
9516	3.6469
9517	3.503
9518	3.2207
9519	3.629
9520	3.3718
9521	3.7556
9522	2.6289
9523	3.0711
9524	2.9639
9525	2.3
9526	1.9994
9527	1.8354
9528	1.7677
9529	1.4258
9530	1.9046
9531	1.5807
9532	2.0881
9533	1.8949
9534	1.2306
9535	1.1123
9536	1.606
9537	1.4077
9538	1.0477
9539	0.93945
9540	0.82744
9541	0.89491
9542	0.76179
9543	0.9115
9544	0.93717
9545	0.72347
9546	0.90461
9547	0.79524
9548	0.67967
9549	0.82382
9550	0.66744
9551	0.77601
9552	0.6605
9553	0.60815
9554	0.6921
9555	0.63779
9556	0.61241
9557	0.59713
9558	0.59957
9559	0.5945
9560	0.5997
9561	0.55655
9562	0.53831
9563	0.64182
9564	0.53379
9565	0.63675
9566	0.54386
9567	0.61264
9568	0.88188
9569	1.1029
9570	0.62118
9571	0.72996
9572	0.7411
9573	0.53146
9574	1.0333
9575	0.71635
9576	1.0211
9577	1.0024
9578	0.5158
9579	0.69943
9580	0.44546
9581	0.53601
9582	0.55925
9583	0.43544
9584	0.55689
9585	0.49206
9586	0.49442
9587	0.38278
9588	0.38259
9589	0.44335
9590	0.38084
9591	0.38913
9592	0.45994
9593	6.9217
9594	6.826
9595	6.7406
9596	6.7739
9597	6.8821
9598	7.1163
9599	6.7089
9600	6.4592
9601	6.519
9602	6.6714
9603	6.1441
9604	6.0803
9605	6.1466
9606	5.9748
9607	5.8524
9608	6.3223
9609	5.7985
9610	5.2451
9611	5.5968
9612	5.4498
9613	0.63481
9614	0.47867
9615	0.86173
9616	0.43899
9617	0.57244
9618	0.44404
9619	0.59904
9620	0.45887
9621	0.80279
9622	0.61869
9623	0.66033
9624	0.49038
9625	0.83862
9626	0.45426
9627	0.76376
9628	0.6838
9629	0.50871
9630	0.90607
9631	0.50706
9632	0.87176
9633	0.71931
9634	0.82359
9635	0.58331
9636	0.50171
9637	0.60325
9638	1.008
9639	1.5249
9640	1.3369
9641	1.1256
9642	0.65586
9643	0.92709
9644	4.9962
9645	5.1735
9646	5.4877
9647	4.7468
9648	4.6879
9649	5.013
9650	4.6989
9651	5.8138
9652	4.5011
9653	4.9271
9654	5.2646
9655	5.0357
9656	5.4441
9657	5.8039
9658	5.4186
9659	14.058
9660	14.001
9661	13.77
9662	13.722
9663	12.921
9664	3.7469
9665	3.5666
9666	11.411
9667	11.339
9668	8.8286
9669	8.8272
9670	13.869
9671	13.798
9672	10.404
9673	10.145
9674	8.2083
9675	6.589
9676	6.2548
9677	6.6242
9678	6.681
9679	7.7876
9680	0.47201
9681	0.40922
9682	0.42396
9683	4.3599
9684	4.3792
9685	4.6329
9686	0.64428
9687	0.63937
9688	0.65779
9689	0.66062
9690	0.80679
9691	0.49794
9692	0.66306
9693	1.8529
9694	1.3051
9695	1.4875
9696	1.5916
9697	4.1202
9698	3.7954
9699	4.0054
9700	4.3195
9701	4.5402
9702	4.8512
9703	0.44303
9704	0.32974
9705	0.51819
9706	0.40538
9707	0.33901
9708	0.38536
9709	0.37141
9710	0.41487
9711	0.44184
9712	0.42894
9713	0.41229
9714	0.57001
9715	0.55576
9716	0.42591
9717	0.46036
9718	0.46915
9719	0.432
9720	0.49141
9721	0.43698
9722	0.49879
9723	0.44661
9724	0.52961
9725	0.45828
9726	0.59311
9727	0.44965
9728	0.6082
9729	0.57008
9730	6.636
9731	6.6319
9732	6.1724
9733	6.1966
9734	5.8193
9735	6.2466
9736	6.6032
9737	6.6085
9738	6.194
9739	5.9518
9740	6.2835
9741	6.5366
9742	6.3609
9743	6.5476
9744	6.4565
9745	6.5537
9746	6.5686
9747	6.5909
9748	6.6584
9749	6.6526
9750	6.7083
9751	6.7201
9752	0.6696
9753	0.93175
9754	0.89109
9755	0.56425
9756	0.60615
9757	0.86313
9758	0.82135
9759	0.42685
9760	0.55612
9761	0.63592
9762	0.47464
9763	0.66572
9764	0.94551
9765	0.79155
9766	0.66438
9767	0.92773
9768	0.67506
9769	0.95214
9770	0.45962
9771	0.96348
9772	0.69822
9773	0.45683
9774	0.73301
9775	1.0196
9776	0.72523
9777	0.73581
9778	1.0349
9779	0.7479
9780	1.0264
9781	0.49046
9782	0.75468
9783	1.0575
9784	0.51135
9785	0.72671
9786	1.0496
9787	0.50753
9788	0.73072
9789	1.0251
9790	0.49127
9791	1.0735
9792	0.51781
9793	0.75488
9794	0.77301
9795	1.0893
9796	0.77689
9797	0.66375
9798	1.0582
9799	0.86768
9800	0.56728
9801	0.4661
9802	0.55831
9803	0.78146
9804	0.54735
9805	0.81195
9806	0.52629
9807	0.61238
9808	0.91444
9809	1.2321
9810	1.2293
9811	0.67433
9812	0.86093
9813	1.1473
9814	0.86253
9815	1.1087
9816	0.86172
9817	1.1472
9818	0.65444
9819	0.80815
9820	1.1085
9821	0.64049
9822	0.76087
9823	1.0333
9824	1.0078
9825	0.74778
9826	0.69206
9827	0.91885
9828	0.71723
9829	0.66982
9830	0.87926
9831	0.81376
9832	0.65682
9833	0.62261
9834	0.79731
9835	0.66418
9836	0.66224
9837	0.65328
9838	0.65917
9839	0.77979
9840	0.66397
9841	0.75161
9842	0.65324
9843	0.65102
9844	0.70035
9845	0.64955
9846	0.71375
9847	0.65377
9848	0.67054
9849	0.66074
9850	0.75053
9851	0.80042
9852	0.61541
9853	0.71189
9854	0.93832
9855	0.68426
9856	1.0177
9857	0.74774
9858	1.2158
9859	1.1112
9860	0.80702
9861	1.2441
9862	0.92936
9863	1.3521
9864	1.0258
9865	1.1179
9866	1.6626
9867	1.4999
9868	2.1314
9869	1.8272
9870	2.3367
9871	2.0352
9872	2.2847
9873	1.9185
9874	2.5466
9875	2.204
9876	2.5114
9877	2.8822
9878	3.0883
9879	2.8051
9880	2.8319
9881	3.2427
9882	2.9996
9883	3.1581
9884	3.3904
9885	3.8801
9886	3.7376
9887	3.7265
9888	3.9979
9889	3.9182
9890	4.0857
9891	4.0442
9892	4.052
9893	3.8199
9894	4.081
9895	4.0304
9896	3.4829
9897	3.871
9898	3.2645
9899	3.5967
9900	3.0649
9901	2.4394
9902	2.8597
9903	2.5389
9904	3.0406
9905	3.2086
9906	3.833
9907	4.3003
9908	5.35
9909	8.2717
9910	7.9392
9911	6.7384
9912	9.3796
9913	11.432
9914	10.556
9915	11.249
9916	8.6032
9917	5.5581
9918	4.395
9919	5.788
9920	4.3818
9921	2.8532
9922	3.2356
9923	3.1485
9924	2.9051
9925	2.5216
9926	3.1106
9927	3.2442
9928	2.6701
9929	3.5454
9930	3.5202
9931	4.0413
9932	4.0678
9933	3.9647
9934	4.4556
9935	4.5138
9936	4.4233
9937	4.8441
9938	4.4929
9939	4.8221
9940	5.161
9941	5.2658
9942	6.5228
9943	6.4753
9944	6.3183
9945	6.1849
9946	6.0849
9947	6.8951
9948	6.9343
9949	6.8225
9950	7.2177
9951	7.1972
9952	6.928
9953	7.518
9954	7.4974
9955	7.2484
9956	7.8123
9957	7.7819
9958	8.1243
9959	8.0482
9960	8.4613
9961	8.3313
9962	8.7536
9963	8.7872
9964	8.6616
9965	8.9838
9966	9.0026
9967	9.2309
9968	9.2345
9969	9.7507
9970	9.5079
9971	9.7802
9972	10.638
9973	10.687
9974	10.586
9975	10.362
9976	10.896
9977	10.865
9978	11.563
9979	11.571
9980	11.342
9981	11.328
9982	11.765
9983	11.797
9984	11.98
9985	12.015
9986	12.391
9987	12.493
9988	12.264
9989	12.494
9990	12.594
9991	12.722
9992	12.63
9993	12.976
9994	13.045
9995	12.795
9996	13.154
9997	13.22
9998	13.306
9999	13.395
10000	13.409
10001	13.549
10002	13.501
10003	13.621
10004	13.597
10005	13.719
10006	13.388
10007	13.691
10008	13.806
10009	13.779
10010	13.899
10011	13.853
10012	13.968
10013	13.934
10014	14.039
10015	14.012
10016	14.133
10017	13.82
10018	14.037
10019	14.183
10020	14.177
10021	13.887
10022	14.17
10023	14.047
10024	14.217
10025	14.319
10026	14.129
10027	14.383
10028	14.171
10029	13.956
10030	14.07
10031	13.958
10032	13.874
10033	14.065
10034	14.099
10035	13.739
10036	13.863
10037	13.634
10038	13.744
10039	13.52
10040	13.637
10041	13.374
10042	13.484
10043	13.21
10044	13.305
10045	13.043
10046	13.12
10047	12.859
10048	12.928
10049	12.658
10050	12.717
10051	12.87
10052	12.504
10053	12.453
10054	11.776
10055	11.818
10056	12.082
10057	12.021
10058	11.489
10059	11.551
10060	11.253
10061	11.182
10062	10.709
10063	10.93
10064	10.661
10065	11.004
10066	9.4308
10067	9.3277
10068	9.2799
10069	9.3545
10070	9.6079
10071	9.6729
10072	9.8009
10073	9.6513
10074	9.4919
10075	9.5509
10076	9.0188
10077	9.0138
10078	9.1466
10079	8.6652
10080	8.6881
10081	8.858
10082	8.4734
10083	8.4196
10084	8.4925
10085	8.2984
10086	8.2577
10087	8.0953
10088	8.0722
10089	7.9256
10090	7.8027
10091	7.8711
10092	7.7693
10093	7.6775
10094	8.0943
10095	7.4309
10096	7.4903
10097	7.6301
10098	7.2055
10099	7.5383
10100	7.4115
10101	6.7927
10102	7.0305
10103	7.141
10104	6.901
10105	6.5632
10106	6.5831
10107	6.9347
10108	6.9132
10109	6.5883
10110	6.8565
10111	6.5584
10112	7.23
10113	6.4717
10114	7.1209
10115	6.8051
10116	6.8001
10117	6.4758
10118	6.8119
10119	6.446
10120	6.4308
10121	6.8537
10122	7.1402
10123	6.8467
10124	7.0562
10125	7.1759
10126	6.8442
10127	7.346
10128	6.9971
10129	7.532
10130	7.1988
10131	7.6242
10132	7.5741
10133	8.0492
10134	7.7084
10135	7.8279
10136	8.3147
10137	8.0121
10138	7.9071
10139	8.3464
10140	8.6219
10141	8.3187
10142	8.6285
10143	8.8972
10144	8.6172
10145	9.1666
10146	8.903
10147	9.1301
10148	9.436
10149	9.2027
10150	9.6943
10151	9.4972
10152	9.9767
10153	9.7949
10154	10.315
10155	10.131
10156	10.722
10157	10.509
10158	11.099
10159	10.927
10160	11.155
10161	11.992
10162	11.949
10163	11.582
10164	12.4
10165	12.389
10166	12.881
10167	12.866
10168	13.442
10169	13.431
10170	14.045
10171	14.067
10172	14.485
10173	14.748
10174	14.438
10175	15.241
10176	14.044
10177	15.337
10178	13.333
10179	15.353
10180	11.964
10181	14.941
10182	11.426
10183	10.105
10184	13.267
10185	8.7355
10186	10.715
10187	9.2654
10188	10.234
10189	11.096
10190	11.882
10191	12.822
10192	14.063
10193	13.913
10194	15.434
10195	14.236
10196	15.636
10197	14.234
10198	15.346
10199	14.082
10200	15.016
10201	14.59
10202	13.236
10203	13.799
10204	12.361
10205	12.857
10206	12.793
10207	12.408
10208	11.972
10209	11.826
10210	10.891
10211	11.191
10212	11.245
10213	10.576
10214	10.837
10215	10.307
10216	10.525
10217	10.262
10218	10.078
10219	9.5966
10220	9.6775
10221	9.7789
10222	9.8453
10223	9.3734
10224	9.4451
10225	9.1967
10226	9.238
10227	9.0229
10228	9.0695
10229	9.1393
10230	8.8641
10231	8.8233
10232	8.8861
10233	8.7378
10234	8.7089
10235	8.5779
10236	8.5754
10237	8.5154
10238	8.4157
10239	8.3764
10240	8.4058
10241	8.5453
10242	8.5491
10243	8.3714
10244	8.5307
10245	8.4063
10246	8.5978
10247	8.6866
10248	8.4876
10249	8.6427
10250	8.6182
10251	8.5258
10252	8.6218
10253	8.424
10254	8.3959
10255	8.7944
10256	8.582
10257	8.9351
10258	8.725
10259	9.05
10260	8.8474
10261	9.1615
10262	8.9521
10263	9.2602
10264	9.3758
10265	9.0662
10266	9.349
10267	9.1557
10268	9.4552
10269	9.256
10270	9.6097
10271	9.3615
10272	9.4102
10273	9.6569
10274	9.8212
10275	9.6263
10276	9.5664
10277	10.005
10278	9.8187
10279	10.07
10280	10.145
10281	9.9556
10282	10.093
10283	10.299
10284	10.613
10285	10.426
10286	10.655
10287	10.46
10288	10.74
10289	10.57
10290	11.044
10291	10.88
10292	10.874
10293	11.055
10294	11.192
10295	11.502
10296	11.383
10297	11.318
10298	11.323
10299	11.719
10300	11.568
10301	11.771
10302	11.953
10303	12.499
10304	12.251
10305	12.218
10306	12.413
10307	12.736
10308	12.504
10309	12.688
10310	12.934
10311	12.705
10312	13.136
10313	12.892
10314	13.349
10315	13.107
10316	13.542
10317	13.312
10318	13.593
10319	13.71
10320	13.487
10321	13.766
10322	13.662
10323	13.868
10324	14.123
10325	13.944
10326	13.998
10327	14.276
10328	14.09
10329	14.443
10330	14.244
10331	14.403
10332	14.608
10333	14.863
10334	14.756
10335	14.672
10336	14.997
10337	14.761
10338	14.805
10339	15.071
10340	15.111
10341	14.946
10342	15.149
10343	15.01
10344	15.199
10345	15.055
10346	15.271
10347	15.256
10348	15.13
10349	15.306
10350	15.18
10351	15.378
10352	15.239
10353	15.322
10354	15.516
10355	15.477
10356	15.692
10357	15.564
10358	15.668
10359	15.72
10360	15.599
10361	15.737
10362	15.62
10363	15.635
10364	15.85
10365	15.758
10366	15.733
10367	15.659
10368	15.634
10369	15.754
10370	15.653
10371	15.771
10372	15.671
10373	15.794
10374	15.682
10375	15.871
10376	15.709
10377	15.799
10378	15.775
10379	15.691
10380	15.779
10381	15.686
10382	15.804
10383	15.847
10384	15.829
10385	15.732
10386	15.833
10387	15.923
10388	15.818
10389	15.727
10390	15.921
10391	15.811
10392	15.71
10393	15.716
10394	15.69
10395	15.62
10396	15.657
10397	15.683
10398	15.683
10399	15.601
10400	15.607
10401	15.762
10402	15.689
10403	15.602
10404	15.687
10405	15.607
10406	15.772
10407	15.676
10408	15.6
10409	15.763
10410	15.666
10411	15.588
10412	15.651
10413	15.583
10414	15.637
10415	15.56
10416	15.717
10417	15.63
10418	15.552
10419	15.713
10420	15.625
10421	15.545
10422	15.703
10423	15.614
10424	15.547
10425	15.704
10426	15.525
10427	15.594
10428	15.682
10429	15.542
10430	15.484
10431	15.572
10432	15.53
10433	15.453
10434	15.449
10435	15.545
10436	15.461
10437	15.582
10438	15.466
10439	15.653
10440	15.47
10441	15.511
10442	15.627
10443	15.484
10444	15.449
10445	15.41
10446	15.563
10447	15.478
10448	15.405
10449	15.454
10450	15.394
10451	15.42
10452	15.366
10453	15.418
10454	15.333
10455	15.337
10456	15.441
10457	15.353
10458	15.37
10459	15.453
10460	15.455
10461	15.37
10462	15.534
10463	15.455
10464	15.369
10465	15.539
10466	15.462
10467	15.357
10468	15.455
10469	15.434
10470	15.521
10471	15.4
10472	15.323
10473	15.414
10474	15.397
10475	15.315
10476	15.41
10477	15.318
10478	15.427
10479	15.517
10480	15.335
10481	15.339
10482	15.421
10483	15.394
10484	15.316
10485	15.409
10486	15.383
10487	15.303
10488	15.469
10489	15.376
10490	15.295
10491	15.369
10492	15.291
10493	15.45
10494	15.367
10495	15.283
10496	15.363
10497	15.284
10498	15.277
10499	15.439
10500	15.356
10501	15.355
10502	15.271
10503	15.349
10504	15.351
10505	15.272
10506	15.347
10507	15.265
10508	15.35
10509	15.266
10510	15.428
10511	15.353
10512	15.274
10513	15.347
10514	15.271
10515	15.428
10516	15.349
10517	15.26
10518	15.42
10519	15.358
10520	15.273
10521	15.444
10522	15.349
10523	15.273
10524	15.437
10525	15.344
10526	15.264
10527	15.345
10528	15.269
10529	15.354
10530	15.261
10531	15.26
10532	15.363
10533	15.28
10534	15.36
10535	15.272
10536	15.277
10537	15.361
10538	15.359
10539	15.274
10540	15.361
10541	15.36
10542	15.275
10543	15.279
10544	15.357
10545	15.251
10546	15.282
10547	15.342
10548	15.31
10549	15.221
10550	15.232
10551	15.327
10552	15.249
10553	15.35
10554	15.247
10555	15.365
10556	15.279
10557	15.273
10558	15.371
10559	15.386
10560	15.301
10561	15.39
10562	15.491
10563	15.286
10564	15.38
10565	15.477
10566	15.282
10567	15.377
10568	15.376
10569	15.476
10570	15.354
10571	15.254
10572	15.358
10573	15.355
10574	15.26
10575	15.455
10576	15.349
10577	15.252
10578	15.353
10579	15.248
10580	15.439
10581	15.36
10582	15.257
10583	15.372
10584	15.263
10585	15.46
10586	15.364
10587	15.276
10588	15.481
10589	4.1722
10590	4.2767
10591	5.4665
10592	3.4161
10593	4.2068
10594	15.806
10595	15.896
10596	15.901
10597	15.788
10598	15.693
10599	15.759
10600	15.851
10601	15.749
10602	15.639
10603	15.758
10604	15.861
10605	15.749
10606	15.847
10607	15.649
10608	15.752
10609	15.848
10610	15.766
10611	15.845
10612	15.655
10613	15.768
10614	15.87
10615	15.673
10616	15.85
10617	15.653
10618	15.765
10619	15.783
10620	15.883
10621	15.689
10622	15.784
10623	15.873
10624	15.775
10625	15.673
10626	15.841
10627	15.909
10628	15.801
10629	15.852
10630	15.948
10631	15.94
10632	15.929
10633	15.843
10634	15.87
10635	15.942
10636	15.857
10637	15.868
10638	15.959
10639	15.957
10640	15.851
10641	15.938
10642	15.773
10643	15.93
10644	15.848
10645	15.839
10646	15.927
10647	15.843
10648	15.923
10649	15.841
10650	15.835
10651	15.918
10652	15.847
10653	15.839
10654	15.917
10655	15.839
10656	15.924
10657	15.842
10658	15.919
10659	15.837
10660	15.855
10661	15.926
10662	15.942
10663	15.856
10664	15.931
10665	15.851
10666	15.767
10667	15.845
10668	15.925
10669	15.849
10670	15.848
10671	15.892
10672	15.958
10673	15.806
10674	15.872
10675	15.893
10676	15.973
10677	15.819
10678	15.963
10679	15.881
10680	15.805
10681	15.904
10682	15.841
10683	15.709
10684	15.832
10685	15.888
10686	15.952
10687	15.866
10688	15.975
10689	15.973
10690	15.814
10691	15.895
10692	15.945
10693	16.007
10694	15.924
10695	15.951
10696	16.03
10697	16.033
10698	15.954
10699	16.023
10700	15.969
10701	16.039
10702	16.049
10703	15.906
10704	15.971
10705	15.956
10706	16.037
10707	15.962
10708	16.036
10709	15.952
10710	15.967
10711	15.846
10712	16.03
10713	15.944
10714	16.007
10715	16.078
10716	16.073
10717	16.028
10718	16.101
10719	15.934
10720	16.044
10721	16.118
10722	16.131
10723	16.059
10724	16.169
10725	16.094
10726	16.018
10727	16.16
10728	16.228
10729	16.179
10730	16.25
10731	16.208
10732	16.269
10733	16.216
10734	16.309
10735	16.304
10736	16.203
10737	16.293
10738	16.115
10739	16.208
10740	16.294
10741	16.308
10742	16.212
10743	16.213
10744	16.304
10745	16.205
10746	16.326
10747	16.118
10748	16.229
10749	16.307
10750	16.399
10751	16.277
10752	16.417
10753	16.324
10754	16.374
10755	16.471
10756	16.365
10757	16.392
10758	16.48
10759	16.388
10760	16.511
10761	16.508
10762	16.358
10763	16.48
10764	16.327
10765	16.463
10766	16.286
10767	16.432
10768	16.399
10769	16.251
10770	16.366
10771	16.23
10772	16.222
10773	16.206
10774	16.36
10775	16.215
10776	16.193
10777	16.351
10778	16.334
10779	16.174
10780	16.109
10781	16.253
10782	16.126
10783	16.125
10784	16.287
10785	16.124
10786	16.278
10787	16.078
10788	16.297
10789	16.282
10790	15.92
10791	16.183
10792	15.795
10793	16.017
10794	15.969
10795	15.711
10796	15.512
10797	15.722
10798	15.259
10799	15.525
10800	15.749
10801	15.721
10802	15.441
10803	15.453
10804	15.187
10805	14.966
10806	15.282
10807	15.113
10808	14.975
10809	14.811
10810	14.3
10811	14.662
10812	14.482
10813	14.125
10814	14.503
10815	14.332
10816	13.995
10817	14.003
10818	13.968
10819	14.257
10820	14.287
10821	14.127
10822	14.3
10823	14.534
10824	14.557
10825	14.32
10826	14.087
10827	14.346
10828	13.889
10829	14.161
10830	13.703
10831	13.988
10832	13.592
10833	13.604
10834	13.828
10835	13.56
10836	13.788
10837	13.391
10838	13.461
10839	13.354
10840	13.706
10841	13.333
10842	13.222
10843	13.587
10844	13.266
10845	13.467
10846	13.035
10847	13.226
10848	13.434
10849	13.341
10850	13.089
10851	12.616
10852	12.856
10853	12.753
10854	12.726
10855	12.376
10856	12.482
10857	12.214
10858	12.456
10859	12.349
10860	12.053
10861	12.304
10862	11.884
10863	12.126
10864	11.745
10865	11.971
10866	11.496
10867	11.714
10868	11.629
10869	11.338
10870	11.563
10871	11.177
10872	11.371
10873	11.207
10874	11.021
10875	9.8329
10876	9.9473
10877	10.886
10878	10.724
10879	10.702
10880	10.871
10881	10.364
10882	10.523
10883	10.433
10884	10.563
10885	10.232
10886	10.28
10887	10.15
10888	9.9175
10889	10.024
10890	10.103
10891	10.031
10892	9.7298
10893	9.8315
10894	9.5555
10895	9.6329
10896	9.3734
10897	9.4553
10898	9.171
10899	9.2458
10900	9.2911
10901	8.9719
10902	9.0412
10903	8.8354
10904	8.777
10905	8.4099
10906	8.5881
10907	8.4311
10908	8.5894
10909	8.2327
10910	8.2416
10911	8.4319
10912	8.0306
10913	8.0506
10914	8.267
10915	7.7613
10916	7.8444
10917	7.8416
10918	7.509
10919	7.4218
10920	7.7686
10921	7.6814
10922	7.3343
10923	7.2478
10924	7.0589
10925	7.1528
10926	6.3323
10927	6.3985
10928	6.6432
10929	6.4975
10930	6.7556
10931	6.1765
10932	6.1316
10933	6.1974
10934	6.3048
10935	6.1079
10936	6.1431
10937	6.2419
10938	6.069
10939	6.0681
10940	6.113
10941	5.9061
10942	5.9945
10943	6.0381
10944	6.0034
10945	5.7409
10946	5.8823
10947	5.9529
10948	5.6992
10949	5.8413
10950	6.2237
10951	5.9444
10952	6.3976
10953	5.9425
10954	5.4863
10955	5.8127
10956	6.2456
10957	6.4184
10958	6.113
10959	5.651
10960	6.4495
10961	6.9575
10962	6.6224
10963	6.5281
10964	6.9736
10965	7.1843
10966	6.9947
10967	7.0935
10968	7.0923
10969	7.3966
10970	7.3032
10971	7.6477
10972	7.3823
10973	7.4603
10974	7.8386
10975	7.5601
10976	8.0111
10977	7.7506
10978	8.1588
10979	7.9197
10980	8.2582
10981	8.2595
10982	8.08
10983	8.4057
10984	8.2002
10985	8.3015
10986	8.6401
10987	8.5188
10988	8.8742
10989	8.7587
10990	9.0941
10991	8.9925
10992	9.3057
10993	9.2235
10994	9.5144
10995	9.4533
10996	9.7186
10997	9.6787
10998	9.9227
10999	9.8977
11000	10.148
11001	10.115
11002	10.367
11003	10.355
11004	10.44
11005	10.531
11006	10.627
11007	10.332
11008	10.788
11009	10.399
11010	10.664
11011	11.349
11012	11.209
11013	11.022
11014	11.645
11015	11.757
11016	11.406
11017	11.84
11018	11.998
11019	12.073
11020	12.005
11021	12.198
11022	12.235
11023	12.397
11024	12.697
11025	12.627
11026	12.399
11027	13.116
11028	12.856
11029	12.681
11030	13.455
11031	13.019
11032	13.177
11033	12.706
11034	13.605
11035	13.894
11036	13.453
11037	13.174
11038	13.723
11039	14.03
11040	13.781
11041	14.131
11042	13.842
11043	13.407
11044	14.173
11045	13.963
11046	14.269
11047	14.148
11048	14.397
11049	14.275
11050	14.64
11051	14.596
11052	14.305
11053	14.655
11054	14.32
11055	14.695
11056	14.259
11057	14.713
11058	14.702
11059	14.148
11060	14.622
11061	14.004
11062	14.534
11063	13.84
11064	14.387
11065	13.724
11066	14.262
11067	13.29
11068	13.759
11069	14.191
11070	13.873
11071	14.309
11072	13.797
11073	13.516
11074	14.36
11075	13.814
11076	14.211
11077	13.419
11078	13.258
11079	13.969
11080	14.369
11081	13.491
11082	14.012
11083	14.424
11084	13.598
11085	14.238
11086	14.524
11087	14.09
11088	14.264
11089	14.65
11090	14.647
11091	14.213
11092	14.534
11093	14.244
11094	14.493
11095	14.256
11096	14.516
11097	14.525
11098	14.162
11099	14.44
11100	14.118
11101	14.299
11102	14.118
11103	14.296
11104	14.065
11105	14.238
11106	13.137
11107	13.047
11108	13.162
11109	14.147
11110	14.158
11111	14.17
11112	13.996
11113	13.391
11114	13.509
11115	13.539
11116	13.369
11117	13.271
11118	12.647
11119	12.716
11120	12.788
11121	12.503
11122	12.564
11123	12.352
11124	12.406
11125	12.472
11126	12.243
11127	12.194
11128	12.324
11129	11.863
11130	11.902
11131	12.03
11132	11.726
11133	11.846
11134	11.687
11135	11.12
11136	11.157
11137	11.303
11138	10.692
11139	10.771
11140	10.919
11141	10.699
11142	10.232
11143	10.268
11144	10.47
11145	10.046
11146	10.018
11147	9.5834
11148	9.6294
11149	9.812
11150	9.333
11151	9.393
11152	9.0759
11153	9.1492
11154	8.8242
11155	8.9016
11156	8.6611
11157	8.5961
11158	7.2975
11159	7.4115
11160	7.5822
11161	7.0095
11162	7.1333
11163	7.1839
11164	6.719
11165	6.8505
11166	6.4227
11167	6.5665
11168	6.5847
11169	6.1117
11170	6.2716
11171	6.2775
11172	5.7857
11173	5.9617
11174	5.4443
11175	5.6437
11176	5.6107
11177	5.3113
11178	5.077
11179	4.3141
11180	4.6069
11181	4.6955
11182	3.9232
11183	4.2587
11184	3.9459
11185	3.5679
11186	3.7634
11187	3.1929
11188	3.6743
11189	3.6236
11190	3.2092
11191	2.7623
11192	2.0882
11193	2.649
11194	1.8775
11195	2.4047
11196	1.802
11197	2.374
11198	2.1269
11199	1.6244
11200	1.2948
11201	1.985
11202	1.2249
11203	1.5543
11204	1.5187
11205	1.8799
11206	1.6239
11207	1.5315
11208	2.0506
11209	2.1291
11210	1.7943
11211	1.7123
11212	2.3663
11213	2.3931
11214	2.7522
11215	2.666
11216	2.3482
11217	3.0458
11218	3.1928
11219	3.9546
11220	3.8088
11221	3.9478
11222	3.62
11223	3.7833
11224	4.1526
11225	4.1626
11226	4.0184
11227	4.2564
11228	4.3119
11229	4.1572
11230	4.2984
11231	4.3926
11232	3.7408
11233	3.4839
11234	3.6718
11235	3.8996
11236	4.296
11237	4.4343
11238	4.2537
11239	4.4235
11240	4.168
11241	4.168
11242	4.379
11243	4.0914
11244	4.2838
11245	4.0287
11246	4.0244
11247	3.8811
11248	3.4916
11249	3.1898
11250	3.5868
11251	3.8816
11252	3.392
11253	3.7131
11254	3.2852
11255	3.1555
11256	3.512
11257	3.053
11258	3.2875
11259	3.0004
11260	3.2979
11261	2.8293
11262	2.8643
11263	3.1469
11264	2.7326
11265	3.0438
11266	2.5925
11267	2.8741
11268	2.4694
11269	2.7547
11270	2.3628
11271	2.6358
11272	2.1674
11273	2.2277
11274	2.5507
11275	2.5044
11276	2.0741
11277	2.3458
11278	1.9577
11279	2.2291
11280	1.8803
11281	2.1265
11282	1.6746
11283	1.8619
11284	2.0767
11285	1.8465
11286	2.0667
11287	1.8002
11288	2.0241
11289	1.7633
11290	1.9778
11291	1.9355
11292	1.748
11293	1.7031
11294	1.5705
11295	1.793
11296	1.605
11297	1.5567
11298	1.7831
11299	1.536
11300	1.7455
11301	1.3329
11302	1.5444
11303	1.7495
11304	1.3142
11305	1.5673
11306	1.7785
11307	1.334
11308	1.5536
11309	1.7872
11310	1.5695
11311	1.3338
11312	1.5565
11313	1.7716
11314	1.5343
11315	1.7951
11316	1.7999
11317	1.4793
11318	1.7401
11319	1.4507
11320	1.7101
11321	1.421
11322	1.7023
11323	1.535
11324	1.3029
11325	1.2083
11326	0.95089
11327	1.3368
11328	1.6844
11329	1.5735
11330	1.2843
11331	1.0135
11332	1.3528
11333	1.6397
11334	1.3224
11335	1.629
11336	1.2637
11337	1.3072
11338	1.6102
11339	1.3447
11340	1.5706
11341	1.2488
11342	1.5953
11343	1.3262
11344	1.3104
11345	1.2525
11346	1.538
11347	1.2769
11348	0.9907
11349	1.2471
11350	1.5178
11351	0.97598
11352	1.5123
11353	0.98044
11354	1.2443
11355	1.2189
11356	1.4807
11357	1.2308
11358	1.2104
11359	1.4771
11360	1.2162
11361	1.4506
11362	1.2056
11363	1.4653
11364	0.96835
11365	1.1783
11366	1.4083
11367	1.1761
11368	1.1626
11369	1.4108
11370	1.0746
11371	1.3662
11372	1.263
11373	0.98068
11374	0.93902
11375	0.53837
11376	0.81196
11377	1.1195
11378	1.3534
11379	1.2819
11380	1.0583
11381	1.2883
11382	1.0477
11383	1.2526
11384	1.0542
11385	1.2637
11386	1.0718
11387	1.2652
11388	1.056
11389	1.2981
11390	1.3009
11391	0.9974
11392	1.2388
11393	1.0104
11394	1.2055
11395	1.0741
11396	1.2625
11397	1.1168
11398	1.3168
11399	1.1701
11400	1.3466
11401	1.2634
11402	1.4165
11403	1.5172
11404	1.3785
11405	1.7468
11406	1.631
11407	1.5128
11408	1.789
11409	1.7655
11410	1.9439
11411	1.7122
11412	1.8402
11413	1.996
11414	2.0166
11415	2.119
11416	1.65
11417	5.856
11418	5.6051
11419	5.0405
11420	6.3509
11421	6.6197
11422	6.2046
11423	2.3137
11424	2.3657
11425	2.1368
11426	15.896
11427	15.892
11428	15.791
11429	15.687
11430	0.95071
11431	0.58568
11432	1.131
11433	6.9604
11434	7.2524
11435	7.2311
11436	0.74242
11437	1.0719
11438	15.362
11439	15.25
11440	15.248
11441	15.457
11442	3.9741
11443	4.2336
11444	3.9251
11445	6.6289
11446	6.7775
11447	6.1109
11448	7.0197
11449	6.5323
11450	2.4165
11451	2.5479
11452	2.7038
11453	2.276
11454	2.5369
11455	2.1761
11456	2.3157
11457	2.0939
11458	2.4162
11459	2.0836
11460	1.9488
11461	1.8521
11462	1.9087
11463	1.7583
11464	1.6757
11465	1.5548
11466	1.7766
11467	1.6001
11468	1.5142
11469	1.7491
11470	1.7007
11471	1.4684
11472	1.517
11473	1.7122
11474	1.4889
11475	1.5032
11476	1.483
11477	1.6992
11478	1.7296
11479	1.4765
11480	1.6902
11481	1.4897
11482	1.695
11483	1.5273
11484	1.7332
11485	1.4757
11486	1.7562
11487	1.6699
11488	1.4188
11489	1.1457
11490	1.5605
11491	1.7741
11492	1.4789
11493	1.6191
11494	1.8302
11495	1.6455
11496	1.8709
11497	1.6676
11498	1.9285
11499	1.4306
11500	1.6947
11501	1.8887
11502	1.7435
11503	1.9871
11504	1.7217
11505	2.0023
11506	1.7601
11507	1.7677
11508	2.024
11509	1.7644
11510	1.4953
11511	2.0509
11512	1.7877
11513	1.8505
11514	2.1012
11515	1.8269
11516	1.5612
11517	1.8706
11518	2.1298
11519	1.8545
11520	2.1474
11521	1.597
11522	2.1128
11523	1.5469
11524	1.8174
11525	1.8184
11526	2.0826
11527	1.7882
11528	1.4898
11529	1.88
11530	2.1406
11531	1.9178
11532	2.1659
11533	1.9148
11534	2.2002
11535	1.6461
11536	1.8643
11537	2.1685
11538	1.6261
11539	2.1289
11540	1.8314
11541	1.9228
11542	2.1796
11543	1.8687
11544	1.9037
11545	2.1988
11546	1.8769
11547	2.1554
11548	1.5788
11549	2.1476
11550	1.9294
11551	1.977
11552	2.2151
11553	1.9679
11554	2.0067
11555	2.2278
11556	2.0306
11557	2.243
11558	2.0195
11559	2.2545
11560	2.0102
11561	2.2147
11562	2.019
11563	2.2358
11564	2.2369
11565	1.7963
11566	2.0127
11567	1.9645
11568	2.1965
11569	1.9891
11570	1.9775
11571	2.1703
11572	2.0118
11573	2.2159
11574	2.2337
11575	2.0413
11576	2.1085
11577	2.2807
11578	2.0731
11579	1.8713
11580	2.3209
11581	2.1498
11582	2.2483
11583	2.4162
11584	2.206
11585	2.2855
11586	2.4693
11587	2.5054
11588	2.3273
11589	2.5039
11590	2.6552
11591	2.4019
11592	2.6247
11593	2.7616
11594	2.7387
11595	2.8259
11596	2.9879
11597	2.8876
11598	2.9227
11599	3.075
11600	3.1967
11601	3.0375
11602	3.485
11603	3.186
11604	3.3272
11605	3.533
11606	3.7362
11607	3.4448
11608	3.6441
11609	3.8085
11610	3.8332
11611	3.9774
11612	4.008
11613	4.1746
11614	4.1094
11615	4.2978
11616	4.3666
11617	4.1832
11618	4.6635
11619	4.3976
11620	4.4961
11621	4.5646
11622	4.7251
11623	4.5506
11624	4.5322
11625	4.7219
11626	4.4535
11627	4.6404
11628	4.3287
11629	4.5379
11630	4.3808
11631	4.1661
11632	3.6412
11633	3.8543
11634	3.9393
11635	3.314
11636	3.559
11637	3.4414
11638	2.9899
11639	3.259
11640	2.7381
11641	3.0288
11642	2.5315
11643	2.8709
11644	2.7252
11645	2.3727
11646	2.7512
11647	2.3379
11648	2.3139
11649	2.471
11650	3.0375
11651	2.4076
11652	2.5294
11653	2.9784
11654	2.0373
11655	2.6953
11656	3.1318
11657	2.9413
11658	3.3874
11659	3.5024
11660	3.1401
11661	3.723
11662	3.7703
11663	3.3511
11664	4.3943
11665	4.3082
11666	4.0074
11667	4.2989
11668	4.8849
11669	4.852
11670	4.5702
11671	5.2056
11672	5.1373
11673	4.956
11674	5.5243
11675	5.4327
11676	5.7251
11677	5.8316
11678	6.423
11679	6.2959
11680	6.1308
11681	6.5726
11682	6.7046
11683	7.1083
11684	6.9801
11685	7.2523
11686	8.1252
11687	8.2096
11688	8.037
11689	8.2769
11690	8.7416
11691	8.5857
11692	8.5086
11693	8.9785
11694	8.8172
11695	9.2132
11696	9.048
11697	9.4434
11698	9.2734
11699	9.6637
11700	9.4952
11701	9.8747
11702	9.7069
11703	9.8417
11704	10.088
11705	9.9163
11706	10.3
11707	10.129
11708	10.494
11709	10.333
11710	10.494
11711	10.665
11712	10.521
11713	10.835
11714	10.697
11715	10.885
11716	10.974
11717	11.021
11718	11.405
11719	11.276
11720	11.214
11721	11.349
11722	11.47
11723	11.594
11724	11.541
11725	11.858
11726	11.962
11727	11.78
11728	12.316
11729	12.238
11730	12.141
11731	12.486
11732	12.423
11733	12.652
11734	12.605
11735	12.782
11736	12.813
11737	13.116
11738	13.122
11739	13.006
11740	12.969
11741	13.25
11742	13.274
11743	13.377
11744	13.407
11745	13.254
11746	13.519
11747	13.54
11748	13.71
11749	13.692
11750	14.056
11751	14.104
11752	13.88
11753	13.864
11754	14.208
11755	14.288
11756	14.026
11757	14.284
11758	14.42
11759	14.352
11760	14.48
11761	14.45
11762	14.612
11763	14.52
11764	14.691
11765	14.614
11766	14.811
11767	14.731
11768	14.954
11769	14.799
11770	15.056
11771	14.814
11772	15.146
11773	14.853
11774	15.198
11775	14.948
11776	15.279
11777	15.014
11778	14.976
11779	15.432
11780	15.395
11781	15.37
11782	14.911
11783	15.336
11784	14.808
11785	14.806
11786	14.77
11787	15.346
11788	14.823
11789	15.292
11790	14.754
11791	15.386
11792	14.828
11793	14.931
11794	15.106
11795	15.534
11796	15.085
11797	15.086
11798	15.506
11799	15.474
11800	15.053
11801	15.397
11802	14.981
11803	15.027
11804	15.159
11805	14.711
11806	14.852
11807	14.879
11808	14.444
11809	14.53
11810	14.052
11811	14.504
11812	14.191
11813	13.744
11814	13.901
11815	14.362
11816	13.616
11817	13.784
11818	14.21
11819	13.608
11820	14.063
11821	14.129
11822	13.34
11823	13.82
11824	13.376
11825	13.367
11826	13.086
11827	12.967
11828	12.597
11829	12.815
11830	12.438
11831	13.005
11832	12.795
11833	12.116
11834	12.493
11835	12.3
11836	11.902
11837	12.274
11838	11.691
11839	12.057
11840	11.543
11841	11.482
11842	11.838
11843	11.277
11844	11.621
11845	11.146
11846	11.081
11847	11.406
11848	10.945
11849	10.895
11850	11.201
11851	10.998
11852	10.712
11853	10.346
11854	10.332
11855	10.103
11856	9.6333
11857	9.8557
11858	9.872
11859	9.3888
11860	9.5985
11861	9.1432
11862	9.339
11863	8.902
11864	9.0814
11865	8.6624
11866	8.8335
11867	8.5911
11868	8.4328
11869	8.036
11870	8.0793
11871	8.2225
11872	7.8805
11873	7.8702
11874	7.3219
11875	7.514
11876	7.3389
11877	6.8842
11878	6.8294
11879	6.8335
11880	6.9209
11881	6.8737
11882	6.9556
11883	7.2397
11884	6.9231
11885	6.527
11886	6.8611
11887	7.2308
11888	6.8176
11889	6.7212
11890	7.0868
11891	6.6065
11892	6.1858
11893	6.6321
11894	6.8604
11895	6.9526
11896	6.5459
11897	6.1801
11898	5.9664
11899	6.243
11900	6.0626
11901	6.2795
11902	6.3002
11903	6.1108
11904	6.1133
11905	6.2244
11906	6.1175
11907	6.1096
11908	6.1865
11909	6.0896
11910	6.1113
11911	6.1255
11912	6.1398
11913	6.1552
11914	6.2509
11915	6.1545
11916	6.1378
11917	6.2265
11918	6.3701
11919	6.6564
11920	6.4613
11921	6.5093
11922	6.7123
11923	6.8191
11924	6.6077
11925	6.8808
11926	7.0003
11927	6.777
11928	7.1849
11929	6.9632
11930	7.3673
11931	7.1511
11932	7.5394
11933	7.5261
11934	7.7004
11935	7.3457
11936	7.6051
11937	7.9154
11938	7.8773
11939	8.0733
11940	8.5652
11941	8.4818
11942	8.6975
11943	8.6298
11944	9.1249
11945	9.0134
11946	8.9138
11947	9.3349
11948	9.232
11949	9.5361
11950	9.4511
11951	9.7379
11952	9.9408
11953	9.8805
11954	9.6613
11955	10.117
11956	10.089
11957	10.267
11958	10.253
11959	10.681
11960	10.655
11961	10.441
11962	10.883
11963	10.874
11964	10.718
11965	11.071
11966	11.063
11967	11.406
11968	11.43
11969	11.235
11970	11.601
11971	11.606
11972	11.786
11973	11.882
11974	11.811
11975	12.024
11976	11.932
11977	12.551
11978	12.65
11979	12.382
11980	12.703
11981	12.809
11982	12.958
11983	12.841
11984	12.591
11985	13.11
11986	13.226
11987	12.971
11988	13.264
11989	13.528
11990	13.421
11991	13.166
11992	13.373
11993	13.002
11994	13.789
11995	13.552
11996	13.638
11997	14.19
11998	14.017
11999	13.938
12000	14.424
12001	14.537
12002	14.265
12003	14.582
12004	14.683
12005	14.822
12006	14.682
12007	14.822
12008	14.591
12009	14.548
12010	14.729
12011	14.949
12012	14.608
12013	14.883
12014	15.127
12015	15.27
12016	15.044
12017	15.656
12018	15.287
12019	15.44
12020	15.759
12021	15.977
12022	15.679
12023	16.058
12024	15.867
12025	15.571
12026	15.971
12027	16.216
12028	15.953
12029	15.988
12030	16.207
12031	16.048
12032	16.264
12033	15.773
12034	16.134
12035	16.325
12036	15.858
12037	16.209
12038	16.41
12039	16.294
12040	16.45
12041	16.54
12042	16.397
12043	16.642
12044	16.459
12045	16.456
12046	16.441
12047	16.62
12048	16.449
12049	16.478
12050	16.62
12051	16.509
12052	16.677
12053	16.338
12054	16.503
12055	16.665
12056	16.665
12057	16.515
12058	16.521
12059	16.681
12060	16.522
12061	16.367
12062	16.672
12063	16.525
12064	16.553
12065	16.683
12066	16.536
12067	16.701
12068	16.575
12069	16.607
12070	16.714
12071	16.591
12072	16.616
12073	16.725
12074	16.6
12075	16.716
12076	16.581
12077	16.692
12078	16.566
12079	16.678
12080	16.543
12081	16.654
12082	16.456
12083	16.525
12084	16.635
12085	16.427
12086	16.513
12087	16.625
12088	16.487
12089	16.602
12090	16.454
12091	16.573
12092	16.361
12093	16.436
12094	16.544
12095	16.336
12096	16.421
12097	16.535
12098	16.405
12099	16.513
12100	16.401
12101	16.5
12102	16.303
12103	16.5
12104	16.397
12105	16.47
12106	16.387
12107	16.388
12108	16.342
12109	16.434
12110	16.367
12111	16.32
12112	16.42
12113	16.29
12114	16.393
12115	16.272
12116	16.363
12117	16.259
12118	16.361
12119	16.335
12120	16.253
12121	16.234
12122	16.33
12123	16.253
12124	16.17
12125	16.216
12126	16.303
12127	16.143
12128	16.206
12129	16.296
12130	16.193
12131	16.282
12132	16.174
12133	16.266
12134	16.157
12135	16.244
12136	16.234
12137	16.138
12138	16.118
12139	16.202
12140	16.119
12141	16.031
12142	16.12
12143	16.204
12144	16.122
12145	16.2
12146	16.204
12147	16.125
12148	16.045
12149	16.109
12150	16.188
12151	16.119
12152	16.179
12153	16.106
12154	16.174
12155	16.106
12156	16.093
12157	16.144
12158	16.071
12159	16.068
12160	15.993
12161	16.036
12162	16.136
12163	16.061
12164	15.98
12165	16.106
12166	16.031
12167	15.952
12168	16.041
12169	16.124
12170	16.047
12171	16.028
12172	16.112
12173	16.014
12174	16.108
12175	15.94
12176	16.09
12177	16.015
12178	16.044
12179	16.116
12180	16.034
12181	16.04
12182	16.118
12183	16.11
12184	16.028
12185	16.098
12186	16.019
12187	16.012
12188	15.933
12189	16.007
12190	16.087
12191	16.007
12192	16.01
12193	16.087
12194	15.929
12195	16.008
12196	16.093
12197	16.009
12198	16.081
12199	15.921
12200	16.014
12201	16.098
12202	16.017
12203	16.004
12204	16.089
12205	16.085
12206	16.003
12207	16.002
12208	16.082
12209	16.004
12210	16.086
12211	16.01
12212	16.1
12213	16.017
12214	16.02
12215	15.933
12216	16.006
12217	16.092
12218	16.011
12219	15.925
12220	16.01
12221	16.09
12222	15.927
12223	16.018
12224	16.098
12225	16.098
12226	16.028
12227	16.033
12228	16.116
12229	16.038
12230	16.025
12231	16.109
12232	16.029
12233	16.106
12234	15.938
12235	16.027
12236	16.112
12237	15.954
12238	16.019
12239	16.101
12240	15.938
12241	16.018
12242	16.101
12243	15.93
12244	16.027
12245	16.104
12246	16.027
12247	16.124
12248	16.009
12249	16.103
12250	15.989
12251	16.088
12252	16.072
12253	15.974
12254	15.879
12255	15.975
12256	16.067
12257	15.97
12258	15.975
12259	16.072
12260	16.067
12261	15.972
12262	15.873
12263	15.951
12264	16.059
12265	15.955
12266	15.944
12267	16.041
12268	15.949
12269	16.048
12270	15.952
12271	16.048
12272	15.955
12273	16.053
12274	15.952
12275	16.05
12276	16.05
12277	15.847
12278	15.956
12279	15.992
12280	16.077
12281	15.974
12282	15.994
12283	16.091
12284	15.986
12285	16.082
12286	3.6434
12287	2.8051
12288	2.6384
12289	15.975
12290	16.07
12291	15.676
12292	15.873
12293	15.777
12294	15.477
12295	15.282
12296	15.384
12297	15.574
12298	15.575
12299	15.172
12300	15.063
12301	15.156
12302	15.066
12303	15.169
12304	15.163
12305	15.056
12306	15.163
12307	15.155
12308	15.16
12309	15.059
12310	15.154
12311	15.163
12312	15.065
12313	15.168
12314	15.065
12315	15.086
12316	15.177
12317	15.183
12318	15.113
12319	15.206
12320	15.203
12321	15.189
12322	15.1
12323	15.196
12324	15.099
12325	15.179
12326	15.162
12327	15.163
12328	15.079
12329	15.089
12330	15.171
12331	15.095
12332	15.204
12333	15.097
12334	15.203
12335	15.184
12336	15.104
12337	15.191
12338	15.192
12339	15.192
12340	15.115
12341	15.194
12342	15.107
12343	15.191
12344	15.181
12345	15.103
12346	15.189
12347	15.187
12348	15.099
12349	15.108
12350	15.191
12351	15.19
12352	15.105
12353	15.19
12354	15.187
12355	15.11
12356	15.186
12357	15.104
12358	15.193
12359	15.111
12360	15.113
12361	15.192
12362	15.188
12363	15.106
12364	15.187
12365	15.191
12366	15.11
12367	15.115
12368	15.179
12369	15.193
12370	15.108
12371	15.177
12372	15.27
12373	15.117
12374	15.2
12375	15.121
12376	15.202
12377	15.207
12378	15.218
12379	15.127
12380	15.212
12381	15.14
12382	15.227
12383	15.162
12384	15.245
12385	15.25
12386	15.237
12387	15.244
12388	15.157
12389	15.15
12390	15.241
12391	15.268
12392	15.185
12393	15.255
12394	15.343
12395	15.183
12396	15.281
12397	15.286
12398	15.199
12399	15.287
12400	15.208
12401	15.292
12402	15.27
12403	15.201
12404	15.284
12405	15.268
12406	15.194
12407	15.202
12408	15.284
12409	15.24
12410	15.323
12411	15.308
12412	15.315
12413	15.375
12414	15.402
12415	15.302
12416	15.384
12417	15.386
12418	15.312
12419	15.398
12420	15.381
12421	15.367
12422	15.439
12423	15.46
12424	15.494
12425	15.402
12426	15.477
12427	15.507
12428	15.424
12429	15.514
12430	15.428
12431	15.523
12432	15.439
12433	15.523
12434	15.523
12435	15.442
12436	15.446
12437	15.529
12438	15.45
12439	15.54
12440	15.459
12441	15.475
12442	15.583
12443	15.537
12444	15.625
12445	15.636
12446	15.606
12447	15.523
12448	15.619
12449	15.527
12450	15.609
12451	15.604
12452	15.526
12453	15.608
12454	15.588
12455	15.51
12456	15.577
12457	15.496
12458	15.491
12459	15.56
12460	15.529
12461	15.447
12462	15.555
12463	15.51
12464	15.426
12465	15.483
12466	15.405
12467	15.451
12468	15.341
12469	15.542
12470	15.421
12471	15.371
12472	15.275
12473	15.217
12474	15.417
12475	15.343
12476	15.15
12477	15.195
12478	15.069
12479	15.019
12480	15.127
12481	15.002
12482	14.957
12483	14.875
12484	14.934
12485	14.776
12486	14.735
12487	14.868
12488	14.679
12489	14.544
12490	14.593
12491	14.636
12492	14.21
12493	14.227
12494	14.371
12495	13.633
12496	13.782
12497	13.632
12498	13.812
12499	13.284
12500	13.29
12501	13.465
12502	13.111
12503	13.097
12504	12.503
12505	12.505
12506	12.692
12507	12.308
12508	12.284
12509	11.832
12510	11.864
12511	12.051
12512	11.996
12513	11.67
12514	11.633
12515	11.342
12516	11.458
12517	11.313
12518	10.749
12519	10.74
12520	10.793
12521	10.903
12522	10.623
12523	10.613
12524	10.731
12525	10.49
12526	10.677
12527	10.515
12528	9.6339
12529	9.6022
12530	9.7786
12531	9.4951
12532	9.4544
12533	9.3744
12534	9.3255
12535	9.2643
12536	9.1667
12537	9.0917
12538	9.2028
12539	8.9872
12540	9.068
12541	8.6438
12542	8.554
12543	8.7555
12544	8.5194
12545	8.3899
12546	8.3174
12547	8.4369
12548	8.2949
12549	8.2011
12550	8.3021
12551	8.1389
12552	8.3286
12553	8.1682
12554	8.2982
12555	8.1417
12556	8.2624
12557	8.1037
12558	8.4507
12559	8.232
12560	8.0721
12561	8.2186
12562	8.0521
12563	8.2252
12564	8.0536
12565	8.3739
12566	8.2425
12567	8.0717
12568	8.3838
12569	8.2631
12570	8.1008
12571	8.3968
12572	8.1317
12573	8.2713
12574	8.4181
12575	8.3827
12576	8.556
12577	8.2468
12578	8.3085
12579	8.799
12580	8.6511
12581	8.6787
12582	8.7991
12583	8.947
12584	9.5378
12585	9.6436
12586	9.7499
12587	9.4066
12588	9.3211
12589	10.5
12590	10.425
12591	10.222
12592	10.809
12593	10.734
12594	11.162
12595	11.076
12596	11.594
12597	11.458
12598	12.044
12599	11.901
12600	11.618
12601	12.076
12602	12.473
12603	12.471
12604	12.004
12605	12.941
12606	12.929
12607	13.45
12608	13.428
12609	14.004
12610	13.97
12611	13.342
12612	14.531
12613	14.562
12614	13.942
12615	15.025
12616	15.124
12617	14.185
12618	15.587
12619	15.736
12620	16.203
12621	16.469
12622	16.822
12623	17.302
12624	17.189
12625	18.277
12626	16.66
12627	19.199
12628	14.804
12629	19.961
12630	12.833
12631	18.911
12632	12.144
12633	11.603
12634	13.873
12635	18.197
12636	16.244
12637	19.802
12638	16.997
12639	19.075
12640	16.72
12641	18.095
12642	16.204
12643	17.162
12644	15.572
12645	16.331
12646	14.842
12647	15.503
12648	14.127
12649	14.715
12650	13.481
12651	14.008
12652	12.911
12653	13.38
12654	12.395
12655	12.82
12656	11.912
12657	12.298
12658	11.485
12659	11.813
12660	11.499
12661	11.117
12662	11.39
12663	10.75
12664	10.993
12665	10.361
12666	10.58
12667	9.9822
12668	10.17
12669	9.6277
12670	9.779
12671	9.2922
12672	9.4068
12673	8.967
12674	9.0485
12675	8.6501
12676	8.6997
12677	8.3405
12678	8.3633
12679	8.0412
12680	8.0367
12681	7.787
12682	7.729
12683	7.5819
12684	7.4732
12685	7.357
12686	7.2455
12687	7.0988
12688	6.9741
12689	7.4595
12690	6.8609
12691	6.713
12692	6.6731
12693	6.4839
12694	6.5575
12695	6.3083
12696	6.439
12697	6.1931
12698	6.3073
12699	6.0344
12700	6.6422
12701	6.2403
12702	6.5915
12703	5.9236
12704	6.1707
12705	5.8665
12706	6.5761
12707	6.1051
12708	5.7757
12709	6.1122
12710	5.7452
12711	6.1183
12712	5.7672
12713	6.1229
12714	5.7587
12715	6.4499
12716	6.1818
12717	5.7976
12718	6.2409
12719	5.8755
12720	6.2552
12721	5.9258
12722	6.278
12723	5.9563
12724	6.3594
12725	6.0308
12726	6.4734
12727	6.15
12728	6.6932
12729	6.5985
12730	6.2802
12731	6.7383
12732	6.4248
12733	6.9261
12734	6.8834
12735	6.5811
12736	7.0655
12737	7.0288
12738	6.7388
12739	7.1566
12740	6.899
12741	7.3379
12742	7.2768
12743	7.0386
12744	7.4261
12745	7.1919
12746	7.5741
12747	7.3681
12748	7.7125
12749	7.5241
12750	7.8755
12751	7.6917
12752	8.0567
12753	7.8783
12754	8.225
12755	8.0692
12756	8.3791
12757	8.2429
12758	8.5431
12759	8.4149
12760	8.7178
12761	8.5976
12762	8.8892
12763	8.7818
12764	8.8624
12765	8.964
12766	9.0604
12767	9.5814
12768	9.5085
12769	9.4084
12770	9.7592
12771	9.6835
12772	9.9339
12773	9.8623
12774	9.8566
12775	10.098
12776	10.039
12777	9.9436
12778	10.209
12779	10.293
12780	10.155
12781	11.377
12782	11.251
12783	11.083
12784	11.659
12785	11.547
12786	11.918
12787	11.83
12788	12.163
12789	12.101
12790	12.052
12791	12.403
12792	12.344
12793	12.285
12794	12.633
12795	12.606
12796	12.853
12797	12.841
12798	13.066
12799	13.063
12800	13.278
12801	13.271
12802	13.653
12803	13.692
12804	13.466
12805	13.802
12806	13.884
12807	13.925
12808	14.016
12809	14.085
12810	14.163
12811	14.214
12812	14.352
12813	14.242
12814	14.436
12815	14.253
12816	14.447
12817	14.284
12818	14.482
12819	14.099
12820	14.346
12821	14.524
12822	14.11
12823	14.419
12824	14.609
12825	14.213
12826	14.483
12827	14.659
12828	14.261
12829	14.496
12830	14.702
12831	14.432
12832	14.643
12833	14.372
12834	14.555
12835	14.229
12836	14.337
12837	14.5
12838	14.202
12839	14.326
12840	14.469
12841	14.323
12842	14.473
12843	14.308
12844	14.465
12845	14.247
12846	14.445
12847	14.456
12848	14.162
12849	14.363
12850	14.097
12851	14.296
12852	14.022
12853	14.237
12854	13.935
12855	14.16
12856	13.846
12857	14.072
12858	13.768
12859	13.984
12860	13.643
12861	13.874
12862	13.927
12863	13.465
12864	13.71
12865	13.294
12866	13.553
12867	13.125
12868	13.372
12869	12.967
12870	13.212
12871	12.871
12872	12.826
12873	13.063
12874	12.699
12875	12.921
12876	12.574
12877	12.796
12878	12.423
12879	12.647
12880	12.343
12881	12.225
12882	12.467
12883	12.258
12884	12.015
12885	12.257
12886	11.808
12887	12.048
12888	11.584
12889	11.829
12890	11.359
12891	11.617
12892	11.339
12893	11.144
12894	11.391
12895	11.111
12896	10.946
12897	11.169
12898	10.751
12899	10.991
12900	10.529
12901	10.769
12902	10.275
12903	10.515
12904	10.304
12905	9.9997
12906	10.256
12907	10.028
12908	9.7315
12909	9.9938
12910	9.4851
12911	9.718
12912	9.4882
12913	9.25
12914	9.4585
12915	9.036
12916	9.2396
12917	8.9201
12918	9.1014
12919	8.5331
12920	8.686
12921	8.7958
12922	8.2563
12923	8.4907
12924	8.2111
12925	8.0193
12926	7.4774
12927	7.7587
12928	7.7624
12929	7.2361
12930	7.5367
12931	7.0284
12932	7.2503
12933	6.7766
12934	7.001
12935	6.4807
12936	6.7344
12937	6.2096
12938	6.5154
12939	5.9056
12940	6.142
12941	5.9717
12942	5.482
12943	5.8285
12944	5.5866
12945	5.5357
12946	5.1372
12947	4.6344
12948	4.8186
12949	4.8148
12950	4.877
12951	4.4504
12952	4.7075
12953	4.254
12954	4.6246
12955	3.9358
12956	4.3896
12957	3.6226
12958	4.1544
12959	3.569
12960	3.9028
12961	3.5027
12962	3.7856
12963	3.5436
12964	3.8537
12965	4.1569
12966	4.0699
12967	3.3955
12968	5.3239
12969	4.807
12970	4.2379
12971	7.1575
12972	6.2994
12973	9.5586
12974	8.962
12975	7.4348
12976	12.098
12977	12.252
12978	9.4594
12979	13.301
12980	16.41
12981	15.499
12982	12.38
12983	15.855
12984	10.212
12985	13.325
12986	7.7335
12987	10.38
12988	5.8123
12989	7.7119
12990	4.4414
12991	6.0728
12992	3.4778
12993	4.4768
12994	2.9662
12995	3.3481
12996	2.9157
12997	3.3417
12998	2.6691
12999	3.5657
13000	3.6454
13001	3.9834
13002	4.1994
13003	4.1373
13004	4.376
13005	4.4399
13006	4.2569
13007	4.0908
13008	4.2361
13009	4.1167
13010	3.9689
13011	4.0899
13012	3.7782
13013	3.8705
13014	3.6256
13015	3.5633
13016	3.1223
13017	3.1128
13018	3.3477
13019	3.3547
13020	2.9146
13021	2.8735
13022	2.7154
13023	2.657
13024	2.477
13025	2.424
13026	2.1973
13027	2.1629
13028	2.5049
13029	2.1921
13030	1.8314
13031	1.887
13032	2.1681
13033	2.4989
13034	1.837
13035	1.8078
13036	1.6137
13037	1.4017
13038	1.4968
13039	1.485
13040	1.2741
13041	1.3312
13042	1.1214
13043	1.6936
13044	1.1713
13045	0.95321
13046	1.5236
13047	1.0482
13048	0.80166
13049	1.3792
13050	0.92222
13051	0.6964
13052	1.3
13053	0.80168
13054	0.56974
13055	0.72827
13056	0.51316
13057	0.65222
13058	0.49172
13059	0.59077
13060	0.49258
13061	0.57331
13062	0.54357
13063	0.58265
13064	0.60791
13065	0.62004
13066	0.70476
13067	0.68175
13068	0.77543
13069	0.61477
13070	0.75543
13071	0.90659
13072	0.78542
13073	0.9856
13074	0.80177
13075	1.0204
13076	0.83485
13077	1.0445
13078	1.1026
13079	0.88298
13080	0.96163
13081	1.2133
13082	0.92715
13083	0.98317
13084	1.2474
13085	0.99981
13086	1.2498
13087	0.7849
13088	1.0182
13089	1.303
13090	1.036
13091	1.3344
13092	0.80084
13093	1.0445
13094	1.3577
13095	0.80933
13096	1.0889
13097	1.3712
13098	1.1647
13099	1.4612
13100	1.2164
13101	1.5185
13102	1.2562
13103	1.5796
13104	0.96505
13105	1.2868
13106	1.6067
13107	0.98546
13108	1.3187
13109	1.6606
13110	1.3635
13111	1.6549
13112	1.4179
13113	1.72
13114	1.4163
13115	1.7642
13116	1.4177
13117	1.7354
13118	1.4839
13119	1.7856
13120	1.5196
13121	1.8379
13122	1.4706
13123	1.8343
13124	1.3436
13125	1.7608
13126	1.1962
13127	1.6275
13128	0.93471
13129	1.1207
13130	1.537
13131	1.1403
13132	1.5219
13133	1.1713
13134	1.5656
13135	0.81798
13136	1.1977
13137	1.5743
13138	0.83422
13139	1.2932
13140	1.6173
13141	1.3956
13142	1.7259
13143	1.427
13144	1.7735
13145	1.4054
13146	1.7677
13147	1.0936
13148	1.397
13149	1.7136
13150	1.0582
13151	1.3897
13152	1.7526
13153	1.3686
13154	1.7362
13155	1.3697
13156	1.7019
13157	1.353
13158	1.7073
13159	1.3429
13160	1.6758
13161	1.3387
13162	1.6768
13163	1.3505
13164	1.6475
13165	1.3231
13166	1.6768
13167	1.038
13168	1.2606
13169	1.6011
13170	1.2358
13171	1.5899
13172	1.2273
13173	1.5496
13174	1.438
13175	1.5531
13176	0.97494
13177	1.2728
13178	1.0523
13179	1.3718
13180	0.76719
13181	1.0782
13182	1.3916
13183	0.77811
13184	6.7939
13185	6.822
13186	6.8392
13187	6.7876
13188	6.8502
13189	6.7713
13190	6.7914
13191	6.8984
13192	6.738
13193	6.781
13194	6.9407
13195	6.7613
13196	6.9644
13197	6.7643
13198	7.0015
13199	6.7996
13200	7.0886
13201	6.8461
13202	7.1885
13203	6.9184
13204	7.2853
13205	6.9861
13206	7.4088
13207	6.9949
13208	7.4692
13209	7.0159
13210	7.477
13211	6.5486
13212	7.0465
13213	7.5316
13214	7.0221
13215	7.5203
13216	6.994
13217	6.5858
13218	7.4532
13219	7.1659
13220	7.4044
13221	7.0398
13222	7.3126
13223	7.4457
13224	7.4078
13225	7.4673
13226	7.4168
13227	7.4216
13228	7.3851
13229	1.1056
13230	1.4021
13231	1.1455
13232	1.4094
13233	1.1279
13234	1.4363
13235	0.97907
13236	1.3536
13237	0.84757
13238	1.1817
13239	0.63157
13240	0.80852
13241	1.1169
13242	0.82061
13243	1.085
13244	0.82585
13245	1.1041
13246	0.76674
13247	1.0623
13248	0.70718
13249	0.97846
13250	0.6747
13251	0.93767
13252	0.65592
13253	0.90504
13254	0.68527
13255	0.88888
13256	0.70937
13257	0.92694
13258	0.62923
13259	0.88452
13260	0.50999
13261	0.74206
13262	0.42108
13263	0.64754
13264	0.35551
13265	0.55401
13266	0.29825
13267	0.46824
13268	0.27589
13269	0.36785
13270	0.37843
13271	0.31019
13272	0.26435
13273	0.39081
13274	0.46741
13275	0.19727
13276	0.20476
13277	4.5703
13278	4.8755
13279	6.3911
13280	6.1131
13281	6.6969
13282	6.6521
13283	6.2522
13284	5.9294
13285	3.3838
13286	3.5456
13287	3.5217
13288	3.5819
13289	7.3309
13290	7.3269
13291	0.53366
13292	0.17879
13293	0.789
13294	15.091
13295	15.195
13296	15.971
13297	16.064
13298	0.93909
13299	1.1972
13300	1.5925
13301	3.3052
13302	2.9962
13303	2.7699
13304	0.20737
13305	4.1933
13306	3.8353
13307	0.27513
13308	0.27896
13309	0.32127
13310	0.41102
13311	0.51698
13312	0.62736
13313	0.72822
13314	0.82784
13315	0.91062
13316	1.0148
13317	1.1172
13318	1.1505
13319	1.1655
13320	1.1958
13321	1.2345
13322	1.2948
13323	1.3582
13324	1.3876
13325	1.4149
13326	1.4704
13327	1.6693
13328	1.5679
13329	1.7072
13330	1.7141
13331	1.7245
13332	1.7206
13333	1.6807
13334	1.7629
13335	1.8812
13336	1.9095
13337	1.9358
13338	1.9592
13339	1.9778
13340	1.9901
13341	2.0349
13342	2.0145
13343	2.0442
13344	2.0747
13345	2.1042
13346	2.0738
13347	2.0807
13348	2.1191
13349	2.1094
13350	2.0576
13351	2.0048
13352	1.981
13353	1.9613
13354	1.954
13355	1.9809
13356	2.0529
13357	2.1306
13358	2.1582
13359	2.1461
13360	2.1114
13361	2.0912
13362	2.074
13363	2.0202
13364	2.0075
13365	1.9928
13366	1.9433
13367	1.8963
13368	1.8318
13369	1.7648
13370	1.7088
13371	1.6811
13372	1.6451
13373	1.5781
13374	1.5396
13375	1.5274
13376	1.4935
13377	1.4312
13378	1.1757
13379	1.3522
13380	1.3069
13381	1.2641
13382	1.18
13383	1.0561
13384	0.94355
13385	0.84536
13386	0.73928
13387	0.62618
13388	0.50589
13389	0.41943
13390	0.36935
13391	0.37945
13392	0.46084
13393	0.58481
13394	0.74235
13395	0.90953
13396	1.0615
13397	1.226
13398	1.4676
13399	1.6693
13400	2.1098
13401	1.8524
13402	2.3658
13403	2.6166
13404	2.8657
13405	3.1417
13406	3.4399
13407	3.3739
13408	3.7234
13409	3.9996
13410	4.2462
13411	4.478
13412	4.3263
13413	4.6466
13414	4.4487
13415	4.6973
13416	4.6136
13417	4.2975
13418	3.8577
13419	3.4531
13420	4.548
13421	6.0936
13422	7.9372
13423	10.341
13424	16.793
13425	13.474
13426	18.967
13427	18.568
13428	15.639
13429	11.607
13430	8.0315
13431	5.7034
13432	4.6115
13433	4.3176
13434	4.1284
13435	4.0734
13436	4.4123
13437	4.6022
13438	4.7606
13439	4.8849
13440	4.8976
13441	4.9252
13442	4.9504
13443	5.4133
13444	5.023
13445	5.8877
13446	6.0649
13447	6.4477
13448	6.774
13449	6.9607
13450	7.2228
13451	7.5507
13452	7.8199
13453	7.9755
13454	8.1701
13455	7.9781
13456	8.4463
13457	8.6451
13458	8.7934
13459	9.0846
13460	9.305
13461	9.4479
13462	9.6917
13463	9.981
13464	10.251
13465	10.496
13466	10.755
13467	11.01
13468	11.214
13469	11.417
13470	11.651
13471	11.864
13472	12.071
13473	12.292
13474	12.501
13475	12.692
13476	12.871
13477	13.021
13478	13.162
13479	13.313
13480	13.465
13481	13.636
13482	13.802
13483	13.944
13484	14.07
13485	14.148
13486	14.216
13487	14.303
13488	14.382
13489	14.444
13490	14.506
13491	14.568
13492	14.609
13493	14.621
13494	14.623
13495	14.626
13496	14.644
13497	14.696
13498	14.779
13499	14.862
13500	14.894
13501	14.872
13502	14.819
13503	14.76
13504	14.716
13505	14.676
13506	14.604
13507	14.467
13508	14.303
13509	14.146
13510	13.97
13511	13.766
13512	13.556
13513	13.486
13514	13.338
13515	13.114
13516	12.879
13517	12.618
13518	12.358
13519	12.084
13520	11.788
13521	11.492
13522	11.191
13523	10.893
13524	10.959
13525	10.626
13526	10.666
13527	10.397
13528	10.424
13529	10.191
13530	10.001
13531	9.8177
13532	9.6378
13533	9.4561
13534	9.2686
13535	9.3329
13536	9.0762
13537	9.1497
13538	8.8823
13539	8.6896
13540	8.4975
13541	8.3055
13542	8.1146
13543	7.9212
13544	7.7249
13545	7.3476
13546	7.5322
13547	7.1653
13548	6.9829
13549	6.8097
13550	6.6394
13551	6.4665
13552	6.2968
13553	6.1339
13554	5.9822
13555	5.8443
13556	5.7284
13557	5.6435
13558	5.5769
13559	5.5069
13560	5.4467
13561	5.4198
13562	5.4125
13563	5.4268
13564	5.4823
13565	5.5616
13566	5.8035
13567	5.6635
13568	5.9597
13569	6.1357
13570	6.3555
13571	6.6117
13572	6.8896
13573	7.1641
13574	7.4448
13575	7.7577
13576	8.0952
13577	8.4491
13578	8.8175
13579	9.1993
13580	9.5949
13581	10.005
13582	10.429
13583	10.864
13584	11.307
13585	11.764
13586	12.25
13587	13.347
13588	12.777
13589	13.972
13590	14.67
13591	15.459
13592	16.366
13593	17.442
13594	18.78
13595	20.54
13596	22.926
13597	23.853
13598	17.502
13599	17.61
13600	23.763
13601	22.676
13602	20.534
13603	18.943
13604	17.7
13605	16.711
13606	15.903
13607	15.209
13608	14.576
13609	13.992
13610	13.455
13611	12.961
13612	12.533
13613	11.789
13614	12.164
13615	11.399
13616	11.027
13617	10.683
13618	10.365
13619	10.069
13620	10.139
13621	9.7921
13622	9.8802
13623	9.5296
13624	9.2814
13625	9.0537
13626	9.1783
13627	8.8499
13628	8.9789
13629	8.6674
13630	8.507
13631	8.3606
13632	8.5208
13633	8.2207
13634	8.1027
13635	8.0251
13636	8.1575
13637	7.9777
13638	7.9379
13639	7.9077
13640	7.8942
13641	7.8989
13642	7.92
13643	7.9532
13644	7.9868
13645	8.0085
13646	8.0495
13647	8.1352
13648	8.2432
13649	8.3561
13650	8.4654
13651	8.5743
13652	8.6579
13653	8.6882
13654	8.7702
13655	8.8037
13656	8.8765
13657	8.9199
13658	9.0384
13659	9.163
13660	9.2948
13661	9.434
13662	9.5721
13663	9.6989
13664	9.7375
13665	9.8179
13666	9.8661
13667	9.9481
13668	9.9232
13669	10.089
13670	10.089
13671	10.235
13672	10.228
13673	10.489
13674	10.36
13675	10.614
13676	10.725
13677	10.846
13678	10.979
13679	10.945
13680	11.112
13681	11.078
13682	11.248
13683	11.209
13684	11.392
13685	11.55
13686	11.496
13687	11.724
13688	11.916
13689	12.13
13690	12.076
13691	12.342
13692	12.544
13693	12.761
13694	12.702
13695	12.968
13696	12.924
13697	13.148
13698	13.327
13699	13.502
13700	13.475
13701	13.654
13702	13.803
13703	13.777
13704	13.936
13705	13.946
13706	14.204
13707	14.076
13708	14.321
13709	14.337
13710	14.427
13711	14.451
13712	14.524
13713	14.618
13714	14.704
13715	14.776
13716	14.814
13717	14.85
13718	14.924
13719	14.985
13720	15.046
13721	15.078
13722	15.108
13723	15.161
13724	15.205
13725	15.27
13726	15.241
13727	15.306
13728	15.274
13729	15.305
13730	15.332
13731	15.355
13732	15.378
13733	15.399
13734	15.476
13735	15.407
13736	15.497
13737	15.412
13738	15.475
13739	15.417
13740	15.424
13741	15.438
13742	15.444
13743	15.444
13744	15.52
13745	15.447
13746	15.523
13747	15.449
13748	15.45
13749	15.455
13750	15.541
13751	15.452
13752	15.546
13753	15.441
13754	15.432
13755	15.524
13756	15.418
13757	15.523
13758	15.397
13759	15.384
13760	15.372
13761	15.367
13762	15.365
13763	15.356
13764	15.348
13765	15.334
13766	15.319
13767	15.312
13768	15.391
13769	15.308
13770	15.389
13771	15.296
13772	15.386
13773	15.285
13774	15.27
13775	15.354
13776	15.25
13777	15.334
13778	15.236
13779	15.303
13780	15.236
13781	15.222
13782	15.231
13783	15.22
13784	15.304
13785	15.205
13786	15.262
13787	15.182
13788	15.158
13789	15.169
13790	15.143
13791	15.224
13792	15.13
13793	15.126
13794	15.133
13795	15.129
13796	15.135
13797	15.212
13798	15.123
13799	15.114
13800	15.103
13801	15.104
13802	15.098
13803	15.076
13804	15.165
13805	15.071
13806	15.078
13807	15.164
13808	15.078
13809	15.069
13810	15.066
13811	15.149
13812	15.07
13813	15.158
13814	15.065
13815	15.15
13816	15.051
13817	15.045
13818	15.046
13819	15.045
13820	15.034
13821	15.043
13822	15.029
13823	15.034
13824	15.096
13825	15.036
13826	15.03
13827	15.028
13828	15.029
13829	15.106
13830	15.033
13831	15.031
13832	15.029
13833	15.027
13834	15.032
13835	15.033
13836	15.114
13837	15.022
13838	15.023
13839	15.028
13840	15.03
13841	15.112
13842	15.033
13843	15.033
13844	15.025
13845	15.11
13846	15.022
13847	15.034
13848	15.108
13849	15.038
13850	15.12
13851	15.027
13852	15.113
13853	15.029
13854	15.027
13855	15.133
13856	15.013
13857	15.008
13858	15.006
13859	15.013
13860	15.009
13861	15.015
13862	15.015
13863	15.018
13864	15.008
13865	15.102
13866	15.003
13867	15.098
13868	14.997
13869	15.092
13870	14.988
13871	14.977
13872	15.076
13873	14.971
13874	14.967
13875	14.961
13876	14.958
13877	15.053
13878	14.957
13879	14.959
13880	15.059
13881	14.957
13882	14.961
13883	15.052
13884	14.985
13885	15.016
13886	15.116
13887	15.294
13888	15.478
13889	15.671
13890	15.873
13891	16.067
13892	16.163
13893	16.161
13894	16.169
13895	16.181
13896	16.178
13897	16.163
13898	16.154
13899	16.059
13900	16.15
13901	16.151
13902	16.151
13903	16.149
13904	16.147
13905	16.151
13906	16.159
13907	16.166
13908	16.052
13909	16.168
13910	16.071
13911	16.166
13912	16.166
13913	16.164
13914	16.167
13915	16.066
13916	16.173
13917	16.184
13918	16.202
13919	16.203
13920	16.189
13921	16.185
13922	16.187
13923	16.191
13924	16.191
13925	16.194
13926	16.194
13927	16.185
13928	16.114
13929	16.179
13930	16.179
13931	16.178
13932	16.186
13933	16.187
13934	16.103
13935	16.181
13936	16.095
13937	16.185
13938	16.18
13939	16.103
13940	16.168
13941	16.169
13942	16.178
13943	16.09
13944	16.176
13945	16.092
13946	16.171
13947	16.174
13948	16.174
13949	16.092
13950	16.165
13951	16.171
13952	16.166
13953	16.168
13954	16.171
13955	16.178
13956	16.089
13957	16.182
13958	16.184
13959	16.101
13960	16.189
13961	16.191
13962	16.188
13963	16.186
13964	16.182
13965	16.193
13966	16.196
13967	16.201
13968	16.199
13969	16.123
13970	16.207
13971	16.219
13972	16.221
13973	16.143
13974	16.224
13975	16.23
13976	16.149
13977	16.24
13978	16.159
13979	16.25
13980	16.255
13981	16.181
13982	16.259
13983	16.27
13984	16.281
13985	16.2
13986	16.283
13987	16.286
13988	16.29
13989	16.295
13990	16.309
13991	16.211
13992	16.323
13993	16.338
13994	16.356
13995	16.374
13996	16.384
13997	16.401
13998	16.418
13999	16.423
14000	16.339
14001	16.439
14002	16.454
14003	16.468
14004	16.494
14005	16.514
14006	16.53
14007	16.549
14008	16.461
14009	16.557
14010	16.474
14011	16.568
14012	16.589
14013	16.483
14014	16.602
14015	16.612
14016	16.631
14017	16.646
14018	16.666
14019	16.692
14020	16.717
14021	16.739
14022	16.75
14023	16.769
14024	16.791
14025	16.811
14026	16.829
14027	16.836
14028	16.832
14029	16.836
14030	16.704
14031	16.838
14032	16.832
14033	16.833
14034	16.678
14035	16.841
14036	16.849
14037	16.84
14038	16.68
14039	16.836
14040	16.842
14041	16.83
14042	16.809
14043	16.819
14044	16.829
14045	16.637
14046	16.811
14047	16.769
14048	16.616
14049	16.709
14050	16.666
14051	16.617
14052	16.558
14053	16.499
14054	16.465
14055	16.442
14056	16.371
14057	16.166
14058	16.292
14059	16.245
14060	16.159
14061	15.93
14062	16.034
14063	15.801
14064	15.88
14065	15.752
14066	15.494
14067	15.663
14068	15.42
14069	15.532
14070	15.363
14071	15.239
14072	14.883
14073	15.179
14074	15.089
14075	15.121
14076	14.926
14077	15.023
14078	14.8
14079	14.672
14080	14.396
14081	14.549
14082	14.351
14083	14.445
14084	14.246
14085	14.095
14086	14.133
14087	13.983
14088	14.027
14089	13.872
14090	13.918
14091	13.788
14092	13.677
14093	13.641
14094	13.494
14095	13.355
14096	13.217
14097	13.095
14098	13.069
14099	12.914
14100	12.752
14101	12.588
14102	12.479
14103	12.429
14104	12.321
14105	12.273
14106	12.176
14107	12.126
14108	11.987
14109	11.821
14110	11.636
14111	11.453
14112	11.265
14113	11.253
14114	11.066
14115	10.853
14116	10.633
14117	10.432
14118	10.413
14119	10.243
14120	10.033
14121	9.8094
14122	9.5836
14123	9.3586
14124	9.1326
14125	8.9044
14126	8.6728
14127	8.7921
14128	8.4395
14129	8.2083
14130	8.3419
14131	7.9852
14132	8.1247
14133	7.7686
14134	7.5581
14135	7.7108
14136	7.3572
14137	7.159
14138	6.964
14139	6.7788
14140	6.6083
14141	6.4594
14142	6.3359
14143	6.2407
14144	6.3328
14145	6.1808
14146	6.1539
14147	6.1704
14148	6.2317
14149	6.2908
14150	6.3669
14151	6.4566
14152	6.6161
14153	6.5471
14154	6.669
14155	6.7779
14156	7.0535
14157	7.3554
14158	7.502
14159	7.5659
14160	7.0616
14161	7.6148
14162	7.665
14163	7.1425
14164	7.6796
14165	7.6437
14166	7.256
14167	7.5913
14168	7.5705
14169	7.2629
14170	7.523
14171	7.4093
14172	7.4074
14173	7.4074
14174	7.3649
14175	7.489
14176	7.6157
14177	7.6964
14178	7.7743
14179	7.4018
14180	7.8666
14181	8.0166
14182	7.9588
14183	8.0088
14184	7.9752
14185	7.9221
14186	7.8136
14187	7.679
14188	7.5419
14189	7.4035
14190	7.291
14191	7.2065
14192	7.1214
14193	7.031
14194	6.9518
14195	6.9056
14196	6.8994
14197	6.9279
14198	6.9889
14199	6.9405
14200	7.0829
14201	7.0374
14202	7.2091
14203	7.1669
14204	7.3638
14205	7.5419
14206	7.4994
14207	7.7395
14208	7.6867
14209	7.9536
14210	8.1738
14211	8.3817
14212	8.2942
14213	8.574
14214	8.3942
14215	8.7904
14216	9.0413
14217	9.3027
14218	9.5709
14219	9.8405
14220	10.107
14221	10.365
14222	10.106
14223	10.619
14224	10.867
14225	10.591
14226	11.097
14227	10.797
14228	11.317
14229	11.538
14230	11.761
14231	11.988
14232	12.214
14233	12.438
14234	12.66
14235	12.867
14236	13.051
14237	12.666
14238	13.231
14239	13.429
14240	13.618
14241	13.211
14242	13.776
14243	13.932
14244	13.488
14245	14.096
14246	13.646
14247	14.281
14248	14.451
14249	14.561
14250	14.677
14251	14.82
14252	14.962
14253	15.097
14254	14.643
14255	15.214
14256	14.772
14257	15.314
14258	15.41
14259	14.958
14260	15.508
14261	15.052
14262	15.62
14263	15.728
14264	15.306
14265	15.802
14266	15.855
14267	15.426
14268	15.902
14269	15.943
14270	15.968
14271	15.966
14272	15.509
14273	15.934
14274	15.465
14275	15.895
14276	15.878
14277	15.319
14278	15.893
14279	15.926
14280	15.936
14281	15.376
14282	15.911
14283	15.911
14284	15.351
14285	15.925
14286	15.387
14287	15.884
14288	15.389
14289	15.859
14290	15.843
14291	15.758
14292	15.661
14293	15.569
14294	15.434
14295	15.31
14296	15.187
14297	15.017
14298	14.885
14299	14.773
14300	14.643
14301	14.521
14302	14.358
14303	14.16
14304	13.761
14305	13.959
14306	13.597
14307	13.456
14308	13.304
14309	13.133
14310	12.948
14311	12.955
14312	12.758
14313	12.564
14314	12.366
14315	12.166
14316	11.963
14317	12.049
14318	11.76
14319	11.557
14320	11.664
14321	11.356
14322	11.156
14323	10.955
14324	11.08
14325	10.757
14326	10.562
14327	10.368
14328	10.169
14329	9.9634
14330	9.7538
14331	9.5432
14332	9.3295
14333	9.1119
14334	8.89
14335	8.6641
14336	8.4364
14337	8.2076
14338	8.3567
14339	7.9737
14340	7.7322
14341	7.8827
14342	7.4845
14343	7.6303
14344	7.2314
14345	7.3714
14346	6.9743
14347	6.4526
14348	6.715
14349	6.1863
14350	5.9168
14351	6.0122
14352	5.6463
14353	5.3788
14354	5.1203
14355	4.8763
14356	4.6851
14357	4.5787
14358	4.5326
14359	4.3402
14360	4.0983
14361	4.0137
14362	4.0197
14363	4.032
14364	3.972
14365	3.5984
14366	3.9561
14367	3.8252
14368	3.5775
14369	3.5489
14370	3.5398
14371	3.3417
14372	2.8892
14373	3.182
14374	3.0955
14375	2.6959
14376	3.1049
14377	3.1974
14378	3.3324
14379	3.5317
14380	3.7944
14381	4.0563
14382	4.2792
14383	4.1241
14384	4.4502
14385	4.2205
14386	4.6019
14387	4.7333
14388	4.8364
14389	4.8871
14390	4.8924
14391	4.8851
14392	4.715
14393	4.8238
14394	4.723
14395	4.5557
14396	4.6355
14397	4.4511
14398	4.5559
14399	4.4652
14400	4.3197
14401	4.1426
14402	4.0127
14403	3.8955
14404	3.7621
14405	3.6031
14406	3.6053
14407	3.4661
14408	3.3052
14409	3.3508
14410	3.2389
14411	3.1389
14412	3.0269
14413	2.9157
14414	2.8192
14415	2.7441
14416	2.5627
14417	2.6925
14418	2.6404
14419	2.5902
14420	2.5662
14421	2.377
14422	2.5374
14423	2.3632
14424	2.4962
14425	2.4794
14426	2.4646
14427	2.2683
14428	2.4415
14429	2.4125
14430	2.4058
14431	2.4338
14432	2.4565
14433	2.4504
14434	2.443
14435	2.452
14436	2.4694
14437	2.4669
14438	2.469
14439	2.4638
14440	2.4644
14441	2.2136
14442	2.4417
14443	2.2206
14444	2.4293
14445	2.4533
14446	2.4582
14447	2.4392
14448	2.4261
14449	2.1252
14450	2.4359
14451	2.4563
14452	2.4505
14453	2.4289
14454	2.4077
14455	2.38
14456	2.3806
14457	2.0827
14458	2.408
14459	2.4086
14460	2.3824
14461	2.3685
14462	2.3465
14463	2.0922
14464	2.3257
14465	2.0604
14466	2.3094
14467	2.299
14468	2.2816
14469	2.0372
14470	2.2481
14471	2.2088
14472	2.1822
14473	1.9413
14474	2.1789
14475	1.9427
14476	2.1521
14477	2.1167
14478	2.0846
14479	2.047
14480	1.9967
14481	1.9536
14482	1.6973
14483	1.9548
14484	1.9659
14485	1.9429
14486	1.9133
14487	1.9112
14488	1.9305
14489	1.9293
14490	1.9064
14491	1.8983
14492	1.6785
14493	1.9098
14494	1.6718
14495	1.9408
14496	1.9758
14497	2.016
14498	2.0718
14499	1.835
14500	2.1364
14501	2.2168
14502	1.9829
14503	2.3064
14504	2.387
14505	2.1695
14506	2.4598
14507	2.2365
14508	2.557
14509	2.6782
14510	2.825
14511	2.9617
14512	3.0707
14513	3.2296
14514	2.9035
14515	3.4258
14516	3.1165
14517	3.8391
14518	4.2026
14519	6.0088
14520	5.3448
14521	4.7715
14522	4.3558
14523	4.7863
14524	5.0831
14525	6.0183
14526	5.3497
14527	5.6488
14528	13.694
14529	13.913
14530	9.2354
14531	9.1705
14532	15.069
14533	14.852
14534	15.72
14535	15.735
14536	11.943
14537	4.2001
14538	1.0515
14539	1.1266
14540	0.91064
14541	6.9321
14542	12.01
14543	11.628
14544	11.941
14545	10.302
14546	10.129
14547	13.121
14548	12.931
14549	10.91
14550	8.9256
14551	15.125
14552	14.254
14553	14.555
14554	2.8825
14555	8.8626
14556	1.2946
14557	1.2385
14558	15.585
14559	15.574
14560	15.705
14561	1.9053
14562	6.78
14563	6.8743
14564	6.0766
14565	6.1518
14566	15.42
14567	14.88
14568	14.666
14569	16.177
14570	14.119
14571	14.267
14572	4.2852
14573	4.1416
14574	1.1887
14575	1.9581
14576	2.177
14577	1.0564
14578	10.393
14579	10.247
14580	15.619
14581	12.847
14582	12.385
14583	1.4576
14584	11.044
14585	9.2677
14586	7.4993
14587	7.1192
14588	10.179
14589	12.561
14590	15.129
14591	6.841
14592	12.205
14593	6.5767
14594	6.8193
14595	15.277
14596	11.185
14597	11.055
14598	11.181
14599	12.155
14600	12.353
14601	7.696
14602	10.822
14603	16.013
14604	1.3463
14605	8.9668
14606	7.2664
14607	13.651
14608	7.0532
14609	9.8867
14610	10.032
14611	10.798
14612	10.948
14613	7.3101
14614	14.325
14615	1.8471
14616	11.902
14617	10.981
14618	10.659
14619	12.034
14620	12.237
14621	14.608
14622	1.2703
14623	1.0594
14624	12.997
14625	12.922
14626	11.402
14627	11.61
14628	11.213
14629	12.893
14630	1.495
14631	10.992
14632	0.73086
14633	0.69549
14634	15.758
14635	1.1883
14636	13.209
14637	12.78
14638	12.164
14639	12.12
14640	12.378
14641	15.506
14642	9.9137
14643	15.177
14644	14.845
14645	9.1117
14646	15.332
14647	15.251
14648	15.434
14649	15.6
14650	15.292
14651	15.107
14652	0.43224
14653	15.381
14654	15.312
14655	11.513
14656	15.396
14657	15.588
14658	1.704
14659	15.951
14660	16.105
14661	15.378
14662	15.2
14663	15.086
14664	12.659
14665	15.244
14666	15.324
14667	1.9524
14668	11.793
14669	15.215
14670	9.1219
14671	10.382
14672	11.076
14673	1.5057
14674	5.1841
14675	15.444
14676	15.602
14677	15.644
14678	3.5508
14679	7.1202
14680	6.9527
14681	15.864
14682	15.663
14683	14.855
14684	14.552
14685	1.3569
14686	15.638
14687	15.294
14688	3.3905
14689	11.644
14690	11.348
14691	11.842
14692	14.076
14693	1.5299
14694	8.747
14695	8.6188
14696	9.0764
14697	15.918
14698	12.137
14699	9.6803
14700	10.535
14701	14.006
14702	13.966
14703	13.871
14704	15.62
14705	15.633
14706	15.696
14707	9.2068
14708	14.435
14709	14.887
14710	1.6332
14711	16.005
14712	15.929
14713	12.006
14714	6.0424
14715	9.7556
14716	9.9235
14717	15.824
14718	15.887
14719	15.503
14720	15.518
14721	13.857
14722	9.613
14723	9.7772
14724	9.395
14725	0.73819
14726	1.8082
14727	14.081
14728	14.067
14729	13.933
14730	15.605
14731	15.691
14732	12.146
14733	10.924
14734	12.074
14735	7.784
14736	7.5206
14737	7.6869
14738	4.1921
14739	10.418
14740	10.047
14741	9.9633
14742	10.049
14743	12.573
14744	12.415
14745	2.2232
14746	12.935
14747	12.513
14748	15.197
14749	15.273
14750	15.469
14751	15.733
14752	15.882
14753	15.942
14754	0.85669
14755	7.2521
14756	10.377
14757	9.1434
14758	15.96
14759	15.873
14760	5.8571
14761	11.843
14762	13.315
14763	4.2867
14764	1.8604
14765	12.557
14766	14.494
14767	15.269
14768	15.462
14769	1.5595
14770	1.6748
14771	5.6564
14772	5.3491
14773	15.24
14774	15.331
14775	10.33
14776	12.749
14777	15.771
14778	15.93
14779	15.853
14780	12.217
14781	12.073
14782	13.836
14783	13.726
14784	9.261
14785	9.2294
14786	1.6158
14787	6.9712
14788	8.3765
14789	8.335
14790	8.1319
14791	15.999
14792	10.374
14793	5.3817
14794	13.333
14795	9.9839
14796	9.6705
14797	8.6414
14798	10.686
14799	11.175
14800	0.64799
14801	15.02
14802	6.2123
14803	14.838
14804	0.54356
14805	14.073
14806	6.4152
14807	0.9209
14808	15.87
14809	16.388
14810	12.217
14811	15.937
14812	16.079
14813	15.995
14814	0.52511
14815	15.997
14816	14.86
14817	14.837
14818	15.133
14819	15.47
14820	15.196
14821	6.2717
14822	13.703
14823	10.893
14824	7.8864
14825	9.9708
14826	10.02
14827	14.429
14828	2.0208
14829	0.55636
14830	0.48351
14831	10.077
14832	10.271
14833	8.5436
14834	11.257
14835	13.644
14836	1.8961
14837	1.5077
14838	7.1827
14839	7.2169
14840	8.0803
14841	7.918
14842	2.6764
14843	8.4407
14844	12.238
14845	12.54
14846	14.92
14847	14.717
14848	14.867
14849	8.7907
14850	9.1508
14851	14.969
14852	10.535
14853	16.081
14854	16.019
14855	15.631
14856	15.109
14857	6.2253
14858	5.8376
14859	8.2747
14860	8.7417
14861	12.47
14862	11.777
14863	1.2698
14864	15.61
14865	15.695
14866	15.852
14867	1.9725
14868	12.992
14869	15.668
14870	15.375
14871	15.941
14872	9.2259
14873	13.076
14874	15.285
14875	10.277
14876	15.692
14877	7.0468
14878	6.8331
14879	15.254
14880	12.864
14881	15.195
14882	16.38
14883	16.096
14884	11.108
14885	15.695
14886	15.734
14887	15.478
14888	5.6874
14889	0.66034
14890	7.9558
14891	1.5026
14892	7.5972
14893	7.9407
14894	2.1846
14895	12.618
14896	15.554
14897	15.778
14898	15.784
14899	9.2719
14900	6.2052
14901	7.5679
14902	1.1106
14903	15.56
14904	3.361
14905	9.4606
14906	8.4721
14907	9.286
14908	1.0397
14909	7.9301
14910	7.2637
14911	15.506
14912	11.4
14913	11.193
14914	8.2646
14915	9.2747
14916	10.175
14917	8.6261
14918	8.5175
14919	10.146
14920	9.4755
14921	7.0686
14922	15.768
14923	15.988
14924	15.851
14925	13.282
14926	12.082
14927	10.189
14928	8.7899
14929	9.0938
14930	8.8101
14931	9.048
14932	9.3511
14933	9.6379
14934	9.4067
14935	9.5598
14936	9.2875
14937	9.8476
14938	9.9408
14939	9.7559
14940	9.1985
14941	9.0526
14942	8.9401
14943	9.1647
14944	8.9268
14945	9.1327
14946	8.8145
14947	8.6749
14948	8.6748
14949	8.5373
14950	9.2316
14951	9.2295
14952	9.1534
14953	9.158
14954	9.1343
14955	8.9877
14956	8.9715
14957	8.9242
14958	8.7143
14959	8.6786
14960	12.3
14961	12.327
14962	12.56
14963	12.591
14964	12.654
14965	12.841
14966	12.908
14967	8.4545
14968	8.2006
14969	8.5188
14970	8.2683
14971	8.0285
14972	8.3424
14973	8.1068
14974	7.885
14975	8.1876
14976	7.9702
14977	7.7709
14978	8.0578
14979	7.8627
14980	11.145
14981	10.962
14982	10.84
14983	10.781
14984	10.539
14985	10.382
14986	10.166
14987	9.7582
14988	9.1187
14989	12.846
14990	12.671
14991	12.79
14992	12.628
14993	12.471
14994	12.604
14995	12.461
14996	8.7216
14997	9.0795
14998	8.9943
14999	8.6382
15000	9.3627
15001	9.2812
15002	13.841
15003	13.936
15004	14.115
15005	14.232
15006	14.353
15007	14.514
15008	14.654
15009	12.256
15010	11.817
15011	11.947
15012	11.517
15013	11.094
15014	11.217
15015	10.802
15016	10.394
15017	10.51
15018	10.112
15019	9.7272
15020	9.8261
15021	9.4522
15022	9.4908
15023	9.5959
15024	9.7731
15025	9.9655
15026	9.5678
15027	9.756
15028	9.9533
15029	1.6508
15030	1.4578
15031	1.4327
15032	1.2491
15033	1.0554
15034	1.0238
15035	0.85803
15036	6.9978
15037	7.0677
15038	7.218
15039	7.3434
15040	7.4381
15041	7.6898
15042	7.8323
15043	0.54933
15044	0.60274
15045	15.697
15046	13.695
15047	9.4709
15048	9.3424
15049	9.0598
15050	8.956
15051	8.4591
15052	8.8634
15053	7.6126
15054	10.145
15055	15.581
15056	15.622
15057	15.713
15058	1.0202
15059	0.75051
15060	0.53471
15061	6.3489
15062	16.019
15063	0.4829
15064	0.38145
15065	0.77555
15066	15.571
15067	15.708
15068	9.6905
15069	9.0794
15070	8.9079
15071	8.8262
15072	8.6756
15073	12.573
15074	12.333
15075	12.51
15076	12.278
15077	12.057
15078	12.242
15079	12.031
15080	11.831
15081	12.02
15082	11.831
15083	13.086
15084	13.202
15085	13.106
15086	13.239
15087	13.378
15088	13.301
15089	13.455
15090	13.61
15091	13.54
15092	13.71
15093	10.576
15094	10.245
15095	10.369
15096	10.041
15097	9.708
15098	9.8084
15099	9.4776
15100	9.123
15101	9.2134
15102	8.86
15103	8.5137
15104	8.5857
15105	8.2399
15106	11.497
15107	11.66
15108	11.45
15109	11.623
15110	1.2113
15111	0.91447
15112	0.9108
15113	0.65083
15114	15.374
15115	15.274
15116	15.458
15117	15.285
15118	15.477
15119	15.189
15120	10.825
15121	10.53
15122	10.71
15123	10.424
15124	10.16
15125	10.298
15126	10.042
15127	9.8011
15128	9.9032
15129	9.6661
15130	9.4222
15131	9.4828
15132	9.2394
15133	0.69962
15134	0.50064
15135	0.47876
15136	0.3802
15137	15.564
15138	15.561
15139	15.564
15140	15.584
15141	11.093
15142	10.847
15143	11.091
15144	10.848
15145	10.586
15146	10.871
15147	10.613
15148	10.369
15149	10.678
15150	10.438
15151	10.186
15152	10.488
15153	10.24
15154	16.246
15155	16.125
15156	16.152
15157	16.036
15158	0.85399
15159	0.58702
15160	0.72214
15161	0.67122
15162	0.87656
15163	1.3338
15164	1.5857
15165	1.9101
15166	2.532
15167	2.8354
15168	3.1118
15169	3.9988
15170	4.2474
15171	7.3737
15172	7.384
15173	7.2469
15174	7.2555
15175	7.3099
15176	7.046
15177	7.0988
15178	15.686
15179	15.602
15180	15.685
15181	15.524
15182	15.776
15183	15.705
15184	15.858
15185	15.785
15186	15.77
15187	15.865
15188	15.693
15189	15.787
15190	15.867
15191	15.692
15192	15.771
15193	13.546
15194	8.156
15195	7.9565
15196	6.9868
15197	6.8517
15198	6.8523
15199	6.0051
15200	6.0758
15201	0.50189
15202	0.72589
15203	0.72565
15204	0.40229
15205	0.39673
15206	0.509
15207	0.73105
15208	0.40917
15209	0.51441
15210	0.41705
15211	0.39272
15212	0.50522
15213	0.49527
15214	0.72775
15215	0.97984
15216	0.9735
15217	1.2409
15218	2.2511
15219	1.8736
15220	2.191
15221	1.7798
15222	1.4223
15223	1.9295
15224	1.6227
15225	1.3945
15226	1.9861
15227	1.8363
15228	15.387
15229	15.471
15230	15.508
15231	15.607
15232	10.058
15233	9.812
15234	10.101
15235	9.8572
15236	9.6121
15237	9.918
15238	9.6757
15239	9.4244
15240	9.7433
15241	9.4954
15242	9.25
15243	9.564
15244	9.3224
15245	10.122
15246	9.9976
15247	9.9634
15248	9.8378
15249	8.5033
15250	8.4726
15251	7.7671
15252	7.7206
15253	6.1634
15254	7.1724
15255	6.9406
15256	7.0831
15257	8.1611
15258	8.4116
15259	8.3079
15260	8.5688
15261	8.7659
15262	8.643
15263	8.7205
15264	8.9261
15265	9.0678
15266	8.9488
15267	9.0828
15268	15.577
15269	15.677
15270	15.674
15271	15.776
15272	15.35
15273	15.439
15274	15.425
15275	15.517
15276	15.605
15277	15.592
15278	15.682
15279	15.761
15280	15.762
15281	15.842
15282	15.835
15283	15.774
15284	15.927
15285	15.864
15286	15.784
15287	15.945
15288	15.863
15289	15.788
15290	15.95
15291	15.873
15292	15.795
15293	15.95
15294	15.869
15295	15.852
15296	15.762
15297	15.771
15298	15.682
15299	15.597
15300	15.609
15301	15.525
15302	0.76675
15303	0.5156
15304	0.52979
15305	0.42602
15306	9.3123
15307	9.4778
15308	9.3769
15309	9.233
15310	9.1964
15311	9.3892
15312	9.5937
15313	9.2786
15314	9.4715
15315	3.3225
15316	3.5323
15317	3.5323
15318	3.7419
15319	3.8597
15320	3.8561
15321	3.9715
15322	4.0211
15323	4.0291
15324	4.0776
15325	15.76
15326	15.847
15327	15.686
15328	15.771
15329	0.65786
15330	0.64637
15331	0.63791
15332	10.216
15333	10.432
15334	9.8532
15335	10.052
15336	4.0061
15337	3.9437
15338	3.8356
15339	3.7726
15340	3.7395
15341	3.5918
15342	3.5583
15343	6.4483
15344	6.6342
15345	6.312
15346	6.5068
15347	6.7203
15348	6.3847
15349	6.6062
15350	6.8459
15351	6.5074
15352	6.7533
15353	7.021
15354	6.6894
15355	6.9609
15356	15.733
15357	15.656
15358	15.65
15359	15.574
15360	15.494
15361	15.492
15362	15.413
15363	2.7908
15364	2.4086
15365	2.6788
15366	2.2968
15367	1.8743
15368	2.1748
15369	1.7522
15370	13.174
15371	12.775
15372	12.933
15373	12.596
15374	12.285
15375	12.484
15376	12.241
15377	13.761
15378	0.79358
15379	12.617
15380	9.7784
15381	15.797
15382	15.594
15383	15.663
15384	15.676
15385	15.783
15386	15.882
15387	15.869
15388	15.972
15389	16.081
15390	16.054
15391	0.93238
15392	0.76105
15393	1.1232
15394	0.91404
15395	0.75397
15396	1.1161
15397	0.91822
15398	0.74991
15399	1.1252
15400	0.91834
15401	0.732
15402	1.1227
15403	0.89329
15404	15.845
15405	15.918
15406	15.773
15407	15.845
15408	15.924
15409	15.778
15410	15.856
15411	15.917
15412	15.769
15413	15.828
15414	15.897
15415	15.746
15416	15.813
15417	16.237
15418	16.168
15419	16.344
15420	16.271
15421	0.5313
15422	0.39624
15423	0.38742
15424	0.46445
15425	0.64755
15426	0.68864
15427	0.92487
15428	8.7182
15429	8.8765
15430	8.8194
15431	8.9829
15432	9.0815
15433	9.0705
15434	9.1742
15435	9.2097
15436	9.2536
15437	9.2947
15438	8.4766
15439	8.6699
15440	8.5389
15441	8.7382
15442	8.8949
15443	8.7996
15444	8.9591
15445	9.062
15446	9.0022
15447	9.1062
15448	9.1479
15449	9.1209
15450	9.1633
15451	1.7318
15452	1.8856
15453	7.2758
15454	7.6325
15455	7.5018
15456	7.8751
15457	8.2616
15458	8.1356
15459	8.534
15460	8.9161
15461	8.8017
15462	9.192
15463	9.571
15464	9.475
15465	9.8605
15466	9.2437
15467	15.577
15468	9.7913
15469	6.1474
