Node Number	Maximum Principal Stress (MPa)
1	1.0524e-002
2	2.7819
3	0.33732
4	1.0626
5	1.6007
6	2.0394
7	2.4235
8	5.8659
9	5.3468
10	5.0453
11	4.6707
12	4.1815
13	3.5757
14	3.2413
15	3.8395
16	4.3866
17	4.8428
18	5.1766
19	5.3857
20	5.4783
21	5.4722
22	5.3892
23	5.2499
24	5.073
25	4.8735
26	4.6636
27	4.4525
28	4.2475
29	4.053
30	3.8719
31	3.7062
32	3.5562
33	3.4221
34	3.3034
35	3.1996
36	3.1095
37	3.0323
38	2.9676
39	2.9137
40	2.8704
41	2.8363
42	2.8108
43	2.7929
44	2.7819
45	2.7767
46	2.7764
47	2.7809
48	2.7888
49	2.8
50	2.8138
51	2.8291
52	2.8456
53	2.8623
54	2.8785
55	2.8935
56	2.9064
57	2.9169
58	2.9245
59	2.9291
60	2.9312
61	2.9309
62	2.9287
63	2.925
64	2.9202
65	2.915
66	2.9094
67	2.9036
68	2.8976
69	2.8916
70	2.8851
71	2.8782
72	2.87
73	2.8605
74	2.8491
75	2.8356
76	2.82
77	2.8021
78	2.7827
79	2.762
80	2.74
81	2.7181
82	2.6959
83	2.6738
84	2.6521
85	2.6304
86	2.6091
87	2.5876
88	2.5656
89	2.5426
90	2.5185
91	2.493
92	2.4661
93	2.4381
94	2.4094
95	2.3804
96	2.3512
97	2.3227
98	2.2948
99	2.2678
100	2.242
101	2.2173
102	2.1934
103	2.1704
104	2.1482
105	2.1267
106	2.106
107	2.0866
108	2.0687
109	2.0532
110	2.0407
111	2.0316
112	2.0265
113	2.0257
114	2.0298
115	2.0391
116	2.0534
117	2.0738
118	2.1008
119	2.1359
120	2.1816
121	2.2427
122	2.3245
123	2.4352
124	2.5878
125	5.5905
126	6.1178
127	23.616
128	23.264
129	22.856
130	22.42
131	21.968
132	21.499
133	21.018
134	20.527
135	20.027
136	19.521
137	19.009
138	18.493
139	17.974
140	17.455
141	16.937
142	16.422
143	15.91
144	15.405
145	14.906
146	14.416
147	13.937
148	13.468
149	13.012
150	12.569
151	12.14
152	11.727
153	11.329
154	10.949
155	10.585
156	10.238
157	9.9103
158	9.5998
159	9.3072
160	9.032
161	8.7736
162	8.5304
163	8.3017
164	8.0856
165	7.8798
166	7.6825
167	7.4909
168	7.3031
169	7.1161
170	6.9274
171	6.734
172	6.5329
173	6.3202
174	6.0918
175	5.8427
176	5.5677
177	5.2615
178	4.9192
179	4.5377
180	4.118
181	3.666
182	3.8572
183	4.3554
184	4.8666
185	30.542
186	30.673
187	30.8
188	30.916
189	31.008
190	31.066
191	31.076
192	31.047
193	30.971
194	30.847
195	30.683
196	30.473
197	30.224
198	29.938
199	29.617
200	29.263
201	28.876
202	28.462
203	28.02
204	27.553
205	27.061
206	26.544
207	26.012
208	25.472
209	24.963
210	24.49
211	24.044
212	3.0258
213	30.424
214	30.295
215	30.155
216	30.001
217	29.834
218	29.655
219	29.463
220	29.257
221	29.038
222	28.806
223	28.56
224	28.301
225	28.028
226	27.741
227	27.461
228	27.289
229	27.092
230	26.868
231	26.616
232	26.336
233	26.029
234	25.691
235	25.324
236	24.926
237	24.497
238	24.036
239	23.542
240	23.015
241	22.455
242	21.861
243	21.233
244	20.571
245	19.88
246	19.136
247	18.442
248	17.845
249	17.235
250	16.612
251	15.977
252	15.328
253	14.668
254	13.996
255	13.312
256	12.616
257	11.909
258	11.19
259	10.46
260	9.7189
261	8.9669
262	8.2043
263	7.4292
264	6.6438
265	5.8469
266	5.0387
267	4.22
268	3.3923
269	2.5584
270	1.7224
271	0.89256
272	7.8996e-002
273	-1.1093e-002
274	-2.6884e-002
275	-3.6403e-002
276	-3.7485e-002
277	-4.3661e-002
278	-5.2013e-002
279	-6.5394e-002
280	-8.1577e-002
281	-9.1863e-002
282	-0.11181
283	-5.1516e-002
284	0.8218
285	27.978
286	27.784
287	27.581
288	27.369
289	27.148
290	26.918
291	26.679
292	26.43
293	26.171
294	25.903
295	25.624
296	25.336
297	25.037
298	24.728
299	24.407
300	24.077
301	23.735
302	23.383
303	23.018
304	22.644
305	22.257
306	21.86
307	21.45
308	21.029
309	20.597
310	20.153
311	19.697
312	19.23
313	18.751
314	18.259
315	17.757
316	17.243
317	16.717
318	16.18
319	15.632
320	15.071
321	14.502
322	13.92
323	13.328
324	12.725
325	12.113
326	11.49
327	10.858
328	10.217
329	9.5662
330	8.9074
331	8.2396
332	7.5635
333	6.8796
334	6.1877
335	5.4883
336	4.7817
337	4.0684
338	3.3492
339	2.6221
340	1.8916
341	1.1546
342	0.41849
343	8.1844e-003
344	-1.819e-003
345	-6.4941e-003
346	-1.3534e-002
347	-2.5032e-002
348	-4.1302e-002
349	-5.9311e-002
350	-7.921e-002
351	-8.662e-002
352	-8.1787e-002
353	-7.6475e-002
354	-9.0058e-002
355	-0.10569
356	-6.7283e-002
357	0.67191
358	28.983
359	28.981
360	28.978
361	28.973
362	28.968
363	28.963
364	28.96
365	28.957
366	28.957
367	28.957
368	28.958
369	28.959
370	28.961
371	28.964
372	28.966
373	28.968
374	28.97
375	28.971
376	28.973
377	28.974
378	28.974
379	28.975
380	28.975
381	28.975
382	28.975
383	28.975
384	28.974
385	28.973
386	28.972
387	28.971
388	28.97
389	28.968
390	28.967
391	28.965
392	28.964
393	28.962
394	28.96
395	28.959
396	28.957
397	28.955
398	28.953
399	28.951
400	28.949
401	28.947
402	28.945
403	28.943
404	28.941
405	28.939
406	28.936
407	28.934
408	28.931
409	28.929
410	28.927
411	28.924
412	28.922
413	28.919
414	28.917
415	28.914
416	28.911
417	28.909
418	28.906
419	28.903
420	28.901
421	28.898
422	28.895
423	28.893
424	28.89
425	28.888
426	28.886
427	28.884
428	28.882
429	28.88
430	28.878
431	28.877
432	28.876
433	28.876
434	28.876
435	28.876
436	28.877
437	28.879
438	28.881
439	28.884
440	28.887
441	28.892
442	28.897
443	28.904
444	28.912
445	28.92
446	28.93
447	28.941
448	28.954
449	28.968
450	28.984
451	29.002
452	29.021
453	29.042
454	29.065
455	29.09
456	29.117
457	29.146
458	29.178
459	29.211
460	29.247
461	29.286
462	29.327
463	29.37
464	29.416
465	29.464
466	29.514
467	29.567
468	29.622
469	29.679
470	29.738
471	29.799
472	29.862
473	29.926
474	29.991
475	30.058
476	30.124
477	30.192
478	30.258
479	30.324
480	30.388
481	30.451
482	30.511
483	30.568
484	30.621
485	30.67
486	30.712
487	30.748
488	30.776
489	30.795
490	30.803
491	30.801
492	30.786
493	30.756
494	30.711
495	30.648
496	30.566
497	30.463
498	30.338
499	30.189
500	30.013
501	29.809
502	29.578
503	29.326
504	29.066
505	28.812
506	28.565
507	28.331
508	28.158
509	27.515
510	28.68
511	28.372
512	28.052
513	27.737
514	20.83
515	27.419
516	27.338
517	27.269
518	27.295
519	27.27
520	27.271
521	27.28
522	27.298
523	27.301
524	27.307
525	27.327
526	27.329
527	27.333
528	27.35
529	27.351
530	27.354
531	27.368
532	27.368
533	27.37
534	27.38
535	27.379
536	27.38
537	27.387
538	27.385
539	27.385
540	27.391
541	27.388
542	27.387
543	27.391
544	27.388
545	27.386
546	27.389
547	27.386
548	27.384
549	27.385
550	27.382
551	27.38
552	27.38
553	27.377
554	27.374
555	27.375
556	27.371
557	27.368
558	27.368
559	27.365
560	27.362
561	27.362
562	27.359
563	27.356
564	27.356
565	27.353
566	27.351
567	27.351
568	27.348
569	27.347
570	27.347
571	27.345
572	27.344
573	27.344
574	27.343
575	27.344
576	27.344
577	27.343
578	27.345
579	27.346
580	27.347
581	27.35
582	27.352
583	27.354
584	27.359
585	27.362
586	27.366
587	27.372
588	27.378
589	27.383
590	27.391
591	27.399
592	27.407
593	27.417
594	27.427
595	27.437
596	27.45
597	27.463
598	27.475
599	27.491
600	27.506
601	27.522
602	27.54
603	27.558
604	27.577
605	27.598
606	27.619
607	27.64
608	27.663
609	27.686
610	27.71
611	27.735
612	27.76
613	27.785
614	27.811
615	27.837
616	27.862
617	27.888
618	27.913
619	27.936
620	27.96
621	27.982
622	28.003
623	28.022
624	28.039
625	28.052
626	28.065
627	28.072
628	28.076
629	28.076
630	28.071
631	28.06
632	28.045
633	28.021
634	27.991
635	27.954
636	27.907
637	27.851
638	27.786
639	27.709
640	27.621
641	27.521
642	27.407
643	27.279
644	27.137
645	26.979
646	26.803
647	26.612
648	26.402
649	26.172
650	25.925
651	25.655
652	25.365
653	25.054
654	24.72
655	24.365
656	23.986
657	23.585
658	23.168
659	22.746
660	22.339
661	21.96
662	21.633
663	21.354
664	21.095
665	135.92
666	20.589
667	20.344
668	20.095
669	19.842
670	19.586
671	19.326
672	19.063
673	18.797
674	18.529
675	18.258
676	17.985
677	17.709
678	17.432
679	17.152
680	16.873
681	16.592
682	16.31
683	16.027
684	15.745
685	15.463
686	15.181
687	14.901
688	14.622
689	14.345
690	14.071
691	13.8
692	13.532
693	13.267
694	13.008
695	12.753
696	12.504
697	12.261
698	12.025
699	11.795
700	11.577
701	11.364
702	11.162
703	10.971
704	11.28
705	12.1
706	12.96
707	13.859
708	14.799
709	15.78
710	16.803
711	17.867
712	18.973
713	20.12
714	21.306
715	22.531
716	23.784
717	25.097
718	26.431
719	27.802
720	29.204
721	30.637
722	32.106
723	33.619
724	35.196
725	36.88
726	38.727
727	40.883
728	43.598
729	47.408
730	53.37
731	71.624
732	16.832
733	16.517
734	16.192
735	15.864
736	15.542
737	15.209
738	14.886
739	14.551
740	14.218
741	13.896
742	13.561
743	13.231
744	12.908
745	12.577
746	12.26
747	11.938
748	11.619
749	11.311
750	10.996
751	10.697
752	10.396
753	10.099
754	9.8173
755	9.5308
756	9.2547
757	8.9931
758	8.729
759	8.4845
760	8.2431
761	8.0112
762	7.7966
763	7.5841
764	7.3931
765	7.2096
766	7.039
767	6.8902
768	6.7465
769	6.6222
770	7.1944
771	8.142
772	9.1294
773	10.152
774	11.214
775	12.314
776	13.453
777	14.629
778	15.843
779	17.094
780	18.384
781	19.709
782	21.068
783	22.46
784	23.883
785	25.333
786	26.808
787	28.307
788	29.829
789	31.38
790	32.967
791	34.613
792	36.354
793	38.265
794	40.479
795	43.274
796	47.152
797	53.133
798	71.784
799	24.4
800	24.666
801	24.845
802	24.952
803	25.086
804	25.102
805	25.113
806	25.072
807	24.953
808	24.851
809	24.629
810	24.38
811	24.11
812	23.826
813	23.463
814	23.059
815	22.616
816	22.138
817	21.629
818	21.091
819	20.514
820	19.919
821	19.325
822	18.753
823	18.235
824	17.752
825	17.301
826	-0.98469
827	24.134
828	23.854
829	23.743
830	23.7
831	23.502
832	23.407
833	23.301
834	23.026
835	22.912
836	22.744
837	22.36
838	22.244
839	22.031
840	21.546
841	21.467
842	21.126
843	20.605
844	20.499
845	19.867
846	19.632
847	19.396
848	18.721
849	18.576
850	18.192
851	17.47
852	17.361
853	16.897
854	16.191
855	16.02
856	15.591
857	14.838
858	14.88
859	14.208
860	13.663
861	13.277
862	12.63
863	12.234
864	12.154
865	11.224
866	11.429
867	10.849
868	9.8364
869	10.482
870	9.6878
871	9.4169
872	8.9382
873	8.8005
874	7.9019
875	8.55
876	6.4521
877	6.9783
878	7.5842
879	4.5945
880	5.6469
881	5.0863
882	1.8094
883	5.3885
884	6.0466
885	2.7768
886	3.4949
887	2.3295
888	2.464
889	1.3024
890	-0.32805
891	0.24407
892	-0.88006
893	-9.4233e-002
894	-0.57582
895	-0.62543
896	-0.65488
897	-1.2803
898	0.89655
899	0.71596
900	-2.45
901	-2.8858
902	2.2494
903	1.688
904	4.0755
905	5.5413
906	5.6025
907	5.5303
908	5.4412
909	5.2839
910	4.9449
911	4.6696
912	4.3837
913	3.9917
914	3.6711
915	3.371
916	3.
917	2.7032
918	2.4413
919	2.1254
920	1.8825
921	1.6679
922	1.3895
923	1.1581
924	0.95496
925	0.71958
926	0.53287
927	0.37889
928	0.19617
929	5.6588e-002
930	-5.3789e-002
931	-0.16573
932	-0.24785
933	-0.24748
934	-0.23703
935	-0.23418
936	-0.23387
937	-0.22367
938	-0.22097
939	-0.22122
940	-0.2108
941	-0.20833
942	-0.20915
943	-0.19832
944	-0.19665
945	-0.19706
946	-0.1878
947	-0.18577
948	-0.18534
949	-0.1777
950	-0.17535
951	-0.17518
952	-0.16768
953	-0.16556
954	-0.16578
955	-0.15811
956	-0.15688
957	-0.15382
958	-0.15164
959	-0.1505
960	-0.14216
961	-0.14374
962	-0.14222
963	-0.13497
964	-0.13572
965	-0.13397
966	-0.12833
967	-0.12862
968	-0.12704
969	-0.12144
970	-0.12194
971	-0.12065
972	-0.1148
973	-0.11575
974	-0.11473
975	-0.10843
976	-0.10978
977	-0.10887
978	-0.1039
979	-0.10445
980	-0.10076
981	-9.9805e-002
982	-9.9682e-002
983	-9.5833e-002
984	-9.4845e-002
985	-9.4906e-002
986	-9.1059e-002
987	-9.0153e-002
988	-9.0537e-002
989	-8.6476e-002
990	-8.5521e-002
991	-8.6021e-002
992	-8.2603e-002
993	-8.154e-002
994	-8.1548e-002
995	-7.8685e-002
996	-7.7945e-002
997	-7.7382e-002
998	-7.5116e-002
999	-7.4011e-002
1000	-7.3748e-002
1001	-7.1278e-002
1002	-7.0474e-002
1003	-7.0689e-002
1004	-6.7572e-002
1005	-6.7373e-002
1006	-6.6209e-002
1007	-6.8212e-002
1008	-5.2661e-002
1009	-7.5927e-002
1010	-2.5131e-002
1011	12.445
1012	19.735
1013	15.702
1014	13.084
1015	13.706
1016	23.515
1017	12.312
1018	12.545
1019	12.49
1020	16.703
1021	17.269
1022	19.402
1023	20.596
1024	22.322
1025	20.863
1026	18.311
1027	17.927
1028	17.452
1029	15.203
1030	13.952
1031	12.945
1032	12.183
1033	12.59
1034	12.836
1035	13.385
1036	14.021
1037	12.667
1038	13.973
1039	14.043
1040	12.786
1041	12.306
1042	12.654
1043	12.1
1044	12.613
1045	21.679
1046	24.496
1047	21.851
1048	22.744
1049	23.09
1050	24.034
1051	13.228
1052	21.54
1053	14.242
1054	13.158
1055	16.368
1056	11.857
1057	23.558
1058	22.987
1059	24.589
1060	24.179
1061	23.806
1062	24.115
1063	22.588
1064	22.654
1065	21.407
1066	21.094
1067	19.804
1068	19.068
1069	24.949
1070	8.5037
1071	24.57
1072	18.542
1073	17.811
1074	17.053
1075	16.154
1076	15.238
1077	13.212
1078	12.04
1079	11.438
1080	11.091
1081	10.911
1082	10.703
1083	10.702
1084	10.847
1085	11.061
1086	7.7389
1087	10.325
1088	10.86
1089	11.093
1090	4.3719
1091	6.6615
1092	8.0632
1093	9.8132
1094	10.181
1095	10.999
1096	10.507
1097	11.513
1098	11.704
1099	11.905
1100	12.359
1101	12.755
1102	14.881
1103	16.626
1104	17.155
1105	17.895
1106	18.377
1107	18.918
1108	19.725
1109	19.953
1110	21.029
1111	22.217
1112	22.763
1113	23.026
1114	24.302
1115	24.3
1116	15.18
1117	14.413
1118	13.84
1119	13.347
1120	13.014
1121	11.826
1122	10.387
1123	6.2701
1124	4.1094
1125	0.1278
1126	-0.26863
1127	-0.43605
1128	0.23351
1129	1.3005
1130	4.5814
1131	5.8413
1132	6.2003
1133	6.718
1134	7.1227
1135	7.8883
1136	8.2214
1137	8.5324
1138	9.7139
1139	12.169
1140	12.609
1141	13.413
1142	14.268
1143	14.77
1144	15.307
1145	18.086
1146	18.554
1147	19.12
1148	19.547
1149	20.049
1150	20.391
1151	20.772
1152	22.142
1153	22.914
1154	23.206
1155	24.059
1156	24.312
1157	22.713
1158	22.55
1159	21.478
1160	21.555
1161	21.357
1162	20.498
1163	20.032
1164	19.218
1165	17.74
1166	16.655
1167	16.232
1168	15.615
1169	13.747
1170	13.296
1171	12.738
1172	12.288
1173	11.752
1174	11.28
1175	11.536
1176	12.489
1177	12.812
1178	13.588
1179	14.622
1180	15.091
1181	15.585
1182	16.124
1183	18.248
1184	18.366
1185	18.208
1186	17.013
1187	17.385
1188	17.301
1189	15.866
1190	15.215
1191	15.146
1192	16.959
1193	16.029
1194	15.131
1195	14.165
1196	13.567
1197	13.41
1198	12.44
1199	12.104
1200	11.753
1201	12.549
1202	12.92
1203	14.471
1204	14.481
1205	15.387
1206	17.732
1207	18.637
1208	19.206
1209	19.628
1210	19.943
1211	20.709
1212	24.848
1213	21.992
1214	22.332
1215	22.677
1216	22.929
1217	23.002
1218	8.8525
1219	25.348
1220	-0.47645
1221	18.942
1222	-0.11936
1223	23.995
1224	14.423
1225	25.507
1226	25.408
1227	26.045
1228	25.574
1229	25.279
1230	24.454
1231	23.25
1232	22.246
1233	21.836
1234	20.71
1235	20.141
1236	19.442
1237	18.898
1238	18.233
1239	17.673
1240	17.045
1241	16.263
1242	14.492
1243	13.969
1244	13.39
1245	12.785
1246	12.12
1247	11.453
1248	9.6426
1249	9.3612
1250	9.1507
1251	8.0017
1252	7.4388
1253	5.1694
1254	5.0824
1255	4.787
1256	6.5733
1257	5.643
1258	5.0543
1259	4.3644
1260	4.2036
1261	8.2592
1262	4.7033
1263	2.287
1264	3.5474
1265	4.3824
1266	4.9803
1267	5.5556
1268	6.1939
1269	6.3154
1270	6.8459
1271	7.1573
1272	7.6065
1273	7.9683
1274	8.2372
1275	8.2007
1276	8.4564
1277	8.9889
1278	10.329
1279	11.136
1280	11.563
1281	12.056
1282	13.587
1283	14.16
1284	15.493
1285	16.259
1286	16.7
1287	17.094
1288	18.549
1289	19.132
1290	20.122
1291	20.428
1292	20.635
1293	21.572
1294	22.289
1295	22.937
1296	23.236
1297	23.792
1298	24.058
1299	24.328
1300	24.588
1301	25.288
1302	26.059
1303	26.373
1304	26.121
1305	25.953
1306	25.817
1307	25.481
1308	24.663
1309	23.97
1310	22.998
1311	22.656
1312	22.322
1313	21.977
1314	21.523
1315	20.716
1316	20.305
1317	19.867
1318	19.477
1319	19.016
1320	18.562
1321	18.052
1322	17.538
1323	17.005
1324	16.561
1325	16.173
1326	15.648
1327	15.133
1328	14.578
1329	13.879
1330	13.366
1331	12.856
1332	12.406
1333	11.525
1334	11.254
1335	10.804
1336	10.419
1337	9.7381
1338	9.4223
1339	8.8424
1340	8.5777
1341	8.0288
1342	7.7167
1343	7.0589
1344	6.7237
1345	6.4213
1346	6.146
1347	5.8393
1348	4.7082
1349	4.275
1350	3.709
1351	3.1208
1352	2.4566
1353	1.6775
1354	0.75573
1355	0.57108
1356	3.0148e-002
1357	-0.13706
1358	0.64785
1359	0.66537
1360	0.65797
1361	0.65277
1362	0.65566
1363	0.66339
1364	0.67974
1365	0.69729
1366	0.72488
1367	0.74909
1368	0.81262
1369	0.85423
1370	0.90533
1371	0.93547
1372	0.95214
1373	1.0043
1374	1.0234
1375	1.061
1376	1.1583
1377	1.173
1378	1.1731
1379	1.1765
1380	1.1883
1381	1.1947
1382	1.2023
1383	1.2094
1384	1.2209
1385	1.2392
1386	1.2523
1387	1.2539
1388	1.2361
1389	1.2358
1390	1.2251
1391	1.3231
1392	1.2356
1393	1.2685
1394	1.4709
1395	1.5256
1396	1.5971
1397	1.6827
1398	1.7819
1399	1.8961
1400	2.0222
1401	2.162
1402	3.0459
1403	3.2564
1404	3.4809
1405	3.7127
1406	3.9483
1407	4.1802
1408	4.4019
1409	4.5993
1410	4.7575
1411	4.8566
1412	4.4927
1413	4.009
1414	3.2496
1415	2.2156
1416	1.0334
1417	0.36403
1418	0.22442
1419	7.5249e-003
1420	-0.21925
1421	-0.50766
1422	-0.58336
1423	-0.48607
1424	-0.41067
1425	-0.34382
1426	-0.19304
1427	-9.5414e-003
1428	1.1682
1429	4.2764e-002
1430	3.436
1431	3.9782
1432	4.4671
1433	4.919
1434	5.3581
1435	5.7808
1436	6.694
1437	7.1849
1438	7.6219
1439	8.0264
1440	8.4479
1441	8.7716
1442	9.3798
1443	9.6922
1444	10.053
1445	10.374
1446	10.723
1447	12.368
1448	12.736
1449	13.097
1450	13.509
1451	13.904
1452	14.292
1453	14.728
1454	15.158
1455	15.615
1456	15.917
1457	16.016
1458	16.417
1459	16.9
1460	17.364
1461	17.745
1462	18.153
1463	18.592
1464	19.012
1465	19.429
1466	19.756
1467	20.052
1468	20.402
1469	20.678
1470	20.927
1471	21.241
1472	22.158
1473	22.436
1474	22.685
1475	22.92
1476	23.163
1477	23.417
1478	24.465
1479	25.354
1480	25.645
1481	25.899
1482	26.13
1483	26.319
1484	26.486
1485	26.612
1486	26.773
1487	26.774
1488	26.736
1489	26.666
1490	26.555
1491	26.427
1492	26.252
1493	26.052
1494	25.714
1495	25.381
1496	24.784
1497	23.228
1498	21.2
1499	20.97
1500	20.342
1501	19.929
1502	19.97
1503	18.743
1504	18.658
1505	18.416
1506	18.16
1507	17.862
1508	17.571
1509	17.283
1510	15.718
1511	15.385
1512	15.042
1513	14.084
1514	13.213
1515	12.926
1516	12.695
1517	12.56
1518	12.316
1519	11.573
1520	11.338
1521	10.52
1522	10.186
1523	10.206
1524	10.571
1525	11.232
1526	11.72
1527	12.702
1528	13.283
1529	13.947
1530	14.777
1531	15.479
1532	16.165
1533	17.589
1534	18.164
1535	18.571
1536	19.911
1537	20.738
1538	21.4
1539	22.183
1540	22.618
1541	23.373
1542	23.962
1543	24.415
1544	24.226
1545	23.437
1546	22.572
1547	24.741
1548	25.648
1549	23.866
1550	23.498
1551	20.459
1552	18.932
1553	19.382
1554	18.969
1555	17.793
1556	16.886
1557	15.554
1558	14.555
1559	14.123
1560	13.659
1561	13.172
1562	12.681
1563	11.727
1564	11.638
1565	12.05
1566	12.461
1567	13.975
1568	14.421
1569	15.46
1570	15.773
1571	16.527
1572	17.2
1573	17.136
1574	17.711
1575	18.171
1576	18.582
1577	18.922
1578	19.15
1579	19.304
1580	19.605
1581	20.065
1582	22.126
1583	20.665
1584	20.955
1585	21.262
1586	21.576
1587	21.885
1588	23.303
1589	24.229
1590	25.021
1591	25.752
1592	7.6894
1593	14.619
1594	0.74933
1595	0.83081
1596	0.93973
1597	0.92627
1598	0.961
1599	1.0266
1600	25.983
1601	26.124
1602	13.771
1603	22.237
1604	12.554
1605	26.175
1606	2.8694
1607	3.4181
1608	26.216
1609	1.0891
1610	22.359
1611	22.543
1612	11.155
1613	27.973
1614	27.972
1615	27.977
1616	27.994
1617	27.997
1618	28.036
1619	27.979
1620	28.051
1621	28.009
1622	28.049
1623	28.019
1624	28.031
1625	28.002
1626	28.02
1627	28.032
1628	28.02
1629	28.018
1630	28.028
1631	28.018
1632	28.015
1633	28.023
1634	28.021
1635	28.016
1636	28.007
1637	28.01
1638	28.008
1639	28.002
1640	27.997
1641	28.002
1642	27.973
1643	28.02
1644	27.975
1645	27.987
1646	27.981
1647	27.977
1648	27.981
1649	27.973
1650	27.968
1651	27.967
1652	27.975
1653	27.948
1654	27.958
1655	28.003
1656	27.968
1657	27.968
1658	27.957
1659	27.982
1660	27.992
1661	27.982
1662	28.007
1663	27.977
1664	28.024
1665	27.984
1666	28.02
1667	28.042
1668	28.049
1669	28.103
1670	28.081
1671	28.111
1672	28.173
1673	28.151
1674	28.167
1675	28.227
1676	28.273
1677	28.331
1678	28.392
1679	28.435
1680	28.514
1681	28.584
1682	28.628
1683	28.712
1684	28.752
1685	28.795
1686	28.889
1687	28.862
1688	28.914
1689	28.87
1690	28.917
1691	28.902
1692	28.844
1693	28.824
1694	28.79
1695	28.689
1696	28.557
1697	28.397
1698	28.05
1699	27.707
1700	27.245
1701	26.75
1702	25.146
1703	23.524
1704	24.123
1705	22.47
1706	22.898
1707	21.876
1708	21.694
1709	21.345
1710	20.828
1711	19.968
1712	20.248
1713	19.693
1714	19.024
1715	18.491
1716	17.939
1717	16.824
1718	17.243
1719	16.49
1720	16.578
1721	16.305
1722	15.701
1723	15.124
1724	14.429
1725	13.607
1726	12.612
1727	12.949
1728	12.236
1729	12.
1730	11.369
1731	12.23
1732	13.457
1733	14.74
1734	16.059
1735	18.426
1736	17.563
1737	20.516
1738	19.405
1739	20.617
1740	22.25
1741	23.595
1742	25.943
1743	28.664
1744	32.174
1745	34.752
1746	32.678
1747	33.987
1748	32.457
1749	32.154
1750	33.668
1751	30.718
1752	26.812
1753	28.01
1754	25.79
1755	22.689
1756	23.767
1757	21.697
1758	19.111
1759	19.981
1760	18.188
1761	15.653
1762	16.407
1763	14.117
1764	14.93
1765	13.308
1766	11.842
1767	10.556
1768	9.377
1769	9.0832
1770	9.6551
1771	10.566
1772	11.292
1773	11.115
1774	11.664
1775	11.464
1776	12.578
1777	12.026
1778	13.038
1779	14.065
1780	13.74
1781	14.721
1782	14.399
1783	15.028
1784	15.62
1785	16.22
1786	16.801
1787	17.175
1788	18.397
1789	18.218
1790	18.507
1791	19.491
1792	19.078
1793	20.204
1794	19.762
1795	21.829
1796	20.997
1797	23.508
1798	22.803
1799	23.896
1800	24.562
1801	25.143
1802	25.551
1803	25.88
1804	25.835
1805	25.905
1806	25.759
1807	25.846
1808	25.635
1809	25.274
1810	24.572
1811	24.802
1812	24.343
1813	23.85
1814	23.391
1815	22.755
1816	22.973
1817	22.516
1818	21.998
1819	21.174
1820	21.436
1821	20.885
1822	19.921
1823	20.264
1824	19.149
1825	19.531
1826	18.347
1827	18.743
1828	17.966
1829	17.114
1830	16.47
1831	15.244
1832	15.68
1833	14.412
1834	14.818
1835	13.582
1836	14.009
1837	12.758
1838	13.193
1839	12.301
1840	11.1
1841	11.493
1842	10.391
1843	10.722
1844	9.6803
1845	10.032
1846	9.0991
1847	9.3893
1848	8.7972
1849	8.1712
1850	7.4231
1851	6.2119
1852	5.3643
1853	5.7145
1854	4.5453
1855	4.8718
1856	4.2842
1857	3.4616
1858	1.2569
1859	-0.40174
1860	-0.55945
1861	-0.5136
1862	-0.75408
1863	-0.68081
1864	-0.34616
1865	-0.40301
1866	0.33062
1867	2.9549
1868	4.5491
1869	4.7417
1870	4.333
1871	3.8321
1872	3.0668
1873	3.3144
1874	2.8335
1875	2.3976
1876	2.0152
1877	1.668
1878	1.3823
1879	1.1526
1880	0.98104
1881	0.83913
1882	0.75725
1883	0.67506
1884	0.6425
1885	0.64338
1886	0.64281
1887	0.65245
1888	0.66174
1889	0.64602
1890	0.65535
1891	0.6335
1892	0.59243
1893	0.60777
1894	0.57419
1895	0.58435
1896	0.56838
1897	0.55766
1898	0.55732
1899	0.54476
1900	0.4602
1901	0.48042
1902	0.40304
1903	0.4266
1904	0.3821
1905	0.33465
1906	0.34926
1907	0.3229
1908	0.30214
1909	0.25631
1910	0.27425
1911	0.2355
1912	0.18776
1913	0.15093
1914	0.11764
1915	0.12892
1916	0.11532
1917	0.11966
1918	0.12592
1919	0.15514
1920	0.14409
1921	0.17304
1922	0.16119
1923	0.18093
1924	0.21571
1925	0.32241
1926	0.4636
1927	0.55364
1928	1.431
1929	1.3272
1930	1.3026
1931	1.1899
1932	1.1145
1933	1.1356
1934	1.1464
1935	1.1514
1936	1.1682
1937	1.1908
1938	1.2192
1939	1.2553
1940	1.3471
1941	1.3951
1942	1.4377
1943	1.4949
1944	1.4767
1945	1.5123
1946	1.5407
1947	1.5825
1948	1.6206
1949	1.6191
1950	1.6859
1951	1.7128
1952	1.7356
1953	1.7611
1954	1.7531
1955	1.7644
1956	1.776
1957	1.7884
1958	1.8013
1959	1.8163
1960	1.8273
1961	1.8287
1962	1.8202
1963	1.8041
1964	1.7877
1965	1.7883
1966	1.8185
1967	1.7958
1968	2.0251
1969	1.9743
1970	2.0913
1971	2.4818
1972	3.4559
1973	3.8751
1974	4.7048
1975	4.9485
1976	4.8784
1977	4.2623
1978	2.935
1979	0.98167
1980	1.1184
1981	0.87971
1982	1.1401
1983	1.4294
1984	1.5942
1985	2.1233
1986	1.5403
1987	3.3731
1988	2.7853
1989	4.4016
1990	3.911
1991	5.2181
1992	4.8334
1993	5.5631
1994	6.1652
1995	6.9939
1996	6.7147
1997	7.2724
1998	7.816
1999	8.582
2000	8.3264
2001	9.1267
2002	8.8507
2003	9.4157
2004	10.058
2005	10.776
2006	11.899
2007	11.513
2008	12.776
2009	12.323
2010	13.598
2011	13.173
2012	15.578
2013	15.056
2014	15.998
2015	17.001
2016	18.489
2017	18.012
2018	19.379
2019	18.954
2020	19.851
2021	20.746
2022	21.639
2023	22.404
2024	23.174
2025	23.899
2026	25.008
2027	24.634
2028	26.472
2029	26.142
2030	26.764
2031	27.275
2032	27.651
2033	27.841
2034	27.904
2035	27.754
2036	27.779
2037	27.752
2038	27.04
2039	27.18
2040	27.443
2041	27.243
2042	27.61
2043	27.541
2044	27.728
2045	27.201
2046	27.429
2047	26.778
2048	26.969
2049	26.579
2050	25.848
2051	26.103
2052	25.32
2053	25.581
2054	24.762
2055	25.047
2056	24.46
2057	23.816
2058	23.109
2059	22.487
2060	21.403
2061	21.78
2062	20.45
2063	20.945
2064	19.934
2065	18.044
2066	17.431
2067	16.287
2068	15.123
2069	13.985
2070	12.856
2071	11.898
2072	10.135
2073	10.753
2074	8.8983
2075	9.5175
2076	7.7094
2077	8.2948
2078	6.5541
2079	7.1284
2080	5.3836
2081	5.9727
2082	4.7984
2083	3.0968
2084	3.6477
2085	2.0485
2086	2.5503
2087	1.5234
2088	1.7621
2089	1.3427
2090	1.9304
2091	1.1092
2092	1.5039
2093	2.8024
2094	3.7944
2095	1.6259
2096	7.9005
2097	3.5737
2098	1.8449
2099	1.976
2100	1.9111
2101	2.2341
2102	2.1175
2103	2.3769
2104	2.3171
2105	3.0581
2106	3.4729
2107	5.1928
2108	4.5258
2109	5.7776
2110	7.5787
2111	6.993
2112	8.1562
2113	9.319
2114	10.414
2115	11.453
2116	12.477
2117	14.184
2118	13.583
2119	14.845
2120	15.38
2121	17.006
2122	16.484
2123	17.682
2124	17.406
2125	18.673
2126	18.167
2127	19.169
2128	19.908
2129	20.879
2130	20.493
2131	21.306
2132	22.796
2133	23.511
2134	24.241
2135	23.923
2136	24.519
2137	25.095
2138	25.702
2139	26.181
2140	26.896
2141	27.995
2142	0.64994
2143	1.187
2144	3.3588
2145	2.7256
2146	3.6344
2147	28.322
2148	28.348
2149	28.292
2150	28.294
2151	28.309
2152	28.276
2153	28.308
2154	28.306
2155	28.351
2156	28.314
2157	28.326
2158	28.338
2159	28.359
2160	28.332
2161	28.366
2162	28.318
2163	28.369
2164	28.343
2165	28.347
2166	28.321
2167	28.334
2168	28.344
2169	28.334
2170	28.331
2171	28.341
2172	28.333
2173	28.367
2174	28.328
2175	28.36
2176	28.359
2177	28.326
2178	28.331
2179	28.32
2180	28.353
2181	28.356
2182	28.323
2183	28.344
2184	28.325
2185	28.291
2186	28.335
2187	28.305
2188	28.333
2189	28.286
2190	28.325
2191	28.292
2192	28.291
2193	28.314
2194	28.301
2195	28.288
2196	28.291
2197	28.279
2198	28.288
2199	28.256
2200	28.293
2201	28.279
2202	28.288
2203	28.273
2204	28.31
2205	28.256
2206	28.275
2207	28.301
2208	28.264
2209	28.296
2210	28.296
2211	28.268
2212	28.316
2213	28.282
2214	28.327
2215	28.31
2216	28.323
2217	28.323
2218	28.353
2219	28.336
2220	28.374
2221	28.36
2222	28.378
2223	28.38
2224	28.407
2225	28.425
2226	28.453
2227	28.442
2228	28.49
2229	28.5
2230	28.529
2231	28.541
2232	28.578
2233	28.595
2234	28.639
2235	28.725
2236	28.72
2237	28.769
2238	28.837
2239	28.879
2240	28.933
2241	29.
2242	29.031
2243	29.08
2244	29.161
2245	29.177
2246	29.281
2247	29.316
2248	29.308
2249	29.38
2250	29.39
2251	29.422
2252	29.392
2253	29.445
2254	29.403
2255	29.458
2256	29.386
2257	29.459
2258	29.377
2259	29.348
2260	29.329
2261	29.181
2262	29.17
2263	28.965
2264	28.753
2265	28.7
2266	28.488
2267	28.343
2268	28.071
2269	27.922
2270	27.649
2271	27.391
2272	27.003
2273	27.169
2274	26.983
2275	26.948
2276	26.174
2277	27.998
2278	28.343
2279	0.70712
2280	28.015
2281	26.99
2282	27.867
2283	28.094
2284	28.256
2285	28.367
2286	28.621
2287	28.808
2288	29.125
2289	29.236
2290	29.425
2291	29.546
2292	29.73
2293	29.727
2294	29.848
2295	29.863
2296	29.976
2297	30.009
2298	30.099
2299	30.056
2300	30.065
2301	30.075
2302	30.026
2303	30.081
2304	30.008
2305	30.016
2306	29.918
2307	29.931
2308	29.87
2309	29.852
2310	29.745
2311	29.745
2312	29.677
2313	29.66
2314	29.564
2315	29.527
2316	29.457
2317	29.425
2318	29.363
2319	29.311
2320	29.264
2321	29.248
2322	29.178
2323	29.125
2324	29.086
2325	29.06
2326	29.013
2327	29.009
2328	28.946
2329	28.915
2330	28.876
2331	28.852
2332	28.82
2333	28.805
2334	28.776
2335	28.774
2336	28.715
2337	28.716
2338	28.685
2339	28.694
2340	28.666
2341	28.656
2342	28.646
2343	28.666
2344	28.627
2345	28.621
2346	28.603
2347	28.603
2348	28.578
2349	28.623
2350	28.593
2351	28.618
2352	28.582
2353	28.589
2354	28.582
2355	28.583
2356	28.568
2357	28.605
2358	28.579
2359	28.579
2360	28.578
2361	28.622
2362	28.589
2363	28.592
2364	28.592
2365	28.619
2366	28.588
2367	28.612
2368	28.577
2369	28.614
2370	28.605
2371	28.626
2372	28.603
2373	28.614
2374	28.612
2375	28.648
2376	28.62
2377	28.653
2378	28.621
2379	28.658
2380	28.632
2381	28.663
2382	28.626
2383	28.635
2384	28.637
2385	28.674
2386	28.644
2387	28.67
2388	28.642
2389	28.677
2390	28.645
2391	28.654
2392	28.648
2393	28.681
2394	28.659
2395	28.68
2396	28.659
2397	28.689
2398	28.652
2399	28.658
2400	28.687
2401	28.662
2402	28.671
2403	28.637
2404	28.663
2405	28.656
2406	28.66
2407	28.651
2408	28.685
2409	28.66
2410	28.7
2411	28.661
2412	28.658
2413	28.636
2414	28.667
2415	28.649
2416	28.642
2417	28.647
2418	28.625
2419	28.631
2420	28.614
2421	28.655
2422	28.633
2423	28.637
2424	28.678
2425	28.657
2426	28.683
2427	4.5403
2428	4.2849
2429	1.7978
2430	1.3427
2431	0.76293
2432	27.829
2433	27.404
2434	27.223
2435	27.014
2436	26.78
2437	26.553
2438	26.302
2439	26.032
2440	25.479
2441	25.212
2442	24.928
2443	24.619
2444	24.29
2445	24.001
2446	23.457
2447	23.181
2448	22.823
2449	22.349
2450	21.976
2451	21.575
2452	21.199
2453	20.842
2454	20.467
2455	19.636
2456	19.167
2457	18.693
2458	18.238
2459	17.823
2460	17.357
2461	16.839
2462	16.311
2463	15.794
2464	15.332
2465	14.869
2466	14.332
2467	13.757
2468	13.183
2469	12.616
2470	12.048
2471	11.477
2472	10.898
2473	10.309
2474	9.7155
2475	9.1074
2476	8.4877
2477	7.8596
2478	7.2272
2479	5.9417
2480	5.2913
2481	4.64
2482	3.9587
2483	3.2895
2484	2.6731
2485	2.0846
2486	1.5834
2487	0.96636
2488	0.49421
2489	0.5038
2490	0.48816
2491	0.47893
2492	0.47555
2493	0.48275
2494	0.50369
2495	0.51938
2496	0.63116
2497	0.91303
2498	1.3083
2499	1.7894
2500	2.5408
2501	3.26
2502	1.8582
2503	1.421
2504	0.92053
2505	0.59475
2506	0.30508
2507	0.28542
2508	0.32991
2509	0.4009
2510	0.37352
2511	0.40496
2512	1.0405
2513	1.6988
2514	2.3795
2515	3.0707
2516	3.7703
2517	4.4729
2518	5.1733
2519	5.8698
2520	6.5596
2521	7.2438
2522	7.9318
2523	8.6091
2524	9.2855
2525	9.9615
2526	10.636
2527	11.96
2528	12.588
2529	13.179
2530	13.755
2531	14.357
2532	14.959
2533	16.154
2534	16.758
2535	17.333
2536	17.761
2537	18.534
2538	18.935
2539	19.842
2540	20.33
2541	20.839
2542	21.321
2543	21.809
2544	22.285
2545	22.736
2546	23.146
2547	23.529
2548	23.912
2549	24.609
2550	24.967
2551	25.649
2552	25.956
2553	26.255
2554	26.542
2555	26.815
2556	27.077
2557	27.333
2558	27.579
2559	27.818
2560	28.028
2561	28.222
2562	28.41
2563	28.606
2564	28.796
2565	28.968
2566	29.064
2567	29.086
2568	29.114
2569	29.126
2570	29.083
2571	28.879
2572	29.146
2573	29.358
2574	29.486
2575	29.382
2576	29.222
2577	29.307
2578	29.199
2579	29.053
2580	28.86
2581	28.706
2582	28.469
2583	28.167
2584	27.848
2585	27.529
2586	27.189
2587	26.824
2588	26.
2589	25.521
2590	25.096
2591	24.633
2592	24.191
2593	23.786
2594	23.402
2595	23.014
2596	22.6
2597	22.186
2598	21.762
2599	21.327
2600	20.861
2601	20.391
2602	19.919
2603	19.433
2604	18.941
2605	18.459
2606	17.973
2607	17.475
2608	16.97
2609	16.46
2610	15.947
2611	15.455
2612	14.985
2613	14.498
2614	14.026
2615	13.554
2616	13.09
2617	12.659
2618	12.236
2619	11.821
2620	11.437
2621	11.068
2622	10.682
2623	10.338
2624	10.003
2625	9.6775
2626	9.3809
2627	9.0925
2628	8.8241
2629	8.5679
2630	8.327
2631	8.0926
2632	7.865
2633	7.6382
2634	7.4097
2635	7.1796
2636	6.9473
2637	6.7141
2638	6.4751
2639	6.2258
2640	5.9593
2641	5.6741
2642	5.3605
2643	5.0117
2644	4.624
2645	4.1907
2646	3.7153
2647	3.2086
2648	2.6347
2649	2.7996
2650	3.0748
2651	3.2492
2652	3.2405
2653	3.3407
2654	3.2686
2655	2.9561
2656	2.6125
2657	2.2758
2658	2.0191
2659	2.3135
2660	3.1208
2661	3.6605
2662	4.2388
2663	4.6739
2664	4.9657
2665	5.1248
2666	5.1714
2667	5.13
2668	5.0216
2669	4.8657
2670	4.6787
2671	4.4745
2672	4.2632
2673	4.0548
2674	3.8523
2675	3.6599
2676	3.478
2677	3.3144
2678	3.1651
2679	3.0299
2680	2.9068
2681	2.7982
2682	2.7031
2683	2.6196
2684	2.5475
2685	2.4867
2686	2.4377
2687	2.4019
2688	2.3915
2689	2.3448
2690	2.3145
2691	2.31
2692	2.3152
2693	2.3018
2694	2.3122
2695	2.3161
2696	2.3262
2697	2.3389
2698	2.3503
2699	2.3618
2700	2.3714
2701	2.38
2702	2.3849
2703	2.3876
2704	2.3883
2705	2.3858
2706	2.3817
2707	2.3773
2708	2.3708
2709	2.3651
2710	2.359
2711	2.353
2712	2.3469
2713	2.3411
2714	2.3343
2715	2.3285
2716	2.3205
2717	2.3112
2718	2.2999
2719	2.2872
2720	2.2716
2721	2.2488
2722	2.2324
2723	2.1855
2724	2.1829
2725	2.1634
2726	2.1475
2727	2.1203
2728	2.1073
2729	2.092
2730	2.0701
2731	2.0495
2732	2.0292
2733	2.0081
2734	1.9859
2735	1.9628
2736	1.9383
2737	1.9127
2738	1.8864
2739	1.8602
2740	1.8349
2741	1.8083
2742	1.7835
2743	1.7612
2744	1.7393
2745	1.7188
2746	1.7003
2747	1.6832
2748	1.6655
2749	1.6506
2750	1.6358
2751	1.6236
2752	1.616
2753	1.6262
2754	1.5969
2755	1.584
2756	1.5822
2757	1.5965
2758	1.6158
2759	1.6446
2760	1.6957
2761	1.696
2762	1.7193
2763	1.7541
2764	1.8139
2765	1.8856
2766	1.9865
2767	2.1101
2768	2.2458
2769	27.967
2770	28.279
2771	28.643
2772	9.0636e-002
2773	0.22307
2774	0.24419
2775	0.19656
2776	0.12685
2777	6.042e-002
2778	-6.5122e-003
2779	-5.8852e-002
2780	-6.3659e-002
2781	-6.7401e-002
2782	-7.0823e-002
2783	-7.4996e-002
2784	-7.6317e-002
2785	-7.8022e-002
2786	-8.0617e-002
2787	-8.2891e-002
2788	-8.4588e-002
2789	-8.71e-002
2790	-8.9197e-002
2791	-9.0681e-002
2792	-9.3541e-002
2793	-9.5552e-002
2794	-9.6911e-002
2795	-9.9422e-002
2796	-0.10127
2797	-0.10241
2798	-0.10461
2799	-0.10628
2800	-0.10717
2801	-0.10926
2802	-0.1108
2803	-0.11176
2804	-0.11409
2805	-0.11542
2806	-0.11687
2807	-0.12022
2808	-0.12137
2809	-0.12278
2810	-0.12608
2811	-0.12707
2812	-0.12862
2813	-0.1316
2814	-0.13274
2815	-0.13423
2816	-0.13724
2817	-0.12263
2818	-0.12002
2819	-9.1645e-002
2820	-7.231e-002
2821	-6.9792e-002
2822	-8.5677e-002
2823	-8.181e-002
2824	-8.2903e-002
2825	-8.7041e-002
2826	-8.9677e-002
2827	-8.5913e-002
2828	-7.7398e-002
2829	-7.2451e-002
2830	-5.8544e-002
2831	-4.4438e-002
2832	-2.9886e-002
2833	-1.2696e-002
2834	6.9769e-003
2835	2.2223e-002
2836	3.6581e-002
2837	4.9607e-002
2838	5.0044e-002
2839	4.4818e-002
2840	3.8872e-002
2841	2.6989e-002
2842	2.9905e-002
2843	3.6026e-002
2844	5.4188e-002
2845	8.811e-002
2846	0.12709
2847	0.17563
2848	0.23172
2849	0.29792
2850	0.37897
2851	0.47331
2852	0.57044
2853	0.68879
2854	0.82276
2855	0.96907
2856	1.132
2857	1.3109
2858	1.5032
2859	1.7096
2860	1.9238
2861	2.1412
2862	2.3793
2863	2.6259
2864	2.882
2865	3.1597
2866	3.4486
2867	3.7369
2868	4.031
2869	4.3183
2870	4.579
2871	4.8147
2872	4.9996
2873	5.0961
2874	5.0851
2875	4.3695
2876	3.557
2877	0.86057
2878	-1.2854
2879	5.026e-002
2880	0.13233
2881	-0.35653
2882	-1.2439
2883	-0.42071
2884	-0.86645
2885	-0.61644
2886	-0.61295
2887	-0.63455
2888	-0.5769
2889	-0.63395
2890	-0.83852
2891	-0.64487
2892	0.93967
2893	1.3846
2894	2.1946
2895	3.1961
2896	3.7271
2897	3.9945
2898	4.3691
2899	4.5666
2900	4.5192
2901	4.9644
2902	6.0991
2903	6.2659
2904	6.6015
2905	7.3526
2906	7.5869
2907	7.9094
2908	8.3416
2909	8.9117
2910	9.1258
2911	9.327
2912	9.6522
2913	10.18
2914	10.302
2915	10.683
2916	11.24
2917	11.455
2918	11.834
2919	12.312
2920	12.817
2921	13.202
2922	13.628
2923	14.13
2924	14.558
2925	14.916
2926	15.369
2927	15.803
2928	16.215
2929	16.655
2930	17.063
2931	17.405
2932	17.796
2933	18.214
2934	18.975
2935	19.348
2936	19.732
2937	20.124
2938	20.47
2939	20.801
2940	21.117
2941	21.402
2942	21.679
2943	21.937
2944	22.185
2945	22.433
2946	22.665
2947	22.882
2948	23.073
2949	23.248
2950	23.428
2951	23.596
2952	23.779
2953	24.005
2954	24.247
2955	24.486
2956	24.698
2957	24.89
2958	25.051
2959	25.204
2960	25.298
2961	25.361
2962	25.397
2963	25.323
2964	25.289
2965	25.147
2966	25.005
2967	24.851
2968	24.612
2969	24.29
2970	24.035
2971	23.651
2972	23.273
2973	22.796
2974	22.489
2975	21.987
2976	21.704
2977	20.752
2978	20.041
2979	19.456
2980	18.848
2981	18.378
2982	18.033
2983	17.685
2984	17.43
2985	17.076
2986	16.819
2987	16.607
2988	16.537
2989	15.711
2990	15.466
2991	15.195
2992	14.882
2993	14.572
2994	14.258
2995	13.949
2996	13.64
2997	13.337
2998	13.028
2999	12.713
3000	12.395
3001	12.082
3002	11.765
3003	11.435
3004	11.065
3005	10.675
3006	10.352
3007	10.107
3008	9.8941
3009	9.6855
3010	9.45
3011	9.193
3012	8.9482
3013	8.7384
3014	8.5559
3015	8.1466
3016	7.9379
3017	7.7268
3018	8.2707
3019	9.0169
3020	9.8282
3021	10.634
3022	11.49
3023	12.389
3024	13.336
3025	14.317
3026	15.323
3027	16.343
3028	17.362
3029	18.434
3030	19.564
3031	20.716
3032	21.867
3033	23.001
3034	24.193
3035	25.439
3036	26.734
3037	28.036
3038	29.379
3039	30.794
3040	32.372
3041	34.183
3042	36.355
3043	39.209
3044	43.208
3045	50.011
3046	42.001
3047	57.51
3048	50.548
3049	43.988
3050	40.222
3051	37.302
3052	34.98
3053	33.093
3054	31.457
3055	29.901
3056	28.472
3057	27.19
3058	26.037
3059	25.05
3060	24.001
3061	22.583
3062	22.078
3063	20.952
3064	19.878
3065	18.864
3066	17.904
3067	16.992
3068	15.283
3069	14.469
3070	13.681
3071	12.91
3072	12.184
3073	11.493
3074	11.183
3075	11.419
3076	11.675
3077	11.864
3078	12.077
3079	12.345
3080	12.623
3081	12.902
3082	13.199
3083	13.523
3084	13.861
3085	14.19
3086	14.469
3087	14.748
3088	15.022
3089	15.306
3090	15.601
3091	15.833
3092	16.042
3093	16.32
3094	16.661
3095	16.975
3096	17.278
3097	17.566
3098	17.829
3099	18.088
3100	18.383
3101	18.694
3102	18.984
3103	19.258
3104	19.53
3105	19.804
3106	20.08
3107	20.346
3108	20.591
3109	20.81
3110	21.015
3111	21.188
3112	21.447
3113	21.812
3114	22.192
3115	22.642
3116	23.103
3117	23.558
3118	23.939
3119	24.46
3120	24.873
3121	25.209
3122	25.581
3123	25.859
3124	26.188
3125	26.396
3126	26.702
3127	26.892
3128	27.106
3129	27.243
3130	27.575
3131	27.763
3132	27.893
3133	27.975
3134	28.104
3135	28.155
3136	28.225
3137	28.238
3138	28.377
3139	28.41
3140	28.415
3141	28.447
3142	28.432
3143	28.461
3144	28.46
3145	28.459
3146	28.439
3147	28.403
3148	28.399
3149	28.352
3150	28.32
3151	28.309
3152	28.242
3153	28.234
3154	28.198
3155	28.152
3156	28.111
3157	28.087
3158	28.035
3159	28.007
3160	27.991
3161	27.961
3162	27.94
3163	27.896
3164	27.893
3165	27.872
3166	27.834
3167	27.826
3168	27.8
3169	27.798
3170	27.763
3171	27.765
3172	27.751
3173	27.724
3174	27.721
3175	27.688
3176	27.702
3177	27.678
3178	27.689
3179	27.678
3180	27.693
3181	27.674
3182	27.659
3183	27.656
3184	27.664
3185	27.674
3186	27.662
3187	27.662
3188	27.648
3189	27.656
3190	27.631
3191	27.655
3192	27.657
3193	27.659
3194	27.648
3195	27.661
3196	27.653
3197	27.657
3198	27.667
3199	27.659
3200	27.671
3201	27.68
3202	27.654
3203	27.675
3204	27.658
3205	27.679
3206	27.676
3207	27.689
3208	27.697
3209	27.687
3210	27.705
3211	27.683
3212	27.698
3213	27.69
3214	27.706
3215	27.704
3216	27.706
3217	27.692
3218	27.706
3219	27.703
3220	27.708
3221	27.71
3222	27.699
3223	27.698
3224	27.705
3225	27.689
3226	27.692
3227	27.707
3228	27.697
3229	27.704
3230	27.689
3231	27.696
3232	27.652
3233	27.672
3234	27.672
3235	27.656
3236	27.656
3237	27.635
3238	27.638
3239	27.615
3240	27.635
3241	27.603
3242	27.628
3243	27.644
3244	27.655
3245	27.683
3246	27.703
3247	7.5843
3248	4.6786
3249	7.3075
3250	4.9127
3251	6.0718
3252	7.4943
3253	5.6734
3254	6.2401
3255	11.223
3256	17.545
3257	8.5029
3258	15.926
3259	19.436
3260	-0.23269
3261	0.12342
3262	11.352
3263	1.243
3264	0.13298
3265	21.109
3266	1.2467
3267	7.5453
3268	26.145
3269	27.352
3270	30.032
3271	0.65346
3272	0.91961
3273	21.708
3274	1.3227
3275	28.895
3276	28.024
3277	27.965
3278	28.013
3279	28.048
3280	1.8221
3281	1.2605
3282	9.0811
3283	3.6608
3284	7.8248
3285	0.5222
3286	0.65883
3287	28.383
3288	28.895
3289	28.305
3290	27.969
3291	28.019
3292	1.1621
3293	1.4167
3294	24.269
3295	18.72
3296	0.83446
3297	27.794
3298	28.82
3299	28.669
3300	28.541
3301	28.458
3302	27.984
3303	28.027
3304	27.946
3305	24.663
3306	11.932
3307	1.1467
3308	16.105
3309	1.3619
3310	26.439
3311	28.005
3312	27.969
3313	28.036
3314	28.228
3315	28.815
3316	0.86833
3317	27.581
3318	1.836
3319	19.75
3320	18.242
3321	1.7945
3322	21.762
3323	19.393
3324	12.831
3325	29.269
3326	29.096
3327	28.941
3328	28.796
3329	28.668
3330	28.284
3331	28.261
3332	28.321
3333	28.317
3334	28.304
3335	28.362
3336	28.366
3337	28.307
3338	16.396
3339	0.70971
3340	1.7988
3341	1.1583
3342	0.3933
3343	4.8682
3344	12.387
3345	5.0831
3346	16.783
3347	24.748
3348	20.573
3349	6.223
3350	3.5319
3351	2.9748
3352	1.5038
3353	2.1703
3354	0.62103
3355	28.042
3356	27.497
3357	13.941
3358	15.601
3359	29.014
3360	28.264
3361	12.583
3362	19.832
3363	0.98542
3364	4.0939
3365	14.08
3366	27.974
3367	24.279
3368	8.3034
3369	1.5485
3370	23.533
3371	22.107
3372	15.691
3373	0.11614
3374	10.443
3375	24.752
3376	14.004
3377	24.885
3378	1.7232
3379	4.0868
3380	1.5959
3381	25.731
3382	0.1715
3383	10.769
3384	4.519
3385	57.559
3386	0.51404
3387	4.8541
3388	1.2038
3389	2.3661
3390	0.5513
3391	19.555
3392	1.3712
3393	11.663
3394	16.875
3395	22.805
3396	1.519
3397	1.8091
3398	23.236
3399	25.408
3400	14.64
3401	0.30625
3402	18.927
3403	23.617
3404	15.335
3405	19.637
3406	9.3596
3407	22.823
3408	20.783
3409	10.73
3410	27.949
3411	29.301
3412	34.813
3413	4.7642
3414	0.70047
3415	1.084
3416	17.053
3417	27.972
3418	12.201
3419	6.4417
3420	4.8215
3421	16.987
3422	24.142
3423	1.2267
3424	28.336
3425	1.2433
3426	11.102
3427	22.394
3428	24.205
3429	10.287
3430	25.423
3431	-0.6446
3432	20.659
3433	0.27408
3434	2.0547
3435	4.9093
3436	1.2388
3437	26.456
3438	0.61142
3439	1.2759
3440	23.182
3441	0.55373
3442	17.687
3443	21.904
3444	1.349
3445	0.54499
3446	23.226
3447	6.3869
3448	5.6057
3449	23.051
3450	24.799
3451	12.902
3452	10.059
3453	21.115
3454	19.032
3455	5.2409
3456	14.058
3457	11.885
3458	12.552
3459	14.552
3460	2.2618
3461	1.7445
3462	3.5702
3463	0.13884
3464	12.233
3465	9.8835
3466	16.076
3467	1.3003
3468	4.3112
3469	25.052
3470	25.805
3471	9.8945
3472	1.1604
3473	25.901
3474	13.411
3475	14.753
3476	18.472
3477	15.387
3478	21.08
3479	0.28767
3480	15.978
3481	0.90594
3482	1.8254
3483	11.955
3484	0.66054
3485	1.4582
3486	1.9535
3487	24.646
3488	10.896
3489	3.6757
3490	12.598
3491	1.6739
3492	16.892
3493	0.65879
3494	1.7834
3495	0.8895
3496	2.4132
3497	-0.37196
3498	15.073
3499	22.099
3500	10.139
3501	1.2529
3502	23.448
3503	12.006
3504	14.597
3505	1.5253
3506	22.474
3507	9.9049
3508	11.259
3509	23.94
3510	21.53
3511	13.005
3512	18.53
3513	33.089
3514	0.6692
3515	19.866
3516	4.0004
3517	11.606
3518	28.892
3519	28.132
3520	28.006
3521	28.013
3522	28.025
3523	28.026
3524	28.025
3525	33.695
3526	16.487
3527	11.22
3528	2.4633
3529	2.6104
3530	2.0349
3531	1.7697
3532	12.865
3533	1.9636
3534	28.097
3535	25.762
3536	17.591
3537	1.7849
3538	10.411
3539	22.802
3540	0.64064
3541	25.07
3542	10.861
3543	27.668
3544	24.823
3545	14.965
3546	6.5859
3547	23.739
3548	25.758
3549	26.341
3550	23.931
3551	21.344
3552	14.097
3553	15.692
3554	10.069
3555	11.653
3556	24.273
3557	8.3616
3558	0.41122
3559	0.31243
3560	14.108
3561	20.072
3562	15.928
3563	21.71
3564	1.0589
3565	2.1116
3566	1.8291
3567	1.6246
3568	26.401
3569	0.45403
3570	4.9655
3571	27.034
3572	17.27
3573	19.374
3574	13.149
3575	25.721
3576	19.069
3577	27.49
3578	15.026
3579	1.2404
3580	27.77
3581	7.5517
3582	15.56
3583	-0.4304
3584	0.49319
3585	0.76553
3586	8.078
3587	0.66136
3588	1.121
3589	0.705
3590	0.96608
3591	0.36393
3592	22.262
3593	1.1429
3594	1.1798
3595	0.55683
3596	0.56227
3597	3.262
3598	1.7816
3599	2.201
3600	13.426
3601	18.588
3602	22.702
3603	3.9353
3604	16.582
3605	19.389
3606	1.8117
3607	0.78217
3608	1.1642
3609	16.122
3610	27.988
3611	27.974
3612	28.055
3613	26.955
3614	27.462
3615	3.9613
3616	16.241
3617	14.577
3618	4.9092
3619	10.929
3620	20.539
3621	2.3023
3622	2.3871e-002
3623	28.127
3624	28.738
3625	28.621
3626	28.482
3627	28.362
3628	15.33
3629	16.219
3630	19.154
3631	1.2953
3632	13.611
3633	0.13667
3634	8.7375
3635	25.973
3636	0.70183
3637	25.485
3638	4.2302
3639	16.509
3640	-0.17703
3641	25.308
3642	28.615
3643	28.259
3644	28.028
3645	16.741
3646	16.527
3647	8.9494
3648	11.164
3649	26.77
3650	18.069
3651	-0.6999
3652	27.902
3653	27.824
3654	25.376
3655	20.312
3656	11.117
3657	26.65
3658	4.6537
3659	24.099
3660	0.21244
3661	10.761
3662	1.6756
3663	1.1595
3664	4.557
3665	21.08
3666	5.8758
3667	13.269
3668	14.817
3669	14.259
3670	18.03
3671	7.3954
3672	21.185
3673	6.7246
3674	27.494
3675	28.332
3676	28.419
3677	28.386
3678	28.282
3679	28.164
3680	28.055
3681	27.862
3682	27.75
3683	27.678
3684	27.671
3685	27.677
3686	27.684
3687	28.658
3688	27.712
3689	27.706
3690	27.701
3691	9.1192
3692	20.217
3693	15.436
3694	11.304
3695	10.823
3696	22.474
3697	13.821
3698	21.697
3699	11.629
3700	24.263
3701	0.50998
3702	9.7405
3703	22.034
3704	7.0748
3705	11.994
3706	22.405
3707	17.566
3708	23.56
3709	22.599
3710	4.8702
3711	1.0571
3712	1.4748
3713	17.513
3714	20.388
3715	16.105
3716	10.95
3717	0.8715
3718	0.65856
3719	16.168
3720	17.01
3721	23.507
3722	1.2297
3723	1.2497
3724	1.1532
3725	1.1814
3726	10.778
3727	24.823
3728	19.808
3729	25.458
3730	21.353
3731	12.208
3732	1.1215
3733	0.60361
3734	0.78914
3735	0.65114
3736	25.061
3737	21.82
3738	3.5472
3739	13.188
3740	11.752
3741	20.457
3742	14.21
3743	13.725
3744	12.634
3745	14.222
3746	12.711
3747	14.66
3748	21.555
3749	21.833
3750	21.128
3751	21.472
3752	14.68
3753	14.262
3754	16.147
3755	15.728
3756	18.585
3757	18.583
3758	13.943
3759	13.552
3760	9.5533
3761	8.9782
3762	10.486
3763	10.689
3764	14.173
3765	14.111
3766	17.816
3767	17.438
3768	23.257
3769	21.651
3770	5.0381
3771	5.4608
3772	5.1379
3773	5.5003
3774	19.784
3775	19.52
3776	21.411
3777	21.146
3778	21.288
3779	20.067
3780	2.8404
3781	3.0765
3782	2.652
3783	2.9082
3784	2.4773
3785	2.7536
3786	2.3148
3787	2.6137
3788	22.952
3789	21.644
3790	17.744
3791	16.564
3792	11.039
3793	11.112
3794	5.9526
3795	6.1084
3796	26.702
3797	22.636
3798	12.248
3799	15.482
3800	14.087
3801	16.185
3802	12.564
3803	12.922
3804	13.994
3805	13.818
3806	9.3671
3807	7.9898
3808	9.4361
3809	9.8989
3810	11.101
3811	11.326
3812	12.622
3813	12.587
3814	13.934
3815	13.669
3816	1.4078
3817	1.8884
3818	1.3559
3819	1.848
3820	1.3213
3821	1.8274
3822	12.87
3823	13.264
3824	13.123
3825	13.607
3826	13.512
3827	14.026
3828	13.936
3829	14.608
3830	10.912
3831	11.027
3832	14.004
3833	13.838
3834	17.038
3835	16.528
3836	24.643
3837	24.786
3838	23.256
3839	23.079
3840	-0.62055
3841	16.719
3842	16.409
3843	18.078
3844	11.093
3845	11.506
3846	10.753
3847	11.152
3848	23.642
3849	23.318
3850	23.779
3851	23.499
3852	23.939
3853	23.672
3854	18.679
3855	18.396
3856	20.324
3857	20.037
3858	21.928
3859	21.642
3860	20.426
3861	20.279
3862	22.096
3863	21.907
3864	23.69
3865	23.494
3866	11.667
3867	11.912
3868	11.906
3869	11.726
3870	12.42
3871	12.162
3872	13.123
3873	12.787
3874	12.47
3875	12.291
3876	11.692
3877	11.661
3878	2.1521
3879	2.7754
3880	2.1037
3881	2.8221
3882	2.2387
3883	2.9331
3884	11.87
3885	12.189
3886	12.359
3887	12.461
3888	12.64
3889	12.513
3890	12.807
3891	12.451
3892	2.9383
3893	4.6121
3894	1.1389
3895	10.049
3896	23.449
3897	8.3235
3898	20.298
3899	20.665
3900	18.669
3901	19.031
3902	17.028
3903	17.38
3904	21.378
3905	21.681
3906	22.112
3907	22.399
3908	22.844
3909	23.13
3910	23.549
3911	23.831
3912	8.9024
3913	8.6085
3914	10.792
3915	10.726
3916	12.421
3917	12.572
3918	17.586
3919	17.162
3920	16.853
3921	16.274
3922	15.736
3923	8.8281
3924	9.0994
3925	17.211
3926	16.524
3927	14.988
3928	-1.6028e-002
3929	-2.4217e-002
3930	2.6027
3931	2.6849
3932	0.69998
3933	0.21398
3934	1.3317
3935	0.91279
3936	1.82
3937	1.4717
3938	2.2314
3939	1.9186
3940	2.3346
3941	5.6059
3942	5.9836
3943	4.6006
3944	5.196
3945	4.3028
3946	4.858
3947	3.9925
3948	4.4261
3949	3.6244
3950	3.8786
3951	3.1963
3952	3.2265
3953	2.751
3954	3.5404
3955	2.7774
3956	4.113
3957	3.4801
3958	4.6147
3959	4.0236
3960	5.0097
3961	4.5408
3962	5.2812
3963	4.9253
3964	5.432
3965	5.1757
3966	5.4753
3967	5.3015
3968	5.4307
3969	5.3218
3970	5.3196
3971	5.2596
3972	5.1614
3973	5.1357
3974	4.9732
3975	4.9693
3976	4.7685
3977	4.7761
3978	4.558
3979	4.569
3980	4.35
3981	4.3579
3982	4.1502
3983	4.1511
3984	3.9625
3985	3.9527
3986	3.789
3987	3.7659
3988	3.6312
3989	3.5921
3990	3.4891
3991	3.4353
3992	3.3627
3993	3.2936
3994	3.2515
3995	3.1666
3996	3.1546
3997	3.0532
3998	3.0709
3999	2.9539
4000	3.
4001	2.8677
4002	2.9406
4003	2.7936
4004	2.8921
4005	2.7306
4006	2.8533
4007	2.6786
4008	2.8235
4009	2.637
4010	2.8018
4011	2.6063
4012	2.7874
4013	2.5922
4014	2.7793
4015	2.5633
4016	2.7765
4017	2.5456
4018	2.7786
4019	2.5432
4020	2.7849
4021	2.548
4022	2.7944
4023	2.5456
4024	2.8069
4025	2.5509
4026	2.8214
4027	2.563
4028	2.8373
4029	2.5726
4030	2.854
4031	2.5859
4032	2.8704
4033	2.6006
4034	2.886
4035	2.6144
4036	2.9
4037	2.6277
4038	2.9117
4039	2.6389
4040	2.9207
4041	2.6484
4042	2.9268
4043	2.6547
4044	2.9302
4045	2.6584
4046	2.9311
4047	2.6598
4048	2.9298
4049	2.6584
4050	2.9268
4051	2.6552
4052	2.9226
4053	2.6512
4054	2.9176
4055	2.6455
4056	2.9122
4057	2.6401
4058	2.9065
4059	2.6342
4060	2.9006
4061	2.6283
4062	2.8946
4063	2.6222
4064	2.8884
4065	2.6164
4066	2.8817
4067	2.6097
4068	2.8741
4069	2.6033
4070	2.8653
4071	2.5953
4072	2.8548
4073	2.5859
4074	2.8424
4075	2.5745
4076	2.8278
4077	2.5614
4078	2.811
4079	2.5458
4080	2.7924
4081	2.5254
4082	2.7723
4083	2.5075
4084	2.751
4085	2.4738
4086	2.729
4087	2.4614
4088	2.707
4089	2.4407
4090	2.6849
4091	2.4217
4092	2.663
4093	2.3971
4094	2.6413
4095	2.3797
4096	2.6197
4097	2.3612
4098	2.5983
4099	2.3396
4100	2.5766
4101	2.3185
4102	2.5541
4103	2.2974
4104	2.5305
4105	2.2753
4106	2.5057
4107	2.2522
4108	2.4795
4109	2.2279
4110	2.4521
4111	2.2022
4112	2.4238
4113	2.1754
4114	2.3949
4115	2.1479
4116	2.3658
4117	2.1203
4118	2.337
4119	2.0931
4120	2.3088
4121	2.0655
4122	2.2813
4123	2.0392
4124	2.2549
4125	2.0145
4126	2.2296
4127	1.9907
4128	2.2054
4129	1.968
4130	2.1819
4131	1.9468
4132	2.1593
4133	1.9268
4134	2.1374
4135	1.9069
4136	2.1163
4137	1.8886
4138	2.0963
4139	1.8709
4140	2.0777
4141	1.8551
4142	2.061
4143	1.8424
4144	2.0469
4145	1.8397
4146	2.0362
4147	1.8188
4148	2.029
4149	1.8078
4150	2.0261
4151	1.8043
4152	2.0278
4153	1.8111
4154	2.0345
4155	1.8228
4156	2.0462
4157	1.8419
4158	2.0636
4159	1.8746
4160	2.0873
4161	1.8849
4162	2.1183
4163	1.9101
4164	2.1587
4165	1.945
4166	2.2121
4167	1.9977
4168	2.2836
4169	2.0641
4170	2.3798
4171	2.1555
4172	2.5115
4173	2.2726
4174	2.4168
4175	5.8459
4176	5.2274
4177	4.3953
4178	4.6749
4179	23.44
4180	23.83
4181	23.701
4182	23.06
4183	23.333
4184	22.638
4185	22.935
4186	22.194
4187	22.51
4188	21.733
4189	22.077
4190	21.258
4191	21.63
4192	20.773
4193	21.173
4194	20.277
4195	20.694
4196	19.774
4197	20.209
4198	19.265
4199	19.72
4200	18.751
4201	19.221
4202	18.233
4203	18.717
4204	17.715
4205	18.217
4206	17.196
4207	17.714
4208	16.679
4209	17.206
4210	16.166
4211	16.696
4212	15.658
4213	16.185
4214	15.155
4215	15.676
4216	14.661
4217	15.181
4218	14.177
4219	14.701
4220	13.702
4221	14.217
4222	13.24
4223	13.747
4224	12.79
4225	13.283
4226	12.355
4227	12.83
4228	11.934
4229	12.399
4230	11.528
4231	11.981
4232	11.139
4233	11.575
4234	10.767
4235	11.193
4236	10.412
4237	10.827
4238	10.074
4239	10.46
4240	9.755
4241	10.124
4242	9.4535
4243	9.8013
4244	9.1696
4245	9.4923
4246	8.9028
4247	9.2064
4248	8.652
4249	8.933
4250	8.4161
4251	8.6773
4252	8.1937
4253	8.4348
4254	7.9827
4255	8.2063
4256	7.7812
4257	7.9862
4258	7.5867
4259	7.7738
4260	7.397
4261	7.5646
4262	7.2096
4263	7.3564
4264	7.0217
4265	7.1478
4266	6.8307
4267	6.9374
4268	6.6334
4269	6.724
4270	6.4265
4271	6.504
4272	6.206
4273	6.273
4274	5.9672
4275	6.0256
4276	5.7052
4277	5.7584
4278	5.4146
4279	5.4641
4280	5.0903
4281	5.1366
4282	4.7284
4283	4.7716
4284	4.3279
4285	4.3642
4286	3.892
4287	3.9167
4288	3.6053
4289	3.4373
4290	4.1061
4291	3.1207
4292	4.6107
4293	3.5515
4294	3.9451
4295	30.608
4296	30.483
4297	29.814
4298	30.737
4299	29.894
4300	30.858
4301	29.963
4302	30.962
4303	29.999
4304	31.037
4305	29.943
4306	31.071
4307	30.106
4308	31.062
4309	30.217
4310	31.009
4311	30.267
4312	30.909
4313	30.177
4314	30.765
4315	30.034
4316	30.578
4317	29.995
4318	30.348
4319	29.836
4320	30.081
4321	29.638
4322	29.777
4323	29.399
4324	29.44
4325	29.161
4326	29.069
4327	28.866
4328	28.669
4329	28.521
4330	28.241
4331	28.155
4332	27.786
4333	27.774
4334	27.307
4335	27.371
4336	26.802
4337	26.942
4338	26.278
4339	26.473
4340	25.742
4341	26.006
4342	25.218
4343	25.497
4344	24.727
4345	25.03
4346	24.267
4347	24.562
4348	24.118
4349	1.9238
4350	1.8489
4351	30.36
4352	29.744
4353	30.225
4354	29.632
4355	30.078
4356	29.475
4357	29.918
4358	29.303
4359	29.745
4360	29.122
4361	29.559
4362	28.938
4363	29.36
4364	28.745
4365	29.148
4366	28.537
4367	28.922
4368	28.309
4369	28.683
4370	28.069
4371	28.431
4372	27.819
4373	28.165
4374	27.558
4375	27.885
4376	27.285
4377	27.591
4378	26.998
4379	27.375
4380	26.698
4381	27.19
4382	26.387
4383	26.98
4384	26.052
4385	26.742
4386	25.71
4387	26.476
4388	25.353
4389	26.183
4390	24.999
4391	25.86
4392	24.626
4393	25.508
4394	24.274
4395	25.125
4396	23.957
4397	24.712
4398	23.601
4399	24.266
4400	23.193
4401	23.789
4402	22.746
4403	23.279
4404	22.274
4405	22.735
4406	21.789
4407	22.158
4408	21.261
4409	21.547
4410	20.729
4411	20.902
4412	20.188
4413	20.225
4414	19.641
4415	19.508
4416	19.09
4417	18.75
4418	18.392
4419	18.143
4420	17.887
4421	17.54
4422	17.301
4423	16.924
4424	16.695
4425	16.294
4426	16.086
4427	15.652
4428	15.468
4429	14.998
4430	14.843
4431	14.332
4432	14.212
4433	13.654
4434	13.588
4435	12.964
4436	12.95
4437	12.262
4438	12.288
4439	11.549
4440	11.606
4441	10.825
4442	10.913
4443	10.089
4444	10.211
4445	9.3429
4446	9.5022
4447	8.5856
4448	8.788
4449	7.8167
4450	8.068
4451	7.0365
4452	7.3365
4453	6.2454
4454	6.6017
4455	5.4428
4456	5.8584
4457	4.6293
4458	5.106
4459	3.8061
4460	4.3464
4461	2.9754
4462	3.5813
4463	2.1404
4464	2.8146
4465	1.3075
4466	2.051
4467	0.48578
4468	1.2957
4469	-9.1522e-003
4470	0.55974
4471	-1.899e-002
4472	0.10156
4473	-3.1644e-002
4474	0.10278
4475	-3.6949e-002
4476	0.12614
4477	-4.0577e-002
4478	0.12061
4479	-4.7842e-002
4480	0.11336
4481	-5.8711e-002
4482	0.12625
4483	-7.35e-002
4484	0.1683
4485	-8.6753e-002
4486	0.226
4487	-0.1019
4488	0.32208
4489	-8.1948e-002
4490	0.46388
4491	5.9251e-003
4492	0.62212
4493	1.0532
4494	27.881
4495	28.068
4496	27.691
4497	27.682
4498	27.503
4499	27.475
4500	27.297
4501	27.259
4502	27.075
4503	27.033
4504	26.85
4505	26.798
4506	26.61
4507	26.554
4508	26.356
4509	26.3
4510	26.094
4511	26.037
4512	25.825
4513	25.764
4514	25.557
4515	25.48
4516	25.276
4517	25.186
4518	24.978
4519	24.882
4520	24.663
4521	24.567
4522	24.365
4523	24.242
4524	24.073
4525	23.906
4526	23.767
4527	23.559
4528	23.458
4529	23.2
4530	23.103
4531	22.831
4532	22.683
4533	22.451
4534	22.31
4535	22.058
4536	21.916
4537	21.655
4538	21.529
4539	21.24
4540	21.146
4541	20.813
4542	20.748
4543	20.375
4544	20.335
4545	19.925
4546	19.894
4547	19.463
4548	19.432
4549	18.99
4550	18.961
4551	18.505
4552	18.494
4553	18.008
4554	18.041
4555	17.5
4556	17.557
4557	16.98
4558	17.041
4559	16.448
4560	16.514
4561	15.906
4562	15.987
4563	15.352
4564	15.482
4565	14.787
4566	14.97
4567	14.211
4568	14.417
4569	13.624
4570	13.839
4571	13.027
4572	13.256
4573	12.419
4574	12.671
4575	11.801
4576	12.08
4577	11.174
4578	11.484
4579	10.538
4580	10.878
4581	9.8916
4582	10.263
4583	9.2368
4584	9.6408
4585	8.5735
4586	9.0074
4587	7.9015
4588	8.3636
4589	7.2215
4590	7.7116
4591	6.5336
4592	7.0534
4593	5.838
4594	6.3868
4595	5.135
4596	5.715
4597	4.4251
4598	5.0365
4599	3.7088
4600	4.3542
4601	2.9857
4602	3.6539
4603	2.2569
4604	2.9558
4605	1.5231
4606	2.2824
4607	0.78656
4608	1.6196
4609	5.3982e-002
4610	1.001
4611	3.182e-003
4612	0.32792
4613	-4.1566e-003
4614	0.10257
4615	-1.0015e-002
4616	0.11429
4617	-1.9284e-002
4618	0.12572
4619	-3.3168e-002
4620	0.13746
4621	-5.0308e-002
4622	0.15374
4623	-6.9263e-002
4624	0.17382
4625	-8.2916e-002
4626	0.19258
4627	-8.4209e-002
4628	0.20849
4629	-7.9146e-002
4630	0.20857
4631	-8.3308e-002
4632	0.23893
4633	-9.7906e-002
4634	0.316
4635	-8.6518e-002
4636	0.41704
4637	3.7467e-002
4638	0.57963
4639	0.86489
4640	1.0615
4641	28.982
4642	28.831
4643	28.98
4644	28.812
4645	28.975
4646	28.831
4647	28.97
4648	28.815
4649	28.965
4650	28.823
4651	28.961
4652	28.8
4653	28.958
4654	28.796
4655	28.957
4656	28.806
4657	28.957
4658	28.785
4659	28.957
4660	28.794
4661	28.959
4662	28.791
4663	28.96
4664	28.803
4665	28.963
4666	28.802
4667	28.965
4668	28.806
4669	28.967
4670	28.817
4671	28.969
4672	28.802
4673	28.97
4674	28.814
4675	28.972
4676	28.816
4677	28.973
4678	28.836
4679	28.974
4680	28.817
4681	28.975
4682	28.829
4683	28.975
4684	28.813
4685	28.975
4686	28.818
4687	28.975
4688	28.815
4689	28.975
4690	28.819
4691	28.974
4692	28.806
4693	28.973
4694	28.823
4695	28.973
4696	28.818
4697	28.972
4698	28.829
4699	28.97
4700	28.814
4701	28.969
4702	28.811
4703	28.968
4704	28.813
4705	28.966
4706	28.828
4707	28.965
4708	28.812
4709	28.963
4710	28.822
4711	28.961
4712	28.811
4713	28.96
4714	28.821
4715	28.958
4716	28.803
4717	28.956
4718	28.805
4719	28.954
4720	28.8
4721	28.952
4722	28.815
4723	28.95
4724	28.797
4725	28.948
4726	28.809
4727	28.946
4728	28.795
4729	28.944
4730	28.809
4731	28.942
4732	28.79
4733	28.94
4734	28.788
4735	28.937
4736	28.782
4737	28.935
4738	28.8
4739	28.933
4740	28.783
4741	28.93
4742	28.795
4743	28.928
4744	28.775
4745	28.926
4746	28.79
4747	28.923
4748	28.772
4749	28.921
4750	28.785
4751	28.918
4752	28.766
4753	28.915
4754	28.766
4755	28.913
4756	28.758
4757	28.91
4758	28.769
4759	28.907
4760	28.757
4761	28.905
4762	28.76
4763	28.902
4764	28.74
4765	28.899
4766	28.757
4767	28.897
4768	28.743
4769	28.894
4770	28.757
4771	28.892
4772	28.742
4773	28.889
4774	28.741
4775	28.887
4776	28.738
4777	28.885
4778	28.754
4779	28.883
4780	28.731
4781	28.881
4782	28.73
4783	28.879
4784	28.729
4785	28.878
4786	28.742
4787	28.877
4788	28.723
4789	28.876
4790	28.73
4791	28.876
4792	28.729
4793	28.876
4794	28.732
4795	28.877
4796	28.729
4797	28.878
4798	28.747
4799	28.88
4800	28.736
4801	28.882
4802	28.752
4803	28.886
4804	28.731
4805	28.89
4806	28.745
4807	28.895
4808	28.747
4809	28.901
4810	28.759
4811	28.908
4812	28.766
4813	28.916
4814	28.789
4815	28.925
4816	28.783
4817	28.936
4818	28.793
4819	28.948
4820	28.804
4821	28.961
4822	28.824
4823	28.976
4824	28.827
4825	28.993
4826	28.85
4827	29.011
4828	28.859
4829	29.031
4830	28.897
4831	29.053
4832	28.909
4833	29.077
4834	28.935
4835	29.103
4836	28.955
4837	29.132
4838	28.984
4839	29.162
4840	29.011
4841	29.195
4842	29.046
4843	29.229
4844	29.079
4845	29.267
4846	29.128
4847	29.306
4848	29.15
4849	29.348
4850	29.194
4851	29.393
4852	29.228
4853	29.44
4854	29.27
4855	29.489
4856	29.321
4857	29.541
4858	29.381
4859	29.595
4860	29.415
4861	29.651
4862	29.467
4863	29.709
4864	29.521
4865	29.769
4866	29.582
4867	29.831
4868	29.628
4869	29.894
4870	29.694
4871	29.959
4872	29.745
4873	30.024
4874	29.826
4875	30.091
4876	29.867
4877	30.158
4878	29.935
4879	30.225
4880	29.968
4881	30.291
4882	30.055
4883	30.356
4884	30.097
4885	30.42
4886	30.16
4887	30.481
4888	30.185
4889	30.54
4890	30.264
4891	30.595
4892	30.288
4893	30.646
4894	30.351
4895	30.691
4896	30.348
4897	30.73
4898	30.393
4899	30.762
4900	30.407
4901	30.785
4902	30.416
4903	30.799
4904	30.447
4905	30.802
4906	30.406
4907	30.793
4908	30.388
4909	30.771
4910	30.324
4911	30.733
4912	30.302
4913	30.679
4914	30.219
4915	30.607
4916	30.189
4917	30.515
4918	30.056
4919	30.401
4920	29.944
4921	30.264
4922	29.787
4923	30.101
4924	29.657
4925	29.911
4926	29.41
4927	29.693
4928	29.215
4929	29.452
4930	28.973
4931	29.196
4932	28.791
4933	28.939
4934	28.58
4935	28.689
4936	28.339
4937	28.448
4938	28.197
4939	28.245
4940	28.08
4941	27.869
4942	27.626
4943	27.467
4944	28.526
4945	28.661
4946	28.212
4947	28.325
4948	27.895
4949	28.01
4950	27.72
4951	20.963
4952	20.709
4953	21.139
4954	27.378
4955	27.561
4956	27.304
4957	27.511
4958	27.282
4959	27.462
4960	27.282
4961	27.47
4962	27.27
4963	27.449
4964	27.275
4965	27.437
4966	27.289
4967	27.458
4968	27.3
4969	27.457
4970	27.304
4971	27.47
4972	27.317
4973	27.471
4974	27.328
4975	27.491
4976	27.331
4977	27.493
4978	27.342
4979	27.503
4980	27.351
4981	27.511
4982	27.353
4983	27.501
4984	27.361
4985	27.525
4986	27.368
4987	27.529
4988	27.369
4989	27.536
4990	27.375
4991	27.533
4992	27.379
4993	27.544
4994	27.379
4995	27.536
4996	27.383
4997	27.54
4998	27.386
4999	27.538
5000	27.385
5001	27.545
5002	27.388
5003	27.542
5004	27.39
5005	27.549
5006	27.388
5007	27.544
5008	27.389
5009	27.548
5010	27.39
5011	27.549
5012	27.387
5013	27.55
5014	27.388
5015	27.545
5016	27.387
5017	27.547
5018	27.385
5019	27.539
5020	27.385
5021	27.545
5022	27.384
5023	27.544
5024	27.381
5025	27.544
5026	27.38
5027	27.535
5028	27.379
5029	27.539
5030	27.375
5031	27.53
5032	27.374
5033	27.54
5034	27.373
5035	27.531
5036	27.37
5037	27.534
5038	27.368
5039	27.526
5040	27.367
5041	27.528
5042	27.364
5043	27.52
5044	27.362
5045	27.521
5046	27.36
5047	27.51
5048	27.358
5049	27.517
5050	27.356
5051	27.505
5052	27.355
5053	27.518
5054	27.352
5055	27.512
5056	27.351
5057	27.514
5058	27.35
5059	27.505
5060	27.348
5061	27.508
5062	27.347
5063	27.502
5064	27.346
5065	27.509
5066	27.344
5067	27.499
5068	27.344
5069	27.502
5070	27.344
5071	27.496
5072	27.343
5073	27.501
5074	27.344
5075	27.501
5076	27.344
5077	27.499
5078	27.344
5079	27.487
5080	27.346
5081	27.5
5082	27.347
5083	27.497
5084	27.348
5085	27.504
5086	27.351
5087	27.506
5088	27.353
5089	27.513
5090	27.356
5091	27.509
5092	27.361
5093	27.507
5094	27.364
5095	27.511
5096	27.369
5097	27.52
5098	27.375
5099	27.525
5100	27.38
5101	27.535
5102	27.387
5103	27.531
5104	27.395
5105	27.54
5106	27.403
5107	27.538
5108	27.412
5109	27.554
5110	27.422
5111	27.553
5112	27.432
5113	27.574
5114	27.444
5115	27.581
5116	27.456
5117	27.6
5118	27.469
5119	27.607
5120	27.483
5121	27.62
5122	27.499
5123	27.627
5124	27.514
5125	27.652
5126	27.531
5127	27.661
5128	27.549
5129	27.683
5130	27.568
5131	27.696
5132	27.587
5133	27.72
5134	27.608
5135	27.735
5136	27.629
5137	27.756
5138	27.651
5139	27.768
5140	27.675
5141	27.802
5142	27.698
5143	27.824
5144	27.722
5145	27.85
5146	27.748
5147	27.871
5148	27.772
5149	27.898
5150	27.798
5151	27.92
5152	27.824
5153	27.949
5154	27.849
5155	27.974
5156	27.875
5157	28.007
5158	27.9
5159	28.026
5160	27.924
5161	28.055
5162	27.948
5163	28.085
5164	27.971
5165	28.101
5166	27.992
5167	28.132
5168	28.012
5169	28.156
5170	28.03
5171	28.171
5172	28.045
5173	28.195
5174	28.058
5175	28.219
5176	28.068
5177	28.232
5178	28.074
5179	28.238
5180	28.076
5181	28.257
5182	28.074
5183	28.248
5184	28.066
5185	28.265
5186	28.052
5187	28.26
5188	28.033
5189	28.253
5190	28.006
5191	28.227
5192	27.973
5193	28.219
5194	27.931
5195	28.184
5196	27.879
5197	28.158
5198	27.819
5199	28.114
5200	27.748
5201	28.059
5202	27.665
5203	27.974
5204	27.571
5205	27.923
5206	27.464
5207	27.838
5208	27.343
5209	27.756
5210	27.208
5211	27.627
5212	27.058
5213	27.515
5214	26.891
5215	27.371
5216	26.708
5217	27.189
5218	26.507
5219	27.053
5220	26.287
5221	26.822
5222	26.049
5223	26.639
5224	25.79
5225	26.408
5226	25.51
5227	26.179
5228	25.21
5229	25.881
5230	24.887
5231	25.621
5232	24.542
5233	25.29
5234	24.175
5235	24.973
5236	23.786
5237	24.598
5238	23.377
5239	24.229
5240	22.957
5241	23.814
5242	22.542
5243	23.342
5244	22.149
5245	22.948
5246	21.797
5247	22.532
5248	21.493
5249	22.138
5250	21.224
5251	21.773
5252	21.454
5253	99.619
5254	99.543
5255	88.957
5256	20.466
5257	20.888
5258	20.219
5259	20.679
5260	19.968
5261	20.453
5262	19.714
5263	20.216
5264	19.456
5265	19.966
5266	19.194
5267	19.703
5268	18.93
5269	19.434
5270	18.663
5271	19.164
5272	18.393
5273	18.893
5274	18.121
5275	18.621
5276	17.847
5277	18.339
5278	17.57
5279	18.046
5280	17.292
5281	17.76
5282	17.013
5283	17.491
5284	16.732
5285	17.22
5286	16.451
5287	16.935
5288	16.169
5289	16.643
5290	15.886
5291	16.344
5292	15.604
5293	16.032
5294	15.322
5295	15.752
5296	15.041
5297	15.507
5298	14.762
5299	15.251
5300	14.484
5301	14.964
5302	14.208
5303	14.684
5304	13.935
5305	14.41
5306	13.666
5307	14.134
5308	13.399
5309	13.861
5310	13.138
5311	13.564
5312	12.88
5313	13.265
5314	12.629
5315	12.976
5316	12.383
5317	12.703
5318	12.143
5319	12.442
5320	11.91
5321	12.185
5322	11.686
5323	11.936
5324	11.47
5325	11.72
5326	11.263
5327	11.519
5328	11.067
5329	11.29
5330	10.889
5331	11.077
5332	11.69
5333	11.373
5334	12.53
5335	12.128
5336	13.409
5337	12.92
5338	14.329
5339	13.754
5340	15.289
5341	14.617
5342	16.291
5343	15.513
5344	17.335
5345	16.442
5346	18.42
5347	17.408
5348	19.546
5349	18.415
5350	20.713
5351	19.468
5352	21.918
5353	20.569
5354	23.157
5355	21.72
5356	24.441
5357	22.912
5358	25.764
5359	23.809
5360	27.116
5361	25.19
5362	28.503
5363	26.397
5364	29.92
5365	27.587
5366	31.371
5367	28.877
5368	32.863
5369	30.251
5370	34.408
5371	31.722
5372	36.038
5373	33.286
5374	37.804
5375	34.94
5376	39.805
5377	36.794
5378	42.241
5379	39.013
5380	45.503
5381	41.782
5382	50.389
5383	45.428
5384	62.494
5385	51.159
5386	61.519
5387	16.674
5388	17.066
5389	17.605
5390	16.354
5391	17.275
5392	16.028
5393	16.938
5394	15.703
5395	16.647
5396	15.375
5397	16.309
5398	15.047
5399	16.014
5400	14.719
5401	15.746
5402	14.385
5403	15.544
5404	14.057
5405	14.965
5406	13.728
5407	14.681
5408	13.396
5409	14.378
5410	13.07
5411	14.056
5412	12.743
5413	13.74
5414	12.419
5415	13.418
5416	12.099
5417	13.104
5418	11.778
5419	12.789
5420	11.465
5421	12.478
5422	11.154
5423	12.169
5424	10.846
5425	11.854
5426	10.546
5427	11.546
5428	10.248
5429	11.239
5430	9.9582
5431	10.932
5432	9.674
5433	10.626
5434	9.3927
5435	10.298
5436	9.1239
5437	9.9647
5438	8.861
5439	9.6726
5440	8.6067
5441	9.4182
5442	8.3638
5443	9.1893
5444	8.1271
5445	8.9643
5446	7.9039
5447	8.7306
5448	7.6903
5449	8.4948
5450	7.4886
5451	8.2661
5452	7.3014
5453	8.0657
5454	7.1243
5455	7.8828
5456	6.9646
5457	7.7003
5458	6.8184
5459	7.5184
5460	6.6844
5461	7.3422
5462	6.7384
5463	7.1745
5464	7.6682
5465	7.7074
5466	8.6357
5467	8.554
5468	9.6409
5469	9.451
5470	10.683
5471	10.365
5472	11.764
5473	11.324
5474	12.884
5475	12.325
5476	14.041
5477	13.368
5478	15.236
5479	14.447
5480	16.469
5481	15.559
5482	17.739
5483	16.694
5484	19.046
5485	17.846
5486	20.388
5487	19.044
5488	21.764
5489	20.288
5490	23.171
5491	21.56
5492	24.608
5493	22.845
5494	26.07
5495	24.135
5496	27.557
5497	25.468
5498	29.068
5499	26.84
5500	30.604
5501	28.249
5502	32.173
5503	29.674
5504	33.79
5505	31.136
5506	35.484
5507	32.662
5508	37.31
5509	34.314
5510	39.372
5511	36.161
5512	41.876
5513	38.325
5514	45.213
5515	41.084
5516	50.143
5517	44.863
5518	62.456
5519	50.704
5520	61.416
5521	24.533
5522	24.267
5523	24.324
5524	24.755
5525	24.576
5526	24.898
5527	24.771
5528	25.019
5529	24.921
5530	25.094
5531	25.069
5532	25.107
5533	25.153
5534	25.092
5535	25.206
5536	25.013
5537	25.217
5538	24.902
5539	25.175
5540	24.74
5541	25.087
5542	24.505
5543	24.959
5544	24.245
5545	24.763
5546	23.968
5547	24.557
5548	23.644
5549	24.339
5550	23.261
5551	24.038
5552	22.837
5553	23.674
5554	22.377
5555	23.325
5556	21.883
5557	22.894
5558	21.36
5559	22.451
5560	20.803
5561	21.944
5562	20.217
5563	21.502
5564	19.622
5565	20.953
5566	19.039
5567	20.515
5568	18.494
5569	19.753
5570	17.993
5571	19.138
5572	17.526
5573	18.604
5574	18.074
5575	-0.93673
5576	-0.78148
5577	-0.78372
5578	23.994
5579	24.07
5580	23.798
5581	23.817
5582	23.721
5583	23.669
5584	23.601
5585	23.564
5586	23.455
5587	23.375
5588	23.354
5589	23.24
5590	23.164
5591	23.091
5592	22.969
5593	22.846
5594	22.828
5595	22.673
5596	22.552
5597	22.465
5598	22.302
5599	22.148
5600	22.137
5601	21.961
5602	21.788
5603	21.717
5604	21.506
5605	21.332
5606	21.296
5607	21.134
5608	20.866
5609	20.798
5610	20.552
5611	20.365
5612	20.183
5613	20.116
5614	19.75
5615	19.608
5616	19.514
5617	19.303
5618	19.058
5619	18.992
5620	18.648
5621	18.468
5622	18.384
5623	18.186
5624	17.831
5625	17.799
5626	17.416
5627	17.267
5628	17.129
5629	17.008
5630	16.544
5631	16.556
5632	16.106
5633	15.997
5634	15.806
5635	15.694
5636	15.215
5637	15.253
5638	14.859
5639	14.698
5640	14.544
5641	14.505
5642	13.935
5643	13.918
5644	13.47
5645	13.433
5646	12.954
5647	13.047
5648	12.432
5649	12.471
5650	12.194
5651	12.034
5652	11.689
5653	11.804
5654	11.326
5655	11.232
5656	11.139
5657	11.056
5658	10.343
5659	10.575
5660	10.159
5661	10.008
5662	10.085
5663	10.067
5664	9.5523
5665	9.5074
5666	9.1775
5667	9.2713
5668	8.8694
5669	8.9249
5670	8.3512
5671	8.5711
5672	8.226
5673	7.9056
5674	7.501
5675	8.0684
5676	6.7152
5677	6.9023
5678	7.2813
5679	6.7899
5680	6.0894
5681	6.9251
5682	5.1207
5683	5.3468
5684	5.3666
5685	5.3056
5686	3.4479
5687	4.8028
5688	3.599
5689	3.188
5690	5.7176
5691	4.8788
5692	4.4117
5693	5.0205
5694	3.1358
5695	3.2519
5696	2.9122
5697	3.3455
5698	2.3968
5699	2.2621
5700	1.8832
5701	1.9243
5702	0.48717
5703	1.121
5704	-0.375
5705	-0.51466
5706	-0.31811
5707	-0.29861
5708	-0.75702
5709	-0.37484
5710	-0.69148
5711	-0.48034
5712	-0.6041
5713	-0.6067
5714	-0.6466
5715	-0.62057
5716	-0.63989
5717	-0.19195
5718	-0.85052
5719	0.76904
5720	-0.17367
5721	-0.92643
5722	4.8911e-002
5723	-2.6845
5724	-1.1607
5725	-0.35007
5726	-1.4315
5727	1.8567
5728	0.48188
5729	2.0911
5730	0.48362
5731	4.8084
5732	3.8162
5733	5.5719
5734	4.9554
5735	5.5664
5736	5.2559
5737	5.4857
5738	5.3077
5739	5.3626
5740	5.2686
5741	5.1144
5742	5.1418
5743	4.8073
5744	4.8798
5745	4.5266
5746	4.6243
5747	4.1877
5748	4.351
5749	3.8314
5750	4.0114
5751	3.521
5752	3.704
5753	3.1855
5754	3.4098
5755	2.8516
5756	3.0798
5757	2.5722
5758	2.7926
5759	2.2834
5760	2.5336
5761	2.0039
5762	2.2524
5763	1.7752
5764	2.0118
5765	1.5287
5766	1.7958
5767	1.2738
5768	1.5495
5769	1.0565
5770	1.3307
5771	0.83727
5772	1.1329
5773	0.62623
5774	0.92579
5775	0.45588
5776	0.75097
5777	0.28753
5778	0.60083
5779	0.12638
5780	0.44248
5781	1.3996e-003
5782	0.31351
5783	-0.10976
5784	0.20976
5785	-0.22613
5786	0.10662
5787	-0.24767
5788	5.6948e-003
5789	-0.24225
5790	-5.9415e-002
5791	-0.2356
5792	-0.12226
5793	-0.23403
5794	-0.18816
5795	-0.22877
5796	-0.22102
5797	-0.22232
5798	-0.22213
5799	-0.2211
5800	-0.21932
5801	-0.21601
5802	-0.21701
5803	-0.20957
5804	-0.21093
5805	-0.20874
5806	-0.20793
5807	-0.20373
5808	-0.20564
5809	-0.19748
5810	-0.19932
5811	-0.19686
5812	-0.19661
5813	-0.19243
5814	-0.19439
5815	-0.18679
5816	-0.18898
5817	-0.18556
5818	-0.18644
5819	-0.18152
5820	-0.18422
5821	-0.17653
5822	-0.1795
5823	-0.17526
5824	-0.17696
5825	-0.17143
5826	-0.17493
5827	-0.16662
5828	-0.17029
5829	-0.16567
5830	-0.1679
5831	-0.16194
5832	-0.16605
5833	-0.15749
5834	-0.16136
5835	-0.15535
5836	-0.15934
5837	-0.15273
5838	-0.15625
5839	-0.15107
5840	-0.15327
5841	-0.14633
5842	-0.15161
5843	-0.14295
5844	-0.14655
5845	-0.14298
5846	-0.14515
5847	-0.1386
5848	-0.14347
5849	-0.13534
5850	-0.13906
5851	-0.13485
5852	-0.13783
5853	-0.13115
5854	-0.13624
5855	-0.12847
5856	-0.13279
5857	-0.12783
5858	-0.13144
5859	-0.12424
5860	-0.1299
5861	-0.12169
5862	-0.12654
5863	-0.1213
5864	-0.12531
5865	-0.11773
5866	-0.12389
5867	-0.11527
5868	-0.12048
5869	-0.11524
5870	-0.11931
5871	-0.11158
5872	-0.1181
5873	-0.1091
5874	-0.11439
5875	-0.10933
5876	-0.11341
5877	-0.10639
5878	-0.11223
5879	-0.10418
5880	-0.1091
5881	-0.10261
5882	-0.10823
5883	-0.10028
5884	-0.10592
5885	-9.9744e-002
5886	-0.10471
5887	-9.7758e-002
5888	-0.10361
5889	-9.5339e-002
5890	-0.10129
5891	-9.4876e-002
5892	-0.10002
5893	-9.2983e-002
5894	-9.8989e-002
5895	-9.0606e-002
5896	-9.6557e-002
5897	-9.0345e-002
5898	-9.5276e-002
5899	-8.8506e-002
5900	-9.4273e-002
5901	-8.5999e-002
5902	-9.166e-002
5903	-8.5771e-002
5904	-9.0314e-002
5905	-8.4312e-002
5906	-8.9217e-002
5907	-8.2071e-002
5908	-8.6874e-002
5909	-8.1544e-002
5910	-8.549e-002
5911	-8.0117e-002
5912	-8.4374e-002
5913	-7.8315e-002
5914	-8.2307e-002
5915	-7.7664e-002
5916	-8.1027e-002
5917	-7.6249e-002
5918	-7.9629e-002
5919	-7.4564e-002
5920	-7.7762e-002
5921	-7.388e-002
5922	-7.6301e-002
5923	-7.2513e-002
5924	-7.4878e-002
5925	-7.0876e-002
5926	-7.2524e-002
5927	-7.0582e-002
5928	-7.0858e-002
5929	-6.913e-002
5930	-6.917e-002
5931	-6.7472e-002
5932	-6.642e-002
5933	-6.6792e-002
5934	-6.4726e-002
5935	-6.7215e-002
5936	-6.2276e-002
5937	-6.0512e-002
5938	-1.4291e-002
5939	-7.5057e-002
5940	5.0819e-002
5941	-5.8161e-002
5942	7.3571e-002
5943	-1.8571e-002
5944	12.467
5945	12.64
5946	12.175
5947	12.401
5948	19.569
5949	20.54
5950	18.907
5951	19.886
5952	16.485
5953	15.658
5954	14.98
5955	15.592
5956	12.785
5957	12.96
5958	13.235
5959	13.332
5960	12.336
5961	14.955
5962	13.208
5963	14.177
5964	13.772
5965	23.303
5966	23.775
5967	23.847
5968	23.096
5969	12.629
5970	12.191
5971	12.77
5972	11.796
5973	12.517
5974	12.963
5975	12.028
5976	12.566
5977	12.097
5978	16.986
5979	17.299
5980	16.197
5981	16.093
5982	17.36
5983	17.823
5984	18.093
5985	20.215
5986	18.571
5987	19.216
5988	20.729
5989	21.406
5990	19.769
5991	20.46
5992	21.41
5993	22.563
5994	23.131
5995	22.209
5996	20.04
5997	21.669
5998	21.004
5999	18.119
6000	19.132
6001	17.483
6002	18.49
6003	17.689
6004	18.826
6005	17.079
6006	16.533
6007	18.26
6008	15.914
6009	14.475
6010	15.447
6011	14.941
6012	13.267
6013	14.644
6014	13.839
6015	14.107
6016	12.349
6017	13.443
6018	13.335
6019	12.541
6020	11.721
6021	12.215
6022	12.713
6023	12.474
6024	12.538
6025	12.525
6026	12.995
6027	12.821
6028	13.741
6029	13.527
6030	11.864
6031	16.148
6032	14.114
6033	13.98
6034	10.293
6035	15.382
6036	11.86
6037	13.098
6038	14.007
6039	12.495
6040	14.559
6041	15.262
6042	12.42
6043	15.48
6044	15.02
6045	13.615
6046	11.735
6047	13.681
6048	12.987
6049	12.679
6050	12.479
6051	12.931
6052	11.562
6053	12.029
6054	12.363
6055	13.029
6056	12.201
6057	12.562
6058	12.268
6059	11.881
6060	12.006
6061	12.195
6062	12.913
6063	12.327
6064	12.699
6065	12.517
6066	21.765
6067	21.61
6068	22.167
6069	21.194
6070	24.265
6071	24.672
6072	24.922
6073	24.213
6074	22.22
6075	21.465
6076	21.981
6077	22.917
6078	22.368
6079	23.097
6080	22.571
6081	23.448
6082	22.711
6083	23.796
6084	23.511
6085	24.312
6086	24.491
6087	13.694
6088	13.584
6089	12.995
6090	21.474
6091	21.1
6092	21.973
6093	14.928
6094	13.728
6095	13.584
6096	14.25
6097	12.985
6098	13.373
6099	13.215
6100	16.246
6101	17.25
6102	16.303
6103	15.505
6104	11.685
6105	11.748
6106	11.953
6107	12.01
6108	23.243
6109	23.28
6110	23.744
6111	22.832
6112	22.958
6113	22.556
6114	24.384
6115	24.769
6116	24.934
6117	23.992
6118	24.501
6119	24.13
6120	23.628
6121	24.285
6122	24.457
6123	23.782
6124	23.973
6125	22.621
6126	22.919
6127	22.716
6128	22.952
6129	23.083
6130	22.53
6131	21.251
6132	21.827
6133	20.932
6134	21.465
6135	20.902
6136	20.776
6137	19.436
6138	19.505
6139	20.257
6140	20.131
6141	18.805
6142	18.853
6143	19.605
6144	19.409
6145	18.569
6146	25.148
6147	25.261
6148	6.1426
6149	11.391
6150	8.3479
6151	9.738
6152	6.4606
6153	25.346
6154	24.425
6155	24.678
6156	23.824
6157	18.176
6158	18.137
6159	18.992
6160	18.72
6161	17.432
6162	18.022
6163	17.511
6164	17.363
6165	17.049
6166	16.636
6167	16.788
6168	15.696
6169	16.6
6170	16.209
6171	16.187
6172	14.855
6173	15.313
6174	15.42
6175	14.923
6176	13.066
6177	13.301
6178	13.574
6179	11.739
6180	12.08
6181	11.973
6182	11.203
6183	11.446
6184	11.492
6185	11.
6186	11.377
6187	10.818
6188	10.839
6189	10.443
6190	11.286
6191	10.032
6192	10.735
6193	10.763
6194	11.226
6195	10.715
6196	9.5061
6197	10.713
6198	10.954
6199	9.1173
6200	10.788
6201	11.141
6202	9.4997
6203	6.2154
6204	7.1415
6205	9.4433
6206	7.861
6207	10.593
6208	12.704
6209	8.3987
6210	10.764
6211	7.8369
6212	13.293
6213	8.4254
6214	10.985
6215	14.106
6216	8.1841
6217	10.753
6218	11.062
6219	4.4939
6220	3.1996
6221	3.6465
6222	7.3311
6223	4.9899
6224	8.8007
6225	5.5486
6226	6.1024
6227	8.5073
6228	9.994
6229	7.9366
6230	9.6803
6231	8.1811
6232	12.148
6233	10.331
6234	10.753
6235	9.606
6236	11.012
6237	9.347
6238	9.4802
6239	10.682
6240	11.601
6241	11.607
6242	10.92
6243	11.418
6244	11.803
6245	11.231
6246	12.132
6247	11.52
6248	11.731
6249	12.205
6250	12.435
6251	12.827
6252	12.949
6253	12.501
6254	12.697
6255	15.187
6256	15.57
6257	14.411
6258	14.977
6259	14.303
6260	16.891
6261	17.328
6262	16.386
6263	17.525
6264	17.852
6265	16.423
6266	18.136
6267	18.513
6268	18.647
6269	19.007
6270	19.52
6271	19.673
6272	18.993
6273	19.839
6274	20.402
6275	19.397
6276	20.539
6277	20.762
6278	20.125
6279	21.187
6280	21.814
6281	20.847
6282	23.004
6283	22.346
6284	22.072
6285	22.894
6286	23.545
6287	22.619
6288	21.954
6289	23.807
6290	23.141
6291	22.218
6292	23.553
6293	24.121
6294	25.032
6295	24.472
6296	23.506
6297	24.148
6298	25.059
6299	24.29
6300	14.797
6301	15.243
6302	14.879
6303	15.598
6304	15.458
6305	14.127
6306	14.592
6307	14.146
6308	13.594
6309	14.054
6310	13.603
6311	13.101
6312	13.135
6313	13.583
6314	12.812
6315	13.214
6316	13.261
6317	12.789
6318	11.997
6319	11.676
6320	11.54
6321	12.03
6322	10.555
6323	10.228
6324	10.57
6325	10.218
6326	6.0557
6327	6.2352
6328	6.4941
6329	6.3457
6330	6.2081
6331	4.3454
6332	4.1922
6333	4.0438
6334	3.8283
6335	0.17774
6336	-8.6807e-003
6337	0.31494
6338	-4.6365e-002
6339	0.36506
6340	-0.37007
6341	-0.20094
6342	-0.15875
6343	-0.38423
6344	-0.47122
6345	-0.50971
6346	-0.35101
6347	0.72402
6348	0.45458
6349	6.9008e-002
6350	1.489
6351	1.2343
6352	1.7696
6353	4.6448
6354	4.5243
6355	4.8098
6356	5.8403
6357	5.8111
6358	5.6511
6359	5.9906
6360	6.4472
6361	6.2061
6362	6.9203
6363	6.7208
6364	6.706
6365	7.0908
6366	7.1538
6367	7.3372
6368	8.0548
6369	7.8025
6370	7.9574
6371	7.72
6372	8.3769
6373	8.1251
6374	8.3346
6375	8.652
6376	8.4179
6377	8.6802
6378	9.5681
6379	9.8835
6380	9.5405
6381	9.8813
6382	12.389
6383	12.268
6384	12.452
6385	11.887
6386	12.853
6387	12.421
6388	13.659
6389	13.168
6390	13.616
6391	14.519
6392	14.498
6393	14.043
6394	15.038
6395	14.964
6396	15.461
6397	15.612
6398	18.32
6399	17.812
6400	18.339
6401	17.836
6402	18.837
6403	18.303
6404	18.783
6405	19.333
6406	18.841
6407	19.274
6408	19.438
6409	19.798
6410	19.281
6411	19.799
6412	20.22
6413	19.763
6414	20.226
6415	20.364
6416	20.581
6417	20.129
6418	20.659
6419	20.539
6420	21.006
6421	20.95
6422	22.06
6423	22.289
6424	22.268
6425	21.981
6426	23.06
6427	22.785
6428	23.039
6429	22.775
6430	23.102
6431	23.311
6432	23.352
6433	24.186
6434	24.014
6435	24.132
6436	23.919
6437	24.488
6438	24.141
6439	24.388
6440	24.288
6441	22.631
6442	23.354
6443	21.956
6444	22.406
6445	22.014
6446	21.76
6447	23.414
6448	22.814
6449	21.516
6450	20.91
6451	20.703
6452	22.278
6453	21.456
6454	20.763
6455	22.406
6456	20.928
6457	22.081
6458	20.583
6459	19.514
6460	20.153
6461	20.462
6462	19.224
6463	20.841
6464	19.908
6465	20.156
6466	19.08
6467	18.394
6468	19.369
6469	16.908
6470	17.909
6471	17.56
6472	16.443
6473	15.848
6474	16.841
6475	15.923
6476	15.436
6477	14.85
6478	13.521
6479	13.032
6480	13.902
6481	13.017
6482	12.626
6483	13.988
6484	12.155
6485	12.038
6486	12.66
6487	13.5
6488	12.02
6489	12.435
6490	11.619
6491	13.006
6492	11.516
6493	11.136
6494	10.733
6495	11.186
6496	11.051
6497	11.397
6498	11.891
6499	11.703
6500	12.65
6501	12.344
6502	12.339
6503	12.752
6504	13.76
6505	13.848
6506	14.857
6507	15.04
6508	14.365
6509	14.139
6510	15.338
6511	15.616
6512	14.504
6513	15.855
6514	16.216
6515	14.893
6516	16.843
6517	15.38
6518	18.306
6519	20.175
6520	16.188
6521	18.032
6522	20.449
6523	18.474
6524	17.587
6525	21.25
6526	18.385
6527	15.665
6528	20.555
6529	13.998
6530	17.333
6531	21.439
6532	13.809
6533	16.755
6534	20.518
6535	17.513
6536	15.54
6537	18.111
6538	16.215
6539	15.178
6540	17.472
6541	17.007
6542	13.144
6543	15.852
6544	16.494
6545	18.158
6546	17.944
6547	16.767
6548	15.58
6549	16.897
6550	15.994
6551	14.864
6552	14.146
6553	14.848
6554	14.381
6555	13.993
6556	13.36
6557	13.488
6558	14.052
6559	13.694
6560	13.76
6561	13.266
6562	12.272
6563	12.557
6564	12.614
6565	11.929
6566	12.149
6567	12.007
6568	11.738
6569	11.737
6570	12.734
6571	12.299
6572	12.505
6573	12.836
6574	12.356
6575	13.216
6576	12.67
6577	14.476
6578	14.232
6579	14.248
6580	14.934
6581	14.228
6582	14.451
6583	14.238
6584	15.176
6585	15.803
6586	17.36
6587	17.901
6588	17.472
6589	18.922
6590	18.404
6591	18.353
6592	19.417
6593	18.894
6594	19.275
6595	19.747
6596	20.042
6597	20.326
6598	19.623
6599	19.774
6600	19.904
6601	20.387
6602	20.684
6603	20.894
6604	25.178
6605	25.128
6606	24.539
6607	22.162
6608	21.627
6609	21.837
6610	22.505
6611	21.954
6612	22.281
6613	22.966
6614	22.583
6615	22.681
6616	23.114
6617	6.3331
6618	8.1775
6619	9.6019
6620	12.384
6621	25.428
6622	25.665
6623	25.736
6624	-0.35554
6625	-0.49321
6626	-0.56447
6627	18.113
6628	18.811
6629	-0.28121
6630	-0.23835
6631	4.9735e-002
6632	24.738
6633	23.612
6634	11.146
6635	18.845
6636	14.075
6637	25.458
6638	25.862
6639	25.214
6640	25.791
6641	25.533
6642	25.898
6643	26.497
6644	26.109
6645	25.427
6646	25.778
6647	25.877
6648	25.491
6649	25.051
6650	25.626
6651	24.775
6652	24.639
6653	23.586
6654	23.4
6655	22.041
6656	22.521
6657	22.648
6658	22.326
6659	21.772
6660	22.155
6661	20.425
6662	21.008
6663	21.209
6664	20.51
6665	19.946
6666	19.17
6667	19.675
6668	19.596
6669	19.83
6670	18.566
6671	19.034
6672	19.227
6673	17.953
6674	18.453
6675	17.359
6676	17.92
6677	17.364
6678	16.969
6679	16.373
6680	15.932
6681	16.578
6682	14.231
6683	14.668
6684	14.214
6685	14.74
6686	13.68
6687	14.077
6688	13.953
6689	13.087
6690	13.486
6691	12.453
6692	12.895
6693	11.787
6694	12.299
6695	12.057
6696	11.453
6697	11.116
6698	9.5005
6699	9.4325
6700	10.206
6701	9.8427
6702	9.2545
6703	8.8661
6704	8.3131
6705	9.9862
6706	9.0251
6707	7.715
6708	6.6016
6709	9.3537
6710	8.1599
6711	6.235
6712	5.9834
6713	7.7141
6714	5.1244
6715	4.9726
6716	3.8806
6717	6.5427
6718	4.6175
6719	4.3223
6720	3.8627
6721	3.4317
6722	4.6902
6723	6.0728
6724	5.3197
6725	3.5815
6726	5.7875
6727	4.6192
6728	3.2654
6729	7.5299
6730	4.0745
6731	3.0212
6732	5.5952
6733	3.7462
6734	4.8145
6735	3.0822
6736	6.1949
6737	8.0099
6738	3.6947
6739	4.8639
6740	2.54
6741	1.6942
6742	1.6907
6743	2.5349
6744	3.9349
6745	2.4088
6746	2.62
6747	4.6663
6748	2.8933
6749	5.2568
6750	3.329
6751	6.8643
6752	5.8646
6753	3.789
6754	7.4581
6755	6.2523
6756	4.2911
6757	6.5746
6758	4.5574
6759	6.9984
6760	5.075
6761	8.6165
6762	7.3779
6763	5.4526
6764	8.8841
6765	7.7843
6766	5.9437
6767	9.2313
6768	8.1003
6769	6.3998
6770	9.478
6771	8.2177
6772	6.7894
6773	8.3268
6774	7.1108
6775	8.7202
6776	7.6221
6777	8.1669
6778	9.9242
6779	9.2103
6780	9.9133
6781	10.543
6782	10.112
6783	11.349
6784	11.084
6785	10.947
6786	11.81
6787	11.566
6788	11.961
6789	12.253
6790	13.874
6791	13.193
6792	14.07
6793	13.321
6794	14.642
6795	14.457
6796	15.89
6797	15.123
6798	16.001
6799	16.845
6800	16.327
6801	16.384
6802	16.897
6803	17.372
6804	16.548
6805	16.017
6806	17.32
6807	17.783
6808	16.411
6809	18.841
6810	19.242
6811	18.29
6812	19.791
6813	19.385
6814	20.275
6815	20.762
6816	19.88
6817	20.531
6818	21.104
6819	21.371
6820	20.857
6821	19.852
6822	22.34
6823	21.738
6824	21.462
6825	23.053
6826	22.097
6827	22.444
6828	21.477
6829	23.086
6830	23.699
6831	22.141
6832	22.768
6833	23.999
6834	23.371
6835	22.439
6836	23.925
6837	24.556
6838	23.649
6839	24.193
6840	24.819
6841	23.266
6842	24.458
6843	25.088
6844	25.345
6845	24.706
6846	26.033
6847	25.179
6848	25.373
6849	24.489
6850	26.216
6851	26.744
6852	25.911
6853	25.351
6854	26.247
6855	27.051
6856	27.021
6857	25.58
6858	26.037
6859	26.865
6860	25.885
6861	26.747
6862	25.116
6863	25.649
6864	26.63
6865	25.133
6866	26.362
6867	24.835
6868	24.648
6869	24.706
6870	23.934
6871	23.806
6872	22.827
6873	22.9
6874	23.158
6875	22.489
6876	22.53
6877	22.15
6878	22.178
6879	22.479
6880	21.75
6881	21.808
6882	22.186
6883	21.319
6884	21.354
6885	21.672
6886	20.511
6887	20.915
6888	20.514
6889	20.922
6890	20.086
6891	20.078
6892	19.672
6893	19.623
6894	19.246
6895	19.215
6896	18.789
6897	18.752
6898	18.307
6899	18.287
6900	17.795
6901	17.782
6902	17.271
6903	17.269
6904	16.783
6905	16.746
6906	17.296
6907	16.367
6908	16.279
6909	16.861
6910	15.91
6911	15.875
6912	16.513
6913	15.39
6914	15.352
6915	15.961
6916	14.855
6917	14.855
6918	15.435
6919	14.228
6920	14.329
6921	13.622
6922	13.738
6923	13.526
6924	13.111
6925	13.071
6926	12.631
6927	12.59
6928	12.152
6929	12.206
6930	12.664
6931	11.389
6932	11.766
6933	11.321
6934	11.029
6935	11.015
6936	11.43
6937	10.612
6938	10.608
6939	10.978
6940	10.239
6941	10.244
6942	10.586
6943	9.5802
6944	9.5769
6945	9.9033
6946	9.8933
6947	9.2745
6948	9.2707
6949	8.7101
6950	8.7122
6951	8.9808
6952	8.9709
6953	8.4521
6954	8.4405
6955	8.7029
6956	7.8728
6957	7.9224
6958	8.1661
6959	7.631
6960	7.5561
6961	6.8913
6962	7.0264
6963	7.2272
6964	6.5725
6965	6.7192
6966	6.2837
6967	6.4315
6968	5.9926
6969	6.1556
6970	5.8575
6971	5.6698
6972	4.4916
6973	4.7708
6974	4.9231
6975	3.992
6976	4.3383
6977	3.4149
6978	3.81
6979	3.6281
6980	2.7887
6981	3.2469
6982	3.027
6983	2.067
6984	2.6209
6985	2.3476
6986	1.2166
6987	1.9004
6988	1.087
6989	0.72381
6990	1.0109
6991	0.4362
6992	0.63574
6993	0.6387
6994	-0.13795
6995	0.16816
6996	-0.18322
6997	0.38353
6998	-0.18502
6999	0.41439
7000	0.65461
7001	0.88441
7002	0.62573
7003	0.66167
7004	0.41328
7005	0.91371
7006	0.66337
7007	0.40655
7008	0.90217
7009	0.65572
7010	0.65421
7011	0.38934
7012	0.90616
7013	0.65195
7014	0.91195
7015	0.38954
7016	0.65711
7017	0.92708
7018	0.38976
7019	0.66629
7020	0.66098
7021	0.68851
7022	0.39869
7023	0.94945
7024	0.67447
7025	0.41311
7026	0.96884
7027	0.70115
7028	0.73699
7029	0.4379
7030	1.0004
7031	0.71494
7032	0.4603
7033	1.0247
7034	0.75731
7035	0.52406
7036	0.82354
7037	1.0919
7038	0.80088
7039	0.56424
7040	1.1355
7041	0.84434
7042	0.86287
7043	1.191
7044	0.91247
7045	0.89741
7046	0.60888
7047	0.94381
7048	0.63506
7049	1.2239
7050	0.92754
7051	0.6507
7052	1.2387
7053	0.95911
7054	1.0139
7055	0.70367
7056	1.2934
7057	0.99486
7058	0.72502
7059	1.3097
7060	1.0403
7061	0.76061
7062	1.3683
7063	1.0912
7064	1.1
7065	0.85154
7066	1.4514
7067	1.1613
7068	1.1557
7069	1.1731
7070	0.86518
7071	1.4671
7072	1.1686
7073	1.1748
7074	1.4687
7075	0.86496
7076	0.86708
7077	1.4731
7078	1.1789
7079	1.1915
7080	0.87833
7081	1.485
7082	1.1848
7083	1.1985
7084	0.88444
7085	1.4915
7086	1.2058
7087	0.89332
7088	1.4984
7089	1.2151
7090	0.90091
7091	1.5054
7092	0.91432
7093	1.515
7094	1.2253
7095	0.93633
7096	1.2429
7097	1.5306
7098	1.2344
7099	1.2531
7100	0.95383
7101	1.2495
7102	1.5407
7103	1.5413
7104	0.95724
7105	1.2534
7106	1.2359
7107	0.93975
7108	1.5201
7109	1.2396
7110	0.93928
7111	1.5173
7112	1.2312
7113	1.2304
7114	0.93379
7115	1.2259
7116	1.5042
7117	1.2958
7118	1.0402
7119	1.5708
7120	1.3222
7121	1.5119
7122	1.2394
7123	0.94721
7124	1.5321
7125	0.98911
7126	1.2559
7127	1.4982
7128	1.2259
7129	1.7122
7130	1.4393
7131	1.5614
7132	1.75
7133	1.2922
7134	1.6399
7135	1.3749
7136	1.8111
7137	1.7323
7138	1.887
7139	1.4716
7140	1.839
7141	1.5821
7142	1.9761
7143	1.9592
7144	1.7075
7145	2.0789
7146	2.0921
7147	1.8451
7148	2.1942
7149	2.3219
7150	1.999
7151	2.2384
7152	3.1511
7153	2.9397
7154	3.1539
7155	2.9431
7156	3.3686
7157	3.1616
7158	3.3561
7159	3.5968
7160	3.3976
7161	3.5708
7162	3.8305
7163	3.7939
7164	3.6414
7165	4.0643
7166	3.8902
7167	4.0211
7168	4.2911
7169	4.1335
7170	4.2457
7171	4.5006
7172	4.3674
7173	4.4604
7174	4.6784
7175	4.652
7176	4.5781
7177	4.807
7178	4.7496
7179	4.8058
7180	4.9026
7181	4.8624
7182	4.8634
7183	4.2509
7184	4.5209
7185	4.6284
7186	4.5732
7187	3.6293
7188	4.1357
7189	4.0047
7190	2.7326
7191	3.1022
7192	3.4626
7193	1.6245
7194	2.5753
7195	1.9448
7196	0.43144
7197	0.59764
7198	1.5341
7199	0.29418
7200	0.59718
7201	7.4652e-002
7202	0.1141
7203	-0.12974
7204	0.52683
7205	-0.10919
7206	0.3383
7207	-0.23601
7208	-0.39498
7209	-0.30649
7210	0.1622
7211	-0.63542
7212	-0.58843
7213	-0.54256
7214	-0.62222
7215	-0.64232
7216	-0.45292
7217	-0.5562
7218	-0.38001
7219	-0.49091
7220	-0.27809
7221	-0.37346
7222	-0.44003
7223	-0.16581
7224	-0.32428
7225	0.57932
7226	1.6611e-002
7227	1.2126
7228	1.636
7229	0.64985
7230	0.49122
7231	-0.47593
7232	3.7071
7233	3.4488
7234	3.4916
7235	3.129
7236	4.2226
7237	3.9697
7238	4.6931
7239	4.5062
7240	4.3757
7241	5.1386
7242	4.8954
7243	4.9786
7244	5.5695
7245	5.3612
7246	5.4095
7247	5.7477
7248	6.9395
7249	6.7093
7250	7.4034
7251	7.304
7252	7.1299
7253	7.8242
7254	7.7234
7255	7.5868
7256	8.2372
7257	8.0988
7258	8.6098
7259	8.6226
7260	8.4754
7261	8.9354
7262	8.9264
7263	9.536
7264	9.53
7265	9.2305
7266	9.2396
7267	9.8727
7268	9.8619
7269	9.5297
7270	10.214
7271	10.222
7272	10.548
7273	10.548
7274	10.211
7275	10.911
7276	10.908
7277	12.552
7278	12.563
7279	12.15
7280	12.917
7281	12.965
7282	13.303
7283	13.34
7284	13.706
7285	13.759
7286	14.098
7287	14.158
7288	14.51
7289	14.555
7290	14.055
7291	14.943
7292	14.986
7293	15.386
7294	15.419
7295	15.766
7296	15.86
7297	15.966
7298	16.194
7299	16.216
7300	16.379
7301	16.658
7302	16.765
7303	16.077
7304	17.132
7305	17.233
7306	16.587
7307	17.555
7308	17.665
7309	17.108
7310	17.949
7311	18.046
7312	17.454
7313	18.372
7314	18.448
7315	17.87
7316	18.802
7317	18.87
7318	19.221
7319	19.272
7320	19.593
7321	19.675
7322	19.904
7323	20.01
7324	20.227
7325	20.312
7326	20.54
7327	20.644
7328	20.803
7329	20.926
7330	21.084
7331	21.182
7332	21.475
7333	21.398
7334	22.297
7335	22.337
7336	21.989
7337	21.995
7338	22.56
7339	22.595
7340	22.802
7341	22.829
7342	22.539
7343	23.042
7344	23.051
7345	22.778
7346	23.29
7347	23.277
7348	23.517
7349	23.544
7350	24.518
7351	24.606
7352	24.335
7353	25.499
7354	25.314
7355	25.388
7356	25.208
7357	25.772
7358	25.725
7359	25.565
7360	26.014
7361	25.767
7362	26.021
7363	26.224
7364	25.945
7365	26.301
7366	26.402
7367	26.082
7368	26.541
7369	26.549
7370	26.194
7371	26.76
7372	26.259
7373	26.944
7374	26.657
7375	26.774
7376	26.304
7377	27.212
7378	26.738
7379	26.755
7380	26.247
7381	27.272
7382	26.701
7383	26.143
7384	27.289
7385	26.61
7386	27.284
7387	26.021
7388	26.491
7389	25.849
7390	27.23
7391	26.34
7392	25.656
7393	27.126
7394	26.152
7395	25.407
7396	27.003
7397	27.015
7398	25.883
7399	26.902
7400	25.16
7401	25.547
7402	24.805
7403	26.605
7404	25.083
7405	24.444
7406	26.281
7407	24.006
7408	23.793
7409	25.912
7410	22.528
7411	22.663
7412	21.085
7413	20.702
7414	20.481
7415	21.649
7416	20.656
7417	20.231
7418	19.71
7419	19.687
7420	19.95
7421	19.218
7422	19.48
7423	19.184
7424	19.889
7425	18.701
7426	17.959
7427	18.637
7428	19.584
7429	18.537
7430	17.856
7431	19.469
7432	18.288
7433	17.608
7434	18.011
7435	17.344
7436	18.972
7437	17.716
7438	17.041
7439	18.691
7440	17.427
7441	16.748
7442	16.451
7443	17.147
7444	15.551
7445	14.891
7446	15.897
7447	16.549
7448	15.213
7449	14.562
7450	16.207
7451	14.841
7452	14.227
7453	13.649
7454	13.331
7455	14.362
7456	13.07
7457	12.62
7458	12.295
7459	12.895
7460	12.628
7461	11.994
7462	12.78
7463	13.391
7464	12.438
7465	11.838
7466	13.309
7467	12.136
7468	11.606
7469	11.456
7470	10.93
7471	11.764
7472	10.699
7473	11.279
7474	10.353
7475	9.9396
7476	10.735
7477	10.028
7478	9.6348
7479	10.388
7480	10.731
7481	9.5737
7482	10.902
7483	9.9693
7484	10.227
7485	11.476
7486	10.887
7487	11.549
7488	11.434
7489	11.964
7490	11.951
7491	12.992
7492	12.617
7493	12.455
7494	13.615
7495	13.285
7496	14.362
7497	14.02
7498	15.128
7499	15.201
7500	14.841
7501	14.43
7502	15.822
7503	15.928
7504	16.52
7505	16.701
7506	17.876
7507	18.331
7508	17.232
7509	18.367
7510	19.051
7511	19.651
7512	17.384
7513	18.862
7514	20.325
7515	21.27
7516	19.533
7517	18.446
7518	21.069
7519	22.221
7520	19.054
7521	21.791
7522	23.041
7523	19.571
7524	22.399
7525	23.95
7526	22.994
7527	24.67
7528	23.663
7529	25.641
7530	20.931
7531	24.18
7532	26.571
7533	21.219
7534	24.295
7535	27.496
7536	23.788
7537	28.103
7538	22.971
7539	28.457
7540	18.1
7541	28.211
7542	21.927
7543	25.142
7544	29.675
7545	24.113
7546	20.405
7547	24.748
7548	28.802
7549	29.617
7550	23.675
7551	26.873
7552	26.024
7553	23.223
7554	20.567
7555	20.145
7556	22.507
7557	21.051
7558	19.382
7559	20.78
7560	19.156
7561	19.989
7562	20.555
7563	19.384
7564	18.38
7565	19.726
7566	19.787
7567	17.339
7568	18.583
7569	17.639
7570	16.527
7571	16.154
7572	15.29
7573	15.861
7574	14.339
7575	14.959
7576	14.79
7577	13.891
7578	14.422
7579	13.416
7580	13.87
7581	13.385
7582	12.927
7583	13.307
7584	12.975
7585	12.749
7586	12.441
7587	11.483
7588	11.964
7589	11.685
7590	11.844
7591	11.504
7592	11.634
7593	12.025
7594	12.349
7595	12.231
7596	12.666
7597	14.198
7598	13.791
7599	13.793
7600	14.212
7601	14.693
7602	15.616
7603	15.212
7604	15.839
7605	15.138
7606	15.449
7607	15.939
7608	16.148
7609	16.114
7610	16.316
7611	16.757
7612	16.252
7613	16.869
7614	17.168
7615	16.845
7616	17.094
7617	17.634
7618	17.423
7619	16.98
7620	16.857
7621	17.941
7622	17.477
7623	17.89
7624	18.377
7625	17.881
7626	18.752
7627	18.261
7628	19.036
7629	18.582
7630	19.227
7631	18.821
7632	19.508
7633	19.455
7634	19.012
7635	19.835
7636	19.315
7637	19.729
7638	20.227
7639	22.005
7640	22.181
7641	21.735
7642	20.81
7643	20.317
7644	20.527
7645	21.022
7646	21.109
7647	20.602
7648	21.318
7649	21.419
7650	20.901
7651	21.73
7652	21.202
7653	21.497
7654	23.766
7655	22.887
7656	23.101
7657	23.265
7658	24.625
7659	23.877
7660	24.08
7661	25.386
7662	24.572
7663	25.964
7664	26.367
7665	25.208
7666	10.915
7667	7.2507
7668	13.597
7669	19.04
7670	15.376
7671	0.79007
7672	0.53587
7673	0.96963
7674	0.7249
7675	0.88527
7676	0.61206
7677	1.0348
7678	0.933
7679	0.70166
7680	1.1211
7681	1.1175
7682	0.94364
7683	1.1267
7684	0.70973
7685	0.99379
7686	0.75732
7687	1.155
7688	1.0578
7689	1.2288
7690	0.819
7691	26.053
7692	26.219
7693	26.316
7694	26.17
7695	26.447
7696	13.151
7697	10.55
7698	22.298
7699	21.883
7700	11.791
7701	9.4171
7702	16.843
7703	25.661
7704	26.589
7705	26.672
7706	2.1777
7707	3.1942
7708	2.622
7709	3.8125
7710	2.7639
7711	26.556
7712	26.195
7713	0.86952
7714	1.138
7715	1.2965
7716	22.451
7717	22.027
7718	22.506
7719	22.21
7720	22.884
7721	8.2954
7722	11.78
7723	15.608
7724	27.984
7725	28.132
7726	27.8
7727	27.961
7728	28.14
7729	27.804
7730	27.959
7731	27.96
7732	28.142
7733	27.807
7734	27.961
7735	27.976
7736	28.172
7737	27.825
7738	27.991
7739	27.984
7740	28.162
7741	27.835
7742	28.001
7743	27.993
7744	28.008
7745	28.023
7746	28.197
7747	27.866
7748	27.816
7749	27.992
7750	28.143
7751	28.03
7752	28.035
7753	28.209
7754	27.878
7755	28.171
7756	27.849
7757	28.034
7758	28.209
7759	27.878
7760	28.034
7761	28.168
7762	27.858
7763	28.016
7764	28.025
7765	27.868
7766	28.198
7767	28.162
7768	27.845
7769	28.014
7770	28.177
7771	27.859
7772	28.023
7773	28.026
7774	28.025
7775	27.871
7776	28.197
7777	28.177
7778	27.86
7779	28.023
7780	28.175
7781	27.863
7782	28.022
7783	28.023
7784	28.022
7785	28.197
7786	27.867
7787	28.176
7788	27.861
7789	28.022
7790	28.172
7791	27.853
7792	28.022
7793	27.864
7794	28.03
7795	28.18
7796	28.026
7797	28.018
7798	28.014
7799	28.176
7800	27.859
7801	28.171
7802	27.853
7803	28.026
7804	28.164
7805	27.845
7806	28.027
7807	27.849
7808	28.029
7809	28.019
7810	28.157
7811	28.166
7812	28.011
7813	28.018
7814	27.846
7815	28.
7816	27.988
7817	28.163
7818	27.841
7819	27.837
7820	28.005
7821	28.157
7822	27.988
7823	27.989
7824	28.168
7825	27.838
7826	28.132
7827	27.816
7828	27.998
7829	28.177
7830	27.85
7831	27.995
7832	28.14
7833	27.815
7834	27.984
7835	27.982
7836	27.827
7837	28.154
7838	28.137
7839	27.82
7840	27.997
7841	28.134
7842	27.817
7843	27.992
7844	27.977
7845	27.974
7846	28.141
7847	27.821
7848	27.813
7849	28.118
7850	27.989
7851	28.128
7852	27.808
7853	27.971
7854	28.123
7855	27.812
7856	27.97
7857	27.969
7858	27.961
7859	27.967
7860	28.134
7861	27.815
7862	28.102
7863	27.789
7864	27.96
7865	28.119
7866	27.803
7867	27.964
7868	27.985
7869	27.985
7870	28.156
7871	27.838
7872	28.12
7873	27.815
7874	27.969
7875	28.112
7876	27.816
7877	27.966
7878	27.808
7879	27.961
7880	27.97
7881	28.109
7882	28.123
7883	28.003
7884	27.983
7885	27.83
7886	27.987
7887	27.985
7888	28.144
7889	27.841
7890	27.83
7891	28.003
7892	28.133
7893	27.992
7894	27.996
7895	28.161
7896	27.854
7897	28.122
7898	27.827
7899	28.004
7900	28.022
7901	28.175
7902	27.872
7903	28.133
7904	27.836
7905	28.165
7906	27.872
7907	28.031
7908	28.182
7909	27.896
7910	28.042
7911	28.048
7912	28.192
7913	27.906
7914	28.073
7915	28.052
7916	28.092
7917	28.107
7918	28.241
7919	27.965
7920	28.22
7921	27.94
7922	28.089
7923	28.246
7924	27.972
7925	28.121
7926	28.162
7927	28.17
7928	28.313
7929	28.033
7930	28.288
7931	28.011
7932	28.141
7933	28.305
7934	28.031
7935	28.198
7936	28.364
7937	28.094
7938	28.228
7939	28.243
7940	28.407
7941	28.14
7942	28.289
7943	28.266
7944	28.463
7945	28.318
7946	28.346
7947	28.193
7948	28.251
7949	28.425
7950	28.53
7951	28.377
7952	28.578
7953	28.447
7954	28.459
7955	28.3
7956	28.374
7957	28.527
7958	28.655
7959	28.498
7960	28.732
7961	28.562
7962	28.603
7963	28.433
7964	28.474
7965	28.648
7966	28.785
7967	28.625
7968	28.871
7969	28.69
7970	28.725
7971	28.549
7972	28.578
7973	28.786
7974	28.924
7975	28.745
7976	28.986
7977	28.845
7978	28.807
7979	28.607
7980	28.876
7981	28.879
7982	29.102
7983	28.675
7984	28.661
7985	28.879
7986	29.066
7987	28.892
7988	28.908
7989	29.147
7990	28.681
7991	29.089
7992	28.651
7993	28.91
7994	29.17
7995	28.663
7996	28.906
7997	29.146
7998	28.658
7999	28.834
8000	28.817
8001	29.151
8002	28.534
8003	29.114
8004	28.531
8005	28.858
8006	29.088
8007	28.472
8008	28.802
8009	29.033
8010	28.332
8011	28.752
8012	28.652
8013	28.943
8014	28.16
8015	28.47
8016	28.586
8017	28.783
8018	28.39
8019	28.262
8020	27.946
8021	28.507
8022	27.578
8023	27.922
8024	28.089
8025	28.204
8026	27.205
8027	27.751
8028	27.585
8029	27.794
8030	26.716
8031	27.1
8032	27.353
8033	27.336
8034	26.166
8035	26.594
8036	26.852
8037	24.542
8038	24.904
8039	25.438
8040	23.823
8041	23.211
8042	23.083
8043	23.613
8044	24.393
8045	22.684
8046	22.173
8047	22.141
8048	22.545
8049	21.785
8050	21.532
8051	21.662
8052	21.355
8053	21.612
8054	20.968
8055	21.227
8056	21.438
8057	20.454
8058	20.969
8059	20.684
8060	20.108
8061	19.831
8062	19.613
8063	19.889
8064	20.394
8065	19.339
8066	19.543
8067	20.041
8068	18.703
8069	18.872
8070	19.209
8071	18.16
8072	18.605
8073	18.366
8074	17.609
8075	18.091
8076	17.765
8077	17.033
8078	16.701
8079	16.572
8080	16.952
8081	17.417
8082	16.534
8083	16.397
8084	16.161
8085	16.31
8086	15.953
8087	16.646
8088	16.141
8089	15.361
8090	15.839
8091	15.568
8092	14.797
8093	14.97
8094	15.28
8095	14.145
8096	14.217
8097	14.697
8098	14.623
8099	13.403
8100	13.806
8101	13.438
8102	12.78
8103	12.424
8104	12.478
8105	12.741
8106	12.786
8107	13.109
8108	13.106
8109	12.118
8110	12.05
8111	12.156
8112	11.837
8113	11.815
8114	11.276
8115	11.384
8116	11.499
8117	12.197
8118	12.53
8119	12.209
8120	11.942
8121	13.557
8122	13.144
8123	13.777
8124	14.998
8125	15.063
8126	14.419
8127	16.508
8128	16.421
8129	15.723
8130	15.529
8131	17.995
8132	18.915
8133	19.132
8134	18.194
8135	17.173
8136	16.85
8137	19.96
8138	21.541
8139	21.281
8140	20.159
8141	21.578
8142	21.189
8143	23.623
8144	22.006
8145	22.475
8146	20.796
8147	25.355
8148	21.676
8149	24.12
8150	23.148
8151	27.878
8152	26.648
8153	25.295
8154	23.746
8155	30.82
8156	28.007
8157	29.345
8158	34.639
8159	31.1
8160	32.923
8161	39.139
8162	34.714
8163	34.173
8164	45.048
8165	33.658
8166	32.815
8167	27.187
8168	33.143
8169	33.762
8170	41.749
8171	44.959
8172	32.705
8173	26.869
8174	32.862
8175	31.415
8176	35.525
8177	38.182
8178	33.438
8179	30.003
8180	27.41
8181	26.301
8182	28.758
8183	30.137
8184	28.653
8185	27.547
8186	25.271
8187	23.228
8188	22.193
8189	24.033
8190	25.219
8191	24.259
8192	22.915
8193	21.24
8194	20.397
8195	19.546
8196	18.65
8197	19.89
8198	20.898
8199	20.382
8200	18.854
8201	17.514
8202	17.729
8203	16.03
8204	15.291
8205	15.98
8206	16.864
8207	16.838
8208	14.523
8209	13.712
8210	14.199
8211	15.109
8212	13.304
8213	12.93
8214	11.65
8215	12.197
8216	11.503
8217	12.016
8218	10.178
8219	10.225
8220	10.86
8221	8.8128
8222	9.6357
8223	9.163
8224	8.5105
8225	9.2214
8226	8.9341
8227	9.5074
8228	9.7693
8229	9.0084
8230	10.302
8231	9.8794
8232	10.426
8233	11.261
8234	10.731
8235	11.204
8236	11.378
8237	10.593
8238	10.4
8239	11.006
8240	11.564
8241	11.845
8242	11.008
8243	10.786
8244	12.164
8245	12.302
8246	12.808
8247	11.822
8248	11.35
8249	12.236
8250	13.839
8251	13.224
8252	13.903
8253	14.232
8254	13.23
8255	12.911
8256	13.576
8257	14.56
8258	14.874
8259	13.874
8260	15.565
8261	13.556
8262	15.237
8263	14.182
8264	15.179
8265	15.873
8266	14.784
8267	15.773
8268	15.475
8269	15.396
8270	16.073
8271	16.373
8272	15.998
8273	16.927
8274	16.664
8275	16.856
8276	16.443
8277	17.114
8278	18.307
8279	18.452
8280	17.608
8281	17.412
8282	18.374
8283	19.013
8284	17.792
8285	18.77
8286	19.285
8287	19.627
8288	18.762
8289	18.382
8290	19.055
8291	19.983
8292	20.601
8293	19.526
8294	19.07
8295	21.413
8296	22.316
8297	20.935
8298	20.227
8299	21.548
8300	23.155
8301	23.702
8302	22.606
8303	21.777
8304	22.941
8305	24.082
8306	23.679
8307	24.416
8308	24.724
8309	24.397
8310	25.014
8311	25.26
8312	24.92
8313	25.636
8314	25.463
8315	25.858
8316	25.893
8317	25.443
8318	26.291
8319	25.343
8320	25.778
8321	25.526
8322	25.903
8323	25.803
8324	25.697
8325	25.578
8326	25.585
8327	25.874
8328	25.498
8329	25.56
8330	25.239
8331	25.163
8332	25.379
8333	24.687
8334	24.458
8335	24.635
8336	24.846
8337	24.775
8338	24.927
8339	24.415
8340	24.274
8341	24.221
8342	23.928
8343	23.734
8344	23.975
8345	23.761
8346	23.494
8347	23.504
8348	23.286
8349	22.864
8350	22.635
8351	22.914
8352	23.111
8353	23.077
8354	22.699
8355	22.389
8356	22.215
8357	21.854
8358	22.13
8359	21.776
8360	21.305
8361	21.029
8362	21.426
8363	21.686
8364	21.573
8365	21.144
8366	20.729
8367	20.092
8368	19.726
8369	20.195
8370	20.532
8371	20.418
8372	19.34
8373	18.946
8374	19.441
8375	19.828
8376	18.545
8377	18.156
8378	18.661
8379	19.045
8380	18.277
8381	17.766
8382	17.455
8383	16.928
8384	17.34
8385	16.767
8386	16.606
8387	16.287
8388	15.462
8389	15.031
8390	15.524
8391	15.947
8392	15.892
8393	14.615
8394	14.21
8395	14.664
8396	15.094
8397	13.796
8398	13.388
8399	13.856
8400	14.284
8401	12.975
8402	12.529
8403	12.98
8404	13.411
8405	12.559
8406	12.117
8407	12.093
8408	11.296
8409	10.911
8410	11.277
8411	11.663
8412	11.689
8413	11.293
8414	10.557
8415	10.211
8416	10.537
8417	10.981
8418	9.8559
8419	9.5348
8420	9.9302
8421	10.167
8422	9.2442
8423	8.9482
8424	9.2131
8425	9.5207
8426	9.2352
8427	8.9615
8428	8.6501
8429	8.2564
8430	8.3371
8431	7.998
8432	7.505
8433	7.624
8434	7.249
8435	5.9632
8436	6.2389
8437	6.4682
8438	5.5394
8439	5.1181
8440	5.1643
8441	5.9068
8442	4.7086
8443	4.4148
8444	4.556
8445	4.6955
8446	4.3267
8447	4.1228
8448	3.5943
8449	3.7115
8450	3.1185
8451	1.3208
8452	1.7045
8453	-0.5334
8454	-0.62751
8455	-0.41633
8456	-0.53756
8457	-0.6005
8458	-0.59334
8459	-0.54771
8460	-0.5751
8461	-0.72329
8462	-0.5655
8463	-0.58851
8464	-0.77364
8465	-0.66294
8466	-0.69464
8467	-0.82203
8468	-0.35906
8469	-0.16504
8470	-0.39642
8471	-0.29679
8472	-0.56459
8473	0.9179
8474	7.6492e-002
8475	3.2559
8476	2.3144
8477	3.4776
8478	4.6853
8479	4.2747
8480	4.7291
8481	4.7782
8482	4.8049
8483	4.6493
8484	4.3257
8485	4.2099
8486	4.445
8487	3.7845
8488	3.9595
8489	3.7011
8490	3.1906
8491	2.9501
8492	2.9744
8493	3.237
8494	3.4423
8495	2.7297
8496	2.722
8497	2.2694
8498	2.504
8499	2.2993
8500	2.5248
8501	1.8624
8502	1.9256
8503	2.1081
8504	2.165
8505	1.4894
8506	1.752
8507	1.5935
8508	1.1757
8509	1.3214
8510	1.4506
8511	0.92069
8512	1.2065
8513	1.1057
8514	0.72717
8515	0.94349
8516	1.02
8517	0.56852
8518	0.87253
8519	0.81065
8520	1.0975
8521	0.46644
8522	0.73348
8523	0.76971
8524	0.38158
8525	0.69238
8526	0.95916
8527	0.66692
8528	0.33927
8529	0.65065
8530	0.64157
8531	0.6431
8532	0.64792
8533	0.33519
8534	0.64172
8535	0.33334
8536	0.34566
8537	0.94774
8538	0.65564
8539	0.35589
8540	0.66028
8541	0.66114
8542	0.95734
8543	0.65068
8544	0.63976
8545	0.33412
8546	0.94635
8547	0.34596
8548	0.65794
8549	0.32024
8550	0.62726
8551	0.6001
8552	0.58839
8553	0.274
8554	0.28894
8555	0.6144
8556	0.57927
8557	0.57129
8558	0.25087
8559	0.2629
8560	0.24549
8561	0.56533
8562	0.23399
8563	0.55724
8564	0.55997
8565	0.23721
8566	0.55553
8567	0.55707
8568	0.22954
8569	0.54803
8570	0.54924
8571	0.17009
8572	0.4912
8573	0.48712
8574	0.16557
8575	0.49723
8576	0.78221
8577	0.46723
8578	0.41482
8579	0.39257
8580	8.8502e-002
8581	0.11283
8582	0.44031
8583	6.7988e-002
8584	0.68376
8585	0.37301
8586	0.34196
8587	0.32878
8588	2.176e-002
8589	3.4479e-002
8590	0.35659
8591	1.1925e-002
8592	0.62126
8593	0.31766
8594	-1.9499e-003
8595	0.29491
8596	0.59582
8597	0.30728
8598	0.26528
8599	0.24591
8600	-4.1418e-002
8601	0.54538
8602	-2.4887e-002
8603	0.28096
8604	-6.2996e-002
8605	0.22397
8606	-0.10511
8607	0.17963
8608	0.47664
8609	0.2001
8610	-0.10197
8611	0.16122
8612	0.14489
8613	0.12328
8614	0.11648
8615	-9.6115e-002
8616	-9.813e-002
8617	0.13388
8618	-9.3612e-002
8619	0.11573
8620	0.39226
8621	-8.9033e-002
8622	0.12154
8623	0.1179
8624	0.38911
8625	-8.3876e-002
8626	0.12467
8627	0.12945
8628	0.14962
8629	0.15816
8630	-7.5331e-002
8631	-7.8183e-002
8632	0.13853
8633	0.39878
8634	0.16711
8635	0.17698
8636	-6.9124e-002
8637	0.4172
8638	-7.2362e-002
8639	-6.6402e-002
8640	0.1588
8641	-2.8015e-002
8642	0.24489
8643	0.17619
8644	0.40966
8645	8.6439e-002
8646	0.35786
8647	0.29824
8648	0.22854
8649	0.42845
8650	0.47839
8651	0.34025
8652	0.58253
8653	0.52341
8654	1.6225
8655	1.4674
8656	1.39
8657	1.5233
8658	1.3381
8659	1.3113
8660	1.4992
8661	1.2707
8662	1.299
8663	1.4029
8664	1.1741
8665	1.2144
8666	1.3484
8667	1.1364
8668	1.1177
8669	0.85906
8670	1.3663
8671	1.1488
8672	0.89849
8673	1.1283
8674	1.3812
8675	1.1542
8676	1.1465
8677	1.3936
8678	1.1491
8679	1.1555
8680	0.90128
8681	1.4169
8682	1.174
8683	1.1639
8684	1.4455
8685	1.1973
8686	1.1853
8687	1.4793
8688	1.2115
8689	1.2298
8690	1.5194
8691	1.2656
8692	1.2478
8693	0.98015
8694	1.6167
8695	1.3349
8696	1.3592
8697	1.0681
8698	1.6667
8699	1.4059
8700	1.1148
8701	1.3831
8702	1.7118
8703	1.4272
8704	1.448
8705	1.1546
8706	1.4858
8707	1.5036
8708	1.7722
8709	1.2072
8710	1.753
8711	1.4675
8712	1.7912
8713	1.5188
8714	1.824
8715	1.5446
8716	1.533
8717	1.2534
8718	1.865
8719	1.5655
8720	1.5892
8721	1.6199
8722	1.6533
8723	1.903
8724	1.3523
8725	1.901
8726	1.6075
8727	1.3381
8728	1.9592
8729	1.6808
8730	1.4124
8731	1.9922
8732	1.718
8733	1.6942
8734	1.4171
8735	2.0177
8736	1.7294
8737	1.74
8738	1.4444
8739	1.7571
8740	1.7628
8741	2.0448
8742	2.0368
8743	1.7488
8744	1.4587
8745	2.0494
8746	1.7671
8747	2.0615
8748	1.7729
8749	1.7788
8750	1.4787
8751	2.0737
8752	1.7914
8753	1.785
8754	2.0861
8755	1.7979
8756	1.8052
8757	2.099
8758	1.8192
8759	1.8127
8760	1.523
8761	2.1078
8762	1.537
8763	1.8247
8764	1.8282
8765	2.1068
8766	1.8271
8767	1.8289
8768	2.0958
8769	1.8228
8770	1.816
8771	1.5349
8772	2.0772
8773	1.8014
8774	1.8079
8775	2.057
8776	1.7933
8777	1.5072
8778	1.7856
8779	2.0502
8780	1.7858
8781	1.7866
8782	1.8071
8783	2.0668
8784	1.8229
8785	1.7903
8786	2.049
8787	1.9997
8788	2.0582
8789	2.2314
8790	2.1881
8791	1.9639
8792	2.289
8793	2.1308
8794	2.64
8795	2.424
8796	2.5477
8797	3.5579
8798	3.5583
8799	3.3589
8800	3.965
8801	3.7679
8802	3.9845
8803	4.7852
8804	4.6119
8805	4.7795
8806	5.0392
8807	4.9013
8808	4.957
8809	5.0016
8810	4.8213
8811	4.9219
8812	4.7661
8813	4.4681
8814	3.969
8815	4.458
8816	3.2978
8817	3.3053
8818	2.4849
8819	0.95296
8820	0.9299
8821	1.4344
8822	1.716
8823	1.5766
8824	1.5098
8825	0.8701
8826	2.0319
8827	1.2433
8828	0.98968
8829	2.3821
8830	1.3888
8831	1.4444
8832	2.3937
8833	1.6093
8834	1.5331
8835	1.7623
8836	2.4543
8837	2.379
8838	2.1218
8839	1.5822
8840	3.0792
8841	3.642
8842	3.5442
8843	2.997
8844	4.1563
8845	4.6175
8846	4.5128
8847	4.0508
8848	5.0258
8849	5.3906
8850	5.2893
8851	5.178
8852	4.9225
8853	5.6186
8854	5.7195
8855	5.5317
8856	6.1955
8857	6.3034
8858	6.0205
8859	6.8543
8860	7.1332
8861	6.9706
8862	6.7144
8863	6.5782
8864	7.226
8865	7.4089
8866	7.3339
8867	7.7271
8868	7.6807
8869	7.947
8870	8.4542
8871	8.7164
8872	8.4545
8873	8.2095
8874	8.2022
8875	8.9887
8876	9.2712
8877	8.9754
8878	8.7093
8879	8.9849
8880	9.2541
8881	9.5781
8882	9.8679
8883	10.235
8884	9.8994
8885	10.557
8886	10.594
8887	10.947
8888	11.706
8889	12.111
8890	11.668
8891	11.291
8892	11.759
8893	11.315
8894	12.55
8895	12.975
8896	12.506
8897	12.072
8898	13.385
8899	13.344
8900	13.839
8901	12.916
8902	15.317
8903	15.788
8904	15.281
8905	14.777
8906	14.817
8907	15.726
8908	16.242
8909	16.731
8910	16.744
8911	17.257
8912	18.25
8913	18.721
8914	18.231
8915	17.744
8916	17.762
8917	19.166
8918	19.615
8919	19.16
8920	18.706
8921	19.642
8922	20.082
8923	20.568
8924	20.931
8925	20.529
8926	20.965
8927	21.483
8928	21.412
8929	21.836
8930	22.295
8931	22.603
8932	22.219
8933	23.094
8934	23.353
8935	22.988
8936	23.246
8937	23.842
8938	23.716
8939	24.081
8940	24.821
8941	25.052
8942	25.216
8943	25.035
8944	24.633
8945	24.449
8946	26.307
8947	26.618
8948	26.648
8949	25.973
8950	26.272
8951	26.977
8952	26.899
8953	27.562
8954	27.155
8955	27.383
8956	28.06
8957	27.57
8958	27.71
8959	28.351
8960	27.805
8961	27.871
8962	28.552
8963	27.903
8964	27.864
8965	27.767
8966	27.753
8967	28.568
8968	28.5
8969	27.802
8970	28.619
8971	27.624
8972	27.11
8973	27.142
8974	27.959
8975	28.163
8976	27.338
8977	27.343
8978	27.492
8979	28.284
8980	28.163
8981	27.575
8982	27.669
8983	28.348
8984	28.328
8985	28.396
8986	27.698
8987	27.315
8988	27.085
8989	27.903
8990	26.482
8991	28.113
8992	27.549
8993	26.873
8994	26.678
8995	27.5
8996	27.69
8997	26.214
8998	27.304
8999	25.825
9000	26.46
9001	25.975
9002	25.715
9003	26.591
9004	26.841
9005	26.222
9006	25.451
9007	25.184
9008	26.068
9009	26.329
9010	24.905
9011	24.611
9012	25.509
9013	25.794
9014	24.277
9015	25.208
9016	24.301
9017	23.979
9018	23.632
9019	24.562
9020	23.859
9021	22.966
9022	23.278
9023	23.199
9024	22.297
9025	22.655
9026	21.783
9027	21.591
9028	21.174
9029	22.069
9030	22.463
9031	21.943
9032	20.698
9033	20.192
9034	21.13
9035	21.615
9036	20.291
9037	20.628
9038	19.685
9039	17.866
9040	18.258
9041	18.709
9042	17.596
9043	17.982
9044	17.559
9045	16.81
9046	15.989
9047	16.398
9048	15.639
9049	14.838
9050	15.408
9051	14.472
9052	14.269
9053	13.52
9054	13.706
9055	13.305
9056	12.622
9057	13.141
9058	12.433
9059	12.243
9060	11.625
9061	12.143
9062	10.444
9063	9.8264
9064	10.385
9065	11.053
9066	10.51
9067	11.028
9068	9.2079
9069	8.5966
9070	9.0919
9071	8.7335
9072	9.7395
9073	9.3221
9074	8.0021
9075	7.4189
9076	7.8206
9077	8.452
9078	6.8412
9079	6.2634
9080	6.5568
9081	7.1861
9082	5.6782
9083	5.091
9084	5.2785
9085	5.9213
9086	4.6356
9087	4.5143
9088	3.3722
9089	2.8235
9090	2.7381
9091	3.3592
9092	3.9389
9093	2.2838
9094	1.8927
9095	1.5289
9096	2.1246
9097	1.6305
9098	1.7268
9099	0.84423
9100	0.96011
9101	1.5913
9102	1.2021
9103	0.79027
9104	2.0964
9105	1.0372
9106	3.1337
9107	0.68248
9108	1.1184
9109	1.748
9110	1.3137
9111	0.95705
9112	3.6684
9113	1.83
9114	3.1445
9115	2.3954
9116	3.5192
9117	2.8094
9118	4.2323
9119	3.6542
9120	1.4064
9121	1.7119
9122	1.8062
9123	1.5649
9124	7.5314
9125	6.2858
9126	3.4581
9127	2.6648
9128	3.4145
9129	4.1209
9130	1.1759
9131	1.8793
9132	1.9594
9133	1.9054
9134	2.0243
9135	1.1328
9136	1.1689
9137	1.8899
9138	2.1638
9139	2.2968
9140	1.1467
9141	3.7941
9142	1.1362
9143	1.1843
9144	2.4152
9145	3.971
9146	1.1533
9147	3.7484
9148	2.3615
9149	2.3899
9150	2.2034
9151	2.899
9152	2.7132
9153	3.073
9154	3.2238
9155	3.7041
9156	4.8593
9157	5.4852
9158	4.9164
9159	4.2422
9160	4.2306
9161	5.5344
9162	6.0823
9163	7.2858
9164	7.8674
9165	7.4029
9166	7.8484
9167	6.69
9168	6.7895
9169	7.4357
9170	8.0079
9171	8.4469
9172	9.2132
9173	9.612
9174	9.0283
9175	10.361
9176	10.159
9177	10.671
9178	10.596
9179	11.465
9180	11.191
9181	11.723
9182	12.547
9183	12.741
9184	12.236
9185	13.883
9186	14.514
9187	14.258
9188	13.67
9189	13.294
9190	15.112
9191	15.089
9192	14.857
9193	15.587
9194	15.654
9195	15.184
9196	16.745
9197	17.206
9198	17.181
9199	16.949
9200	16.661
9201	16.206
9202	17.544
9203	17.925
9204	17.96
9205	17.614
9206	17.149
9207	18.42
9208	18.921
9209	18.92
9210	18.43
9211	19.403
9212	19.362
9213	20.187
9214	19.731
9215	20.062
9216	20.686
9217	21.093
9218	21.227
9219	20.846
9220	20.122
9221	20.355
9222	21.641
9223	21.507
9224	23.127
9225	22.923
9226	22.635
9227	23.717
9228	23.9
9229	23.374
9230	24.082
9231	24.38
9232	24.584
9233	23.895
9234	24.271
9235	24.865
9236	24.659
9237	24.175
9238	25.252
9239	24.947
9240	25.427
9241	26.002
9242	25.555
9243	25.838
9244	26.481
9245	26.318
9246	26.077
9247	26.943
9248	27.238
9249	26.833
9250	28.172
9251	27.997
9252	27.82
9253	0.67853
9254	0.44706
9255	0.63068
9256	0.94703
9257	1.2648
9258	3.024
9259	2.2995
9260	4.1304
9261	3.5035
9262	1.7873
9263	2.3975
9264	4.0407
9265	2.8446
9266	4.4098
9267	28.335
9268	28.16
9269	28.332
9270	28.49
9271	28.32
9272	28.513
9273	28.293
9274	28.464
9275	28.301
9276	28.463
9277	28.121
9278	28.292
9279	28.482
9280	28.292
9281	28.445
9282	28.111
9283	28.307
9284	28.469
9285	28.328
9286	28.465
9287	28.14
9288	28.332
9289	28.499
9290	28.32
9291	28.478
9292	28.151
9293	28.332
9294	28.487
9295	28.502
9296	28.171
9297	28.322
9298	28.345
9299	28.508
9300	28.333
9301	28.349
9302	28.496
9303	28.342
9304	28.533
9305	28.343
9306	28.489
9307	28.356
9308	28.527
9309	28.345
9310	28.497
9311	28.181
9312	28.334
9313	28.504
9314	28.186
9315	28.488
9316	28.344
9317	28.339
9318	28.486
9319	28.35
9320	28.339
9321	28.508
9322	28.185
9323	28.498
9324	28.348
9325	28.336
9326	28.494
9327	28.347
9328	28.337
9329	28.496
9330	28.183
9331	28.35
9332	28.495
9333	28.348
9334	28.528
9335	28.344
9336	28.493
9337	28.52
9338	28.348
9339	28.194
9340	28.342
9341	28.52
9342	28.198
9343	28.348
9344	28.328
9345	28.487
9346	28.325
9347	28.492
9348	28.337
9349	28.482
9350	28.515
9351	28.201
9352	28.329
9353	28.339
9354	28.513
9355	28.192
9356	28.33
9357	28.334
9358	28.483
9359	28.509
9360	28.179
9361	28.33
9362	28.308
9363	28.48
9364	28.321
9365	28.313
9366	28.458
9367	28.32
9368	28.499
9369	28.319
9370	28.469
9371	28.309
9372	28.495
9373	28.305
9374	28.454
9375	28.127
9376	28.308
9377	28.489
9378	28.169
9379	28.456
9380	28.307
9381	28.303
9382	28.452
9383	28.306
9384	28.464
9385	28.289
9386	28.16
9387	28.295
9388	28.464
9389	28.283
9390	28.289
9391	28.446
9392	28.285
9393	28.452
9394	28.132
9395	28.283
9396	28.428
9397	28.272
9398	28.45
9399	28.13
9400	28.274
9401	28.422
9402	28.286
9403	28.456
9404	28.284
9405	28.435
9406	28.281
9407	28.44
9408	28.129
9409	28.292
9410	28.431
9411	28.283
9412	28.466
9413	28.265
9414	28.417
9415	28.427
9416	28.12
9417	28.268
9418	28.283
9419	28.453
9420	28.143
9421	28.281
9422	28.28
9423	28.416
9424	28.44
9425	28.16
9426	28.29
9427	28.282
9428	28.442
9429	28.29
9430	28.292
9431	28.425
9432	28.299
9433	28.467
9434	28.305
9435	28.437
9436	28.318
9437	28.475
9438	28.316
9439	28.444
9440	28.323
9441	28.463
9442	28.182
9443	28.338
9444	28.463
9445	28.345
9446	28.487
9447	28.204
9448	28.355
9449	28.482
9450	28.367
9451	28.52
9452	28.236
9453	28.369
9454	28.503
9455	28.379
9456	28.517
9457	28.394
9458	28.523
9459	28.416
9460	28.551
9461	28.27
9462	28.439
9463	28.555
9464	28.447
9465	28.584
9466	28.466
9467	28.579
9468	28.495
9469	28.632
9470	28.359
9471	28.515
9472	28.638
9473	28.535
9474	28.667
9475	28.394
9476	28.559
9477	28.681
9478	28.586
9479	28.715
9480	28.441
9481	28.617
9482	28.736
9483	28.777
9484	28.653
9485	28.5
9486	28.722
9487	28.867
9488	28.591
9489	28.696
9490	28.745
9491	28.867
9492	28.915
9493	28.782
9494	28.626
9495	28.858
9496	28.981
9497	28.689
9498	28.816
9499	28.906
9500	29.029
9501	29.091
9502	28.937
9503	28.777
9504	29.015
9505	29.156
9506	28.834
9507	28.971
9508	29.056
9509	29.197
9510	29.253
9511	29.088
9512	28.909
9513	29.169
9514	29.344
9515	28.991
9516	29.129
9517	29.229
9518	29.371
9519	29.47
9520	29.088
9521	29.275
9522	29.312
9523	29.531
9524	29.292
9525	29.344
9526	29.527
9527	29.385
9528	29.616
9529	29.406
9530	29.63
9531	29.407
9532	29.677
9533	29.419
9534	29.655
9535	29.144
9536	29.424
9537	29.731
9538	29.169
9539	29.431
9540	29.705
9541	29.422
9542	29.77
9543	29.423
9544	29.706
9545	29.418
9546	29.767
9547	29.137
9548	29.362
9549	29.721
9550	29.338
9551	29.702
9552	28.981
9553	29.255
9554	29.714
9555	29.175
9556	29.595
9557	28.782
9558	29.573
9559	29.092
9560	28.859
9561	29.406
9562	28.989
9563	28.727
9564	29.24
9565	28.273
9566	28.594
9567	29.215
9568	28.416
9569	29.017
9570	27.975
9571	28.207
9572	28.884
9573	27.996
9574	28.653
9575	27.513
9576	27.785
9577	28.524
9578	27.52
9579	28.228
9580	27.044
9581	27.197
9582	28.006
9583	26.768
9584	27.086
9585	27.685
9586	26.367
9587	27.076
9588	27.712
9589	26.966
9590	27.538
9591	26.969
9592	27.407
9593	26.582
9594	28.007
9595	27.826
9596	28.179
9597	28.513
9598	28.311
9599	0.73502
9600	0.46509
9601	27.991
9602	27.849
9603	27.409
9604	27.98
9605	27.848
9606	28.175
9607	28.311
9608	28.494
9609	28.714
9610	28.966
9611	29.18
9612	29.33
9613	29.485
9614	29.638
9615	29.728
9616	29.787
9617	29.855
9618	29.919
9619	29.438
9620	29.992
9621	30.054
9622	30.077
9623	30.061
9624	30.07
9625	30.051
9626	30.054
9627	30.044
9628	30.012
9629	29.967
9630	29.925
9631	29.901
9632	29.861
9633	29.799
9634	29.745
9635	29.711
9636	29.668
9637	29.473
9638	29.612
9639	29.545
9640	29.492
9641	29.441
9642	29.276
9643	29.394
9644	29.337
9645	29.288
9646	29.256
9647	29.103
9648	29.213
9649	29.151
9650	29.105
9651	29.073
9652	28.941
9653	29.037
9654	29.011
9655	28.977
9656	28.93
9657	28.807
9658	28.895
9659	28.864
9660	28.836
9661	28.813
9662	28.791
9663	28.775
9664	28.745
9665	28.716
9666	28.701
9667	28.69
9668	28.68
9669	28.661
9670	28.651
9671	28.656
9672	28.646
9673	28.624
9674	28.612
9675	28.603
9676	28.59
9677	28.6
9678	28.608
9679	28.605
9680	28.6
9681	28.585
9682	28.585
9683	28.582
9684	28.433
9685	28.576
9686	28.587
9687	28.592
9688	28.579
9689	28.42
9690	28.579
9691	28.6
9692	28.605
9693	28.59
9694	28.592
9695	28.605
9696	28.604
9697	28.6
9698	28.595
9699	28.595
9700	28.609
9701	28.616
9702	28.614
9703	28.609
9704	28.433
9705	28.613
9706	28.63
9707	28.634
9708	28.485
9709	28.637
9710	28.637
9711	28.64
9712	28.645
9713	28.648
9714	28.645
9715	28.631
9716	28.636
9717	28.655
9718	28.477
9719	28.659
9720	28.657
9721	28.656
9722	28.66
9723	28.473
9724	28.661
9725	28.649
9726	28.651
9727	28.665
9728	28.67
9729	28.67
9730	28.498
9731	28.669
9732	28.674
9733	28.673
9734	28.655
9735	28.655
9736	28.672
9737	28.674
9738	28.524
9739	28.667
9740	28.654
9741	28.65
9742	28.66
9743	28.515
9744	28.658
9745	28.656
9746	28.668
9747	28.672
9748	28.68
9749	28.68
9750	28.66
9751	28.647
9752	28.652
9753	28.471
9754	28.658
9755	28.645
9756	28.645
9757	28.636
9758	28.628
9759	28.622
9760	28.635
9761	28.644
9762	28.635
9763	28.657
9764	28.668
9765	28.67
9766	28.663
9767	5.3047
9768	4.7894
9769	4.5757
9770	4.9756
9771	1.5703
9772	1.9539
9773	2.0218
9774	1.0528
9775	0.42678
9776	27.705
9777	27.313
9778	27.492
9779	27.087
9780	27.118
9781	26.936
9782	26.897
9783	26.735
9784	26.667
9785	26.428
9786	26.263
9787	26.167
9788	25.72
9789	25.895
9790	25.345
9791	25.139
9792	25.619
9793	25.07
9794	24.774
9795	24.455
9796	24.146
9797	23.619
9798	23.87
9799	23.319
9800	23.598
9801	23.002
9802	22.827
9803	22.586
9804	22.649
9805	22.162
9806	22.029
9807	21.776
9808	21.387
9809	21.02
9810	20.655
9811	20.529
9812	20.27
9813	19.402
9814	19.854
9815	18.93
9816	18.466
9817	18.031
9818	17.59
9819	17.098
9820	16.575
9821	16.052
9822	16.119
9823	15.563
9824	15.101
9825	14.6
9826	14.044
9827	13.47
9828	12.899
9829	13.094
9830	12.332
9831	11.762
9832	12.021
9833	11.188
9834	10.604
9835	10.914
9836	10.012
9837	9.4114
9838	9.8102
9839	8.7975
9840	8.1737
9841	8.6126
9842	7.5434
9843	6.9065
9844	5.6165
9845	6.1643
9846	6.2638
9847	4.9657
9848	4.2994
9849	3.6241
9850	2.9813
9851	3.6124
9852	2.3789
9853	1.834
9854	2.5297
9855	1.2749
9856	0.67781
9857	1.5565
9858	0.50142
9859	0.49361
9860	0.50534
9861	0.48034
9862	0.47239
9863	0.47197
9864	0.48429
9865	0.50369
9866	1.2335
9867	0.56666
9868	0.75803
9869	1.3518
9870	1.0921
9871	1.5283
9872	2.4936
9873	2.894
9874	2.1832
9875	1.6182
9876	1.1481
9877	2.4424
9878	0.74
9879	1.3121
9880	0.49195
9881	0.29073
9882	0.73046
9883	0.35153
9884	0.30238
9885	0.35911
9886	0.38616
9887	0.38311
9888	0.72272
9889	1.3697
9890	2.0392
9891	2.7251
9892	3.4205
9893	4.1216
9894	4.0002
9895	4.8231
9896	5.5216
9897	6.2147
9898	6.9017
9899	7.5878
9900	8.2704
9901	8.9473
9902	9.6235
9903	10.299
9904	10.97
9905	12.274
9906	11.656
9907	11.632
9908	12.883
9909	13.467
9910	12.783
9911	14.056
9912	14.658
9913	13.892
9914	15.26
9915	16.456
9916	15.857
9917	17.046
9918	16.225
9919	17.547
9920	18.147
9921	17.135
9922	18.734
9923	18.311
9924	19.155
9925	20.086
9926	19.157
9927	19.608
9928	20.584
9929	19.629
9930	21.08
9931	20.137
9932	21.565
9933	22.047
9934	22.511
9935	22.941
9936	23.337
9937	23.721
9938	22.818
9939	24.093
9940	24.788
9941	24.441
9942	24.208
9943	25.137
9944	25.803
9945	24.896
9946	25.478
9947	26.106
9948	26.398
9949	26.678
9950	26.946
9951	27.205
9952	27.456
9953	27.698
9954	27.923
9955	27.079
9956	28.125
9957	28.316
9958	28.508
9959	28.701
9960	28.882
9961	29.016
9962	28.318
9963	29.075
9964	29.1
9965	29.12
9966	29.104
9967	28.981
9968	29.012
9969	29.252
9970	29.422
9971	28.427
9972	29.434
9973	29.302
9974	29.264
9975	29.253
9976	28.566
9977	29.126
9978	28.956
9979	28.477
9980	28.783
9981	28.588
9982	28.238
9983	28.318
9984	28.007
9985	27.828
9986	27.688
9987	27.359
9988	27.281
9989	27.006
9990	26.613
9991	25.761
9992	25.902
9993	26.201
9994	25.309
9995	25.472
9996	24.865
9997	24.412
9998	23.989
9999	24.227
10000	23.594
10001	23.208
10002	23.467
10003	22.807
10004	22.393
10005	22.701
10006	21.974
10007	21.545
10008	21.898
10009	21.094
10010	20.626
10011	21.023
10012	20.155
10013	19.676
10014	20.116
10015	19.187
10016	18.7
10017	18.216
10018	17.724
10019	17.223
10020	16.715
10021	17.242
10022	16.203
10023	15.701
10024	16.217
10025	15.22
10026	14.742
10027	14.262
10028	13.79
10029	14.302
10030	13.322
10031	13.817
10032	12.874
10033	12.447
10034	12.029
10035	11.629
10036	11.253
10037	10.875
10038	10.51
10039	10.9
10040	10.17
10041	9.8402
10042	10.207
10043	9.5292
10044	9.2367
10045	9.5607
10046	8.9583
10047	8.696
10048	8.4475
10049	8.2098
10050	7.9788
10051	7.7516
10052	7.9715
10053	7.524
10054	7.2947
10055	7.4775
10056	7.0635
10057	6.8307
10058	6.5946
10059	6.3505
10060	6.4584
10061	6.0926
10062	5.8167
10063	5.9176
10064	5.5173
10065	5.1861
10066	4.8179
10067	4.4074
10068	3.953
10069	3.462
10070	2.9217
10071	2.6233
10072	2.9371
10073	3.1616
10074	2.3102
10075	3.2446
10076	3.2892
10077	2.3413
10078	3.3047
10079	3.1119
10080	2.3133
10081	2.7826
10082	2.4415
10083	1.6884
10084	2.1456
10085	1.9638
10086	2.7171
10087	3.3906
10088	2.5778
10089	3.9497
10090	4.4563
10091	3.9572
10092	4.8198
10093	5.0453
10094	4.8097
10095	5.1481
10096	5.1507
10097	5.0684
10098	5.0758
10099	4.9436
10100	4.9379
10101	4.7722
10102	4.5766
10103	4.5988
10104	4.3689
10105	4.3929
10106	4.159
10107	4.1786
10108	3.9536
10109	3.7561
10110	3.7565
10111	3.5689
10112	3.3962
10113	3.37
10114	3.2397
10115	3.1955
10116	3.0975
10117	3.0367
10118	2.9683
10119	2.8918
10120	2.8525
10121	2.7602
10122	2.7507
10123	2.6613
10124	2.5346
10125	2.5836
10126	2.4407
10127	2.5171
10128	2.3589
10129	2.4622
10130	2.4198
10131	2.3967
10132	2.3682
10133	2.1725
10134	2.3297
10135	2.1166
10136	2.3123
10137	2.0813
10138	2.3126
10139	2.0687
10140	2.3087
10141	2.307
10142	2.0434
10143	2.3021
10144	2.3142
10145	2.3211
10146	2.0497
10147	2.3325
10148	2.3446
10149	2.0688
10150	2.356
10151	2.3666
10152	2.0868
10153	2.3757
10154	2.3824
10155	2.1027
10156	2.3862
10157	2.3879
10158	2.1083
10159	2.3871
10160	2.3838
10161	2.104
10162	2.3795
10163	2.3741
10164	2.0932
10165	2.368
10166	2.3621
10167	2.0798
10168	2.356
10169	2.3499
10170	2.0673
10171	2.344
10172	2.3377
10173	2.0554
10174	2.3314
10175	2.3245
10176	2.3159
10177	2.3056
10178	2.0278
10179	2.2936
10180	2.2794
10181	2.0052
10182	2.2602
10183	2.2406
10184	1.9622
10185	2.2089
10186	2.1842
10187	2.1731
10188	2.1555
10189	1.8797
10190	2.1339
10191	2.1138
10192	1.8344
10193	2.0996
10194	2.081
10195	1.8086
10196	2.0598
10197	2.0393
10198	2.0187
10199	1.997
10200	1.7332
10201	1.9743
10202	1.9505
10203	1.6897
10204	1.9255
10205	1.8995
10206	1.642
10207	1.8733
10208	1.8475
10209	1.5914
10210	1.8216
10211	1.5676
10212	1.7959
10213	1.5421
10214	1.7724
10215	1.7503
10216	1.5008
10217	1.7291
10218	1.7095
10219	1.4613
10220	1.6917
10221	1.6743
10222	1.4315
10223	1.6581
10224	1.6432
10225	1.4051
10226	1.6297
10227	1.6198
10228	1.3852
10229	1.6211
10230	1.6116
10231	1.3941
10232	1.5904
10233	1.5831
10234	1.3525
10235	1.5893
10236	1.6061
10237	1.3774
10238	1.6302
10239	1.6702
10240	1.4417
10241	1.6959
10242	1.7077
10243	1.4957
10244	1.7367
10245	1.784
10246	1.5516
10247	1.8497
10248	1.936
10249	1.6947
10250	2.0483
10251	2.1779
10252	28.123
10253	27.835
10254	28.461
10255	0.15685
10256	0.23363
10257	0.22037
10258	0.16171
10259	0.40399
10260	9.3637e-002
10261	2.6954e-002
10262	0.2768
10263	-4.2308e-002
10264	-6.1349e-002
10265	0.1576
10266	-6.5602e-002
10267	-6.9184e-002
10268	3.2541e-002
10269	-7.304e-002
10270	-7.5659e-002
10271	-6.609e-002
10272	-7.7178e-002
10273	-7.9333e-002
10274	-8.1768e-002
10275	-8.3753e-002
10276	-8.5853e-002
10277	-8.816e-002
10278	-8.1136e-002
10279	-8.9944e-002
10280	-9.2116e-002
10281	-8.6167e-002
10282	-9.4554e-002
10283	-9.6237e-002
10284	-9.147e-002
10285	-9.817e-002
10286	-0.10035
10287	-0.10184
10288	-0.10351
10289	-9.9934e-002
10290	-0.10545
10291	-0.10673
10292	-0.10369
10293	-0.10822
10294	-0.11003
10295	-8.5815e-002
10296	-0.11128
10297	-0.11293
10298	-0.11476
10299	-0.11615
10300	-1.2724e-002
10301	-0.11854
10302	-0.12079
10303	4.0746e-003
10304	-0.12207
10305	-0.12443
10306	-0.12657
10307	-0.12784
10308	4.9512e-002
10309	-0.13011
10310	-0.13217
10311	-0.13349
10312	-0.13574
10313	0.14016
10314	-0.13595
10315	-0.12133
10316	0.1957
10317	-0.10583
10318	-8.1977e-002
10319	0.21528
10320	-7.1051e-002
10321	0.23634
10322	-7.7735e-002
10323	0.24075
10324	-8.3743e-002
10325	-8.2357e-002
10326	0.23596
10327	-8.4972e-002
10328	-8.8359e-002
10329	0.23489
10330	-8.7795e-002
10331	-8.1655e-002
10332	0.23818
10333	-7.4924e-002
10334	-6.5497e-002
10335	-5.1491e-002
10336	-3.7162e-002
10337	-2.1291e-002
10338	-2.8593e-003
10339	0.30417
10340	1.46e-002
10341	2.9402e-002
10342	4.3094e-002
10343	4.9826e-002
10344	0.35507
10345	4.7431e-002
10346	4.1845e-002
10347	0.35182
10348	3.293e-002
10349	2.543e-002
10350	3.2966e-002
10351	0.33527
10352	2.6888e-002
10353	4.5107e-002
10354	7.1149e-002
10355	0.35649
10356	0.1076
10357	0.15136
10358	0.4184
10359	0.20367
10360	0.26482
10361	0.50695
10362	0.33844
10363	0.42614
10364	0.64246
10365	0.52187
10366	0.62962
10367	0.81466
10368	0.75578
10369	0.89592
10370	1.0416
10371	1.0505
10372	1.2214
10373	1.3255
10374	1.407
10375	1.6064
10376	1.6696
10377	1.8167
10378	2.0325
10379	2.0624
10380	2.2603
10381	2.5026
10382	2.4949
10383	2.7539
10384	3.0208
10385	3.3042
10386	3.5928
10387	3.5094
10388	3.8839
10389	4.1746
10390	4.0589
10391	4.4487
10392	4.6969
10393	4.568
10394	4.9072
10395	5.0479
10396	4.9339
10397	5.0906
10398	5.0027
10399	4.9533
10400	4.9972
10401	3.9632
10402	4.1849
10403	4.6394
10404	2.2088
10405	-0.71028
10406	1.2672
10407	-0.61968
10408	9.0195e-002
10409	-0.14612
10410	-0.11559
10411	-0.8279
10412	-0.36456
10413	-0.83231
10414	-0.64627
10415	-0.74697
10416	-0.61681
10417	-0.65821
10418	-0.62673
10419	-0.61904
10420	-0.60798
10421	-0.6056
10422	-0.73784
10423	-0.75192
10424	0.1192
10425	-0.53766
10426	1.1622
10427	1.7896
10428	2.6954
10429	2.1734
10430	3.4616
10431	2.9857
10432	3.8608
10433	4.1818
10434	3.9779
10435	4.4679
10436	4.5429
10437	4.7418
10438	5.5317
10439	6.1825
10440	6.4337
10441	6.9771
10442	6.663
10443	7.4698
10444	7.2137
10445	7.7481
10446	8.1255
10447	7.8671
10448	8.6266
10449	9.0187
10450	8.7073
10451	9.2264
10452	9.4896
10453	9.9161
10454	10.241
10455	10.492
10456	10.961
10457	11.347
10458	11.644
10459	12.073
10460	12.565
10461	12.099
10462	13.01
10463	13.415
10464	13.879
10465	14.344
10466	14.737
10467	15.142
10468	15.586
10469	16.009
10470	16.435
10471	16.859
10472	16.38
10473	17.234
10474	17.601
10475	17.073
10476	18.005
10477	18.401
10478	17.89
10479	19.161
10480	18.781
10481	19.54
10482	19.928
10483	20.297
10484	20.635
10485	20.959
10486	21.26
10487	20.845
10488	21.541
10489	21.808
10490	22.061
10491	22.309
10492	21.947
10493	22.549
10494	22.773
10495	22.464
10496	22.977
10497	23.16
10498	23.338
10499	23.512
10500	23.305
10501	23.687
10502	23.892
10503	23.698
10504	24.126
10505	24.367
10506	24.173
10507	24.592
10508	24.794
10509	24.971
10510	25.128
10511	25.051
10512	25.251
10513	25.33
10514	25.391
10515	25.379
10516	25.36
10517	25.306
10518	25.218
10519	25.595
10520	25.076
10521	24.928
10522	24.732
10523	24.451
10524	25.167
10525	24.162
10526	23.843
10527	24.705
10528	23.462
10529	23.035
10530	24.079
10531	22.643
10532	22.238
10533	23.379
10534	21.845
10535	21.228
10536	20.396
10537	19.748
10538	19.152
10539	18.613
10540	18.205
10541	17.859
10542	17.557
10543	17.253
10544	18.231
10545	16.947
10546	16.713
10547	16.572
10548	16.124
10549	17.534
10550	15.588
10551	15.33
10552	16.259
10553	15.038
10554	14.727
10555	15.704
10556	14.415
10557	14.104
10558	15.092
10559	13.795
10560	13.489
10561	14.485
10562	13.182
10563	12.87
10564	12.554
10565	12.238
10566	11.924
10567	11.6
10568	12.588
10569	11.25
10570	10.87
10571	10.513
10572	10.23
10573	10.001
10574	9.7898
10575	9.5678
10576	9.3215
10577	10.173
10578	9.0706
10579	8.8433
10580	9.6176
10581	8.6471
10582	9.3985
10583	9.2197
10584	8.4587
10585	8.0422
10586	8.7531
10587	8.2541
10588	7.8324
10589	7.9324
10590	8.2613
10591	8.6438
10592	9.4226
10593	9.4433
10594	10.231
10595	11.062
10596	10.884
10597	11.94
10598	12.863
10599	12.454
10600	13.826
10601	14.82
10602	15.833
10603	16.853
10604	17.898
10605	18.999
10606	17.83
10607	20.14
10608	21.292
10609	22.434
10610	23.597
10611	21.863
10612	24.816
10613	26.087
10614	27.385
10615	28.708
10616	26.359
10617	30.087
10618	31.582
10619	33.277
10620	35.267
10621	31.672
10622	37.775
10623	41.188
10624	46.506
10625	53.295
10626	49.751
10627	49.762
10628	37.544
10629	53.556
10630	47.159
10631	42.459
10632	42.085
10633	38.758
10634	36.822
10635	36.14
10636	34.036
10637	32.427
10638	32.275
10639	30.679
10640	29.357
10641	29.186
10642	27.831
10643	26.518
10644	26.613
10645	25.543
10646	24.335
10647	24.526
10648	23.292
10649	22.861
10650	22.329
10651	21.515
10652	20.415
10653	19.371
10654	18.384
10655	17.448
10656	17.325
10657	16.557
10658	14.876
10659	15.702
10660	14.075
10661	14.27
10662	13.295
10663	12.547
10664	12.86
10665	11.839
10666	11.161
10667	11.565
10668	11.301
10669	11.547
10670	11.524
10671	11.769
10672	11.971
10673	12.211
10674	12.484
10675	12.763
10676	13.051
10677	13.085
10678	13.361
10679	13.692
10680	13.763
10681	14.025
10682	14.329
10683	14.503
10684	14.609
10685	14.885
10686	15.092
10687	15.164
10688	15.453
10689	15.642
10690	15.717
10691	15.937
10692	16.181
10693	16.49
10694	16.818
10695	17.127
10696	17.283
10697	17.422
10698	17.698
10699	17.904
10700	17.959
10701	18.235
10702	18.404
10703	18.538
10704	18.839
10705	19.044
10706	19.121
10707	19.394
10708	19.667
10709	19.942
10710	20.172
10711	20.213
10712	20.468
10713	20.728
10714	20.7
10715	20.913
10716	21.17
10717	21.102
10718	21.318
10719	21.63
10720	22.002
10721	22.417
10722	22.873
10723	23.331
10724	23.748
10725	24.111
10726	24.199
10727	24.667
10728	25.096
10729	25.041
10730	25.509
10731	25.395
10732	25.824
10733	25.72
10734	26.024
10735	26.407
10736	26.292
10737	26.549
10738	26.929
10739	26.797
10740	26.999
10741	27.343
10742	27.174
10743	27.685
10744	27.369
10745	27.669
10746	27.979
10747	27.535
10748	27.828
10749	27.934
10750	28.254
10751	28.04
10752	28.13
10753	28.46
10754	28.19
10755	28.232
10756	28.285
10757	28.393
10758	28.636
10759	28.355
10760	28.412
10761	28.431
10762	28.44
10763	28.447
10764	28.461
10765	28.459
10766	28.677
10767	28.439
10768	28.421
10769	28.629
10770	28.429
10771	28.401
10772	28.568
10773	28.393
10774	28.336
10775	28.511
10776	28.369
10777	28.314
10778	28.465
10779	28.295
10780	28.238
10781	28.392
10782	28.262
10783	28.216
10784	28.34
10785	28.181
10786	28.132
10787	28.305
10788	28.158
10789	28.099
10790	28.225
10791	28.071
10792	28.021
10793	28.17
10794	28.045
10795	27.999
10796	27.976
10797	28.125
10798	27.951
10799	27.918
10800	28.084
10801	27.894
10802	27.882
10803	27.867
10804	27.83
10805	27.848
10806	27.813
10807	27.799
10808	27.78
10809	27.948
10810	27.764
10811	27.758
10812	27.91
10813	27.75
10814	27.723
10815	27.737
10816	27.705
10817	27.695
10818	27.69
10819	27.684
10820	27.684
10821	27.685
10822	27.858
10823	27.685
10824	27.666
10825	27.829
10826	27.676
10827	27.657
10828	27.66
10829	27.81
10830	27.669
10831	27.668
10832	27.662
10833	27.655
10834	27.816
10835	27.652
10836	27.643
10837	27.643
10838	27.656
10839	27.813
10840	27.658
10841	27.653
10842	27.816
10843	27.654
10844	27.657
10845	27.662
10846	27.662
10847	27.664
10848	27.663
10849	27.668
10850	27.676
10851	27.82
10852	27.674
10853	27.667
10854	27.664
10855	27.666
10856	27.668
10857	27.678
10858	27.682
10859	27.851
10860	27.686
10861	27.692
10862	27.862
10863	27.69
10864	27.696
10865	27.694
10866	27.876
10867	27.691
10868	27.694
10869	27.698
10870	27.705
10871	27.871
10872	27.705
10873	27.699
10874	27.867
10875	27.699
10876	27.704
10877	27.708
10878	27.709
10879	27.71
10880	27.704
10881	27.703
10882	27.702
10883	27.702
10884	27.697
10885	27.695
10886	27.7
10887	27.856
10888	27.697
10889	27.702
10890	27.701
10891	27.697
10892	27.693
10893	27.674
10894	27.662
10895	27.672
10896	27.838
10897	27.664
10898	27.656
10899	27.822
10900	27.646
10901	27.637
10902	27.805
10903	27.627
10904	27.625
10905	27.781
10906	27.619
10907	27.616
10908	27.776
10909	27.636
10910	27.649
10911	27.669
10912	27.693
10913	6.7545
10914	7.3848
10915	4.7887
10916	4.8735
10917	7.2147
10918	6.4058
10919	9.3283
10920	5.5707
10921	6.1032
10922	5.5623
10923	6.8672
10924	5.893
10925	5.6558
10926	18.236
10927	17.787
10928	16.846
10929	19.182
10930	18.733
10931	0.545
10932	1.5274
10933	1.2464
10934	0.39206
10935	26.292
10936	25.938
10937	25.104
10938	0.90009
10939	0.6523
10940	22.091
10941	1.3115
10942	1.0441
10943	8.9546
10944	0.53359
10945	0.82183
10946	0.95425
10947	28.894
10948	27.991
10949	28.022
10950	11.769
10951	11.719
10952	15.771
10953	16.315
10954	17.041
10955	15.734
10956	0.92939
10957	4.8888
10958	4.303
10959	24.905
10960	5.9142
10961	4.0904
10962	6.1621
10963	2.216
10964	0.92537
10965	27.896
10966	14.347
10967	15.764
10968	15.294
10969	28.57
10970	11.901
10971	1.267
10972	0.97575
10973	4.2026
10974	14.329
10975	8.1907
10976	23.588
10977	14.874
10978	15.586
10979	1.433
10980	11.23
10981	4.4151
10982	0.82647
10983	0.93648
10984	2.314
10985	0.54814
10986	0.85223
10987	19.814
10988	11.665
10989	11.662
10990	23.03
10991	23.143
10992	22.821
10993	25.116
10994	0.78899
10995	18.7
10996	15.204
10997	15.532
10998	23.548
10999	22.088
11000	11.945
11001	29.135
11002	4.7928
11003	4.8172
11004	0.48727
11005	0.65204
11006	1.0706
11007	1.1115
11008	4.8654
11009	23.37
11010	0.93366
11011	1.5141
11012	22.515
11013	24.072
11014	10.173
11015	25.614
11016	20.263
11017	20.558
11018	4.8897
11019	26.553
11020	1.2881
11021	0.85899
11022	22.676
11023	21.101
11024	0.84393
11025	23.579
11026	7.0351
11027	3.8555
11028	23.395
11029	9.9711
11030	21.293
11031	14.072
11032	11.696
11033	15.056
11034	0.42192
11035	12.12
11036	12.399
11037	10.552
11038	16.242
11039	25.057
11040	15.223
11041	15.739
11042	21.217
11043	0.57959
11044	1.1569
11045	1.5392
11046	1.1739
11047	1.9209
11048	17.089
11049	0.8805
11050	14.399
11051	10.022
11052	10.459
11053	1.2513
11054	12.285
11055	15.37
11056	24.699
11057	23.815
11058	26.578
11059	11.379
11060	28.612
11061	27.997
11062	27.838
11063	27.845
11064	27.868
11065	27.866
11066	27.863
11067	11.085
11068	1.2086
11069	2.7254
11070	13.562
11071	25.61
11072	24.947
11073	24.282
11074	11.744
11075	10.98
11076	25.582
11077	21.493
11078	9.9045
11079	1.1021
11080	0.75559
11081	4.9178
11082	12.977
11083	27.096
11084	14.413
11085	7.4736
11086	0.77734
11087	0.665
11088	22.047
11089	1.148
11090	1.1322
11091	0.91917
11092	0.87182
11093	3.1693
11094	2.3392
11095	12.98
11096	17.968
11097	1.0518
11098	16.384
11099	10.854
11100	16.17
11101	16.371
11102	17.815
11103	13.44
11104	13.802
11105	13.437
11106	0.37014
11107	26.71
11108	-0.66622
11109	24.019
11110	0.50079
11111	20.734
11112	21.229
11113	14.173
11114	6.8997
11115	9.2431
11116	10.807
11117	13.114
11118	22.625
11119	20.838
11120	16.864
11121	17.845
11122	22.717
11123	24.04
11124	21.646
11125	3.2402
11126	11.721
11127	14.191
11128	13.421
11129	12.672
11130	12.628
11131	14.441
11132	14.078
11133	13.675
11134	21.694
11135	21.341
11136	21.652
11137	21.3
11138	14.471
11139	15.413
11140	14.995
11141	15.937
11142	18.58
11143	16.216
11144	16.016
11145	13.742
11146	11.689
11147	11.199
11148	9.2592
11149	10.586
11150	12.291
11151	12.369
11152	10.799
11153	14.141
11154	15.959
11155	15.744
11156	14.057
11157	17.627
11158	17.238
11159	22.454
11160	23.375
11161	21.531
11162	21.779
11163	5.2495
11164	5.088
11165	5.4805
11166	5.3191
11167	19.652
11168	20.598
11169	20.333
11170	21.278
11171	20.626
11172	2.9584
11173	2.7462
11174	2.9924
11175	2.7801
11176	2.5646
11177	2.8309
11178	2.6155
11179	2.396
11180	2.6836
11181	2.4642
11182	22.298
11183	20.275
11184	19.042
11185	17.154
11186	14.281
11187	13.756
11188	11.073
11189	8.3437
11190	8.4709
11191	6.0256
11192	12.303
11193	14.784
11194	12.743
11195	13.801
11196	9.2332
11197	9.6653
11198	10.269
11199	10.613
11200	11.213
11201	11.859
11202	11.956
11203	12.604
11204	13.273
11205	13.125
11206	13.801
11207	1.6481
11208	1.3819
11209	1.8682
11210	1.602
11211	1.3386
11212	1.8377
11213	1.5744
11214	13.067
11215	12.996
11216	13.435
11217	13.365
11218	13.318
11219	13.816
11220	13.769
11221	13.724
11222	14.317
11223	14.272
11224	14.798
11225	10.968
11226	12.434
11227	12.414
11228	13.921
11229	15.495
11230	15.162
11231	16.783
11232	24.715
11233	23.95
11234	24.021
11235	23.167
11236	16.564
11237	17.557
11238	17.243
11239	18.237
11240	11.299
11241	10.923
11242	11.329
11243	10.952
11244	23.48
11245	23.711
11246	23.409
11247	23.639
11248	23.859
11249	23.585
11250	23.805
11251	18.537
11252	19.502
11253	19.216
11254	20.181
11255	21.126
11256	20.839
11257	21.785
11258	20.352
11259	21.261
11260	21.093
11261	22.001
11262	22.893
11263	22.701
11264	23.592
11265	11.789
11266	11.664
11267	11.817
11268	11.816
11269	12.163
11270	11.944
11271	12.291
11272	12.955
11273	12.793
11274	12.537
11275	12.38
11276	12.079
11277	11.975
11278	11.676
11279	2.4637
11280	2.1279
11281	2.7988
11282	2.4629
11283	2.1712
11284	2.8776
11285	2.5859
11286	12.029
11287	12.114
11288	12.324
11289	12.41
11290	12.499
11291	12.487
11292	12.576
11293	12.721
11294	12.48
11295	12.628
11296	3.6518
11297	23.29
11298	8.4639
11299	20.481
11300	19.483
11301	19.848
11302	18.85
11303	17.849
11304	18.205
11305	17.204
11306	21.529
11307	21.745
11308	22.04
11309	22.255
11310	22.478
11311	22.764
11312	22.987
11313	23.196
11314	23.481
11315	23.69
11316	8.7537
11317	9.8451
11318	9.6636
11319	10.758
11320	11.602
11321	11.643
11322	12.496
11323	17.374
11324	17.007
11325	16.563
11326	16.005
11327	8.9637
11328	16.867
