Node Number	Temperature (K)
1	793.95
2	792.76
3	793.57
4	793.32
5	793.15
6	793.01
7	792.88
8	801.31
9	801.21
10	801.02
11	800.73
12	800.37
13	799.94
14	799.47
15	798.98
16	798.5
17	798.05
18	797.65
19	797.28
20	796.97
21	796.69
22	796.46
23	796.26
24	796.09
25	795.94
26	795.8
27	795.69
28	795.58
29	795.49
30	795.41
31	795.33
32	795.26
33	795.19
34	795.13
35	795.07
36	795.02
37	794.97
38	794.92
39	794.88
40	794.83
41	794.79
42	794.75
43	794.71
44	794.67
45	794.63
46	794.59
47	794.55
48	794.51
49	794.47
50	794.43
51	794.39
52	794.35
53	794.31
54	794.27
55	794.23
56	794.19
57	794.16
58	794.12
59	794.09
60	794.05
61	794.02
62	793.99
63	793.96
64	793.93
65	793.9
66	793.86
67	793.83
68	793.8
69	793.77
70	793.74
71	793.71
72	793.68
73	793.65
74	793.62
75	793.6
76	793.57
77	793.54
78	793.52
79	793.49
80	793.47
81	793.45
82	793.43
83	793.4
84	793.38
85	793.36
86	793.34
87	793.31
88	793.29
89	793.27
90	793.25
91	793.23
92	793.21
93	793.19
94	793.18
95	793.16
96	793.14
97	793.13
98	793.11
99	793.1
100	793.08
101	793.07
102	793.05
103	793.04
104	793.02
105	793.01
106	793.
107	792.99
108	792.97
109	792.96
110	792.95
111	792.94
112	792.93
113	792.92
114	792.91
115	792.91
116	792.9
117	792.89
118	792.88
119	792.87
120	792.86
121	792.85
122	792.84
123	792.82
124	792.79
125	801.32
126	801.34
127	799.83
128	799.86
129	799.88
130	799.9
131	799.93
132	799.95
133	799.97
134	799.98
135	800.
136	800.02
137	800.03
138	800.05
139	800.06
140	800.07
141	800.08
142	800.09
143	800.1
144	800.11
145	800.12
146	800.13
147	800.14
148	800.15
149	800.16
150	800.16
151	800.17
152	800.17
153	800.18
154	800.18
155	800.19
156	800.19
157	800.2
158	800.2
159	800.2
160	800.2
161	800.21
162	800.21
163	800.21
164	800.22
165	800.22
166	800.23
167	800.24
168	800.26
169	800.27
170	800.3
171	800.32
172	800.35
173	800.39
174	800.43
175	800.48
176	800.54
177	800.61
178	800.68
179	800.77
180	800.87
181	800.97
182	801.08
183	801.18
184	801.26
185	799.37
186	799.37
187	799.38
188	799.38
189	799.39
190	799.39
191	799.4
192	799.41
193	799.42
194	799.42
195	799.43
196	799.44
197	799.46
198	799.47
199	799.48
200	799.5
201	799.52
202	799.54
203	799.56
204	799.58
205	799.61
206	799.64
207	799.67
208	799.7
209	799.74
210	799.77
211	799.8
212	798.88
213	799.37
214	799.37
215	799.36
216	799.36
217	799.36
218	799.36
219	799.35
220	799.35
221	799.35
222	799.35
223	799.34
224	799.34
225	799.34
226	799.34
227	799.34
228	799.33
229	799.33
230	799.33
231	799.33
232	799.32
233	799.32
234	799.32
235	799.32
236	799.31
237	799.31
238	799.31
239	799.31
240	799.31
241	799.3
242	799.3
243	799.3
244	799.3
245	799.29
246	799.29
247	799.29
248	799.28
249	799.28
250	799.28
251	799.28
252	799.27
253	799.27
254	799.26
255	799.26
256	799.26
257	799.25
258	799.25
259	799.24
260	799.24
261	799.23
262	799.23
263	799.22
264	799.22
265	799.21
266	799.2
267	799.19
268	799.18
269	799.17
270	799.16
271	799.15
272	799.14
273	799.13
274	799.11
275	799.1
276	799.08
277	799.06
278	799.04
279	799.02
280	799.
281	798.98
282	798.95
283	798.93
284	798.9
285	799.22
286	799.22
287	799.22
288	799.22
289	799.22
290	799.22
291	799.22
292	799.22
293	799.22
294	799.22
295	799.22
296	799.22
297	799.22
298	799.22
299	799.22
300	799.22
301	799.22
302	799.22
303	799.22
304	799.22
305	799.22
306	799.22
307	799.22
308	799.22
309	799.22
310	799.22
311	799.22
312	799.22
313	799.22
314	799.21
315	799.21
316	799.21
317	799.21
318	799.21
319	799.21
320	799.21
321	799.21
322	799.21
323	799.21
324	799.21
325	799.21
326	799.21
327	799.2
328	799.2
329	799.2
330	799.2
331	799.2
332	799.19
333	799.19
334	799.19
335	799.19
336	799.18
337	799.18
338	799.17
339	799.17
340	799.16
341	799.15
342	799.15
343	799.14
344	799.13
345	799.12
346	799.11
347	799.09
348	799.08
349	799.07
350	799.05
351	799.03
352	799.01
353	798.99
354	798.97
355	798.95
356	798.93
357	798.9
358	799.3
359	799.3
360	799.3
361	799.3
362	799.3
363	799.3
364	799.3
365	799.3
366	799.3
367	799.3
368	799.3
369	799.3
370	799.3
371	799.29
372	799.29
373	799.29
374	799.29
375	799.28
376	799.28
377	799.28
378	799.28
379	799.28
380	799.28
381	799.27
382	799.27
383	799.27
384	799.27
385	799.27
386	799.27
387	799.26
388	799.26
389	799.26
390	799.26
391	799.26
392	799.26
393	799.26
394	799.26
395	799.26
396	799.26
397	799.25
398	799.25
399	799.25
400	799.25
401	799.25
402	799.25
403	799.25
404	799.25
405	799.25
406	799.25
407	799.25
408	799.25
409	799.25
410	799.25
411	799.25
412	799.25
413	799.24
414	799.24
415	799.24
416	799.24
417	799.24
418	799.24
419	799.24
420	799.24
421	799.24
422	799.24
423	799.24
424	799.24
425	799.24
426	799.24
427	799.24
428	799.24
429	799.24
430	799.24
431	799.24
432	799.24
433	799.24
434	799.24
435	799.24
436	799.24
437	799.24
438	799.24
439	799.23
440	799.23
441	799.23
442	799.23
443	799.23
444	799.23
445	799.23
446	799.23
447	799.23
448	799.23
449	799.23
450	799.23
451	799.23
452	799.23
453	799.23
454	799.23
455	799.23
456	799.23
457	799.23
458	799.23
459	799.23
460	799.23
461	799.23
462	799.23
463	799.23
464	799.23
465	799.23
466	799.23
467	799.23
468	799.23
469	799.23
470	799.23
471	799.23
472	799.23
473	799.23
474	799.23
475	799.23
476	799.23
477	799.22
478	799.22
479	799.22
480	799.22
481	799.22
482	799.22
483	799.22
484	799.22
485	799.22
486	799.22
487	799.22
488	799.22
489	799.22
490	799.22
491	799.22
492	799.22
493	799.22
494	799.22
495	799.22
496	799.22
497	799.22
498	799.22
499	799.22
500	799.22
501	799.22
502	799.22
503	799.22
504	799.22
505	799.22
506	799.22
507	799.22
508	799.22
509	800.
510	799.44
511	799.58
512	799.73
513	799.88
514	799.98
515	800.03
516	800.06
517	800.08
518	800.07
519	800.08
520	800.08
521	800.07
522	800.07
523	800.07
524	800.06
525	800.06
526	800.06
527	800.05
528	800.05
529	800.05
530	800.05
531	800.04
532	800.04
533	800.04
534	800.03
535	800.03
536	800.03
537	800.03
538	800.03
539	800.03
540	800.03
541	800.02
542	800.02
543	800.02
544	800.02
545	800.02
546	800.02
547	800.02
548	800.02
549	800.02
550	800.01
551	800.01
552	800.01
553	800.01
554	800.01
555	800.01
556	800.01
557	800.01
558	800.01
559	800.01
560	800.01
561	800.01
562	800.01
563	800.01
564	800.01
565	800.
566	800.
567	800.
568	800.
569	800.
570	800.
571	800.
572	800.
573	800.
574	800.
575	800.
576	800.
577	800.
578	800.
579	800.
580	800.
581	800.
582	800.
583	800.
584	800.
585	800.
586	800.
587	800.
588	800.
589	800.
590	799.99
591	799.99
592	799.99
593	799.99
594	799.99
595	799.99
596	799.99
597	799.99
598	799.99
599	799.99
600	799.99
601	799.99
602	799.99
603	799.99
604	799.99
605	799.99
606	799.99
607	799.99
608	799.99
609	799.99
610	799.99
611	799.99
612	799.99
613	799.99
614	799.99
615	799.99
616	799.99
617	799.99
618	799.99
619	799.99
620	799.99
621	799.99
622	799.99
623	799.99
624	799.99
625	799.99
626	799.98
627	799.98
628	799.98
629	799.98
630	799.98
631	799.98
632	799.98
633	799.98
634	799.98
635	799.98
636	799.98
637	799.98
638	799.98
639	799.98
640	799.98
641	799.98
642	799.98
643	799.98
644	799.98
645	799.98
646	799.98
647	799.98
648	799.98
649	799.98
650	799.98
651	799.98
652	799.98
653	799.98
654	799.98
655	799.98
656	799.98
657	799.98
658	799.98
659	799.98
660	799.98
661	799.98
662	799.98
663	799.98
664	799.98
665	799.98
666	799.98
667	799.98
668	799.98
669	799.98
670	799.98
671	799.98
672	799.98
673	799.98
674	799.98
675	799.98
676	799.98
677	799.98
678	799.98
679	799.98
680	799.98
681	799.98
682	799.98
683	799.98
684	799.98
685	799.98
686	799.98
687	799.98
688	799.98
689	799.98
690	799.98
691	799.98
692	799.98
693	799.98
694	799.98
695	799.98
696	799.98
697	799.98
698	799.98
699	799.98
700	799.98
701	799.98
702	799.98
703	799.98
704	799.98
705	799.98
706	799.98
707	799.98
708	799.98
709	799.98
710	799.98
711	799.98
712	799.98
713	799.98
714	799.98
715	799.98
716	799.98
717	799.98
718	799.98
719	799.98
720	799.98
721	799.98
722	799.98
723	799.98
724	799.98
725	799.98
726	799.98
727	799.98
728	799.98
729	799.98
730	799.98
731	799.98
732	800.12
733	800.12
734	800.12
735	800.12
736	800.11
737	800.11
738	800.11
739	800.11
740	800.11
741	800.1
742	800.1
743	800.1
744	800.1
745	800.1
746	800.09
747	800.09
748	800.09
749	800.09
750	800.08
751	800.08
752	800.08
753	800.08
754	800.07
755	800.07
756	800.07
757	800.07
758	800.07
759	800.06
760	800.06
761	800.06
762	800.06
763	800.06
764	800.05
765	800.05
766	800.05
767	800.05
768	800.05
769	800.05
770	800.04
771	800.04
772	800.04
773	800.03
774	800.03
775	800.03
776	800.03
777	800.02
778	800.02
779	800.02
780	800.02
781	800.01
782	800.01
783	800.01
784	800.01
785	800.01
786	800.
787	800.
788	800.
789	800.
790	800.
791	799.99
792	799.99
793	799.99
794	799.99
795	799.98
796	799.98
797	799.98
798	799.98
799	800.6
800	800.53
801	800.49
802	800.46
803	800.4
804	800.37
805	800.35
806	800.33
807	800.31
808	800.27
809	800.26
810	800.25
811	800.24
812	800.22
813	800.21
814	800.2
815	800.19
816	800.18
817	800.17
818	800.16
819	800.16
820	800.15
821	800.14
822	800.14
823	800.13
824	800.13
825	800.13
826	801.91
827	800.66
828	800.72
829	800.73
830	800.72
831	800.75
832	800.74
833	800.74
834	800.78
835	800.76
836	800.75
837	800.81
838	800.78
839	800.77
840	800.86
841	800.79
842	800.81
843	800.9
844	800.82
845	800.9
846	800.87
847	800.84
848	800.95
849	800.87
850	800.87
851	800.99
852	800.88
853	800.89
854	801.01
855	800.94
856	800.9
857	801.03
858	800.87
859	800.91
860	800.99
861	801.06
862	801.07
863	800.93
864	800.83
865	801.08
866	800.76
867	800.8
868	801.15
869	800.69
870	800.77
871	800.9
872	801.06
873	800.77
874	800.78
875	800.54
876	801.18
877	800.62
878	800.38
879	801.37
880	800.42
881	800.44
882	801.74
883	800.49
884	800.16
885	801.43
886	801.25
887	801.18
888	800.88
889	801.42
890	801.33
891	800.75
892	800.95
893	807.92
894	804.97
895	807.33
896	809.
897	805.44
898	803.04
899	801.54
900	803.79
901	803.45
902	799.12
903	797.96
904	797.71
905	797.42
906	797.2
907	797.07
908	796.91
909	796.77
910	796.69
911	796.58
912	796.48
913	796.42
914	796.33
915	796.25
916	796.2
917	796.13
918	796.06
919	796.01
920	795.94
921	795.88
922	795.84
923	795.79
924	795.74
925	795.71
926	795.67
927	795.62
928	795.59
929	795.55
930	795.51
931	795.47
932	795.44
933	795.4
934	795.36
935	795.32
936	795.28
937	795.24
938	795.2
939	795.16
940	795.11
941	795.08
942	795.03
943	794.98
944	794.94
945	794.9
946	794.86
947	794.84
948	794.81
949	794.78
950	794.75
951	794.72
952	794.69
953	794.67
954	794.63
955	794.6
956	794.57
957	794.54
958	794.5
959	794.47
960	794.44
961	794.39
962	794.37
963	794.34
964	794.31
965	794.3
966	794.27
967	794.25
968	794.23
969	794.21
970	794.19
971	794.17
972	794.14
973	794.12
974	794.1
975	794.07
976	794.04
977	794.02
978	793.99
979	793.97
980	793.96
981	793.95
982	793.93
983	793.92
984	793.91
985	793.89
986	793.87
987	793.86
988	793.84
989	793.82
990	793.81
991	793.78
992	793.77
993	793.76
994	793.74
995	793.74
996	793.73
997	793.72
998	793.71
999	793.7
1000	793.69
1001	793.68
1002	793.67
1003	793.66
1004	793.65
1005	793.64
1006	793.62
1007	793.62
1008	793.61
1009	793.62
1010	793.7
1011	799.6
1012	799.7
1013	799.73
1014	799.67
1015	799.61
1016	799.58
1017	799.65
1018	799.6
1019	799.6
1020	799.66
1021	799.66
1022	799.69
1023	799.71
1024	799.74
1025	799.71
1026	799.69
1027	799.68
1028	799.68
1029	799.68
1030	799.66
1031	799.65
1032	799.66
1033	799.66
1034	799.68
1035	799.67
1036	799.54
1037	799.49
1038	799.58
1039	799.6
1040	799.58
1041	799.58
1042	799.62
1043	799.63
1044	799.51
1045	799.56
1046	799.57
1047	799.58
1048	799.59
1049	799.59
1050	799.58
1051	799.58
1052	799.53
1053	799.82
1054	799.75
1055	799.72
1056	799.72
1057	799.65
1058	799.66
1059	799.5
1060	799.51
1061	799.51
1062	799.44
1063	799.51
1064	799.47
1065	799.5
1066	799.48
1067	799.56
1068	799.55
1069	799.49
1070	799.4
1071	799.69
1072	799.53
1073	799.54
1074	799.55
1075	799.53
1076	799.55
1077	799.52
1078	799.5
1079	799.49
1080	799.48
1081	799.48
1082	799.49
1083	799.5
1084	799.5
1085	799.5
1086	799.42
1087	799.47
1088	799.47
1089	799.45
1090	799.31
1091	799.37
1092	799.41
1093	799.46
1094	799.47
1095	799.52
1096	799.5
1097	799.53
1098	799.53
1099	799.52
1100	799.57
1101	799.58
1102	799.54
1103	799.6
1104	799.6
1105	799.59
1106	799.59
1107	799.59
1108	799.6
1109	799.61
1110	799.62
1111	799.63
1112	799.64
1113	799.64
1114	799.65
1115	799.74
1116	800.54
1117	800.51
1118	800.51
1119	800.51
1120	800.61
1121	800.52
1122	800.56
1123	800.65
1124	800.86
1125	801.79
1126	802.43
1127	802.5
1128	801.5
1129	801.29
1130	800.81
1131	800.69
1132	800.72
1133	800.63
1134	800.61
1135	800.59
1136	800.59
1137	800.58
1138	800.57
1139	800.61
1140	800.61
1141	800.6
1142	800.59
1143	800.6
1144	800.61
1145	800.48
1146	800.48
1147	800.48
1148	800.45
1149	800.44
1150	800.41
1151	800.4
1152	800.36
1153	800.29
1154	800.27
1155	800.18
1156	800.1
1157	799.83
1158	799.81
1159	799.84
1160	799.81
1161	799.8
1162	799.83
1163	799.8
1164	799.79
1165	799.77
1166	799.76
1167	799.76
1168	799.77
1169	799.76
1170	799.76
1171	799.76
1172	799.73
1173	799.73
1174	799.73
1175	799.74
1176	799.73
1177	799.75
1178	799.75
1179	799.74
1180	799.73
1181	799.73
1182	799.73
1183	799.65
1184	799.63
1185	799.57
1186	799.54
1187	799.54
1188	799.55
1189	799.57
1190	799.57
1191	799.59
1192	799.68
1193	799.67
1194	799.66
1195	799.66
1196	799.67
1197	799.68
1198	799.7
1199	799.7
1200	799.71
1201	799.69
1202	799.6
1203	799.62
1204	799.68
1205	799.62
1206	799.63
1207	799.65
1208	799.64
1209	799.65
1210	799.7
1211	799.65
1212	799.58
1213	799.67
1214	799.67
1215	799.66
1216	799.69
1217	799.71
1218	799.41
1219	799.48
1220	802.41
1221	799.78
1222	802.21
1223	799.78
1224	799.5
1225	799.5
1226	799.54
1227	799.52
1228	799.42
1229	799.42
1230	799.44
1231	799.44
1232	799.42
1233	799.41
1234	799.46
1235	799.46
1236	799.44
1237	799.44
1238	799.46
1239	799.46
1240	799.47
1241	799.45
1242	799.43
1243	799.43
1244	799.44
1245	799.43
1246	799.42
1247	799.42
1248	799.41
1249	799.42
1250	799.42
1251	799.42
1252	799.41
1253	799.35
1254	799.35
1255	799.35
1256	799.39
1257	799.35
1258	799.33
1259	799.31
1260	799.28
1261	799.4
1262	799.31
1263	799.23
1264	799.31
1265	799.33
1266	799.35
1267	799.37
1268	799.38
1269	799.39
1270	799.4
1271	799.41
1272	799.42
1273	799.43
1274	799.43
1275	799.43
1276	799.43
1277	799.44
1278	799.45
1279	799.45
1280	799.46
1281	799.48
1282	799.5
1283	799.5
1284	799.48
1285	799.47
1286	799.51
1287	799.52
1288	799.53
1289	799.52
1290	799.52
1291	799.52
1292	799.53
1293	799.54
1294	799.54
1295	799.55
1296	799.55
1297	799.56
1298	799.56
1299	799.56
1300	799.56
1301	799.57
1302	799.58
1303	799.58
1304	799.61
1305	799.64
1306	799.66
1307	799.7
1308	800.05
1309	800.1
1310	800.18
1311	800.2
1312	800.22
1313	800.26
1314	800.26
1315	800.29
1316	800.3
1317	800.31
1318	800.34
1319	800.36
1320	800.37
1321	800.38
1322	800.38
1323	800.38
1324	800.4
1325	800.42
1326	800.42
1327	800.43
1328	800.43
1329	800.41
1330	800.42
1331	800.43
1332	800.44
1333	800.45
1334	800.48
1335	800.47
1336	800.47
1337	800.47
1338	800.48
1339	800.48
1340	800.49
1341	800.51
1342	800.51
1343	800.54
1344	800.56
1345	800.57
1346	800.6
1347	800.63
1348	800.77
1349	800.83
1350	800.91
1351	801.01
1352	801.12
1353	801.26
1354	801.43
1355	801.76
1356	802.03
1357	801.89
1358	793.32
1359	793.33
1360	793.35
1361	793.38
1362	793.4
1363	793.43
1364	793.46
1365	793.47
1366	793.51
1367	793.52
1368	793.57
1369	793.61
1370	793.67
1371	793.72
1372	793.74
1373	793.81
1374	793.83
1375	793.93
1376	794.03
1377	794.09
1378	794.13
1379	794.16
1380	794.22
1381	794.25
1382	794.28
1383	794.31
1384	794.34
1385	794.41
1386	794.47
1387	794.51
1388	794.66
1389	794.7
1390	794.78
1391	794.93
1392	794.82
1393	794.89
1394	795.09
1395	795.13
1396	795.18
1397	795.22
1398	795.26
1399	795.31
1400	795.35
1401	795.4
1402	795.7
1403	795.78
1404	795.86
1405	795.95
1406	796.05
1407	796.16
1408	796.28
1409	796.42
1410	796.58
1411	796.77
1412	797.55
1413	797.93
1414	798.38
1415	798.92
1416	799.48
1417	800.03
1418	800.57
1419	801.15
1420	801.74
1421	802.47
1422	803.16
1423	803.
1424	802.68
1425	802.22
1426	801.77
1427	801.45
1428	801.25
1429	801.38
1430	800.91
1431	800.87
1432	800.84
1433	800.82
1434	800.79
1435	800.75
1436	800.7
1437	800.69
1438	800.67
1439	800.66
1440	800.66
1441	800.66
1442	800.65
1443	800.66
1444	800.67
1445	800.66
1446	800.66
1447	800.69
1448	800.7
1449	800.69
1450	800.69
1451	800.68
1452	800.68
1453	800.68
1454	800.68
1455	800.68
1456	800.67
1457	800.63
1458	800.62
1459	800.62
1460	800.61
1461	800.6
1462	800.59
1463	800.59
1464	800.57
1465	800.57
1466	800.56
1467	800.54
1468	800.54
1469	800.53
1470	800.5
1471	800.49
1472	800.46
1473	800.45
1474	800.44
1475	800.42
1476	800.39
1477	800.37
1478	800.19
1479	800.04
1480	800.01
1481	799.98
1482	799.95
1483	799.93
1484	799.91
1485	799.89
1486	799.85
1487	799.84
1488	799.83
1489	799.82
1490	799.81
1491	799.8
1492	799.79
1493	799.77
1494	799.77
1495	799.76
1496	799.77
1497	799.84
1498	799.91
1499	799.9
1500	799.91
1501	799.91
1502	799.89
1503	799.89
1504	799.88
1505	799.88
1506	799.87
1507	799.87
1508	799.87
1509	799.86
1510	799.85
1511	799.84
1512	799.84
1513	799.85
1514	799.88
1515	799.88
1516	799.85
1517	799.84
1518	799.83
1519	799.83
1520	799.83
1521	799.81
1522	799.81
1523	799.82
1524	799.83
1525	799.81
1526	799.81
1527	799.82
1528	799.82
1529	799.82
1530	799.82
1531	799.81
1532	799.8
1533	799.8
1534	799.79
1535	799.77
1536	799.76
1537	799.75
1538	799.74
1539	799.74
1540	799.72
1541	799.71
1542	799.69
1543	799.67
1544	799.64
1545	799.62
1546	799.6
1547	799.63
1548	799.66
1549	799.66
1550	799.67
1551	799.67
1552	799.68
1553	799.75
1554	799.77
1555	799.75
1556	799.74
1557	799.74
1558	799.75
1559	799.76
1560	799.76
1561	799.76
1562	799.77
1563	799.77
1564	799.78
1565	799.75
1566	799.77
1567	799.76
1568	799.74
1569	799.71
1570	799.72
1571	799.73
1572	799.74
1573	799.78
1574	799.74
1575	799.74
1576	799.73
1577	799.73
1578	799.75
1579	799.76
1580	799.76
1581	799.74
1582	799.74
1583	799.74
1584	799.75
1585	799.74
1586	799.74
1587	799.74
1588	799.74
1589	799.66
1590	799.62
1591	799.58
1592	799.39
1593	799.5
1594	793.29
1595	793.26
1596	793.24
1597	793.25
1598	793.25
1599	793.24
1600	799.41
1601	799.42
1602	799.49
1603	799.76
1604	799.49
1605	799.58
1606	799.23
1607	799.21
1608	799.44
1609	793.24
1610	799.78
1611	799.79
1612	799.48
1613	799.76
1614	799.76
1615	799.75
1616	799.74
1617	799.74
1618	799.72
1619	799.75
1620	799.72
1621	799.74
1622	799.71
1623	799.73
1624	799.72
1625	799.73
1626	799.72
1627	799.71
1628	799.72
1629	799.72
1630	799.71
1631	799.72
1632	799.71
1633	799.71
1634	799.7
1635	799.71
1636	799.71
1637	799.7
1638	799.7
1639	799.7
1640	799.7
1641	799.7
1642	799.71
1643	799.68
1644	799.71
1645	799.69
1646	799.7
1647	799.7
1648	799.69
1649	799.7
1650	799.7
1651	799.7
1652	799.69
1653	799.7
1654	799.7
1655	799.67
1656	799.69
1657	799.69
1658	799.7
1659	799.69
1660	799.69
1661	799.69
1662	799.68
1663	799.7
1664	799.68
1665	799.7
1666	799.69
1667	799.68
1668	799.69
1669	799.68
1670	799.69
1671	799.69
1672	799.68
1673	799.68
1674	799.69
1675	799.68
1676	799.69
1677	799.68
1678	799.68
1679	799.69
1680	799.68
1681	799.68
1682	799.69
1683	799.68
1684	799.68
1685	799.69
1686	799.67
1687	799.68
1688	799.67
1689	799.69
1690	799.67
1691	799.68
1692	799.67
1693	799.69
1694	799.68
1695	799.67
1696	799.67
1697	799.66
1698	799.67
1699	799.67
1700	799.67
1701	799.67
1702	799.7
1703	799.76
1704	799.73
1705	799.82
1706	799.8
1707	799.85
1708	799.84
1709	799.82
1710	799.82
1711	799.82
1712	799.82
1713	799.82
1714	799.83
1715	799.82
1716	799.81
1717	799.84
1718	799.82
1719	799.82
1720	799.84
1721	799.81
1722	799.81
1723	799.8
1724	799.8
1725	799.83
1726	799.83
1727	799.83
1728	799.85
1729	799.82
1730	799.85
1731	799.84
1732	799.83
1733	799.83
1734	799.82
1735	799.82
1736	799.82
1737	799.84
1738	799.82
1739	799.8
1740	799.8
1741	799.78
1742	799.78
1743	799.77
1744	799.77
1745	799.74
1746	799.71
1747	799.72
1748	799.71
1749	799.75
1750	799.74
1751	799.77
1752	799.81
1753	799.8
1754	799.82
1755	799.84
1756	799.84
1757	799.84
1758	799.87
1759	799.86
1760	799.87
1761	799.89
1762	799.88
1763	799.89
1764	799.89
1765	799.89
1766	799.89
1767	799.89
1768	799.9
1769	799.89
1770	799.89
1771	799.91
1772	799.92
1773	799.92
1774	799.94
1775	799.93
1776	799.93
1777	799.94
1778	799.92
1779	799.92
1780	799.92
1781	799.93
1782	799.93
1783	799.93
1784	799.94
1785	799.94
1786	799.95
1787	799.97
1788	799.96
1789	799.95
1790	799.97
1791	799.97
1792	799.98
1793	799.98
1794	799.98
1795	799.93
1796	799.95
1797	799.89
1798	799.9
1799	799.89
1800	799.91
1801	799.93
1802	799.95
1803	799.99
1804	799.97
1805	800.01
1806	800.07
1807	800.05
1808	800.1
1809	800.16
1810	800.29
1811	800.25
1812	800.34
1813	800.44
1814	800.5
1815	800.55
1816	800.53
1817	800.56
1818	800.57
1819	800.61
1820	800.6
1821	800.62
1822	800.66
1823	800.65
1824	800.68
1825	800.66
1826	800.69
1827	800.68
1828	800.7
1829	800.71
1830	800.75
1831	800.76
1832	800.76
1833	800.77
1834	800.76
1835	800.77
1836	800.77
1837	800.78
1838	800.77
1839	800.78
1840	800.76
1841	800.76
1842	800.75
1843	800.76
1844	800.75
1845	800.74
1846	800.72
1847	800.73
1848	800.73
1849	800.72
1850	800.74
1851	800.77
1852	800.82
1853	800.82
1854	800.87
1855	800.85
1856	800.84
1857	800.9
1858	801.17
1859	801.93
1860	803.29
1861	802.65
1862	803.03
1863	803.77
1864	802.14
1865	800.98
1866	799.59
1867	798.38
1868	797.53
1869	796.64
1870	796.36
1871	796.15
1872	795.9
1873	795.98
1874	795.82
1875	795.7
1876	795.58
1877	795.48
1878	795.4
1879	795.31
1880	795.23
1881	795.15
1882	795.07
1883	795.
1884	794.92
1885	794.79
1886	794.83
1887	794.75
1888	794.67
1889	794.57
1890	794.6
1891	794.54
1892	794.45
1893	794.48
1894	794.38
1895	794.42
1896	794.35
1897	794.29
1898	794.23
1899	794.17
1900	794.07
1901	794.01
1902	793.94
1903	793.96
1904	793.92
1905	793.85
1906	793.87
1907	793.82
1908	793.78
1909	793.72
1910	793.74
1911	793.7
1912	793.67
1913	793.64
1914	793.59
1915	793.6
1916	793.57
1917	793.54
1918	793.51
1919	793.47
1920	793.49
1921	793.46
1922	793.46
1923	793.45
1924	793.43
1925	793.41
1926	793.38
1927	793.37
1928	793.11
1929	793.13
1930	793.13
1931	793.16
1932	793.19
1933	793.2
1934	793.22
1935	793.25
1936	793.27
1937	793.3
1938	793.33
1939	793.36
1940	793.43
1941	793.46
1942	793.5
1943	793.56
1944	793.54
1945	793.59
1946	793.63
1947	793.68
1948	793.75
1949	793.72
1950	793.76
1951	793.82
1952	793.88
1953	793.96
1954	793.93
1955	794.
1956	794.06
1957	794.12
1958	794.18
1959	794.24
1960	794.31
1961	794.38
1962	794.45
1963	794.53
1964	794.61
1965	794.68
1966	794.8
1967	794.76
1968	795.05
1969	795.
1970	795.09
1971	795.27
1972	795.66
1973	795.84
1974	796.33
1975	796.69
1976	797.19
1977	797.87
1978	798.77
1979	800.29
1980	799.8
1981	800.78
1982	801.46
1983	801.7
1984	801.59
1985	801.21
1986	801.35
1987	800.98
1988	801.09
1989	800.8
1990	800.88
1991	800.67
1992	800.72
1993	800.62
1994	800.53
1995	800.46
1996	800.48
1997	800.45
1998	800.42
1999	800.39
2000	800.4
2001	800.39
2002	800.38
2003	800.38
2004	800.38
2005	800.38
2006	800.35
2007	800.36
2008	800.34
2009	800.34
2010	800.33
2011	800.33
2012	800.32
2013	800.33
2014	800.3
2015	800.29
2016	800.26
2017	800.27
2018	800.22
2019	800.24
2020	800.21
2021	800.18
2022	800.15
2023	800.1
2024	800.06
2025	800.01
2026	799.96
2027	799.96
2028	799.84
2029	799.87
2030	799.81
2031	799.77
2032	799.73
2033	799.71
2034	799.69
2035	799.66
2036	799.67
2037	799.64
2038	799.63
2039	799.65
2040	799.57
2041	799.6
2042	799.53
2043	799.55
2044	799.51
2045	799.5
2046	799.51
2047	799.5
2048	799.5
2049	799.5
2050	799.49
2051	799.49
2052	799.48
2053	799.49
2054	799.48
2055	799.48
2056	799.47
2057	799.47
2058	799.47
2059	799.46
2060	799.45
2061	799.45
2062	799.45
2063	799.45
2064	799.45
2065	799.44
2066	799.41
2067	799.42
2068	799.43
2069	799.42
2070	799.42
2071	799.4
2072	799.38
2073	799.39
2074	799.37
2075	799.38
2076	799.36
2077	799.37
2078	799.36
2079	799.36
2080	799.35
2081	799.35
2082	799.34
2083	799.31
2084	799.32
2085	799.28
2086	799.29
2087	799.24
2088	799.26
2089	799.22
2090	799.25
2091	799.19
2092	799.16
2093	799.12
2094	799.05
2095	793.08
2096	799.39
2097	799.05
2098	799.16
2099	799.24
2100	799.22
2101	799.27
2102	799.26
2103	799.28
2104	799.28
2105	799.31
2106	799.29
2107	799.33
2108	799.3
2109	799.34
2110	799.34
2111	799.34
2112	799.34
2113	799.34
2114	799.34
2115	799.35
2116	799.35
2117	799.36
2118	799.36
2119	799.35
2120	799.37
2121	799.36
2122	799.37
2123	799.38
2124	799.36
2125	799.37
2126	799.38
2127	799.36
2128	799.36
2129	799.38
2130	799.38
2131	799.38
2132	799.35
2133	799.38
2134	799.37
2135	799.37
2136	799.37
2137	799.37
2138	799.35
2139	799.35
2140	799.37
2141	799.75
2142	793.38
2143	793.23
2144	799.09
2145	799.12
2146	799.22
2147	799.6
2148	799.59
2149	799.61
2150	799.61
2151	799.6
2152	799.61
2153	799.6
2154	799.6
2155	799.58
2156	799.6
2157	799.59
2158	799.58
2159	799.57
2160	799.58
2161	799.57
2162	799.59
2163	799.56
2164	799.57
2165	799.57
2166	799.58
2167	799.57
2168	799.57
2169	799.57
2170	799.57
2171	799.56
2172	799.56
2173	799.55
2174	799.56
2175	799.55
2176	799.54
2177	799.56
2178	799.55
2179	799.56
2180	799.54
2181	799.54
2182	799.55
2183	799.54
2184	799.54
2185	799.56
2186	799.54
2187	799.55
2188	799.53
2189	799.55
2190	799.53
2191	799.55
2192	799.55
2193	799.53
2194	799.54
2195	799.54
2196	799.54
2197	799.54
2198	799.54
2199	799.55
2200	799.53
2201	799.54
2202	799.53
2203	799.54
2204	799.52
2205	799.55
2206	799.54
2207	799.53
2208	799.54
2209	799.53
2210	799.53
2211	799.55
2212	799.52
2213	799.54
2214	799.52
2215	799.53
2216	799.53
2217	799.53
2218	799.52
2219	799.54
2220	799.52
2221	799.54
2222	799.53
2223	799.54
2224	799.53
2225	799.53
2226	799.52
2227	799.54
2228	799.53
2229	799.53
2230	799.53
2231	799.54
2232	799.53
2233	799.54
2234	799.53
2235	799.51
2236	799.53
2237	799.53
2238	799.53
2239	799.53
2240	799.52
2241	799.52
2242	799.53
2243	799.52
2244	799.52
2245	799.53
2246	799.51
2247	799.52
2248	799.53
2249	799.52
2250	799.52
2251	799.52
2252	799.53
2253	799.52
2254	799.53
2255	799.52
2256	799.53
2257	799.51
2258	799.52
2259	799.52
2260	799.51
2261	799.53
2262	799.52
2263	799.52
2264	799.53
2265	799.52
2266	799.52
2267	799.52
2268	799.53
2269	799.52
2270	799.52
2271	799.51
2272	799.52
2273	799.46
2274	799.45
2275	799.42
2276	799.47
2277	799.75
2278	799.59
2279	793.38
2280	799.74
2281	799.39
2282	799.32
2283	799.33
2284	799.34
2285	799.36
2286	799.37
2287	799.37
2288	799.36
2289	799.37
2290	799.37
2291	799.37
2292	799.36
2293	799.38
2294	799.37
2295	799.38
2296	799.37
2297	799.37
2298	799.36
2299	799.37
2300	799.37
2301	799.37
2302	799.38
2303	799.36
2304	799.37
2305	799.36
2306	799.38
2307	799.36
2308	799.37
2309	799.36
2310	799.38
2311	799.36
2312	799.37
2313	799.36
2314	799.37
2315	799.37
2316	799.38
2317	799.37
2318	799.37
2319	799.38
2320	799.38
2321	799.36
2322	799.37
2323	799.38
2324	799.38
2325	799.37
2326	799.38
2327	799.36
2328	799.38
2329	799.38
2330	799.38
2331	799.38
2332	799.38
2333	799.38
2334	799.38
2335	799.37
2336	799.39
2337	799.38
2338	799.39
2339	799.37
2340	799.38
2341	799.38
2342	799.38
2343	799.36
2344	799.38
2345	799.38
2346	799.39
2347	799.38
2348	799.39
2349	799.37
2350	799.38
2351	799.37
2352	799.39
2353	799.38
2354	799.39
2355	799.38
2356	799.39
2357	799.37
2358	799.39
2359	799.39
2360	799.39
2361	799.37
2362	799.39
2363	799.39
2364	799.39
2365	799.37
2366	799.39
2367	799.38
2368	799.4
2369	799.38
2370	799.39
2371	799.38
2372	799.39
2373	799.39
2374	799.39
2375	799.38
2376	799.39
2377	799.38
2378	799.39
2379	799.38
2380	799.39
2381	799.38
2382	799.4
2383	799.4
2384	799.4
2385	799.38
2386	799.4
2387	799.39
2388	799.4
2389	799.38
2390	799.4
2391	799.4
2392	799.4
2393	799.39
2394	799.4
2395	799.39
2396	799.41
2397	799.39
2398	799.41
2399	799.41
2400	799.4
2401	799.41
2402	799.41
2403	799.43
2404	799.42
2405	799.42
2406	799.42
2407	799.43
2408	799.41
2409	799.43
2410	799.41
2411	799.43
2412	799.43
2413	799.44
2414	799.43
2415	799.44
2416	799.44
2417	799.44
2418	799.45
2419	799.45
2420	799.46
2421	799.44
2422	799.45
2423	799.45
2424	799.43
2425	799.44
2426	799.43
2427	799.2
2428	799.2
2429	793.06
2430	793.2
2431	793.39
2432	799.3
2433	799.29
2434	799.28
2435	799.28
2436	799.28
2437	799.28
2438	799.29
2439	799.29
2440	799.29
2441	799.29
2442	799.29
2443	799.29
2444	799.3
2445	799.29
2446	799.28
2447	799.28
2448	799.28
2449	799.3
2450	799.3
2451	799.3
2452	799.3
2453	799.29
2454	799.29
2455	799.29
2456	799.29
2457	799.3
2458	799.29
2459	799.29
2460	799.29
2461	799.29
2462	799.29
2463	799.29
2464	799.28
2465	799.28
2466	799.28
2467	799.29
2468	799.28
2469	799.28
2470	799.28
2471	799.28
2472	799.27
2473	799.27
2474	799.27
2475	799.27
2476	799.27
2477	799.27
2478	799.27
2479	799.26
2480	799.26
2481	799.25
2482	799.24
2483	799.23
2484	799.22
2485	799.22
2486	799.22
2487	799.21
2488	799.21
2489	799.19
2490	799.18
2491	799.17
2492	799.15
2493	799.13
2494	799.11
2495	799.09
2496	799.06
2497	799.04
2498	799.02
2499	798.98
2500	798.95
2501	799.01
2502	798.99
2503	799.02
2504	799.05
2505	799.07
2506	799.1
2507	799.12
2508	799.15
2509	799.17
2510	799.18
2511	799.19
2512	799.21
2513	799.22
2514	799.23
2515	799.24
2516	799.25
2517	799.26
2518	799.27
2519	799.28
2520	799.29
2521	799.29
2522	799.3
2523	799.3
2524	799.31
2525	799.31
2526	799.32
2527	799.32
2528	799.33
2529	799.33
2530	799.34
2531	799.35
2532	799.35
2533	799.35
2534	799.35
2535	799.36
2536	799.37
2537	799.35
2538	799.36
2539	799.37
2540	799.38
2541	799.38
2542	799.38
2543	799.38
2544	799.38
2545	799.38
2546	799.38
2547	799.39
2548	799.39
2549	799.4
2550	799.4
2551	799.4
2552	799.4
2553	799.41
2554	799.41
2555	799.41
2556	799.41
2557	799.42
2558	799.42
2559	799.42
2560	799.42
2561	799.43
2562	799.43
2563	799.43
2564	799.43
2565	799.44
2566	799.44
2567	799.45
2568	799.46
2569	799.48
2570	799.49
2571	799.52
2572	799.52
2573	799.52
2574	799.52
2575	799.54
2576	799.56
2577	799.56
2578	799.57
2579	799.58
2580	799.59
2581	799.6
2582	799.62
2583	799.64
2584	799.66
2585	799.68
2586	799.7
2587	799.72
2588	799.78
2589	799.81
2590	799.84
2591	799.86
2592	799.89
2593	799.92
2594	799.94
2595	799.97
2596	800.
2597	800.02
2598	800.04
2599	800.06
2600	800.07
2601	800.09
2602	800.11
2603	800.12
2604	800.13
2605	800.15
2606	800.16
2607	800.18
2608	800.19
2609	800.2
2610	800.2
2611	800.21
2612	800.23
2613	800.23
2614	800.24
2615	800.25
2616	800.25
2617	800.25
2618	800.26
2619	800.26
2620	800.27
2621	800.28
2622	800.28
2623	800.29
2624	800.29
2625	800.29
2626	800.29
2627	800.29
2628	800.3
2629	800.3
2630	800.31
2631	800.31
2632	800.32
2633	800.33
2634	800.35
2635	800.36
2636	800.38
2637	800.4
2638	800.43
2639	800.47
2640	800.51
2641	800.55
2642	800.61
2643	800.67
2644	800.75
2645	800.83
2646	800.93
2647	801.03
2648	801.15
2649	801.25
2650	801.36
2651	801.43
2652	801.47
2653	801.45
2654	801.35
2655	801.16
2656	800.88
2657	800.51
2658	800.02
2659	799.54
2660	799.02
2661	798.58
2662	798.17
2663	797.76
2664	797.4
2665	797.09
2666	796.82
2667	796.59
2668	796.39
2669	796.22
2670	796.07
2671	795.93
2672	795.82
2673	795.71
2674	795.62
2675	795.53
2676	795.45
2677	795.38
2678	795.32
2679	795.26
2680	795.2
2681	795.15
2682	795.1
2683	795.05
2684	795.
2685	794.96
2686	794.92
2687	794.87
2688	794.83
2689	794.79
2690	794.75
2691	794.71
2692	794.67
2693	794.59
2694	794.55
2695	794.51
2696	794.48
2697	794.44
2698	794.4
2699	794.36
2700	794.32
2701	794.28
2702	794.25
2703	794.21
2704	794.18
2705	794.15
2706	794.12
2707	794.08
2708	794.05
2709	794.02
2710	793.99
2711	793.96
2712	793.93
2713	793.9
2714	793.87
2715	793.84
2716	793.81
2717	793.78
2718	793.75
2719	793.72
2720	793.69
2721	793.67
2722	793.64
2723	793.63
2724	793.6
2725	793.57
2726	793.55
2727	793.53
2728	793.5
2729	793.48
2730	793.46
2731	793.44
2732	793.42
2733	793.39
2734	793.37
2735	793.36
2736	793.34
2737	793.32
2738	793.3
2739	793.28
2740	793.27
2741	793.25
2742	793.24
2743	793.22
2744	793.2
2745	793.19
2746	793.17
2747	793.16
2748	793.15
2749	793.13
2750	793.12
2751	793.11
2752	793.1
2753	793.08
2754	793.08
2755	793.07
2756	793.06
2757	793.05
2758	793.04
2759	793.02
2760	793.01
2761	793.01
2762	793.
2763	793.
2764	792.99
2765	792.98
2766	792.96
2767	792.94
2768	792.91
2769	799.77
2770	799.62
2771	799.45
2772	793.59
2773	793.53
2774	793.5
2775	793.49
2776	793.5
2777	793.5
2778	793.51
2779	793.52
2780	793.54
2781	793.55
2782	793.56
2783	793.59
2784	793.58
2785	793.59
2786	793.6
2787	793.6
2788	793.61
2789	793.63
2790	793.64
2791	793.65
2792	793.67
2793	793.69
2794	793.71
2795	793.72
2796	793.74
2797	793.75
2798	793.77
2799	793.78
2800	793.8
2801	793.81
2802	793.83
2803	793.85
2804	793.86
2805	793.89
2806	793.91
2807	793.93
2808	793.96
2809	793.98
2810	794.01
2811	794.03
2812	794.05
2813	794.07
2814	794.09
2815	794.12
2816	794.14
2817	794.16
2818	794.19
2819	794.21
2820	794.24
2821	794.27
2822	794.3
2823	794.33
2824	794.36
2825	794.4
2826	794.43
2827	794.46
2828	794.49
2829	794.52
2830	794.55
2831	794.58
2832	794.61
2833	794.64
2834	794.67
2835	794.7
2836	794.74
2837	794.77
2838	794.81
2839	794.85
2840	794.89
2841	794.93
2842	795.02
2843	795.06
2844	795.1
2845	795.14
2846	795.18
2847	795.21
2848	795.25
2849	795.29
2850	795.33
2851	795.37
2852	795.41
2853	795.45
2854	795.49
2855	795.53
2856	795.57
2857	795.61
2858	795.66
2859	795.71
2860	795.76
2861	795.82
2862	795.88
2863	795.94
2864	796.01
2865	796.09
2866	796.16
2867	796.25
2868	796.33
2869	796.43
2870	796.54
2871	796.67
2872	796.81
2873	796.98
2874	797.17
2875	797.75
2876	798.21
2877	799.42
2878	800.43
2879	800.05
2880	800.48
2881	801.68
2882	803.05
2883	804.
2884	805.24
2885	805.73
2886	805.16
2887	804.04
2888	802.78
2889	802.13
2890	801.75
2891	801.3
2892	800.91
2893	800.95
2894	800.88
2895	800.64
2896	800.74
2897	800.74
2898	800.8
2899	800.98
2900	801.05
2901	801.06
2902	800.84
2903	800.81
2904	800.9
2905	800.79
2906	800.77
2907	800.86
2908	800.78
2909	800.71
2910	800.76
2911	800.85
2912	800.82
2913	800.81
2914	800.87
2915	800.88
2916	800.84
2917	800.88
2918	800.9
2919	800.86
2920	800.83
2921	800.86
2922	800.87
2923	800.84
2924	800.86
2925	800.85
2926	800.83
2927	800.84
2928	800.84
2929	800.83
2930	800.83
2931	800.81
2932	800.8
2933	800.8
2934	800.79
2935	800.78
2936	800.76
2937	800.75
2938	800.74
2939	800.73
2940	800.72
2941	800.71
2942	800.7
2943	800.69
2944	800.68
2945	800.67
2946	800.66
2947	800.65
2948	800.64
2949	800.64
2950	800.62
2951	800.61
2952	800.59
2953	800.54
2954	800.49
2955	800.44
2956	800.38
2957	800.34
2958	800.3
2959	800.26
2960	800.23
2961	800.2
2962	800.17
2963	800.16
2964	800.14
2965	800.12
2966	800.11
2967	800.09
2968	800.08
2969	800.07
2970	800.06
2971	800.05
2972	800.04
2973	800.04
2974	800.03
2975	800.02
2976	800.
2977	800.03
2978	800.04
2979	800.04
2980	800.05
2981	800.05
2982	800.05
2983	800.05
2984	800.04
2985	800.04
2986	800.04
2987	800.03
2988	800.01
2989	800.03
2990	800.03
2991	800.03
2992	800.02
2993	800.02
2994	800.02
2995	800.02
2996	800.01
2997	800.01
2998	800.01
2999	800.01
3000	800.
3001	800.
3002	800.
3003	800.
3004	800.
3005	800.
3006	800.
3007	800.
3008	799.99
3009	799.99
3010	799.99
3011	799.98
3012	799.98
3013	799.98
3014	799.97
3015	799.97
3016	799.97
3017	799.97
3018	799.97
3019	799.97
3020	799.96
3021	799.96
3022	799.96
3023	799.96
3024	799.96
3025	799.96
3026	799.96
3027	799.95
3028	799.95
3029	799.94
3030	799.94
3031	799.94
3032	799.93
3033	799.93
3034	799.92
3035	799.92
3036	799.92
3037	799.91
3038	799.91
3039	799.9
3040	799.89
3041	799.89
3042	799.88
3043	799.87
3044	799.86
3045	799.85
3046	799.84
3047	799.84
3048	799.85
3049	799.86
3050	799.87
3051	799.87
3052	799.87
3053	799.87
3054	799.88
3055	799.88
3056	799.88
3057	799.88
3058	799.88
3059	799.89
3060	799.89
3061	799.88
3062	799.91
3063	799.9
3064	799.9
3065	799.9
3066	799.9
3067	799.9
3068	799.9
3069	799.9
3070	799.91
3071	799.91
3072	799.91
3073	799.91
3074	799.91
3075	799.91
3076	799.9
3077	799.91
3078	799.91
3079	799.9
3080	799.9
3081	799.9
3082	799.9
3083	799.9
3084	799.89
3085	799.89
3086	799.89
3087	799.89
3088	799.89
3089	799.89
3090	799.89
3091	799.9
3092	799.91
3093	799.91
3094	799.9
3095	799.9
3096	799.89
3097	799.9
3098	799.9
3099	799.9
3100	799.9
3101	799.9
3102	799.9
3103	799.9
3104	799.9
3105	799.9
3106	799.9
3107	799.9
3108	799.9
3109	799.9
3110	799.91
3111	799.92
3112	799.91
3113	799.9
3114	799.89
3115	799.87
3116	799.85
3117	799.85
3118	799.85
3119	799.83
3120	799.82
3121	799.83
3122	799.82
3123	799.83
3124	799.82
3125	799.83
3126	799.82
3127	799.83
3128	799.83
3129	799.83
3130	799.83
3131	799.82
3132	799.82
3133	799.83
3134	799.82
3135	799.83
3136	799.83
3137	799.84
3138	799.83
3139	799.83
3140	799.83
3141	799.83
3142	799.84
3143	799.83
3144	799.83
3145	799.83
3146	799.83
3147	799.84
3148	799.83
3149	799.83
3150	799.84
3151	799.83
3152	799.84
3153	799.83
3154	799.83
3155	799.83
3156	799.83
3157	799.83
3158	799.83
3159	799.83
3160	799.83
3161	799.83
3162	799.83
3163	799.85
3164	799.84
3165	799.84
3166	799.84
3167	799.83
3168	799.84
3169	799.83
3170	799.84
3171	799.84
3172	799.84
3173	799.84
3174	799.84
3175	799.85
3176	799.84
3177	799.85
3178	799.84
3179	799.84
3180	799.83
3181	799.84
3182	799.85
3183	799.85
3184	799.84
3185	799.84
3186	799.84
3187	799.84
3188	799.85
3189	799.85
3190	799.86
3191	799.85
3192	799.85
3193	799.85
3194	799.85
3195	799.85
3196	799.85
3197	799.85
3198	799.85
3199	799.85
3200	799.85
3201	799.85
3202	799.86
3203	799.85
3204	799.86
3205	799.85
3206	799.86
3207	799.85
3208	799.85
3209	799.86
3210	799.85
3211	799.86
3212	799.86
3213	799.86
3214	799.86
3215	799.86
3216	799.86
3217	799.87
3218	799.86
3219	799.87
3220	799.87
3221	799.87
3222	799.87
3223	799.88
3224	799.88
3225	799.88
3226	799.88
3227	799.88
3228	799.88
3229	799.88
3230	799.89
3231	799.88
3232	799.91
3233	799.9
3234	799.9
3235	799.9
3236	799.9
3237	799.91
3238	799.91
3239	799.92
3240	799.91
3241	799.92
3242	799.91
3243	799.91
3244	799.91
3245	799.9
3246	799.9
3247	799.38
3248	799.11
3249	799.38
3250	799.17
3251	799.29
3252	799.36
3253	799.28
3254	799.26
3255	799.49
3256	799.52
3257	800.74
3258	799.94
3259	799.45
3260	802.01
3261	793.53
3262	799.39
3263	794.62
3264	793.5
3265	799.82
3266	794.44
3267	800.43
3268	799.67
3269	799.78
3270	799.77
3271	793.36
3272	793.69
3273	799.38
3274	793.41
3275	799.66
3276	799.67
3277	799.69
3278	799.7
3279	799.69
3280	794.28
3281	795.35
3282	800.66
3283	795.74
3284	800.72
3285	794.08
3286	794.71
3287	799.68
3288	799.68
3289	799.68
3290	799.71
3291	799.73
3292	793.2
3293	793.48
3294	799.9
3295	799.83
3296	793.59
3297	799.68
3298	799.67
3299	799.68
3300	799.68
3301	799.66
3302	799.68
3303	799.69
3304	799.77
3305	799.71
3306	800.68
3307	793.23
3308	799.73
3309	801.62
3310	799.67
3311	799.74
3312	799.69
3313	799.7
3314	799.67
3315	799.66
3316	801.2
3317	799.29
3318	795.53
3319	799.46
3320	799.82
3321	794.15
3322	799.82
3323	799.82
3324	799.83
3325	799.52
3326	799.53
3327	799.53
3328	799.53
3329	799.53
3330	799.54
3331	799.55
3332	799.53
3333	799.55
3334	799.56
3335	799.56
3336	799.56
3337	799.6
3338	799.5
3339	795.03
3340	794.56
3341	793.17
3342	793.39
3343	796.8
3344	799.41
3345	799.17
3346	799.82
3347	800.14
3348	800.63
3349	799.37
3350	799.09
3351	799.29
3352	793.1
3353	795.13
3354	794.51
3355	799.68
3356	799.64
3357	799.57
3358	799.46
3359	799.53
3360	799.56
3361	799.74
3362	799.68
3363	793.78
3364	795.94
3365	800.34
3366	799.69
3367	799.72
3368	800.5
3369	793.66
3370	800.03
3371	799.46
3372	799.68
3373	793.56
3374	799.43
3375	799.83
3376	799.82
3377	799.92
3378	793.85
3379	796.25
3380	793.7
3381	799.67
3382	793.65
3383	799.48
3384	796.18
3385	799.84
3386	794.03
3387	796.5
3388	793.32
3389	795.22
3390	794.13
3391	799.36
3392	793.44
3393	799.56
3394	799.8
3395	799.73
3396	795.44
3397	794.21
3398	799.37
3399	799.36
3400	799.84
3401	801.94
3402	799.45
3403	800.48
3404	799.58
3405	799.52
3406	799.89
3407	799.46
3408	799.85
3409	799.5
3410	799.77
3411	799.79
3412	799.73
3413	797.24
3414	793.3
3415	793.88
3416	799.96
3417	799.69
3418	799.77
3419	800.5
3420	797.24
3421	799.72
3422	799.47
3423	794.74
3424	799.56
3425	794.86
3426	799.45
3427	800.34
3428	800.25
3429	799.91
3430	799.93
3431	803.
3432	799.6
3433	793.42
3434	799.14
3435	797.
3436	793.15
3437	799.34
3438	793.37
3439	793.38
3440	800.52
3441	794.2
3442	799.43
3443	799.54
3444	793.13
3445	794.11
3446	799.72
3447	799.34
3448	799.36
3449	799.36
3450	799.37
3451	799.58
3452	799.9
3453	800.27
3454	799.96
3455	799.3
3456	799.77
3457	800.77
3458	799.89
3459	799.43
3460	795.18
3461	793.9
3462	796.06
3463	793.62
3464	800.53
3465	799.9
3466	799.85
3467	793.39
3468	796.05
3469	800.19
3470	799.9
3471	799.9
3472	799.17
3473	800.02
3474	799.92
3475	799.5
3476	799.44
3477	799.82
3478	799.53
3479	793.76
3480	799.81
3481	795.19
3482	794.41
3483	799.83
3484	794.64
3485	793.52
3486	794.95
3487	799.77
3488	799.91
3489	798.3
3490	799.49
3491	798.92
3492	799.42
3493	794.96
3494	794.64
3495	793.65
3496	799.29
3497	801.47
3498	799.57
3499	799.88
3500	799.41
3501	794.54
3502	799.47
3503	800.45
3504	799.66
3505	793.61
3506	799.34
3507	799.34
3508	799.74
3509	799.66
3510	799.83
3511	799.36
3512	799.92
3513	799.71
3514	793.44
3515	799.67
3516	797.89
3517	800.58
3518	799.67
3519	799.68
3520	799.68
3521	799.68
3522	799.71
3523	799.72
3524	799.72
3525	799.76
3526	800.29
3527	799.82
3528	799.28
3529	795.76
3530	799.29
3531	794.03
3532	799.86
3533	799.2
3534	799.67
3535	799.58
3536	799.82
3537	794.72
3538	800.38
3539	800.08
3540	794.88
3541	799.57
3542	799.51
3543	799.51
3544	799.43
3545	799.71
3546	799.26
3547	799.29
3548	799.29
3549	799.49
3550	799.65
3551	799.62
3552	799.83
3553	799.42
3554	800.47
3555	799.84
3556	799.39
3557	799.97
3558	799.09
3559	793.8
3560	799.75
3561	799.29
3562	799.38
3563	800.58
3564	795.27
3565	799.13
3566	794.34
3567	801.47
3568	799.75
3569	793.98
3570	796.92
3571	799.79
3572	799.87
3573	799.37
3574	799.5
3575	799.96
3576	799.61
3577	799.75
3578	799.74
3579	793.35
3580	799.72
3581	800.6
3582	799.35
3583	801.6
3584	793.38
3585	793.54
3586	800.41
3587	793.33
3588	793.2
3589	793.49
3590	793.76
3591	793.89
3592	800.56
3593	793.98
3594	793.29
3595	794.26
3596	794.32
3597	795.58
3598	794.09
3599	795.63
3600	799.42
3601	800.79
3602	799.78
3603	799.29
3604	799.65
3605	799.72
3606	794.49
3607	795.11
3608	794.06
3609	799.9
3610	799.75
3611	799.75
3612	799.68
3613	799.68
3614	799.67
3615	800.84
3616	799.69
3617	800.33
3618	797.41
3619	799.34
3620	799.82
3621	794.63
3622	794.97
3623	799.68
3624	799.68
3625	799.67
3626	799.68
3627	799.68
3628	799.94
3629	799.6
3630	799.76
3631	793.13
3632	799.76
3633	793.46
3634	799.34
3635	799.35
3636	801.6
3637	800.12
3638	799.33
3639	799.44
3640	800.33
3641	799.4
3642	799.67
3643	799.68
3644	799.71
3645	800.73
3646	799.95
3647	799.89
3648	799.89
3649	799.36
3650	799.66
3651	804.1
3652	799.7
3653	799.68
3654	799.94
3655	800.2
3656	800.37
3657	799.34
3658	797.5
3659	800.39
3660	793.68
3661	799.46
3662	793.8
3663	793.26
3664	796.49
3665	799.66
3666	800.57
3667	799.83
3668	799.8
3669	799.8
3670	799.53
3671	800.53
3672	800.16
3673	800.74
3674	799.82
3675	799.83
3676	799.84
3677	799.83
3678	799.83
3679	799.84
3680	799.84
3681	799.83
3682	799.83
3683	799.84
3684	799.84
3685	799.85
3686	799.86
3687	799.41
3688	799.86
3689	799.87
3690	799.88
3691	800.48
3692	799.36
3693	799.81
3694	799.32
3695	799.5
3696	799.63
3697	799.66
3698	799.6
3699	799.84
3700	799.99
3701	799.2
3702	800.38
3703	800.13
3704	800.75
3705	799.35
3706	799.45
3707	800.71
3708	799.61
3709	799.54
3710	796.98
3711	793.85
3712	801.68
3713	800.28
3714	799.74
3715	800.76
3716	799.81
3717	793.63
3718	793.41
3719	799.74
3720	799.86
3721	799.55
3722	794.37
3723	794.58
3724	794.
3725	794.19
3726	799.41
3727	799.57
3728	799.88
3729	799.58
3730	799.53
3731	799.81
3732	793.95
3733	793.33
3734	793.55
3735	793.37
3736	800.05
3737	800.36
3738	800.93
3739	799.58
3740	799.55
3741	799.56
3742	799.56
3743	799.63
3744	799.58
3745	799.66
3746	799.58
3747	799.66
3748	800.48
3749	800.46
3750	800.38
3751	800.37
3752	799.68
3753	799.67
3754	799.6
3755	799.59
3756	799.62
3757	799.6
3758	799.53
3759	799.51
3760	799.45
3761	799.43
3762	799.48
3763	799.49
3764	799.57
3765	799.58
3766	799.66
3767	799.66
3768	799.64
3769	799.72
3770	800.76
3771	800.72
3772	800.71
3773	800.67
3774	799.79
3775	799.79
3776	799.72
3777	799.71
3778	799.6
3779	799.59
3780	795.63
3781	795.51
3782	795.57
3783	795.44
3784	795.51
3785	795.38
3786	795.45
3787	795.32
3788	799.68
3789	799.68
3790	799.57
3791	799.57
3792	799.46
3793	799.46
3794	799.36
3795	799.37
3796	799.87
3797	800.32
3798	799.66
3799	799.72
3800	799.79
3801	799.52
3802	800.53
3803	800.52
3804	799.69
3805	800.59
3806	800.56
3807	799.42
3808	799.45
3809	799.45
3810	799.52
3811	799.52
3812	799.59
3813	799.59
3814	799.66
3815	799.67
3816	795.05
3817	794.92
3818	795.01
3819	794.88
3820	794.97
3821	794.84
3822	799.76
3823	799.76
3824	799.68
3825	799.68
3826	799.6
3827	799.6
3828	799.51
3829	799.53
3830	799.51
3831	799.51
3832	799.59
3833	799.6
3834	799.67
3835	799.68
3836	799.65
3837	799.66
3838	799.73
3839	799.76
3840	803.86
3841	799.85
3842	799.85
3843	799.77
3844	800.67
3845	800.67
3846	800.56
3847	800.57
3848	800.12
3849	800.15
3850	800.21
3851	800.25
3852	800.3
3853	800.34
3854	799.78
3855	799.78
3856	799.7
3857	799.7
3858	799.63
3859	799.62
3860	799.81
3861	799.8
3862	799.73
3863	799.72
3864	799.65
3865	799.65
3866	799.56
3867	799.63
3868	799.57
3869	799.64
3870	799.59
3871	799.66
3872	799.69
3873	799.7
3874	799.62
3875	799.62
3876	799.55
3877	799.55
3878	801.04
3879	800.98
3880	801.1
3881	800.99
3882	801.13
3883	801.02
3884	799.73
3885	799.73
3886	799.65
3887	799.65
3888	799.58
3889	799.57
3890	799.5
3891	799.49
3892	799.27
3893	799.33
3894	793.89
3895	800.57
3896	799.52
3897	799.42
3898	799.61
3899	799.62
3900	799.69
3901	799.69
3902	799.77
3903	799.77
3904	799.66
3905	799.67
3906	799.59
3907	799.59
3908	799.51
3909	799.52
3910	799.44
3911	799.44
3912	799.42
3913	799.42
3914	799.5
3915	799.5
3916	799.58
3917	799.58
3918	800.49
3919	800.5
3920	800.53
3921	800.52
3922	800.53
3923	800.57
3924	800.57
3925	799.63
3926	799.64
3927	799.45
3928	793.7
3929	793.95
3930	792.82
3931	792.78
3932	793.44
3933	793.58
3934	793.23
3935	793.36
3936	793.08
3937	793.18
3938	792.94
3939	793.03
3940	792.9
3941	801.27
3942	801.33
3943	801.37
3944	801.12
3945	801.27
3946	800.88
3947	801.07
3948	800.56
3949	800.8
3950	800.16
3951	800.43
3952	799.7
3953	799.98
3954	799.22
3955	799.5
3956	798.74
3957	799.
3958	798.28
3959	798.55
3960	797.84
3961	798.12
3962	797.46
3963	797.71
3964	797.12
3965	797.35
3966	796.83
3967	797.03
3968	796.57
3969	796.76
3970	796.36
3971	796.53
3972	796.17
3973	796.33
3974	796.01
3975	796.15
3976	795.87
3977	796.
3978	795.74
3979	795.87
3980	795.63
3981	795.75
3982	795.54
3983	795.65
3984	795.45
3985	795.55
3986	795.37
3987	795.47
3988	795.29
3989	795.39
3990	795.22
3991	795.32
3992	795.16
3993	795.25
3994	795.1
3995	795.19
3996	795.05
3997	795.14
3998	795.
3999	795.08
4000	794.95
4001	795.03
4002	794.9
4003	794.99
4004	794.86
4005	794.94
4006	794.81
4007	794.9
4008	794.77
4009	794.85
4010	794.73
4011	794.81
4012	794.69
4013	794.77
4014	794.65
4015	794.73
4016	794.61
4017	794.69
4018	794.57
4019	794.65
4020	794.53
4021	794.61
4022	794.49
4023	794.57
4024	794.45
4025	794.53
4026	794.41
4027	794.49
4028	794.37
4029	794.45
4030	794.33
4031	794.41
4032	794.29
4033	794.37
4034	794.25
4035	794.33
4036	794.21
4037	794.3
4038	794.18
4039	794.26
4040	794.14
4041	794.22
4042	794.11
4043	794.19
4044	794.07
4045	794.15
4046	794.04
4047	794.12
4048	794.01
4049	794.08
4050	793.97
4051	794.05
4052	793.94
4053	794.02
4054	793.91
4055	793.99
4056	793.88
4057	793.96
4058	793.85
4059	793.93
4060	793.82
4061	793.9
4062	793.79
4063	793.87
4064	793.76
4065	793.83
4066	793.73
4067	793.8
4068	793.7
4069	793.77
4070	793.67
4071	793.74
4072	793.64
4073	793.71
4074	793.61
4075	793.69
4076	793.58
4077	793.66
4078	793.56
4079	793.63
4080	793.53
4081	793.61
4082	793.51
4083	793.58
4084	793.48
4085	793.56
4086	793.46
4087	793.53
4088	793.44
4089	793.51
4090	793.41
4091	793.49
4092	793.39
4093	793.47
4094	793.37
4095	793.44
4096	793.35
4097	793.42
4098	793.32
4099	793.4
4100	793.3
4101	793.38
4102	793.28
4103	793.35
4104	793.26
4105	793.33
4106	793.24
4107	793.31
4108	793.22
4109	793.29
4110	793.2
4111	793.27
4112	793.19
4113	793.26
4114	793.17
4115	793.24
4116	793.15
4117	793.22
4118	793.14
4119	793.21
4120	793.12
4121	793.19
4122	793.1
4123	793.17
4124	793.09
4125	793.16
4126	793.07
4127	793.14
4128	793.06
4129	793.13
4130	793.04
4131	793.11
4132	793.03
4133	793.1
4134	793.02
4135	793.08
4136	793.
4137	793.07
4138	792.99
4139	793.06
4140	792.98
4141	793.05
4142	792.97
4143	793.04
4144	792.96
4145	793.02
4146	792.95
4147	793.01
4148	792.94
4149	793.01
4150	792.93
4151	793.
4152	792.92
4153	792.99
4154	792.91
4155	792.98
4156	792.9
4157	792.97
4158	792.89
4159	792.95
4160	792.89
4161	792.95
4162	792.88
4163	792.94
4164	792.87
4165	792.94
4166	792.86
4167	792.93
4168	792.85
4169	792.92
4170	792.83
4171	792.9
4172	792.81
4173	792.88
4174	792.85
4175	801.34
4176	801.3
4177	801.37
4178	801.4
4179	799.84
4180	799.81
4181	799.87
4182	799.87
4183	799.9
4184	799.89
4185	799.92
4186	799.92
4187	799.95
4188	799.94
4189	799.97
4190	799.96
4191	799.99
4192	799.98
4193	800.01
4194	799.99
4195	800.03
4196	800.01
4197	800.04
4198	800.02
4199	800.06
4200	800.04
4201	800.08
4202	800.05
4203	800.09
4204	800.06
4205	800.1
4206	800.08
4207	800.12
4208	800.09
4209	800.13
4210	800.1
4211	800.14
4212	800.11
4213	800.15
4214	800.12
4215	800.16
4216	800.13
4217	800.17
4218	800.14
4219	800.18
4220	800.14
4221	800.19
4222	800.15
4223	800.19
4224	800.16
4225	800.2
4226	800.17
4227	800.2
4228	800.17
4229	800.21
4230	800.18
4231	800.22
4232	800.18
4233	800.22
4234	800.19
4235	800.23
4236	800.19
4237	800.23
4238	800.19
4239	800.24
4240	800.2
4241	800.24
4242	800.2
4243	800.24
4244	800.2
4245	800.24
4246	800.2
4247	800.25
4248	800.21
4249	800.25
4250	800.21
4251	800.25
4252	800.22
4253	800.26
4254	800.22
4255	800.26
4256	800.23
4257	800.27
4258	800.24
4259	800.28
4260	800.25
4261	800.29
4262	800.27
4263	800.3
4264	800.28
4265	800.32
4266	800.31
4267	800.34
4268	800.34
4269	800.36
4270	800.37
4271	800.39
4272	800.41
4273	800.43
4274	800.46
4275	800.47
4276	800.51
4277	800.52
4278	800.57
4279	800.58
4280	800.64
4281	800.64
4282	800.73
4283	800.72
4284	800.82
4285	800.8
4286	800.92
4287	800.9
4288	801.02
4289	801.
4290	801.13
4291	801.11
4292	801.22
4293	801.21
4294	801.3
4295	799.37
4296	799.37
4297	799.41
4298	799.38
4299	799.42
4300	799.38
4301	799.43
4302	799.38
4303	799.44
4304	799.39
4305	799.45
4306	799.4
4307	799.46
4308	799.4
4309	799.46
4310	799.41
4311	799.46
4312	799.42
4313	799.48
4314	799.43
4315	799.49
4316	799.44
4317	799.49
4318	799.45
4319	799.51
4320	799.46
4321	799.52
4322	799.48
4323	799.53
4324	799.49
4325	799.54
4326	799.51
4327	799.56
4328	799.53
4329	799.58
4330	799.55
4331	799.6
4332	799.57
4333	799.62
4334	799.59
4335	799.64
4336	799.62
4337	799.66
4338	799.65
4339	799.69
4340	799.68
4341	799.73
4342	799.72
4343	799.75
4344	799.75
4345	799.79
4346	799.78
4347	799.81
4348	799.85
4349	798.89
4350	798.89
4351	799.37
4352	799.4
4353	799.36
4354	799.4
4355	799.36
4356	799.4
4357	799.36
4358	799.4
4359	799.36
4360	799.39
4361	799.35
4362	799.39
4363	799.35
4364	799.39
4365	799.35
4366	799.39
4367	799.35
4368	799.38
4369	799.35
4370	799.38
4371	799.34
4372	799.38
4373	799.34
4374	799.38
4375	799.34
4376	799.37
4377	799.34
4378	799.37
4379	799.33
4380	799.37
4381	799.33
4382	799.37
4383	799.33
4384	799.37
4385	799.33
4386	799.36
4387	799.32
4388	799.36
4389	799.32
4390	799.36
4391	799.32
4392	799.36
4393	799.32
4394	799.35
4395	799.32
4396	799.35
4397	799.31
4398	799.35
4399	799.31
4400	799.35
4401	799.31
4402	799.35
4403	799.31
4404	799.34
4405	799.3
4406	799.34
4407	799.3
4408	799.34
4409	799.3
4410	799.34
4411	799.3
4412	799.33
4413	799.29
4414	799.33
4415	799.29
4416	799.32
4417	799.29
4418	799.33
4419	799.29
4420	799.32
4421	799.28
4422	799.32
4423	799.28
4424	799.32
4425	799.28
4426	799.32
4427	799.27
4428	799.31
4429	799.27
4430	799.31
4431	799.27
4432	799.31
4433	799.26
4434	799.3
4435	799.26
4436	799.29
4437	799.26
4438	799.29
4439	799.25
4440	799.29
4441	799.25
4442	799.28
4443	799.24
4444	799.28
4445	799.24
4446	799.27
4447	799.23
4448	799.27
4449	799.22
4450	799.26
4451	799.22
4452	799.26
4453	799.21
4454	799.25
4455	799.2
4456	799.24
4457	799.2
4458	799.24
4459	799.19
4460	799.23
4461	799.18
4462	799.22
4463	799.17
4464	799.21
4465	799.16
4466	799.2
4467	799.15
4468	799.19
4469	799.13
4470	799.17
4471	799.12
4472	799.16
4473	799.1
4474	799.14
4475	799.09
4476	799.13
4477	799.07
4478	799.11
4479	799.05
4480	799.09
4481	799.03
4482	799.07
4483	799.01
4484	799.05
4485	798.99
4486	799.03
4487	798.96
4488	799.01
4489	798.94
4490	798.99
4491	798.92
4492	798.96
4493	798.93
4494	799.22
4495	799.22
4496	799.25
4497	799.22
4498	799.25
4499	799.22
4500	799.25
4501	799.22
4502	799.25
4503	799.22
4504	799.25
4505	799.22
4506	799.25
4507	799.22
4508	799.25
4509	799.22
4510	799.26
4511	799.22
4512	799.26
4513	799.22
4514	799.26
4515	799.22
4516	799.26
4517	799.22
4518	799.26
4519	799.22
4520	799.26
4521	799.22
4522	799.26
4523	799.22
4524	799.25
4525	799.22
4526	799.25
4527	799.22
4528	799.25
4529	799.22
4530	799.25
4531	799.22
4532	799.26
4533	799.22
4534	799.26
4535	799.22
4536	799.26
4537	799.22
4538	799.26
4539	799.22
4540	799.25
4541	799.22
4542	799.25
4543	799.22
4544	799.25
4545	799.22
4546	799.25
4547	799.22
4548	799.25
4549	799.22
4550	799.26
4551	799.21
4552	799.25
4553	799.21
4554	799.25
4555	799.21
4556	799.25
4557	799.21
4558	799.25
4559	799.21
4560	799.25
4561	799.21
4562	799.25
4563	799.21
4564	799.25
4565	799.21
4566	799.25
4567	799.21
4568	799.25
4569	799.21
4570	799.25
4571	799.21
4572	799.25
4573	799.21
4574	799.24
4575	799.21
4576	799.24
4577	799.21
4578	799.24
4579	799.2
4580	799.24
4581	799.2
4582	799.24
4583	799.2
4584	799.24
4585	799.2
4586	799.23
4587	799.2
4588	799.23
4589	799.19
4590	799.23
4591	799.19
4592	799.23
4593	799.19
4594	799.23
4595	799.18
4596	799.22
4597	799.18
4598	799.22
4599	799.17
4600	799.21
4601	799.17
4602	799.2
4603	799.16
4604	799.2
4605	799.16
4606	799.19
4607	799.15
4608	799.19
4609	799.14
4610	799.18
4611	799.13
4612	799.18
4613	799.12
4614	799.17
4615	799.11
4616	799.16
4617	799.1
4618	799.15
4619	799.09
4620	799.14
4621	799.07
4622	799.12
4623	799.06
4624	799.11
4625	799.04
4626	799.09
4627	799.02
4628	799.07
4629	799.
4630	799.05
4631	798.98
4632	799.03
4633	798.96
4634	799.01
4635	798.94
4636	798.98
4637	798.92
4638	798.95
4639	798.94
4640	798.93
4641	799.3
4642	799.37
4643	799.3
4644	799.38
4645	799.3
4646	799.37
4647	799.3
4648	799.37
4649	799.3
4650	799.37
4651	799.3
4652	799.38
4653	799.3
4654	799.38
4655	799.3
4656	799.37
4657	799.3
4658	799.38
4659	799.3
4660	799.38
4661	799.3
4662	799.38
4663	799.3
4664	799.37
4665	799.29
4666	799.37
4667	799.29
4668	799.37
4669	799.29
4670	799.36
4671	799.29
4672	799.37
4673	799.29
4674	799.36
4675	799.28
4676	799.36
4677	799.28
4678	799.35
4679	799.28
4680	799.35
4681	799.28
4682	799.35
4683	799.28
4684	799.35
4685	799.27
4686	799.35
4687	799.27
4688	799.35
4689	799.27
4690	799.35
4691	799.27
4692	799.35
4693	799.27
4694	799.34
4695	799.27
4696	799.34
4697	799.27
4698	799.33
4699	799.26
4700	799.34
4701	799.26
4702	799.34
4703	799.26
4704	799.34
4705	799.26
4706	799.33
4707	799.26
4708	799.33
4709	799.26
4710	799.33
4711	799.26
4712	799.33
4713	799.26
4714	799.32
4715	799.26
4716	799.33
4717	799.25
4718	799.33
4719	799.25
4720	799.33
4721	799.25
4722	799.32
4723	799.25
4724	799.33
4725	799.25
4726	799.32
4727	799.25
4728	799.32
4729	799.25
4730	799.32
4731	799.25
4732	799.32
4733	799.25
4734	799.32
4735	799.25
4736	799.32
4737	799.25
4738	799.31
4739	799.25
4740	799.32
4741	799.25
4742	799.31
4743	799.25
4744	799.32
4745	799.25
4746	799.31
4747	799.25
4748	799.32
4749	799.24
4750	799.31
4751	799.24
4752	799.32
4753	799.24
4754	799.32
4755	799.24
4756	799.32
4757	799.24
4758	799.31
4759	799.24
4760	799.32
4761	799.24
4762	799.31
4763	799.24
4764	799.32
4765	799.24
4766	799.31
4767	799.24
4768	799.32
4769	799.24
4770	799.31
4771	799.24
4772	799.31
4773	799.24
4774	799.31
4775	799.24
4776	799.31
4777	799.24
4778	799.3
4779	799.24
4780	799.31
4781	799.24
4782	799.31
4783	799.24
4784	799.31
4785	799.24
4786	799.31
4787	799.24
4788	799.31
4789	799.24
4790	799.31
4791	799.24
4792	799.31
4793	799.24
4794	799.31
4795	799.24
4796	799.31
4797	799.24
4798	799.3
4799	799.24
4800	799.31
4801	799.24
4802	799.3
4803	799.23
4804	799.31
4805	799.23
4806	799.31
4807	799.23
4808	799.31
4809	799.23
4810	799.31
4811	799.23
4812	799.31
4813	799.23
4814	799.3
4815	799.23
4816	799.31
4817	799.23
4818	799.31
4819	799.23
4820	799.31
4821	799.23
4822	799.3
4823	799.23
4824	799.31
4825	799.23
4826	799.31
4827	799.23
4828	799.31
4829	799.23
4830	799.3
4831	799.23
4832	799.3
4833	799.23
4834	799.3
4835	799.23
4836	799.31
4837	799.23
4838	799.3
4839	799.23
4840	799.3
4841	799.23
4842	799.3
4843	799.23
4844	799.3
4845	799.23
4846	799.29
4847	799.23
4848	799.3
4849	799.23
4850	799.3
4851	799.23
4852	799.3
4853	799.23
4854	799.3
4855	799.23
4856	799.3
4857	799.23
4858	799.29
4859	799.23
4860	799.3
4861	799.23
4862	799.3
4863	799.23
4864	799.3
4865	799.23
4866	799.3
4867	799.23
4868	799.3
4869	799.23
4870	799.3
4871	799.23
4872	799.3
4873	799.23
4874	799.29
4875	799.23
4876	799.3
4877	799.23
4878	799.29
4879	799.22
4880	799.3
4881	799.22
4882	799.29
4883	799.22
4884	799.3
4885	799.22
4886	799.29
4887	799.22
4888	799.3
4889	799.22
4890	799.29
4891	799.22
4892	799.3
4893	799.22
4894	799.29
4895	799.22
4896	799.3
4897	799.22
4898	799.3
4899	799.22
4900	799.3
4901	799.22
4902	799.3
4903	799.22
4904	799.29
4905	799.22
4906	799.3
4907	799.22
4908	799.3
4909	799.22
4910	799.3
4911	799.22
4912	799.3
4913	799.22
4914	799.3
4915	799.22
4916	799.29
4917	799.22
4918	799.3
4919	799.22
4920	799.29
4921	799.22
4922	799.29
4923	799.22
4924	799.29
4925	799.22
4926	799.3
4927	799.22
4928	799.29
4929	799.22
4930	799.29
4931	799.22
4932	799.28
4933	799.22
4934	799.28
4935	799.22
4936	799.27
4937	799.22
4938	799.26
4939	799.22
4940	799.26
4941	799.26
4942	799.95
4943	800.02
4944	799.51
4945	799.45
4946	799.65
4947	799.6
4948	799.8
4949	799.75
4950	799.88
4951	799.98
4952	799.98
4953	799.94
4954	800.05
4955	799.96
4956	800.07
4957	799.98
4958	800.07
4959	799.99
4960	800.08
4961	799.99
4962	800.08
4963	799.99
4964	800.07
4965	800.
4966	800.07
4967	799.99
4968	800.07
4969	799.99
4970	800.06
4971	799.99
4972	800.06
4973	799.99
4974	800.06
4975	799.98
4976	800.06
4977	799.98
4978	800.05
4979	799.97
4980	800.05
4981	799.97
4982	800.05
4983	799.98
4984	800.04
4985	799.96
4986	800.04
4987	799.96
4988	800.04
4989	799.96
4990	800.04
4991	799.96
4992	800.03
4993	799.96
4994	800.03
4995	799.96
4996	800.03
4997	799.96
4998	800.03
4999	799.96
5000	800.03
5001	799.95
5002	800.03
5003	799.95
5004	800.02
5005	799.95
5006	800.02
5007	799.95
5008	800.02
5009	799.95
5010	800.02
5011	799.94
5012	800.02
5013	799.94
5014	800.02
5015	799.94
5016	800.02
5017	799.94
5018	800.02
5019	799.94
5020	800.02
5021	799.94
5022	800.01
5023	799.94
5024	800.01
5025	799.94
5026	800.01
5027	799.94
5028	800.01
5029	799.94
5030	800.01
5031	799.94
5032	800.01
5033	799.93
5034	800.01
5035	799.93
5036	800.01
5037	799.93
5038	800.01
5039	799.93
5040	800.01
5041	799.93
5042	800.01
5043	799.93
5044	800.01
5045	799.93
5046	800.01
5047	799.93
5048	800.01
5049	799.93
5050	800.01
5051	799.93
5052	800.
5053	799.93
5054	800.
5055	799.93
5056	800.
5057	799.93
5058	800.
5059	799.93
5060	800.
5061	799.93
5062	800.
5063	799.93
5064	800.
5065	799.92
5066	800.
5067	799.93
5068	800.
5069	799.92
5070	800.
5071	799.93
5072	800.
5073	799.92
5074	800.
5075	799.92
5076	800.
5077	799.92
5078	800.
5079	799.93
5080	800.
5081	799.92
5082	800.
5083	799.92
5084	800.
5085	799.92
5086	800.
5087	799.92
5088	800.
5089	799.92
5090	800.
5091	799.92
5092	800.
5093	799.92
5094	800.
5095	799.92
5096	800.
5097	799.92
5098	800.
5099	799.92
5100	800.
5101	799.91
5102	800.
5103	799.92
5104	799.99
5105	799.92
5106	799.99
5107	799.92
5108	799.99
5109	799.92
5110	799.99
5111	799.92
5112	799.99
5113	799.92
5114	799.99
5115	799.92
5116	799.99
5117	799.91
5118	799.99
5119	799.92
5120	799.99
5121	799.91
5122	799.99
5123	799.92
5124	799.99
5125	799.91
5126	799.99
5127	799.92
5128	799.99
5129	799.91
5130	799.99
5131	799.91
5132	799.99
5133	799.91
5134	799.99
5135	799.91
5136	799.99
5137	799.91
5138	799.99
5139	799.92
5140	799.99
5141	799.91
5142	799.99
5143	799.91
5144	799.99
5145	799.91
5146	799.99
5147	799.91
5148	799.99
5149	799.91
5150	799.99
5151	799.91
5152	799.99
5153	799.91
5154	799.99
5155	799.91
5156	799.99
5157	799.91
5158	799.99
5159	799.91
5160	799.99
5161	799.91
5162	799.99
5163	799.91
5164	799.99
5165	799.91
5166	799.99
5167	799.91
5168	799.99
5169	799.91
5170	799.99
5171	799.91
5172	799.99
5173	799.91
5174	799.99
5175	799.91
5176	799.98
5177	799.91
5178	799.98
5179	799.91
5180	799.98
5181	799.91
5182	799.98
5183	799.91
5184	799.98
5185	799.91
5186	799.98
5187	799.91
5188	799.98
5189	799.91
5190	799.98
5191	799.91
5192	799.98
5193	799.91
5194	799.98
5195	799.91
5196	799.98
5197	799.91
5198	799.98
5199	799.9
5200	799.98
5201	799.91
5202	799.98
5203	799.91
5204	799.98
5205	799.9
5206	799.98
5207	799.9
5208	799.98
5209	799.9
5210	799.98
5211	799.9
5212	799.98
5213	799.9
5214	799.98
5215	799.9
5216	799.98
5217	799.91
5218	799.98
5219	799.9
5220	799.98
5221	799.91
5222	799.98
5223	799.9
5224	799.98
5225	799.9
5226	799.98
5227	799.9
5228	799.98
5229	799.9
5230	799.98
5231	799.9
5232	799.98
5233	799.9
5234	799.98
5235	799.9
5236	799.98
5237	799.9
5238	799.98
5239	799.9
5240	799.98
5241	799.9
5242	799.98
5243	799.91
5244	799.98
5245	799.91
5246	799.98
5247	799.92
5248	799.98
5249	799.92
5250	799.98
5251	799.93
5252	799.94
5253	799.98
5254	799.98
5255	799.9
5256	799.98
5257	799.95
5258	799.98
5259	799.94
5260	799.98
5261	799.94
5262	799.98
5263	799.94
5264	799.98
5265	799.94
5266	799.98
5267	799.94
5268	799.98
5269	799.94
5270	799.98
5271	799.94
5272	799.98
5273	799.94
5274	799.98
5275	799.94
5276	799.98
5277	799.94
5278	799.98
5279	799.94
5280	799.98
5281	799.94
5282	799.98
5283	799.94
5284	799.98
5285	799.94
5286	799.98
5287	799.94
5288	799.98
5289	799.94
5290	799.98
5291	799.94
5292	799.98
5293	799.94
5294	799.98
5295	799.94
5296	799.98
5297	799.94
5298	799.98
5299	799.93
5300	799.98
5301	799.93
5302	799.98
5303	799.94
5304	799.98
5305	799.93
5306	799.98
5307	799.93
5308	799.98
5309	799.93
5310	799.98
5311	799.93
5312	799.98
5313	799.94
5314	799.98
5315	799.94
5316	799.98
5317	799.94
5318	799.98
5319	799.94
5320	799.98
5321	799.94
5322	799.98
5323	799.94
5324	799.98
5325	799.94
5326	799.98
5327	799.94
5328	799.98
5329	799.94
5330	799.98
5331	799.94
5332	799.98
5333	799.94
5334	799.98
5335	799.94
5336	799.98
5337	799.94
5338	799.98
5339	799.94
5340	799.98
5341	799.94
5342	799.98
5343	799.94
5344	799.98
5345	799.94
5346	799.98
5347	799.94
5348	799.98
5349	799.94
5350	799.98
5351	799.94
5352	799.98
5353	799.94
5354	799.98
5355	799.94
5356	799.98
5357	799.94
5358	799.98
5359	799.93
5360	799.98
5361	799.93
5362	799.98
5363	799.93
5364	799.98
5365	799.93
5366	799.98
5367	799.93
5368	799.98
5369	799.93
5370	799.98
5371	799.93
5372	799.98
5373	799.93
5374	799.98
5375	799.93
5376	799.98
5377	799.92
5378	799.98
5379	799.92
5380	799.98
5381	799.92
5382	799.98
5383	799.92
5384	799.98
5385	799.91
5386	799.91
5387	800.12
5388	800.13
5389	800.09
5390	800.12
5391	800.08
5392	800.12
5393	800.08
5394	800.11
5395	800.08
5396	800.11
5397	800.08
5398	800.11
5399	800.07
5400	800.11
5401	800.07
5402	800.11
5403	800.06
5404	800.1
5405	800.07
5406	800.1
5407	800.07
5408	800.1
5409	800.06
5410	800.1
5411	800.06
5412	800.1
5413	800.06
5414	800.1
5415	800.06
5416	800.09
5417	800.05
5418	800.09
5419	800.05
5420	800.09
5421	800.05
5422	800.08
5423	800.05
5424	800.08
5425	800.04
5426	800.08
5427	800.04
5428	800.08
5429	800.04
5430	800.07
5431	800.04
5432	800.07
5433	800.04
5434	800.07
5435	800.04
5436	800.07
5437	800.04
5438	800.07
5439	800.03
5440	800.07
5441	800.03
5442	800.06
5443	800.03
5444	800.06
5445	800.03
5446	800.06
5447	800.02
5448	800.06
5449	800.02
5450	800.06
5451	800.02
5452	800.05
5453	800.02
5454	800.05
5455	800.01
5456	800.05
5457	800.01
5458	800.05
5459	800.01
5460	800.05
5461	800.01
5462	800.04
5463	800.01
5464	800.04
5465	800.01
5466	800.04
5467	800.
5468	800.03
5469	800.
5470	800.03
5471	800.
5472	800.03
5473	800.
5474	800.03
5475	799.99
5476	800.02
5477	799.99
5478	800.02
5479	799.99
5480	800.02
5481	799.99
5482	800.02
5483	799.99
5484	800.01
5485	799.98
5486	800.01
5487	799.98
5488	800.01
5489	799.98
5490	800.01
5491	799.97
5492	800.01
5493	799.97
5494	800.
5495	799.97
5496	800.
5497	799.96
5498	800.
5499	799.96
5500	800.
5501	799.96
5502	800.
5503	799.95
5504	799.99
5505	799.95
5506	799.99
5507	799.95
5508	799.99
5509	799.94
5510	799.99
5511	799.94
5512	799.99
5513	799.93
5514	799.98
5515	799.93
5516	799.98
5517	799.92
5518	799.98
5519	799.92
5520	799.91
5521	800.56
5522	800.63
5523	800.55
5524	800.5
5525	800.49
5526	800.46
5527	800.44
5528	800.43
5529	800.4
5530	800.4
5531	800.35
5532	800.37
5533	800.32
5534	800.32
5535	800.29
5536	800.31
5537	800.27
5538	800.29
5539	800.24
5540	800.28
5541	800.22
5542	800.26
5543	800.2
5544	800.25
5545	800.18
5546	800.22
5547	800.17
5548	800.21
5549	800.15
5550	800.2
5551	800.14
5552	800.19
5553	800.13
5554	800.19
5555	800.12
5556	800.18
5557	800.12
5558	800.17
5559	800.11
5560	800.16
5561	800.1
5562	800.15
5563	800.09
5564	800.15
5565	800.09
5566	800.14
5567	800.07
5568	800.14
5569	800.08
5570	800.13
5571	800.09
5572	800.13
5573	800.09
5574	800.09
5575	801.1
5576	803.36
5577	802.6
5578	800.69
5579	800.6
5580	800.76
5581	800.65
5582	800.72
5583	800.67
5584	800.72
5585	800.67
5586	800.77
5587	800.69
5588	800.73
5589	800.69
5590	800.74
5591	800.7
5592	800.78
5593	800.71
5594	800.75
5595	800.71
5596	800.78
5597	800.72
5598	800.81
5599	800.74
5600	800.77
5601	800.74
5602	800.8
5603	800.75
5604	800.82
5605	800.78
5606	800.8
5607	800.77
5608	800.84
5609	800.78
5610	800.84
5611	800.81
5612	800.84
5613	800.81
5614	800.95
5615	800.83
5616	800.84
5617	800.83
5618	800.88
5619	800.83
5620	800.92
5621	800.86
5622	800.86
5623	800.84
5624	800.91
5625	800.85
5626	800.92
5627	800.89
5628	800.89
5629	800.86
5630	800.95
5631	800.88
5632	800.92
5633	800.91
5634	800.87
5635	800.89
5636	801.01
5637	800.89
5638	800.9
5639	800.92
5640	800.86
5641	800.87
5642	801.09
5643	800.89
5644	800.86
5645	800.92
5646	800.84
5647	800.95
5648	801.08
5649	800.95
5650	801.06
5651	800.91
5652	800.95
5653	800.89
5654	800.84
5655	800.91
5656	801.13
5657	800.86
5658	800.98
5659	800.86
5660	800.75
5661	800.9
5662	801.04
5663	800.82
5664	800.96
5665	800.8
5666	800.65
5667	800.84
5668	800.61
5669	800.85
5670	801.07
5671	800.8
5672	801.
5673	800.78
5674	800.53
5675	800.75
5676	801.06
5677	800.88
5678	801.13
5679	800.77
5680	800.44
5681	800.73
5682	801.12
5683	800.93
5684	801.56
5685	800.81
5686	801.12
5687	800.86
5688	801.38
5689	801.12
5690	800.03
5691	800.72
5692	800.93
5693	800.62
5694	800.36
5695	800.93
5696	800.11
5697	800.99
5698	801.3
5699	801.01
5700	800.34
5701	800.97
5702	800.14
5703	801.14
5704	801.63
5705	801.31
5706	801.53
5707	801.3
5708	801.66
5709	808.88
5710	807.13
5711	806.32
5712	806.14
5713	804.43
5714	808.25
5715	806.16
5716	806.99
5717	804.32
5718	804.57
5719	804.35
5720	803.15
5721	800.39
5722	801.79
5723	799.7
5724	802.04
5725	799.28
5726	801.45
5727	803.22
5728	800.13
5729	797.78
5730	798.54
5731	797.56
5732	798.05
5733	797.3
5734	797.6
5735	797.11
5736	797.32
5737	796.99
5738	797.12
5739	796.83
5740	796.95
5741	796.71
5742	796.8
5743	796.63
5744	796.68
5745	796.53
5746	796.56
5747	796.44
5748	796.46
5749	796.38
5750	796.38
5751	796.29
5752	796.29
5753	796.22
5754	796.21
5755	796.16
5756	796.14
5757	796.09
5758	796.07
5759	796.02
5760	796.
5761	795.97
5762	795.94
5763	795.91
5764	795.88
5765	795.85
5766	795.82
5767	795.81
5768	795.77
5769	795.76
5770	795.72
5771	795.72
5772	795.68
5773	795.69
5774	795.64
5775	795.64
5776	795.6
5777	795.6
5778	795.56
5779	795.57
5780	795.52
5781	795.53
5782	795.48
5783	795.49
5784	795.44
5785	795.46
5786	795.4
5787	795.42
5788	795.37
5789	795.38
5790	795.32
5791	795.35
5792	795.29
5793	795.3
5794	795.25
5795	795.26
5796	795.21
5797	795.23
5798	795.17
5799	795.18
5800	795.13
5801	795.13
5802	795.09
5803	795.1
5804	795.04
5805	795.05
5806	795.
5807	795.
5808	794.96
5809	794.96
5810	794.91
5811	794.92
5812	794.87
5813	794.88
5814	794.83
5815	794.86
5816	794.8
5817	794.82
5818	794.77
5819	794.79
5820	794.74
5821	794.77
5822	794.71
5823	794.74
5824	794.68
5825	794.7
5826	794.65
5827	794.68
5828	794.62
5829	794.65
5830	794.59
5831	794.61
5832	794.56
5833	794.59
5834	794.53
5835	794.56
5836	794.5
5837	794.52
5838	794.47
5839	794.48
5840	794.43
5841	794.46
5842	794.4
5843	794.41
5844	794.37
5845	794.38
5846	794.33
5847	794.35
5848	794.3
5849	794.33
5850	794.28
5851	794.3
5852	794.25
5853	794.29
5854	794.23
5855	794.26
5856	794.21
5857	794.24
5858	794.18
5859	794.22
5860	794.16
5861	794.2
5862	794.14
5863	794.17
5864	794.12
5865	794.16
5866	794.1
5867	794.13
5868	794.07
5869	794.1
5870	794.05
5871	794.09
5872	794.03
5873	794.06
5874	794.
5875	794.03
5876	793.97
5877	794.01
5878	793.95
5879	793.98
5880	793.93
5881	793.97
5882	793.91
5883	793.96
5884	793.89
5885	793.94
5886	793.88
5887	793.92
5888	793.87
5889	793.91
5890	793.85
5891	793.9
5892	793.84
5893	793.88
5894	793.82
5895	793.87
5896	793.8
5897	793.85
5898	793.79
5899	793.83
5900	793.77
5901	793.82
5902	793.75
5903	793.8
5904	793.74
5905	793.77
5906	793.72
5907	793.76
5908	793.7
5909	793.75
5910	793.69
5911	793.74
5912	793.68
5913	793.73
5914	793.67
5915	793.72
5916	793.66
5917	793.71
5918	793.65
5919	793.71
5920	793.65
5921	793.7
5922	793.64
5923	793.69
5924	793.63
5925	793.68
5926	793.62
5927	793.67
5928	793.6
5929	793.65
5930	793.59
5931	793.64
5932	793.58
5933	793.63
5934	793.57
5935	793.62
5936	793.56
5937	793.62
5938	793.56
5939	793.61
5940	793.56
5941	793.64
5942	793.58
5943	793.67
5944	799.6
5945	799.64
5946	799.56
5947	799.58
5948	799.69
5949	799.66
5950	799.73
5951	799.7
5952	799.7
5953	799.75
5954	799.77
5955	799.73
5956	799.64
5957	799.67
5958	799.67
5959	799.71
5960	799.56
5961	799.65
5962	799.59
5963	799.63
5964	799.6
5965	799.59
5966	799.58
5967	799.55
5968	799.62
5969	799.65
5970	799.66
5971	799.61
5972	799.69
5973	799.6
5974	799.63
5975	799.56
5976	799.6
5977	799.56
5978	799.66
5979	799.62
5980	799.67
5981	799.69
5982	799.67
5983	799.62
5984	799.62
5985	799.66
5986	799.73
5987	799.69
5988	799.71
5989	799.67
5990	799.75
5991	799.7
5992	799.78
5993	799.73
5994	799.7
5995	799.73
5996	799.75
5997	799.67
5998	799.71
5999	799.68
6000	799.65
6001	799.72
6002	799.69
6003	799.68
6004	799.64
6005	799.72
6006	799.72
6007	799.64
6008	799.64
6009	799.72
6010	799.68
6011	799.68
6012	799.7
6013	799.62
6014	799.65
6015	799.67
6016	799.69
6017	799.61
6018	799.64
6019	799.62
6020	799.7
6021	799.66
6022	799.67
6023	799.61
6024	799.69
6025	799.65
6026	799.71
6027	799.71
6028	799.71
6029	799.67
6030	799.5
6031	799.59
6032	799.55
6033	799.54
6034	799.45
6035	799.53
6036	799.47
6037	799.5
6038	799.59
6039	799.54
6040	799.59
6041	799.61
6042	799.55
6043	799.64
6044	799.63
6045	799.59
6046	799.54
6047	799.62
6048	799.58
6049	799.58
6050	799.6
6051	799.63
6052	799.54
6053	799.57
6054	799.58
6055	799.65
6056	799.59
6057	799.62
6058	799.66
6059	799.59
6060	799.63
6061	799.63
6062	799.51
6063	799.5
6064	799.47
6065	799.55
6066	799.57
6067	799.54
6068	799.51
6069	799.6
6070	799.57
6071	799.57
6072	799.53
6073	799.61
6074	799.54
6075	799.62
6076	799.58
6077	799.59
6078	799.63
6079	799.55
6080	799.59
6081	799.55
6082	799.63
6083	799.61
6084	799.62
6085	799.54
6086	799.53
6087	799.54
6088	799.57
6089	799.58
6090	799.51
6091	799.56
6092	799.49
6093	799.79
6094	799.85
6095	799.85
6096	799.81
6097	799.75
6098	799.75
6099	799.78
6100	799.72
6101	799.75
6102	799.7
6103	799.69
6104	799.71
6105	799.75
6106	799.74
6107	799.69
6108	799.67
6109	799.68
6110	799.65
6111	799.66
6112	799.68
6113	799.7
6114	799.5
6115	799.49
6116	799.46
6117	799.51
6118	799.47
6119	799.48
6120	799.52
6121	799.44
6122	799.41
6123	799.48
6124	799.44
6125	799.49
6126	799.47
6127	799.51
6128	799.45
6129	799.42
6130	799.46
6131	799.49
6132	799.46
6133	799.53
6134	799.45
6135	799.47
6136	799.52
6137	799.55
6138	799.6
6139	799.51
6140	799.56
6141	799.54
6142	799.6
6143	799.51
6144	799.51
6145	799.6
6146	799.49
6147	799.45
6148	799.36
6149	799.45
6150	799.4
6151	799.43
6152	799.37
6153	799.65
6154	799.7
6155	799.67
6156	799.72
6157	799.53
6158	799.58
6159	799.48
6160	799.48
6161	799.54
6162	799.5
6163	799.58
6164	799.5
6165	799.51
6166	799.57
6167	799.59
6168	799.54
6169	799.5
6170	799.49
6171	799.56
6172	799.59
6173	799.58
6174	799.51
6175	799.54
6176	799.56
6177	799.48
6178	799.51
6179	799.49
6180	799.46
6181	799.53
6182	799.49
6183	799.45
6184	799.52
6185	799.48
6186	799.52
6187	799.44
6188	799.48
6189	799.45
6190	799.52
6191	799.45
6192	799.49
6193	799.49
6194	799.52
6195	799.5
6196	799.46
6197	799.5
6198	799.5
6199	799.45
6200	799.5
6201	799.5
6202	799.46
6203	799.38
6204	799.4
6205	799.45
6206	799.42
6207	799.47
6208	799.52
6209	799.43
6210	799.48
6211	799.41
6212	799.52
6213	799.42
6214	799.47
6215	799.5
6216	799.4
6217	799.44
6218	799.45
6219	799.31
6220	799.27
6221	799.29
6222	799.39
6223	799.34
6224	799.41
6225	799.35
6226	799.37
6227	799.42
6228	799.47
6229	799.42
6230	799.45
6231	799.43
6232	799.51
6233	799.48
6234	799.51
6235	799.47
6236	799.51
6237	799.46
6238	799.47
6239	799.51
6240	799.54
6241	799.53
6242	799.49
6243	799.52
6244	799.52
6245	799.49
6246	799.54
6247	799.49
6248	799.49
6249	799.53
6250	799.57
6251	799.58
6252	799.54
6253	799.62
6254	799.58
6255	799.51
6256	799.51
6257	799.56
6258	799.56
6259	799.59
6260	799.6
6261	799.56
6262	799.6
6263	799.6
6264	799.56
6265	799.64
6266	799.59
6267	799.56
6268	799.59
6269	799.55
6270	799.55
6271	799.55
6272	799.6
6273	799.6
6274	799.56
6275	799.6
6276	799.56
6277	799.57
6278	799.61
6279	799.62
6280	799.58
6281	799.62
6282	799.59
6283	799.63
6284	799.63
6285	799.64
6286	799.6
6287	799.64
6288	799.68
6289	799.6
6290	799.64
6291	799.68
6292	799.69
6293	799.66
6294	799.62
6295	799.65
6296	799.78
6297	799.76
6298	799.7
6299	799.73
6300	800.53
6301	800.58
6302	800.49
6303	800.59
6304	800.54
6305	800.51
6306	800.55
6307	800.46
6308	800.51
6309	800.55
6310	800.46
6311	800.47
6312	800.51
6313	800.55
6314	800.61
6315	800.6
6316	800.65
6317	800.57
6318	800.57
6319	800.49
6320	800.5
6321	800.53
6322	800.61
6323	800.52
6324	800.57
6325	800.57
6326	800.67
6327	800.68
6328	800.64
6329	800.61
6330	800.62
6331	800.83
6332	800.84
6333	800.86
6334	800.89
6335	801.64
6336	801.99
6337	801.79
6338	801.8
6339	801.69
6340	802.49
6341	802.34
6342	802.22
6343	802.69
6344	802.47
6345	802.8
6346	802.23
6347	801.39
6348	801.47
6349	801.49
6350	801.28
6351	801.28
6352	801.2
6353	800.79
6354	800.82
6355	800.78
6356	800.66
6357	800.72
6358	800.71
6359	800.74
6360	800.7
6361	800.75
6362	800.62
6363	800.59
6364	800.66
6365	800.58
6366	800.65
6367	800.61
6368	800.59
6369	800.55
6370	800.63
6371	800.6
6372	800.58
6373	800.55
6374	800.63
6375	800.62
6376	800.54
6377	800.58
6378	800.52
6379	800.62
6380	800.57
6381	800.57
6382	800.61
6383	800.65
6384	800.66
6385	800.6
6386	800.65
6387	800.57
6388	800.64
6389	800.56
6390	800.6
6391	800.59
6392	800.63
6393	800.59
6394	800.6
6395	800.64
6396	800.65
6397	800.64
6398	800.48
6399	800.43
6400	800.53
6401	800.48
6402	800.48
6403	800.43
6404	800.52
6405	800.46
6406	800.42
6407	800.52
6408	800.52
6409	800.45
6410	800.4
6411	800.5
6412	800.43
6413	800.39
6414	800.49
6415	800.48
6416	800.4
6417	800.36
6418	800.46
6419	800.35
6420	800.44
6421	800.39
6422	800.31
6423	800.4
6424	800.35
6425	800.36
6426	800.28
6427	800.25
6428	800.34
6429	800.31
6430	800.22
6431	800.32
6432	800.26
6433	800.14
6434	800.14
6435	800.21
6436	800.19
6437	800.07
6438	800.1
6439	800.15
6440	800.05
6441	799.82
6442	799.8
6443	799.87
6444	799.85
6445	799.82
6446	799.85
6447	799.76
6448	799.78
6449	799.83
6450	799.87
6451	799.87
6452	799.8
6453	799.81
6454	799.85
6455	799.77
6456	799.82
6457	799.77
6458	799.84
6459	799.87
6460	799.85
6461	799.82
6462	799.84
6463	799.76
6464	799.8
6465	799.8
6466	799.79
6467	799.83
6468	799.79
6469	799.81
6470	799.77
6471	799.77
6472	799.76
6473	799.8
6474	799.76
6475	799.76
6476	799.8
6477	799.81
6478	799.76
6479	799.8
6480	799.76
6481	799.76
6482	799.79
6483	799.72
6484	799.8
6485	799.79
6486	799.75
6487	799.72
6488	799.73
6489	799.73
6490	799.77
6491	799.68
6492	799.73
6493	799.77
6494	799.77
6495	799.74
6496	799.78
6497	799.74
6498	799.7
6499	799.74
6500	799.74
6501	799.77
6502	799.73
6503	799.78
6504	799.78
6505	799.75
6506	799.74
6507	799.78
6508	799.74
6509	799.7
6510	799.73
6511	799.77
6512	799.7
6513	799.73
6514	799.76
6515	799.69
6516	799.76
6517	799.69
6518	799.64
6519	799.69
6520	799.6
6521	799.65
6522	799.67
6523	799.62
6524	799.56
6525	799.62
6526	799.59
6527	799.52
6528	799.59
6529	799.5
6530	799.55
6531	799.6
6532	799.49
6533	799.53
6534	799.6
6535	799.56
6536	799.57
6537	799.62
6538	799.57
6539	799.58
6540	799.63
6541	799.64
6542	799.54
6543	799.62
6544	799.68
6545	799.71
6546	799.72
6547	799.67
6548	799.67
6549	799.71
6550	799.7
6551	799.66
6552	799.62
6553	799.7
6554	799.66
6555	799.66
6556	799.62
6557	799.68
6558	799.71
6559	799.66
6560	799.72
6561	799.69
6562	799.7
6563	799.73
6564	799.7
6565	799.7
6566	799.73
6567	799.66
6568	799.74
6569	799.67
6570	799.65
6571	799.72
6572	799.73
6573	799.69
6574	799.67
6575	799.6
6576	799.6
6577	799.65
6578	799.66
6579	799.61
6580	799.65
6581	799.72
6582	799.71
6583	799.69
6584	799.67
6585	799.61
6586	799.67
6587	799.64
6588	799.63
6589	799.65
6590	799.69
6591	799.65
6592	799.65
6593	799.69
6594	799.69
6595	799.66
6596	799.61
6597	799.68
6598	799.73
6599	799.73
6600	799.69
6601	799.69
6602	799.62
6603	799.65
6604	799.54
6605	799.56
6606	799.62
6607	799.67
6608	799.71
6609	799.67
6610	799.66
6611	799.7
6612	799.7
6613	799.7
6614	799.73
6615	799.74
6616	799.72
6617	799.36
6618	799.4
6619	799.42
6620	799.46
6621	799.49
6622	799.44
6623	799.45
6624	802.13
6625	802.45
6626	802.68
6627	799.82
6628	799.78
6629	802.43
6630	802.25
6631	802.08
6632	799.74
6633	799.81
6634	799.45
6635	799.56
6636	799.49
6637	799.52
6638	799.47
6639	799.58
6640	799.51
6641	799.57
6642	799.55
6643	799.47
6644	799.49
6645	799.42
6646	799.41
6647	799.38
6648	799.39
6649	799.42
6650	799.38
6651	799.4
6652	799.44
6653	799.4
6654	799.44
6655	799.42
6656	799.38
6657	799.39
6658	799.43
6659	799.4
6660	799.38
6661	799.46
6662	799.42
6663	799.42
6664	799.42
6665	799.46
6666	799.44
6667	799.4
6668	799.45
6669	799.4
6670	799.45
6671	799.4
6672	799.4
6673	799.46
6674	799.41
6675	799.46
6676	799.42
6677	799.42
6678	799.44
6679	799.41
6680	799.45
6681	799.43
6682	799.43
6683	799.39
6684	799.47
6685	799.44
6686	799.44
6687	799.4
6688	799.47
6689	799.44
6690	799.4
6691	799.43
6692	799.4
6693	799.42
6694	799.39
6695	799.39
6696	799.39
6697	799.41
6698	799.42
6699	799.38
6700	799.45
6701	799.41
6702	799.42
6703	799.38
6704	799.38
6705	799.46
6706	799.42
6707	799.41
6708	799.38
6709	799.46
6710	799.42
6711	799.38
6712	799.37
6713	799.41
6714	799.35
6715	799.35
6716	799.32
6717	799.39
6718	799.32
6719	799.32
6720	799.33
6721	799.32
6722	799.35
6723	799.38
6724	799.34
6725	799.3
6726	799.36
6727	799.32
6728	799.29
6729	799.38
6730	799.3
6731	799.27
6732	799.34
6733	799.25
6734	799.28
6735	799.24
6736	799.35
6737	799.4
6738	799.27
6739	799.31
6740	799.23
6741	799.21
6742	799.2
6743	799.25
6744	799.32
6745	799.28
6746	799.28
6747	799.34
6748	799.3
6749	799.36
6750	799.31
6751	799.39
6752	799.38
6753	799.33
6754	799.41
6755	799.39
6756	799.34
6757	799.4
6758	799.35
6759	799.41
6760	799.37
6761	799.44
6762	799.42
6763	799.37
6764	799.45
6765	799.43
6766	799.38
6767	799.46
6768	799.43
6769	799.39
6770	799.47
6771	799.43
6772	799.4
6773	799.43
6774	799.39
6775	799.44
6776	799.4
6777	799.4
6778	799.48
6779	799.44
6780	799.42
6781	799.45
6782	799.45
6783	799.46
6784	799.42
6785	799.45
6786	799.47
6787	799.43
6788	799.45
6789	799.49
6790	799.5
6791	799.54
6792	799.46
6793	799.5
6794	799.46
6795	799.5
6796	799.45
6797	799.49
6798	799.46
6799	799.44
6800	799.49
6801	799.46
6802	799.51
6803	799.47
6804	799.5
6805	799.55
6806	799.52
6807	799.48
6808	799.56
6809	799.52
6810	799.49
6811	799.53
6812	799.49
6813	799.52
6814	799.52
6815	799.48
6816	799.52
6817	799.53
6818	799.49
6819	799.49
6820	799.53
6821	799.57
6822	799.5
6823	799.54
6824	799.53
6825	799.51
6826	799.54
6827	799.54
6828	799.58
6829	799.55
6830	799.51
6831	799.58
6832	799.54
6833	799.51
6834	799.55
6835	799.59
6836	799.56
6837	799.52
6838	799.55
6839	799.56
6840	799.52
6841	799.6
6842	799.56
6843	799.53
6844	799.53
6845	799.57
6846	799.54
6847	799.57
6848	799.58
6849	799.61
6850	799.58
6851	799.54
6852	799.58
6853	799.62
6854	799.59
6855	799.55
6856	799.54
6857	799.62
6858	799.62
6859	799.57
6860	799.65
6861	799.59
6862	799.68
6863	799.68
6864	799.62
6865	799.74
6866	799.65
6867	800.
6868	800.
6869	800.09
6870	800.05
6871	800.11
6872	800.19
6873	800.13
6874	800.16
6875	800.21
6876	800.15
6877	800.24
6878	800.18
6879	800.27
6880	800.26
6881	800.21
6882	800.3
6883	800.27
6884	800.21
6885	800.31
6886	800.3
6887	800.28
6888	800.24
6889	800.33
6890	800.31
6891	800.26
6892	800.33
6893	800.27
6894	800.35
6895	800.29
6896	800.36
6897	800.31
6898	800.38
6899	800.32
6900	800.38
6901	800.33
6902	800.38
6903	800.34
6904	800.39
6905	800.34
6906	800.43
6907	800.41
6908	800.35
6909	800.45
6910	800.42
6911	800.37
6912	800.47
6913	800.43
6914	800.37
6915	800.47
6916	800.43
6917	800.38
6918	800.48
6919	800.42
6920	800.39
6921	800.42
6922	800.37
6923	800.37
6924	800.42
6925	800.38
6926	800.43
6927	800.39
6928	800.39
6929	800.44
6930	800.48
6931	800.46
6932	800.45
6933	800.41
6934	800.48
6935	800.43
6936	800.53
6937	800.47
6938	800.43
6939	800.52
6940	800.42
6941	800.47
6942	800.52
6943	800.48
6944	800.43
6945	800.47
6946	800.52
6947	800.43
6948	800.48
6949	800.48
6950	800.44
6951	800.48
6952	800.52
6953	800.44
6954	800.49
6955	800.53
6956	800.51
6957	800.46
6958	800.5
6959	800.47
6960	800.52
6961	800.55
6962	800.5
6963	800.53
6964	800.56
6965	800.52
6966	800.58
6967	800.54
6968	800.61
6969	800.57
6970	800.6
6971	800.65
6972	800.79
6973	800.75
6974	800.74
6975	800.87
6976	800.81
6977	800.96
6978	800.9
6979	800.92
6980	801.06
6981	800.99
6982	801.01
6983	801.19
6984	801.11
6985	801.13
6986	801.34
6987	801.24
6988	801.39
6989	801.51
6990	801.68
6991	801.86
6992	801.68
6993	801.85
6994	802.04
6995	802.
6996	801.83
6997	801.65
6998	801.96
6999	793.39
7000	793.33
7001	793.26
7002	793.33
7003	793.34
7004	793.4
7005	793.27
7006	793.33
7007	793.41
7008	793.28
7009	793.35
7010	793.39
7011	793.45
7012	793.32
7013	793.38
7014	793.33
7015	793.46
7016	793.4
7017	793.36
7018	793.49
7019	793.44
7020	793.42
7021	793.47
7022	793.52
7023	793.39
7024	793.45
7025	793.54
7026	793.41
7027	793.48
7028	793.51
7029	793.57
7030	793.44
7031	793.5
7032	793.59
7033	793.46
7034	793.53
7035	793.63
7036	793.58
7037	793.51
7038	793.56
7039	793.67
7040	793.54
7041	793.6
7042	793.62
7043	793.61
7044	793.68
7045	793.66
7046	793.74
7047	793.73
7048	793.78
7049	793.65
7050	793.7
7051	793.8
7052	793.67
7053	793.75
7054	793.82
7055	793.87
7056	793.74
7057	793.8
7058	793.9
7059	793.77
7060	793.84
7061	794.
7062	793.87
7063	793.94
7064	793.91
7065	794.1
7066	793.97
7067	794.05
7068	794.02
7069	794.11
7070	794.16
7071	794.03
7072	794.08
7073	794.14
7074	794.06
7075	794.19
7076	794.22
7077	794.09
7078	794.17
7079	794.23
7080	794.29
7081	794.15
7082	794.2
7083	794.27
7084	794.32
7085	794.18
7086	794.3
7087	794.35
7088	794.22
7089	794.33
7090	794.38
7091	794.25
7092	794.41
7093	794.28
7094	794.36
7095	794.47
7096	794.42
7097	794.34
7098	794.39
7099	794.49
7100	794.54
7101	794.45
7102	794.41
7103	794.44
7104	794.57
7105	794.52
7106	794.68
7107	794.73
7108	794.59
7109	794.64
7110	794.77
7111	794.63
7112	794.72
7113	794.8
7114	794.85
7115	794.76
7116	794.71
7117	794.91
7118	795.
7119	794.86
7120	794.95
7121	794.75
7122	794.84
7123	794.89
7124	794.83
7125	794.96
7126	794.88
7127	795.11
7128	795.16
7129	795.02
7130	795.07
7131	795.16
7132	795.07
7133	795.2
7134	795.2
7135	795.24
7136	795.11
7137	795.24
7138	795.15
7139	795.29
7140	795.28
7141	795.33
7142	795.2
7143	795.33
7144	795.37
7145	795.24
7146	795.37
7147	795.42
7148	795.29
7149	795.34
7150	795.46
7151	795.42
7152	795.74
7153	795.76
7154	795.64
7155	795.67
7156	795.82
7157	795.84
7158	795.72
7159	795.91
7160	795.92
7161	795.8
7162	796.
7163	795.89
7164	796.01
7165	796.1
7166	796.1
7167	795.99
7168	796.22
7169	796.21
7170	796.11
7171	796.35
7172	796.32
7173	796.23
7174	796.5
7175	796.38
7176	796.46
7177	796.67
7178	796.61
7179	796.54
7180	796.73
7181	796.79
7182	796.87
7183	797.73
7184	797.55
7185	797.39
7186	797.54
7187	798.14
7188	797.91
7189	797.92
7190	798.63
7191	798.39
7192	798.35
7193	799.17
7194	798.85
7195	798.92
7196	799.76
7197	799.54
7198	799.38
7199	800.34
7200	799.91
7201	800.17
7202	800.89
7203	800.77
7204	800.43
7205	801.44
7206	800.96
7207	801.32
7208	802.07
7209	801.94
7210	801.44
7211	802.73
7212	802.73
7213	803.11
7214	803.11
7215	803.58
7216	802.86
7217	803.38
7218	802.46
7219	802.96
7220	801.97
7221	802.11
7222	802.42
7223	801.61
7224	801.71
7225	801.35
7226	801.42
7227	801.22
7228	801.17
7229	801.22
7230	801.19
7231	801.43
7232	800.89
7233	800.91
7234	800.92
7235	800.96
7236	800.85
7237	800.86
7238	800.83
7239	800.85
7240	800.85
7241	800.79
7242	800.83
7243	800.79
7244	800.77
7245	800.8
7246	800.75
7247	800.78
7248	800.69
7249	800.72
7250	800.68
7251	800.71
7252	800.72
7253	800.66
7254	800.7
7255	800.64
7256	800.66
7257	800.69
7258	800.66
7259	800.7
7260	800.7
7261	800.69
7262	800.65
7263	800.66
7264	800.7
7265	800.66
7266	800.61
7267	800.66
7268	800.7
7269	800.61
7270	800.67
7271	800.71
7272	800.66
7273	800.71
7274	800.62
7275	800.71
7276	800.66
7277	800.69
7278	800.74
7279	800.69
7280	800.69
7281	800.74
7282	800.69
7283	800.73
7284	800.69
7285	800.73
7286	800.68
7287	800.73
7288	800.68
7289	800.72
7290	800.63
7291	800.68
7292	800.72
7293	800.68
7294	800.72
7295	800.68
7296	800.72
7297	800.65
7298	800.71
7299	800.63
7300	800.68
7301	800.62
7302	800.67
7303	800.58
7304	800.62
7305	800.67
7306	800.57
7307	800.6
7308	800.66
7309	800.57
7310	800.59
7311	800.64
7312	800.55
7313	800.59
7314	800.63
7315	800.54
7316	800.58
7317	800.63
7318	800.57
7319	800.62
7320	800.56
7321	800.61
7322	800.55
7323	800.6
7324	800.54
7325	800.59
7326	800.53
7327	800.58
7328	800.51
7329	800.57
7330	800.5
7331	800.55
7332	800.54
7333	800.48
7334	800.45
7335	800.51
7336	800.41
7337	800.46
7338	800.44
7339	800.5
7340	800.43
7341	800.48
7342	800.39
7343	800.4
7344	800.47
7345	800.37
7346	800.38
7347	800.44
7348	800.42
7349	800.36
7350	800.24
7351	800.17
7352	800.22
7353	800.02
7354	800.1
7355	799.98
7356	800.05
7357	799.99
7358	799.95
7359	800.06
7360	799.97
7361	800.04
7362	799.92
7363	799.94
7364	800.01
7365	799.9
7366	799.92
7367	799.99
7368	799.87
7369	799.9
7370	799.97
7371	799.85
7372	799.95
7373	799.83
7374	799.88
7375	799.85
7376	799.91
7377	799.79
7378	799.86
7379	799.83
7380	799.9
7381	799.78
7382	799.82
7383	799.89
7384	799.77
7385	799.81
7386	799.76
7387	799.88
7388	799.8
7389	799.87
7390	799.75
7391	799.79
7392	799.86
7393	799.74
7394	799.78
7395	799.85
7396	799.72
7397	799.73
7398	799.77
7399	799.71
7400	799.84
7401	799.76
7402	799.83
7403	799.71
7404	799.76
7405	799.82
7406	799.7
7407	799.8
7408	799.83
7409	799.7
7410	799.89
7411	799.86
7412	799.9
7413	799.94
7414	799.94
7415	799.89
7416	799.9
7417	799.93
7418	799.94
7419	799.94
7420	799.9
7421	799.94
7422	799.93
7423	799.92
7424	799.88
7425	799.89
7426	799.93
7427	799.91
7428	799.85
7429	799.88
7430	799.92
7431	799.84
7432	799.87
7433	799.91
7434	799.87
7435	799.91
7436	799.83
7437	799.87
7438	799.91
7439	799.83
7440	799.86
7441	799.9
7442	799.9
7443	799.86
7444	799.85
7445	799.89
7446	799.85
7447	799.81
7448	799.84
7449	799.88
7450	799.81
7451	799.84
7452	799.88
7453	799.86
7454	799.89
7455	799.85
7456	799.88
7457	799.91
7458	799.91
7459	799.87
7460	799.85
7461	799.89
7462	799.86
7463	799.82
7464	799.84
7465	799.88
7466	799.8
7467	799.83
7468	799.87
7469	799.83
7470	799.87
7471	799.83
7472	799.87
7473	799.82
7474	799.81
7475	799.85
7476	799.81
7477	799.81
7478	799.85
7479	799.82
7480	799.78
7481	799.85
7482	799.82
7483	799.86
7484	799.86
7485	799.81
7486	799.85
7487	799.77
7488	799.85
7489	799.81
7490	799.77
7491	799.82
7492	799.85
7493	799.81
7494	799.82
7495	799.85
7496	799.82
7497	799.85
7498	799.82
7499	799.86
7500	799.86
7501	799.78
7502	799.81
7503	799.85
7504	799.8
7505	799.84
7506	799.79
7507	799.83
7508	799.8
7509	799.78
7510	799.82
7511	799.81
7512	799.73
7513	799.77
7514	799.76
7515	799.8
7516	799.76
7517	799.72
7518	799.75
7519	799.79
7520	799.71
7521	799.74
7522	799.79
7523	799.7
7524	799.73
7525	799.78
7526	799.71
7527	799.76
7528	799.7
7529	799.75
7530	799.66
7531	799.68
7532	799.74
7533	799.64
7534	799.66
7535	799.72
7536	799.63
7537	799.7
7538	799.61
7539	799.68
7540	799.55
7541	799.66
7542	799.6
7543	799.64
7544	799.68
7545	799.62
7546	799.57
7547	799.66
7548	799.71
7549	799.71
7550	799.67
7551	799.71
7552	799.72
7553	799.68
7554	799.62
7555	799.68
7556	799.72
7557	799.67
7558	799.68
7559	799.73
7560	799.7
7561	799.78
7562	799.78
7563	799.73
7564	799.76
7565	799.8
7566	799.79
7567	799.74
7568	799.79
7569	799.78
7570	799.74
7571	799.78
7572	799.74
7573	799.74
7574	799.75
7575	799.78
7576	799.74
7577	799.76
7578	799.79
7579	799.76
7580	799.8
7581	799.73
7582	799.77
7583	799.8
7584	799.73
7585	799.8
7586	799.77
7587	799.78
7588	799.77
7589	799.81
7590	799.77
7591	799.81
7592	799.81
7593	799.79
7594	799.81
7595	799.8
7596	799.77
7597	799.75
7598	799.79
7599	799.76
7600	799.78
7601	799.73
7602	799.71
7603	799.71
7604	799.65
7605	799.75
7606	799.76
7607	799.72
7608	799.68
7609	799.77
7610	799.73
7611	799.72
7612	799.77
7613	799.68
7614	799.76
7615	799.78
7616	799.73
7617	799.7
7618	799.76
7619	799.81
7620	799.81
7621	799.74
7622	799.78
7623	799.7
7624	799.73
7625	799.78
7626	799.73
7627	799.77
7628	799.74
7629	799.77
7630	799.76
7631	799.78
7632	799.71
7633	799.76
7634	799.8
7635	799.75
7636	799.79
7637	799.78
7638	799.74
7639	799.74
7640	799.75
7641	799.78
7642	799.74
7643	799.78
7644	799.74
7645	799.7
7646	799.75
7647	799.78
7648	799.71
7649	799.74
7650	799.78
7651	799.74
7652	799.78
7653	799.78
7654	799.7
7655	799.78
7656	799.77
7657	799.73
7658	799.64
7659	799.71
7660	799.65
7661	799.6
7662	799.68
7663	799.58
7664	799.52
7665	799.65
7666	799.45
7667	799.39
7668	799.49
7669	799.56
7670	799.51
7671	793.28
7672	793.35
7673	793.22
7674	793.29
7675	793.25
7676	793.33
7677	793.2
7678	793.24
7679	793.31
7680	793.18
7681	793.18
7682	793.25
7683	793.19
7684	793.31
7685	793.24
7686	793.31
7687	793.19
7688	793.24
7689	793.18
7690	793.31
7691	799.41
7692	799.37
7693	799.38
7694	799.43
7695	799.39
7696	799.49
7697	799.44
7698	799.77
7699	799.8
7700	799.48
7701	799.43
7702	799.54
7703	799.64
7704	799.55
7705	799.52
7706	799.19
7707	799.22
7708	799.18
7709	799.2
7710	799.17
7711	799.4
7712	799.45
7713	793.31
7714	793.24
7715	793.17
7716	799.78
7717	799.81
7718	799.8
7719	799.82
7720	799.75
7721	799.42
7722	799.48
7723	799.54
7724	799.75
7725	799.68
7726	799.83
7727	799.76
7728	799.68
7729	799.83
7730	799.76
7731	799.76
7732	799.68
7733	799.83
7734	799.76
7735	799.75
7736	799.66
7737	799.82
7738	799.75
7739	799.75
7740	799.67
7741	799.82
7742	799.74
7743	799.74
7744	799.74
7745	799.73
7746	799.65
7747	799.8
7748	799.83
7749	799.74
7750	799.67
7751	799.73
7752	799.72
7753	799.64
7754	799.8
7755	799.66
7756	799.81
7757	799.72
7758	799.64
7759	799.8
7760	799.72
7761	799.66
7762	799.81
7763	799.73
7764	799.72
7765	799.8
7766	799.64
7767	799.66
7768	799.81
7769	799.73
7770	799.65
7771	799.8
7772	799.72
7773	799.72
7774	799.72
7775	799.79
7776	799.63
7777	799.65
7778	799.8
7779	799.72
7780	799.64
7781	799.79
7782	799.72
7783	799.71
7784	799.71
7785	799.63
7786	799.79
7787	799.64
7788	799.79
7789	799.71
7790	799.64
7791	799.79
7792	799.71
7793	799.78
7794	799.7
7795	799.63
7796	799.71
7797	799.7
7798	799.71
7799	799.63
7800	799.78
7801	799.63
7802	799.79
7803	799.7
7804	799.63
7805	799.79
7806	799.7
7807	799.78
7808	799.69
7809	799.7
7810	799.63
7811	799.62
7812	799.7
7813	799.7
7814	799.78
7815	799.7
7816	799.7
7817	799.62
7818	799.78
7819	799.78
7820	799.7
7821	799.63
7822	799.7
7823	799.7
7824	799.62
7825	799.77
7826	799.63
7827	799.79
7828	799.7
7829	799.61
7830	799.77
7831	799.7
7832	799.63
7833	799.78
7834	799.7
7835	799.7
7836	799.77
7837	799.61
7838	799.62
7839	799.78
7840	799.69
7841	799.62
7842	799.77
7843	799.69
7844	799.69
7845	799.69
7846	799.61
7847	799.77
7848	799.77
7849	799.63
7850	799.69
7851	799.62
7852	799.77
7853	799.69
7854	799.62
7855	799.77
7856	799.69
7857	799.69
7858	799.7
7859	799.69
7860	799.61
7861	799.77
7862	799.63
7863	799.78
7864	799.7
7865	799.62
7866	799.77
7867	799.69
7868	799.68
7869	799.68
7870	799.6
7871	799.76
7872	799.62
7873	799.77
7874	799.69
7875	799.62
7876	799.77
7877	799.69
7878	799.77
7879	799.7
7880	799.69
7881	799.62
7882	799.62
7883	799.68
7884	799.69
7885	799.76
7886	799.69
7887	799.69
7888	799.61
7889	799.76
7890	799.77
7891	799.68
7892	799.61
7893	799.69
7894	799.69
7895	799.6
7896	799.76
7897	799.62
7898	799.77
7899	799.69
7900	799.68
7901	799.6
7902	799.76
7903	799.62
7904	799.77
7905	799.61
7906	799.76
7907	799.68
7908	799.61
7909	799.76
7910	799.68
7911	799.68
7912	799.61
7913	799.77
7914	799.68
7915	799.69
7916	799.68
7917	799.68
7918	799.61
7919	799.76
7920	799.61
7921	799.76
7922	799.68
7923	799.61
7924	799.76
7925	799.68
7926	799.68
7927	799.69
7928	799.6
7929	799.76
7930	799.61
7931	799.76
7932	799.68
7933	799.62
7934	799.77
7935	799.68
7936	799.61
7937	799.76
7938	799.68
7939	799.68
7940	799.61
7941	799.76
7942	799.68
7943	799.68
7944	799.61
7945	799.68
7946	799.68
7947	799.76
7948	799.76
7949	799.67
7950	799.6
7951	799.68
7952	799.61
7953	799.67
7954	799.68
7955	799.76
7956	799.75
7957	799.68
7958	799.61
7959	799.68
7960	799.6
7961	799.68
7962	799.68
7963	799.75
7964	799.76
7965	799.68
7966	799.61
7967	799.68
7968	799.6
7969	799.68
7970	799.68
7971	799.75
7972	799.76
7973	799.68
7974	799.61
7975	799.68
7976	799.61
7977	799.67
7978	799.68
7979	799.76
7980	799.68
7981	799.68
7982	799.6
7983	799.75
7984	799.75
7985	799.67
7986	799.6
7987	799.68
7988	799.68
7989	799.6
7990	799.75
7991	799.61
7992	799.76
7993	799.68
7994	799.6
7995	799.75
7996	799.68
7997	799.6
7998	799.76
7999	799.68
8000	799.67
8001	799.59
8002	799.75
8003	799.61
8004	799.76
8005	799.68
8006	799.6
8007	799.75
8008	799.67
8009	799.6
8010	799.75
8011	799.67
8012	799.67
8013	799.59
8014	799.75
8015	799.67
8016	799.67
8017	799.59
8018	799.67
8019	799.67
8020	799.74
8021	799.59
8022	799.75
8023	799.68
8024	799.68
8025	799.59
8026	799.74
8027	799.68
8028	799.67
8029	799.59
8030	799.75
8031	799.67
8032	799.67
8033	799.59
8034	799.74
8035	799.67
8036	799.67
8037	799.77
8038	799.71
8039	799.69
8040	799.75
8041	799.78
8042	799.82
8043	799.79
8044	799.72
8045	799.81
8046	799.84
8047	799.86
8048	799.84
8049	799.85
8050	799.88
8051	799.88
8052	799.88
8053	799.84
8054	799.86
8055	799.82
8056	799.83
8057	799.86
8058	799.82
8059	799.82
8060	799.82
8061	799.82
8062	799.86
8063	799.86
8064	799.82
8065	799.86
8066	799.82
8067	799.78
8068	799.87
8069	799.83
8070	799.82
8071	799.86
8072	799.83
8073	799.82
8074	799.85
8075	799.81
8076	799.81
8077	799.83
8078	799.84
8079	799.87
8080	799.86
8081	799.82
8082	799.83
8083	799.81
8084	799.86
8085	799.87
8086	799.85
8087	799.76
8088	799.81
8089	799.85
8090	799.81
8091	799.81
8092	799.85
8093	799.8
8094	799.81
8095	799.85
8096	799.81
8097	799.76
8098	799.8
8099	799.86
8100	799.82
8101	799.83
8102	799.83
8103	799.84
8104	799.87
8105	799.8
8106	799.87
8107	799.83
8108	799.79
8109	799.83
8110	799.88
8111	799.88
8112	799.86
8113	799.83
8114	799.88
8115	799.84
8116	799.84
8117	799.87
8118	799.84
8119	799.8
8120	799.84
8121	799.87
8122	799.83
8123	799.83
8124	799.86
8125	799.83
8126	799.83
8127	799.86
8128	799.82
8129	799.82
8130	799.78
8131	799.82
8132	799.82
8133	799.86
8134	799.86
8135	799.82
8136	799.78
8137	799.83
8138	799.86
8139	799.87
8140	799.86
8141	799.84
8142	799.81
8143	799.84
8144	799.81
8145	799.79
8146	799.76
8147	799.83
8148	799.73
8149	799.78
8150	799.78
8151	799.83
8152	799.78
8153	799.78
8154	799.73
8155	799.82
8156	799.78
8157	799.77
8158	799.82
8159	799.77
8160	799.76
8161	799.8
8162	799.73
8163	799.75
8164	799.78
8165	799.72
8166	799.71
8167	799.65
8168	799.72
8169	799.73
8170	799.79
8171	799.78
8172	799.71
8173	799.65
8174	799.75
8175	799.76
8176	799.81
8177	799.8
8178	799.83
8179	799.78
8180	799.8
8181	799.82
8182	799.86
8183	799.85
8184	799.79
8185	799.86
8186	799.82
8187	799.84
8188	799.84
8189	799.88
8190	799.88
8191	799.83
8192	799.88
8193	799.85
8194	799.8
8195	799.86
8196	799.87
8197	799.9
8198	799.9
8199	799.85
8200	799.91
8201	799.83
8202	799.87
8203	799.88
8204	799.89
8205	799.92
8206	799.91
8207	799.88
8208	799.89
8209	799.89
8210	799.92
8211	799.92
8212	799.92
8213	799.89
8214	799.92
8215	799.89
8216	799.89
8217	799.85
8218	799.92
8219	799.89
8220	799.89
8221	799.93
8222	799.9
8223	799.89
8224	799.93
8225	799.89
8226	799.89
8227	799.89
8228	799.89
8229	799.93
8230	799.85
8231	799.95
8232	799.91
8233	799.87
8234	799.91
8235	799.92
8236	799.93
8237	799.96
8238	799.95
8239	799.91
8240	799.93
8241	799.94
8242	799.97
8243	799.97
8244	799.9
8245	799.93
8246	799.92
8247	799.96
8248	799.97
8249	799.96
8250	799.88
8251	799.92
8252	799.92
8253	799.93
8254	799.96
8255	799.96
8256	799.92
8257	799.93
8258	799.93
8259	799.97
8260	799.89
8261	799.97
8262	799.89
8263	799.97
8264	799.93
8265	799.89
8266	799.98
8267	799.94
8268	799.94
8269	799.98
8270	799.94
8271	799.95
8272	799.99
8273	799.95
8274	799.95
8275	799.99
8276	800.
8277	799.96
8278	799.96
8279	799.97
8280	800.
8281	799.99
8282	799.94
8283	799.91
8284	800.01
8285	799.97
8286	799.98
8287	799.98
8288	800.01
8289	800.01
8290	799.97
8291	799.98
8292	799.97
8293	800.01
8294	800.02
8295	799.94
8296	799.92
8297	799.99
8298	800.
8299	799.92
8300	799.89
8301	799.89
8302	799.94
8303	799.96
8304	799.96
8305	799.9
8306	799.98
8307	799.9
8308	799.91
8309	799.99
8310	799.92
8311	799.93
8312	800.01
8313	799.95
8314	799.94
8315	799.98
8316	800.
8317	800.05
8318	799.93
8319	800.03
8320	799.96
8321	800.06
8322	800.02
8323	800.06
8324	800.08
8325	800.12
8326	800.1
8327	800.03
8328	800.15
8329	800.11
8330	800.21
8331	800.17
8332	800.14
8333	800.27
8334	800.31
8335	800.34
8336	800.3
8337	800.19
8338	800.22
8339	800.39
8340	800.3
8341	800.37
8342	800.49
8343	800.46
8344	800.42
8345	800.39
8346	800.55
8347	800.49
8348	800.51
8349	800.54
8350	800.55
8351	800.6
8352	800.58
8353	800.53
8354	800.6
8355	800.56
8356	800.62
8357	800.58
8358	800.57
8359	800.53
8360	800.6
8361	800.62
8362	800.66
8363	800.64
8364	800.59
8365	800.67
8366	800.63
8367	800.65
8368	800.66
8369	800.7
8370	800.69
8371	800.64
8372	800.67
8373	800.68
8374	800.72
8375	800.71
8376	800.69
8377	800.7
8378	800.74
8379	800.73
8380	800.75
8381	800.71
8382	800.76
8383	800.72
8384	800.71
8385	800.79
8386	800.74
8387	800.75
8388	800.76
8389	800.76
8390	800.8
8391	800.8
8392	800.76
8393	800.76
8394	800.77
8395	800.81
8396	800.8
8397	800.77
8398	800.77
8399	800.81
8400	800.81
8401	800.78
8402	800.77
8403	800.82
8404	800.82
8405	800.81
8406	800.73
8407	800.77
8408	800.77
8409	800.76
8410	800.82
8411	800.83
8412	800.77
8413	800.71
8414	800.76
8415	800.76
8416	800.81
8417	800.81
8418	800.74
8419	800.74
8420	800.78
8421	800.8
8422	800.74
8423	800.73
8424	800.78
8425	800.78
8426	800.69
8427	800.75
8428	800.72
8429	800.75
8430	800.72
8431	800.73
8432	800.77
8433	800.74
8434	800.74
8435	800.78
8436	800.81
8437	800.78
8438	800.83
8439	800.88
8440	800.91
8441	800.84
8442	800.87
8443	800.86
8444	800.91
8445	800.94
8446	800.83
8447	800.84
8448	800.81
8449	800.86
8450	800.88
8451	801.06
8452	801.1
8453	802.03
8454	801.82
8455	801.77
8456	802.98
8457	803.64
8458	803.61
8459	802.76
8460	802.41
8461	803.43
8462	802.62
8463	803.52
8464	804.41
8465	803.36
8466	804.
8467	802.54
8468	801.84
8469	800.77
8470	801.08
8471	800.47
8472	799.88
8473	799.4
8474	799.96
8475	798.35
8476	798.67
8477	798.12
8478	797.37
8479	797.7
8480	797.48
8481	796.66
8482	796.72
8483	796.56
8484	796.4
8485	796.31
8486	796.43
8487	796.2
8488	796.2
8489	796.11
8490	795.94
8491	795.86
8492	795.96
8493	796.03
8494	796.02
8495	795.88
8496	795.79
8497	795.76
8498	795.73
8499	795.66
8500	795.63
8501	795.64
8502	795.55
8503	795.6
8504	795.51
8505	795.55
8506	795.51
8507	795.46
8508	795.46
8509	795.37
8510	795.42
8511	795.38
8512	795.33
8513	795.29
8514	795.3
8515	795.21
8516	795.25
8517	795.22
8518	795.17
8519	795.13
8520	795.08
8521	795.14
8522	795.05
8523	795.09
8524	795.07
8525	795.01
8526	794.93
8527	794.98
8528	794.99
8529	794.94
8530	794.9
8531	794.81
8532	794.77
8533	794.86
8534	794.85
8535	794.9
8536	794.82
8537	794.69
8538	794.73
8539	794.74
8540	794.69
8541	794.66
8542	794.61
8543	794.59
8544	794.55
8545	794.64
8546	794.5
8547	794.67
8548	794.62
8549	794.6
8550	794.52
8551	794.46
8552	794.43
8553	794.51
8554	794.54
8555	794.49
8556	794.4
8557	794.37
8558	794.45
8559	794.48
8560	794.42
8561	794.34
8562	794.36
8563	794.28
8564	794.31
8565	794.29
8566	794.21
8567	794.24
8568	794.23
8569	794.15
8570	794.18
8571	794.13
8572	794.07
8573	794.05
8574	794.07
8575	794.02
8576	793.94
8577	794.
8578	793.95
8579	793.93
8580	794.01
8581	794.03
8582	793.97
8583	793.98
8584	793.85
8585	793.9
8586	793.86
8587	793.84
8588	793.91
8589	793.94
8590	793.88
8591	793.89
8592	793.76
8593	793.81
8594	793.84
8595	793.77
8596	793.71
8597	793.79
8598	793.73
8599	793.71
8600	793.78
8601	793.65
8602	793.8
8603	793.75
8604	793.76
8605	793.69
8606	793.73
8607	793.66
8608	793.6
8609	793.68
8610	793.7
8611	793.64
8612	793.63
8613	793.6
8614	793.58
8615	793.66
8616	793.67
8617	793.61
8618	793.64
8619	793.56
8620	793.51
8621	793.61
8622	793.53
8623	793.55
8624	793.48
8625	793.58
8626	793.52
8627	793.51
8628	793.48
8629	793.47
8630	793.54
8631	793.55
8632	793.49
8633	793.42
8634	793.46
8635	793.45
8636	793.52
8637	793.39
8638	793.53
8639	793.51
8640	793.45
8641	793.5
8642	793.43
8643	793.45
8644	793.38
8645	793.47
8646	793.4
8647	793.41
8648	793.44
8649	793.38
8650	793.38
8651	793.44
8652	793.37
8653	793.37
8654	793.05
8655	793.11
8656	793.12
8657	793.07
8658	793.13
8659	793.13
8660	793.07
8661	793.14
8662	793.13
8663	793.1
8664	793.17
8665	793.15
8666	793.13
8667	793.18
8668	793.19
8669	793.26
8670	793.14
8671	793.2
8672	793.26
8673	793.2
8674	793.16
8675	793.21
8676	793.23
8677	793.18
8678	793.24
8679	793.25
8680	793.31
8681	793.21
8682	793.28
8683	793.26
8684	793.24
8685	793.31
8686	793.29
8687	793.27
8688	793.32
8689	793.34
8690	793.3
8691	793.37
8692	793.35
8693	793.43
8694	793.36
8695	793.42
8696	793.44
8697	793.49
8698	793.4
8699	793.47
8700	793.52
8701	793.45
8702	793.44
8703	793.49
8704	793.51
8705	793.56
8706	793.55
8707	793.57
8708	793.5
8709	793.63
8710	793.48
8711	793.53
8712	793.52
8713	793.6
8714	793.57
8715	793.64
8716	793.62
8717	793.7
8718	793.61
8719	793.67
8720	793.69
8721	793.74
8722	793.76
8723	793.69
8724	793.81
8725	793.66
8726	793.71
8727	793.79
8728	793.7
8729	793.78
8730	793.83
8731	793.76
8732	793.83
8733	793.81
8734	793.88
8735	793.81
8736	793.86
8737	793.89
8738	793.94
8739	793.95
8740	793.98
8741	793.9
8742	793.87
8743	793.92
8744	794.
8745	793.93
8746	794.01
8747	793.99
8748	794.04
8749	794.07
8750	794.12
8751	794.05
8752	794.13
8753	794.1
8754	794.12
8755	794.17
8756	794.2
8757	794.18
8758	794.26
8759	794.23
8760	794.31
8761	794.24
8762	794.37
8763	794.29
8764	794.32
8765	794.31
8766	794.39
8767	794.36
8768	794.38
8769	794.43
8770	794.47
8771	794.51
8772	794.46
8773	794.55
8774	794.51
8775	794.54
8776	794.58
8777	794.67
8778	794.62
8779	794.62
8780	794.66
8781	794.7
8782	794.78
8783	794.73
8784	794.82
8785	794.74
8786	794.7
8787	795.02
8788	795.07
8789	794.98
8790	794.94
8791	794.98
8792	795.02
8793	795.11
8794	795.21
8795	795.25
8796	795.3
8797	795.6
8798	795.7
8799	795.62
8800	795.77
8801	795.79
8802	795.89
8803	796.27
8804	796.25
8805	796.41
8806	796.65
8807	796.59
8808	796.8
8809	797.14
8810	797.22
8811	797.05
8812	797.34
8813	797.82
8814	798.08
8815	797.68
8816	798.68
8817	798.53
8818	799.03
8819	800.04
8820	800.53
8821	800.15
8822	799.67
8823	799.54
8824	800.64
8825	801.
8826	801.29
8827	801.55
8828	801.34
8829	801.56
8830	801.67
8831	801.7
8832	801.51
8833	801.53
8834	801.64
8835	801.28
8836	801.15
8837	801.18
8838	801.3
8839	801.41
8840	801.03
8841	800.93
8842	800.95
8843	801.06
8844	800.84
8845	800.76
8846	800.77
8847	800.86
8848	800.69
8849	800.64
8850	800.64
8851	800.69
8852	800.7
8853	800.59
8854	800.59
8855	800.64
8856	800.5
8857	800.52
8858	800.55
8859	800.47
8860	800.46
8861	800.42
8862	800.44
8863	800.49
8864	800.41
8865	800.44
8866	800.49
8867	800.38
8868	800.43
8869	800.42
8870	800.4
8871	800.39
8872	800.35
8873	800.36
8874	800.41
8875	800.38
8876	800.38
8877	800.34
8878	800.34
8879	800.43
8880	800.34
8881	800.38
8882	800.33
8883	800.38
8884	800.38
8885	800.33
8886	800.38
8887	800.37
8888	800.36
8889	800.35
8890	800.31
8891	800.32
8892	800.41
8893	800.36
8894	800.34
8895	800.34
8896	800.3
8897	800.3
8898	800.33
8899	800.29
8900	800.33
8901	800.29
8902	800.32
8903	800.31
8904	800.27
8905	800.28
8906	800.33
8907	800.26
8908	800.3
8909	800.24
8910	800.29
8911	800.29
8912	800.27
8913	800.25
8914	800.21
8915	800.23
8916	800.28
8917	800.23
8918	800.22
8919	800.18
8920	800.2
8921	800.16
8922	800.2
8923	800.13
8924	800.23
8925	800.19
8926	800.17
8927	800.11
8928	800.16
8929	800.14
8930	800.06
8931	800.09
8932	800.12
8933	800.01
8934	800.04
8935	800.07
8936	800.1
8937	799.96
8938	800.02
8939	800.
8940	799.96
8941	799.9
8942	799.94
8943	800.01
8944	799.91
8945	799.98
8946	799.85
8947	799.83
8948	799.78
8949	799.88
8950	799.81
8951	799.76
8952	799.8
8953	799.71
8954	799.78
8955	799.76
8956	799.68
8957	799.74
8958	799.73
8959	799.65
8960	799.71
8961	799.7
8962	799.63
8963	799.69
8964	799.69
8965	799.67
8966	799.65
8967	799.6
8968	799.62
8969	799.68
8970	799.58
8971	799.64
8972	799.64
8973	799.62
8974	799.58
8975	799.58
8976	799.64
8977	799.59
8978	799.56
8979	799.53
8980	799.55
8981	799.54
8982	799.52
8983	799.49
8984	799.51
8985	799.48
8986	799.51
8987	799.5
8988	799.5
8989	799.47
8990	799.54
8991	799.47
8992	799.51
8993	799.5
8994	799.5
8995	799.46
8996	799.47
8997	799.54
8998	799.46
8999	799.53
9000	799.49
9001	799.49
9002	799.49
9003	799.45
9004	799.46
9005	799.49
9006	799.48
9007	799.48
9008	799.45
9009	799.45
9010	799.48
9011	799.48
9012	799.44
9013	799.44
9014	799.52
9015	799.44
9016	799.47
9017	799.47
9018	799.47
9019	799.43
9020	799.43
9021	799.46
9022	799.47
9023	799.42
9024	799.46
9025	799.46
9026	799.49
9027	799.45
9028	799.45
9029	799.42
9030	799.42
9031	799.46
9032	799.45
9033	799.45
9034	799.42
9035	799.42
9036	799.49
9037	799.42
9038	799.45
9039	799.43
9040	799.44
9041	799.4
9042	799.39
9043	799.38
9044	799.42
9045	799.39
9046	799.42
9047	799.43
9048	799.39
9049	799.43
9050	799.43
9051	799.39
9052	799.43
9053	799.46
9054	799.42
9055	799.38
9056	799.41
9057	799.42
9058	799.46
9059	799.36
9060	799.39
9061	799.4
9062	799.38
9063	799.38
9064	799.35
9065	799.39
9066	799.42
9067	799.35
9068	799.38
9069	799.37
9070	799.34
9071	799.41
9072	799.35
9073	799.41
9074	799.37
9075	799.36
9076	799.33
9077	799.34
9078	799.36
9079	799.36
9080	799.32
9081	799.32
9082	799.35
9083	799.34
9084	799.31
9085	799.32
9086	799.3
9087	799.33
9088	799.31
9089	799.3
9090	799.27
9091	799.28
9092	799.32
9093	799.28
9094	799.27
9095	799.24
9096	799.26
9097	799.25
9098	799.25
9099	799.21
9100	799.23
9101	799.23
9102	799.2
9103	799.18
9104	799.24
9105	799.21
9106	799.29
9107	799.15
9108	799.18
9109	799.15
9110	799.16
9111	799.12
9112	799.16
9113	799.08
9114	799.11
9115	799.13
9116	799.03
9117	799.02
9118	799.08
9119	799.07
9120	793.16
9121	793.07
9122	793.02
9123	793.1
9124	799.39
9125	799.35
9126	799.07
9127	799.02
9128	799.03
9129	799.08
9130	799.12
9131	799.18
9132	799.14
9133	799.23
9134	799.25
9135	799.2
9136	799.18
9137	799.21
9138	799.26
9139	799.27
9140	799.22
9141	799.31
9142	799.21
9143	799.23
9144	799.28
9145	799.32
9146	799.24
9147	799.32
9148	799.29
9149	799.28
9150	799.26
9151	799.3
9152	799.3
9153	799.26
9154	799.29
9155	799.29
9156	799.31
9157	799.33
9158	799.29
9159	799.27
9160	799.29
9161	799.3
9162	799.34
9163	799.34
9164	799.34
9165	799.31
9166	799.38
9167	799.34
9168	799.3
9169	799.38
9170	799.31
9171	799.34
9172	799.31
9173	799.34
9174	799.34
9175	799.31
9176	799.34
9177	799.34
9178	799.37
9179	799.31
9180	799.35
9181	799.35
9182	799.32
9183	799.36
9184	799.35
9185	799.36
9186	799.35
9187	799.32
9188	799.32
9189	799.36
9190	799.36
9191	799.32
9192	799.32
9193	799.33
9194	799.37
9195	799.41
9196	799.36
9197	799.36
9198	799.32
9199	799.39
9200	799.33
9201	799.37
9202	799.37
9203	799.38
9204	799.34
9205	799.32
9206	799.39
9207	799.38
9208	799.37
9209	799.33
9210	799.34
9211	799.33
9212	799.36
9213	799.32
9214	799.36
9215	799.36
9216	799.38
9217	799.38
9218	799.34
9219	799.34
9220	799.42
9221	799.37
9222	799.34
9223	799.38
9224	799.32
9225	799.35
9226	799.35
9227	799.37
9228	799.34
9229	799.37
9230	799.37
9231	799.37
9232	799.33
9233	799.4
9234	799.33
9235	799.33
9236	799.37
9237	799.4
9238	799.36
9239	799.37
9240	799.33
9241	799.32
9242	799.36
9243	799.35
9244	799.32
9245	799.35
9246	799.35
9247	799.38
9248	799.33
9249	799.36
9250	799.67
9251	799.75
9252	799.83
9253	793.38
9254	793.44
9255	793.37
9256	793.3
9257	793.22
9258	799.1
9259	799.05
9260	799.13
9261	799.16
9262	799.08
9263	799.12
9264	799.21
9265	799.18
9266	799.26
9267	799.59
9268	799.67
9269	799.6
9270	799.52
9271	799.6
9272	799.51
9273	799.61
9274	799.53
9275	799.6
9276	799.53
9277	799.69
9278	799.61
9279	799.52
9280	799.61
9281	799.54
9282	799.69
9283	799.6
9284	799.52
9285	799.59
9286	799.53
9287	799.68
9288	799.59
9289	799.51
9290	799.59
9291	799.52
9292	799.67
9293	799.59
9294	799.51
9295	799.51
9296	799.66
9297	799.59
9298	799.58
9299	799.5
9300	799.58
9301	799.58
9302	799.51
9303	799.58
9304	799.49
9305	799.58
9306	799.51
9307	799.57
9308	799.49
9309	799.57
9310	799.5
9311	799.65
9312	799.58
9313	799.5
9314	799.65
9315	799.5
9316	799.57
9317	799.57
9318	799.5
9319	799.57
9320	799.57
9321	799.49
9322	799.64
9323	799.49
9324	799.56
9325	799.57
9326	799.49
9327	799.56
9328	799.56
9329	799.49
9330	799.64
9331	799.56
9332	799.49
9333	799.56
9334	799.47
9335	799.56
9336	799.48
9337	799.47
9338	799.55
9339	799.63
9340	799.55
9341	799.47
9342	799.62
9343	799.55
9344	799.56
9345	799.48
9346	799.56
9347	799.48
9348	799.55
9349	799.48
9350	799.46
9351	799.61
9352	799.55
9353	799.54
9354	799.46
9355	799.61
9356	799.55
9357	799.54
9358	799.47
9359	799.46
9360	799.62
9361	799.54
9362	799.55
9363	799.47
9364	799.55
9365	799.55
9366	799.48
9367	799.54
9368	799.46
9369	799.54
9370	799.47
9371	799.54
9372	799.46
9373	799.54
9374	799.47
9375	799.63
9376	799.54
9377	799.46
9378	799.61
9379	799.47
9380	799.54
9381	799.54
9382	799.47
9383	799.54
9384	799.46
9385	799.54
9386	799.61
9387	799.54
9388	799.46
9389	799.55
9390	799.54
9391	799.47
9392	799.54
9393	799.46
9394	799.62
9395	799.54
9396	799.47
9397	799.55
9398	799.46
9399	799.61
9400	799.54
9401	799.47
9402	799.54
9403	799.45
9404	799.54
9405	799.46
9406	799.54
9407	799.46
9408	799.61
9409	799.53
9410	799.46
9411	799.54
9412	799.44
9413	799.54
9414	799.47
9415	799.46
9416	799.62
9417	799.54
9418	799.54
9419	799.45
9420	799.6
9421	799.54
9422	799.54
9423	799.47
9424	799.46
9425	799.6
9426	799.53
9427	799.54
9428	799.46
9429	799.53
9430	799.54
9431	799.47
9432	799.53
9433	799.45
9434	799.53
9435	799.46
9436	799.53
9437	799.45
9438	799.53
9439	799.46
9440	799.53
9441	799.46
9442	799.6
9443	799.53
9444	799.46
9445	799.53
9446	799.45
9447	799.6
9448	799.53
9449	799.46
9450	799.53
9451	799.44
9452	799.6
9453	799.53
9454	799.46
9455	799.54
9456	799.46
9457	799.53
9458	799.46
9459	799.53
9460	799.45
9461	799.61
9462	799.53
9463	799.46
9464	799.53
9465	799.45
9466	799.53
9467	799.47
9468	799.53
9469	799.45
9470	799.6
9471	799.53
9472	799.45
9473	799.53
9474	799.45
9475	799.6
9476	799.53
9477	799.46
9478	799.53
9479	799.45
9480	799.61
9481	799.53
9482	799.46
9483	799.45
9484	799.53
9485	799.6
9486	799.52
9487	799.44
9488	799.59
9489	799.52
9490	799.53
9491	799.46
9492	799.45
9493	799.53
9494	799.6
9495	799.53
9496	799.45
9497	799.6
9498	799.53
9499	799.52
9500	799.45
9501	799.44
9502	799.53
9503	799.6
9504	799.53
9505	799.45
9506	799.6
9507	799.53
9508	799.53
9509	799.45
9510	799.45
9511	799.53
9512	799.6
9513	799.53
9514	799.45
9515	799.6
9516	799.53
9517	799.52
9518	799.45
9519	799.43
9520	799.58
9521	799.52
9522	799.53
9523	799.44
9524	799.52
9525	799.53
9526	799.46
9527	799.52
9528	799.44
9529	799.52
9530	799.45
9531	799.53
9532	799.44
9533	799.53
9534	799.46
9535	799.6
9536	799.53
9537	799.44
9538	799.6
9539	799.52
9540	799.45
9541	799.52
9542	799.44
9543	799.52
9544	799.46
9545	799.52
9546	799.44
9547	799.58
9548	799.52
9549	799.45
9550	799.52
9551	799.45
9552	799.6
9553	799.52
9554	799.44
9555	799.52
9556	799.45
9557	799.61
9558	799.44
9559	799.52
9560	799.52
9561	799.44
9562	799.52
9563	799.52
9564	799.45
9565	799.61
9566	799.52
9567	799.44
9568	799.52
9569	799.45
9570	799.6
9571	799.52
9572	799.44
9573	799.52
9574	799.45
9575	799.6
9576	799.52
9577	799.44
9578	799.51
9579	799.45
9580	799.59
9581	799.51
9582	799.44
9583	799.59
9584	799.49
9585	799.44
9586	799.6
9587	799.46
9588	799.4
9589	799.44
9590	799.39
9591	799.41
9592	799.37
9593	799.43
9594	799.75
9595	799.83
9596	799.67
9597	799.51
9598	799.61
9599	793.39
9600	793.46
9601	799.76
9602	799.82
9603	799.34
9604	799.33
9605	799.31
9606	799.34
9607	799.35
9608	799.36
9609	799.37
9610	799.37
9611	799.36
9612	799.37
9613	799.37
9614	799.37
9615	799.37
9616	799.37
9617	799.38
9618	799.38
9619	799.45
9620	799.37
9621	799.37
9622	799.37
9623	799.37
9624	799.37
9625	799.37
9626	799.37
9627	799.37
9628	799.37
9629	799.37
9630	799.37
9631	799.37
9632	799.37
9633	799.37
9634	799.37
9635	799.37
9636	799.36
9637	799.45
9638	799.37
9639	799.37
9640	799.37
9641	799.37
9642	799.46
9643	799.37
9644	799.38
9645	799.38
9646	799.37
9647	799.45
9648	799.37
9649	799.38
9650	799.38
9651	799.37
9652	799.45
9653	799.37
9654	799.37
9655	799.37
9656	799.38
9657	799.45
9658	799.38
9659	799.38
9660	799.38
9661	799.38
9662	799.38
9663	799.37
9664	799.38
9665	799.38
9666	799.38
9667	799.38
9668	799.38
9669	799.38
9670	799.38
9671	799.37
9672	799.37
9673	799.38
9674	799.38
9675	799.39
9676	799.39
9677	799.38
9678	799.38
9679	799.38
9680	799.38
9681	799.38
9682	799.38
9683	799.38
9684	799.46
9685	799.39
9686	799.38
9687	799.38
9688	799.39
9689	799.47
9690	799.39
9691	799.38
9692	799.38
9693	799.39
9694	799.39
9695	799.38
9696	799.38
9697	799.39
9698	799.39
9699	799.39
9700	799.39
9701	799.38
9702	799.39
9703	799.39
9704	799.47
9705	799.39
9706	799.38
9707	799.38
9708	799.45
9709	799.38
9710	799.39
9711	799.39
9712	799.38
9713	799.39
9714	799.39
9715	799.4
9716	799.4
9717	799.39
9718	799.47
9719	799.39
9720	799.39
9721	799.39
9722	799.39
9723	799.48
9724	799.39
9725	799.4
9726	799.4
9727	799.4
9728	799.4
9729	799.4
9730	799.48
9731	799.4
9732	799.4
9733	799.4
9734	799.41
9735	799.41
9736	799.41
9737	799.41
9738	799.48
9739	799.41
9740	799.42
9741	799.42
9742	799.42
9743	799.49
9744	799.42
9745	799.43
9746	799.42
9747	799.42
9748	799.42
9749	799.42
9750	799.43
9751	799.44
9752	799.44
9753	799.52
9754	799.43
9755	799.44
9756	799.44
9757	799.45
9758	799.45
9759	799.45
9760	799.45
9761	799.45
9762	799.45
9763	799.44
9764	799.44
9765	799.44
9766	799.44
9767	799.24
9768	799.18
9769	799.18
9770	799.24
9771	793.13
9772	793.
9773	792.98
9774	793.29
9775	793.48
9776	799.29
9777	799.28
9778	799.29
9779	799.32
9780	799.28
9781	799.31
9782	799.28
9783	799.31
9784	799.28
9785	799.29
9786	799.32
9787	799.29
9788	799.33
9789	799.29
9790	799.29
9791	799.33
9792	799.29
9793	799.29
9794	799.29
9795	799.3
9796	799.3
9797	799.33
9798	799.29
9799	799.28
9800	799.29
9801	799.28
9802	799.31
9803	799.29
9804	799.31
9805	799.3
9806	799.34
9807	799.3
9808	799.3
9809	799.29
9810	799.29
9811	799.33
9812	799.29
9813	799.29
9814	799.29
9815	799.3
9816	799.3
9817	799.29
9818	799.29
9819	799.29
9820	799.29
9821	799.29
9822	799.33
9823	799.29
9824	799.28
9825	799.28
9826	799.29
9827	799.28
9828	799.28
9829	799.32
9830	799.28
9831	799.28
9832	799.32
9833	799.28
9834	799.27
9835	799.31
9836	799.27
9837	799.27
9838	799.31
9839	799.27
9840	799.27
9841	799.31
9842	799.27
9843	799.27
9844	799.26
9845	799.3
9846	799.26
9847	799.25
9848	799.24
9849	799.23
9850	799.23
9851	799.26
9852	799.22
9853	799.22
9854	799.25
9855	799.22
9856	799.21
9857	799.25
9858	799.2
9859	799.19
9860	799.2
9861	799.17
9862	799.16
9863	799.14
9864	799.12
9865	799.1
9866	799.15
9867	799.07
9868	799.05
9869	799.1
9870	799.03
9871	799.
9872	798.99
9873	798.98
9874	798.97
9875	799.
9876	799.03
9877	799.06
9878	799.06
9879	799.1
9880	799.08
9881	799.11
9882	799.13
9883	799.1
9884	799.13
9885	799.16
9886	799.17
9887	799.19
9888	799.2
9889	799.21
9890	799.23
9891	799.24
9892	799.25
9893	799.26
9894	799.29
9895	799.27
9896	799.28
9897	799.28
9898	799.29
9899	799.29
9900	799.3
9901	799.3
9902	799.31
9903	799.31
9904	799.32
9905	799.33
9906	799.36
9907	799.32
9908	799.33
9909	799.34
9910	799.37
9911	799.34
9912	799.35
9913	799.38
9914	799.35
9915	799.35
9916	799.35
9917	799.35
9918	799.39
9919	799.36
9920	799.36
9921	799.4
9922	799.36
9923	799.39
9924	799.36
9925	799.37
9926	799.41
9927	799.37
9928	799.38
9929	799.41
9930	799.38
9931	799.41
9932	799.38
9933	799.38
9934	799.38
9935	799.38
9936	799.39
9937	799.39
9938	799.42
9939	799.39
9940	799.4
9941	799.39
9942	799.43
9943	799.4
9944	799.4
9945	799.44
9946	799.4
9947	799.41
9948	799.41
9949	799.41
9950	799.41
9951	799.42
9952	799.42
9953	799.42
9954	799.42
9955	799.46
9956	799.43
9957	799.43
9958	799.43
9959	799.43
9960	799.43
9961	799.44
9962	799.47
9963	799.45
9964	799.46
9965	799.47
9966	799.49
9967	799.51
9968	799.52
9969	799.52
9970	799.52
9971	799.58
9972	799.53
9973	799.55
9974	799.56
9975	799.56
9976	799.62
9977	799.57
9978	799.59
9979	799.64
9980	799.6
9981	799.61
9982	799.66
9983	799.63
9984	799.65
9985	799.69
9986	799.67
9987	799.69
9988	799.73
9989	799.71
9990	799.73
9991	799.79
9992	799.84
9993	799.76
9994	799.82
9995	799.87
9996	799.85
9997	799.88
9998	799.9
9999	799.94
10000	799.93
10001	799.96
10002	799.99
10003	799.98
10004	800.01
10005	800.04
10006	800.03
10007	800.05
10008	800.08
10009	800.07
10010	800.08
10011	800.12
10012	800.1
10013	800.11
10014	800.15
10015	800.13
10016	800.14
10017	800.16
10018	800.17
10019	800.18
10020	800.19
10021	800.24
10022	800.2
10023	800.21
10024	800.25
10025	800.22
10026	800.23
10027	800.24
10028	800.24
10029	800.29
10030	800.25
10031	800.29
10032	800.25
10033	800.25
10034	800.26
10035	800.27
10036	800.27
10037	800.28
10038	800.28
10039	800.32
10040	800.29
10041	800.29
10042	800.33
10043	800.29
10044	800.29
10045	800.34
10046	800.3
10047	800.3
10048	800.3
10049	800.31
10050	800.32
10051	800.33
10052	800.37
10053	800.34
10054	800.35
10055	800.39
10056	800.37
10057	800.39
10058	800.42
10059	800.45
10060	800.47
10061	800.48
10062	800.53
10063	800.54
10064	800.58
10065	800.64
10066	800.71
10067	800.79
10068	800.88
10069	800.98
10070	801.09
10071	801.2
10072	801.31
10073	801.4
10074	801.41
10075	801.46
10076	801.47
10077	801.57
10078	801.41
10079	801.26
10080	801.47
10081	801.03
10082	800.7
10083	801.03
10084	800.27
10085	799.78
10086	799.27
10087	798.8
10088	799.15
10089	798.37
10090	797.96
10091	798.24
10092	797.58
10093	797.24
10094	797.46
10095	796.95
10096	796.7
10097	796.88
10098	796.49
10099	796.3
10100	796.45
10101	796.14
10102	796.
10103	796.13
10104	795.87
10105	795.99
10106	795.76
10107	795.88
10108	795.66
10109	795.57
10110	795.68
10111	795.49
10112	795.42
10113	795.52
10114	795.35
10115	795.45
10116	795.29
10117	795.38
10118	795.23
10119	795.32
10120	795.17
10121	795.26
10122	795.12
10123	795.07
10124	795.16
10125	795.03
10126	795.11
10127	794.98
10128	795.07
10129	794.94
10130	794.89
10131	794.85
10132	794.81
10133	794.89
10134	794.77
10135	794.85
10136	794.73
10137	794.82
10138	794.69
10139	794.78
10140	794.65
10141	794.57
10142	794.66
10143	794.61
10144	794.53
10145	794.5
10146	794.58
10147	794.46
10148	794.42
10149	794.5
10150	794.38
10151	794.34
10152	794.42
10153	794.3
10154	794.27
10155	794.35
10156	794.23
10157	794.2
10158	794.28
10159	794.16
10160	794.13
10161	794.21
10162	794.1
10163	794.07
10164	794.15
10165	794.04
10166	794.01
10167	794.09
10168	793.97
10169	793.94
10170	794.02
10171	793.91
10172	793.88
10173	793.96
10174	793.85
10175	793.82
10176	793.79
10177	793.76
10178	793.84
10179	793.73
10180	793.71
10181	793.78
10182	793.68
10183	793.66
10184	793.73
10185	793.63
10186	793.61
10187	793.59
10188	793.56
10189	793.64
10190	793.54
10191	793.52
10192	793.59
10193	793.49
10194	793.47
10195	793.54
10196	793.45
10197	793.43
10198	793.41
10199	793.38
10200	793.46
10201	793.36
10202	793.35
10203	793.42
10204	793.33
10205	793.31
10206	793.38
10207	793.29
10208	793.28
10209	793.35
10210	793.26
10211	793.33
10212	793.24
10213	793.31
10214	793.23
10215	793.21
10216	793.28
10217	793.2
10218	793.18
10219	793.25
10220	793.17
10221	793.15
10222	793.22
10223	793.14
10224	793.13
10225	793.2
10226	793.11
10227	793.1
10228	793.17
10229	793.09
10230	793.08
10231	793.14
10232	793.07
10233	793.06
10234	793.13
10235	793.05
10236	793.04
10237	793.11
10238	793.03
10239	793.02
10240	793.08
10241	793.01
10242	793.01
10243	793.07
10244	793.
10245	792.99
10246	793.06
10247	792.98
10248	792.97
10249	793.04
10250	792.95
10251	792.93
10252	799.7
10253	799.83
10254	799.54
10255	793.56
10256	793.51
10257	793.5
10258	793.5
10259	793.43
10260	793.5
10261	793.51
10262	793.44
10263	793.52
10264	793.53
10265	793.46
10266	793.54
10267	793.56
10268	793.48
10269	793.58
10270	793.58
10271	793.52
10272	793.58
10273	793.59
10274	793.6
10275	793.61
10276	793.62
10277	793.63
10278	793.56
10279	793.65
10280	793.66
10281	793.59
10282	793.68
10283	793.7
10284	793.62
10285	793.71
10286	793.73
10287	793.75
10288	793.76
10289	793.69
10290	793.78
10291	793.79
10292	793.72
10293	793.81
10294	793.82
10295	793.75
10296	793.84
10297	793.86
10298	793.88
10299	793.9
10300	793.82
10301	793.92
10302	793.95
10303	793.87
10304	793.97
10305	793.99
10306	794.02
10307	794.04
10308	793.96
10309	794.06
10310	794.08
10311	794.11
10312	794.13
10313	794.05
10314	794.15
10315	794.17
10316	794.1
10317	794.2
10318	794.22
10319	794.15
10320	794.25
10321	794.17
10322	794.28
10323	794.2
10324	794.32
10325	794.35
10326	794.26
10327	794.38
10328	794.41
10329	794.33
10330	794.44
10331	794.48
10332	794.39
10333	794.51
10334	794.54
10335	794.57
10336	794.6
10337	794.63
10338	794.66
10339	794.57
10340	794.69
10341	794.72
10342	794.75
10343	794.79
10344	794.7
10345	794.83
10346	794.87
10347	794.78
10348	794.91
10349	794.95
10350	795.04
10351	794.94
10352	794.99
10353	795.08
10354	795.12
10355	795.03
10356	795.16
10357	795.19
10358	795.1
10359	795.23
10360	795.27
10361	795.18
10362	795.31
10363	795.35
10364	795.26
10365	795.39
10366	795.43
10367	795.34
10368	795.47
10369	795.51
10370	795.42
10371	795.55
10372	795.59
10373	795.5
10374	795.64
10375	795.68
10376	795.59
10377	795.73
10378	795.79
10379	795.7
10380	795.85
10381	795.91
10382	795.82
10383	795.98
10384	796.05
10385	796.12
10386	796.2
10387	796.11
10388	796.29
10389	796.38
10390	796.29
10391	796.49
10392	796.6
10393	796.52
10394	796.74
10395	796.89
10396	796.81
10397	797.07
10398	796.99
10399	797.21
10400	797.29
10401	797.95
10402	797.84
10403	797.57
10404	798.67
10405	799.2
10406	799.17
10407	800.4
10408	801.1
10409	800.25
10410	801.62
10411	801.99
10412	801.61
10413	803.36
10414	804.52
10415	805.51
10416	805.58
10417	804.79
10418	804.68
10419	804.43
10420	803.41
10421	802.4
10422	801.74
10423	801.42
10424	801.33
10425	801.47
10426	801.1
10427	800.91
10428	800.98
10429	800.95
10430	800.91
10431	800.84
10432	800.75
10433	800.77
10434	800.8
10435	800.87
10436	801.01
10437	800.82
10438	800.9
10439	800.89
10440	800.72
10441	800.82
10442	800.8
10443	800.82
10444	800.78
10445	800.75
10446	800.77
10447	800.77
10448	800.8
10449	800.8
10450	800.73
10451	800.79
10452	800.78
10453	800.84
10454	800.85
10455	800.81
10456	800.86
10457	800.86
10458	800.85
10459	800.87
10460	800.89
10461	800.82
10462	800.88
10463	800.85
10464	800.85
10465	800.86
10466	800.86
10467	800.85
10468	800.85
10469	800.85
10470	800.83
10471	800.83
10472	800.8
10473	800.83
10474	800.81
10475	800.77
10476	800.8
10477	800.8
10478	800.76
10479	800.78
10480	800.79
10481	800.77
10482	800.76
10483	800.75
10484	800.73
10485	800.73
10486	800.72
10487	800.68
10488	800.7
10489	800.69
10490	800.69
10491	800.67
10492	800.63
10493	800.66
10494	800.66
10495	800.61
10496	800.65
10497	800.64
10498	800.63
10499	800.62
10500	800.57
10501	800.6
10502	800.57
10503	800.53
10504	800.52
10505	800.46
10506	800.44
10507	800.41
10508	800.37
10509	800.32
10510	800.28
10511	800.24
10512	800.24
10513	800.22
10514	800.17
10515	800.19
10516	800.17
10517	800.15
10518	800.13
10519	800.08
10520	800.11
10521	800.1
10522	800.08
10523	800.07
10524	800.02
10525	800.06
10526	800.05
10527	800.
10528	800.05
10529	800.04
10530	799.98
10531	800.04
10532	800.02
10533	799.96
10534	800.01
10535	800.02
10536	800.04
10537	800.04
10538	800.05
10539	800.05
10540	800.05
10541	800.05
10542	800.04
10543	800.04
10544	800.
10545	800.04
10546	800.03
10547	800.02
10548	800.02
10549	799.97
10550	800.03
10551	800.03
10552	799.99
10553	800.03
10554	800.02
10555	799.99
10556	800.02
10557	800.02
10558	799.98
10559	800.01
10560	800.01
10561	799.97
10562	800.01
10563	800.01
10564	800.
10565	800.
10566	800.
10567	800.
10568	799.96
10569	800.
10570	800.
10571	800.
10572	800.
10573	800.
10574	799.99
10575	799.99
10576	799.98
10577	799.95
10578	799.98
10579	799.98
10580	799.94
10581	799.98
10582	799.94
10583	799.93
10584	799.97
10585	799.97
10586	799.93
10587	799.97
10588	799.97
10589	799.97
10590	799.93
10591	799.97
10592	799.96
10593	799.93
10594	799.96
10595	799.96
10596	799.92
10597	799.96
10598	799.96
10599	799.92
10600	799.96
10601	799.96
10602	799.95
10603	799.95
10604	799.95
10605	799.94
10606	799.91
10607	799.94
10608	799.94
10609	799.93
10610	799.93
10611	799.89
10612	799.92
10613	799.92
10614	799.91
10615	799.91
10616	799.87
10617	799.9
10618	799.9
10619	799.89
10620	799.88
10621	799.84
10622	799.87
10623	799.86
10624	799.86
10625	799.85
10626	799.84
10627	799.85
10628	799.77
10629	799.85
10630	799.86
10631	799.79
10632	799.86
10633	799.87
10634	799.81
10635	799.87
10636	799.87
10637	799.82
10638	799.88
10639	799.88
10640	799.83
10641	799.88
10642	799.88
10643	799.83
10644	799.88
10645	799.88
10646	799.83
10647	799.89
10648	799.89
10649	799.85
10650	799.9
10651	799.9
10652	799.9
10653	799.9
10654	799.9
10655	799.9
10656	799.86
10657	799.9
10658	799.9
10659	799.9
10660	799.9
10661	799.87
10662	799.91
10663	799.91
10664	799.87
10665	799.91
10666	799.91
10667	799.87
10668	799.91
10669	799.9
10670	799.87
10671	799.91
10672	799.91
10673	799.91
10674	799.9
10675	799.9
10676	799.9
10677	799.87
10678	799.9
10679	799.89
10680	799.86
10681	799.89
10682	799.89
10683	799.84
10684	799.89
10685	799.89
10686	799.85
10687	799.89
10688	799.89
10689	799.85
10690	799.9
10691	799.9
10692	799.91
10693	799.9
10694	799.9
10695	799.89
10696	799.86
10697	799.9
10698	799.9
10699	799.86
10700	799.9
10701	799.9
10702	799.87
10703	799.9
10704	799.9
10705	799.86
10706	799.9
10707	799.9
10708	799.9
10709	799.9
10710	799.86
10711	799.9
10712	799.9
10713	799.86
10714	799.9
10715	799.91
10716	799.87
10717	799.91
10718	799.91
10719	799.9
10720	799.89
10721	799.88
10722	799.86
10723	799.85
10724	799.85
10725	799.78
10726	799.84
10727	799.83
10728	799.75
10729	799.82
10730	799.74
10731	799.82
10732	799.75
10733	799.82
10734	799.82
10735	799.75
10736	799.82
10737	799.82
10738	799.75
10739	799.82
10740	799.83
10741	799.75
10742	799.83
10743	799.76
10744	799.83
10745	799.83
10746	799.76
10747	799.83
10748	799.82
10749	799.83
10750	799.75
10751	799.82
10752	799.82
10753	799.74
10754	799.83
10755	799.83
10756	799.83
10757	799.83
10758	799.75
10759	799.83
10760	799.83
10761	799.83
10762	799.83
10763	799.83
10764	799.83
10765	799.83
10766	799.74
10767	799.84
10768	799.83
10769	799.75
10770	799.84
10771	799.83
10772	799.75
10773	799.83
10774	799.84
10775	799.76
10776	799.83
10777	799.83
10778	799.75
10779	799.83
10780	799.83
10781	799.76
10782	799.83
10783	799.83
10784	799.76
10785	799.83
10786	799.83
10787	799.74
10788	799.83
10789	799.83
10790	799.76
10791	799.83
10792	799.83
10793	799.76
10794	799.83
10795	799.83
10796	799.83
10797	799.75
10798	799.83
10799	799.84
10800	799.75
10801	799.84
10802	799.84
10803	799.83
10804	799.84
10805	799.84
10806	799.84
10807	799.84
10808	799.84
10809	799.75
10810	799.84
10811	799.84
10812	799.76
10813	799.84
10814	799.84
10815	799.84
10816	799.85
10817	799.85
10818	799.85
10819	799.85
10820	799.84
10821	799.84
10822	799.75
10823	799.84
10824	799.84
10825	799.76
10826	799.84
10827	799.85
10828	799.85
10829	799.77
10830	799.84
10831	799.84
10832	799.84
10833	799.85
10834	799.77
10835	799.85
10836	799.85
10837	799.85
10838	799.85
10839	799.77
10840	799.85
10841	799.85
10842	799.77
10843	799.85
10844	799.85
10845	799.85
10846	799.85
10847	799.85
10848	799.85
10849	799.85
10850	799.85
10851	799.78
10852	799.85
10853	799.85
10854	799.86
10855	799.86
10856	799.86
10857	799.86
10858	799.86
10859	799.77
10860	799.86
10861	799.86
10862	799.77
10863	799.85
10864	799.86
10865	799.86
10866	799.77
10867	799.86
10868	799.86
10869	799.86
10870	799.86
10871	799.78
10872	799.86
10873	799.87
10874	799.78
10875	799.87
10876	799.87
10877	799.87
10878	799.87
10879	799.87
10880	799.87
10881	799.87
10882	799.88
10883	799.88
10884	799.88
10885	799.88
10886	799.88
10887	799.81
10888	799.88
10889	799.88
10890	799.88
10891	799.88
10892	799.89
10893	799.89
10894	799.9
10895	799.9
10896	799.82
10897	799.9
10898	799.9
10899	799.82
10900	799.91
10901	799.91
10902	799.83
10903	799.91
10904	799.91
10905	799.84
10906	799.92
10907	799.92
10908	799.84
10909	799.91
10910	799.91
10911	799.9
10912	799.9
10913	799.33
10914	799.37
10915	799.14
10916	799.14
10917	799.37
10918	799.33
10919	799.43
10920	799.21
10921	799.27
10922	799.29
10923	799.31
10924	799.27
10925	799.21
10926	799.49
10927	799.52
10928	799.56
10929	799.45
10930	799.49
10931	801.8
10932	794.55
10933	794.6
10934	793.43
10935	799.67
10936	799.67
10937	799.73
10938	793.3
10939	793.36
10940	799.36
10941	793.4
10942	793.47
10943	800.61
10944	794.09
10945	794.02
10946	794.65
10947	799.68
10948	799.7
10949	799.73
10950	800.63
10951	800.67
10952	799.77
10953	799.68
10954	799.46
10955	799.53
10956	793.24
10957	796.9
10958	799.13
10959	800.1
10960	799.37
10961	799.33
10962	799.37
10963	795.15
10964	794.44
10965	799.76
10966	799.53
10967	799.42
10968	799.45
10969	799.6
10970	799.78
10971	793.72
10972	793.77
10973	795.99
10974	800.34
10975	800.45
10976	800.07
10977	799.73
10978	799.7
10979	793.91
10980	799.52
10981	796.11
10982	793.96
10983	793.38
10984	795.2
10985	794.12
10986	794.07
10987	799.32
10988	799.56
10989	799.55
10990	799.73
10991	799.36
10992	799.41
10993	799.4
10994	801.81
10995	799.45
10996	799.57
10997	799.59
10998	799.43
10999	799.5
11000	799.54
11001	799.67
11002	797.25
11003	797.11
11004	793.36
11005	793.32
11006	793.86
11007	793.88
11008	797.11
11009	799.51
11010	794.81
11011	794.79
11012	800.33
11013	800.28
11014	799.91
11015	799.91
11016	799.64
11017	799.58
11018	797.
11019	799.34
11020	793.39
11021	794.13
11022	799.5
11023	799.58
11024	794.04
11025	799.68
11026	799.38
11027	799.33
11028	799.32
11029	799.9
11030	800.32
11031	799.78
11032	800.72
11033	799.39
11034	793.56
11035	800.49
11036	800.53
11037	799.86
11038	799.85
11039	800.12
11040	799.46
11041	799.86
11042	799.53
11043	793.69
11044	795.12
11045	794.48
11046	793.58
11047	794.94
11048	799.54
11049	793.64
11050	799.6
11051	799.38
11052	799.41
11053	794.56
11054	800.49
11055	799.7
11056	799.62
11057	799.66
11058	799.65
11059	800.58
11060	799.75
11061	799.76
11062	799.76
11063	799.76
11064	799.79
11065	799.8
11066	799.8
11067	799.81
11068	799.24
11069	795.7
11070	799.83
11071	799.58
11072	799.57
11073	799.61
11074	799.55
11075	799.51
11076	799.53
11077	799.62
11078	800.43
11079	801.53
11080	793.92
11081	796.96
11082	799.5
11083	799.81
11084	799.7
11085	800.57
11086	793.55
11087	793.83
11088	800.51
11089	793.99
11090	793.96
11091	793.35
11092	794.25
11093	795.54
11094	795.57
11095	799.46
11096	799.68
11097	795.04
11098	799.68
11099	799.37
11100	799.9
11101	799.62
11102	799.72
11103	799.79
11104	799.72
11105	799.76
11106	793.39
11107	799.35
11108	804.03
11109	800.35
11110	793.62
11111	799.7
11112	799.66
11113	799.79
11114	800.76
11115	800.52
11116	799.5
11117	799.62
11118	799.61
11119	799.6
11120	799.86
11121	799.82
11122	799.59
11123	799.61
11124	800.36
11125	800.97
11126	799.55
11127	799.56
11128	799.62
11129	799.58
11130	799.59
11131	799.66
11132	799.66
11133	799.62
11134	800.47
11135	800.43
11136	800.41
11137	800.37
11138	799.68
11139	799.64
11140	799.63
11141	799.6
11142	799.61
11143	799.57
11144	799.55
11145	799.52
11146	799.49
11147	799.47
11148	799.44
11149	799.49
11150	799.53
11151	799.54
11152	799.5
11153	799.57
11154	799.61
11155	799.62
11156	799.58
11157	799.66
11158	799.67
11159	799.68
11160	799.65
11161	799.72
11162	799.72
11163	800.74
11164	800.74
11165	800.7
11166	800.69
11167	799.79
11168	799.76
11169	799.75
11170	799.72
11171	799.6
11172	795.57
11173	795.6
11174	795.48
11175	795.51
11176	795.54
11177	795.41
11178	795.44
11179	795.48
11180	795.35
11181	795.39
11182	799.68
11183	799.63
11184	799.62
11185	799.57
11186	799.51
11187	799.52
11188	799.46
11189	799.41
11190	799.42
11191	799.36
11192	799.66
11193	799.75
11194	800.52
11195	799.68
11196	800.57
11197	799.45
11198	799.48
11199	799.49
11200	799.52
11201	799.55
11202	799.56
11203	799.59
11204	799.63
11205	799.63
11206	799.66
11207	794.99
11208	795.03
11209	794.9
11210	794.95
11211	794.99
11212	794.86
11213	794.91
11214	799.76
11215	799.72
11216	799.72
11217	799.68
11218	799.64
11219	799.64
11220	799.6
11221	799.55
11222	799.57
11223	799.52
11224	799.49
11225	799.51
11226	799.55
11227	799.55
11228	799.59
11229	799.63
11230	799.64
11231	799.68
11232	799.66
11233	799.69
11234	799.7
11235	799.74
11236	799.85
11237	799.81
11238	799.81
11239	799.77
11240	800.67
11241	800.61
11242	800.62
11243	800.57
11244	800.13
11245	800.17
11246	800.2
11247	800.23
11248	800.26
11249	800.29
11250	800.32
11251	799.78
11252	799.74
11253	799.74
11254	799.7
11255	799.66
11256	799.66
11257	799.63
11258	799.81
11259	799.77
11260	799.76
11261	799.73
11262	799.69
11263	799.69
11264	799.65
11265	799.6
11266	799.57
11267	799.63
11268	799.6
11269	799.58
11270	799.65
11271	799.62
11272	799.69
11273	799.66
11274	799.66
11275	799.62
11276	799.59
11277	799.59
11278	799.55
11279	800.96
11280	801.08
11281	800.99
11282	801.05
11283	801.12
11284	801.01
11285	801.07
11286	799.73
11287	799.69
11288	799.69
11289	799.65
11290	799.62
11291	799.61
11292	799.57
11293	799.54
11294	799.53
11295	799.5
11296	799.3
11297	799.52
11298	799.42
11299	799.62
11300	799.65
11301	799.65
11302	799.69
11303	799.73
11304	799.73
11305	799.77
11306	799.67
11307	799.63
11308	799.63
11309	799.59
11310	799.55
11311	799.56
11312	799.52
11313	799.48
11314	799.48
11315	799.44
11316	799.42
11317	799.46
11318	799.46
11319	799.5
11320	799.54
11321	799.54
11322	799.58
11323	800.49
11324	800.51
11325	800.52
11326	800.53
11327	800.57
11328	799.64
