Node Number	Total Deformation (mm)
1	1.7069
2	1.7115
3	1.7077
4	1.7085
5	1.7093
6	1.7101
7	1.7108
8	1.1839
9	1.1871
10	1.1907
11	1.1946
12	1.1987
13	1.2031
14	1.2075
15	1.212
16	1.2165
17	1.2211
18	1.2256
19	1.2302
20	1.2347
21	1.2393
22	1.2438
23	1.2484
24	1.2529
25	1.2575
26	1.262
27	1.2665
28	1.2711
29	1.2756
30	1.2801
31	1.2847
32	1.2892
33	1.2937
34	1.2983
35	1.3028
36	1.3073
37	1.3119
38	1.3164
39	1.3209
40	1.3254
41	1.33
42	1.3345
43	1.339
44	1.3436
45	1.3481
46	1.3527
47	1.3572
48	1.3617
49	1.3663
50	1.3708
51	1.3753
52	1.3799
53	1.3844
54	1.3889
55	1.3935
56	1.398
57	1.4025
58	1.4071
59	1.4116
60	1.4161
61	1.4207
62	1.4252
63	1.4297
64	1.4343
65	1.4388
66	1.4433
67	1.4478
68	1.4524
69	1.4569
70	1.4614
71	1.466
72	1.4705
73	1.475
74	1.4796
75	1.4841
76	1.4886
77	1.4931
78	1.4977
79	1.5022
80	1.5067
81	1.5113
82	1.5158
83	1.5203
84	1.5248
85	1.5294
86	1.5339
87	1.5384
88	1.543
89	1.5475
90	1.552
91	1.5566
92	1.5611
93	1.5656
94	1.5702
95	1.5747
96	1.5792
97	1.5837
98	1.5883
99	1.5928
100	1.5973
101	1.6018
102	1.6064
103	1.6109
104	1.6154
105	1.6199
106	1.6245
107	1.629
108	1.6335
109	1.638
110	1.6426
111	1.6471
112	1.6516
113	1.6561
114	1.6607
115	1.6652
116	1.6697
117	1.6742
118	1.6787
119	1.6833
120	1.6878
121	1.6923
122	1.6968
123	1.7014
124	1.7063
125	1.1791
126	1.1815
127	1.0488
128	1.0502
129	1.0516
130	1.053
131	1.0545
132	1.056
133	1.0575
134	1.0591
135	1.0608
136	1.0625
137	1.0642
138	1.0659
139	1.0677
140	1.0695
141	1.0714
142	1.0733
143	1.0752
144	1.0772
145	1.0792
146	1.0812
147	1.0833
148	1.0854
149	1.0875
150	1.0897
151	1.0919
152	1.0941
153	1.0963
154	1.0986
155	1.1009
156	1.1032
157	1.1056
158	1.108
159	1.1104
160	1.1128
161	1.1153
162	1.1177
163	1.1202
164	1.1228
165	1.1253
166	1.1278
167	1.1304
168	1.133
169	1.1356
170	1.1382
171	1.1409
172	1.1435
173	1.1462
174	1.1489
175	1.1516
176	1.1543
177	1.157
178	1.1597
179	1.1625
180	1.1652
181	1.168
182	1.1708
183	1.1735
184	1.1763
185	0.99712
186	0.99827
187	0.99958
188	1.0011
189	1.0028
190	1.0046
191	1.0065
192	1.0084
193	1.0104
194	1.0124
195	1.0145
196	1.0166
197	1.0186
198	1.0207
199	1.0228
200	1.0249
201	1.027
202	1.0291
203	1.0312
204	1.0333
205	1.0354
206	1.0376
207	1.0397
208	1.0418
209	1.0437
210	1.0455
211	1.0471
212	0.93834
213	0.99622
214	0.99532
215	0.99443
216	0.99353
217	0.99264
218	0.99174
219	0.99085
220	0.98995
221	0.98906
222	0.98817
223	0.98728
224	0.98639
225	0.9855
226	0.98461
227	0.98373
228	0.98284
229	0.98196
230	0.98107
231	0.98019
232	0.97931
233	0.97843
234	0.97755
235	0.97667
236	0.9758
237	0.97492
238	0.97405
239	0.97318
240	0.97231
241	0.97145
242	0.97058
243	0.96972
244	0.96886
245	0.96801
246	0.96715
247	0.9663
248	0.96546
249	0.96461
250	0.96377
251	0.96293
252	0.9621
253	0.96127
254	0.96044
255	0.95962
256	0.95881
257	0.95799
258	0.95719
259	0.95638
260	0.95559
261	0.9548
262	0.95401
263	0.95323
264	0.95246
265	0.9517
266	0.95094
267	0.95019
268	0.94945
269	0.94871
270	0.94798
271	0.94727
272	0.94656
273	0.94586
274	0.94518
275	0.9445
276	0.94384
277	0.94318
278	0.94254
279	0.94191
280	0.9413
281	0.94069
282	0.94009
283	0.9395
284	0.93892
285	0.80961
286	0.81135
287	0.81308
288	0.81482
289	0.81656
290	0.81829
291	0.82003
292	0.82177
293	0.82351
294	0.82525
295	0.82699
296	0.82874
297	0.83048
298	0.83222
299	0.83397
300	0.83571
301	0.83746
302	0.8392
303	0.84095
304	0.8427
305	0.84445
306	0.84619
307	0.84794
308	0.84969
309	0.85144
310	0.85319
311	0.85495
312	0.8567
313	0.85845
314	0.8602
315	0.86196
316	0.86371
317	0.86547
318	0.86722
319	0.86898
320	0.87073
321	0.87249
322	0.87425
323	0.87601
324	0.87777
325	0.87953
326	0.88129
327	0.88305
328	0.88481
329	0.88657
330	0.88833
331	0.8901
332	0.89186
333	0.89363
334	0.8954
335	0.89716
336	0.89893
337	0.9007
338	0.90247
339	0.90424
340	0.90601
341	0.90779
342	0.90956
343	0.91134
344	0.91312
345	0.91489
346	0.91668
347	0.91846
348	0.92024
349	0.92203
350	0.92382
351	0.92562
352	0.92742
353	0.92922
354	0.93103
355	0.93285
356	0.93467
357	0.9365
358	0.42378
359	0.4238
360	0.42388
361	0.42401
362	0.42418
363	0.42441
364	0.42469
365	0.42502
366	0.4254
367	0.42583
368	0.42631
369	0.42684
370	0.42741
371	0.42804
372	0.42872
373	0.42945
374	0.43022
375	0.43105
376	0.43192
377	0.43284
378	0.43381
379	0.43482
380	0.43588
381	0.43699
382	0.43815
383	0.43935
384	0.4406
385	0.44189
386	0.44323
387	0.44461
388	0.44603
389	0.4475
390	0.44901
391	0.45057
392	0.45216
393	0.4538
394	0.45548
395	0.4572
396	0.45896
397	0.46077
398	0.46261
399	0.46449
400	0.46641
401	0.46836
402	0.47036
403	0.47239
404	0.47446
405	0.47656
406	0.4787
407	0.48088
408	0.48309
409	0.48533
410	0.48761
411	0.48992
412	0.49227
413	0.49464
414	0.49705
415	0.49949
416	0.50196
417	0.50447
418	0.507
419	0.50956
420	0.51215
421	0.51477
422	0.51742
423	0.5201
424	0.5228
425	0.52553
426	0.52829
427	0.53107
428	0.53388
429	0.53672
430	0.53958
431	0.54246
432	0.54537
433	0.54831
434	0.55126
435	0.55424
436	0.55725
437	0.56027
438	0.56332
439	0.56639
440	0.56948
441	0.57259
442	0.57572
443	0.57887
444	0.58205
445	0.58524
446	0.58845
447	0.59168
448	0.59493
449	0.5982
450	0.60149
451	0.60479
452	0.60811
453	0.61145
454	0.61481
455	0.61818
456	0.62157
457	0.62498
458	0.6284
459	0.63184
460	0.63529
461	0.63876
462	0.64224
463	0.64574
464	0.64925
465	0.65278
466	0.65632
467	0.65988
468	0.66345
469	0.66703
470	0.67062
471	0.67423
472	0.67785
473	0.68148
474	0.68513
475	0.68878
476	0.69245
477	0.69613
478	0.69982
479	0.70352
480	0.70724
481	0.71096
482	0.71469
483	0.71843
484	0.72219
485	0.72595
486	0.72972
487	0.7335
488	0.73729
489	0.74109
490	0.7449
491	0.74871
492	0.75253
493	0.75636
494	0.7602
495	0.76404
496	0.76789
497	0.77175
498	0.77562
499	0.77949
500	0.78336
501	0.78723
502	0.79106
503	0.79474
504	0.79814
505	0.80118
506	0.80387
507	0.80627
508	0.80794
509	0.39646
510	0.41861
511	0.41335
512	0.40781
513	0.40214
514	0.79501
515	0.39649
516	0.39657
517	0.39671
518	0.3969
519	0.39714
520	0.39744
521	0.39779
522	0.39819
523	0.39865
524	0.39917
525	0.39973
526	0.40035
527	0.40102
528	0.40174
529	0.40252
530	0.40335
531	0.40422
532	0.40515
533	0.40614
534	0.40717
535	0.40825
536	0.40938
537	0.41056
538	0.41179
539	0.41307
540	0.41439
541	0.41577
542	0.41719
543	0.41865
544	0.42017
545	0.42172
546	0.42333
547	0.42498
548	0.42667
549	0.42841
550	0.43018
551	0.43201
552	0.43387
553	0.43577
554	0.43772
555	0.43971
556	0.44173
557	0.4438
558	0.4459
559	0.44804
560	0.45022
561	0.45244
562	0.45469
563	0.45698
564	0.45931
565	0.46167
566	0.46406
567	0.46649
568	0.46895
569	0.47145
570	0.47397
571	0.47653
572	0.47912
573	0.48174
574	0.48439
575	0.48708
576	0.48979
577	0.49252
578	0.49529
579	0.49809
580	0.50091
581	0.50376
582	0.50664
583	0.50954
584	0.51247
585	0.51542
586	0.5184
587	0.5214
588	0.52443
589	0.52748
590	0.53055
591	0.53364
592	0.53676
593	0.5399
594	0.54307
595	0.54625
596	0.54945
597	0.55268
598	0.55592
599	0.55919
600	0.56247
601	0.56578
602	0.5691
603	0.57244
604	0.5758
605	0.57918
606	0.58257
607	0.58598
608	0.58941
609	0.59286
610	0.59632
611	0.5998
612	0.60329
613	0.6068
614	0.61033
615	0.61387
616	0.61742
617	0.62099
618	0.62458
619	0.62817
620	0.63178
621	0.63541
622	0.63905
623	0.6427
624	0.64636
625	0.65003
626	0.65372
627	0.65742
628	0.66113
629	0.66485
630	0.66858
631	0.67232
632	0.67608
633	0.67984
634	0.68361
635	0.68739
636	0.69119
637	0.69499
638	0.69879
639	0.70261
640	0.70644
641	0.71027
642	0.71411
643	0.71796
644	0.72181
645	0.72567
646	0.72954
647	0.73341
648	0.73729
649	0.74117
650	0.74506
651	0.74896
652	0.75285
653	0.75676
654	0.76066
655	0.76458
656	0.76849
657	0.7724
658	0.77626
659	0.77996
660	0.78338
661	0.78644
662	0.78899
663	0.79113
664	0.79307
665	0.91557
666	0.79676
667	0.79851
668	0.80026
669	0.80201
670	0.80376
671	0.80551
672	0.80727
673	0.80902
674	0.81078
675	0.81253
676	0.81429
677	0.81604
678	0.8178
679	0.81956
680	0.82132
681	0.82308
682	0.82484
683	0.8266
684	0.82836
685	0.83013
686	0.83189
687	0.83366
688	0.83542
689	0.83719
690	0.83896
691	0.84073
692	0.8425
693	0.84428
694	0.84605
695	0.84783
696	0.8496
697	0.85138
698	0.85316
699	0.85495
700	0.85673
701	0.85852
702	0.86031
703	0.8621
704	0.86389
705	0.86569
706	0.86749
707	0.86929
708	0.87109
709	0.8729
710	0.87471
711	0.87652
712	0.87834
713	0.88015
714	0.88198
715	0.8838
716	0.88563
717	0.88747
718	0.8893
719	0.89115
720	0.89299
721	0.89484
722	0.8967
723	0.89856
724	0.90042
725	0.90229
726	0.90416
727	0.90604
728	0.90793
729	0.90982
730	0.91171
731	0.91362
732	0.97253
733	0.97163
734	0.97072
735	0.96981
736	0.96891
737	0.96801
738	0.9671
739	0.9662
740	0.9653
741	0.96439
742	0.96349
743	0.96259
744	0.96169
745	0.96079
746	0.9599
747	0.959
748	0.9581
749	0.9572
750	0.95631
751	0.95541
752	0.95452
753	0.95363
754	0.95273
755	0.95184
756	0.95095
757	0.95006
758	0.94918
759	0.94829
760	0.94741
761	0.94652
762	0.94564
763	0.94476
764	0.94388
765	0.94301
766	0.94213
767	0.94126
768	0.94039
769	0.93952
770	0.93866
771	0.9378
772	0.93694
773	0.93608
774	0.93523
775	0.93438
776	0.93354
777	0.9327
778	0.93186
779	0.93103
780	0.9302
781	0.92938
782	0.92856
783	0.92774
784	0.92694
785	0.92614
786	0.92534
787	0.92455
788	0.92377
789	0.92299
790	0.92223
791	0.92147
792	0.92071
793	0.91997
794	0.91923
795	0.91849
796	0.91777
797	0.91704
798	0.91632
799	1.0248
800	1.0232
801	1.0215
802	1.0196
803	1.0176
804	1.0155
805	1.0134
806	1.0113
807	1.0091
808	1.007
809	1.0049
810	1.0027
811	1.0006
812	0.99851
813	0.9964
814	0.99431
815	0.99222
816	0.99014
817	0.98806
818	0.98599
819	0.98392
820	0.98189
821	0.97995
822	0.97817
823	0.97659
824	0.97518
825	0.97386
826	1.177
827	1.0262
828	1.0276
829	1.029
830	1.0305
831	1.032
832	1.0336
833	1.0352
834	1.0368
835	1.0385
836	1.0401
837	1.0419
838	1.0436
839	1.0454
840	1.0473
841	1.0491
842	1.051
843	1.0529
844	1.0549
845	1.0569
846	1.0589
847	1.0609
848	1.063
849	1.0651
850	1.0673
851	1.0694
852	1.0716
853	1.0738
854	1.0761
855	1.0783
856	1.0806
857	1.0829
858	1.0853
859	1.0876
860	1.09
861	1.0924
862	1.0949
863	1.0973
864	1.0998
865	1.1023
866	1.1048
867	1.1073
868	1.1098
869	1.1124
870	1.115
871	1.1176
872	1.1202
873	1.1228
874	1.1254
875	1.1281
876	1.1307
877	1.1334
878	1.136
879	1.1387
880	1.1414
881	1.1441
882	1.1468
883	1.1496
884	1.1523
885	1.155
886	1.1577
887	1.1605
888	1.1632
889	1.166
890	1.1687
891	1.1715
892	1.1743
893	1.1871
894	1.1795
895	1.182
896	1.1846
897	1.1907
898	1.1945
899	1.1986
900	1.2029
901	1.2073
902	1.2118
903	1.2163
904	1.2208
905	1.2253
906	1.2299
907	1.2344
908	1.2389
909	1.2435
910	1.248
911	1.2526
912	1.2571
913	1.2616
914	1.2662
915	1.2707
916	1.2753
917	1.2798
918	1.2844
919	1.2889
920	1.2934
921	1.298
922	1.3025
923	1.307
924	1.3116
925	1.3161
926	1.3207
927	1.3252
928	1.3297
929	1.3343
930	1.3388
931	1.3433
932	1.3479
933	1.3524
934	1.3569
935	1.3614
936	1.366
937	1.3705
938	1.375
939	1.3796
940	1.3841
941	1.3886
942	1.3931
943	1.3977
944	1.4022
945	1.4067
946	1.4112
947	1.4158
948	1.4203
949	1.4248
950	1.4293
951	1.4338
952	1.4384
953	1.4429
954	1.4474
955	1.4519
956	1.4564
957	1.461
958	1.4655
959	1.47
960	1.4745
961	1.4791
962	1.4836
963	1.4881
964	1.4926
965	1.4971
966	1.5017
967	1.5062
968	1.5107
969	1.5152
970	1.5198
971	1.5243
972	1.5288
973	1.5333
974	1.5378
975	1.5424
976	1.5469
977	1.5514
978	1.5559
979	1.5605
980	1.565
981	1.5695
982	1.574
983	1.5785
984	1.5831
985	1.5876
986	1.5921
987	1.5966
988	1.6011
989	1.6057
990	1.6102
991	1.6147
992	1.6192
993	1.6238
994	1.6283
995	1.6328
996	1.6373
997	1.6418
998	1.6464
999	1.6509
1000	1.6554
1001	1.6599
1002	1.6645
1003	1.669
1004	1.6735
1005	1.678
1006	1.6826
1007	1.6871
1008	1.6916
1009	1.6966
1010	1.7017
1011	0.94754
1012	0.97078
1013	0.9613
1014	0.94405
1015	0.93938
1016	0.81027
1017	0.95267
1018	0.9452
1019	0.94636
1020	0.96272
1021	0.96405
1022	0.96987
1023	0.97338
1024	0.97938
1025	0.97423
1026	0.96695
1027	0.96593
1028	0.96475
1029	0.95945
1030	0.95642
1031	0.95412
1032	0.9513
1033	0.94699
1034	0.94512
1035	0.94287
1036	0.93481
1037	0.93292
1038	0.89678
1039	0.8938
1040	0.88919
1041	0.88261
1042	0.88008
1043	0.87401
1044	0.86939
1045	0.82444
1046	0.80407
1047	0.82173
1048	0.81487
1049	0.81269
1050	0.8072
1051	0.9549
1052	0.82733
1053	0.95899
1054	0.94242
1055	0.93637
1056	0.86618
1057	0.80407
1058	0.80735
1059	0.81021
1060	0.81219
1061	0.81432
1062	0.8182
1063	0.82279
1064	0.82547
1065	0.83046
1066	0.83327
1067	0.8349
1068	0.83888
1069	0.80802
1070	0.93241
1071	0.98562
1072	0.84306
1073	0.84579
1074	0.84897
1075	0.85396
1076	0.85684
1077	0.86672
1078	0.87204
1079	0.87462
1080	0.87702
1081	0.8792
1082	0.88311
1083	0.89104
1084	0.89582
1085	0.89838
1086	0.90225
1087	0.90437
1088	0.9068
1089	0.91326
1090	0.93429
1091	0.93543
1092	0.9357
1093	0.93756
1094	0.93819
1095	0.94219
1096	0.94386
1097	0.94756
1098	0.94868
1099	0.94997
1100	0.94966
1101	0.95262
1102	0.95835
1103	0.96206
1104	0.96322
1105	0.96475
1106	0.96582
1107	0.96703
1108	0.96903
1109	0.96976
1110	0.9726
1111	0.9761
1112	0.97785
1113	0.97873
1114	0.98336
1115	0.9866
1116	1.0786
1117	1.0822
1118	1.0851
1119	1.0877
1120	1.0904
1121	1.0965
1122	1.1063
1123	1.1399
1124	1.1546
1125	1.1739
1126	1.1821
1127	1.1858
1128	1.17
1129	1.1667
1130	1.1517
1131	1.143
1132	1.1393
1133	1.1362
1134	1.1329
1135	1.1266
1136	1.1238
1137	1.1212
1138	1.1114
1139	1.0953
1140	1.0927
1141	1.0882
1142	1.0835
1143	1.081
1144	1.0784
1145	1.0646
1146	1.0625
1147	1.0598
1148	1.0579
1149	1.0555
1150	1.054
1151	1.0522
1152	1.0454
1153	1.0418
1154	1.0403
1155	1.0364
1156	1.0364
1157	0.98354
1158	0.98237
1159	0.97966
1160	0.97915
1161	0.97824
1162	0.97626
1163	0.97408
1164	0.97148
1165	0.9671
1166	0.96417
1167	0.96306
1168	0.96157
1169	0.95677
1170	0.95562
1171	0.95423
1172	0.9528
1173	0.95147
1174	0.95026
1175	0.94768
1176	0.94473
1177	0.94343
1178	0.94154
1179	0.93945
1180	0.93862
1181	0.93774
1182	0.93684
1183	0.93258
1184	0.93204
1185	0.93011
1186	0.92957
1187	0.91363
1188	0.91124
1189	0.90475
1190	0.90238
1191	0.89919
1192	0.89295
1193	0.89103
1194	0.88924
1195	0.88512
1196	0.88096
1197	0.87877
1198	0.87277
1199	0.87076
1200	0.86844
1201	0.86351
1202	0.86492
1203	0.85705
1204	0.85414
1205	0.85293
1206	0.84085
1207	0.83483
1208	0.83222
1209	0.8294
1210	0.82376
1211	0.82324
1212	0.80072
1213	0.81352
1214	0.81145
1215	0.80949
1216	0.80491
1217	0.80248
1218	0.91839
1219	0.80541
1220	1.1891
1221	0.97062
1222	1.1779
1223	0.98678
1224	0.92904
1225	0.80229
1226	0.7991
1227	0.79601
1228	0.8099
1229	0.81228
1230	0.81618
1231	0.82398
1232	0.83124
1233	0.83391
1234	0.83638
1235	0.8391
1236	0.84406
1237	0.8466
1238	0.84848
1239	0.85073
1240	0.85291
1241	0.85709
1242	0.8647
1243	0.8667
1244	0.8687
1245	0.87108
1246	0.87378
1247	0.87627
1248	0.88305
1249	0.88494
1250	0.88675
1251	0.89492
1252	0.89758
1253	0.9015
1254	0.89983
1255	0.90342
1256	0.90475
1257	0.91515
1258	0.91746
1259	0.92006
1260	0.92298
1261	0.93088
1262	0.9329
1263	0.93646
1264	0.93803
1265	0.93833
1266	0.93891
1267	0.9395
1268	0.94005
1269	0.94094
1270	0.94156
1271	0.94233
1272	0.94304
1273	0.94384
1274	0.94472
1275	0.94582
1276	0.94661
1277	0.94729
1278	0.94994
1279	0.95191
1280	0.95248
1281	0.95263
1282	0.95614
1283	0.95721
1284	0.9598
1285	0.96124
1286	0.96197
1287	0.96274
1288	0.96571
1289	0.96691
1290	0.969
1291	0.96971
1292	0.97027
1293	0.97256
1294	0.97439
1295	0.97616
1296	0.97703
1297	0.97875
1298	0.97962
1299	0.98051
1300	0.98139
1301	0.98402
1302	0.9871
1303	0.98839
1304	0.98869
1305	0.98921
1306	0.98985
1307	0.9902
1308	1.0351
1309	1.0391
1310	1.0436
1311	1.0451
1312	1.0465
1313	1.0477
1314	1.05
1315	1.0536
1316	1.0553
1317	1.0572
1318	1.0588
1319	1.0608
1320	1.0627
1321	1.065
1322	1.0672
1323	1.0696
1324	1.0716
1325	1.0734
1326	1.0758
1327	1.0783
1328	1.081
1329	1.0843
1330	1.087
1331	1.0898
1332	1.0923
1333	1.0976
1334	1.0996
1335	1.1025
1336	1.1051
1337	1.1102
1338	1.1128
1339	1.1177
1340	1.1201
1341	1.1252
1342	1.128
1343	1.134
1344	1.137
1345	1.1398
1346	1.1422
1347	1.1446
1348	1.1528
1349	1.1556
1350	1.1587
1351	1.1617
1352	1.1646
1353	1.1677
1354	1.1707
1355	1.1764
1356	1.1832
1357	1.1905
1358	1.6469
1359	1.6376
1360	1.633
1361	1.6195
1362	1.615
1363	1.6059
1364	1.5969
1365	1.5923
1366	1.5833
1367	1.5788
1368	1.5653
1369	1.5562
1370	1.5426
1371	1.5336
1372	1.529
1373	1.5155
1374	1.5109
1375	1.4929
1376	1.4747
1377	1.4657
1378	1.4611
1379	1.4566
1380	1.4475
1381	1.443
1382	1.4385
1383	1.434
1384	1.4295
1385	1.4204
1386	1.4114
1387	1.4068
1388	1.3887
1389	1.3842
1390	1.3751
1391	1.3571
1392	1.3707
1393	1.3616
1394	1.3389
1395	1.3344
1396	1.3298
1397	1.3253
1398	1.3208
1399	1.3163
1400	1.3118
1401	1.3073
1402	1.2844
1403	1.2799
1404	1.2753
1405	1.2708
1406	1.2663
1407	1.2618
1408	1.2572
1409	1.2527
1410	1.2482
1411	1.2436
1412	1.2301
1413	1.2256
1414	1.2211
1415	1.2166
1416	1.2122
1417	1.2077
1418	1.2033
1419	1.1991
1420	1.1946
1421	1.1916
1422	1.1854
1423	1.1821
1424	1.1789
1425	1.1754
1426	1.1721
1427	1.1687
1428	1.1657
1429	1.1677
1430	1.157
1431	1.1541
1432	1.1508
1433	1.1478
1434	1.1449
1435	1.1421
1436	1.1357
1437	1.1321
1438	1.1288
1439	1.1257
1440	1.1225
1441	1.1198
1442	1.1149
1443	1.1124
1444	1.1097
1445	1.1074
1446	1.1049
1447	1.0949
1448	1.0928
1449	1.0908
1450	1.0885
1451	1.0863
1452	1.0842
1453	1.0819
1454	1.0797
1455	1.0774
1456	1.0758
1457	1.075
1458	1.073
1459	1.0706
1460	1.0683
1461	1.0664
1462	1.0644
1463	1.0623
1464	1.0603
1465	1.0582
1466	1.0566
1467	1.0552
1468	1.0534
1469	1.052
1470	1.0508
1471	1.0491
1472	1.0441
1473	1.0425
1474	1.0411
1475	1.0398
1476	1.0385
1477	1.0371
1478	1.0325
1479	1.0287
1480	1.0266
1481	1.0243
1482	1.0223
1483	1.0201
1484	1.0181
1485	1.016
1486	1.0119
1487	1.0097
1488	1.0076
1489	1.0055
1490	1.0033
1491	1.0012
1492	0.99912
1493	0.9969
1494	0.99461
1495	0.9924
1496	0.98992
1497	0.98595
1498	0.98073
1499	0.97963
1500	0.97797
1501	0.9766
1502	0.97622
1503	0.97274
1504	0.97218
1505	0.97137
1506	0.97054
1507	0.96965
1508	0.96877
1509	0.9679
1510	0.9634
1511	0.96247
1512	0.96151
1513	0.95915
1514	0.95739
1515	0.95662
1516	0.95555
1517	0.95495
1518	0.95416
1519	0.95212
1520	0.95139
1521	0.94878
1522	0.94776
1523	0.94652
1524	0.94505
1525	0.94434
1526	0.94339
1527	0.94129
1528	0.94023
1529	0.9392
1530	0.93784
1531	0.93712
1532	0.93633
1533	0.93463
1534	0.93402
1535	0.93358
1536	0.93209
1537	0.93125
1538	0.93058
1539	0.92984
1540	0.92935
1541	0.92864
1542	0.928
1543	0.92736
1544	0.92673
1545	0.92597
1546	0.92475
1547	0.91474
1548	0.91194
1549	0.90966
1550	0.90766
1551	0.90258
1552	0.89813
1553	0.89317
1554	0.89041
1555	0.88895
1556	0.88722
1557	0.88335
1558	0.87933
1559	0.8773
1560	0.8753
1561	0.87338
1562	0.87148
1563	0.86742
1564	0.86516
1565	0.86383
1566	0.86076
1567	0.85302
1568	0.85153
1569	0.84786
1570	0.84543
1571	0.84107
1572	0.83659
1573	0.83407
1574	0.83367
1575	0.83147
1576	0.82953
1577	0.82738
1578	0.82507
1579	0.82288
1580	0.82139
1581	0.82035
1582	0.80613
1583	0.81609
1584	0.81402
1585	0.81203
1586	0.81008
1587	0.80812
1588	0.79757
1589	0.79763
1590	0.79515
1591	0.79197
1592	0.921
1593	0.91897
1594	1.662
1595	1.6673
1596	1.6726
1597	1.678
1598	1.6827
1599	1.6881
1600	0.80788
1601	0.80535
1602	0.92748
1603	0.80391
1604	0.92554
1605	0.78825
1606	0.93506
1607	0.9253
1608	0.80274
1609	1.6936
1610	0.80163
1611	0.79941
1612	0.92373
1613	0.40802
1614	0.40869
1615	0.40951
1616	0.41068
1617	0.41184
1618	0.41453
1619	0.41285
1620	0.41643
1621	0.41488
1622	0.41828
1623	0.41679
1624	0.42237
1625	0.42072
1626	0.42343
1627	0.42765
1628	0.42607
1629	0.42886
1630	0.43363
1631	0.43189
1632	0.43506
1633	0.43858
1634	0.44397
1635	0.44203
1636	0.44564
1637	0.44959
1638	0.45363
1639	0.45993
1640	0.45769
1641	0.46437
1642	0.4617
1643	0.46926
1644	0.46628
1645	0.47831
1646	0.47578
1647	0.48064
1648	0.48829
1649	0.4856
1650	0.4907
1651	0.49593
1652	0.50417
1653	0.50105
1654	0.50668
1655	0.51572
1656	0.5124
1657	0.51809
1658	0.52369
1659	0.52984
1660	0.53884
1661	0.53573
1662	0.54502
1663	0.54161
1664	0.55128
1665	0.54773
1666	0.55425
1667	0.56063
1668	0.56686
1669	0.57684
1670	0.57345
1671	0.58003
1672	0.59016
1673	0.58677
1674	0.59317
1675	0.60018
1676	0.607
1677	0.614
1678	0.62105
1679	0.62789
1680	0.63519
1681	0.64239
1682	0.64937
1683	0.65686
1684	0.66401
1685	0.67125
1686	0.68264
1687	0.67885
1688	0.69013
1689	0.68614
1690	0.69764
1691	0.69378
1692	0.71276
1693	0.70871
1694	0.71648
1695	0.72415
1696	0.73195
1697	0.73982
1698	0.74725
1699	0.75504
1700	0.76274
1701	0.77059
1702	0.7852
1703	0.79383
1704	0.79154
1705	0.79689
1706	0.79508
1707	0.7983
1708	0.80062
1709	0.8048
1710	0.8086
1711	0.81428
1712	0.81236
1713	0.81623
1714	0.81955
1715	0.82328
1716	0.82731
1717	0.83186
1718	0.83094
1719	0.83516
1720	0.83323
1721	0.83722
1722	0.84018
1723	0.84398
1724	0.848
1725	0.85135
1726	0.85697
1727	0.85511
1728	0.85869
1729	0.86139
1730	0.86455
1731	0.86829
1732	0.87201
1733	0.87582
1734	0.8797
1735	0.88533
1736	0.88352
1737	0.88843
1738	0.88702
1739	0.89097
1740	0.89436
1741	0.89856
1742	0.90237
1743	0.90595
1744	0.90954
1745	0.91326
1746	0.91744
1747	0.92209
1748	0.92081
1749	0.92394
1750	0.92313
1751	0.92461
1752	0.92667
1753	0.92597
1754	0.92731
1755	0.92952
1756	0.9287
1757	0.9303
1758	0.93236
1759	0.93166
1760	0.93316
1761	0.93534
1762	0.93476
1763	0.93708
1764	0.93606
1765	0.93804
1766	0.94001
1767	0.94182
1768	0.94317
1769	0.94532
1770	0.94733
1771	0.95062
1772	0.95308
1773	0.95238
1774	0.95447
1775	0.95376
1776	0.95673
1777	0.95545
1778	0.95786
1779	0.96073
1780	0.95981
1781	0.96257
1782	0.96166
1783	0.96346
1784	0.9652
1785	0.96697
1786	0.9687
1787	0.97008
1788	0.9734
1789	0.97265
1790	0.97399
1791	0.97697
1792	0.97581
1793	0.97924
1794	0.97794
1795	0.98357
1796	0.98131
1797	0.9887
1798	0.98628
1799	0.99066
1800	0.99465
1801	0.99886
1802	1.003
1803	1.0094
1804	1.0074
1805	1.0115
1806	1.0179
1807	1.0157
1808	1.0199
1809	1.0242
1810	1.0289
1811	1.0273
1812	1.0298
1813	1.0324
1814	1.0353
1815	1.0395
1816	1.038
1817	1.0411
1818	1.0444
1819	1.0492
1820	1.0477
1821	1.0508
1822	1.056
1823	1.0542
1824	1.0599
1825	1.0579
1826	1.0639
1827	1.0619
1828	1.0659
1829	1.0702
1830	1.0737
1831	1.08
1832	1.0778
1833	1.0844
1834	1.0822
1835	1.0889
1836	1.0866
1837	1.0935
1838	1.0911
1839	1.0959
1840	1.1032
1841	1.1008
1842	1.1082
1843	1.1057
1844	1.1132
1845	1.1107
1846	1.1181
1847	1.1157
1848	1.1203
1849	1.1249
1850	1.1301
1851	1.1382
1852	1.1436
1853	1.1411
1854	1.1488
1855	1.1464
1856	1.1511
1857	1.1564
1858	1.1648
1859	1.1732
1860	1.1794
1861	1.1767
1862	1.192
1863	1.1886
1864	1.1956
1865	1.2037
1866	1.2123
1867	1.221
1868	1.23
1869	1.2481
1870	1.2572
1871	1.2662
1872	1.2797
1873	1.2752
1874	1.2843
1875	1.2934
1876	1.3026
1877	1.3116
1878	1.3207
1879	1.3297
1880	1.3388
1881	1.3479
1882	1.357
1883	1.366
1884	1.375
1885	1.3886
1886	1.3841
1887	1.3931
1888	1.4022
1889	1.4158
1890	1.4113
1891	1.4203
1892	1.4339
1893	1.4294
1894	1.4429
1895	1.4384
1896	1.4475
1897	1.4565
1898	1.4656
1899	1.4746
1900	1.4923
1901	1.5013
1902	1.5153
1903	1.5107
1904	1.5198
1905	1.5334
1906	1.5289
1907	1.538
1908	1.547
1909	1.5606
1910	1.5561
1911	1.5651
1912	1.5742
1913	1.5832
1914	1.5967
1915	1.5922
1916	1.6013
1917	1.6103
1918	1.6193
1919	1.6327
1920	1.6282
1921	1.6418
1922	1.6373
1923	1.6461
1924	1.6543
1925	1.6637
1926	1.673
1927	1.6828
1928	1.6888
1929	1.6791
1930	1.6703
1931	1.6613
1932	1.6518
1933	1.6424
1934	1.6332
1935	1.6241
1936	1.6151
1937	1.6061
1938	1.597
1939	1.588
1940	1.5699
1941	1.5609
1942	1.5518
1943	1.5382
1944	1.5428
1945	1.5337
1946	1.5249
1947	1.516
1948	1.5026
1949	1.507
1950	1.498
1951	1.489
1952	1.4795
1953	1.4658
1954	1.4703
1955	1.4612
1956	1.4522
1957	1.4431
1958	1.4341
1959	1.425
1960	1.416
1961	1.4069
1962	1.3978
1963	1.3888
1964	1.3797
1965	1.3707
1966	1.3572
1967	1.3617
1968	1.3299
1969	1.3345
1970	1.3254
1971	1.3073
1972	1.28
1973	1.2709
1974	1.2528
1975	1.2437
1976	1.2347
1977	1.2257
1978	1.2168
1979	1.2036
1980	1.2079
1981	1.1993
1982	1.1912
1983	1.1839
1984	1.1775
1985	1.1687
1986	1.1716
1987	1.1629
1988	1.1658
1989	1.157
1990	1.1599
1991	1.1514
1992	1.1542
1993	1.1487
1994	1.1436
1995	1.1353
1996	1.1382
1997	1.1325
1998	1.127
1999	1.1193
2000	1.1218
2001	1.1143
2002	1.1167
2003	1.1118
2004	1.1067
2005	1.1017
2006	1.0945
2007	1.0969
2008	1.0896
2009	1.092
2010	1.0853
2011	1.0875
2012	1.076
2013	1.0784
2014	1.0742
2015	1.0699
2016	1.0637
2017	1.0656
2018	1.0603
2019	1.0619
2020	1.0584
2021	1.0549
2022	1.0512
2023	1.0484
2024	1.0452
2025	1.042
2026	1.0353
2027	1.0383
2028	1.0267
2029	1.0289
2030	1.0245
2031	1.0204
2032	1.0162
2033	1.0119
2034	1.0078
2035	1.0022
2036	1.0039
2037	1.0005
2038	0.99468
2039	0.99628
2040	0.9932
2041	0.99392
2042	0.9917
2043	0.99242
2044	0.99123
2045	0.98849
2046	0.9895
2047	0.98664
2048	0.98752
2049	0.98578
2050	0.9831
2051	0.98399
2052	0.98134
2053	0.98221
2054	0.9796
2055	0.98047
2056	0.97872
2057	0.97696
2058	0.97518
2059	0.97363
2060	0.97119
2061	0.97201
2062	0.96923
2063	0.97024
2064	0.9682
2065	0.96462
2066	0.96363
2067	0.96164
2068	0.9596
2069	0.95774
2070	0.95598
2071	0.95485
2072	0.95235
2073	0.95325
2074	0.95062
2075	0.95146
2076	0.94904
2077	0.94979
2078	0.9473
2079	0.94822
2080	0.9457
2081	0.94647
2082	0.94496
2083	0.9428
2084	0.94352
2085	0.94151
2086	0.94213
2087	0.94038
2088	0.94092
2089	0.93903
2090	0.93893
2091	0.93882
2092	0.93727
2093	0.93549
2094	0.93467
2095	1.6988
2096	0.92934
2097	0.93276
2098	0.92541
2099	0.91896
2100	0.92119
2101	0.91489
2102	0.91689
2103	0.91297
2104	0.90962
2105	0.90591
2106	0.90311
2107	0.89792
2108	0.89987
2109	0.89607
2110	0.89032
2111	0.89219
2112	0.8885
2113	0.88487
2114	0.88145
2115	0.87791
2116	0.87453
2117	0.86854
2118	0.87053
2119	0.86651
2120	0.8639
2121	0.85842
2122	0.85976
2123	0.85476
2124	0.85681
2125	0.85091
2126	0.8528
2127	0.84937
2128	0.84636
2129	0.84079
2130	0.84279
2131	0.83886
2132	0.83332
2133	0.82717
2134	0.82364
2135	0.82542
2136	0.82182
2137	0.81813
2138	0.81487
2139	0.81163
2140	0.80356
2141	0.40804
2142	1.693
2143	1.6993
2144	0.93073
2145	0.92876
2146	0.93389
2147	0.41305
2148	0.4138
2149	0.4132
2150	0.41357
2151	0.41417
2152	0.41401
2153	0.41494
2154	0.41536
2155	0.41659
2156	0.41652
2157	0.4173
2158	0.41813
2159	0.4199
2160	0.42025
2161	0.42168
2162	0.42178
2163	0.42359
2164	0.42418
2165	0.42533
2166	0.42601
2167	0.42862
2168	0.43006
2169	0.43123
2170	0.43399
2171	0.43563
2172	0.43702
2173	0.43915
2174	0.44013
2175	0.44229
2176	0.44574
2177	0.44698
2178	0.44888
2179	0.4506
2180	0.45303
2181	0.457
2182	0.45854
2183	0.46094
2184	0.46488
2185	0.46654
2186	0.46943
2187	0.47124
2188	0.47393
2189	0.47554
2190	0.4785
2191	0.4804
2192	0.48526
2193	0.48811
2194	0.49296
2195	0.49533
2196	0.49798
2197	0.50045
2198	0.50323
2199	0.50547
2200	0.5087
2201	0.51124
2202	0.51415
2203	0.51671
2204	0.52006
2205	0.52209
2206	0.52526
2207	0.53138
2208	0.53378
2209	0.53716
2210	0.54307
2211	0.54566
2212	0.54931
2213	0.55182
2214	0.55546
2215	0.55826
2216	0.5615
2217	0.56455
2218	0.56802
2219	0.57083
2220	0.57444
2221	0.57732
2222	0.58065
2223	0.58376
2224	0.58722
2225	0.59055
2226	0.59402
2227	0.59695
2228	0.60069
2229	0.60391
2230	0.60737
2231	0.61062
2232	0.61421
2233	0.61753
2234	0.62118
2235	0.62845
2236	0.63147
2237	0.63519
2238	0.64223
2239	0.64586
2240	0.64959
2241	0.65663
2242	0.66015
2243	0.66388
2244	0.67119
2245	0.67467
2246	0.67891
2247	0.68599
2248	0.68939
2249	0.69343
2250	0.69705
2251	0.70088
2252	0.70434
2253	0.70838
2254	0.71189
2255	0.71597
2256	0.71943
2257	0.72365
2258	0.72722
2259	0.73108
2260	0.73503
2261	0.73851
2262	0.74261
2263	0.75029
2264	0.75386
2265	0.75802
2266	0.76176
2267	0.76574
2268	0.76946
2269	0.77357
2270	0.77751
2271	0.7818
2272	0.78568
2273	0.79022
2274	0.79355
2275	0.79714
2276	0.79951
2277	0.40771
2278	0.41313
2279	1.6981
2280	0.40761
2281	0.80064
2282	0.799
2283	0.79552
2284	0.79204
2285	0.78816
2286	0.78409
2287	0.78005
2288	0.77652
2289	0.77256
2290	0.76876
2291	0.76485
2292	0.76123
2293	0.75704
2294	0.75327
2295	0.74925
2296	0.74562
2297	0.74177
2298	0.7383
2299	0.73429
2300	0.73052
2301	0.72668
2302	0.72272
2303	0.71936
2304	0.71528
2305	0.71178
2306	0.70767
2307	0.70428
2308	0.70038
2309	0.6969
2310	0.69277
2311	0.68949
2312	0.6856
2313	0.68229
2314	0.67818
2315	0.67469
2316	0.67086
2317	0.66749
2318	0.66369
2319	0.66009
2320	0.65645
2321	0.65328
2322	0.64938
2323	0.64573
2324	0.6422
2325	0.63889
2326	0.63524
2327	0.63221
2328	0.62831
2329	0.62488
2330	0.6213
2331	0.61794
2332	0.61446
2333	0.61123
2334	0.60775
2335	0.60468
2336	0.60083
2337	0.59775
2338	0.59428
2339	0.59134
2340	0.5878
2341	0.58459
2342	0.58136
2343	0.57862
2344	0.57497
2345	0.57182
2346	0.56852
2347	0.56544
2348	0.56208
2349	0.55974
2350	0.55623
2351	0.5536
2352	0.55009
2353	0.54723
2354	0.54413
2355	0.54122
2356	0.53815
2357	0.53581
2358	0.53246
2359	0.52959
2360	0.52671
2361	0.52454
2362	0.52123
2363	0.51851
2364	0.51573
2365	0.51341
2366	0.51026
2367	0.50795
2368	0.50482
2369	0.50275
2370	0.5
2371	0.49776
2372	0.49487
2373	0.49256
2374	0.49004
2375	0.48818
2376	0.48533
2377	0.48346
2378	0.48064
2379	0.47893
2380	0.47623
2381	0.4745
2382	0.47171
2383	0.46972
2384	0.46761
2385	0.46612
2386	0.46358
2387	0.462
2388	0.45956
2389	0.45822
2390	0.45578
2391	0.45408
2392	0.45217
2393	0.45097
2394	0.44886
2395	0.44753
2396	0.44552
2397	0.44442
2398	0.44077
2399	0.43939
2400	0.43847
2401	0.43668
2402	0.43553
2403	0.4337
2404	0.43291
2405	0.4316
2406	0.43057
2407	0.42934
2408	0.42891
2409	0.42753
2410	0.42731
2411	0.42579
2412	0.42495
2413	0.42384
2414	0.42369
2415	0.42272
2416	0.42201
2417	0.42155
2418	0.42068
2419	0.42032
2420	0.41963
2421	0.41994
2422	0.41919
2423	0.41891
2424	0.4193
2425	0.41866
2426	0.41888
2427	0.93279
2428	0.9273
2429	1.7046
2430	1.7042
2431	1.7035
2432	0.80271
2433	0.80766
2434	0.8097
2435	0.81154
2436	0.81323
2437	0.81496
2438	0.81662
2439	0.81827
2440	0.82175
2441	0.82353
2442	0.82531
2443	0.82707
2444	0.82881
2445	0.83061
2446	0.83434
2447	0.8361
2448	0.83759
2449	0.83888
2450	0.84073
2451	0.84258
2452	0.84443
2453	0.84627
2454	0.84801
2455	0.85135
2456	0.85301
2457	0.85477
2458	0.85658
2459	0.85846
2460	0.8602
2461	0.86183
2462	0.86361
2463	0.8655
2464	0.8674
2465	0.86898
2466	0.87056
2467	0.87238
2468	0.87424
2469	0.87608
2470	0.87783
2471	0.87959
2472	0.8814
2473	0.88315
2474	0.88487
2475	0.88662
2476	0.88839
2477	0.89018
2478	0.89197
2479	0.8956
2480	0.89743
2481	0.89925
2482	0.90111
2483	0.9029
2484	0.9046
2485	0.90627
2486	0.90785
2487	0.90963
2488	0.91139
2489	0.91485
2490	0.91668
2491	0.91856
2492	0.92048
2493	0.92244
2494	0.92439
2495	0.92633
2496	0.92817
2497	0.92996
2498	0.93188
2499	0.93404
2500	0.93687
2501	0.93476
2502	0.93711
2503	0.93748
2504	0.9381
2505	0.93882
2506	0.94034
2507	0.94096
2508	0.94141
2509	0.94185
2510	0.9427
2511	0.9434
2512	0.94405
2513	0.94471
2514	0.9454
2515	0.94612
2516	0.94685
2517	0.94758
2518	0.94833
2519	0.94909
2520	0.94988
2521	0.95071
2522	0.95153
2523	0.95231
2524	0.95311
2525	0.95392
2526	0.95476
2527	0.95646
2528	0.95724
2529	0.95794
2530	0.95865
2531	0.95948
2532	0.96033
2533	0.96209
2534	0.96302
2535	0.96391
2536	0.9645
2537	0.96587
2538	0.96649
2539	0.968
2540	0.96887
2541	0.96979
2542	0.97069
2543	0.97163
2544	0.97256
2545	0.97347
2546	0.97434
2547	0.97518
2548	0.97604
2549	0.9777
2550	0.97859
2551	0.98037
2552	0.98123
2553	0.98211
2554	0.98299
2555	0.98387
2556	0.98475
2557	0.98564
2558	0.98654
2559	0.98744
2560	0.98832
2561	0.9892
2562	0.99008
2563	0.99101
2564	0.99195
2565	0.9929
2566	0.99375
2567	0.99453
2568	0.99547
2569	0.99653
2570	0.99763
2571	0.99863
2572	1.0006
2573	1.003
2574	1.005
2575	1.0065
2576	1.0082
2577	1.0103
2578	1.0122
2579	1.0144
2580	1.0163
2581	1.0186
2582	1.0206
2583	1.0227
2584	1.0247
2585	1.0269
2586	1.0289
2587	1.0309
2588	1.0347
2589	1.0373
2590	1.0391
2591	1.0415
2592	1.0434
2593	1.0453
2594	1.0469
2595	1.0484
2596	1.0498
2597	1.0514
2598	1.0529
2599	1.0544
2600	1.0561
2601	1.0578
2602	1.0595
2603	1.0613
2604	1.0631
2605	1.0648
2606	1.0666
2607	1.0685
2608	1.0705
2609	1.0725
2610	1.0746
2611	1.0767
2612	1.0787
2613	1.0808
2614	1.083
2615	1.0852
2616	1.0875
2617	1.0896
2618	1.0919
2619	1.0942
2620	1.0965
2621	1.0988
2622	1.1012
2623	1.1036
2624	1.1061
2625	1.1086
2626	1.111
2627	1.1135
2628	1.116
2629	1.1185
2630	1.121
2631	1.1236
2632	1.1261
2633	1.1287
2634	1.1313
2635	1.134
2636	1.1367
2637	1.1394
2638	1.1422
2639	1.1449
2640	1.1475
2641	1.1502
2642	1.1528
2643	1.1556
2644	1.1584
2645	1.1612
2646	1.164
2647	1.1669
2648	1.1697
2649	1.1726
2650	1.1754
2651	1.1783
2652	1.1811
2653	1.1842
2654	1.1876
2655	1.1914
2656	1.1952
2657	1.1994
2658	1.2039
2659	1.2085
2660	1.2132
2661	1.2174
2662	1.2214
2663	1.2259
2664	1.2304
2665	1.2349
2666	1.2394
2667	1.2438
2668	1.2483
2669	1.2529
2670	1.2574
2671	1.2619
2672	1.2665
2673	1.271
2674	1.2755
2675	1.2801
2676	1.2847
2677	1.2892
2678	1.2937
2679	1.2983
2680	1.303
2681	1.3074
2682	1.3119
2683	1.3164
2684	1.3209
2685	1.3254
2686	1.3299
2687	1.3345
2688	1.339
2689	1.3436
2690	1.3483
2691	1.3528
2692	1.3574
2693	1.3663
2694	1.3708
2695	1.3753
2696	1.3798
2697	1.3843
2698	1.3888
2699	1.3934
2700	1.3979
2701	1.4025
2702	1.407
2703	1.4115
2704	1.4161
2705	1.4206
2706	1.4251
2707	1.4296
2708	1.4342
2709	1.4387
2710	1.4432
2711	1.4477
2712	1.4523
2713	1.4568
2714	1.4614
2715	1.4659
2716	1.4704
2717	1.475
2718	1.4795
2719	1.4842
2720	1.4887
2721	1.4933
2722	1.4978
2723	1.5022
2724	1.5068
2725	1.5113
2726	1.5158
2727	1.5202
2728	1.5248
2729	1.5293
2730	1.5338
2731	1.5383
2732	1.5429
2733	1.5474
2734	1.5519
2735	1.5565
2736	1.561
2737	1.5655
2738	1.57
2739	1.5745
2740	1.5791
2741	1.5836
2742	1.5881
2743	1.5926
2744	1.5972
2745	1.6017
2746	1.6062
2747	1.6108
2748	1.6153
2749	1.6198
2750	1.6243
2751	1.6288
2752	1.6334
2753	1.6379
2754	1.6425
2755	1.6471
2756	1.6517
2757	1.6563
2758	1.6609
2759	1.6655
2760	1.6698
2761	1.6744
2762	1.679
2763	1.6836
2764	1.6881
2765	1.6929
2766	1.6977
2767	1.7022
2768	1.7064
2769	0.40644
2770	0.41183
2771	0.41804
2772	1.7026
2773	1.6979
2774	1.6927
2775	1.6876
2776	1.6829
2777	1.678
2778	1.6733
2779	1.6687
2780	1.6641
2781	1.6595
2782	1.655
2783	1.6505
2784	1.6462
2785	1.6417
2786	1.6373
2787	1.6328
2788	1.6283
2789	1.6238
2790	1.6192
2791	1.6147
2792	1.6102
2793	1.6057
2794	1.6012
2795	1.5967
2796	1.5921
2797	1.5876
2798	1.5831
2799	1.5786
2800	1.5741
2801	1.5696
2802	1.565
2803	1.5605
2804	1.556
2805	1.5515
2806	1.5469
2807	1.5424
2808	1.5379
2809	1.5333
2810	1.5288
2811	1.5243
2812	1.5198
2813	1.5152
2814	1.5106
2815	1.506
2816	1.5015
2817	1.4969
2818	1.4925
2819	1.488
2820	1.4836
2821	1.479
2822	1.4745
2823	1.47
2824	1.4655
2825	1.461
2826	1.4564
2827	1.4519
2828	1.4474
2829	1.4429
2830	1.4384
2831	1.4339
2832	1.4293
2833	1.4248
2834	1.4203
2835	1.4158
2836	1.4112
2837	1.4067
2838	1.4021
2839	1.3976
2840	1.3931
2841	1.3886
2842	1.3795
2843	1.375
2844	1.3704
2845	1.3658
2846	1.3614
2847	1.3569
2848	1.3524
2849	1.3477
2850	1.3433
2851	1.3388
2852	1.3342
2853	1.3297
2854	1.3252
2855	1.3206
2856	1.3161
2857	1.3115
2858	1.307
2859	1.3025
2860	1.298
2861	1.2934
2862	1.2889
2863	1.2843
2864	1.2798
2865	1.2752
2866	1.2707
2867	1.2662
2868	1.2616
2869	1.2571
2870	1.2526
2871	1.248
2872	1.2435
2873	1.239
2874	1.2344
2875	1.2254
2876	1.2209
2877	1.2165
2878	1.2124
2879	1.2081
2880	1.2039
2881	1.1995
2882	1.1957
2883	1.1918
2884	1.1883
2885	1.1852
2886	1.1823
2887	1.1796
2888	1.1771
2889	1.1746
2890	1.172
2891	1.1695
2892	1.1667
2893	1.164
2894	1.1612
2895	1.1584
2896	1.1557
2897	1.1531
2898	1.1504
2899	1.1478
2900	1.1452
2901	1.1424
2902	1.1398
2903	1.1371
2904	1.1344
2905	1.1317
2906	1.1291
2907	1.1265
2908	1.1239
2909	1.1214
2910	1.1189
2911	1.1165
2912	1.114
2913	1.1115
2914	1.109
2915	1.1065
2916	1.104
2917	1.1015
2918	1.0991
2919	1.0966
2920	1.0942
2921	1.0918
2922	1.0894
2923	1.0871
2924	1.0848
2925	1.0825
2926	1.0803
2927	1.078
2928	1.0758
2929	1.0736
2930	1.0716
2931	1.0696
2932	1.0676
2933	1.0655
2934	1.0614
2935	1.0594
2936	1.0574
2937	1.0554
2938	1.0535
2939	1.0517
2940	1.0499
2941	1.0481
2942	1.0464
2943	1.0448
2944	1.0431
2945	1.0414
2946	1.0397
2947	1.0381
2948	1.0366
2949	1.035
2950	1.0336
2951	1.0321
2952	1.0307
2953	1.0293
2954	1.0279
2955	1.0265
2956	1.025
2957	1.0234
2958	1.0217
2959	1.0196
2960	1.0176
2961	1.0152
2962	1.0134
2963	1.011
2964	1.0091
2965	1.0068
2966	1.0049
2967	1.0029
2968	1.0007
2969	0.99845
2970	0.99656
2971	0.99439
2972	0.99239
2973	0.99028
2974	0.98859
2975	0.98647
2976	0.98496
2977	0.98232
2978	0.98025
2979	0.97846
2980	0.97677
2981	0.97541
2982	0.97436
2983	0.97334
2984	0.9725
2985	0.97151
2986	0.97069
2987	0.96993
2988	0.96938
2989	0.96767
2990	0.96691
2991	0.96609
2992	0.96521
2993	0.96432
2994	0.96343
2995	0.96254
2996	0.96166
2997	0.96078
2998	0.95989
2999	0.95898
3000	0.95807
3001	0.95716
3002	0.95624
3003	0.9553
3004	0.95429
3005	0.95324
3006	0.95229
3007	0.95146
3008	0.95067
3009	0.94988
3010	0.94903
3011	0.94813
3012	0.94724
3013	0.94639
3014	0.94558
3015	0.9438
3016	0.94287
3017	0.94191
3018	0.94096
3019	0.94011
3020	0.93935
3021	0.9385
3022	0.93762
3023	0.93671
3024	0.9358
3025	0.9349
3026	0.934
3027	0.93318
3028	0.93245
3029	0.93168
3030	0.93086
3031	0.93006
3032	0.92929
3033	0.92857
3034	0.92781
3035	0.92702
3036	0.92624
3037	0.92549
3038	0.92477
3039	0.92406
3040	0.92333
3041	0.92262
3042	0.92191
3043	0.9212
3044	0.92042
3045	0.91953
3046	0.9171
3047	0.91546
3048	0.91357
3049	0.9116
3050	0.90965
3051	0.90779
3052	0.90598
3053	0.90412
3054	0.90227
3055	0.90044
3056	0.8986
3057	0.89671
3058	0.89478
3059	0.8928
3060	0.89085
3061	0.88902
3062	0.88692
3063	0.88531
3064	0.8836
3065	0.88181
3066	0.87996
3067	0.8781
3068	0.87436
3069	0.8725
3070	0.87063
3071	0.86881
3072	0.86699
3073	0.86517
3074	0.86335
3075	0.86161
3076	0.85991
3077	0.85807
3078	0.8565
3079	0.85499
3080	0.85324
3081	0.85141
3082	0.8496
3083	0.84784
3084	0.84611
3085	0.84429
3086	0.8424
3087	0.84053
3088	0.83874
3089	0.83705
3090	0.83538
3091	0.83356
3092	0.83173
3093	0.83009
3094	0.82862
3095	0.82695
3096	0.82517
3097	0.82333
3098	0.82144
3099	0.81955
3100	0.81779
3101	0.81609
3102	0.81434
3103	0.81252
3104	0.81069
3105	0.80887
3106	0.80707
3107	0.80526
3108	0.80343
3109	0.80155
3110	0.79966
3111	0.79785
3112	0.79629
3113	0.79479
3114	0.79295
3115	0.79103
3116	0.78862
3117	0.78556
3118	0.78197
3119	0.77887
3120	0.77523
3121	0.77123
3122	0.76747
3123	0.76359
3124	0.7598
3125	0.75575
3126	0.75204
3127	0.74804
3128	0.74418
3129	0.74015
3130	0.73241
3131	0.72875
3132	0.72494
3133	0.72101
3134	0.71733
3135	0.71336
3136	0.70955
3137	0.7055
3138	0.69816
3139	0.69439
3140	0.6905
3141	0.68683
3142	0.68289
3143	0.6793
3144	0.67557
3145	0.67188
3146	0.66448
3147	0.6606
3148	0.65705
3149	0.64971
3150	0.64598
3151	0.6425
3152	0.63514
3153	0.63178
3154	0.62809
3155	0.6211
3156	0.6174
3157	0.61393
3158	0.60698
3159	0.60345
3160	0.60012
3161	0.59657
3162	0.59317
3163	0.58945
3164	0.5863
3165	0.58292
3166	0.5762
3167	0.573
3168	0.56957
3169	0.56647
3170	0.56291
3171	0.55987
3172	0.55663
3173	0.55019
3174	0.5471
3175	0.54363
3176	0.54079
3177	0.53747
3178	0.53463
3179	0.53152
3180	0.52875
3181	0.52263
3182	0.51952
3183	0.5166
3184	0.51386
3185	0.51111
3186	0.50812
3187	0.5053
3188	0.50233
3189	0.49965
3190	0.49658
3191	0.49417
3192	0.49154
3193	0.48887
3194	0.48609
3195	0.48365
3196	0.48097
3197	0.47594
3198	0.47359
3199	0.47101
3200	0.46636
3201	0.46414
3202	0.46141
3203	0.45942
3204	0.45691
3205	0.455
3206	0.45277
3207	0.4508
3208	0.44674
3209	0.44458
3210	0.44284
3211	0.44056
3212	0.43886
3213	0.43687
3214	0.4353
3215	0.43348
3216	0.43177
3217	0.42986
3218	0.42843
3219	0.42679
3220	0.4238
3221	0.42238
3222	0.42081
3223	0.41814
3224	0.41701
3225	0.41555
3226	0.41339
3227	0.41261
3228	0.41147
3229	0.41068
3230	0.40958
3231	0.40889
3232	0.40744
3233	0.40708
3234	0.40646
3235	0.40567
3236	0.40515
3237	0.40437
3238	0.40403
3239	0.40331
3240	0.40331
3241	0.40251
3242	0.40257
3243	0.40249
3244	0.40215
3245	0.4021
3246	0.40171
3247	0.92776
3248	0.93216
3249	0.92353
3250	0.92962
3251	0.93006
3252	0.92606
3253	0.92555
3254	0.92858
3255	0.90107
3256	0.96365
3257	1.1224
3258	0.96609
3259	0.96723
3260	1.1868
3261	1.6148
3262	0.95413
3263	1.3932
3264	1.6238
3265	0.80671
3266	1.4159
3267	1.1297
3268	0.77842
3269	0.90412
3270	0.90784
3271	1.6285
3272	1.5381
3273	0.83659
3274	1.5744
3275	0.6756
3276	0.53338
3277	0.52092
3278	0.45581
3279	0.44821
3280	1.4205
3281	1.3252
3282	1.1173
3283	1.2754
3284	1.1276
3285	1.4881
3286	1.3977
3287	0.73548
3288	0.70132
3289	0.61054
3290	0.47081
3291	0.41879
3292	1.6379
3293	1.5563
3294	0.99271
3295	0.82131
3296	1.5607
3297	0.75088
3298	0.66802
3299	0.65312
3300	0.6387
3301	0.62506
3302	0.52695
3303	0.45188
3304	0.40863
3305	0.78862
3306	1.0973
3307	1.6287
3308	0.84344
3309	1.1874
3310	0.77444
3311	0.41259
3312	0.50961
3313	0.44055
3314	0.59709
3315	0.72063
3316	1.1952
3317	0.80536
3318	1.3071
3319	0.84142
3320	0.82535
3321	1.4386
3322	0.89237
3323	0.81809
3324	0.87015
3325	0.68218
3326	0.66728
3327	0.65281
3328	0.63861
3329	0.62463
3330	0.53993
3331	0.52794
3332	0.48325
3333	0.46261
3334	0.45419
3335	0.43308
3336	0.42792
3337	0.4183
3338	0.96141
3339	1.3615
3340	1.3843
3341	1.6563
3342	1.6683
3343	1.2436
3344	0.95542
3345	0.93195
3346	0.88163
3347	1.0314
3348	1.0525
3349	0.90896
3350	0.93484
3351	0.90473
3352	1.6936
3353	1.3209
3354	1.4249
3355	0.5576
3356	0.99833
3357	0.95639
3358	0.85937
3359	0.74623
3360	0.48986
3361	0.95363
3362	0.90045
3363	1.52
3364	1.2664
3365	1.083
3366	0.49339
3367	0.98574
3368	1.1226
3369	1.5205
3370	1.0438
3371	0.97277
3372	0.96064
3373	1.6058
3374	0.9157
3375	0.92801
3376	0.84966
3377	0.99679
3378	1.4841
3379	1.2617
3380	1.5114
3381	0.78209
3382	1.5787
3383	0.88123
3384	1.2573
3385	0.9185
3386	1.4965
3387	1.2483
3388	1.6015
3389	1.3118
3390	1.4791
3391	0.84792
3392	1.5654
3393	0.87541
3394	0.93547
3395	0.98081
3396	1.3162
3397	1.4295
3398	0.82921
3399	0.81634
3400	0.96046
3401	1.1795
3402	0.96625
3403	1.0337
3404	0.95924
3405	0.96798
3406	0.94632
3407	0.97444
3408	0.93104
3409	0.89337
3410	0.40797
3411	0.92529
3412	0.91537
3413	1.2346
3414	1.6572
3415	1.5014
3416	0.9695
3417	0.49868
3418	0.8695
3419	1.1409
3420	1.2345
3421	0.83907
3422	0.97784
3423	1.3796
3424	0.44361
3425	1.3661
3426	0.93252
3427	1.0441
3428	1.0332
3429	0.94972
3430	1.0331
3431	1.1885
3432	0.82711
3433	1.659
3434	0.93633
3435	1.2391
3436	1.6661
3437	0.81003
3438	1.688
3439	1.5834
3440	1.0366
3441	1.4701
3442	0.96401
3443	0.97342
3444	1.684
3445	1.4836
3446	0.8001
3447	0.89412
3448	0.90716
3449	0.83135
3450	0.81996
3451	0.95371
3452	0.9489
3453	1.0519
3454	0.97531
3455	0.93149
3456	0.95766
3457	1.0983
3458	0.93902
3459	0.95865
3460	1.3163
3461	1.4749
3462	1.2707
3463	1.5877
3464	1.0942
3465	0.94817
3466	0.96437
3467	1.5789
3468	1.2619
3469	1.0262
3470	1.0308
3471	0.94241
3472	0.93824
3473	1.0137
3474	0.95887
3475	0.95834
3476	0.9654
3477	0.87777
3478	0.97125
3479	1.5516
3480	0.83876
3481	1.3434
3482	1.4024
3483	0.95315
3484	1.4068
3485	1.5473
3486	1.3391
3487	0.90054
3488	0.9516
3489	1.2212
3490	0.92141
3491	1.2167
3492	0.85598
3493	1.3705
3494	1.3752
3495	1.5472
3496	0.90801
3497	1.1998
3498	0.95869
3499	0.98308
3500	0.88102
3501	1.4023
3502	0.97603
3503	1.0948
3504	0.88724
3505	1.5294
3506	0.83536
3507	0.88304
3508	0.94881
3509	0.98221
3510	0.80273
3511	0.87257
3512	0.97279
3513	0.91921
3514	1.6014
3515	0.82645
3516	1.2256
3517	1.0984
3518	0.70515
3519	0.5834
3520	0.48357
3521	0.47384
3522	0.43046
3523	0.42482
3524	0.41997
3525	0.91121
3526	1.0721
3527	0.95085
3528	0.91113
3529	1.2889
3530	1.2122
3531	1.4567
3532	0.9562
3533	0.9234
3534	0.57061
3535	0.98596
3536	0.8292
3537	1.3662
3538	1.1042
3539	1.0467
3540	1.3796
3541	0.98315
3542	0.94473
3543	0.99053
3544	0.81421
3545	0.85012
3546	0.89379
3547	0.83253
3548	0.81998
3549	0.98488
3550	0.8013
3551	0.97348
3552	0.87391
3553	0.96058
3554	1.1077
3555	0.86637
3556	0.97688
3557	0.94472
3558	0.93956
3559	1.5425
3560	0.94043
3561	0.8497
3562	0.86164
3563	1.0461
3564	1.3342
3565	0.92714
3566	1.4114
3567	1.1745
3568	1.0331
3569	1.506
3570	1.2392
3571	1.0224
3572	0.93399
3573	0.9672
3574	0.95518
3575	1.0053
3576	0.9676
3577	1.0183
3578	0.88136
3579	1.5925
3580	1.0141
3581	1.1294
3582	0.9612
3583	1.1705
3584	1.6777
3585	1.5743
3586	1.1243
3587	1.6422
3588	1.6471
3589	1.5878
3590	1.5246
3591	1.5244
3592	1.0427
3593	1.4839
3594	1.6106
3595	1.461
3596	1.452
3597	1.2845
3598	1.4476
3599	1.298
3600	0.95686
3601	1.0635
3602	0.8965
3603	0.90161
3604	0.89595
3605	0.89563
3606	1.3933
3607	1.3525
3608	1.4702
3609	0.87624
3610	0.41111
3611	0.40989
3612	0.56387
3613	0.76658
3614	0.75879
3615	1.1537
3616	0.93631
3617	1.0806
3618	1.2299
3619	0.87985
3620	0.81047
3621	1.3618
3622	1.3841
3623	0.74316
3624	0.66044
3625	0.64604
3626	0.63161
3627	0.61754
3628	0.96434
3629	0.85015
3630	0.93292
3631	1.6744
3632	0.85487
3633	1.6504
3634	0.88668
3635	0.81335
3636	1.1737
3637	1.0222
3638	0.9442
3639	0.9619
3640	1.208
3641	0.97946
3642	0.72801
3643	0.60371
3644	0.43694
3645	1.0722
3646	0.96786
3647	0.94426
3648	0.94092
3649	0.80612
3650	0.83741
3651	1.1854
3652	1.0099
3653	1.0057
3654	1.001
3655	1.0566
3656	1.0993
3657	0.80831
3658	1.2302
3659	1.0311
3660	1.5696
3661	0.95092
3662	1.4933
3663	1.6196
3664	1.2526
3665	0.82033
3666	1.1461
3667	0.85319
3668	0.84607
3669	0.95869
3670	0.96464
3671	1.1309
3672	1.0532
3673	1.1352
3674	0.73655
3675	0.70192
3676	0.6679
3677	0.65347
3678	0.63888
3679	0.62445
3680	0.61039
3681	0.57969
3682	0.55357
3683	0.52562
3684	0.47866
3685	0.46884
3686	0.44862
3687	0.44235
3688	0.42538
3689	0.41957
3690	0.41461
3691	1.1153
3692	0.84478
3693	0.84206
3694	0.95561
3695	0.88483
3696	0.97694
3697	0.88311
3698	0.91936
3699	0.86298
3700	1.0399
3701	0.91308
3702	1.1092
3703	1.0497
3704	1.1325
3705	0.87609
3706	0.82821
3707	1.068
3708	0.91712
3709	0.97524
3710	1.2391
3711	1.5061
3712	1.1805
3713	1.0677
3714	0.81832
3715	1.0756
3716	0.94999
3717	1.5517
3718	1.6104
3719	0.88534
3720	0.96706
3721	0.97787
3722	1.4249
3723	1.3978
3724	1.4793
3725	1.4521
3726	0.87894
3727	0.98225
3728	0.97543
3729	0.98487
3730	0.97194
3731	0.94238
3732	1.4884
3733	1.652
3734	1.5698
3735	1.624
3736	1.0313
3737	1.0471
3738	1.1577
3739	0.89147
3740	0.88141
3741	0.83105
3742	0.93538
3743	0.95585
3744	0.94231
3745	0.93996
3746	0.94133
3747	0.93883
3748	1.0475
3749	1.046
3750	1.0506
3751	1.0489
3752	0.95822
3753	0.95721
3754	0.961
3755	0.96008
3756	0.93137
3757	0.93073
3758	0.9341
3759	0.93343
3760	0.93681
3761	0.93618
3762	0.93883
3763	0.93955
3764	0.93607
3765	0.93679
3766	0.93332
3767	0.93403
3768	0.97956
3769	0.97682
3770	1.1487
3771	1.1457
3772	1.1498
3773	1.1471
3774	0.97325
3775	0.97239
3776	0.97598
3777	0.97512
3778	0.92319
3779	0.92135
3780	1.289
3781	1.2891
3782	1.2936
3783	1.2936
3784	1.2982
3785	1.2982
3786	1.3028
3787	1.3028
3788	0.90597
3789	0.90443
3790	0.90877
3791	0.90676
3792	0.91107
3793	0.909
3794	0.91303
3795	0.91104
3796	1.0139
3797	1.0431
3798	0.95007
3799	0.96057
3800	0.95804
3801	0.91643
3802	1.0922
3803	1.0901
3804	0.85629
3805	1.0859
3806	1.1141
3807	0.89979
3808	0.94811
3809	0.949
3810	0.94564
3811	0.94653
3812	0.94321
3813	0.94419
3814	0.94091
3815	0.94185
3816	1.3435
3817	1.3436
3818	1.348
3819	1.3481
3820	1.3526
3821	1.3527
3822	0.85898
3823	0.85693
3824	0.86095
3825	0.8586
3826	0.86252
3827	0.86003
3828	0.86404
3829	0.86043
3830	0.94029
3831	0.94115
3832	0.93756
3833	0.93845
3834	0.93477
3835	0.93565
3836	0.98457
3837	0.98541
3838	0.98231
3839	0.98266
3840	1.1824
3841	0.96619
3842	0.9653
3843	0.96803
3844	1.1024
3845	1.0998
3846	1.1037
3847	1.1011
3848	1.0408
3849	1.0422
3850	1.0376
3851	1.0389
3852	1.0343
3853	1.0357
3854	0.96979
3855	0.96894
3856	0.97253
3857	0.97166
3858	0.97521
3859	0.97435
3860	0.97563
3861	0.97493
3862	0.9785
3863	0.9777
3864	0.98126
3865	0.98043
3866	0.87307
3867	0.87178
3868	0.87055
3869	0.86935
3870	0.86783
3871	0.86666
3872	0.87672
3873	0.87474
3874	0.87814
3875	0.87612
3876	0.87959
3877	0.87757
3878	1.162
3879	1.1592
3880	1.1626
3881	1.1599
3882	1.1636
3883	1.1606
3884	0.94677
3885	0.94582
3886	0.94922
3887	0.94822
3888	0.9517
3889	0.95071
3890	0.95425
3891	0.95335
3892	0.93642
3893	0.93573
3894	1.497
3895	1.1088
3896	0.81645
3897	0.89267
3898	0.97069
3899	0.97164
3900	0.96792
3901	0.96889
3902	0.96517
3903	0.96613
3904	0.81785
3905	0.81562
3906	0.81932
3907	0.81708
3908	0.82064
3909	0.81855
3910	0.82208
3911	0.82014
3912	0.88861
3913	0.89058
3914	0.88677
3915	0.88885
3916	0.88487
3917	0.88698
3918	1.0669
3919	1.0689
3920	1.0705
3921	1.0732
3922	1.0758
3923	1.1186
3924	1.1163
3925	0.84341
3926	0.84619
3927	0.86219
3928	1.7073
3929	1.7043
3930	1.7111
3931	1.7089
3932	1.7081
3933	1.7052
3934	1.7089
3935	1.706
3936	1.7097
3937	1.7068
3938	1.7104
3939	1.7073
3940	1.7086
3941	1.1855
3942	1.1827
3943	1.184
3944	1.1889
3945	1.1874
3946	1.1926
3947	1.191
3948	1.1966
3949	1.1949
3950	1.2009
3951	1.1991
3952	1.2053
3953	1.2035
3954	1.2097
3955	1.208
3956	1.2142
3957	1.2126
3958	1.2188
3959	1.217
3960	1.2233
3961	1.2212
3962	1.2279
3963	1.2257
3964	1.2325
3965	1.2303
3966	1.237
3967	1.2348
3968	1.2416
3969	1.2393
3970	1.2461
3971	1.2438
3972	1.2506
3973	1.2484
3974	1.2552
3975	1.2529
3976	1.2597
3977	1.2574
3978	1.2643
3979	1.262
3980	1.2688
3981	1.2665
3982	1.2733
3983	1.271
3984	1.2779
3985	1.2756
3986	1.2824
3987	1.2801
3988	1.2869
3989	1.2847
3990	1.2915
3991	1.2892
3992	1.296
3993	1.2937
3994	1.3005
3995	1.2983
3996	1.3051
3997	1.3029
3998	1.3096
3999	1.3074
4000	1.3141
4001	1.3119
4002	1.3186
4003	1.3164
4004	1.3232
4005	1.3209
4006	1.3277
4007	1.3254
4008	1.3322
4009	1.33
4010	1.3368
4011	1.3345
4012	1.3413
4013	1.339
4014	1.3459
4015	1.3436
4016	1.3504
4017	1.3482
4018	1.3549
4019	1.3527
4020	1.3595
4021	1.3573
4022	1.364
4023	1.3618
4024	1.3685
4025	1.3663
4026	1.3731
4027	1.3708
4028	1.3776
4029	1.3753
4030	1.3821
4031	1.3798
4032	1.3867
4033	1.3844
4034	1.3912
4035	1.3889
4036	1.3957
4037	1.3934
4038	1.4003
4039	1.398
4040	1.4048
4041	1.4025
4042	1.4093
4043	1.407
4044	1.4139
4045	1.4116
4046	1.4184
4047	1.4161
4048	1.4229
4049	1.4206
4050	1.4275
4051	1.4251
4052	1.432
4053	1.4297
4054	1.4365
4055	1.4342
4056	1.4411
4057	1.4387
4058	1.4456
4059	1.4433
4060	1.4501
4061	1.4478
4062	1.4546
4063	1.4523
4064	1.4592
4065	1.4569
4066	1.4637
4067	1.4614
4068	1.4682
4069	1.4659
4070	1.4728
4071	1.4705
4072	1.4773
4073	1.475
4074	1.4818
4075	1.4795
4076	1.4864
4077	1.4841
4078	1.4909
4079	1.4887
4080	1.4954
4081	1.4932
4082	1.4999
4083	1.4977
4084	1.5045
4085	1.5022
4086	1.509
4087	1.5067
4088	1.5135
4089	1.5113
4090	1.5181
4091	1.5158
4092	1.5226
4093	1.5203
4094	1.5271
4095	1.5248
4096	1.5316
4097	1.5293
4098	1.5362
4099	1.5339
4100	1.5407
4101	1.5384
4102	1.5452
4103	1.5429
4104	1.5498
4105	1.5475
4106	1.5543
4107	1.552
4108	1.5588
4109	1.5565
4110	1.5634
4111	1.561
4112	1.5679
4113	1.5656
4114	1.5724
4115	1.5701
4116	1.5769
4117	1.5746
4118	1.5815
4119	1.5791
4120	1.586
4121	1.5837
4122	1.5905
4123	1.5882
4124	1.595
4125	1.5927
4126	1.5996
4127	1.5972
4128	1.6041
4129	1.6018
4130	1.6086
4131	1.6063
4132	1.6131
4133	1.6108
4134	1.6177
4135	1.6153
4136	1.6222
4137	1.6199
4138	1.6267
4139	1.6244
4140	1.6312
4141	1.6289
4142	1.6358
4143	1.6334
4144	1.6403
4145	1.638
4146	1.6448
4147	1.6425
4148	1.6493
4149	1.6471
4150	1.6539
4151	1.6516
4152	1.6584
4153	1.6562
4154	1.6629
4155	1.6608
4156	1.6674
4157	1.6653
4158	1.672
4159	1.6697
4160	1.6765
4161	1.6743
4162	1.681
4163	1.6789
4164	1.6855
4165	1.6834
4166	1.6901
4167	1.688
4168	1.6946
4169	1.6926
4170	1.6991
4171	1.6973
4172	1.7039
4173	1.7018
4174	1.7063
4175	1.1803
4176	1.1777
4177	1.1787
4178	1.1813
4179	1.0495
4180	1.048
4181	1.0471
4182	1.0509
4183	1.0485
4184	1.0523
4185	1.05
4186	1.0537
4187	1.0514
4188	1.0552
4189	1.0529
4190	1.0568
4191	1.0544
4192	1.0583
4193	1.056
4194	1.06
4195	1.0576
4196	1.0616
4197	1.0593
4198	1.0633
4199	1.061
4200	1.065
4201	1.0627
4202	1.0668
4203	1.0645
4204	1.0686
4205	1.0663
4206	1.0704
4207	1.0681
4208	1.0723
4209	1.0699
4210	1.0742
4211	1.0719
4212	1.0762
4213	1.0739
4214	1.0782
4215	1.0759
4216	1.0802
4217	1.0779
4218	1.0822
4219	1.0799
4220	1.0843
4221	1.082
4222	1.0864
4223	1.0842
4224	1.0886
4225	1.0863
4226	1.0908
4227	1.0886
4228	1.093
4229	1.0907
4230	1.0952
4231	1.093
4232	1.0975
4233	1.0953
4234	1.0997
4235	1.0975
4236	1.1021
4237	1.0998
4238	1.1044
4239	1.1022
4240	1.1068
4241	1.1046
4242	1.1092
4243	1.107
4244	1.1116
4245	1.1095
4246	1.114
4247	1.1119
4248	1.1165
4249	1.1144
4250	1.119
4251	1.1169
4252	1.1215
4253	1.1194
4254	1.124
4255	1.1219
4256	1.1266
4257	1.1244
4258	1.1291
4259	1.127
4260	1.1317
4261	1.1296
4262	1.1343
4263	1.1322
4264	1.1369
4265	1.1348
4266	1.1396
4267	1.1375
4268	1.1422
4269	1.1402
4270	1.1449
4271	1.1429
4272	1.1476
4273	1.1455
4274	1.1502
4275	1.1482
4276	1.1529
4277	1.1509
4278	1.1557
4279	1.1536
4280	1.1584
4281	1.1563
4282	1.1611
4283	1.1591
4284	1.1639
4285	1.1618
4286	1.1666
4287	1.1646
4288	1.1694
4289	1.1674
4290	1.1721
4291	1.1702
4292	1.1749
4293	1.1731
4294	1.1759
4295	0.99769
4296	0.99667
4297	0.99583
4298	0.99892
4299	0.99687
4300	1.0003
4301	0.99805
4302	1.0019
4303	0.99936
4304	1.0037
4305	1.0007
4306	1.0055
4307	1.0026
4308	1.0075
4309	1.0047
4310	1.0094
4311	1.0067
4312	1.0114
4313	1.0084
4314	1.0135
4315	1.0103
4316	1.0155
4317	1.0124
4318	1.0176
4319	1.0144
4320	1.0197
4321	1.0165
4322	1.0217
4323	1.0185
4324	1.0238
4325	1.0207
4326	1.0259
4327	1.0227
4328	1.028
4329	1.0248
4330	1.0301
4331	1.0269
4332	1.0322
4333	1.029
4334	1.0344
4335	1.0311
4336	1.0365
4337	1.0332
4338	1.0386
4339	1.0353
4340	1.0407
4341	1.0372
4342	1.0428
4343	1.0395
4344	1.0446
4345	1.0414
4346	1.0463
4347	1.0435
4348	1.0453
4349	0.93863
4350	0.93742
4351	0.99577
4352	0.99498
4353	0.99488
4354	0.99411
4355	0.99398
4356	0.99319
4357	0.99308
4358	0.99227
4359	0.99219
4360	0.99136
4361	0.99129
4362	0.99047
4363	0.9904
4364	0.98959
4365	0.98951
4366	0.9887
4367	0.98862
4368	0.9878
4369	0.98772
4370	0.98691
4371	0.98683
4372	0.98602
4373	0.98594
4374	0.98513
4375	0.98506
4376	0.98425
4377	0.98417
4378	0.98336
4379	0.98328
4380	0.98248
4381	0.9824
4382	0.9816
4383	0.98151
4384	0.98071
4385	0.98063
4386	0.97983
4387	0.97975
4388	0.97895
4389	0.97887
4390	0.97809
4391	0.97799
4392	0.97723
4393	0.97711
4394	0.97636
4395	0.97623
4396	0.97551
4397	0.97536
4398	0.97464
4399	0.97449
4400	0.97374
4401	0.97362
4402	0.97284
4403	0.97275
4404	0.97194
4405	0.97188
4406	0.97105
4407	0.97102
4408	0.97016
4409	0.97015
4410	0.96929
4411	0.96929
4412	0.96846
4413	0.96844
4414	0.96768
4415	0.96758
4416	0.96694
4417	0.96673
4418	0.96583
4419	0.96588
4420	0.96511
4421	0.96503
4422	0.96424
4423	0.96419
4424	0.96335
4425	0.96335
4426	0.96248
4427	0.96252
4428	0.96163
4429	0.96168
4430	0.96079
4431	0.96086
4432	0.95996
4433	0.96003
4434	0.95919
4435	0.95921
4436	0.95843
4437	0.9584
4438	0.95763
4439	0.95759
4440	0.9568
4441	0.95678
4442	0.95597
4443	0.95599
4444	0.95515
4445	0.95519
4446	0.95435
4447	0.9544
4448	0.95355
4449	0.95362
4450	0.95277
4451	0.95285
4452	0.95197
4453	0.95208
4454	0.95117
4455	0.95132
4456	0.95039
4457	0.95056
4458	0.94963
4459	0.94982
4460	0.94888
4461	0.94908
4462	0.94815
4463	0.94835
4464	0.94742
4465	0.94763
4466	0.94669
4467	0.94691
4468	0.94599
4469	0.94621
4470	0.9453
4471	0.94552
4472	0.94463
4473	0.94484
4474	0.94394
4475	0.94417
4476	0.94318
4477	0.94351
4478	0.94263
4479	0.94286
4480	0.94207
4481	0.94223
4482	0.94144
4483	0.9416
4484	0.94074
4485	0.94099
4486	0.94006
4487	0.94039
4488	0.93939
4489	0.9398
4490	0.93879
4491	0.93921
4492	0.93831
4493	0.9379
4494	0.81048
4495	0.80878
4496	0.80864
4497	0.81221
4498	0.81052
4499	0.81395
4500	0.81231
4501	0.81569
4502	0.81403
4503	0.81742
4504	0.81575
4505	0.81916
4506	0.81746
4507	0.8209
4508	0.81915
4509	0.82264
4510	0.82087
4511	0.82438
4512	0.82263
4513	0.82612
4514	0.82439
4515	0.82787
4516	0.82615
4517	0.82961
4518	0.8279
4519	0.83135
4520	0.82964
4521	0.8331
4522	0.83142
4523	0.83484
4524	0.83325
4525	0.83659
4526	0.83503
4527	0.83833
4528	0.83678
4529	0.84008
4530	0.8384
4531	0.84182
4532	0.83991
4533	0.84357
4534	0.84171
4535	0.84532
4536	0.84351
4537	0.84707
4538	0.84531
4539	0.84882
4540	0.84711
4541	0.85057
4542	0.84885
4543	0.85232
4544	0.85057
4545	0.85407
4546	0.85227
4547	0.85582
4548	0.85398
4549	0.85757
4550	0.85573
4551	0.85933
4552	0.85751
4553	0.86108
4554	0.85933
4555	0.86283
4556	0.86108
4557	0.86459
4558	0.86277
4559	0.86634
4560	0.86454
4561	0.8681
4562	0.86636
4563	0.86985
4564	0.86819
4565	0.87161
4566	0.86985
4567	0.87337
4568	0.87153
4569	0.87513
4570	0.87331
4571	0.87689
4572	0.87512
4573	0.87865
4574	0.87692
4575	0.88041
4576	0.87868
4577	0.88217
4578	0.88044
4579	0.88393
4580	0.88222
4581	0.88569
4582	0.88398
4583	0.88745
4584	0.88572
4585	0.88922
4586	0.88748
4587	0.89098
4588	0.88924
4589	0.89275
4590	0.89102
4591	0.89451
4592	0.8928
4593	0.89628
4594	0.89459
4595	0.89805
4596	0.89638
4597	0.89982
4598	0.89818
4599	0.90159
4600	0.89997
4601	0.90336
4602	0.90179
4603	0.90513
4604	0.90357
4605	0.9069
4606	0.90531
4607	0.90868
4608	0.90703
4609	0.91045
4610	0.9087
4611	0.91223
4612	0.91048
4613	0.91401
4614	0.91225
4615	0.91578
4616	0.91398
4617	0.91757
4618	0.91576
4619	0.91935
4620	0.91757
4621	0.92114
4622	0.9194
4623	0.92293
4624	0.92125
4625	0.92472
4626	0.92313
4627	0.92652
4628	0.925
4629	0.92832
4630	0.92687
4631	0.93012
4632	0.9287
4633	0.93194
4634	0.9305
4635	0.93376
4636	0.93236
4637	0.93558
4638	0.93436
4639	0.93527
4640	0.93669
4641	0.42378
4642	0.4212
4643	0.42383
4644	0.42092
4645	0.42394
4646	0.42138
4647	0.42409
4648	0.42134
4649	0.42429
4650	0.42174
4651	0.42454
4652	0.42166
4653	0.42485
4654	0.42194
4655	0.4252
4656	0.42248
4657	0.42561
4658	0.42251
4659	0.42606
4660	0.42307
4661	0.42657
4662	0.4235
4663	0.42712
4664	0.4242
4665	0.42772
4666	0.42471
4667	0.42838
4668	0.42538
4669	0.42908
4670	0.42621
4671	0.42983
4672	0.42664
4673	0.43063
4674	0.42758
4675	0.43148
4676	0.42842
4677	0.43237
4678	0.42962
4679	0.43332
4680	0.43018
4681	0.43431
4682	0.43136
4683	0.43535
4684	0.43208
4685	0.43643
4686	0.43323
4687	0.43757
4688	0.4343
4689	0.43874
4690	0.43553
4691	0.43997
4692	0.43653
4693	0.44124
4694	0.43806
4695	0.44255
4696	0.43929
4697	0.44391
4698	0.44085
4699	0.44531
4700	0.442
4701	0.44676
4702	0.4434
4703	0.44825
4704	0.44493
4705	0.44978
4706	0.44672
4707	0.45136
4708	0.44804
4709	0.45298
4710	0.44985
4711	0.45464
4712	0.45133
4713	0.45634
4714	0.45322
4715	0.45808
4716	0.45469
4717	0.45986
4718	0.45652
4719	0.46168
4720	0.45827
4721	0.46354
4722	0.46041
4723	0.46544
4724	0.46202
4725	0.46738
4726	0.4642
4727	0.46936
4728	0.46597
4729	0.47137
4730	0.46824
4731	0.47342
4732	0.47
4733	0.4755
4734	0.47209
4735	0.47763
4736	0.47414
4737	0.47978
4738	0.4766
4739	0.48198
4740	0.47855
4741	0.48421
4742	0.48101
4743	0.48647
4744	0.48298
4745	0.48876
4746	0.48554
4747	0.49109
4748	0.48762
4749	0.49345
4750	0.49022
4751	0.49584
4752	0.49234
4753	0.49827
4754	0.4948
4755	0.50073
4756	0.49718
4757	0.50321
4758	0.49986
4759	0.50573
4760	0.50223
4761	0.50828
4762	0.50487
4763	0.51085
4764	0.50719
4765	0.51346
4766	0.51005
4767	0.51609
4768	0.51251
4769	0.51876
4770	0.51541
4771	0.52145
4772	0.51791
4773	0.52416
4774	0.52065
4775	0.52691
4776	0.52338
4777	0.52968
4778	0.52641
4779	0.53248
4780	0.52889
4781	0.5353
4782	0.53174
4783	0.53815
4784	0.53458
4785	0.54102
4786	0.53769
4787	0.54392
4788	0.5403
4789	0.54684
4790	0.54329
4791	0.54978
4792	0.54622
4793	0.55275
4794	0.54924
4795	0.55574
4796	0.55216
4797	0.55876
4798	0.55542
4799	0.56179
4800	0.55825
4801	0.56485
4802	0.56153
4803	0.56793
4804	0.56423
4805	0.57103
4806	0.56746
4807	0.57415
4808	0.57055
4809	0.57729
4810	0.57377
4811	0.58046
4812	0.57692
4813	0.58364
4814	0.58033
4815	0.58684
4816	0.5833
4817	0.59006
4818	0.58652
4819	0.5933
4820	0.58974
4821	0.59656
4822	0.59313
4823	0.59984
4824	0.59624
4825	0.60314
4826	0.59961
4827	0.60645
4828	0.6028
4829	0.60978
4830	0.6064
4831	0.61313
4832	0.6096
4833	0.61649
4834	0.61302
4835	0.61987
4836	0.61632
4837	0.62327
4838	0.61975
4839	0.62669
4840	0.62314
4841	0.63012
4842	0.62664
4843	0.63356
4844	0.63007
4845	0.63702
4846	0.63375
4847	0.6405
4848	0.637
4849	0.64399
4850	0.64057
4851	0.6475
4852	0.64397
4853	0.65102
4854	0.64749
4855	0.65455
4856	0.65108
4857	0.6581
4858	0.6548
4859	0.66166
4860	0.65816
4861	0.66523
4862	0.66176
4863	0.66882
4864	0.66535
4865	0.67242
4866	0.66905
4867	0.67604
4868	0.67254
4869	0.67966
4870	0.67627
4871	0.6833
4872	0.67983
4873	0.68695
4874	0.68371
4875	0.69062
4876	0.68719
4877	0.69429
4878	0.69097
4879	0.69797
4880	0.69445
4881	0.70167
4882	0.69836
4883	0.70538
4884	0.70195
4885	0.7091
4886	0.70576
4887	0.71282
4888	0.70931
4889	0.71656
4890	0.71323
4891	0.72031
4892	0.71685
4893	0.72407
4894	0.72077
4895	0.72783
4896	0.72433
4897	0.73161
4898	0.7282
4899	0.73539
4900	0.73201
4901	0.73919
4902	0.73579
4903	0.74299
4904	0.73969
4905	0.7468
4906	0.74333
4907	0.75062
4908	0.74716
4909	0.75445
4910	0.75089
4911	0.75828
4912	0.75481
4913	0.76212
4914	0.75862
4915	0.76597
4916	0.76263
4917	0.76982
4918	0.76637
4919	0.77368
4920	0.77025
4921	0.77755
4922	0.77408
4923	0.78142
4924	0.778
4925	0.7853
4926	0.7817
4927	0.78915
4928	0.78566
4929	0.7929
4930	0.78961
4931	0.79644
4932	0.79339
4933	0.79966
4934	0.79683
4935	0.80252
4936	0.80009
4937	0.80507
4938	0.80329
4939	0.80711
4940	0.80449
4941	0.80665
4942	0.3993
4943	0.39647
4944	0.41598
4945	0.41832
4946	0.41058
4947	0.41258
4948	0.40497
4949	0.40712
4950	0.40192
4951	0.79404
4952	0.79588
4953	0.79565
4954	0.39653
4955	0.3991
4956	0.39663
4957	0.39933
4958	0.3968
4959	0.39943
4960	0.39701
4961	0.39969
4962	0.39728
4963	0.39985
4964	0.39761
4965	0.39998
4966	0.39799
4967	0.40055
4968	0.39842
4969	0.40075
4970	0.3989
4971	0.40134
4972	0.39944
4973	0.40177
4974	0.40003
4975	0.40244
4976	0.40068
4977	0.40301
4978	0.40137
4979	0.40374
4980	0.40212
4981	0.40441
4982	0.40293
4983	0.40498
4984	0.40378
4985	0.40612
4986	0.40468
4987	0.4069
4988	0.40564
4989	0.40792
4990	0.40664
4991	0.4088
4992	0.4077
4993	0.40989
4994	0.40881
4995	0.41082
4996	0.40996
4997	0.41199
4998	0.41117
4999	0.41305
5000	0.41242
5001	0.4144
5002	0.41372
5003	0.4156
5004	0.41507
5005	0.41698
5006	0.41647
5007	0.41829
5008	0.41791
5009	0.41978
5010	0.4194
5011	0.42123
5012	0.42094
5013	0.42277
5014	0.42252
5015	0.42425
5016	0.42415
5017	0.42588
5018	0.42582
5019	0.42742
5020	0.42753
5021	0.42922
5022	0.42929
5023	0.43094
5024	0.43109
5025	0.43274
5026	0.43293
5027	0.43444
5028	0.43482
5029	0.43636
5030	0.43674
5031	0.43816
5032	0.43871
5033	0.44028
5034	0.44071
5035	0.44214
5036	0.44276
5037	0.44424
5038	0.44485
5039	0.44621
5040	0.44697
5041	0.44835
5042	0.44913
5043	0.4504
5044	0.45133
5045	0.45261
5046	0.45356
5047	0.45467
5048	0.45584
5049	0.45706
5050	0.45814
5051	0.45919
5052	0.46048
5053	0.46172
5054	0.46286
5055	0.46401
5056	0.46527
5057	0.46645
5058	0.46772
5059	0.46875
5060	0.4702
5061	0.47127
5062	0.47271
5063	0.47369
5064	0.47525
5065	0.47631
5066	0.47782
5067	0.47875
5068	0.48043
5069	0.48139
5070	0.48307
5071	0.48392
5072	0.48573
5073	0.48663
5074	0.48843
5075	0.48931
5076	0.49115
5077	0.49198
5078	0.4939
5079	0.49455
5080	0.49669
5081	0.49747
5082	0.49949
5083	0.50021
5084	0.50233
5085	0.5031
5086	0.50519
5087	0.50594
5088	0.50808
5089	0.50887
5090	0.511
5091	0.5117
5092	0.51394
5093	0.51453
5094	0.5169
5095	0.51746
5096	0.51989
5097	0.52051
5098	0.52291
5099	0.52351
5100	0.52595
5101	0.52659
5102	0.52901
5103	0.52949
5104	0.53209
5105	0.53259
5106	0.5352
5107	0.53556
5108	0.53833
5109	0.53878
5110	0.54148
5111	0.54176
5112	0.54465
5113	0.54508
5114	0.54785
5115	0.54822
5116	0.55106
5117	0.55151
5118	0.5543
5119	0.55465
5120	0.55755
5121	0.55789
5122	0.56083
5123	0.56105
5124	0.56412
5125	0.56447
5126	0.56743
5127	0.56767
5128	0.57077
5129	0.57105
5130	0.57412
5131	0.57432
5132	0.57749
5133	0.57774
5134	0.58087
5135	0.58104
5136	0.58427
5137	0.58443
5138	0.5877
5139	0.58772
5140	0.59113
5141	0.59129
5142	0.59459
5143	0.59471
5144	0.59806
5145	0.59822
5146	0.60154
5147	0.60162
5148	0.60505
5149	0.60513
5150	0.60856
5151	0.60859
5152	0.6121
5153	0.61213
5154	0.61564
5155	0.61563
5156	0.61921
5157	0.61926
5158	0.62278
5159	0.62272
5160	0.62637
5161	0.62633
5162	0.62998
5163	0.62997
5164	0.63359
5165	0.63346
5166	0.63723
5167	0.63714
5168	0.64087
5169	0.64077
5170	0.64453
5171	0.64434
5172	0.64819
5173	0.64803
5174	0.65188
5175	0.65175
5176	0.65557
5177	0.65538
5178	0.65927
5179	0.65901
5180	0.66299
5181	0.6628
5182	0.66671
5183	0.66637
5184	0.67045
5185	0.67023
5186	0.6742
5187	0.67394
5188	0.67796
5189	0.67769
5190	0.68172
5191	0.68136
5192	0.6855
5193	0.68522
5194	0.68929
5195	0.68894
5196	0.69308
5197	0.69278
5198	0.69689
5199	0.69657
5200	0.7007
5201	0.70035
5202	0.70452
5203	0.70405
5204	0.70835
5205	0.70799
5206	0.71219
5207	0.71181
5208	0.71603
5209	0.71571
5210	0.71988
5211	0.71948
5212	0.72374
5213	0.72337
5214	0.7276
5215	0.7272
5216	0.73147
5217	0.73097
5218	0.73535
5219	0.73497
5220	0.73923
5221	0.73871
5222	0.74312
5223	0.74267
5224	0.74701
5225	0.74655
5226	0.7509
5227	0.75049
5228	0.75481
5229	0.7543
5230	0.75871
5231	0.75827
5232	0.76262
5233	0.76212
5234	0.76653
5235	0.76602
5236	0.77044
5237	0.76986
5238	0.77433
5239	0.77381
5240	0.77811
5241	0.77756
5242	0.78167
5243	0.78096
5244	0.78491
5245	0.78447
5246	0.78771
5247	0.78753
5248	0.79006
5249	0.79001
5250	0.7921
5251	0.79204
5252	0.79393
5253	0.91459
5254	0.91595
5255	0.91633
5256	0.79763
5257	0.7973
5258	0.79938
5259	0.79908
5260	0.80113
5261	0.8009
5262	0.80289
5263	0.80272
5264	0.80464
5265	0.80451
5266	0.80639
5267	0.80629
5268	0.80814
5269	0.80807
5270	0.8099
5271	0.80986
5272	0.81165
5273	0.81165
5274	0.81341
5275	0.81343
5276	0.81516
5277	0.81519
5278	0.81692
5279	0.81691
5280	0.81868
5281	0.81868
5282	0.82044
5283	0.8205
5284	0.8222
5285	0.82232
5286	0.82396
5287	0.82412
5288	0.82572
5289	0.82589
5290	0.82748
5291	0.82761
5292	0.82924
5293	0.82922
5294	0.83101
5295	0.83093
5296	0.83277
5297	0.83273
5298	0.83454
5299	0.83452
5300	0.83631
5301	0.83624
5302	0.83808
5303	0.83796
5304	0.83984
5305	0.83974
5306	0.84162
5307	0.84156
5308	0.84339
5309	0.84339
5310	0.84516
5311	0.84519
5312	0.84694
5313	0.84695
5314	0.84871
5315	0.84871
5316	0.85049
5317	0.8505
5318	0.85227
5319	0.85231
5320	0.85406
5321	0.85408
5322	0.85584
5323	0.85572
5324	0.85763
5325	0.8574
5326	0.85941
5327	0.85922
5328	0.8612
5329	0.86096
5330	0.863
5331	0.86272
5332	0.86479
5333	0.86453
5334	0.86659
5335	0.86634
5336	0.86839
5337	0.86815
5338	0.87019
5339	0.86996
5340	0.87199
5341	0.87179
5342	0.8738
5343	0.87363
5344	0.87561
5345	0.87547
5346	0.87743
5347	0.87731
5348	0.87924
5349	0.87915
5350	0.88107
5351	0.88098
5352	0.88289
5353	0.88279
5354	0.88472
5355	0.88456
5356	0.88655
5357	0.88628
5358	0.88839
5359	0.88824
5360	0.89022
5361	0.89008
5362	0.89207
5363	0.89197
5364	0.89392
5365	0.89388
5366	0.89577
5367	0.89578
5368	0.89763
5369	0.89765
5370	0.89949
5371	0.8995
5372	0.90136
5373	0.90135
5374	0.90323
5375	0.90321
5376	0.9051
5377	0.90507
5378	0.90698
5379	0.90692
5380	0.90887
5381	0.90879
5382	0.91076
5383	0.91071
5384	0.91266
5385	0.91265
5386	0.91455
5387	0.97208
5388	0.97319
5389	0.97397
5390	0.97117
5391	0.97299
5392	0.97027
5393	0.97203
5394	0.96936
5395	0.97116
5396	0.96846
5397	0.97021
5398	0.96755
5399	0.96935
5400	0.96665
5401	0.96852
5402	0.96575
5403	0.96779
5404	0.96485
5405	0.96648
5406	0.96394
5407	0.96565
5408	0.96304
5409	0.96479
5410	0.96214
5411	0.9639
5412	0.96124
5413	0.96301
5414	0.96034
5415	0.96211
5416	0.95945
5417	0.96122
5418	0.95855
5419	0.96033
5420	0.95765
5421	0.95944
5422	0.95676
5423	0.95854
5424	0.95586
5425	0.95765
5426	0.95497
5427	0.95674
5428	0.95407
5429	0.95584
5430	0.95318
5431	0.95493
5432	0.95229
5433	0.95402
5434	0.9514
5435	0.95307
5436	0.95051
5437	0.9521
5438	0.94962
5439	0.95118
5440	0.94873
5441	0.95032
5442	0.94785
5443	0.94948
5444	0.94696
5445	0.94864
5446	0.94608
5447	0.94778
5448	0.9452
5449	0.94689
5450	0.94432
5451	0.946
5452	0.94344
5453	0.94514
5454	0.94257
5455	0.94429
5456	0.9417
5457	0.94343
5458	0.94083
5459	0.94253
5460	0.93996
5461	0.94163
5462	0.93909
5463	0.94072
5464	0.93823
5465	0.93981
5466	0.93737
5467	0.93895
5468	0.93651
5469	0.93815
5470	0.93566
5471	0.93729
5472	0.93481
5473	0.93642
5474	0.93396
5475	0.93555
5476	0.93312
5477	0.93467
5478	0.93228
5479	0.9338
5480	0.93144
5481	0.93293
5482	0.93061
5483	0.9321
5484	0.92979
5485	0.93132
5486	0.92897
5487	0.93053
5488	0.92815
5489	0.92971
5490	0.92734
5491	0.9289
5492	0.92654
5493	0.92811
5494	0.92574
5495	0.92735
5496	0.92495
5497	0.92657
5498	0.92416
5499	0.92579
5500	0.92338
5501	0.925
5502	0.92261
5503	0.92424
5504	0.92184
5505	0.92349
5506	0.92109
5507	0.92276
5508	0.92034
5509	0.92202
5510	0.9196
5511	0.92129
5512	0.91886
5513	0.92057
5514	0.91813
5515	0.91984
5516	0.91741
5517	0.91909
5518	0.91669
5519	0.91829
5520	0.91739
5521	1.024
5522	1.0255
5523	1.0263
5524	1.0224
5525	1.0248
5526	1.0206
5527	1.0233
5528	1.0186
5529	1.0215
5530	1.0166
5531	1.0196
5532	1.0145
5533	1.0176
5534	1.0123
5535	1.0155
5536	1.0102
5537	1.0133
5538	1.0081
5539	1.0113
5540	1.0059
5541	1.009
5542	1.0038
5543	1.007
5544	1.0017
5545	1.0048
5546	0.99956
5547	1.0027
5548	0.99745
5549	1.0007
5550	0.99535
5551	0.99855
5552	0.99326
5553	0.99638
5554	0.99118
5555	0.99439
5556	0.9891
5557	0.99227
5558	0.98702
5559	0.99022
5560	0.98496
5561	0.98813
5562	0.98291
5563	0.98626
5564	0.98092
5565	0.98418
5566	0.97906
5567	0.98246
5568	0.97738
5569	0.98024
5570	0.97588
5571	0.97842
5572	0.97452
5573	0.97682
5574	0.97531
5575	1.1756
5576	1.1783
5577	1.1771
5578	1.0269
5579	1.0277
5580	1.0283
5581	1.0291
5582	1.0298
5583	1.0306
5584	1.0313
5585	1.032
5586	1.0328
5587	1.0335
5588	1.0344
5589	1.0351
5590	1.036
5591	1.0367
5592	1.0376
5593	1.0383
5594	1.0393
5595	1.0399
5596	1.041
5597	1.0416
5598	1.0427
5599	1.0433
5600	1.0445
5601	1.045
5602	1.0463
5603	1.0468
5604	1.0482
5605	1.0486
5606	1.0501
5607	1.0504
5608	1.052
5609	1.0523
5610	1.0539
5611	1.0542
5612	1.0559
5613	1.0561
5614	1.0579
5615	1.0581
5616	1.0599
5617	1.0602
5618	1.062
5619	1.0622
5620	1.0641
5621	1.0643
5622	1.0662
5623	1.0664
5624	1.0683
5625	1.0684
5626	1.0705
5627	1.0705
5628	1.0727
5629	1.0726
5630	1.0749
5631	1.0748
5632	1.0772
5633	1.0771
5634	1.0795
5635	1.0793
5636	1.0818
5637	1.0816
5638	1.0841
5639	1.0838
5640	1.0865
5641	1.0862
5642	1.0888
5643	1.0885
5644	1.0912
5645	1.0909
5646	1.0936
5647	1.0933
5648	1.0961
5649	1.0957
5650	1.0985
5651	1.0982
5652	1.101
5653	1.1007
5654	1.1035
5655	1.1031
5656	1.106
5657	1.1056
5658	1.1086
5659	1.1082
5660	1.1111
5661	1.1107
5662	1.1137
5663	1.1132
5664	1.1163
5665	1.1157
5666	1.1189
5667	1.1182
5668	1.1215
5669	1.1208
5670	1.1241
5671	1.1233
5672	1.1267
5673	1.1259
5674	1.1294
5675	1.1286
5676	1.132
5677	1.1312
5678	1.1347
5679	1.1339
5680	1.1374
5681	1.1366
5682	1.1401
5683	1.1393
5684	1.1428
5685	1.1419
5686	1.1455
5687	1.1447
5688	1.1482
5689	1.1473
5690	1.1509
5691	1.15
5692	1.1536
5693	1.1527
5694	1.1564
5695	1.1554
5696	1.1591
5697	1.1581
5698	1.1619
5699	1.1609
5700	1.1646
5701	1.1636
5702	1.1674
5703	1.1664
5704	1.1701
5705	1.1691
5706	1.1729
5707	1.1717
5708	1.1744
5709	1.1858
5710	1.1889
5711	1.1877
5712	1.1808
5713	1.1796
5714	1.1833
5715	1.1822
5716	1.1849
5717	1.1926
5718	1.1912
5719	1.1966
5720	1.1951
5721	1.2008
5722	1.1991
5723	1.2051
5724	1.2034
5725	1.2096
5726	1.2077
5727	1.214
5728	1.2121
5729	1.2186
5730	1.2164
5731	1.2231
5732	1.2209
5733	1.2276
5734	1.2254
5735	1.2321
5736	1.2299
5737	1.2367
5738	1.2344
5739	1.2412
5740	1.239
5741	1.2458
5742	1.2435
5743	1.2503
5744	1.248
5745	1.2548
5746	1.2526
5747	1.2594
5748	1.2571
5749	1.2639
5750	1.2616
5751	1.2685
5752	1.2662
5753	1.273
5754	1.2707
5755	1.2775
5756	1.2753
5757	1.2821
5758	1.2798
5759	1.2866
5760	1.2843
5761	1.2912
5762	1.2889
5763	1.2957
5764	1.2934
5765	1.3002
5766	1.298
5767	1.3048
5768	1.3025
5769	1.3093
5770	1.307
5771	1.3139
5772	1.3116
5773	1.3184
5774	1.3161
5775	1.3229
5776	1.3206
5777	1.3275
5778	1.3252
5779	1.332
5780	1.3297
5781	1.3365
5782	1.3342
5783	1.3411
5784	1.3388
5785	1.3456
5786	1.3433
5787	1.3501
5788	1.3478
5789	1.3546
5790	1.3524
5791	1.3592
5792	1.3569
5793	1.3637
5794	1.3614
5795	1.3682
5796	1.3659
5797	1.3728
5798	1.3705
5799	1.3773
5800	1.375
5801	1.3818
5802	1.3795
5803	1.3863
5804	1.3841
5805	1.3909
5806	1.3886
5807	1.3954
5808	1.3931
5809	1.3999
5810	1.3976
5811	1.4044
5812	1.4022
5813	1.409
5814	1.4067
5815	1.4135
5816	1.4112
5817	1.418
5818	1.4158
5819	1.4225
5820	1.4203
5821	1.4271
5822	1.4248
5823	1.4316
5824	1.4293
5825	1.4361
5826	1.4338
5827	1.4406
5828	1.4384
5829	1.4451
5830	1.4429
5831	1.4497
5832	1.4474
5833	1.4542
5834	1.4519
5835	1.4587
5836	1.4564
5837	1.4632
5838	1.461
5839	1.4677
5840	1.4655
5841	1.4723
5842	1.47
5843	1.4768
5844	1.4745
5845	1.4813
5846	1.4791
5847	1.4858
5848	1.4836
5849	1.4904
5850	1.4881
5851	1.4949
5852	1.4925
5853	1.4994
5854	1.497
5855	1.5039
5856	1.5016
5857	1.5085
5858	1.5061
5859	1.513
5860	1.5107
5861	1.5175
5862	1.5152
5863	1.522
5864	1.5198
5865	1.5265
5866	1.5243
5867	1.5311
5868	1.5288
5869	1.5356
5870	1.5333
5871	1.5401
5872	1.5379
5873	1.5446
5874	1.5424
5875	1.5492
5876	1.5469
5877	1.5537
5878	1.5514
5879	1.5582
5880	1.556
5881	1.5627
5882	1.5605
5883	1.5672
5884	1.565
5885	1.5718
5886	1.5695
5887	1.5763
5888	1.574
5889	1.5808
5890	1.5786
5891	1.5853
5892	1.5831
5893	1.5898
5894	1.5876
5895	1.5944
5896	1.5921
5897	1.5989
5898	1.5966
5899	1.6034
5900	1.6012
5901	1.6079
5902	1.6057
5903	1.6124
5904	1.6102
5905	1.617
5906	1.6147
5907	1.6215
5908	1.6192
5909	1.626
5910	1.6238
5911	1.6305
5912	1.6283
5913	1.6351
5914	1.6328
5915	1.6396
5916	1.6373
5917	1.6441
5918	1.6418
5919	1.6486
5920	1.6463
5921	1.6532
5922	1.6507
5923	1.6577
5924	1.6552
5925	1.6622
5926	1.6597
5927	1.6667
5928	1.6643
5929	1.6713
5930	1.6688
5931	1.6758
5932	1.6734
5933	1.6803
5934	1.678
5935	1.6848
5936	1.6827
5937	1.6893
5938	1.6874
5939	1.6941
5940	1.6921
5941	1.6991
5942	1.6972
5943	1.7022
5944	0.94695
5945	0.94633
5946	0.94875
5947	0.9486
5948	0.97033
5949	0.97213
5950	0.96941
5951	0.97122
5952	0.96268
5953	0.96143
5954	0.96
5955	0.96093
5956	0.9452
5957	0.94459
5958	0.94346
5959	0.9428
5960	0.94078
5961	0.93784
5962	0.94035
5963	0.9391
5964	0.93891
5965	0.81148
5966	0.80873
5967	0.81123
5968	0.80988
5969	0.95339
5970	0.95199
5971	0.95378
5972	0.95146
5973	0.94578
5974	0.94404
5975	0.94638
5976	0.94469
5977	0.94752
5978	0.96339
5979	0.96373
5980	0.96168
5981	0.96164
5982	0.9644
5983	0.96494
5984	0.96554
5985	0.97123
5986	0.96848
5987	0.96938
5988	0.9738
5989	0.97474
5990	0.972
5991	0.97295
5992	0.97782
5993	0.98009
5994	0.98079
5995	0.97894
5996	0.97286
5997	0.97558
5998	0.97467
5999	0.96644
6000	0.96836
6001	0.96556
6002	0.96744
6003	0.96534
6004	0.96748
6005	0.9645
6006	0.96316
6007	0.96618
6008	0.96075
6009	0.95811
6010	0.96004
6011	0.95884
6012	0.95503
6013	0.95783
6014	0.95613
6015	0.95682
6016	0.95279
6017	0.95525
6018	0.95498
6019	0.95251
6020	0.95006
6021	0.95069
6022	0.94605
6023	0.94833
6024	0.94586
6025	0.9476
6026	0.94377
6027	0.94428
6028	0.94165
6029	0.94236
6030	0.93618
6031	0.93343
6032	0.93509
6033	0.93445
6034	0.93431
6035	0.93152
6036	0.93272
6037	0.93317
6038	0.89529
6039	0.89758
6040	0.89798
6041	0.89636
6042	0.89481
6043	0.89338
6044	0.89242
6045	0.89263
6046	0.89011
6047	0.88821
6048	0.89033
6049	0.88808
6050	0.88135
6051	0.88178
6052	0.88372
6053	0.88201
6054	0.88374
6055	0.87942
6056	0.88075
6057	0.87911
6058	0.87339
6059	0.87471
6060	0.87289
6061	0.87506
6062	0.86806
6063	0.87072
6064	0.87024
6065	0.86861
6066	0.82309
6067	0.82589
6068	0.82495
6069	0.82384
6070	0.80564
6071	0.8024
6072	0.80474
6073	0.80269
6074	0.82226
6075	0.82103
6076	0.82053
6077	0.81378
6078	0.81419
6079	0.81566
6080	0.81597
6081	0.81351
6082	0.81207
6083	0.80564
6084	0.80727
6085	0.8087
6086	0.80761
6087	0.95605
6088	0.95564
6089	0.9543
6090	0.82889
6091	0.82722
6092	0.82777
6093	0.96028
6094	0.95819
6095	0.95781
6096	0.95884
6097	0.94293
6098	0.94198
6099	0.94133
6100	0.93661
6101	0.93519
6102	0.93634
6103	0.9376
6104	0.86731
6105	0.86567
6106	0.865
6107	0.86642
6108	0.80449
6109	0.80328
6110	0.80269
6111	0.80842
6112	0.80613
6113	0.80674
6114	0.8112
6115	0.80911
6116	0.81125
6117	0.81326
6118	0.8132
6119	0.81525
6120	0.81539
6121	0.81719
6122	0.81908
6123	0.81733
6124	0.81917
6125	0.82413
6126	0.82338
6127	0.82172
6128	0.82472
6129	0.82632
6130	0.82684
6131	0.83187
6132	0.83085
6133	0.83075
6134	0.83359
6135	0.83483
6136	0.83216
6137	0.83689
6138	0.83356
6139	0.83564
6140	0.83297
6141	0.84097
6142	0.83685
6143	0.83899
6144	0.84015
6145	0.83814
6146	0.80671
6147	0.80896
6148	0.93335
6149	0.93073
6150	0.93164
6151	0.93246
6152	0.93407
6153	0.98716
6154	0.98568
6155	0.98551
6156	0.98414
6157	0.84442
6158	0.84195
6159	0.84356
6160	0.84483
6161	0.84738
6162	0.84713
6163	0.8446
6164	0.84985
6165	0.85094
6166	0.84956
6167	0.84758
6168	0.8554
6169	0.85344
6170	0.85553
6171	0.85205
6172	0.85695
6173	0.85489
6174	0.85811
6175	0.85863
6176	0.86582
6177	0.86771
6178	0.86538
6179	0.87333
6180	0.87291
6181	0.8713
6182	0.87582
6183	0.87545
6184	0.87385
6185	0.87811
6186	0.87622
6187	0.87798
6188	0.88022
6189	0.88011
6190	0.87838
6191	0.88403
6192	0.88217
6193	0.88397
6194	0.88226
6195	0.8922
6196	0.89185
6197	0.88994
6198	0.8971
6199	0.89669
6200	0.89459
6201	0.89972
6202	0.89908
6203	0.90283
6204	0.9035
6205	0.90166
6206	0.90102
6207	0.90559
6208	0.90337
6209	0.90456
6210	0.90272
6211	0.90577
6212	0.90578
6213	0.90788
6214	0.9079
6215	0.91225
6216	0.9142
6217	0.91448
6218	0.91217
6219	0.9336
6220	0.93537
6221	0.93536
6222	0.93556
6223	0.93673
6224	0.93397
6225	0.93558
6226	0.93702
6227	0.93594
6228	0.93787
6229	0.9388
6230	0.93718
6231	0.93956
6232	0.93678
6233	0.93851
6234	0.94302
6235	0.94345
6236	0.94166
6237	0.94484
6238	0.94524
6239	0.94429
6240	0.94259
6241	0.94812
6242	0.94875
6243	0.94704
6244	0.94932
6245	0.9498
6246	0.94981
6247	0.95093
6248	0.95122
6249	0.95114
6250	0.95018
6251	0.95317
6252	0.9539
6253	0.95135
6254	0.95216
6255	0.95907
6256	0.95979
6257	0.95737
6258	0.95852
6259	0.9571
6260	0.96264
6261	0.96335
6262	0.96153
6263	0.96398
6264	0.96447
6265	0.96193
6266	0.96528
6267	0.96583
6268	0.96642
6269	0.9669
6270	0.96801
6271	0.96837
6272	0.96731
6273	0.9694
6274	0.97014
6275	0.96832
6276	0.97048
6277	0.97116
6278	0.97023
6279	0.97304
6280	0.97392
6281	0.97212
6282	0.97742
6283	0.97652
6284	0.97565
6285	0.97829
6286	0.97918
6287	0.9774
6288	0.97648
6289	0.98006
6290	0.97914
6291	0.97736
6292	0.98209
6293	0.98279
6294	0.98466
6295	0.98397
6296	0.98507
6297	0.98669
6298	0.98822
6299	0.98617
6300	1.0804
6301	1.0785
6302	1.0798
6303	1.0768
6304	1.0772
6305	1.0837
6306	1.0816
6307	1.0833
6308	1.0864
6309	1.0843
6310	1.0861
6311	1.0887
6312	1.0889
6313	1.0868
6314	1.0916
6315	1.0893
6316	1.0894
6317	1.0913
6318	1.0959
6319	1.097
6320	1.098
6321	1.0953
6322	1.1056
6323	1.107
6324	1.105
6325	1.1076
6326	1.1415
6327	1.1396
6328	1.1381
6329	1.1399
6330	1.1411
6331	1.1532
6332	1.1551
6333	1.1543
6334	1.1561
6335	1.1719
6336	1.1759
6337	1.1751
6338	1.173
6339	1.1738
6340	1.1839
6341	1.18
6342	1.1826
6343	1.1821
6344	1.1875
6345	1.1856
6346	1.1863
6347	1.1684
6348	1.1704
6349	1.1694
6350	1.1672
6351	1.1662
6352	1.1652
6353	1.1522
6354	1.1512
6355	1.1502
6356	1.1438
6357	1.1426
6358	1.1444
6359	1.1407
6360	1.1375
6361	1.1387
6362	1.1346
6363	1.1366
6364	1.136
6365	1.1335
6366	1.1325
6367	1.1312
6368	1.1252
6369	1.1273
6370	1.1262
6371	1.128
6372	1.1225
6373	1.1245
6374	1.1232
6375	1.1205
6376	1.1219
6377	1.1199
6378	1.1121
6379	1.1105
6380	1.1127
6381	1.1101
6382	1.094
6383	1.0951
6384	1.0941
6385	1.0968
6386	1.0917
6387	1.0934
6388	1.0872
6389	1.0891
6390	1.087
6391	1.0823
6392	1.0827
6393	1.0847
6394	1.0797
6395	1.0803
6396	1.0779
6397	1.0771
6398	1.0635
6399	1.0659
6400	1.0635
6401	1.0658
6402	1.0611
6403	1.0637
6404	1.0614
6405	1.0588
6406	1.0613
6407	1.059
6408	1.0582
6409	1.0567
6410	1.0593
6411	1.0565
6412	1.0547
6413	1.0571
6414	1.0544
6415	1.0537
6416	1.0531
6417	1.0556
6418	1.0524
6419	1.0538
6420	1.0507
6421	1.0514
6422	1.0466
6423	1.044
6424	1.0448
6425	1.0463
6426	1.0411
6427	1.0435
6428	1.0401
6429	1.0424
6430	1.042
6431	1.0387
6432	1.0396
6433	1.0364
6434	1.0378
6435	1.0348
6436	1.037
6437	1.0358
6438	1.0378
6439	1.0344
6440	1.0381
6441	0.98296
6442	0.98516
6443	0.98214
6444	0.98331
6445	0.98102
6446	0.981
6447	0.98406
6448	0.98252
6449	0.9794
6450	0.97881
6451	0.97813
6452	0.98116
6453	0.9787
6454	0.97768
6455	0.98073
6456	0.97725
6457	0.97953
6458	0.97684
6459	0.97453
6460	0.97585
6461	0.97595
6462	0.97273
6463	0.97545
6464	0.97366
6465	0.9745
6466	0.97105
6467	0.97013
6468	0.97194
6469	0.96574
6470	0.96757
6471	0.96662
6472	0.96361
6473	0.96284
6474	0.96467
6475	0.96231
6476	0.96176
6477	0.96036
6478	0.95619
6479	0.95547
6480	0.95721
6481	0.95492
6482	0.95438
6483	0.95692
6484	0.95317
6485	0.95281
6486	0.95393
6487	0.95572
6488	0.95213
6489	0.95322
6490	0.9514
6491	0.95433
6492	0.95086
6493	0.95013
6494	0.94901
6495	0.94953
6496	0.94636
6497	0.94824
6498	0.94887
6499	0.94722
6500	0.94408
6501	0.94355
6502	0.94527
6503	0.94236
6504	0.94037
6505	0.94098
6506	0.93904
6507	0.93829
6508	0.93994
6509	0.94065
6510	0.93818
6511	0.93747
6512	0.93977
6513	0.93729
6514	0.93661
6515	0.93885
6516	0.93574
6517	0.93784
6518	0.93231
6519	0.93121
6520	0.93398
6521	0.93295
6522	0.9307
6523	0.93171
6524	0.92984
6525	0.92874
6526	0.93042
6527	0.9293
6528	0.92815
6529	0.93104
6530	0.91243
6531	0.91278
6532	0.91466
6533	0.91503
6534	0.91045
6535	0.91
6536	0.90356
6537	0.90366
6538	0.90575
6539	0.90078
6540	0.90141
6541	0.89866
6542	0.90013
6543	0.89757
6544	0.89199
6545	0.89306
6546	0.89168
6547	0.89445
6548	0.89013
6549	0.88999
6550	0.88823
6551	0.88824
6552	0.89035
6553	0.88423
6554	0.88618
6555	0.88411
6556	0.88605
6557	0.87986
6558	0.88014
6559	0.88203
6560	0.87803
6561	0.87774
6562	0.87176
6563	0.87212
6564	0.87375
6565	0.8696
6566	0.87013
6567	0.87127
6568	0.86793
6569	0.8689
6570	0.86422
6571	0.86367
6572	0.86213
6573	0.86223
6574	0.86509
6575	0.86372
6576	0.86638
6577	0.8556
6578	0.85667
6579	0.85854
6580	0.85353
6581	0.85358
6582	0.85283
6583	0.85521
6584	0.85152
6585	0.85154
6586	0.83996
6587	0.83913
6588	0.84213
6589	0.83352
6590	0.83315
6591	0.83612
6592	0.83081
6593	0.83088
6594	0.82839
6595	0.82793
6596	0.83022
6597	0.8235
6598	0.82332
6599	0.82257
6600	0.8251
6601	0.82179
6602	0.82517
6603	0.82179
6604	0.80151
6605	0.79991
6606	0.79917
6607	0.81248
6608	0.81277
6609	0.81457
6610	0.81047
6611	0.81076
6612	0.80881
6613	0.8037
6614	0.80441
6615	0.80206
6616	0.80129
6617	0.91922
6618	0.91969
6619	0.91704
6620	0.91741
6621	0.80385
6622	0.80665
6623	0.80538
6624	1.1898
6625	1.1904
6626	1.1888
6627	0.96926
6628	0.97021
6629	1.1784
6630	1.1767
6631	1.1787
6632	0.98849
6633	0.98636
6634	0.92996
6635	0.92751
6636	0.92826
6637	0.80069
6638	0.80252
6639	0.79712
6640	0.7993
6641	0.79558
6642	0.79399
6643	0.79657
6644	0.79776
6645	0.81109
6646	0.80889
6647	0.81077
6648	0.81358
6649	0.81325
6650	0.81281
6651	0.81715
6652	0.81519
6653	0.8247
6654	0.82303
6655	0.83258
6656	0.83228
6657	0.83129
6658	0.82972
6659	0.83525
6660	0.83464
6661	0.83774
6662	0.83762
6663	0.83648
6664	0.83994
6665	0.84026
6666	0.84533
6667	0.84521
6668	0.84274
6669	0.84442
6670	0.84754
6671	0.84798
6672	0.84726
6673	0.8496
6674	0.84969
6675	0.85182
6676	0.85176
6677	0.85384
6678	0.85445
6679	0.85843
6680	0.85823
6681	0.85653
6682	0.8657
6683	0.86561
6684	0.86437
6685	0.86345
6686	0.8677
6687	0.86762
6688	0.86537
6689	0.86989
6690	0.86962
6691	0.87243
6692	0.87182
6693	0.87502
6694	0.87415
6695	0.87493
6696	0.87709
6697	0.87761
6698	0.88399
6699	0.88396
6700	0.88214
6701	0.88204
6702	0.88584
6703	0.88581
6704	0.88762
6705	0.88579
6706	0.88768
6707	0.89625
6708	0.8955
6709	0.89414
6710	0.89379
6711	0.8987
6712	0.89775
6713	0.89868
6714	0.90066
6715	0.90246
6716	0.9023
6717	0.90065
6718	0.89985
6719	0.90072
6720	0.90466
6721	0.90407
6722	0.90533
6723	0.90596
6724	0.9163
6725	0.91602
6726	0.91409
6727	0.91876
6728	0.91821
6729	0.91658
6730	0.92152
6731	0.92062
6732	0.92199
6733	0.92414
6734	0.92426
6735	0.92319
6736	0.93189
6737	0.93011
6738	0.93398
6739	0.9322
6740	0.93576
6741	0.93764
6742	0.93735
6743	0.93644
6744	0.93818
6745	0.93921
6746	0.93848
6747	0.93862
6748	0.93963
6749	0.9392
6750	0.94021
6751	0.93755
6752	0.93977
6753	0.94082
6754	0.93815
6755	0.94049
6756	0.94142
6757	0.94125
6758	0.94223
6759	0.94194
6760	0.94288
6761	0.9402
6762	0.94268
6763	0.94365
6764	0.94094
6765	0.94344
6766	0.94437
6767	0.94166
6768	0.94428
6769	0.94516
6770	0.94249
6771	0.94527
6772	0.94601
6773	0.94621
6774	0.94702
6775	0.94695
6776	0.94783
6777	0.94854
6778	0.94601
6779	0.9477
6780	0.95114
6781	0.95043
6782	0.94947
6783	0.95219
6784	0.95302
6785	0.95141
6786	0.95255
6787	0.95367
6788	0.95403
6789	0.95299
6790	0.95668
6791	0.95493
6792	0.9574
6793	0.95566
6794	0.95841
6795	0.95778
6796	0.96072
6797	0.95907
6798	0.96085
6799	0.96244
6800	0.96132
6801	0.96157
6802	0.96236
6803	0.9633
6804	0.96169
6805	0.9606
6806	0.9632
6807	0.96407
6808	0.96141
6809	0.96631
6810	0.96696
6811	0.96518
6812	0.96807
6813	0.96744
6814	0.96935
6815	0.97009
6816	0.96849
6817	0.96999
6818	0.97086
6819	0.97152
6820	0.97076
6821	0.96894
6822	0.97387
6823	0.97299
6824	0.97225
6825	0.97568
6826	0.97391
6827	0.97482
6828	0.97302
6829	0.97659
6830	0.97744
6831	0.97482
6832	0.9757
6833	0.97831
6834	0.97745
6835	0.97569
6836	0.97919
6837	0.98005
6838	0.97831
6839	0.98006
6840	0.98091
6841	0.97828
6842	0.98095
6843	0.98181
6844	0.98269
6845	0.98182
6846	0.98533
6847	0.98359
6848	0.98444
6849	0.98264
6850	0.98775
6851	0.9883
6852	0.98653
6853	0.98584
6854	0.98854
6855	0.98981
6856	0.98946
6857	0.9869
6858	0.98895
6859	0.9902
6860	0.98953
6861	0.99082
6862	0.98748
6863	0.99002
6864	0.99153
6865	0.99006
6866	0.99206
6867	1.0352
6868	1.0367
6869	1.0333
6870	1.0406
6871	1.04
6872	1.0444
6873	1.0451
6874	1.0429
6875	1.0458
6876	1.0468
6877	1.0471
6878	1.0481
6879	1.0448
6880	1.0489
6881	1.0495
6882	1.0459
6883	1.0509
6884	1.0516
6885	1.0486
6886	1.0545
6887	1.0527
6888	1.0551
6889	1.0521
6890	1.0563
6891	1.0569
6892	1.058
6893	1.0588
6894	1.0598
6895	1.0603
6896	1.0617
6897	1.0622
6898	1.0638
6899	1.0642
6900	1.0661
6901	1.0663
6902	1.0684
6903	1.0686
6904	1.0706
6905	1.0708
6906	1.0683
6907	1.0725
6908	1.0729
6909	1.0703
6910	1.0746
6911	1.0747
6912	1.0719
6913	1.0771
6914	1.0771
6915	1.0745
6916	1.0796
6917	1.0794
6918	1.077
6919	1.0827
6920	1.082
6921	1.0857
6922	1.0848
6923	1.0859
6924	1.0884
6925	1.0883
6926	1.091
6927	1.0909
6928	1.0934
6929	1.0935
6930	1.0912
6931	1.0986
6932	1.0962
6933	1.0985
6934	1.101
6935	1.1006
6936	1.099
6937	1.1038
6938	1.1033
6939	1.1018
6940	1.1059
6941	1.1064
6942	1.1044
6943	1.1115
6944	1.111
6945	1.1089
6946	1.1095
6947	1.1135
6948	1.114
6949	1.1189
6950	1.1185
6951	1.1165
6952	1.117
6953	1.121
6954	1.1214
6955	1.1194
6956	1.1266
6957	1.1261
6958	1.1239
6959	1.1289
6960	1.1295
6961	1.1355
6962	1.1346
6963	1.1325
6964	1.1384
6965	1.1376
6966	1.141
6967	1.1404
6968	1.1434
6969	1.1429
6970	1.1453
6971	1.1458
6972	1.1542
6973	1.1535
6974	1.1513
6975	1.1571
6976	1.1563
6977	1.1602
6978	1.1593
6979	1.1582
6980	1.1632
6981	1.1623
6982	1.1611
6983	1.1661
6984	1.1652
6985	1.1641
6986	1.1692
6987	1.1682
6988	1.1712
6989	1.1722
6990	1.1769
6991	1.1779
6992	1.1751
6993	1.1835
6994	1.185
6995	1.1813
6996	1.1926
6997	1.1909
6998	1.1887
6999	1.6465
7000	1.6445
7001	1.647
7002	1.6494
7003	1.6353
7004	1.6374
7005	1.6377
7006	1.6399
7007	1.6329
7008	1.6331
7009	1.6308
7010	1.6172
7011	1.6194
7012	1.6195
7013	1.6217
7014	1.615
7015	1.6149
7016	1.6127
7017	1.606
7018	1.6058
7019	1.6037
7020	1.6082
7021	1.5946
7022	1.5968
7023	1.5969
7024	1.5991
7025	1.5923
7026	1.5924
7027	1.5901
7028	1.581
7029	1.5832
7030	1.5834
7031	1.5856
7032	1.5787
7033	1.5788
7034	1.5765
7035	1.5652
7036	1.563
7037	1.5653
7038	1.5675
7039	1.5562
7040	1.5563
7041	1.5585
7042	1.554
7043	1.5427
7044	1.5404
7045	1.5449
7046	1.5426
7047	1.5313
7048	1.5335
7049	1.5336
7050	1.5358
7051	1.529
7052	1.5292
7053	1.5268
7054	1.5132
7055	1.5154
7056	1.5157
7057	1.5177
7058	1.5108
7059	1.5111
7060	1.5085
7061	1.4926
7062	1.4931
7063	1.4906
7064	1.4949
7065	1.4747
7066	1.4748
7067	1.4725
7068	1.477
7069	1.4634
7070	1.4656
7071	1.4657
7072	1.468
7073	1.4589
7074	1.4612
7075	1.4611
7076	1.4566
7077	1.4567
7078	1.4543
7079	1.4453
7080	1.4475
7081	1.4476
7082	1.4498
7083	1.4408
7084	1.443
7085	1.4431
7086	1.4362
7087	1.4385
7088	1.4385
7089	1.4317
7090	1.4339
7091	1.434
7092	1.4294
7093	1.4295
7094	1.4272
7095	1.4204
7096	1.4182
7097	1.4205
7098	1.4227
7099	1.4091
7100	1.4113
7101	1.4136
7102	1.4114
7103	1.4069
7104	1.4068
7105	1.4046
7106	1.3864
7107	1.3886
7108	1.3887
7109	1.391
7110	1.3841
7111	1.3842
7112	1.3819
7113	1.3729
7114	1.3751
7115	1.3774
7116	1.3752
7117	1.3594
7118	1.357
7119	1.3572
7120	1.3548
7121	1.3707
7122	1.3684
7123	1.3706
7124	1.3617
7125	1.3616
7126	1.3639
7127	1.3366
7128	1.3388
7129	1.339
7130	1.3412
7131	1.3321
7132	1.3344
7133	1.3343
7134	1.3275
7135	1.3298
7136	1.3299
7137	1.323
7138	1.3253
7139	1.3252
7140	1.3185
7141	1.3207
7142	1.3208
7143	1.314
7144	1.3162
7145	1.3163
7146	1.3095
7147	1.3117
7148	1.3118
7149	1.3073
7150	1.3072
7151	1.305
7152	1.2822
7153	1.2844
7154	1.2845
7155	1.2867
7156	1.2776
7157	1.2798
7158	1.2799
7159	1.2731
7160	1.2753
7161	1.2754
7162	1.2685
7163	1.2709
7164	1.2708
7165	1.264
7166	1.2662
7167	1.2663
7168	1.2595
7169	1.2617
7170	1.2618
7171	1.255
7172	1.2572
7173	1.2573
7174	1.2504
7175	1.2527
7176	1.2527
7177	1.2459
7178	1.2481
7179	1.2482
7180	1.2437
7181	1.2436
7182	1.2414
7183	1.2278
7184	1.23
7185	1.2323
7186	1.2301
7187	1.2233
7188	1.2256
7189	1.2256
7190	1.2189
7191	1.2211
7192	1.2212
7193	1.2144
7194	1.2167
7195	1.2167
7196	1.2099
7197	1.2122
7198	1.2122
7199	1.2055
7200	1.2078
7201	1.2078
7202	1.2012
7203	1.2035
7204	1.2035
7205	1.1968
7206	1.1992
7207	1.1994
7208	1.1931
7209	1.1951
7210	1.1949
7211	1.1918
7212	1.1901
7213	1.1838
7214	1.1869
7215	1.1854
7216	1.1805
7217	1.1823
7218	1.1771
7219	1.1791
7220	1.1737
7221	1.1743
7222	1.176
7223	1.1704
7224	1.1713
7225	1.1672
7226	1.1682
7227	1.1652
7228	1.1641
7229	1.1662
7230	1.1672
7231	1.1691
7232	1.1555
7233	1.1567
7234	1.1573
7235	1.1584
7236	1.1524
7237	1.1539
7238	1.1493
7239	1.1498
7240	1.151
7241	1.1464
7242	1.1471
7243	1.1483
7244	1.1435
7245	1.1442
7246	1.1453
7247	1.1416
7248	1.1339
7249	1.1355
7250	1.1304
7251	1.1311
7252	1.1323
7253	1.1273
7254	1.1282
7255	1.1291
7256	1.1241
7257	1.1253
7258	1.1212
7259	1.1214
7260	1.1225
7261	1.1189
7262	1.1185
7263	1.1136
7264	1.114
7265	1.1161
7266	1.1156
7267	1.1111
7268	1.1116
7269	1.1132
7270	1.1085
7271	1.109
7272	1.1061
7273	1.1066
7274	1.1081
7275	1.1041
7276	1.1036
7277	1.0939
7278	1.0942
7279	1.0961
7280	1.0918
7281	1.092
7282	1.0896
7283	1.0898
7284	1.0874
7285	1.0876
7286	1.0852
7287	1.0854
7288	1.083
7289	1.0832
7290	1.085
7291	1.0808
7292	1.0809
7293	1.0786
7294	1.0787
7295	1.0766
7296	1.0765
7297	1.0754
7298	1.0748
7299	1.074
7300	1.0736
7301	1.0718
7302	1.0716
7303	1.0744
7304	1.0695
7305	1.0693
7306	1.0719
7307	1.0674
7308	1.0671
7309	1.0694
7310	1.0654
7311	1.0652
7312	1.0677
7313	1.0634
7314	1.0632
7315	1.0657
7316	1.0613
7317	1.0611
7318	1.0593
7319	1.0591
7320	1.0574
7321	1.0571
7322	1.0559
7323	1.0554
7324	1.0543
7325	1.0538
7326	1.0527
7327	1.0521
7328	1.0514
7329	1.0506
7330	1.0499
7331	1.0492
7332	1.0476
7333	1.0483
7334	1.0433
7335	1.0426
7336	1.0456
7337	1.0451
7338	1.0418
7339	1.041
7340	1.0405
7341	1.0396
7342	1.0426
7343	1.0392
7344	1.0382
7345	1.0415
7346	1.0378
7347	1.0369
7348	1.0354
7349	1.0364
7350	1.0307
7351	1.032
7352	1.0329
7353	1.0277
7354	1.0264
7355	1.0309
7356	1.03
7357	1.0255
7358	1.0287
7359	1.0244
7360	1.0233
7361	1.0221
7362	1.0266
7363	1.0212
7364	1.0201
7365	1.0245
7366	1.0191
7367	1.0179
7368	1.0223
7369	1.017
7370	1.0159
7371	1.0203
7372	1.0137
7373	1.0182
7374	1.0149
7375	1.0108
7376	1.0096
7377	1.0141
7378	1.0129
7379	1.0086
7380	1.0075
7381	1.0119
7382	1.0065
7383	1.0053
7384	1.0097
7385	1.0044
7386	1.0077
7387	1.0032
7388	1.0023
7389	1.0011
7390	1.0055
7391	1.0002
7392	0.99902
7393	1.0035
7394	0.99801
7395	0.99688
7396	1.0006
7397	1.0015
7398	0.99575
7399	0.99869
7400	0.99481
7401	0.99351
7402	0.99263
7403	0.99647
7404	0.99116
7405	0.99055
7406	0.99434
7407	0.98794
7408	0.9881
7409	0.9923
7410	0.98476
7411	0.98451
7412	0.98018
7413	0.97999
7414	0.97934
7415	0.9819
7416	0.9788
7417	0.9783
7418	0.97689
7419	0.97664
7420	0.97641
7421	0.97529
7422	0.97596
7423	0.97481
7424	0.97582
7425	0.97246
7426	0.97141
7427	0.97277
7428	0.97419
7429	0.97178
7430	0.97084
7431	0.97356
7432	0.97096
7433	0.97004
7434	0.9701
7435	0.9692
7436	0.97189
7437	0.96921
7438	0.96831
7439	0.97102
7440	0.96833
7441	0.96743
7442	0.96655
7443	0.96748
7444	0.96294
7445	0.96207
7446	0.96389
7447	0.96477
7448	0.96199
7449	0.96114
7450	0.96382
7451	0.96099
7452	0.96019
7453	0.95827
7454	0.95794
7455	0.9598
7456	0.957
7457	0.95642
7458	0.95555
7459	0.95641
7460	0.95525
7461	0.95431
7462	0.95587
7463	0.95679
7464	0.95456
7465	0.95367
7466	0.9563
7467	0.95366
7468	0.95288
7469	0.95175
7470	0.95092
7471	0.95263
7472	0.95014
7473	0.95112
7474	0.94827
7475	0.94755
7476	0.94939
7477	0.94714
7478	0.94654
7479	0.94578
7480	0.94767
7481	0.94539
7482	0.94469
7483	0.94411
7484	0.94373
7485	0.94386
7486	0.94308
7487	0.94555
7488	0.94216
7489	0.94289
7490	0.94461
7491	0.94076
7492	0.94016
7493	0.94184
7494	0.93972
7495	0.93914
7496	0.93852
7497	0.93814
7498	0.93748
7499	0.93659
7500	0.93695
7501	0.93913
7502	0.93672
7503	0.93594
7504	0.9359
7505	0.93516
7506	0.93433
7507	0.9335
7508	0.93505
7509	0.9338
7510	0.93284
7511	0.93231
7512	0.93495
7513	0.93325
7514	0.93167
7515	0.93081
7516	0.93251
7517	0.93343
7518	0.93092
7519	0.92998
7520	0.93264
7521	0.93021
7522	0.92929
7523	0.93195
7524	0.9296
7525	0.92858
7526	0.92899
7527	0.92801
7528	0.92832
7529	0.92731
7530	0.93
7531	0.92768
7532	0.92665
7533	0.92936
7534	0.92704
7535	0.92599
7536	0.92635
7537	0.92533
7538	0.92536
7539	0.92455
7540	0.92611
7541	0.92342
7542	0.92397
7543	0.91334
7544	0.914
7545	0.91593
7546	0.91558
7547	0.9108
7548	0.91074
7549	0.91157
7550	0.90866
7551	0.90875
7552	0.9068
7553	0.90681
7554	0.90821
7555	0.90151
7556	0.90156
7557	0.9035
7558	0.89929
7559	0.89732
7560	0.89688
7561	0.89207
7562	0.89277
7563	0.8944
7564	0.88968
7565	0.88942
7566	0.89069
7567	0.88809
7568	0.88799
7569	0.88627
7570	0.88628
7571	0.88249
7572	0.88235
7573	0.88434
7574	0.87831
7575	0.87855
7576	0.88035
7577	0.8763
7578	0.87656
7579	0.87434
7580	0.8746
7581	0.87601
7582	0.87243
7583	0.8727
7584	0.87406
7585	0.87081
7586	0.87049
7587	0.86629
7588	0.86846
7589	0.8669
7590	0.8645
7591	0.86486
7592	0.86407
7593	0.86261
7594	0.85972
7595	0.86107
7596	0.85987
7597	0.85227
7598	0.85218
7599	0.85394
7600	0.85059
7601	0.85082
7602	0.84664
7603	0.84899
7604	0.849
7605	0.84696
7606	0.8447
7607	0.84443
7608	0.84581
7609	0.84062
7610	0.84225
7611	0.84007
7612	0.83991
7613	0.84224
7614	0.83533
7615	0.83588
7616	0.83783
7617	0.837
7618	0.83387
7619	0.83296
7620	0.83365
7621	0.83257
7622	0.83231
7623	0.83554
7624	0.8305
7625	0.83034
7626	0.82846
7627	0.82842
7628	0.82622
7629	0.82637
7630	0.82398
7631	0.82417
7632	0.82576
7633	0.82214
7634	0.8221
7635	0.82087
7636	0.82047
7637	0.81922
7638	0.81933
7639	0.80713
7640	0.80502
7641	0.80546
7642	0.81506
7643	0.81519
7644	0.81721
7645	0.81697
7646	0.81303
7647	0.81319
7648	0.81482
7649	0.81105
7650	0.81125
7651	0.8091
7652	0.80934
7653	0.80742
7654	0.7976
7655	0.79723
7656	0.79632
7657	0.79883
7658	0.79639
7659	0.79573
7660	0.79946
7661	0.79356
7662	0.79334
7663	0.79011
7664	0.79275
7665	0.79029
7666	0.91998
7667	0.92226
7668	0.92019
7669	0.91805
7670	0.9177
7671	1.6647
7672	1.6629
7673	1.6617
7674	1.6596
7675	1.67
7676	1.6678
7677	1.6667
7678	1.6753
7679	1.6728
7680	1.6715
7681	1.6735
7682	1.6803
7683	1.6785
7684	1.6778
7685	1.6854
7686	1.6828
7687	1.6833
7688	1.6908
7689	1.6885
7690	1.688
7691	0.80662
7692	0.80896
7693	0.80809
7694	0.80405
7695	0.80573
7696	0.92651
7697	0.92841
7698	0.80277
7699	0.80332
7700	0.92463
7701	0.92665
7702	0.92437
7703	0.78672
7704	0.78697
7705	0.78923
7706	0.93617
7707	0.93447
7708	0.92536
7709	0.9263
7710	0.92622
7711	0.80315
7712	0.80113
7713	1.6933
7714	1.6964
7715	1.6936
7716	0.80052
7717	0.80113
7718	0.79815
7719	0.79886
7720	0.79976
7721	0.92489
7722	0.92257
7723	0.92254
7724	0.40802
7725	0.41061
7726	0.40529
7727	0.40799
7728	0.41143
7729	0.406
7730	0.40865
7731	0.40832
7732	0.41223
7733	0.40677
7734	0.40906
7735	0.4097
7736	0.41364
7737	0.40792
7738	0.41089
7739	0.41028
7740	0.41457
7741	0.40915
7742	0.41221
7743	0.41147
7744	0.41368
7745	0.4147
7746	0.41721
7747	0.41171
7748	0.41014
7749	0.41271
7750	0.41557
7751	0.41565
7752	0.4166
7753	0.41906
7754	0.41355
7755	0.41757
7756	0.41223
7757	0.41753
7758	0.42093
7759	0.41544
7760	0.41852
7761	0.41928
7762	0.41413
7763	0.42154
7764	0.42289
7765	0.41969
7766	0.42515
7767	0.42337
7768	0.41813
7769	0.42034
7770	0.42603
7771	0.42078
7772	0.42412
7773	0.42685
7774	0.42825
7775	0.42501
7776	0.43036
7777	0.42865
7778	0.42344
7779	0.42544
7780	0.43142
7781	0.42633
7782	0.42965
7783	0.43275
7784	0.43434
7785	0.43639
7786	0.43103
7787	0.43445
7788	0.42934
7789	0.43117
7790	0.43759
7791	0.43246
7792	0.436
7793	0.43603
7794	0.43956
7795	0.4411
7796	0.43776
7797	0.44299
7798	0.4448
7799	0.44642
7800	0.44141
7801	0.44451
7802	0.43945
7803	0.44129
7804	0.44812
7805	0.4431
7806	0.44692
7807	0.44708
7808	0.4489
7809	0.45073
7810	0.45189
7811	0.45609
7812	0.45471
7813	0.45275
7814	0.45112
7815	0.4588
7816	0.46081
7817	0.46241
7818	0.45746
7819	0.45522
7820	0.45674
7821	0.46015
7822	0.46303
7823	0.46532
7824	0.4669
7825	0.4619
7826	0.46412
7827	0.4593
7828	0.46776
7829	0.47159
7830	0.4667
7831	0.47003
7832	0.46875
7833	0.46384
7834	0.47704
7835	0.47947
7836	0.47595
7837	0.48078
7838	0.47809
7839	0.47339
7840	0.47481
7841	0.48295
7842	0.47829
7843	0.4821
7844	0.48694
7845	0.48949
7846	0.49062
7847	0.48597
7848	0.48328
7849	0.48773
7850	0.48458
7851	0.49301
7852	0.48839
7853	0.49204
7854	0.49819
7855	0.49373
7856	0.49466
7857	0.4973
7858	0.50261
7859	0.50542
7860	0.50643
7861	0.50191
7862	0.50326
7863	0.49881
7864	0.49986
7865	0.50895
7866	0.5045
7867	0.50814
7868	0.51406
7869	0.5169
7870	0.51789
7871	0.51342
7872	0.51455
7873	0.51026
7874	0.511
7875	0.52009
7876	0.51597
7877	0.5195
7878	0.5216
7879	0.5223
7880	0.52532
7881	0.52581
7882	0.53181
7883	0.53161
7884	0.52839
7885	0.52773
7886	0.53728
7887	0.54022
7888	0.54095
7889	0.53673
7890	0.53362
7891	0.53455
7892	0.53783
7893	0.54331
7894	0.54637
7895	0.54716
7896	0.5429
7897	0.54363
7898	0.53954
7899	0.54951
7900	0.55276
7901	0.55337
7902	0.54919
7903	0.54978
7904	0.54568
7905	0.55625
7906	0.55221
7907	0.55592
7908	0.56259
7909	0.55863
7910	0.55911
7911	0.56225
7912	0.56884
7913	0.56489
7914	0.56874
7915	0.56537
7916	0.57515
7917	0.57844
7918	0.57874
7919	0.57492
7920	0.57538
7921	0.57151
7922	0.57203
7923	0.58189
7924	0.57812
7925	0.58171
7926	0.58846
7927	0.59166
7928	0.59209
7929	0.58823
7930	0.58866
7931	0.58484
7932	0.58508
7933	0.59506
7934	0.59131
7935	0.59513
7936	0.60204
7937	0.59837
7938	0.59863
7939	0.60194
7940	0.60881
7941	0.60522
7942	0.60877
7943	0.60535
7944	0.61576
7945	0.61227
7946	0.61576
7947	0.61219
7948	0.61922
7949	0.62306
7950	0.62284
7951	0.61929
7952	0.62967
7953	0.62647
7954	0.62975
7955	0.62617
7956	0.63348
7957	0.63694
7958	0.6369
7959	0.6334
7960	0.64412
7961	0.64054
7962	0.64421
7963	0.64063
7964	0.64767
7965	0.65124
7966	0.65109
7967	0.6477
7968	0.6585
7969	0.65499
7970	0.65865
7971	0.65516
7972	0.6623
7973	0.66602
7974	0.66564
7975	0.66222
7976	0.67296
7977	0.67342
7978	0.66963
7979	0.66957
7980	0.68075
7981	0.68439
7982	0.68431
7983	0.68097
7984	0.67721
7985	0.67722
7986	0.68051
7987	0.68814
7988	0.69196
7989	0.69178
7990	0.68848
7991	0.68776
7992	0.68451
7993	0.69571
7994	0.69926
7995	0.69601
7996	0.69948
7997	0.69541
7998	0.69214
7999	0.71073
8000	0.71462
8001	0.71436
8002	0.71115
8003	0.71029
8004	0.7071
8005	0.70693
8006	0.71795
8007	0.71492
8008	0.71856
8009	0.72568
8010	0.72258
8011	0.72239
8012	0.72608
8013	0.73349
8014	0.73034
8015	0.73371
8016	0.72998
8017	0.74121
8018	0.73765
8019	0.74149
8020	0.73818
8021	0.74877
8022	0.74571
8023	0.74906
8024	0.74521
8025	0.75653
8026	0.75354
8027	0.75296
8028	0.75692
8029	0.76424
8030	0.76126
8031	0.76466
8032	0.76076
8033	0.77208
8034	0.76903
8035	0.77251
8036	0.76858
8037	0.78358
8038	0.78691
8039	0.78364
8040	0.79268
8041	0.79445
8042	0.79243
8043	0.79008
8044	0.79008
8045	0.79598
8046	0.79759
8047	0.79584
8048	0.79401
8049	0.79946
8050	0.79808
8051	0.7973
8052	0.80014
8053	0.80168
8054	0.80411
8055	0.80576
8056	0.80376
8057	0.80783
8058	0.80766
8059	0.80953
8060	0.81332
8061	0.81526
8062	0.8134
8063	0.81153
8064	0.81142
8065	0.81529
8066	0.81716
8067	0.81727
8068	0.81867
8069	0.82043
8070	0.81882
8071	0.82236
8072	0.82229
8073	0.82432
8074	0.82624
8075	0.82633
8076	0.82826
8077	0.8314
8078	0.83254
8079	0.83097
8080	0.82978
8081	0.83007
8082	0.8342
8083	0.83619
8084	0.83436
8085	0.83248
8086	0.8363
8087	0.83815
8088	0.83799
8089	0.83946
8090	0.83947
8091	0.84112
8092	0.84319
8093	0.84502
8094	0.84302
8095	0.84705
8096	0.84883
8097	0.84906
8098	0.84703
8099	0.85047
8100	0.8505
8101	0.85227
8102	0.85604
8103	0.85783
8104	0.85598
8105	0.85797
8106	0.85417
8107	0.85415
8108	0.85602
8109	0.86004
8110	0.85838
8111	0.85759
8112	0.86065
8113	0.86218
8114	0.86395
8115	0.86546
8116	0.86376
8117	0.86764
8118	0.86922
8119	0.86889
8120	0.86733
8121	0.87132
8122	0.87108
8123	0.87296
8124	0.87509
8125	0.87679
8126	0.87486
8127	0.8789
8128	0.88066
8129	0.87873
8130	0.88053
8131	0.88442
8132	0.88617
8133	0.88447
8134	0.88266
8135	0.88257
8136	0.88443
8137	0.88772
8138	0.88872
8139	0.88767
8140	0.88617
8141	0.89
8142	0.89167
8143	0.89358
8144	0.89336
8145	0.89543
8146	0.89499
8147	0.89763
8148	0.8995
8149	0.89955
8150	0.89753
8151	0.90141
8152	0.90324
8153	0.90145
8154	0.9034
8155	0.90504
8156	0.90503
8157	0.90689
8158	0.90866
8159	0.90869
8160	0.91037
8161	0.91243
8162	0.91431
8163	0.91223
8164	0.91645
8165	0.9164
8166	0.91832
8167	0.9184
8168	0.92145
8169	0.92261
8170	0.92081
8171	0.91965
8172	0.92001
8173	0.922
8174	0.92353
8175	0.92428
8176	0.92257
8177	0.92177
8178	0.92326
8179	0.92495
8180	0.92632
8181	0.92699
8182	0.92536
8183	0.92465
8184	0.92563
8185	0.92604
8186	0.92766
8187	0.92911
8188	0.92991
8189	0.92827
8190	0.92747
8191	0.92835
8192	0.92905
8193	0.93067
8194	0.93161
8195	0.93201
8196	0.93276
8197	0.93121
8198	0.93047
8199	0.93135
8200	0.93201
8201	0.93431
8202	0.93357
8203	0.93505
8204	0.9357
8205	0.93426
8206	0.9336
8207	0.93437
8208	0.93657
8209	0.93756
8210	0.93599
8211	0.93503
8212	0.93692
8213	0.93853
8214	0.93881
8215	0.93951
8216	0.94047
8217	0.94119
8218	0.94059
8219	0.94211
8220	0.94137
8221	0.94206
8222	0.94279
8223	0.94372
8224	0.9441
8225	0.94582
8226	0.94479
8227	0.94682
8228	0.94775
8229	0.94602
8230	0.94866
8231	0.94937
8232	0.95017
8233	0.95188
8234	0.95111
8235	0.95273
8236	0.95342
8237	0.95187
8238	0.95113
8239	0.95199
8240	0.95412
8241	0.95496
8242	0.95338
8243	0.95261
8244	0.95498
8245	0.95609
8246	0.95729
8247	0.95551
8248	0.95434
8249	0.95658
8250	0.95916
8251	0.95837
8252	0.96027
8253	0.9612
8254	0.9594
8255	0.95848
8256	0.95934
8257	0.96212
8258	0.96302
8259	0.96123
8260	0.96394
8261	0.96032
8262	0.96302
8263	0.96212
8264	0.9639
8265	0.96483
8266	0.96387
8267	0.96565
8268	0.96477
8269	0.96564
8270	0.96653
8271	0.96741
8272	0.9674
8273	0.9691
8274	0.96828
8275	0.96973
8276	0.96887
8277	0.96979
8278	0.97302
8279	0.97369
8280	0.97204
8281	0.97129
8282	0.97272
8283	0.97404
8284	0.97275
8285	0.97465
8286	0.97639
8287	0.97746
8288	0.97567
8289	0.97458
8290	0.97556
8291	0.97859
8292	0.98028
8293	0.97801
8294	0.97668
8295	0.98244
8296	0.98493
8297	0.98191
8298	0.97989
8299	0.98219
8300	0.98749
8301	0.98968
8302	0.98683
8303	0.9843
8304	0.98857
8305	0.99169
8306	0.99246
8307	0.99368
8308	0.99572
8309	0.99663
8310	0.99783
8311	0.99992
8312	1.0007
8313	1.0041
8314	1.002
8315	1.0084
8316	1.0105
8317	1.0071
8318	1.0116
8319	1.0051
8320	1.0063
8321	1.0091
8322	1.0126
8323	1.0168
8324	1.0189
8325	1.0157
8326	1.0134
8327	1.0147
8328	1.0176
8329	1.0211
8330	1.0219
8331	1.0252
8332	1.0232
8333	1.0281
8334	1.0294
8335	1.027
8336	1.0254
8337	1.0294
8338	1.0268
8339	1.0281
8340	1.0315
8341	1.0305
8342	1.0309
8343	1.0331
8344	1.0318
8345	1.0341
8346	1.0337
8347	1.0345
8348	1.0359
8349	1.0388
8350	1.0403
8351	1.038
8352	1.0365
8353	1.0373
8354	1.0396
8355	1.0419
8356	1.0429
8357	1.0452
8358	1.0436
8359	1.0459
8360	1.0484
8361	1.05
8362	1.0478
8363	1.0462
8364	1.0469
8365	1.0494
8366	1.0516
8367	1.0551
8368	1.0569
8369	1.0547
8370	1.0529
8371	1.0533
8372	1.0589
8373	1.0609
8374	1.0586
8375	1.0567
8376	1.0629
8377	1.0649
8378	1.0627
8379	1.0607
8380	1.0647
8381	1.0669
8382	1.0689
8383	1.0712
8384	1.0691
8385	1.0726
8386	1.0729
8387	1.0747
8388	1.0789
8389	1.0811
8390	1.079
8391	1.0768
8392	1.0767
8393	1.0833
8394	1.0855
8395	1.0835
8396	1.0813
8397	1.0878
8398	1.09
8399	1.088
8400	1.0857
8401	1.0923
8402	1.0947
8403	1.0926
8404	1.0903
8405	1.095
8406	1.0966
8407	1.0971
8408	1.102
8409	1.1045
8410	1.1024
8411	1.0999
8412	1.0995
8413	1.1016
8414	1.107
8415	1.1095
8416	1.1073
8417	1.1049
8418	1.112
8419	1.1144
8420	1.1124
8421	1.1099
8422	1.1169
8423	1.1192
8424	1.1173
8425	1.1148
8426	1.1165
8427	1.1196
8428	1.1214
8429	1.1244
8430	1.1237
8431	1.1263
8432	1.1296
8433	1.1289
8434	1.1313
8435	1.1396
8436	1.1376
8437	1.1367
8438	1.1423
8439	1.145
8440	1.143
8441	1.1404
8442	1.1476
8443	1.15
8444	1.1483
8445	1.1458
8446	1.1508
8447	1.1524
8448	1.1561
8449	1.155
8450	1.1578
8451	1.1644
8452	1.1634
8453	1.1739
8454	1.1726
8455	1.1718
8456	1.178
8457	1.1795
8458	1.1809
8459	1.1769
8460	1.1757
8461	1.1903
8462	1.1938
8463	1.1919
8464	1.1885
8465	1.1886
8466	1.187
8467	1.1956
8468	1.1977
8469	1.2038
8470	1.2017
8471	1.2058
8472	1.2123
8473	1.2145
8474	1.2102
8475	1.221
8476	1.2189
8477	1.2233
8478	1.2323
8479	1.2278
8480	1.23
8481	1.2481
8482	1.2458
8483	1.2504
8484	1.2571
8485	1.2594
8486	1.2549
8487	1.2662
8488	1.2639
8489	1.2684
8490	1.2775
8491	1.282
8492	1.2798
8493	1.2752
8494	1.273
8495	1.2843
8496	1.2866
8497	1.2934
8498	1.2911
8499	1.2957
8500	1.2935
8501	1.3025
8502	1.3049
8503	1.3003
8504	1.3027
8505	1.3116
8506	1.3094
8507	1.3139
8508	1.3206
8509	1.3229
8510	1.3184
8511	1.3297
8512	1.3274
8513	1.332
8514	1.3388
8515	1.3411
8516	1.3365
8517	1.3478
8518	1.3456
8519	1.3502
8520	1.348
8521	1.3569
8522	1.3592
8523	1.3547
8524	1.3659
8525	1.3638
8526	1.3661
8527	1.3683
8528	1.375
8529	1.3728
8530	1.3773
8531	1.3863
8532	1.3909
8533	1.3886
8534	1.3818
8535	1.3841
8536	1.3931
8537	1.3932
8538	1.3954
8539	1.4022
8540	1.4
8541	1.4045
8542	1.4023
8543	1.4136
8544	1.4181
8545	1.4158
8546	1.4159
8547	1.4113
8548	1.409
8549	1.4203
8550	1.4226
8551	1.4316
8552	1.4361
8553	1.4339
8554	1.4294
8555	1.4271
8556	1.4407
8557	1.4452
8558	1.4429
8559	1.4384
8560	1.4474
8561	1.4497
8562	1.4565
8563	1.4588
8564	1.4543
8565	1.4655
8566	1.4678
8567	1.4633
8568	1.4745
8569	1.4769
8570	1.4723
8571	1.4924
8572	1.4902
8573	1.4944
8574	1.5014
8575	1.4989
8576	1.5013
8577	1.5037
8578	1.513
8579	1.5176
8580	1.5152
8581	1.5107
8582	1.5083
8583	1.5198
8584	1.5199
8585	1.5221
8586	1.5312
8587	1.5357
8588	1.5334
8589	1.5289
8590	1.5267
8591	1.5379
8592	1.538
8593	1.5402
8594	1.547
8595	1.5493
8596	1.5471
8597	1.5448
8598	1.5584
8599	1.5629
8600	1.5606
8601	1.5607
8602	1.556
8603	1.5538
8604	1.5651
8605	1.5674
8606	1.5741
8607	1.5764
8608	1.5742
8609	1.5719
8610	1.5831
8611	1.5809
8612	1.5854
8613	1.5945
8614	1.599
8615	1.5967
8616	1.5922
8617	1.59
8618	1.6012
8619	1.6035
8620	1.6013
8621	1.6103
8622	1.6126
8623	1.608
8624	1.6104
8625	1.6193
8626	1.6171
8627	1.6215
8628	1.6304
8629	1.635
8630	1.6327
8631	1.6282
8632	1.626
8633	1.6283
8634	1.6395
8635	1.6439
8636	1.6417
8637	1.642
8638	1.6373
8639	1.6461
8640	1.6483
8641	1.6546
8642	1.6566
8643	1.6523
8644	1.6531
8645	1.6639
8646	1.666
8647	1.6614
8648	1.6731
8649	1.6706
8650	1.6754
8651	1.6829
8652	1.6854
8653	1.6803
8654	1.6885
8655	1.6912
8656	1.6864
8657	1.679
8658	1.6815
8659	1.6768
8660	1.6701
8661	1.6682
8662	1.6724
8663	1.6611
8664	1.6588
8665	1.6637
8666	1.6517
8667	1.654
8668	1.6494
8669	1.6519
8670	1.6425
8671	1.6401
8672	1.6423
8673	1.6447
8674	1.6333
8675	1.6356
8676	1.631
8677	1.6242
8678	1.6264
8679	1.6219
8680	1.6241
8681	1.6152
8682	1.6128
8683	1.6174
8684	1.6061
8685	1.6038
8686	1.6083
8687	1.5971
8688	1.5993
8689	1.5947
8690	1.588
8691	1.5857
8692	1.5902
8693	1.5879
8694	1.57
8695	1.5721
8696	1.5676
8697	1.5698
8698	1.5609
8699	1.5586
8700	1.5608
8701	1.5631
8702	1.5519
8703	1.5541
8704	1.5496
8705	1.5518
8706	1.5405
8707	1.536
8708	1.5383
8709	1.5382
8710	1.5428
8711	1.545
8712	1.5338
8713	1.5316
8714	1.5249
8715	1.5227
8716	1.5272
8717	1.5247
8718	1.5159
8719	1.5182
8720	1.5137
8721	1.5048
8722	1.5003
8723	1.5024
8724	1.502
8725	1.5069
8726	1.5092
8727	1.5065
8728	1.4979
8729	1.4957
8730	1.4975
8731	1.4888
8732	1.4865
8733	1.4911
8734	1.4887
8735	1.4795
8736	1.4818
8737	1.4772
8738	1.4794
8739	1.4681
8740	1.4635
8741	1.4658
8742	1.4704
8743	1.4726
8744	1.4703
8745	1.4613
8746	1.459
8747	1.4522
8748	1.4544
8749	1.4499
8750	1.4521
8751	1.4432
8752	1.4409
8753	1.4454
8754	1.4341
8755	1.4363
8756	1.4318
8757	1.4251
8758	1.4228
8759	1.4273
8760	1.425
8761	1.416
8762	1.4159
8763	1.4182
8764	1.4137
8765	1.407
8766	1.4046
8767	1.4092
8768	1.3979
8769	1.4001
8770	1.3956
8771	1.3978
8772	1.3888
8773	1.3865
8774	1.391
8775	1.3798
8776	1.382
8777	1.3797
8778	1.3775
8779	1.3708
8780	1.373
8781	1.3685
8782	1.3595
8783	1.3573
8784	1.355
8785	1.364
8786	1.3618
8787	1.3322
8788	1.3276
8789	1.3299
8790	1.3345
8791	1.3368
8792	1.3254
8793	1.3231
8794	1.3074
8795	1.3096
8796	1.3051
8797	1.28
8798	1.2777
8799	1.2822
8800	1.2709
8801	1.2732
8802	1.2686
8803	1.2528
8804	1.255
8805	1.2505
8806	1.2438
8807	1.246
8808	1.2415
8809	1.2348
8810	1.2347
8811	1.237
8812	1.2325
8813	1.2258
8814	1.2235
8815	1.228
8816	1.2171
8817	1.219
8818	1.2145
8819	1.2057
8820	1.2015
8821	1.2038
8822	1.2082
8823	1.2101
8824	1.1994
8825	1.1972
8826	1.1913
8827	1.1893
8828	1.1932
8829	1.184
8830	1.1857
8831	1.1822
8832	1.1779
8833	1.176
8834	1.179
8835	1.1702
8836	1.1673
8837	1.1692
8838	1.1721
8839	1.1731
8840	1.1643
8841	1.1614
8842	1.1635
8843	1.1664
8844	1.1585
8845	1.1556
8846	1.1577
8847	1.1606
8848	1.1528
8849	1.15
8850	1.1521
8851	1.1506
8852	1.1549
8853	1.1494
8854	1.1474
8855	1.1479
8856	1.1442
8857	1.1422
8858	1.1448
8859	1.1367
8860	1.1339
8861	1.136
8862	1.1388
8863	1.1395
8864	1.1333
8865	1.1311
8866	1.1317
8867	1.1278
8868	1.1283
8869	1.1256
8870	1.1206
8871	1.118
8872	1.1201
8873	1.1227
8874	1.1231
8875	1.1155
8876	1.113
8877	1.1151
8878	1.1176
8879	1.116
8880	1.1126
8881	1.1105
8882	1.1076
8883	1.1055
8884	1.108
8885	1.1027
8886	1.1029
8887	1.1005
8888	1.0957
8889	1.0933
8890	1.0955
8891	1.0978
8892	1.0958
8893	1.0981
8894	1.0908
8895	1.0885
8896	1.0907
8897	1.0931
8898	1.0864
8899	1.0864
8900	1.0841
8901	1.0885
8902	1.0772
8903	1.0751
8904	1.0773
8905	1.0796
8906	1.0795
8907	1.0754
8908	1.0731
8909	1.0712
8910	1.071
8911	1.0688
8912	1.0647
8913	1.0628
8914	1.0652
8915	1.0671
8916	1.0667
8917	1.0611
8918	1.0593
8919	1.0617
8920	1.0633
8921	1.0598
8922	1.0575
8923	1.0564
8924	1.0534
8925	1.0557
8926	1.054
8927	1.0528
8928	1.0522
8929	1.0505
8930	1.0499
8931	1.0476
8932	1.0491
8933	1.0468
8934	1.0445
8935	1.0459
8936	1.0437
8937	1.0437
8938	1.0429
8939	1.0409
8940	1.0368
8941	1.0372
8942	1.0342
8943	1.0333
8944	1.0399
8945	1.0391
8946	1.0278
8947	1.0256
8948	1.0288
8949	1.0299
8950	1.031
8951	1.0267
8952	1.0235
8953	1.0226
8954	1.0214
8955	1.0193
8956	1.0184
8957	1.0173
8958	1.0152
8959	1.0141
8960	1.013
8961	1.0109
8962	1.01
8963	1.0088
8964	1.0068
8965	1.003
8966	1.0013
8967	1.0043
8968	1.006
8969	1.0048
8970	1.0028
8971	0.99941
8972	0.99548
8973	0.9943
8974	0.99666
8975	0.99845
8976	0.99731
8977	0.99356
8978	0.99281
8979	0.99487
8980	0.99577
8981	0.99206
8982	0.99147
8983	0.99312
8984	0.99395
8985	0.99249
8986	0.99088
8987	0.989
8988	0.98801
8989	0.98975
8990	0.98723
8991	0.99073
8992	0.99002
8993	0.98708
8994	0.98621
8995	0.98792
8996	0.9888
8997	0.98619
8998	0.98705
8999	0.98447
9000	0.98533
9001	0.98355
9002	0.98265
9003	0.98437
9004	0.98527
9005	0.98444
9006	0.98177
9007	0.9809
9008	0.9826
9009	0.98348
9010	0.98003
9011	0.97916
9012	0.98086
9013	0.98173
9014	0.97917
9015	0.97998
9016	0.97828
9017	0.9774
9018	0.9765
9019	0.97821
9020	0.97644
9021	0.97481
9022	0.9756
9023	0.97484
9024	0.9732
9025	0.97404
9026	0.97244
9027	0.9716
9028	0.97071
9029	0.97233
9030	0.97318
9031	0.97239
9032	0.96973
9033	0.96872
9034	0.97043
9035	0.9714
9036	0.96911
9037	0.96945
9038	0.96772
9039	0.96432
9040	0.96501
9041	0.96591
9042	0.96407
9043	0.96475
9044	0.96382
9045	0.96278
9046	0.96111
9047	0.96177
9048	0.96085
9049	0.95913
9050	0.96009
9051	0.95903
9052	0.95819
9053	0.95646
9054	0.9573
9055	0.95731
9056	0.9557
9057	0.95642
9058	0.95466
9059	0.95605
9060	0.95449
9061	0.95514
9062	0.9528
9063	0.9519
9064	0.95355
9065	0.95369
9066	0.95208
9067	0.95443
9068	0.95104
9069	0.95021
9070	0.95187
9071	0.94937
9072	0.95269
9073	0.95023
9074	0.94942
9075	0.94863
9076	0.95029
9077	0.95105
9078	0.94776
9079	0.94689
9080	0.94859
9081	0.94947
9082	0.94609
9083	0.94533
9084	0.94701
9085	0.94778
9086	0.94627
9087	0.94458
9088	0.94316
9089	0.94246
9090	0.9441
9091	0.94482
9092	0.94386
9093	0.94182
9094	0.94121
9095	0.94278
9096	0.94342
9097	0.94065
9098	0.93965
9099	0.94154
9100	0.94216
9101	0.93898
9102	0.93892
9103	0.94022
9104	0.93772
9105	0.94039
9106	0.93733
9107	0.93989
9108	0.93853
9109	0.9368
9110	0.93775
9111	0.93841
9112	0.93414
9113	0.9368
9114	0.93516
9115	0.93591
9116	0.93471
9117	0.93589
9118	0.93342
9119	0.93475
9120	1.699
9121	1.7017
9122	1.6982
9123	1.6962
9124	0.92854
9125	0.93042
9126	0.93174
9127	0.9334
9128	0.93376
9129	0.93246
9130	0.92587
9131	0.92441
9132	0.92628
9133	0.92007
9134	0.91793
9135	0.91972
9136	0.92181
9137	0.9223
9138	0.91589
9139	0.91393
9140	0.91579
9141	0.91396
9142	0.91772
9143	0.91391
9144	0.91205
9145	0.91201
9146	0.9105
9147	0.90839
9148	0.90882
9149	0.91038
9150	0.90688
9151	0.90532
9152	0.90696
9153	0.90385
9154	0.90392
9155	0.90236
9156	0.8989
9157	0.897
9158	0.89858
9159	0.90049
9160	0.90074
9161	0.89675
9162	0.8951
9163	0.89125
9164	0.88941
9165	0.89115
9166	0.88946
9167	0.89315
9168	0.89298
9169	0.89138
9170	0.88934
9171	0.88759
9172	0.88574
9173	0.88395
9174	0.88578
9175	0.8823
9176	0.88224
9177	0.88065
9178	0.8802
9179	0.87875
9180	0.87888
9181	0.877
9182	0.8753
9183	0.87355
9184	0.87531
9185	0.86953
9186	0.86752
9187	0.86955
9188	0.87145
9189	0.87155
9190	0.8652
9191	0.86695
9192	0.86774
9193	0.8647
9194	0.86277
9195	0.86305
9196	0.85909
9197	0.85761
9198	0.85931
9199	0.8572
9200	0.86079
9201	0.8607
9202	0.85578
9203	0.85378
9204	0.85567
9205	0.85763
9206	0.85639
9207	0.85185
9208	0.85014
9209	0.85196
9210	0.85378
9211	0.85036
9212	0.84864
9213	0.84719
9214	0.84714
9215	0.84557
9216	0.84179
9217	0.83982
9218	0.84169
9219	0.84361
9220	0.8421
9221	0.84379
9222	0.83979
9223	0.83772
9224	0.83383
9225	0.83233
9226	0.83434
9227	0.8263
9228	0.82799
9229	0.82819
9230	0.82453
9231	0.82273
9232	0.82448
9233	0.82286
9234	0.82625
9235	0.82267
9236	0.82089
9237	0.82098
9238	0.81723
9239	0.81905
9240	0.81905
9241	0.81574
9242	0.81561
9243	0.81411
9244	0.81243
9245	0.81083
9246	0.81249
9247	0.8021
9248	0.80446
9249	0.80484
9250	0.41092
9251	0.40786
9252	0.40526
9253	1.6955
9254	1.6928
9255	1.6905
9256	1.6987
9257	1.7017
9258	0.92974
9259	0.93131
9260	0.93017
9261	0.92803
9262	0.92936
9263	0.92795
9264	0.93334
9265	0.93511
9266	0.93269
9267	0.41342
9268	0.41038
9269	0.41308
9270	0.41586
9271	0.41349
9272	0.41655
9273	0.41338
9274	0.41605
9275	0.41387
9276	0.41638
9277	0.41077
9278	0.41409
9279	0.41705
9280	0.41447
9281	0.41682
9282	0.41132
9283	0.41515
9284	0.41763
9285	0.41597
9286	0.41802
9287	0.41263
9288	0.41655
9289	0.41907
9290	0.4169
9291	0.41927
9292	0.41381
9293	0.4177
9294	0.42001
9295	0.42091
9296	0.41536
9297	0.41821
9298	0.42007
9299	0.42242
9300	0.41909
9301	0.42096
9302	0.42302
9303	0.42172
9304	0.4245
9305	0.42267
9306	0.42465
9307	0.42387
9308	0.42625
9309	0.42475
9310	0.42676
9311	0.42148
9312	0.42566
9313	0.42795
9314	0.42265
9315	0.42881
9316	0.42696
9317	0.42934
9318	0.43116
9319	0.42827
9320	0.43064
9321	0.4328
9322	0.42744
9323	0.43396
9324	0.43215
9325	0.4348
9326	0.43669
9327	0.43352
9328	0.43632
9329	0.43819
9330	0.43304
9331	0.43808
9332	0.43969
9333	0.43963
9334	0.44178
9335	0.44121
9336	0.44283
9337	0.44491
9338	0.44295
9339	0.43962
9340	0.44635
9341	0.44835
9342	0.44314
9343	0.44467
9344	0.44793
9345	0.44958
9346	0.44973
9347	0.45148
9348	0.45181
9349	0.45319
9350	0.45562
9351	0.45062
9352	0.4536
9353	0.45776
9354	0.4595
9355	0.45444
9356	0.45559
9357	0.45974
9358	0.46106
9359	0.46353
9360	0.45837
9361	0.46177
9362	0.46571
9363	0.4673
9364	0.46374
9365	0.46798
9366	0.46913
9367	0.47033
9368	0.47197
9369	0.47258
9370	0.47373
9371	0.47473
9372	0.47643
9373	0.47702
9374	0.47809
9375	0.47318
9376	0.47945
9377	0.48098
9378	0.47617
9379	0.48286
9380	0.48182
9381	0.48668
9382	0.48765
9383	0.48425
9384	0.49033
9385	0.48898
9386	0.48583
9387	0.49414
9388	0.49536
9389	0.49141
9390	0.49665
9391	0.49766
9392	0.49921
9393	0.50037
9394	0.49568
9395	0.50184
9396	0.50263
9397	0.50434
9398	0.50559
9399	0.50095
9400	0.50708
9401	0.50786
9402	0.50996
9403	0.51105
9404	0.51269
9405	0.51348
9406	0.51542
9407	0.51632
9408	0.51187
9409	0.51838
9410	0.51897
9411	0.52107
9412	0.5223
9413	0.52367
9414	0.5244
9415	0.52742
9416	0.52308
9417	0.52659
9418	0.53258
9419	0.53359
9420	0.52916
9421	0.52966
9422	0.53547
9423	0.53596
9424	0.53919
9425	0.53527
9426	0.53854
9427	0.54436
9428	0.54515
9429	0.5415
9430	0.54748
9431	0.54787
9432	0.55056
9433	0.55145
9434	0.55364
9435	0.55402
9436	0.55685
9437	0.5576
9438	0.55987
9439	0.56017
9440	0.56302
9441	0.56347
9442	0.55954
9443	0.56628
9444	0.56653
9445	0.56942
9446	0.56992
9447	0.56594
9448	0.57263
9449	0.5729
9450	0.57588
9451	0.57653
9452	0.57252
9453	0.57898
9454	0.57934
9455	0.5822
9456	0.58262
9457	0.58549
9458	0.58578
9459	0.58888
9460	0.58928
9461	0.58531
9462	0.59229
9463	0.59241
9464	0.59548
9465	0.59588
9466	0.59882
9467	0.59888
9468	0.6023
9469	0.60269
9470	0.59889
9471	0.60563
9472	0.60582
9473	0.60899
9474	0.6093
9475	0.60554
9476	0.61241
9477	0.61254
9478	0.61586
9479	0.61607
9480	0.61237
9481	0.61935
9482	0.61941
9483	0.62303
9484	0.62291
9485	0.61936
9486	0.62996
9487	0.63033
9488	0.62676
9489	0.62654
9490	0.63333
9491	0.63335
9492	0.63704
9493	0.6369
9494	0.6334
9495	0.64404
9496	0.64397
9497	0.64046
9498	0.64042
9499	0.64772
9500	0.64761
9501	0.65143
9502	0.6512
9503	0.64781
9504	0.65839
9505	0.65836
9506	0.65487
9507	0.65472
9508	0.66202
9509	0.66192
9510	0.66568
9511	0.66558
9512	0.66216
9513	0.67293
9514	0.67294
9515	0.66961
9516	0.66924
9517	0.67679
9518	0.67642
9519	0.6806
9520	0.67725
9521	0.68054
9522	0.68769
9523	0.68773
9524	0.68408
9525	0.69141
9526	0.69108
9527	0.69524
9528	0.69516
9529	0.69896
9530	0.69871
9531	0.70261
9532	0.70258
9533	0.70636
9534	0.706
9535	0.70283
9536	0.71013
9537	0.71008
9538	0.70676
9539	0.71393
9540	0.71358
9541	0.7177
9542	0.71766
9543	0.72154
9544	0.72107
9545	0.72543
9546	0.72516
9547	0.72214
9548	0.72915
9549	0.72887
9550	0.73306
9551	0.73268
9552	0.72955
9553	0.73677
9554	0.73666
9555	0.74056
9556	0.74014
9557	0.73699
9558	0.74411
9559	0.74442
9560	0.75207
9561	0.75178
9562	0.74826
9563	0.75594
9564	0.75544
9565	0.75236
9566	0.75989
9567	0.75962
9568	0.76375
9569	0.7633
9570	0.76027
9571	0.7676
9572	0.76725
9573	0.77152
9574	0.77101
9575	0.76802
9576	0.77554
9577	0.77504
9578	0.77965
9579	0.77878
9580	0.77597
9581	0.78374
9582	0.78294
9583	0.7801
9584	0.78795
9585	0.78692
9586	0.78389
9587	0.79188
9588	0.79113
9589	0.79534
9590	0.79453
9591	0.79889
9592	0.79807
9593	0.80007
9594	0.40765
9595	0.40493
9596	0.41037
9597	0.41601
9598	0.41248
9599	1.7008
9600	1.698
9601	0.40702
9602	0.40486
9603	0.80167
9604	0.79726
9605	0.80085
9606	0.79378
9607	0.7901
9608	0.78612
9609	0.78207
9610	0.77829
9611	0.77454
9612	0.77066
9613	0.76681
9614	0.76304
9615	0.75913
9616	0.75515
9617	0.75126
9618	0.74744
9619	0.74774
9620	0.7437
9621	0.74003
9622	0.73629
9623	0.7324
9624	0.7286
9625	0.7247
9626	0.72104
9627	0.71732
9628	0.71353
9629	0.70972
9630	0.70597
9631	0.70233
9632	0.69864
9633	0.69483
9634	0.69113
9635	0.68754
9636	0.68394
9637	0.68388
9638	0.68023
9639	0.67643
9640	0.67277
9641	0.66917
9642	0.66906
9643	0.66559
9644	0.66189
9645	0.65827
9646	0.65486
9647	0.65463
9648	0.65133
9649	0.64755
9650	0.64396
9651	0.64054
9652	0.6404
9653	0.63707
9654	0.63373
9655	0.63026
9656	0.62659
9657	0.62647
9658	0.62309
9659	0.61962
9660	0.6162
9661	0.61284
9662	0.60949
9663	0.60621
9664	0.60275
9665	0.59928
9666	0.59601
9667	0.59281
9668	0.58957
9669	0.58619
9670	0.58297
9671	0.57999
9672	0.57679
9673	0.57339
9674	0.57017
9675	0.56698
9676	0.56376
9677	0.56091
9678	0.55798
9679	0.55491
9680	0.55184
9681	0.54865
9682	0.54568
9683	0.54267
9684	0.54203
9685	0.53968
9686	0.53697
9687	0.53413
9688	0.53102
9689	0.5302
9690	0.52815
9691	0.52562
9692	0.52288
9693	0.51986
9694	0.51712
9695	0.51457
9696	0.51183
9697	0.5091
9698	0.50638
9699	0.50378
9700	0.50137
9701	0.49888
9702	0.49631
9703	0.49371
9704	0.49236
9705	0.4913
9706	0.48911
9707	0.48675
9708	0.48571
9709	0.48439
9710	0.48205
9711	0.47978
9712	0.47758
9713	0.47536
9714	0.4731
9715	0.47071
9716	0.46866
9717	0.46686
9718	0.46511
9719	0.46484
9720	0.46278
9721	0.46078
9722	0.45888
9723	0.45688
9724	0.45699
9725	0.45493
9726	0.45312
9727	0.45156
9728	0.44991
9729	0.44819
9730	0.44624
9731	0.44652
9732	0.44497
9733	0.44338
9734	0.44007
9735	0.44155
9736	0.43892
9737	0.43757
9738	0.43577
9739	0.4361
9740	0.43461
9741	0.4333
9742	0.43225
9743	0.43042
9744	0.43108
9745	0.42995
9746	0.42912
9747	0.42821
9748	0.42742
9749	0.42655
9750	0.42536
9751	0.42439
9752	0.42376
9753	0.42107
9754	0.4232
9755	0.42236
9756	0.42178
9757	0.42111
9758	0.42049
9759	0.41997
9760	0.41978
9761	0.41956
9762	0.41904
9763	0.4191
9764	0.41897
9765	0.41877
9766	0.41845
9767	0.93143
9768	0.93237
9769	0.92846
9770	0.92642
9771	1.7044
9772	1.7034
9773	1.7055
9774	1.7038
9775	1.7031
9776	0.80404
9777	0.80868
9778	0.80651
9779	0.80689
9780	0.81062
9781	0.809
9782	0.81239
9783	0.81079
9784	0.81409
9785	0.81579
9786	0.81415
9787	0.81744
9788	0.81731
9789	0.81912
9790	0.82264
9791	0.82085
9792	0.82086
9793	0.82442
9794	0.82619
9795	0.82794
9796	0.82971
9797	0.82991
9798	0.83157
9799	0.83522
9800	0.83343
9801	0.83685
9802	0.83573
9803	0.83823
9804	0.83648
9805	0.8398
9806	0.83773
9807	0.84166
9808	0.84351
9809	0.84535
9810	0.84714
9811	0.84552
9812	0.84886
9813	0.85218
9814	0.85052
9815	0.85389
9816	0.85568
9817	0.85752
9818	0.85933
9819	0.86102
9820	0.86272
9821	0.86455
9822	0.86262
9823	0.86645
9824	0.86819
9825	0.86977
9826	0.87147
9827	0.87331
9828	0.87516
9829	0.8734
9830	0.87695
9831	0.87871
9832	0.87696
9833	0.8805
9834	0.88228
9835	0.88063
9836	0.88401
9837	0.88574
9838	0.88395
9839	0.88751
9840	0.88928
9841	0.88754
9842	0.89107
9843	0.89288
9844	0.89651
9845	0.89486
9846	0.89469
9847	0.89834
9848	0.90018
9849	0.90201
9850	0.90375
9851	0.90226
9852	0.90543
9853	0.90706
9854	0.9055
9855	0.90874
9856	0.91051
9857	0.90882
9858	0.91223
9859	0.91577
9860	0.91396
9861	0.91762
9862	0.91952
9863	0.92146
9864	0.92341
9865	0.92536
9866	0.92389
9867	0.92725
9868	0.92907
9869	0.92766
9870	0.93092
9871	0.93296
9872	0.9344
9873	0.93581
9874	0.93699
9875	0.93729
9876	0.93779
9877	0.93616
9878	0.93846
9879	0.93757
9880	0.93919
9881	0.94065
9882	0.93929
9883	0.93995
9884	0.94118
9885	0.94163
9886	0.94227
9887	0.94305
9888	0.94372
9889	0.94438
9890	0.94506
9891	0.94576
9892	0.94648
9893	0.94721
9894	0.94552
9895	0.94795
9896	0.94871
9897	0.94948
9898	0.9503
9899	0.95112
9900	0.95192
9901	0.95271
9902	0.95351
9903	0.95434
9904	0.95519
9905	0.95685
9906	0.9553
9907	0.95604
9908	0.95759
9909	0.9583
9910	0.95668
9911	0.95907
9912	0.9599
9913	0.95817
9914	0.96076
9915	0.96256
9916	0.96164
9917	0.96347
9918	0.9618
9919	0.96421
9920	0.96518
9921	0.9632
9922	0.96618
9923	0.96525
9924	0.96684
9925	0.96843
9926	0.9667
9927	0.9676
9928	0.96933
9929	0.96756
9930	0.97024
9931	0.96851
9932	0.97116
9933	0.97209
9934	0.97302
9935	0.97391
9936	0.97476
9937	0.97561
9938	0.97398
9939	0.97646
9940	0.97814
9941	0.97729
9942	0.97731
9943	0.97902
9944	0.9808
9945	0.9791
9946	0.97992
9947	0.98167
9948	0.98255
9949	0.98343
9950	0.98431
9951	0.9852
9952	0.98609
9953	0.98699
9954	0.98788
9955	0.98616
9956	0.98876
9957	0.98964
9958	0.99055
9959	0.99148
9960	0.99243
9961	0.99332
9962	0.99171
9963	0.99414
9964	0.995
9965	0.996
9966	0.99708
9967	0.99813
9968	0.99963
9969	1.0018
9970	1.004
9971	1.0006
9972	1.0058
9973	1.0073
9974	1.0092
9975	1.0113
9976	1.008
9977	1.0133
9978	1.0153
9979	1.0121
9980	1.0175
9981	1.0196
9982	1.0163
9983	1.0217
9984	1.0237
9985	1.0205
9986	1.0258
9987	1.0279
9988	1.0247
9989	1.0299
9990	1.032
9991	1.036
9992	1.0328
9993	1.0339
9994	1.0382
9995	1.0352
9996	1.0403
9997	1.0425
9998	1.0444
9999	1.0417
10000	1.0461
10001	1.0476
10002	1.0453
10003	1.0491
10004	1.0506
10005	1.0482
10006	1.0521
10007	1.0536
10008	1.0513
10009	1.0553
10010	1.057
10011	1.0547
10012	1.0587
10013	1.0604
10014	1.058
10015	1.0622
10016	1.0639
10017	1.0657
10018	1.0676
10019	1.0695
10020	1.0715
10021	1.0691
10022	1.0736
10023	1.0756
10024	1.0733
10025	1.0777
10026	1.0797
10027	1.0819
10028	1.0841
10029	1.0818
10030	1.0863
10031	1.0841
10032	1.0885
10033	1.0908
10034	1.093
10035	1.0953
10036	1.0976
10037	1.1
10038	1.1024
10039	1.1003
10040	1.1049
10041	1.1073
10042	1.1051
10043	1.1098
10044	1.1123
10045	1.1101
10046	1.1147
10047	1.1172
10048	1.1197
10049	1.1223
10050	1.1248
10051	1.1274
10052	1.1252
10053	1.13
10054	1.1327
10055	1.1305
10056	1.1354
10057	1.1381
10058	1.1408
10059	1.1435
10060	1.1415
10061	1.1462
10062	1.1488
10063	1.1468
10064	1.1515
10065	1.1542
10066	1.157
10067	1.1598
10068	1.1626
10069	1.1655
10070	1.1683
10071	1.1712
10072	1.174
10073	1.1768
10074	1.175
10075	1.1797
10076	1.1827
10077	1.1808
10078	1.1859
10079	1.1895
10080	1.1875
10081	1.1933
10082	1.1973
10083	1.1952
10084	1.2017
10085	1.2062
10086	1.2109
10087	1.2153
10088	1.2127
10089	1.2194
10090	1.2237
10091	1.2213
10092	1.2281
10093	1.2326
10094	1.2303
10095	1.2371
10096	1.2416
10097	1.2393
10098	1.2461
10099	1.2506
10100	1.2483
10101	1.2551
10102	1.2597
10103	1.2573
10104	1.2642
10105	1.2619
10106	1.2687
10107	1.2664
10108	1.2733
10109	1.2778
10110	1.2755
10111	1.2824
10112	1.287
10113	1.2846
10114	1.2915
10115	1.2891
10116	1.296
10117	1.2937
10118	1.3006
10119	1.2983
10120	1.3052
10121	1.3029
10122	1.3096
10123	1.3141
10124	1.3119
10125	1.3186
10126	1.3164
10127	1.3232
10128	1.3209
10129	1.3277
10130	1.3322
10131	1.3368
10132	1.3413
10133	1.339
10134	1.346
10135	1.3436
10136	1.3505
10137	1.3482
10138	1.3551
10139	1.3527
10140	1.3596
10141	1.3685
10142	1.3662
10143	1.364
10144	1.373
10145	1.3775
10146	1.3753
10147	1.3821
10148	1.3866
10149	1.3843
10150	1.3911
10151	1.3956
10152	1.3933
10153	1.4002
10154	1.4047
10155	1.4024
10156	1.4093
10157	1.4138
10158	1.4115
10159	1.4183
10160	1.4228
10161	1.4205
10162	1.4274
10163	1.4319
10164	1.4296
10165	1.4364
10166	1.4409
10167	1.4386
10168	1.4455
10169	1.45
10170	1.4477
10171	1.4546
10172	1.4591
10173	1.4568
10174	1.4636
10175	1.4681
10176	1.4727
10177	1.4773
10178	1.4749
10179	1.4818
10180	1.4864
10181	1.4841
10182	1.491
10183	1.4955
10184	1.4933
10185	1.5
10186	1.5045
10187	1.509
10188	1.5136
10189	1.5113
10190	1.518
10191	1.5225
10192	1.5203
10193	1.527
10194	1.5316
10195	1.5293
10196	1.5361
10197	1.5406
10198	1.5451
10199	1.5497
10200	1.5474
10201	1.5542
10202	1.5587
10203	1.5564
10204	1.5632
10205	1.5678
10206	1.5654
10207	1.5723
10208	1.5768
10209	1.5745
10210	1.5813
10211	1.579
10212	1.5858
10213	1.5835
10214	1.5904
10215	1.5949
10216	1.5926
10217	1.5994
10218	1.6039
10219	1.6016
10220	1.6085
10221	1.613
10222	1.6107
10223	1.6175
10224	1.6221
10225	1.6197
10226	1.6266
10227	1.6311
10228	1.6288
10229	1.6357
10230	1.6402
10231	1.6379
10232	1.6448
10233	1.6494
10234	1.6471
10235	1.654
10236	1.6586
10237	1.6563
10238	1.6632
10239	1.6676
10240	1.6658
10241	1.6721
10242	1.6767
10243	1.6744
10244	1.6813
10245	1.6859
10246	1.6838
10247	1.6905
10248	1.6953
10249	1.6933
10250	1.6999
10251	1.7043
10252	0.40914
10253	0.40408
10254	0.41494
10255	1.7003
10256	1.6953
10257	1.6901
10258	1.6853
10259	1.6878
10260	1.6805
10261	1.6757
10262	1.6779
10263	1.671
10264	1.6664
10265	1.6685
10266	1.6618
10267	1.6572
10268	1.6593
10269	1.6527
10270	1.6483
10271	1.6505
10272	1.6439
10273	1.6395
10274	1.635
10275	1.6305
10276	1.626
10277	1.6215
10278	1.6238
10279	1.617
10280	1.6125
10281	1.6148
10282	1.608
10283	1.6034
10284	1.6057
10285	1.5989
10286	1.5944
10287	1.5899
10288	1.5854
10289	1.5877
10290	1.5808
10291	1.5763
10292	1.5786
10293	1.5718
10294	1.5673
10295	1.5696
10296	1.5628
10297	1.5583
10298	1.5537
10299	1.5492
10300	1.5515
10301	1.5447
10302	1.5402
10303	1.5425
10304	1.5356
10305	1.5311
10306	1.5266
10307	1.522
10308	1.5243
10309	1.5175
10310	1.5129
10311	1.5083
10312	1.5037
10313	1.506
10314	1.4992
10315	1.4947
10316	1.4967
10317	1.4902
10318	1.4858
10319	1.488
10320	1.4813
10321	1.4836
10322	1.4768
10323	1.4791
10324	1.4723
10325	1.4678
10326	1.47
10327	1.4632
10328	1.4587
10329	1.461
10330	1.4542
10331	1.4497
10332	1.452
10333	1.4452
10334	1.4406
10335	1.4361
10336	1.4316
10337	1.4271
10338	1.4225
10339	1.4248
10340	1.418
10341	1.4135
10342	1.409
10343	1.4044
10344	1.4067
10345	1.3999
10346	1.3954
10347	1.3977
10348	1.3909
10349	1.3863
10350	1.3772
10351	1.3795
10352	1.3818
10353	1.3727
10354	1.3681
10355	1.3705
10356	1.3636
10357	1.3592
10358	1.3614
10359	1.3546
10360	1.3501
10361	1.3524
10362	1.3455
10363	1.341
10364	1.3433
10365	1.3365
10366	1.332
10367	1.3342
10368	1.3274
10369	1.3229
10370	1.3252
10371	1.3183
10372	1.3138
10373	1.3161
10374	1.3093
10375	1.3048
10376	1.3071
10377	1.3002
10378	1.2957
10379	1.298
10380	1.2911
10381	1.2866
10382	1.2889
10383	1.282
10384	1.2775
10385	1.273
10386	1.2684
10387	1.2707
10388	1.2639
10389	1.2594
10390	1.2617
10391	1.2548
10392	1.2503
10393	1.2526
10394	1.2458
10395	1.2412
10396	1.2435
10397	1.2367
10398	1.239
10399	1.2345
10400	1.2322
10401	1.2232
10402	1.2255
10403	1.2277
10404	1.2187
10405	1.2145
10406	1.2166
10407	1.2103
10408	1.206
10409	1.2081
10410	1.2017
10411	1.1976
10412	1.1996
10413	1.1937
10414	1.19
10415	1.1867
10416	1.1838
10417	1.1853
10418	1.181
10419	1.1824
10420	1.1784
10421	1.1759
10422	1.1733
10423	1.1707
10424	1.1681
10425	1.17
10426	1.1654
10427	1.1626
10428	1.1598
10429	1.1616
10430	1.1571
10431	1.1588
10432	1.1544
10433	1.1517
10434	1.1534
10435	1.1491
10436	1.1465
10437	1.1438
10438	1.1411
10439	1.1385
10440	1.1358
10441	1.133
10442	1.1348
10443	1.1304
10444	1.1321
10445	1.1278
10446	1.1252
10447	1.1271
10448	1.1226
10449	1.1201
10450	1.1219
10451	1.1177
10452	1.1152
10453	1.1127
10454	1.1103
10455	1.1078
10456	1.1053
10457	1.1028
10458	1.1003
10459	1.0979
10460	1.0954
10461	1.0975
10462	1.093
10463	1.0906
10464	1.0883
10465	1.0859
10466	1.0836
10467	1.0814
10468	1.0792
10469	1.0769
10470	1.0747
10471	1.0726
10472	1.0746
10473	1.0706
10474	1.0686
10475	1.0709
10476	1.0666
10477	1.0645
10478	1.0667
10479	1.0604
10480	1.0624
10481	1.0584
10482	1.0564
10483	1.0545
10484	1.0526
10485	1.0508
10486	1.049
10487	1.0512
10488	1.0473
10489	1.0456
10490	1.0439
10491	1.0423
10492	1.0446
10493	1.0406
10494	1.0389
10495	1.0412
10496	1.0373
10497	1.0358
10498	1.0343
10499	1.0328
10500	1.0351
10501	1.0314
10502	1.03
10503	1.0322
10504	1.0286
10505	1.0272
10506	1.0295
10507	1.0257
10508	1.0242
10509	1.0225
10510	1.0206
10511	1.0239
10512	1.0186
10513	1.0164
10514	1.0199
10515	1.0143
10516	1.0122
10517	1.01
10518	1.0079
10519	1.0114
10520	1.0058
10521	1.0039
10522	1.0018
10523	0.99957
10524	1.003
10525	0.9975
10526	0.99548
10527	0.99877
10528	0.99339
10529	0.99133
10530	0.99459
10531	0.98944
10532	0.98753
10533	0.99065
10534	0.98571
10535	0.98364
10536	0.98128
10537	0.97936
10538	0.97762
10539	0.97609
10540	0.97489
10541	0.97385
10542	0.97292
10543	0.97201
10544	0.97391
10545	0.9711
10546	0.97031
10547	0.96966
10548	0.96853
10549	0.97109
10550	0.96729
10551	0.9665
10552	0.9682
10553	0.96565
10554	0.96476
10555	0.96653
10556	0.96387
10557	0.96299
10558	0.96476
10559	0.9621
10560	0.96122
10561	0.963
10562	0.96033
10563	0.95943
10564	0.95853
10565	0.95762
10566	0.9567
10567	0.95577
10568	0.95756
10569	0.95479
10570	0.95376
10571	0.95277
10572	0.95188
10573	0.95106
10574	0.95027
10575	0.94945
10576	0.94858
10577	0.95031
10578	0.94768
10579	0.94681
10580	0.94848
10581	0.94598
10582	0.94764
10583	0.94687
10584	0.94515
10585	0.94334
10586	0.94506
10587	0.94426
10588	0.94239
10589	0.94144
10590	0.94309
10591	0.94053
10592	0.93973
10593	0.94126
10594	0.93893
10595	0.93806
10596	0.93971
10597	0.93716
10598	0.93626
10599	0.93787
10600	0.93535
10601	0.93445
10602	0.93359
10603	0.93282
10604	0.93206
10605	0.93127
10606	0.93283
10607	0.93046
10608	0.92967
10609	0.92893
10610	0.92819
10611	0.9298
10612	0.92741
10613	0.92663
10614	0.92586
10615	0.92513
10616	0.92675
10617	0.92441
10618	0.92369
10619	0.92297
10620	0.92226
10621	0.92395
10622	0.92155
10623	0.92081
10624	0.91998
10625	0.91901
10626	0.91628
10627	0.91779
10628	0.91816
10629	0.91452
10630	0.91258
10631	0.91447
10632	0.91062
10633	0.90872
10634	0.91043
10635	0.90688
10636	0.90505
10637	0.90691
10638	0.9032
10639	0.90136
10640	0.9032
10641	0.89952
10642	0.89765
10643	0.89957
10644	0.89574
10645	0.89379
10646	0.89564
10647	0.89183
10648	0.88994
10649	0.89161
10650	0.88797
10651	0.88612
10652	0.88446
10653	0.8827
10654	0.88088
10655	0.87903
10656	0.8808
10657	0.87717
10658	0.87343
10659	0.8753
10660	0.87156
10661	0.8732
10662	0.86972
10663	0.8679
10664	0.86948
10665	0.86608
10666	0.86426
10667	0.86577
10668	0.86248
10669	0.86076
10670	0.8623
10671	0.85899
10672	0.85728
10673	0.85574
10674	0.85411
10675	0.85232
10676	0.8505
10677	0.8523
10678	0.84872
10679	0.84698
10680	0.84875
10681	0.8452
10682	0.84334
10683	0.84518
10684	0.84146
10685	0.83963
10686	0.84129
10687	0.83789
10688	0.83622
10689	0.8379
10690	0.83447
10691	0.83265
10692	0.83091
10693	0.82935
10694	0.82778
10695	0.82606
10696	0.82808
10697	0.82425
10698	0.82238
10699	0.82434
10700	0.82049
10701	0.81867
10702	0.82043
10703	0.81694
10704	0.81522
10705	0.81709
10706	0.81343
10707	0.81161
10708	0.80978
10709	0.80797
10710	0.80967
10711	0.80617
10712	0.80435
10713	0.80599
10714	0.80249
10715	0.8006
10716	0.80214
10717	0.79876
10718	0.79707
10719	0.79554
10720	0.79387
10721	0.79199
10722	0.78982
10723	0.78709
10724	0.78377
10725	0.78709
10726	0.78042
10727	0.77705
10728	0.78048
10729	0.77323
10730	0.77682
10731	0.76935
10732	0.77283
10733	0.76553
10734	0.76169
10735	0.76508
10736	0.75777
10737	0.7539
10738	0.75727
10739	0.75004
10740	0.74611
10741	0.74946
10742	0.74216
10743	0.74165
10744	0.73835
10745	0.73058
10746	0.73394
10747	0.73448
10748	0.72684
10749	0.72298
10750	0.72648
10751	0.71917
10752	0.71534
10753	0.71898
10754	0.71145
10755	0.70752
10756	0.70371
10757	0.69627
10758	0.69974
10759	0.70004
10760	0.69244
10761	0.68866
10762	0.68486
10763	0.6811
10764	0.67743
10765	0.67372
10766	0.67373
10767	0.66989
10768	0.66254
10769	0.66625
10770	0.66619
10771	0.65883
10772	0.65874
10773	0.65526
10774	0.64785
10775	0.65141
10776	0.65159
10777	0.64424
10778	0.64426
10779	0.64069
10780	0.63346
10781	0.63692
10782	0.63701
10783	0.62994
10784	0.62985
10785	0.62627
10786	0.61925
10787	0.62308
10788	0.62277
10789	0.61567
10790	0.61573
10791	0.61216
10792	0.60521
10793	0.60876
10794	0.60868
10795	0.60178
10796	0.59834
10797	0.60191
10798	0.59487
10799	0.59131
10800	0.59513
10801	0.58788
10802	0.58461
10803	0.5813
10804	0.5746
10805	0.57795
10806	0.57128
10807	0.56801
10808	0.56469
10809	0.56854
10810	0.56139
10811	0.55824
10812	0.56187
10813	0.5551
10814	0.54864
10815	0.55188
10816	0.54536
10817	0.54221
10818	0.53913
10819	0.53605
10820	0.53307
10821	0.53013
10822	0.53106
10823	0.52718
10824	0.52107
10825	0.52478
10826	0.52412
10827	0.51806
10828	0.51523
10829	0.51876
10830	0.51248
10831	0.50961
10832	0.50671
10833	0.50381
10834	0.50745
10835	0.50099
10836	0.49811
10837	0.49537
10838	0.49285
10839	0.49642
10840	0.4902
10841	0.48748
10842	0.49113
10843	0.48487
10844	0.48231
10845	0.47981
10846	0.47476
10847	0.47729
10848	0.4723
10849	0.46992
10850	0.46524
10851	0.46859
10852	0.4676
10853	0.46277
10854	0.46041
10855	0.45816
10856	0.45595
10857	0.45388
10858	0.45178
10859	0.4533
10860	0.44971
10861	0.44565
10862	0.44931
10863	0.44768
10864	0.4437
10865	0.44169
10866	0.44552
10867	0.4397
10868	0.43786
10869	0.43608
10870	0.43438
10871	0.43792
10872	0.43262
10873	0.43081
10874	0.43435
10875	0.42914
10876	0.4276
10877	0.42608
10878	0.42308
10879	0.42458
10880	0.42159
10881	0.42018
10882	0.41757
10883	0.41885
10884	0.41628
10885	0.41507
10886	0.413
10887	0.41609
10888	0.414
10889	0.41203
10890	0.41107
10891	0.41012
10892	0.40923
10893	0.40816
10894	0.40725
10895	0.40677
10896	0.40984
10897	0.40606
10898	0.40541
10899	0.40839
10900	0.40476
10901	0.40419
10902	0.40713
10903	0.40366
10904	0.4033
10905	0.40597
10906	0.4029
10907	0.40253
10908	0.40524
10909	0.40252
10910	0.40232
10911	0.40212
10912	0.4019
10913	0.92891
10914	0.92691
10915	0.93089
10916	0.93206
10917	0.92479
10918	0.92454
10919	0.92247
10920	0.9291
10921	0.92932
10922	0.93077
10923	0.92732
10924	0.92706
10925	0.93027
10926	0.96495
10927	0.96415
10928	0.96233
10929	0.96674
10930	0.96593
10931	1.1871
10932	1.3933
10933	1.3955
10934	1.6239
10935	0.77643
10936	0.78025
10937	0.90504
10938	1.6286
10939	1.6262
10940	0.83597
10941	1.5767
10942	1.5743
10943	1.1179
10944	1.4858
10945	1.4882
10946	1.3977
10947	0.70324
10948	0.47232
10949	0.41937
10950	1.0978
10951	1.0985
10952	0.84275
10953	0.84481
10954	0.96271
10955	0.96005
10956	1.6568
10957	1.2413
10958	0.93339
10959	1.0314
10960	0.90806
10961	0.91005
10962	0.91
10963	1.3186
10964	1.4249
10965	0.55558
10966	0.95736
10967	0.86051
10968	0.86078
10969	0.74469
10970	0.95224
10971	1.5202
10972	1.5223
10973	1.2641
10974	1.0818
10975	1.1235
10976	1.0423
10977	0.95915
10978	0.9606
10979	1.484
10980	0.88041
10981	1.2596
10982	1.4967
10983	1.6015
10984	1.3141
10985	1.4814
10986	1.4792
10987	0.84881
10988	0.87424
10989	0.87649
10990	0.98156
10991	0.83028
10992	0.82871
10993	0.81528
10994	1.18
10995	0.96582
10996	0.95896
10997	0.95966
10998	0.97566
10999	0.97319
11000	0.89242
11001	0.91624
11002	1.2346
11003	1.2369
11004	1.6581
11005	1.6546
11006	1.5037
11007	1.4992
11008	1.2368
11009	0.97654
11010	1.3796
11011	1.3662
11012	1.0436
11013	1.0338
11014	0.94931
11015	1.032
11016	0.82678
11017	0.82908
11018	1.2391
11019	0.80917
11020	1.5812
11021	1.4701
11022	0.97473
11023	0.97206
11024	1.4837
11025	0.8007
11026	0.89339
11027	0.90758
11028	0.83194
11029	0.94853
11030	1.0504
11031	0.95785
11032	1.099
11033	0.95992
11034	1.5878
11035	1.0945
11036	1.0932
11037	0.94951
11038	0.96483
11039	1.0287
11040	0.95946
11041	0.87701
11042	0.97159
11043	1.5516
11044	1.3434
11045	1.4023
11046	1.5472
11047	1.3413
11048	0.92038
11049	1.5494
11050	0.95727
11051	0.88203
11052	0.87998
11053	1.4
11054	1.0935
11055	0.88629
11056	0.98354
11057	0.98174
11058	0.92028
11059	1.0998
11060	0.70353
11061	0.58154
11062	0.48111
11063	0.47134
11064	0.42792
11065	0.42219
11066	0.41729
11067	0.95042
11068	0.9121
11069	1.2889
11070	0.95744
11071	0.98541
11072	0.9827
11073	0.98179
11074	0.94352
11075	0.94518
11076	0.98357
11077	0.97391
11078	1.1084
11079	1.1741
11080	1.5061
11081	1.2392
11082	0.95472
11083	1.0161
11084	0.88224
11085	1.1302
11086	1.572
11087	1.5245
11088	1.0444
11089	1.4816
11090	1.4861
11091	1.6105
11092	1.452
11093	1.2868
11094	1.2981
11095	0.95556
11096	0.89579
11097	1.3525
11098	0.93598
11099	0.8794
11100	0.9657
11101	0.84817
11102	0.93429
11103	0.85403
11104	0.85558
11105	0.8559
11106	1.6512
11107	0.80721
11108	1.1839
11109	1.0327
11110	1.5697
11111	0.81933
11112	0.81909
11113	0.95836
11114	1.1338
11115	1.1147
11116	0.8858
11117	0.88399
11118	0.91824
11119	0.92035
11120	0.96662
11121	0.96843
11122	0.97654
11123	0.98091
11124	1.048
11125	1.1591
11126	0.8805
11127	0.93573
11128	0.94114
11129	0.94182
11130	0.94276
11131	0.93939
11132	0.94043
11133	0.94008
11134	1.0468
11135	1.049
11136	1.0475
11137	1.0497
11138	0.95772
11139	0.95961
11140	0.95865
11141	0.96054
11142	0.93105
11143	0.93273
11144	0.93208
11145	0.93376
11146	0.93545
11147	0.9348
11148	0.93649
11149	0.93919
11150	0.93745
11151	0.93817
11152	0.93992
11153	0.93643
11154	0.9347
11155	0.93541
11156	0.93717
11157	0.93367
11158	0.9344
11159	0.97819
11160	0.97999
11161	0.9764
11162	0.97726
11163	1.1472
11164	1.1492
11165	1.1464
11166	1.1485
11167	0.97282
11168	0.97462
11169	0.97375
11170	0.97555
11171	0.92227
11172	1.289
11173	1.2913
11174	1.2914
11175	1.2936
11176	1.2959
11177	1.2959
11178	1.2982
11179	1.3005
11180	1.3005
11181	1.3028
11182	0.9052
11183	0.90737
11184	0.90559
11185	0.90776
11186	0.90992
11187	0.90788
11188	0.91003
11189	0.91205
11190	0.91002
11191	0.91204
11192	0.94964
11193	0.9593
11194	1.0912
11195	0.85744
11196	1.1152
11197	0.94855
11198	0.94687
11199	0.94776
11200	0.94608
11201	0.94442
11202	0.94536
11203	0.9437
11204	0.94206
11205	0.94302
11206	0.94138
11207	1.3435
11208	1.3457
11209	1.3459
11210	1.3481
11211	1.3503
11212	1.3504
11213	1.3526
11214	0.85795
11215	0.85996
11216	0.85776
11217	0.85977
11218	0.86173
11219	0.85931
11220	0.86127
11221	0.86328
11222	0.86023
11223	0.86223
11224	0.86131
11225	0.94072
11226	0.93892
11227	0.9398
11228	0.938
11229	0.93616
11230	0.93705
11231	0.93521
11232	0.98499
11233	0.98344
11234	0.98386
11235	0.98249
11236	0.96574
11237	0.96756
11238	0.96667
11239	0.96849
11240	1.1011
11241	1.1031
11242	1.1005
11243	1.1024
11244	1.0415
11245	1.0392
11246	1.0405
11247	1.0382
11248	1.036
11249	1.0373
11250	1.035
11251	0.96937
11252	0.97116
11253	0.9703
11254	0.97209
11255	0.97387
11256	0.973
11257	0.97478
11258	0.97528
11259	0.97706
11260	0.97632
11261	0.9781
11262	0.97988
11263	0.97906
11264	0.98085
11265	0.87242
11266	0.87181
11267	0.87056
11268	0.86995
11269	0.86919
11270	0.86801
11271	0.86725
11272	0.87573
11273	0.87743
11274	0.87543
11275	0.87713
11276	0.87886
11277	0.87684
11278	0.87858
11279	1.1606
11280	1.1623
11281	1.1595
11282	1.1612
11283	1.1631
11284	1.1602
11285	1.1621
11286	0.94629
11287	0.94799
11288	0.94702
11289	0.94872
11290	0.95046
11291	0.94946
11292	0.9512
11293	0.95297
11294	0.95203
11295	0.9538
11296	0.93607
11297	0.8175
11298	0.89163
11299	0.97117
11300	0.96931
11301	0.97027
11302	0.9684
11303	0.96655
11304	0.96751
11305	0.96565
11306	0.81674
11307	0.81859
11308	0.81635
11309	0.8182
11310	0.81998
11311	0.81781
11312	0.81959
11313	0.82136
11314	0.81935
11315	0.82111
11316	0.88959
11317	0.88769
11318	0.88972
11319	0.88781
11320	0.88582
11321	0.88792
11322	0.88592
11323	1.0679
11324	1.0697
11325	1.0718
11326	1.0745
11327	1.1175
11328	0.8448
