Node Number	Equivalent (von-Mises) Stress (MPa)
1	1.0896
2	2.7822
3	0.38933
4	1.1031
5	1.6516
6	2.0767
7	2.4446
8	5.2285
9	4.8191
10	4.514
11	4.0983
12	3.616
13	3.2066
14	3.0744
15	3.3327
16	3.8881
17	4.5526
18	5.1871
19	5.7195
20	6.1225
21	6.3949
22	6.5492
23	6.6026
24	6.5733
25	6.4774
26	6.3296
27	6.1427
28	5.9272
29	5.692
30	5.444
31	5.1894
32	4.9331
33	4.6789
34	4.4305
35	4.1909
36	3.9631
37	3.7486
38	3.55
39	3.3682
40	3.2049
41	3.0606
42	2.9356
43	2.8291
44	2.7412
45	2.6699
46	2.6142
47	2.5722
48	2.5424
49	2.5228
50	2.5116
51	2.507
52	2.5075
53	2.5115
54	2.5175
55	2.5243
56	2.5307
57	2.5361
58	2.5399
59	2.5417
60	2.5419
61	2.5405
62	2.5378
63	2.534
64	2.5296
65	2.525
66	2.5201
67	2.5151
68	2.5101
69	2.505
70	2.4995
71	2.4936
72	2.4867
73	2.4786
74	2.469
75	2.4574
76	2.4441
77	2.429
78	2.4125
79	2.395
80	2.3764
81	2.3578
82	2.339
83	2.3203
84	2.3018
85	2.2832
86	2.2648
87	2.2462
88	2.2272
89	2.2071
90	2.1861
91	2.1638
92	2.1402
93	2.1157
94	2.0904
95	2.0647
96	2.0389
97	2.0135
98	1.9887
99	1.9648
100	1.942
101	1.9206
102	1.9004
103	1.8815
104	1.8641
105	1.8483
106	1.8345
107	1.8231
108	1.8146
109	1.8099
110	1.81
111	1.8152
112	1.8261
113	1.8433
114	1.8669
115	1.897
116	1.9333
117	1.9764
118	2.0257
119	2.0822
120	2.1477
121	2.2254
122	2.3197
123	2.4368
124	2.5896
125	4.8797
126	5.3789
127	20.695
128	20.417
129	20.12
130	19.814
131	19.505
132	19.197
133	18.89
134	18.587
135	18.291
136	18.
137	17.716
138	17.44
139	17.17
140	16.908
141	16.652
142	16.402
143	16.159
144	15.919
145	15.683
146	15.45
147	15.218
148	14.987
149	14.754
150	14.52
151	14.282
152	14.039
153	13.792
154	13.537
155	13.275
156	13.007
157	12.729
158	12.444
159	12.149
160	11.845
161	11.53
162	11.205
163	10.867
164	10.516
165	10.152
166	9.7722
167	9.3772
168	8.9665
169	8.5397
170	8.0979
171	7.6416
172	7.1726
173	6.6927
174	6.2051
175	5.7141
176	5.2261
177	4.7521
178	4.3098
179	3.9279
180	3.6486
181	3.5169
182	3.5685
183	3.8108
184	4.2123
185	29.062
186	29.054
187	29.022
188	28.956
189	28.85
190	28.701
191	28.511
192	28.287
193	28.026
194	27.729
195	27.407
196	27.068
197	26.704
198	26.326
199	25.936
200	25.537
201	25.128
202	24.713
203	24.292
204	23.867
205	23.437
206	23.002
207	22.566
208	22.137
209	21.737
210	21.375
211	21.032
212	3.0708
213	29.056
214	29.038
215	29.006
216	28.961
217	28.902
218	28.829
219	28.741
220	28.638
221	28.519
222	28.384
223	28.232
224	28.063
225	27.877
226	27.671
227	27.448
228	27.205
229	26.943
230	26.66
231	26.357
232	26.033
233	25.688
234	25.32
235	24.931
236	24.518
237	24.082
238	23.622
239	23.139
240	22.632
241	22.1
242	21.543
243	20.964
244	20.36
245	19.736
246	19.076
247	18.397
248	17.699
249	16.973
250	16.226
251	15.459
252	14.674
253	13.874
254	13.062
255	12.245
256	11.427
257	10.618
258	9.8318
259	9.088
260	8.4127
261	7.8408
262	7.4167
263	7.1891
264	7.2013
265	7.4799
266	8.0228
267	8.8066
268	9.7951
269	10.949
270	12.228
271	13.593
272	14.997
273	16.391
274	17.699
275	18.859
276	19.8
277	20.426
278	20.624
279	20.295
280	19.38
281	17.794
282	15.423
283	12.282
284	7.8435
285	25.352
286	25.232
287	25.107
288	24.974
289	24.833
290	24.684
291	24.527
292	24.361
293	24.186
294	24.002
295	23.808
296	23.603
297	23.388
298	23.162
299	22.925
300	22.676
301	22.415
302	22.142
303	21.85
304	21.55
305	21.233
306	20.903
307	20.557
308	20.197
309	19.819
310	19.426
311	19.013
312	18.584
313	18.136
314	17.671
315	17.189
316	16.684
317	16.159
318	15.613
319	15.053
320	14.473
321	13.87
322	13.245
323	12.603
324	11.945
325	11.271
326	10.582
327	9.8846
328	9.1841
329	8.4842
330	7.8001
331	7.147
332	6.5501
333	6.0443
334	5.6757
335	5.496
336	5.5517
337	5.8643
338	6.4217
339	7.1966
340	8.157
341	9.2641
342	10.497
343	11.821
344	13.196
345	14.6
346	15.977
347	17.276
348	18.42
349	19.336
350	19.932
351	20.141
352	19.886
353	19.047
354	17.518
355	15.246
356	12.043
357	8.0156
358	25.147
359	25.145
360	25.142
361	25.138
362	25.133
363	25.129
364	25.127
365	25.125
366	25.124
367	25.125
368	25.126
369	25.127
370	25.129
371	25.132
372	25.134
373	25.136
374	25.138
375	25.14
376	25.141
377	25.142
378	25.143
379	25.144
380	25.145
381	25.145
382	25.145
383	25.144
384	25.144
385	25.144
386	25.143
387	25.142
388	25.141
389	25.14
390	25.139
391	25.137
392	25.136
393	25.135
394	25.133
395	25.132
396	25.13
397	25.128
398	25.127
399	25.125
400	25.123
401	25.121
402	25.12
403	25.118
404	25.116
405	25.114
406	25.112
407	25.11
408	25.108
409	25.106
410	25.104
411	25.102
412	25.1
413	25.097
414	25.095
415	25.093
416	25.091
417	25.089
418	25.087
419	25.084
420	25.082
421	25.08
422	25.078
423	25.077
424	25.075
425	25.073
426	25.072
427	25.07
428	25.069
429	25.068
430	25.067
431	25.067
432	25.067
433	25.067
434	25.068
435	25.069
436	25.071
437	25.073
438	25.076
439	25.079
440	25.084
441	25.089
442	25.095
443	25.101
444	25.109
445	25.118
446	25.127
447	25.138
448	25.15
449	25.164
450	25.178
451	25.195
452	25.212
453	25.231
454	25.252
455	25.274
456	25.298
457	25.324
458	25.351
459	25.38
460	25.411
461	25.444
462	25.478
463	25.514
464	25.552
465	25.592
466	25.633
467	25.677
468	25.721
469	25.767
470	25.814
471	25.863
472	25.913
473	25.964
474	26.015
475	26.067
476	26.119
477	26.172
478	26.224
479	26.276
480	26.327
481	26.378
482	26.427
483	26.475
484	26.519
485	26.562
486	26.603
487	26.638
488	26.671
489	26.697
490	26.72
491	26.736
492	26.746
493	26.748
494	26.742
495	26.726
496	26.7
497	26.662
498	26.612
499	26.545
500	26.464
501	26.366
502	26.25
503	26.118
504	25.98
505	25.835
506	25.697
507	25.557
508	25.456
509	25.8
510	25.225
511	25.316
512	25.428
513	25.567
514	21.71
515	25.718
516	25.638
517	25.579
518	25.595
519	25.573
520	25.576
521	25.583
522	25.6
523	25.6
524	25.607
525	25.625
526	25.624
527	25.63
528	25.644
529	25.643
530	25.647
531	25.659
532	25.657
533	25.659
534	25.668
535	25.666
536	25.667
537	25.673
538	25.67
539	25.671
540	25.675
541	25.672
542	25.671
543	25.675
544	25.671
545	25.67
546	25.672
547	25.668
548	25.667
549	25.668
550	25.664
551	25.663
552	25.663
553	25.659
554	25.657
555	25.658
556	25.654
557	25.652
558	25.652
559	25.648
560	25.646
561	25.646
562	25.642
563	25.64
564	25.64
565	25.636
566	25.635
567	25.634
568	25.631
569	25.63
570	25.63
571	25.627
572	25.626
573	25.626
574	25.624
575	25.624
576	25.624
577	25.622
578	25.623
579	25.624
580	25.623
581	25.625
582	25.626
583	25.627
584	25.63
585	25.632
586	25.634
587	25.638
588	25.642
589	25.646
590	25.652
591	25.657
592	25.663
593	25.671
594	25.679
595	25.686
596	25.696
597	25.707
598	25.717
599	25.73
600	25.742
601	25.755
602	25.771
603	25.786
604	25.802
605	25.821
606	25.839
607	25.858
608	25.879
609	25.901
610	25.922
611	25.946
612	25.97
613	25.994
614	26.02
615	26.046
616	26.072
617	26.1
618	26.127
619	26.153
620	26.181
621	26.209
622	26.235
623	26.262
624	26.288
625	26.312
626	26.336
627	26.358
628	26.377
629	26.396
630	26.412
631	26.424
632	26.435
633	26.442
634	26.444
635	26.443
636	26.436
637	26.424
638	26.407
639	26.383
640	26.352
641	26.314
642	26.267
643	26.211
644	26.147
645	26.07
646	25.984
647	25.885
648	25.772
649	25.645
650	25.503
651	25.344
652	25.167
653	24.971
654	24.753
655	24.514
656	24.251
657	23.963
658	23.652
659	23.328
660	23.003
661	22.691
662	22.417
663	22.174
664	21.946
665	114.65
666	21.487
667	21.259
668	21.022
669	20.778
670	20.526
671	20.266
672	19.998
673	19.722
674	19.438
675	19.147
676	18.848
677	18.541
678	18.227
679	17.906
680	17.579
681	17.247
682	16.909
683	16.567
684	16.221
685	15.873
686	15.525
687	15.179
688	14.835
689	14.496
690	14.167
691	13.849
692	13.546
693	13.264
694	13.005
695	12.775
696	12.582
697	12.431
698	12.328
699	12.277
700	12.287
701	12.366
702	12.517
703	12.738
704	13.04
705	13.421
706	13.881
707	14.419
708	15.035
709	15.725
710	16.488
711	17.318
712	18.214
713	19.171
714	20.183
715	21.25
716	22.353
717	23.525
718	24.733
719	25.971
720	27.252
721	28.565
722	29.914
723	31.306
724	32.756
725	34.31
726	36.015
727	38.012
728	40.504
729	44.253
730	50.24
731	67.542
732	21.981
733	21.677
734	21.357
735	21.026
736	20.69
737	20.33
738	19.968
739	19.592
740	19.2
741	18.804
742	18.385
743	17.959
744	17.526
745	17.071
746	16.615
747	16.142
748	15.657
749	15.17
750	14.661
751	14.155
752	13.636
753	13.109
754	12.587
755	12.053
756	11.525
757	11.009
758	10.493
759	10.006
760	9.5382
761	9.1052
762	8.7247
763	8.3935
764	8.1468
765	7.9849
766	7.9265
767	7.9874
768	8.1598
769	8.46
770	8.8787
771	9.4009
772	10.036
773	10.76
774	11.566
775	12.447
776	13.395
777	14.403
778	15.465
779	16.576
780	17.734
781	18.934
782	20.171
783	21.442
784	22.742
785	24.069
786	25.419
787	26.789
788	28.18
789	29.593
790	31.038
791	32.534
792	34.117
793	35.852
794	37.878
795	40.431
796	44.212
797	50.227
798	67.78
799	25.586
800	25.899
801	26.135
802	26.307
803	26.515
804	26.631
805	26.766
806	26.869
807	26.895
808	26.95
809	26.912
810	26.852
811	26.787
812	26.717
813	26.569
814	26.39
815	26.17
816	25.916
817	25.629
818	25.303
819	24.927
820	24.52
821	24.085
822	23.647
823	23.223
824	22.813
825	22.412
826	5.2728
827	25.301
828	24.969
829	24.802
830	24.726
831	24.447
832	24.279
833	24.128
834	23.763
835	23.562
836	23.335
837	22.866
838	22.657
839	22.382
840	21.837
841	21.655
842	21.263
843	20.693
844	20.523
845	19.832
846	19.528
847	19.295
848	18.571
849	18.367
850	17.979
851	17.264
852	17.101
853	16.627
854	15.958
855	15.797
856	15.314
857	14.61
858	14.719
859	13.932
860	13.427
861	13.303
862	12.565
863	12.05
864	12.041
865	11.468
866	11.382
867	10.762
868	10.316
869	10.645
870	9.7761
871	9.8294
872	9.6591
873	9.3349
874	8.3333
875	9.366
876	7.7586
877	7.7402
878	8.7992
879	6.6544
880	7.0226
881	6.9512
882	4.468
883	7.8666
884	8.7262
885	6.1871
886	7.2441
887	6.5239
888	6.9265
889	6.3692
890	5.712
891	6.1546
892	5.5691
893	24.314
894	12.965
895	21.038
896	26.655
897	16.103
898	12.714
899	7.5617
900	5.2281
901	4.3185
902	6.5654
903	5.8553
904	7.5009
905	7.4285
906	7.0864
907	6.5221
908	6.0772
909	5.6513
910	5.1159
911	4.6914
912	4.3238
913	3.8875
914	3.5396
915	3.2487
916	2.9018
917	2.6222
918	2.3945
919	2.1154
920	1.8933
921	1.7102
922	1.4669
923	1.2616
924	1.0986
925	0.9128
926	0.78634
927	0.72553
928	0.67
929	0.68826
930	0.75267
931	0.82887
932	0.90612
933	1.0047
934	1.099
935	1.179
936	1.2645
937	1.345
938	1.408
939	1.4742
940	1.5367
941	1.5813
942	1.6317
943	1.6806
944	1.7084
945	1.7369
946	1.7581
947	1.764
948	1.7742
949	1.783
950	1.7812
951	1.7829
952	1.7855
953	1.7782
954	1.7743
955	1.7725
956	1.7611
957	1.7561
958	1.7499
959	1.7363
960	1.733
961	1.7247
962	1.7093
963	1.6983
964	1.6807
965	1.6608
966	1.6468
967	1.6296
968	1.6122
969	1.5996
970	1.5826
971	1.5661
972	1.5533
973	1.5344
974	1.5165
975	1.5016
976	1.4793
977	1.4585
978	1.4391
979	1.4151
980	1.3943
981	1.3723
982	1.3474
983	1.3256
984	1.3024
985	1.2729
986	1.246
987	1.217
988	1.1784
989	1.1423
990	1.1043
991	1.0535
992	1.0097
993	0.96978
994	0.92462
995	0.88372
996	0.84328
997	0.79586
998	0.74901
999	0.70264
1000	0.64446
1001	0.58518
1002	0.5258
1003	0.45127
1004	0.37474
1005	0.29965
1006	0.21823
1007	0.14345
1008	8.6511e-002
1009	2.7087e-002
1010	0.39862
1011	13.388
1012	18.152
1013	15.069
1014	13.813
1015	14.477
1016	21.236
1017	13.931
1018	13.397
1019	13.378
1020	16.139
1021	16.512
1022	17.9
1023	18.817
1024	20.297
1025	19.032
1026	17.108
1027	16.853
1028	16.529
1029	15.081
1030	14.568
1031	14.192
1032	13.739
1033	13.571
1034	13.669
1035	14.024
1036	14.812
1037	12.619
1038	14.381
1039	14.376
1040	13.289
1041	12.995
1042	13.353
1043	13.29
1044	13.368
1045	19.646
1046	22.055
1047	19.808
1048	20.591
1049	20.883
1050	21.664
1051	14.502
1052	19.53
1053	13.801
1054	13.784
1055	16.481
1056	13.442
1057	21.506
1058	21.038
1059	22.016
1060	21.681
1061	21.378
1062	21.664
1063	20.383
1064	20.473
1065	19.453
1066	19.232
1067	18.149
1068	17.589
1069	22.31
1070	7.6701
1071	22.095
1072	17.223
1073	16.674
1074	16.13
1075	15.536
1076	14.93
1077	13.72
1078	13.007
1079	12.636
1080	12.288
1081	12.017
1082	11.679
1083	11.593
1084	11.821
1085	12.069
1086	9.6294
1087	11.636
1088	11.962
1089	10.847
1090	6.1644
1091	8.4931
1092	9.803
1093	11.743
1094	12.051
1095	12.369
1096	11.893
1097	12.554
1098	12.721
1099	12.916
1100	13.369
1101	13.979
1102	15.503
1103	16.429
1104	16.781
1105	17.363
1106	17.704
1107	18.104
1108	18.624
1109	18.714
1110	19.471
1111	20.314
1112	20.711
1113	20.907
1114	21.888
1115	22.017
1116	15.435
1117	14.819
1118	14.337
1119	13.905
1120	13.356
1121	12.536
1122	11.116
1123	7.3613
1124	5.434
1125	1.8467
1126	3.915
1127	4.5354
1128	2.2085
1129	2.9599
1130	5.8665
1131	6.9755
1132	7.3709
1133	7.7856
1134	8.1444
1135	8.8149
1136	9.1044
1137	9.393
1138	10.484
1139	12.579
1140	12.981
1141	13.732
1142	14.526
1143	14.972
1144	15.432
1145	18.045
1146	18.459
1147	18.971
1148	19.319
1149	19.769
1150	20.009
1151	20.316
1152	21.475
1153	22.002
1154	22.224
1155	22.806
1156	22.74
1157	21.258
1158	20.941
1159	20.292
1160	20.098
1161	19.842
1162	19.297
1163	18.625
1164	17.843
1165	16.535
1166	15.673
1167	15.356
1168	14.896
1169	13.74
1170	13.514
1171	13.241
1172	13.397
1173	13.225
1174	13.126
1175	13.042
1176	13.415
1177	13.57
1178	14.094
1179	14.903
1180	15.313
1181	15.749
1182	16.223
1183	18.25
1184	18.259
1185	16.878
1186	14.788
1187	14.952
1188	15.947
1189	15.915
1190	15.471
1191	15.388
1192	16.724
1193	15.919
1194	15.174
1195	14.396
1196	14.007
1197	13.952
1198	13.573
1199	13.497
1200	13.458
1201	13.568
1202	13.723
1203	14.431
1204	14.341
1205	14.959
1206	16.549
1207	17.256
1208	17.709
1209	18.067
1210	18.487
1211	18.98
1212	22.374
1213	20.182
1214	20.475
1215	20.763
1216	21.146
1217	21.332
1218	6.651
1219	22.64
1220	4.6839
1221	17.585
1222	2.9605
1223	21.971
1224	10.933
1225	22.785
1226	22.777
1227	23.266
1228	22.851
1229	22.622
1230	21.935
1231	20.99
1232	20.259
1233	19.963
1234	18.967
1235	18.524
1236	18.051
1237	17.643
1238	17.102
1239	16.676
1240	16.207
1241	15.652
1242	14.341
1243	13.965
1244	13.566
1245	13.122
1246	12.594
1247	12.094
1248	10.78
1249	10.498
1250	10.295
1251	9.4573
1252	9.1329
1253	7.712
1254	7.4974
1255	7.6416
1256	8.936
1257	7.5688
1258	6.5143
1259	5.4095
1260	5.5491
1261	5.8847
1262	5.3959
1263	8.3367
1264	8.2597
1265	8.5659
1266	8.9086
1267	9.2141
1268	9.5262
1269	9.5394
1270	9.7584
1271	9.8447
1272	10.026
1273	10.162
1274	10.247
1275	10.125
1276	10.249
1277	10.595
1278	11.565
1279	12.231
1280	12.612
1281	13.074
1282	14.558
1283	14.957
1284	15.912
1285	16.522
1286	16.845
1287	17.124
1288	18.202
1289	18.676
1290	19.477
1291	19.685
1292	19.785
1293	20.449
1294	20.976
1295	21.439
1296	21.643
1297	22.013
1298	22.19
1299	22.375
1300	22.555
1301	23.023
1302	23.577
1303	23.813
1304	23.468
1305	23.254
1306	23.118
1307	22.895
1308	22.907
1309	22.274
1310	21.555
1311	21.309
1312	21.103
1313	20.926
1314	20.526
1315	19.924
1316	19.625
1317	19.296
1318	19.039
1319	18.689
1320	18.346
1321	17.935
1322	17.52
1323	17.092
1324	16.739
1325	16.417
1326	15.991
1327	15.564
1328	15.11
1329	14.592
1330	14.163
1331	13.737
1332	13.341
1333	12.561
1334	12.201
1335	11.825
1336	11.49
1337	10.846
1338	10.537
1339	9.969
1340	9.6832
1341	9.1071
1342	8.794
1343	8.1217
1344	7.7645
1345	7.4216
1346	7.1164
1347	6.7944
1348	5.5928
1349	5.1189
1350	4.5483
1351	3.9218
1352	3.2482
1353	2.54
1354	1.8608
1355	1.5324
1356	2.7315
1357	3.181
1358	0.73806
1359	0.74896
1360	0.74397
1361	0.74494
1362	0.74898
1363	0.75945
1364	0.77852
1365	0.79537
1366	0.8286
1367	0.85281
1368	0.92468
1369	0.97209
1370	1.0315
1371	1.068
1372	1.0878
1373	1.1534
1374	1.1778
1375	1.2598
1376	1.3459
1377	1.366
1378	1.3727
1379	1.3812
1380	1.4025
1381	1.4145
1382	1.4278
1383	1.4415
1384	1.4572
1385	1.487
1386	1.5119
1387	1.5205
1388	1.5298
1389	1.5338
1390	1.543
1391	1.6577
1392	1.5589
1393	1.6066
1394	1.8552
1395	1.9209
1396	2.0007
1397	2.0929
1398	2.1974
1399	2.3161
1400	2.4469
1401	2.5911
1402	3.4975
1403	3.7093
1404	3.9441
1405	4.191
1406	4.4458
1407	4.7039
1408	4.9595
1409	5.1979
1410	5.4064
1411	5.5666
1412	5.4739
1413	5.111
1414	4.5523
1415	3.7246
1416	2.8461
1417	2.1887
1418	1.9713
1419	2.4229
1420	3.2776
1421	5.3007
1422	6.8191
1423	5.917
1424	4.6268
1425	3.3005
1426	2.4876
1427	2.9794
1428	3.573
1429	3.7023
1430	5.2983
1431	5.71
1432	6.1128
1433	6.3929
1434	6.7136
1435	7.0559
1436	7.7689
1437	8.1541
1438	8.4996
1439	8.8237
1440	9.1522
1441	9.4345
1442	9.9667
1443	10.238
1444	10.539
1445	10.834
1446	11.153
1447	12.576
1448	12.903
1449	13.245
1450	13.629
1451	14.006
1452	14.381
1453	14.792
1454	15.193
1455	15.615
1456	15.919
1457	16.061
1458	16.453
1459	16.912
1460	17.358
1461	17.729
1462	18.119
1463	18.54
1464	18.941
1465	19.348
1466	19.659
1467	19.933
1468	20.273
1469	20.526
1470	20.726
1471	21.01
1472	21.855
1473	22.118
1474	22.334
1475	22.518
1476	22.704
1477	22.918
1478	23.479
1479	23.825
1480	24.038
1481	24.249
1482	24.393
1483	24.52
1484	24.603
1485	24.663
1486	24.689
1487	24.659
1488	24.591
1489	24.489
1490	24.349
1491	24.179
1492	23.968
1493	23.713
1494	23.403
1495	23.069
1496	22.615
1497	21.854
1498	20.96
1499	20.577
1500	20.211
1501	19.789
1502	19.534
1503	18.49
1504	18.226
1505	17.931
1506	17.632
1507	17.319
1508	17.006
1509	16.696
1510	15.127
1511	14.814
1512	14.499
1513	13.712
1514	13.058
1515	12.809
1516	12.608
1517	12.549
1518	12.433
1519	12.039
1520	11.989
1521	12.048
1522	12.092
1523	12.103
1524	12.131
1525	12.491
1526	12.742
1527	13.313
1528	13.711
1529	14.208
1530	14.85
1531	15.459
1532	16.059
1533	17.328
1534	17.866
1535	18.28
1536	19.516
1537	20.254
1538	20.839
1539	21.497
1540	21.81
1541	22.306
1542	22.5
1543	22.34
1544	21.09
1545	18.671
1546	15.506
1547	19.774
1548	22.407
1549	21.765
1550	21.885
1551	19.761
1552	18.474
1553	18.718
1554	18.304
1555	17.31
1556	16.55
1557	15.475
1558	14.758
1559	14.486
1560	14.219
1561	13.965
1562	13.743
1563	13.429
1564	13.314
1565	13.365
1566	13.342
1567	13.914
1568	14.196
1569	14.893
1570	15.097
1571	15.659
1572	16.225
1573	16.288
1574	16.663
1575	17.048
1576	17.392
1577	17.705
1578	17.971
1579	18.201
1580	18.459
1581	18.76
1582	20.722
1583	19.35
1584	19.636
1585	19.92
1586	20.2
1587	20.475
1588	21.79
1589	22.164
1590	22.676
1591	23.194
1592	4.1777
1593	8.9003
1594	0.82353
1595	0.89326
1596	0.98883
1597	0.98039
1598	1.0121
1599	1.0715
1600	23.189
1601	23.282
1602	8.3938
1603	20.936
1604	5.4245
1605	23.552
1606	7.9328
1607	8.3474
1608	23.344
1609	1.1289
1610	21.165
1611	21.406
1612	3.797
1613	25.388
1614	25.385
1615	25.39
1616	25.396
1617	25.407
1618	25.411
1619	25.424
1620	25.414
1621	25.424
1622	25.421
1623	25.428
1624	25.434
1625	25.443
1626	25.439
1627	25.434
1628	25.439
1629	25.438
1630	25.432
1631	25.437
1632	25.435
1633	25.428
1634	25.423
1635	25.427
1636	25.425
1637	25.42
1638	25.415
1639	25.41
1640	25.414
1641	25.404
1642	25.417
1643	25.393
1644	25.411
1645	25.394
1646	25.399
1647	25.395
1648	25.388
1649	25.393
1650	25.39
1651	25.388
1652	25.381
1653	25.392
1654	25.387
1655	25.371
1656	25.383
1657	25.384
1658	25.392
1659	25.388
1660	25.397
1661	25.396
1662	25.404
1663	25.409
1664	25.413
1665	25.421
1666	25.425
1667	25.439
1668	25.465
1669	25.493
1670	25.484
1671	25.511
1672	25.554
1673	25.539
1674	25.585
1675	25.617
1676	25.662
1677	25.708
1678	25.76
1679	25.824
1680	25.877
1681	25.937
1682	26.009
1683	26.065
1684	26.131
1685	26.189
1686	26.252
1687	26.233
1688	26.284
1689	26.274
1690	26.299
1691	26.295
1692	26.262
1693	26.281
1694	26.233
1695	26.15
1696	26.026
1697	25.858
1698	25.614
1699	25.313
1700	24.928
1701	24.473
1702	23.221
1703	22.137
1704	22.486
1705	21.614
1706	21.87
1707	21.363
1708	21.092
1709	20.591
1710	20.072
1711	19.236
1712	19.519
1713	18.946
1714	18.374
1715	17.799
1716	17.191
1717	16.261
1718	16.552
1719	15.843
1720	16.024
1721	15.619
1722	15.105
1723	14.613
1724	14.102
1725	13.542
1726	13.105
1727	13.223
1728	12.983
1729	13.111
1730	13.166
1731	13.553
1732	14.145
1733	14.925
1734	15.859
1735	17.758
1736	17.043
1737	19.54
1738	18.588
1739	19.684
1740	21.156
1741	22.409
1742	24.456
1743	26.684
1744	29.212
1745	29.449
1746	21.095
1747	26.289
1748	20.915
1749	28.772
1750	28.595
1751	28.26
1752	25.45
1753	26.424
1754	24.578
1755	21.799
1756	22.773
1757	20.894
1758	18.512
1759	19.308
1760	17.678
1761	15.429
1762	16.094
1763	14.164
1764	14.816
1765	13.53
1766	12.482
1767	11.696
1768	11.061
1769	10.873
1770	10.773
1771	10.932
1772	11.519
1773	11.341
1774	11.986
1775	11.73
1776	12.813
1777	12.35
1778	13.232
1779	14.358
1780	13.987
1781	15.105
1782	14.734
1783	15.473
1784	16.205
1785	16.934
1786	17.641
1787	18.309
1788	19.35
1789	18.993
1790	19.682
1791	20.603
1792	20.31
1793	21.248
1794	20.948
1795	21.861
1796	21.539
1797	22.625
1798	22.219
1799	23.019
1800	23.732
1801	24.308
1802	24.73
1803	25.064
1804	24.982
1805	25.109
1806	25.032
1807	25.094
1808	24.941
1809	24.643
1810	24.224
1811	24.406
1812	24.167
1813	23.819
1814	23.409
1815	22.808
1816	23.024
1817	22.563
1818	22.02
1819	21.186
1820	21.445
1821	20.891
1822	19.89
1823	20.246
1824	19.094
1825	19.486
1826	18.273
1827	18.677
1828	17.886
1829	17.027
1830	16.361
1831	15.156
1832	15.577
1833	14.349
1834	14.745
1835	13.56
1836	13.962
1837	12.788
1838	13.186
1839	12.387
1840	11.304
1841	11.651
1842	10.67
1843	10.972
1844	10.076
1845	10.368
1846	9.5865
1847	9.8213
1848	9.3532
1849	8.8594
1850	8.3132
1851	7.4564
1852	6.8388
1853	7.0405
1854	6.3333
1855	6.5437
1856	6.262
1857	5.8133
1858	4.443
1859	3.4733
1860	6.9268
1861	5.0159
1862	7.4744
1863	9.466
1864	5.2669
1865	2.8274
1866	3.5152
1867	4.7347
1868	5.7121
1869	5.2265
1870	4.6455
1871	4.0495
1872	3.2425
1873	3.4958
1874	3.0226
1875	2.6147
1876	2.2837
1877	1.9881
1878	1.7616
1879	1.5921
1880	1.4765
1881	1.3893
1882	1.3478
1883	1.3166
1884	1.3167
1885	1.3444
1886	1.3341
1887	1.3567
1888	1.3728
1889	1.3601
1890	1.3691
1891	1.3484
1892	1.3066
1893	1.321
1894	1.2789
1895	1.2927
1896	1.2662
1897	1.2446
1898	1.2287
1899	1.2135
1900	1.149
1901	1.0951
1902	1.0099
1903	1.037
1904	0.98396
1905	0.91707
1906	0.93787
1907	0.89783
1908	0.86183
1909	0.79296
1910	0.81905
1911	0.7649
1912	0.7063
1913	0.651
1914	0.58207
1915	0.60295
1916	0.56356
1917	0.53303
1918	0.50516
1919	0.46699
1920	0.47843
1921	0.44685
1922	0.45468
1923	0.4392
1924	0.43891
1925	0.49123
1926	0.58626
1927	0.6455
1928	1.4476
1929	1.3357
1930	1.2948
1931	1.1791
1932	1.1001
1933	1.1016
1934	1.0996
1935	1.097
1936	1.1058
1937	1.1212
1938	1.1433
1939	1.174
1940	1.257
1941	1.3018
1942	1.3426
1943	1.398
1944	1.3802
1945	1.4154
1946	1.4464
1947	1.4883
1948	1.537
1949	1.5282
1950	1.5883
1951	1.621
1952	1.649
1953	1.6795
1954	1.6701
1955	1.6859
1956	1.7024
1957	1.7212
1958	1.7425
1959	1.7666
1960	1.7889
1961	1.805
1962	1.814
1963	1.8195
1964	1.8304
1965	1.8619
1966	1.9559
1967	1.9124
1968	2.3737
1969	2.2814
1970	2.4815
1971	3.0434
1972	4.2336
1973	4.6913
1974	5.5346
1975	5.7482
1976	5.6322
1977	4.9746
1978	3.657
1979	1.6102
1980	2.093
1981	1.6157
1982	2.3516
1983	2.2672
1984	1.7036
1985	2.3749
1986	1.9021
1987	3.5512
1988	2.943
1989	4.729
1990	4.1617
1991	5.7286
1992	5.248
1993	6.1685
1994	6.9474
1995	8.0792
1996	7.7076
1997	8.436
1998	9.1126
1999	10.067
2000	9.7462
2001	10.664
2002	10.383
2003	10.981
2004	11.602
2005	12.237
2006	13.266
2007	12.924
2008	13.971
2009	13.618
2010	14.594
2011	14.286
2012	16.011
2013	15.636
2014	16.316
2015	17.024
2016	18.063
2017	17.739
2018	18.629
2019	18.372
2020	18.948
2021	19.542
2022	20.182
2023	20.637
2024	21.193
2025	21.755
2026	22.843
2027	22.38
2028	23.923
2029	23.684
2030	24.127
2031	24.459
2032	24.697
2033	24.821
2034	24.838
2035	24.684
2036	24.722
2037	24.675
2038	24.122
2039	24.226
2040	24.639
2041	24.352
2042	25.054
2043	24.853
2044	25.316
2045	25.042
2046	25.188
2047	24.791
2048	24.888
2049	24.686
2050	24.218
2051	24.384
2052	23.874
2053	24.04
2054	23.506
2055	23.696
2056	23.295
2057	22.827
2058	22.283
2059	21.835
2060	20.981
2061	21.283
2062	20.152
2063	20.585
2064	19.7
2065	18.068
2066	17.509
2067	16.447
2068	15.412
2069	14.379
2070	13.338
2071	12.229
2072	10.598
2073	11.128
2074	9.5725
2075	10.083
2076	8.7093
2077	9.1342
2078	8.2635
2079	8.4122
2080	7.9856
2081	8.1024
2082	7.9465
2083	8.3639
2084	8.1409
2085	8.9735
2086	8.6385
2087	9.7604
2088	9.3522
2089	10.198
2090	9.1507
2091	11.091
2092	11.111
2093	11.91
2094	13.754
2095	1.6477
2096	4.162
2097	13.569
2098	10.418
2099	8.1147
2100	8.256
2101	8.0612
2102	8.0865
2103	7.9194
2104	7.4843
2105	7.0458
2106	6.3221
2107	6.9881
2108	6.3213
2109	7.3386
2110	8.3651
2111	7.9795
2112	8.7647
2113	9.6206
2114	10.513
2115	11.498
2116	12.382
2117	13.887
2118	13.386
2119	14.433
2120	14.92
2121	16.268
2122	15.83
2123	16.796
2124	16.597
2125	17.598
2126	17.187
2127	18.022
2128	18.623
2129	19.324
2130	19.033
2131	19.661
2132	20.937
2133	21.365
2134	21.962
2135	21.711
2136	22.169
2137	22.611
2138	23.106
2139	23.475
2140	23.953
2141	25.39
2142	0.71237
2143	1.2235
2144	12.777
2145	11.79
2146	8.4762
2147	25.309
2148	25.293
2149	25.301
2150	25.297
2151	25.291
2152	25.301
2153	25.295
2154	25.299
2155	25.29
2156	25.305
2157	25.306
2158	25.307
2159	25.309
2160	25.321
2161	25.313
2162	25.331
2163	25.318
2164	25.328
2165	25.328
2166	25.337
2167	25.334
2168	25.331
2169	25.334
2170	25.334
2171	25.33
2172	25.331
2173	25.318
2174	25.329
2175	25.317
2176	25.314
2177	25.323
2178	25.319
2179	25.32
2180	25.307
2181	25.302
2182	25.31
2183	25.3
2184	25.301
2185	25.31
2186	25.293
2187	25.3
2188	25.288
2189	25.301
2190	25.286
2191	25.294
2192	25.289
2193	25.279
2194	25.278
2195	25.281
2196	25.277
2197	25.279
2198	25.275
2199	25.284
2200	25.27
2201	25.273
2202	25.269
2203	25.274
2204	25.26
2205	25.279
2206	25.273
2207	25.265
2208	25.28
2209	25.271
2210	25.278
2211	25.293
2212	25.28
2213	25.299
2214	25.288
2215	25.303
2216	25.307
2217	25.317
2218	25.316
2219	25.337
2220	25.335
2221	25.357
2222	25.367
2223	25.385
2224	25.394
2225	25.409
2226	25.42
2227	25.452
2228	25.458
2229	25.483
2230	25.502
2231	25.531
2232	25.55
2233	25.58
2234	25.6
2235	25.646
2236	25.693
2237	25.718
2238	25.786
2239	25.818
2240	25.848
2241	25.923
2242	25.962
2243	25.996
2244	26.066
2245	26.105
2246	26.126
2247	26.194
2248	26.224
2249	26.245
2250	26.267
2251	26.284
2252	26.296
2253	26.305
2254	26.303
2255	26.304
2256	26.284
2257	26.278
2258	26.241
2259	26.205
2260	26.164
2261	26.084
2262	26.029
2263	25.844
2264	25.699
2265	25.6
2266	25.433
2267	25.283
2268	25.068
2269	24.9
2270	24.663
2271	24.421
2272	24.102
2273	24.135
2274	23.97
2275	23.933
2276	23.315
2277	25.403
2278	25.313
2279	0.75825
2280	25.416
2281	23.993
2282	24.774
2283	24.914
2284	25.008
2285	25.067
2286	25.257
2287	25.399
2288	25.64
2289	25.727
2290	25.871
2291	25.97
2292	26.102
2293	26.124
2294	26.214
2295	26.246
2296	26.319
2297	26.352
2298	26.4
2299	26.395
2300	26.405
2301	26.409
2302	26.396
2303	26.398
2304	26.372
2305	26.355
2306	26.323
2307	26.298
2308	26.263
2309	26.228
2310	26.193
2311	26.151
2312	26.112
2313	26.066
2314	26.03
2315	25.986
2316	25.947
2317	25.902
2318	25.863
2319	25.823
2320	25.782
2321	25.733
2322	25.703
2323	25.67
2324	25.633
2325	25.593
2326	25.564
2327	25.519
2328	25.501
2329	25.472
2330	25.449
2331	25.421
2332	25.399
2333	25.372
2334	25.354
2335	25.325
2336	25.325
2337	25.299
2338	25.29
2339	25.265
2340	25.258
2341	25.244
2342	25.233
2343	25.21
2344	25.214
2345	25.205
2346	25.203
2347	25.194
2348	25.196
2349	25.172
2350	25.178
2351	25.165
2352	25.174
2353	25.169
2354	25.169
2355	25.167
2356	25.171
2357	25.158
2358	25.167
2359	25.167
2360	25.168
2361	25.155
2362	25.167
2363	25.168
2364	25.17
2365	25.163
2366	25.175
2367	25.169
2368	25.183
2369	25.174
2370	25.179
2371	25.175
2372	25.185
2373	25.184
2374	25.187
2375	25.179
2376	25.19
2377	25.183
2378	25.195
2379	25.187
2380	25.198
2381	25.191
2382	25.205
2383	25.204
2384	25.206
2385	25.198
2386	25.209
2387	25.204
2388	25.215
2389	25.206
2390	25.218
2391	25.218
2392	25.222
2393	25.214
2394	25.222
2395	25.218
2396	25.226
2397	25.219
2398	25.233
2399	25.232
2400	25.225
2401	25.233
2402	25.23
2403	25.241
2404	25.233
2405	25.235
2406	25.233
2407	25.235
2408	25.223
2409	25.229
2410	25.216
2411	25.224
2412	25.222
2413	25.225
2414	25.213
2415	25.214
2416	25.213
2417	25.208
2418	25.211
2419	25.207
2420	25.21
2421	25.2
2422	25.208
2423	25.211
2424	25.205
2425	25.217
2426	25.217
2427	9.7858
2428	9.5341
2429	1.8254
2430	1.3808
2431	0.81013
2432	24.849
2433	24.595
2434	24.494
2435	24.356
2436	24.185
2437	24.025
2438	23.838
2439	23.63
2440	23.215
2441	23.024
2442	22.818
2443	22.583
2444	22.323
2445	22.119
2446	21.77
2447	21.584
2448	21.28
2449	20.821
2450	20.532
2451	20.211
2452	19.918
2453	19.649
2454	19.349
2455	18.641
2456	18.226
2457	17.811
2458	17.416
2459	17.064
2460	16.647
2461	16.169
2462	15.682
2463	15.201
2464	14.757
2465	14.313
2466	13.799
2467	13.24
2468	12.667
2469	12.089
2470	11.515
2471	10.927
2472	10.311
2473	9.7066
2474	9.1147
2475	8.515
2476	7.9232
2477	7.356
2478	6.822
2479	5.9497
2480	5.6675
2481	5.5126
2482	5.5454
2483	5.8724
2484	6.3661
2485	6.9604
2486	7.5178
2487	8.3465
2488	9.1996
2489	10.704
2490	11.463
2491	12.118
2492	12.664
2493	13.091
2494	13.535
2495	14.102
2496	14.083
2497	13.646
2498	13.185
2499	12.645
2500	11.444
2501	13.47
2502	12.631
2503	13.284
2504	13.789
2505	14.392
2506	15.299
2507	15.061
2508	14.249
2509	13.274
2510	12.929
2511	12.125
2512	11.15
2513	10.208
2514	9.3164
2515	8.5254
2516	7.8568
2517	7.3471
2518	7.0267
2519	6.9032
2520	6.9629
2521	7.1751
2522	7.5398
2523	8.0335
2524	8.6066
2525	9.2422
2526	9.9159
2527	11.318
2528	12.031
2529	12.732
2530	13.41
2531	14.081
2532	14.745
2533	16.041
2534	16.684
2535	17.299
2536	17.771
2537	18.56
2538	18.98
2539	19.89
2540	20.369
2541	20.866
2542	21.328
2543	21.793
2544	22.243
2545	22.661
2546	23.024
2547	23.354
2548	23.682
2549	24.243
2550	24.535
2551	25.072
2552	25.294
2553	25.507
2554	25.703
2555	25.884
2556	26.053
2557	26.216
2558	26.37
2559	26.517
2560	26.628
2561	26.719
2562	26.806
2563	26.909
2564	27.008
2565	27.082
2566	27.054
2567	26.919
2568	26.781
2569	26.616
2570	26.39
2571	25.978
2572	26.156
2573	26.255
2574	26.289
2575	26.093
2576	25.858
2577	25.886
2578	25.733
2579	25.559
2580	25.361
2581	25.194
2582	24.974
2583	24.714
2584	24.454
2585	24.188
2586	23.915
2587	23.632
2588	23.032
2589	22.631
2590	22.316
2591	21.914
2592	21.565
2593	21.209
2594	20.893
2595	20.615
2596	20.356
2597	20.051
2598	19.781
2599	19.509
2600	19.198
2601	18.903
2602	18.618
2603	18.319
2604	18.025
2605	17.748
2606	17.465
2607	17.169
2608	16.867
2609	16.56
2610	16.253
2611	15.96
2612	15.673
2613	15.374
2614	15.077
2615	14.783
2616	14.498
2617	14.216
2618	13.929
2619	13.635
2620	13.326
2621	13.02
2622	12.721
2623	12.408
2624	12.104
2625	11.805
2626	11.491
2627	11.185
2628	10.873
2629	10.561
2630	10.228
2631	9.8879
2632	9.5423
2633	9.1885
2634	8.8234
2635	8.4441
2636	8.0522
2637	7.6482
2638	7.2274
2639	6.7929
2640	6.3511
2641	5.8946
2642	5.4196
2643	4.9205
2644	4.4003
2645	3.8882
2646	3.3917
2647	2.9745
2648	2.6653
2649	2.5915
2650	2.6898
2651	2.8128
2652	2.8407
2653	3.1307
2654	3.2328
2655	2.9497
2656	2.549
2657	2.1545
2658	2.0947
2659	2.3938
2660	3.0781
2661	3.7533
2662	4.3875
2663	4.9836
2664	5.4488
2665	5.7733
2666	5.969
2667	6.0562
2668	6.0541
2669	5.9801
2670	5.851
2671	5.681
2672	5.4823
2673	5.2664
2674	5.0393
2675	4.8076
2676	4.5718
2677	4.3414
2678	4.1191
2679	3.9038
2680	3.6935
2681	3.4974
2682	3.3147
2683	3.1446
2684	2.9885
2685	2.8477
2686	2.7228
2687	2.6156
2688	2.5343
2689	2.4348
2690	2.3561
2691	2.3052
2692	2.2668
2693	2.1982
2694	2.1827
2695	2.1678
2696	2.1606
2697	2.1581
2698	2.1571
2699	2.1578
2700	2.1584
2701	2.1587
2702	2.1571
2703	2.1541
2704	2.1498
2705	2.1435
2706	2.1364
2707	2.1291
2708	2.1208
2709	2.1131
2710	2.1056
2711	2.0985
2712	2.0916
2713	2.0851
2714	2.078
2715	2.0717
2716	2.0638
2717	2.0546
2718	2.0439
2719	2.0315
2720	2.0168
2721	1.9963
2722	1.9805
2723	1.9415
2724	1.9359
2725	1.9177
2726	1.9023
2727	1.8783
2728	1.8655
2729	1.8511
2730	1.8315
2731	1.8132
2732	1.795
2733	1.7762
2734	1.7565
2735	1.7359
2736	1.7142
2737	1.6916
2738	1.6685
2739	1.6455
2740	1.6233
2741	1.6004
2742	1.579
2743	1.5601
2744	1.5418
2745	1.5252
2746	1.5105
2747	1.4977
2748	1.4852
2749	1.4755
2750	1.4668
2751	1.4611
2752	1.4603
2753	1.4747
2754	1.46
2755	1.4599
2756	1.4702
2757	1.4951
2758	1.5264
2759	1.5668
2760	1.627
2761	1.6458
2762	1.6842
2763	1.7327
2764	1.8032
2765	1.8847
2766	1.9936
2767	2.1223
2768	2.2626
2769	25.454
2770	25.342
2771	25.233
2772	0.14531
2773	0.28233
2774	0.331
2775	0.30671
2776	0.2724
2777	0.25128
2778	0.24139
2779	0.24495
2780	0.26419
2781	0.29671
2782	0.33816
2783	0.40042
2784	0.41224
2785	0.44303
2786	0.47732
2787	0.51188
2788	0.54934
2789	0.5846
2790	0.62046
2791	0.65178
2792	0.6816
2793	0.71155
2794	0.74125
2795	0.76882
2796	0.79542
2797	0.82285
2798	0.84936
2799	0.87563
2800	0.90507
2801	0.92891
2802	0.95519
2803	0.98194
2804	1.0054
2805	1.0279
2806	1.047
2807	1.0622
2808	1.08
2809	1.0996
2810	1.1156
2811	1.1354
2812	1.1565
2813	1.1762
2814	1.1985
2815	1.2223
2816	1.2448
2817	1.269
2818	1.3022
2819	1.3163
2820	1.331
2821	1.3452
2822	1.3555
2823	1.3587
2824	1.3663
2825	1.3721
2826	1.379
2827	1.3875
2828	1.3983
2829	1.4066
2830	1.4149
2831	1.4261
2832	1.432
2833	1.439
2834	1.4461
2835	1.4473
2836	1.447
2837	1.4435
2838	1.428
2839	1.4062
2840	1.3809
2841	1.3466
2842	1.2823
2843	1.2449
2844	1.2104
2845	1.1784
2846	1.1454
2847	1.1182
2848	1.0964
2849	1.0772
2850	1.0738
2851	1.0836
2852	1.1005
2853	1.1424
2854	1.2053
2855	1.2882
2856	1.3947
2857	1.5208
2858	1.6702
2859	1.8349
2860	2.0107
2861	2.1957
2862	2.4054
2863	2.6254
2864	2.8654
2865	3.1336
2866	3.4254
2867	3.7341
2868	4.0645
2869	4.4137
2870	4.7677
2871	5.1277
2872	5.4799
2873	5.7922
2874	6.0488
2875	6.0849
2876	5.6724
2877	4.7273
2878	2.452
2879	3.8289
2880	4.6995
2881	5.8712
2882	7.5246
2883	10.75
2884	14.051
2885	15.483
2886	13.674
2887	9.7223
2888	6.2148
2889	4.3333
2890	4.1167
2891	4.4651
2892	5.2297
2893	5.2392
2894	5.6791
2895	6.2281
2896	6.4484
2897	6.5394
2898	6.6243
2899	6.5626
2900	6.3319
2901	6.6799
2902	7.4079
2903	7.4845
2904	7.7802
2905	8.2303
2906	8.3844
2907	8.6735
2908	8.9556
2909	9.3735
2910	9.5434
2911	9.7386
2912	9.9781
2913	10.359
2914	10.526
2915	10.852
2916	11.283
2917	11.519
2918	11.874
2919	12.279
2920	12.717
2921	13.118
2922	13.523
2923	13.966
2924	14.393
2925	14.747
2926	15.177
2927	15.607
2928	16.022
2929	16.46
2930	16.871
2931	17.229
2932	17.638
2933	18.07
2934	18.882
2935	19.283
2936	19.693
2937	20.122
2938	20.508
2939	20.881
2940	21.232
2941	21.562
2942	21.883
2943	22.175
2944	22.461
2945	22.757
2946	23.035
2947	23.286
2948	23.523
2949	23.729
2950	23.928
2951	24.12
2952	24.32
2953	24.541
2954	24.776
2955	24.981
2956	25.141
2957	25.3
2958	25.419
2959	25.555
2960	25.694
2961	25.809
2962	25.805
2963	25.898
2964	25.812
2965	25.789
2966	25.737
2967	25.599
2968	25.447
2969	25.295
2970	25.03
2971	24.785
2972	24.498
2973	24.237
2974	23.809
2975	23.382
2976	22.882
2977	22.708
2978	22.412
2979	22.015
2980	21.681
2981	21.336
2982	20.985
2983	20.658
2984	20.301
2985	19.981
2986	19.613
2987	19.211
2988	18.75
2989	18.542
2990	18.169
2991	17.785
2992	17.395
2993	16.994
2994	16.584
2995	16.165
2996	15.742
2997	15.313
2998	14.881
2999	14.445
3000	14.004
3001	13.562
3002	13.119
3003	12.677
3004	12.23
3005	11.778
3006	11.347
3007	10.958
3008	10.609
3009	10.295
3010	9.9993
3011	9.7246
3012	9.5026
3013	9.3644
3014	9.3169
3015	9.3775
3016	9.5087
3017	9.6983
3018	9.9529
3019	10.333
3020	10.825
3021	11.348
3022	11.951
3023	12.625
3024	13.374
3025	14.182
3026	15.033
3027	15.92
3028	16.824
3029	17.784
3030	18.802
3031	19.849
3032	20.899
3033	21.938
3034	23.029
3035	24.168
3036	25.349
3037	26.533
3038	27.748
3039	29.016
3040	30.414
3041	31.99
3042	33.829
3043	36.135
3044	39.197
3045	44.19
3046	22.421
3047	45.663
3048	44.628
3049	39.814
3050	36.903
3051	34.486
3052	32.478
3053	30.818
3054	29.361
3055	27.959
3056	26.664
3057	25.497
3058	24.44
3059	23.533
3060	22.576
3061	21.314
3062	20.847
3063	19.862
3064	18.94
3065	18.085
3066	17.299
3067	16.578
3068	15.317
3069	14.77
3070	14.28
3071	13.846
3072	13.486
3073	13.191
3074	12.958
3075	12.806
3076	12.73
3077	12.635
3078	12.633
3079	12.715
3080	12.82
3081	12.957
3082	13.143
3083	13.379
3084	13.646
3085	13.922
3086	14.181
3087	14.456
3088	14.736
3089	15.026
3090	15.325
3091	15.61
3092	15.894
3093	16.195
3094	16.502
3095	16.815
3096	17.136
3097	17.456
3098	17.773
3099	18.086
3100	18.389
3101	18.681
3102	18.971
3103	19.26
3104	19.544
3105	19.822
3106	20.092
3107	20.354
3108	20.61
3109	20.864
3110	21.112
3111	21.342
3112	21.541
3113	21.734
3114	21.964
3115	22.202
3116	22.484
3117	22.811
3118	23.155
3119	23.46
3120	23.772
3121	24.075
3122	24.348
3123	24.595
3124	24.824
3125	25.034
3126	25.221
3127	25.391
3128	25.543
3129	25.679
3130	25.903
3131	25.993
3132	26.07
3133	26.137
3134	26.192
3135	26.239
3136	26.276
3137	26.309
3138	26.34
3139	26.348
3140	26.354
3141	26.349
3142	26.347
3143	26.331
3144	26.317
3145	26.299
3146	26.256
3147	26.239
3148	26.208
3149	26.156
3150	26.131
3151	26.096
3152	26.044
3153	26.006
3154	25.981
3155	25.919
3156	25.899
3157	25.871
3158	25.821
3159	25.798
3160	25.771
3161	25.753
3162	25.731
3163	25.723
3164	25.694
3165	25.677
3166	25.646
3167	25.627
3168	25.618
3169	25.599
3170	25.597
3171	25.579
3172	25.57
3173	25.555
3174	25.544
3175	25.548
3176	25.533
3177	25.534
3178	25.522
3179	25.52
3180	25.508
3181	25.507
3182	25.509
3183	25.507
3184	25.502
3185	25.496
3186	25.499
3187	25.499
3188	25.503
3189	25.5
3190	25.51
3191	25.502
3192	25.501
3193	25.502
3194	25.507
3195	25.504
3196	25.509
3197	25.511
3198	25.51
3199	25.515
3200	25.515
3201	25.514
3202	25.527
3203	25.522
3204	25.531
3205	25.526
3206	25.529
3207	25.527
3208	25.53
3209	25.536
3210	25.532
3211	25.542
3212	25.539
3213	25.545
3214	25.54
3215	25.543
3216	25.545
3217	25.551
3218	25.548
3219	25.55
3220	25.55
3221	25.55
3222	25.554
3223	25.553
3224	25.55
3225	25.554
3226	25.549
3227	25.54
3228	25.541
3229	25.533
3230	25.534
3231	25.526
3232	25.536
3233	25.522
3234	25.515
3235	25.512
3236	25.504
3237	25.503
3238	25.493
3239	25.493
3240	25.481
3241	25.486
3242	25.483
3243	25.485
3244	25.506
3245	25.527
3246	25.57
3247	3.3841
3248	12.979
3249	3.0809
3250	11.265
3251	6.75
3252	3.8435
3253	6.4339
3254	8.358
3255	12.28
3256	17.448
3257	9.1211
3258	16.572
3259	19.271
3260	3.0638
3261	0.51927
3262	11.667
3263	1.5296
3264	0.49105
3265	20.338
3266	1.5003
3267	8.7785
3268	23.924
3269	25.64
3270	27.644
3271	0.74192
3272	1.0492
3273	19.96
3274	1.2345
3275	26.198
3276	25.375
3277	25.387
3278	25.411
3279	25.409
3280	1.778
3281	1.6702
3282	9.7008
3283	4.4594
3284	8.5964
3285	1.1699
3286	1.3672
3287	25.936
3288	26.3
3289	25.683
3290	25.408
3291	25.434
3292	1.1162
3293	1.3225
3294	23.395
3295	18.083
3296	0.94924
3297	25.455
3298	26.149
3299	26.037
3300	25.91
3301	25.771
3302	25.384
3303	25.411
3304	25.395
3305	22.854
3306	12.215
3307	1.0962
3308	15.337
3309	2.4567
3310	24.205
3311	25.41
3312	25.382
3313	25.422
3314	25.585
3315	26.201
3316	2.0015
3317	24.687
3318	2.1294
3319	18.24
3320	17.501
3321	1.7314
3322	20.688
3323	18.656
3324	13.821
3325	26.166
3326	26.037
3327	25.894
3328	25.755
3329	25.629
3330	25.279
3331	25.278
3332	25.282
3333	25.307
3334	25.321
3335	25.324
3336	25.324
3337	25.321
3338	16.629
3339	1.3273
3340	1.8256
3341	1.1432
3342	0.53696
3343	5.4753
3344	12.797
3345	11.387
3346	16.416
3347	23.57
3348	20.564
3349	8.8201
3350	12.899
3351	6.5446
3352	1.5234
3353	2.6024
3354	1.3355
3355	25.426
3356	24.478
3357	14.896
3358	15.176
3359	25.924
3360	25.293
3361	13.378
3362	19.252
3363	1.1302
3364	4.9219
3365	14.92
3366	25.387
3367	21.919
3368	9.3944
3369	1.4582
3370	21.443
3371	21.525
3372	15.342
3373	0.54757
3374	9.2759
3375	23.66
3376	13.803
3377	24.04
3378	1.6349
3379	4.3435
3380	1.5051
3381	23.596
3382	0.67802
3383	11.803
3384	5.3545
3385	45.568
3386	1.1241
3387	5.6716
3388	1.131
3389	2.8845
3390	1.2027
3391	18.339
3392	1.2794
3393	12.873
3394	16.687
3395	20.694
3396	1.8683
3397	1.7546
3398	21.176
3399	22.86
3400	14.156
3401	2.1144
3402	18.829
3403	23.638
3404	15.695
3405	19.075
3406	10.783
3407	22.091
3408	20.055
3409	11.656
3410	25.391
3411	27.381
3412	26.985
3413	5.6367
3414	0.7822
3415	1.2389
3416	17.981
3417	25.385
3418	13.565
3419	7.3308
3420	5.7656
3421	16.015
3422	23.066
3423	1.5357
3424	25.323
3425	1.5766
3426	10.574
3427	21.669
3428	23.436
3429	10.774
3430	23.154
3431	6.6617
3432	18.848
3433	0.46618
3434	11.25
3435	5.6668
3436	1.2305
3437	23.698
3438	0.68756
3439	1.1922
3440	23.225
3441	1.2208
3442	17.752
3443	20.683
3444	1.3642
3445	1.1882
3446	21.585
3447	7.6446
3448	8.4509
3449	21.095
3450	22.38
3451	14.221
3452	10.704
3453	20.213
3454	19.974
3455	5.4583
3456	13.868
3457	12.01
3458	12.971
3459	14.898
3460	2.7368
3461	1.6599
3462	3.7639
3463	0.6256
3464	12.868
3465	10.74
3466	15.458
3467	1.2138
3468	5.1458
3469	24.442
3470	23.451
3471	11.299
3472	11.409
3473	25.113
3474	13.616
3475	15.378
3476	18.44
3477	15.368
3478	20.156
3479	0.84176
3480	15.341
3481	1.4289
3482	1.8101
3483	12.24
3484	1.3734
3485	1.3622
3486	2.2142
3487	23.34
3488	11.169
3489	4.3859
3490	5.4973
3491	3.7662
3492	16.137
3493	1.3157
3494	1.8418
3495	1.0131
3496	7.2122
3497	3.7387
3498	15.584
3499	21.371
3500	11.125
3501	1.526
3502	22.537
3503	12.944
3504	14.734
3505	1.4297
3506	20.71
3507	10.095
3508	13.013
3509	21.59
3510	20.843
3511	12.88
3512	18.721
3513	19.28
3514	0.76704
3515	18.32
3516	5.4799
3517	12.161
3518	26.294
3519	25.523
3520	25.383
3521	25.39
3522	25.435
3523	25.437
3524	25.433
3525	29.934
3526	16.661
3527	12.111
3528	7.7189
3529	2.8128
3530	2.8408
3531	1.6937
3532	12.734
3533	8.8861
3534	25.459
3535	23.346
3536	16.866
3537	1.8808
3538	11.911
3539	20.934
3540	1.324
3541	22.881
3542	12.102
3543	25.359
3544	22.239
3545	14.571
3546	6.3416
3547	21.958
3548	23.422
3549	24.534
3550	21.831
3551	19.696
3552	14.516
3553	15.916
3554	11.162
3555	13.336
3556	23.98
3557	9.3253
3558	14.912
3559	0.88018
3560	14.486
3561	19.021
3562	15.376
3563	21.723
3564	1.5274
3565	11.218
3566	1.7977
3567	1.6782
3568	23.306
3569	1.0656
3570	5.7432
3571	24.304
3572	16.858
3573	19.424
3574	14.188
3575	24.878
3576	18.091
3577	24.593
3578	15.082
3579	1.1606
3580	24.776
3581	8.5182
3582	15.401
3583	3.2924
3584	0.60244
3585	0.87374
3586	9.436
3587	0.74668
3588	1.0972
3589	0.8079
3590	1.1071
3591	0.95973
3592	22.293
3593	1.3203
3594	1.1134
3595	1.2364
3596	1.255
3597	4.0154
3598	1.7112
3599	2.4441
3600	13.864
3601	18.46
3602	21.604
3603	6.1455
3604	16.486
3605	18.793
3606	1.8161
3607	1.3587
3608	1.3556
3609	15.92
3610	25.404
3611	25.396
3612	25.447
3613	24.697
3614	25.127
3615	6.0725
3616	16.462
3617	15.281
3618	6.2031
3619	10.935
3620	19.8
3621	2.2258
3622	1.3136
3623	25.729
3624	26.097
3625	25.967
3626	25.846
3627	25.733
3628	15.84
3629	15.51
3630	18.829
3631	1.2975
3632	13.731
3633	0.40576
3634	9.174
3635	23.325
3636	1.4255
3637	24.766
3638	8.0176
3639	16.69
3640	2.647
3641	24.803
3642	26.092
3643	25.634
3644	25.429
3645	16.651
3646	17.292
3647	10.974
3648	12.046
3649	23.892
3650	16.812
3651	10.072
3652	24.847
3653	24.773
3654	24.536
3655	19.262
3656	12.587
3657	23.837
3658	5.3846
3659	24.014
3660	0.73543
3661	11.916
3662	1.5898
3663	1.1009
3664	4.9444
3665	19.327
3666	6.5701
3667	13.357
3668	14.381
3669	13.847
3670	17.806
3671	8.4656
3672	19.838
3673	7.7903
3674	25.797
3675	26.327
3676	26.288
3677	26.179
3678	26.067
3679	25.955
3680	25.848
3681	25.656
3682	25.556
3683	25.509
3684	25.504
3685	25.511
3686	25.532
3687	25.23
3688	25.548
3689	25.551
3690	25.548
3691	10.251
3692	18.853
3693	14.869
3694	10.612
3695	11.733
3696	20.495
3697	14.154
3698	12.354
3699	13.084
3700	22.119
3701	9.93
3702	11.281
3703	20.425
3704	8.0375
3705	11.981
3706	20.31
3707	17.477
3708	16.278
3709	21.19
3710	5.6537
3711	1.21
3712	1.94
3713	17.388
3714	19.06
3715	15.991
3716	12.138
3717	0.99289
3718	0.75334
3719	15.959
3720	16.394
3721	21.819
3722	1.4721
3723	1.529
3724	1.3351
3725	1.391
3726	11.49
3727	22.71
3728	19.227
3729	23.109
3730	20.341
3731	13.017
3732	1.2988
3733	0.70683
3734	0.89911
3735	0.74192
3736	23.493
3737	21.173
3738	4.9313
3739	13.631
3740	12.6
3741	18.661
3742	15.052
3743	14.596
3744	13.522
3745	14.744
3746	13.635
3747	15.148
3748	21.294
3749	21.521
3750	20.594
3751	20.87
3752	14.794
3753	14.622
3754	16.137
3755	15.904
3756	18.239
3757	17.86
3758	14.555
3759	13.873
3760	11.426
3761	10.783
3762	12.263
3763	12.368
3764	15.048
3765	14.983
3766	17.921
3767	17.597
3768	21.076
3769	19.69
3770	6.2659
3771	6.6431
3772	6.046
3773	6.4333
3774	18.376
3775	18.12
3776	19.485
3777	19.264
3778	11.996
3779	9.7759
3780	3.2818
3781	3.7937
3782	3.0897
3783	3.5911
3784	2.9139
3785	3.3992
3786	2.7493
3787	3.2197
3788	21.673
3789	20.678
3790	16.947
3791	16.315
3792	11.497
3793	11.931
3794	8.2606
3795	8.6336
3796	24.692
3797	21.812
3798	13.628
3799	14.999
3800	13.776
3801	12.205
3802	13.173
3803	13.515
3804	14.081
3805	14.115
3806	10.187
3807	9.6817
3808	10.897
3809	11.234
3810	12.25
3811	12.408
3812	13.475
3813	13.429
3814	14.479
3815	14.248
3816	1.7841
3817	2.1197
3818	1.7242
3819	2.0487
3820	1.679
3821	1.9962
3822	13.466
3823	13.6
3824	13.742
3825	13.928
3826	13.972
3827	14.218
3828	14.123
3829	14.547
3830	12.466
3831	12.472
3832	14.853
3833	14.657
3834	17.229
3835	16.76
3836	22.167
3837	22.274
3838	21.077
3839	21.052
3840	8.9906
3841	16.089
3842	15.778
3843	16.816
3844	11.486
3845	11.848
3846	11.448
3847	11.79
3848	22.005
3849	21.777
3850	22.632
3851	22.45
3852	23.31
3853	23.11
3854	17.34
3855	17.088
3856	18.603
3857	18.382
3858	20.106
3859	19.904
3860	19.092
3861	18.879
3862	20.088
3863	19.912
3864	21.395
3865	21.253
3866	13.058
3867	13.333
3868	13.277
3869	13.417
3870	13.508
3871	13.512
3872	13.826
3873	13.689
3874	13.302
3875	13.286
3876	12.638
3877	12.727
3878	4.9102
3879	5.3038
3880	4.2468
3881	4.8159
3882	3.6841
3883	4.3482
3884	13.155
3885	13.284
3886	13.594
3887	13.564
3888	13.781
3889	13.582
3890	13.825
3891	13.461
3892	7.5854
3893	7.3362
3894	1.2786
3895	10.791
3896	21.083
3897	9.6477
3898	18.939
3899	19.203
3900	17.357
3901	17.62
3902	15.962
3903	16.242
3904	19.618
3905	19.901
3906	20.043
3907	20.296
3908	20.587
3909	20.821
3910	21.222
3911	21.441
3912	10.078
3913	9.8446
3914	11.67
3915	11.602
3916	13.029
3917	13.121
3918	17.603
3919	17.228
3920	16.94
3921	16.427
3922	15.943
3923	9.6685
3924	9.9268
3925	16.161
3926	15.67
3927	14.728
3928	0.35525
3929	0.74293
3930	2.6133
3931	2.6859
3932	0.74468
3933	0.26646
3934	1.3771
3935	0.95614
3936	1.8641
3937	1.5161
3938	2.2606
3939	1.951
3940	2.3536
3941	5.0229
3942	5.2891
3943	4.1517
3944	4.6661
3945	3.9961
3946	4.3022
3947	3.6975
3948	3.8438
3949	3.2797
3950	3.3805
3951	2.8259
3952	3.0901
3953	2.5715
3954	3.1523
3955	2.6253
3956	3.577
3957	3.1216
3958	4.2019
3959	3.7548
3960	4.8601
3961	4.4324
3962	5.4477
3963	5.0599
3964	5.9177
3965	5.5661
3966	6.2566
3967	5.9346
3968	6.4706
3969	6.1716
3970	6.575
3971	6.2944
3972	6.5873
3973	6.3214
3974	6.5249
3975	6.2706
3976	6.4033
3977	6.1588
3978	6.236
3979	6.0004
3980	6.0349
3981	5.8079
3982	5.8095
3983	5.5925
3984	5.568
3985	5.3615
3986	5.3167
3987	5.1219
3988	5.0612
3989	4.8769
3990	4.8059
3991	4.6337
3992	4.5545
3993	4.3956
3994	4.3105
3995	4.1639
3996	4.0767
3997	3.9391
3998	3.8554
3999	3.7272
4000	3.6488
4001	3.5288
4002	3.4585
4003	3.3445
4004	3.2859
4005	3.1757
4006	3.132
4007	3.0237
4008	2.9973
4009	2.8892
4010	2.8816
4011	2.7731
4012	2.7843
4013	2.6794
4014	2.7047
4015	2.5854
4016	2.6413
4017	2.5102
4018	2.5925
4019	2.4568
4020	2.5567
4021	2.4165
4022	2.5321
4023	2.3808
4024	2.5168
4025	2.3569
4026	2.509
4027	2.3435
4028	2.507
4029	2.3335
4030	2.5093
4031	2.33
4032	2.5144
4033	2.3306
4034	2.5208
4035	2.3329
4036	2.5274
4037	2.3365
4038	2.5333
4039	2.3399
4040	2.538
4041	2.3427
4042	2.5408
4043	2.3437
4044	2.5418
4045	2.3431
4046	2.5412
4047	2.341
4048	2.5391
4049	2.3371
4050	2.5359
4051	2.3322
4052	2.5318
4053	2.3266
4054	2.5273
4055	2.3203
4056	2.5225
4057	2.3142
4058	2.5176
4059	2.308
4060	2.5126
4061	2.302
4062	2.5075
4063	2.2961
4064	2.5023
4065	2.2904
4066	2.4966
4067	2.2842
4068	2.4902
4069	2.2781
4070	2.4827
4071	2.2708
4072	2.4738
4073	2.2622
4074	2.4632
4075	2.252
4076	2.4508
4077	2.2402
4078	2.4366
4079	2.2262
4080	2.4207
4081	2.2084
4082	2.4038
4083	2.1924
4084	2.3857
4085	2.1638
4086	2.3671
4087	2.1521
4088	2.3484
4089	2.1338
4090	2.3297
4091	2.1169
4092	2.311
4093	2.0956
4094	2.2925
4095	2.0801
4096	2.274
4097	2.0638
4098	2.2555
4099	2.0449
4100	2.2367
4101	2.0265
4102	2.2172
4103	2.008
4104	2.1966
4105	1.9886
4106	2.1749
4107	1.9684
4108	2.152
4109	1.947
4110	2.1279
4111	1.9245
4112	2.103
4113	1.901
4114	2.0775
4115	1.8769
4116	2.0518
4117	1.8527
4118	2.0262
4119	1.8289
4120	2.0011
4121	1.8048
4122	1.9767
4123	1.7818
4124	1.9534
4125	1.7605
4126	1.9312
4127	1.74
4128	1.9104
4129	1.7211
4130	1.8909
4131	1.7037
4132	1.8727
4133	1.688
4134	1.8561
4135	1.6731
4136	1.8413
4137	1.6604
4138	1.8286
4139	1.6492
4140	1.8187
4141	1.6408
4142	1.812
4143	1.6361
4144	1.8097
4145	1.6412
4146	1.8124
4147	1.6338
4148	1.8204
4149	1.6363
4150	1.8344
4151	1.647
4152	1.8549
4153	1.6681
4154	1.8817
4155	1.6957
4156	1.9149
4157	1.7311
4158	1.9547
4159	1.7795
4160	2.0009
4161	1.8105
4162	2.0539
4163	1.8544
4164	2.1149
4165	1.907
4166	2.1865
4167	1.9751
4168	2.2725
4169	2.0548
4170	2.3782
4171	2.1565
4172	2.5132
4173	2.2794
4174	2.426
4175	5.1123
4176	4.5343
4177	3.8027
4178	4.0875
4179	20.556
4180	20.863
4181	20.945
4182	20.267
4183	20.646
4184	19.966
4185	20.359
4186	19.658
4187	20.075
4188	19.35
4189	19.77
4190	19.042
4191	19.481
4192	18.737
4193	19.192
4194	18.437
4195	18.886
4196	18.144
4197	18.591
4198	17.856
4199	18.304
4200	17.576
4201	18.013
4202	17.303
4203	17.727
4204	17.037
4205	17.454
4206	16.778
4207	17.18
4208	16.526
4209	16.904
4210	16.279
4211	16.628
4212	16.037
4213	16.352
4214	15.8
4215	16.079
4216	15.565
4217	15.813
4218	15.333
4219	15.552
4220	15.101
4221	15.286
4222	14.87
4223	15.021
4224	14.636
4225	14.758
4226	14.4
4227	14.499
4228	14.16
4229	14.238
4230	13.915
4231	13.973
4232	13.664
4233	13.702
4234	13.406
4235	13.419
4236	13.141
4237	13.135
4238	12.868
4239	12.852
4240	12.586
4241	12.556
4242	12.296
4243	12.261
4244	11.997
4245	11.965
4246	11.687
4247	11.656
4248	11.367
4249	11.346
4250	11.036
4251	11.028
4252	10.692
4253	10.703
4254	10.334
4255	10.361
4256	9.9617
4257	10.009
4258	9.5743
4259	9.6459
4260	9.1714
4261	9.2716
4262	8.7525
4263	8.8838
4264	8.3179
4265	8.4809
4266	7.8686
4267	8.0642
4268	7.4056
4269	7.6341
4270	6.9306
4271	7.1889
4272	6.4461
4273	6.7306
4274	5.9558
4275	6.2633
4276	5.4649
4277	5.7861
4278	4.9818
4279	5.2993
4280	4.5207
4281	4.8055
4282	4.1045
4283	4.3153
4284	3.7687
4285	3.8554
4286	3.5586
4287	3.4564
4288	3.5172
4289	3.1783
4290	3.6674
4291	3.0491
4292	3.9954
4293	3.1497
4294	3.406
4295	29.058
4296	29.059
4297	27.963
4298	29.037
4299	27.884
4300	28.988
4301	27.777
4302	28.902
4303	27.618
4304	28.774
4305	27.331
4306	28.605
4307	27.357
4308	28.397
4309	27.317
4310	28.155
4311	27.229
4312	27.876
4313	26.995
4314	27.566
4315	26.717
4316	27.236
4317	26.587
4318	26.884
4319	26.342
4320	26.513
4321	26.075
4322	26.129
4323	25.788
4324	25.734
4325	25.519
4326	25.33
4327	25.213
4328	24.918
4329	24.88
4330	24.5
4331	24.544
4332	24.077
4333	24.206
4334	23.65
4335	23.862
4336	23.218
4337	23.51
4338	22.782
4339	23.132
4340	22.35
4341	22.779
4342	21.936
4343	22.369
4344	21.555
4345	22.013
4346	21.203
4347	21.635
4348	21.29
4349	4.9966
4350	5.1315
4351	29.047
4352	28.034
4353	29.022
4354	28.042
4355	28.983
4356	27.989
4357	28.931
4358	27.917
4359	28.865
4360	27.836
4361	28.785
4362	27.757
4363	28.69
4364	27.668
4365	28.579
4366	27.562
4367	28.452
4368	27.429
4369	28.308
4370	27.285
4371	28.148
4372	27.128
4373	27.97
4374	26.96
4375	27.774
4376	26.776
4377	27.56
4378	26.576
4379	27.326
4380	26.358
4381	27.074
4382	26.127
4383	26.801
4384	25.861
4385	26.508
4386	25.586
4387	26.195
4388	25.289
4389	25.86
4390	24.996
4391	25.504
4392	24.674
4393	25.125
4394	24.326
4395	24.724
4396	23.967
4397	24.3
4398	23.579
4399	23.852
4400	23.152
4401	23.381
4402	22.697
4403	22.885
4404	22.221
4405	22.366
4406	21.736
4407	21.822
4408	21.221
4409	21.254
4410	20.702
4411	20.662
4412	20.18
4413	20.048
4414	19.656
4415	19.406
4416	19.135
4417	18.736
4418	18.402
4419	18.048
4420	17.829
4421	17.335
4422	17.169
4423	16.599
4424	16.48
4425	15.842
4426	15.783
4427	15.066
4428	15.067
4429	14.273
4430	14.337
4431	13.466
4432	13.596
4433	12.651
4434	12.848
4435	11.833
4436	12.086
4437	11.018
4438	11.314
4439	10.219
4440	10.545
4441	9.4513
4442	9.7886
4443	8.7384
4444	9.0615
4445	8.1105
4446	8.3845
4447	7.6073
4448	7.7858
4449	7.2764
4450	7.2983
4451	7.1653
4452	6.9632
4453	7.3103
4454	6.8177
4455	7.7239
4456	6.8937
4457	8.392
4458	7.2129
4459	9.2833
4460	7.7671
4461	10.359
4462	8.531
4463	11.579
4464	9.4637
4465	12.904
4466	10.525
4467	14.29
4468	11.685
4469	15.691
4470	12.894
4471	17.043
4472	14.117
4473	18.278
4474	15.203
4475	19.329
4476	15.976
4477	20.113
4478	16.982
4479	20.525
4480	17.73
4481	20.46
4482	17.96
4483	19.838
4484	17.595
4485	18.586
4486	16.837
4487	16.607
4488	15.644
4489	13.848
4490	14.048
4491	10.036
4492	12.002
4493	9.1982
4494	25.292
4495	25.404
4496	24.963
4497	25.169
4498	24.854
4499	25.04
4500	24.723
4501	24.903
4502	24.57
4503	24.758
4504	24.42
4505	24.605
4506	24.251
4507	24.444
4508	24.067
4509	24.273
4510	23.88
4511	24.094
4512	23.688
4513	23.905
4514	23.501
4515	23.705
4516	23.301
4517	23.495
4518	23.081
4519	23.275
4520	22.843
4521	23.043
4522	22.629
4523	22.8
4524	22.432
4525	22.545
4526	22.214
4527	22.278
4528	21.992
4529	21.996
4530	21.702
4531	21.7
4532	21.323
4533	21.391
4534	21.029
4535	21.068
4536	20.71
4537	20.73
4538	20.399
4539	20.377
4540	20.093
4541	20.008
4542	19.763
4543	19.623
4544	19.411
4545	19.22
4546	19.023
4547	18.799
4548	18.608
4549	18.36
4550	18.185
4551	17.903
4552	17.764
4553	17.43
4554	17.357
4555	16.936
4556	16.907
4557	16.421
4558	16.413
4559	15.886
4560	15.906
4561	15.333
4562	15.392
4563	14.763
4564	14.892
4565	14.171
4566	14.379
4567	13.557
4568	13.816
4569	12.924
4570	13.222
4571	12.274
4572	12.612
4573	11.607
4574	11.991
4575	10.926
4576	11.363
4577	10.232
4578	10.72
4579	9.5323
4580	10.06
4581	8.8311
4582	9.3995
4583	8.1376
4584	8.7417
4585	7.4668
4586	8.0847
4587	6.8386
4588	7.442
4589	6.2829
4590	6.8319
4591	5.8403
4592	6.2762
4593	5.5608
4594	5.807
4595	5.4957
4596	5.4691
4597	5.6803
4598	5.309
4599	6.1195
4600	5.3771
4601	6.7909
4602	5.725
4603	7.6633
4604	6.3136
4605	8.7011
4606	7.0426
4607	9.874
4608	7.8804
4609	11.155
4610	8.7288
4611	12.506
4612	9.8366
4613	13.896
4614	10.973
4615	15.287
4616	12.046
4617	16.626
4618	13.149
4619	17.848
4620	14.217
4621	18.878
4622	15.163
4623	19.634
4624	15.943
4625	20.036
4626	16.495
4627	20.013
4628	16.837
4629	19.466
4630	16.977
4631	18.282
4632	16.503
4633	16.38
4634	15.427
4635	13.639
4636	13.918
4637	9.9884
4638	11.888
4639	10.098
4640	9.2298
4641	25.146
4642	25.185
4643	25.144
4644	25.188
4645	25.14
4646	25.179
4647	25.136
4648	25.177
4649	25.131
4650	25.169
4651	25.128
4652	25.169
4653	25.126
4654	25.166
4655	25.124
4656	25.162
4657	25.124
4658	25.166
4659	25.125
4660	25.165
4661	25.127
4662	25.168
4663	25.128
4664	25.167
4665	25.131
4666	25.17
4667	25.133
4668	25.172
4669	25.135
4670	25.173
4671	25.137
4672	25.18
4673	25.139
4674	25.179
4675	25.14
4676	25.181
4677	25.142
4678	25.178
4679	25.143
4680	25.185
4681	25.144
4682	25.183
4683	25.144
4684	25.189
4685	25.145
4686	25.188
4687	25.145
4688	25.189
4689	25.145
4690	25.188
4691	25.144
4692	25.192
4693	25.144
4694	25.187
4695	25.143
4696	25.187
4697	25.142
4698	25.183
4699	25.141
4700	25.186
4701	25.14
4702	25.186
4703	25.139
4704	25.184
4705	25.138
4706	25.178
4707	25.137
4708	25.181
4709	25.135
4710	25.177
4711	25.134
4712	25.178
4713	25.132
4714	25.173
4715	25.131
4716	25.176
4717	25.129
4718	25.173
4719	25.127
4720	25.173
4721	25.126
4722	25.166
4723	25.124
4724	25.169
4725	25.122
4726	25.163
4727	25.12
4728	25.165
4729	25.119
4730	25.158
4731	25.117
4732	25.161
4733	25.115
4734	25.16
4735	25.113
4736	25.159
4737	25.111
4738	25.151
4739	25.109
4740	25.153
4741	25.107
4742	25.147
4743	25.105
4744	25.15
4745	25.103
4746	25.143
4747	25.101
4748	25.145
4749	25.098
4750	25.139
4751	25.096
4752	25.142
4753	25.094
4754	25.139
4755	25.092
4756	25.138
4757	25.09
4758	25.133
4759	25.088
4760	25.133
4761	25.085
4762	25.13
4763	25.083
4764	25.133
4765	25.081
4766	25.125
4767	25.079
4768	25.127
4769	25.077
4770	25.12
4771	25.076
4772	25.123
4773	25.074
4774	25.121
4775	25.072
4776	25.12
4777	25.071
4778	25.113
4779	25.07
4780	25.119
4781	25.069
4782	25.118
4783	25.068
4784	25.117
4785	25.067
4786	25.112
4787	25.067
4788	25.119
4789	25.067
4790	25.117
4791	25.068
4792	25.118
4793	25.069
4794	25.118
4795	25.07
4796	25.121
4797	25.072
4798	25.118
4799	25.075
4800	25.125
4801	25.078
4802	25.124
4803	25.082
4804	25.137
4805	25.086
4806	25.139
4807	25.092
4808	25.145
4809	25.098
4810	25.149
4811	25.105
4812	25.157
4813	25.113
4814	25.159
4815	25.123
4816	25.175
4817	25.133
4818	25.186
4819	25.144
4820	25.198
4821	25.157
4822	25.207
4823	25.171
4824	25.227
4825	25.186
4826	25.239
4827	25.203
4828	25.259
4829	25.222
4830	25.268
4831	25.242
4832	25.292
4833	25.263
4834	25.312
4835	25.286
4836	25.336
4837	25.311
4838	25.359
4839	25.337
4840	25.386
4841	25.366
4842	25.411
4843	25.395
4844	25.44
4845	25.427
4846	25.465
4847	25.461
4848	25.504
4849	25.496
4850	25.535
4851	25.533
4852	25.573
4853	25.572
4854	25.611
4855	25.613
4856	25.647
4857	25.655
4858	25.683
4859	25.699
4860	25.729
4861	25.744
4862	25.771
4863	25.791
4864	25.814
4865	25.839
4866	25.857
4867	25.888
4868	25.904
4869	25.938
4870	25.948
4871	25.989
4872	25.995
4873	26.041
4874	26.039
4875	26.093
4876	26.087
4877	26.145
4878	26.133
4879	26.198
4880	26.179
4881	26.25
4882	26.223
4883	26.302
4884	26.266
4885	26.353
4886	26.309
4887	26.403
4888	26.345
4889	26.451
4890	26.386
4891	26.497
4892	26.417
4893	26.54
4894	26.452
4895	26.582
4896	26.47
4897	26.62
4898	26.496
4899	26.654
4900	26.51
4901	26.684
4902	26.521
4903	26.708
4904	26.537
4905	26.728
4906	26.52
4907	26.741
4908	26.511
4909	26.747
4910	26.475
4911	26.745
4912	26.46
4913	26.734
4914	26.408
4915	26.712
4916	26.392
4917	26.68
4918	26.307
4919	26.636
4920	26.238
4921	26.578
4922	26.137
4923	26.504
4924	26.062
4925	26.414
4926	25.893
4927	26.308
4928	25.774
4929	26.184
4930	25.621
4931	26.048
4932	25.533
4933	25.907
4934	25.421
4935	25.765
4936	25.282
4937	25.627
4938	25.262
4939	25.507
4940	25.188
4941	25.059
4942	25.683
4943	25.759
4944	25.27
4945	25.229
4946	25.371
4947	25.329
4948	25.497
4949	25.441
4950	25.569
4951	21.828
4952	21.599
4953	21.613
4954	25.678
4955	25.643
4956	25.608
4957	25.582
4958	25.587
4959	25.542
4960	25.584
4961	25.539
4962	25.574
4963	25.527
4964	25.579
4965	25.53
4966	25.591
4967	25.531
4968	25.6
4969	25.546
4970	25.604
4971	25.546
4972	25.616
4973	25.554
4974	25.624
4975	25.564
4976	25.627
4977	25.567
4978	25.637
4979	25.572
4980	25.644
4981	25.582
4982	25.645
4983	25.589
4984	25.653
4985	25.586
4986	25.658
4987	25.596
4988	25.658
4989	25.594
4990	25.664
4991	25.599
4992	25.667
4993	25.603
4994	25.666
4995	25.606
4996	25.67
4997	25.607
4998	25.672
4999	25.613
5000	25.67
5001	25.609
5002	25.673
5003	25.611
5004	25.674
5005	25.613
5006	25.672
5007	25.612
5008	25.673
5009	25.61
5010	25.673
5011	25.612
5012	25.67
5013	25.609
5014	25.671
5015	25.609
5016	25.67
5017	25.609
5018	25.667
5019	25.609
5020	25.667
5021	25.605
5022	25.666
5023	25.605
5024	25.663
5025	25.602
5026	25.663
5027	25.603
5028	25.661
5029	25.601
5030	25.658
5031	25.6
5032	25.657
5033	25.594
5034	25.656
5035	25.596
5036	25.653
5037	25.591
5038	25.652
5039	25.591
5040	25.65
5041	25.589
5042	25.647
5043	25.588
5044	25.646
5045	25.585
5046	25.644
5047	25.588
5048	25.641
5049	25.581
5050	25.64
5051	25.583
5052	25.638
5053	25.577
5054	25.635
5055	25.575
5056	25.634
5057	25.572
5058	25.633
5059	25.574
5060	25.631
5061	25.57
5062	25.63
5063	25.57
5064	25.628
5065	25.566
5066	25.626
5067	25.567
5068	25.626
5069	25.564
5070	25.625
5071	25.566
5072	25.624
5073	25.562
5074	25.624
5075	25.562
5076	25.623
5077	25.562
5078	25.623
5079	25.566
5080	25.623
5081	25.561
5082	25.623
5083	25.563
5084	25.624
5085	25.56
5086	25.625
5087	25.561
5088	25.626
5089	25.56
5090	25.628
5091	25.564
5092	25.631
5093	25.568
5094	25.633
5095	25.57
5096	25.636
5097	25.57
5098	25.64
5099	25.573
5100	25.644
5101	25.575
5102	25.649
5103	25.582
5104	25.655
5105	25.586
5106	25.66
5107	25.596
5108	25.667
5109	25.597
5110	25.675
5111	25.609
5112	25.682
5113	25.611
5114	25.691
5115	25.62
5116	25.702
5117	25.626
5118	25.712
5119	25.638
5120	25.723
5121	25.648
5122	25.736
5123	25.663
5124	25.749
5125	25.67
5126	25.763
5127	25.686
5128	25.779
5129	25.698
5130	25.794
5131	25.716
5132	25.811
5133	25.729
5134	25.83
5135	25.749
5136	25.849
5137	25.766
5138	25.869
5139	25.79
5140	25.89
5141	25.805
5142	25.911
5143	25.826
5144	25.934
5145	25.846
5146	25.958
5147	25.872
5148	25.982
5149	25.895
5150	26.007
5151	25.921
5152	26.033
5153	25.945
5154	26.059
5155	25.972
5156	26.086
5157	25.995
5158	26.113
5159	26.027
5160	26.14
5161	26.053
5162	26.167
5163	26.079
5164	26.195
5165	26.112
5166	26.222
5167	26.137
5168	26.248
5169	26.165
5170	26.275
5171	26.196
5172	26.3
5173	26.221
5174	26.324
5175	26.244
5176	26.347
5177	26.271
5178	26.367
5179	26.297
5180	26.387
5181	26.315
5182	26.404
5183	26.341
5184	26.418
5185	26.354
5186	26.43
5187	26.369
5188	26.438
5189	26.381
5190	26.443
5191	26.392
5192	26.443
5193	26.393
5194	26.439
5195	26.395
5196	26.43
5197	26.388
5198	26.415
5199	26.377
5200	26.395
5201	26.361
5202	26.367
5203	26.34
5204	26.333
5205	26.306
5206	26.29
5207	26.268
5208	26.239
5209	26.219
5210	26.179
5211	26.163
5212	26.108
5213	26.095
5214	26.027
5215	26.016
5216	25.934
5217	25.928
5218	25.828
5219	25.821
5220	25.708
5221	25.706
5222	25.574
5223	25.571
5224	25.423
5225	25.422
5226	25.255
5227	25.252
5228	25.069
5229	25.07
5230	24.862
5231	24.861
5232	24.634
5233	24.636
5234	24.383
5235	24.388
5236	24.107
5237	24.12
5238	23.807
5239	23.818
5240	23.49
5241	23.506
5242	23.165
5243	23.201
5244	22.847
5245	22.863
5246	22.554
5247	22.547
5248	22.295
5249	22.277
5250	22.06
5251	22.045
5252	21.822
5253	84.11
5254	83.974
5255	67.906
5256	21.373
5257	21.403
5258	21.141
5259	21.171
5260	20.9
5261	20.926
5262	20.652
5263	20.675
5264	20.396
5265	20.42
5266	20.132
5267	20.159
5268	19.86
5269	19.89
5270	19.58
5271	19.612
5272	19.293
5273	19.327
5274	18.997
5275	19.036
5276	18.694
5277	18.742
5278	18.384
5279	18.445
5280	18.066
5281	18.136
5282	17.743
5283	17.817
5284	17.413
5285	17.493
5286	17.078
5287	17.165
5288	16.737
5289	16.836
5290	16.393
5291	16.51
5292	16.046
5293	16.189
5294	15.698
5295	15.865
5296	15.351
5297	15.545
5298	15.005
5299	15.227
5300	14.664
5301	14.907
5302	14.33
5303	14.594
5304	14.006
5305	14.288
5306	13.695
5307	13.991
5308	13.402
5309	13.709
5310	13.131
5311	13.431
5312	12.887
5313	13.171
5314	12.675
5315	12.94
5316	12.502
5317	12.751
5318	12.374
5319	12.607
5320	12.297
5321	12.504
5322	12.276
5323	12.44
5324	12.32
5325	12.446
5326	12.435
5327	12.53
5328	12.621
5329	12.643
5330	12.882
5331	12.83
5332	13.224
5333	13.095
5334	13.645
5335	13.431
5336	14.144
5337	13.839
5338	14.722
5339	14.324
5340	15.375
5341	14.873
5342	16.102
5343	15.489
5344	16.899
5345	16.168
5346	17.763
5347	16.91
5348	18.689
5349	17.716
5350	19.674
5351	18.586
5352	20.714
5353	19.52
5354	21.799
5355	20.518
5356	22.937
5357	21.566
5358	24.128
5359	22.365
5360	25.351
5361	23.608
5362	26.611
5363	24.701
5364	27.908
5365	25.788
5366	29.239
5367	26.968
5368	30.61
5369	28.224
5370	32.031
5371	29.567
5372	33.533
5373	30.99
5374	35.162
5375	32.484
5376	37.013
5377	34.145
5378	39.258
5379	36.114
5380	42.379
5381	38.486
5382	47.246
5383	41.575
5384	58.887
5385	46.079
5386	51.446
5387	21.829
5388	22.196
5389	21.614
5390	21.517
5391	21.285
5392	21.192
5393	20.962
5394	20.858
5395	20.612
5396	20.51
5397	20.286
5398	20.149
5399	19.917
5400	19.78
5401	19.525
5402	19.396
5403	19.082
5404	19.002
5405	18.822
5406	18.595
5407	18.433
5408	18.172
5409	18.028
5410	17.743
5411	17.619
5412	17.299
5413	17.2
5414	16.843
5415	16.766
5416	16.378
5417	16.327
5418	15.899
5419	15.877
5420	15.413
5421	15.418
5422	14.915
5423	14.957
5424	14.407
5425	14.483
5426	13.895
5427	14.01
5428	13.372
5429	13.528
5430	12.847
5431	13.044
5432	12.319
5433	12.563
5434	11.788
5435	12.079
5436	11.265
5437	11.598
5438	10.749
5439	11.128
5440	10.247
5441	10.675
5442	9.7682
5443	10.254
5444	9.3166
5445	9.8611
5446	8.9086
5447	9.4981
5448	8.5514
5449	9.1744
5450	8.261
5451	8.9018
5452	8.0552
5453	8.7115
5454	7.9438
5455	8.6078
5456	7.9445
5457	8.584
5458	8.0609
5459	8.6422
5460	8.2978
5461	8.7944
5462	8.6584
5463	9.0396
5464	9.1299
5465	9.3767
5466	9.7103
5467	9.825
5468	10.391
5469	10.383
5470	11.157
5471	11.004
5472	12.002
5473	11.707
5474	12.917
5475	12.485
5476	13.896
5477	13.334
5478	14.932
5479	14.243
5480	16.018
5481	15.203
5482	17.153
5483	16.201
5484	18.333
5485	17.228
5486	19.551
5487	18.306
5488	20.805
5489	19.434
5490	22.091
5491	20.592
5492	23.405
5493	21.766
5494	24.744
5495	22.946
5496	26.104
5497	24.165
5498	27.484
5499	25.42
5500	28.886
5501	26.706
5502	30.315
5503	28.003
5504	31.786
5505	29.328
5506	33.325
5507	30.703
5508	34.984
5509	32.181
5510	36.865
5511	33.813
5512	39.155
5513	35.698
5514	42.322
5515	38.017
5516	47.22
5517	41.171
5518	58.999
5519	45.743
5520	51.179
5521	25.742
5522	25.443
5523	25.176
5524	26.017
5525	25.433
5526	26.221
5527	25.63
5528	26.411
5529	25.793
5530	26.573
5531	25.953
5532	26.698
5533	26.075
5534	26.817
5535	26.21
5536	26.882
5537	26.316
5538	26.922
5539	26.32
5540	26.931
5541	26.394
5542	26.882
5543	26.323
5544	26.819
5545	26.279
5546	26.751
5547	26.216
5548	26.642
5549	26.103
5550	26.479
5551	25.947
5552	26.279
5553	25.78
5554	26.042
5555	25.526
5556	25.772
5557	25.273
5558	25.465
5559	24.979
5560	25.115
5561	24.689
5562	24.723
5563	24.266
5564	24.302
5565	23.842
5566	23.866
5567	23.344
5568	23.435
5569	23.091
5570	23.018
5571	22.751
5572	22.612
5573	22.354
5574	21.997
5575	5.1579
5576	8.385
5577	5.5401
5578	25.135
5579	24.916
5580	24.886
5581	24.64
5582	24.764
5583	24.457
5584	24.587
5585	24.324
5586	24.363
5587	24.085
5588	24.203
5589	23.897
5590	23.946
5591	23.704
5592	23.662
5593	23.396
5594	23.448
5595	23.156
5596	23.1
5597	22.895
5598	22.761
5599	22.518
5600	22.519
5601	22.267
5602	22.11
5603	21.97
5604	21.746
5605	21.532
5606	21.459
5607	21.265
5608	20.978
5609	20.882
5610	20.608
5611	20.405
5612	20.177
5613	20.105
5614	19.68
5615	19.554
5616	19.411
5617	19.202
5618	18.932
5619	18.874
5620	18.469
5621	18.317
5622	18.172
5623	17.999
5624	17.621
5625	17.6
5626	17.183
5627	17.064
5628	16.864
5629	16.777
5630	16.292
5631	16.321
5632	15.878
5633	15.778
5634	15.556
5635	15.482
5636	14.962
5637	15.027
5638	14.664
5639	14.497
5640	14.325
5641	14.337
5642	13.678
5643	13.723
5644	13.365
5645	13.267
5646	12.934
5647	13.001
5648	12.307
5649	12.413
5650	12.045
5651	11.956
5652	11.754
5653	11.774
5654	11.423
5655	11.362
5656	11.07
5657	11.109
5658	10.537
5659	10.64
5660	10.476
5661	10.321
5662	10.208
5663	10.302
5664	9.8027
5665	9.7548
5666	9.7442
5667	9.6803
5668	9.4938
5669	9.505
5670	8.8294
5671	9.1342
5672	8.8488
5673	8.4987
5674	8.5608
5675	8.872
5676	7.7269
5677	7.9754
5678	8.2631
5679	7.7404
5680	7.7189
5681	8.1407
5682	6.7944
5683	6.9985
5684	6.9779
5685	6.8152
5686	5.6823
5687	6.6415
5688	6.1588
5689	5.4814
5690	8.2938
5691	7.2382
5692	7.409
5693	7.6074
5694	6.6876
5695	6.3009
5696	6.8082
5697	6.7059
5698	6.7099
5699	6.0434
5700	6.6283
5701	6.0808
5702	5.937
5703	5.7536
5704	5.8764
5705	5.0176
5706	5.8614
5707	5.1132
5708	4.6706
5709	25.475
5710	20.174
5711	19.177
5712	16.939
5713	11.342
5714	23.838
5715	17.346
5716	21.053
5717	14.279
5718	13.419
5719	9.7931
5720	10.086
5721	6.2764
5722	6.4687
5723	4.7435
5724	4.9071
5725	5.2915
5726	3.9222
5727	5.897
5728	4.5081
5729	5.6083
5730	4.5466
5731	7.4308
5732	6.5195
5733	7.2383
5734	6.7315
5735	6.8013
5736	6.6246
5737	6.2952
5738	6.2709
5739	5.8603
5740	5.9225
5741	5.3803
5742	5.5547
5743	4.901
5744	5.1119
5745	4.5051
5746	4.7193
5747	4.1035
5748	4.3568
5749	3.7122
5750	3.9621
5751	3.3931
5752	3.6213
5753	3.0743
5754	3.3192
5755	2.7617
5756	2.9972
5757	2.5082
5758	2.7224
5759	2.2549
5760	2.4872
5761	2.0043
5762	2.2356
5763	1.8016
5764	2.0214
5765	1.5884
5766	1.8386
5767	1.3638
5768	1.6299
5769	1.1792
5770	1.4484
5771	1.0042
5772	1.2961
5773	0.8465
5774	1.1439
5775	0.75214
5776	1.0316
5777	0.69249
5778	0.96091
5779	0.6744
5780	0.89865
5781	0.71783
5782	0.88004
5783	0.78853
5784	0.89737
5785	0.86577
5786	0.92394
5787	0.95507
5788	0.95855
5789	1.0514
5790	1.0181
5791	1.1386
5792	1.0751
5793	1.2218
5794	1.1273
5795	1.3047
5796	1.1903
5797	1.3764
5798	1.2478
5799	1.4411
5800	1.2956
5801	1.5054
5802	1.3504
5803	1.559
5804	1.3982
5805	1.6064
5806	1.436
5807	1.6561
5808	1.4813
5809	1.6945
5810	1.5197
5811	1.7226
5812	1.5439
5813	1.7475
5814	1.5678
5815	1.7609
5816	1.5799
5817	1.7691
5818	1.5815
5819	1.7786
5820	1.5871
5821	1.782
5822	1.588
5823	1.7821
5824	1.5823
5825	1.7842
5826	1.5813
5827	1.7817
5828	1.5771
5829	1.7762
5830	1.5681
5831	1.7734
5832	1.563
5833	1.7668
5834	1.557
5835	1.7586
5836	1.5457
5837	1.753
5838	1.5406
5839	1.7431
5840	1.5358
5841	1.7346
5842	1.5239
5843	1.7288
5844	1.5221
5845	1.717
5846	1.5141
5847	1.7038
5848	1.4984
5849	1.6895
5850	1.4863
5851	1.6706
5852	1.4719
5853	1.6537
5854	1.4425
5855	1.6381
5856	1.4236
5857	1.6207
5858	1.4047
5859	1.6058
5860	1.3834
5861	1.591
5862	1.3664
5863	1.5742
5864	1.3492
5865	1.5597
5866	1.3297
5867	1.5438
5868	1.3137
5869	1.5254
5870	1.2976
5871	1.5091
5872	1.278
5873	1.4905
5874	1.2621
5875	1.4689
5876	1.245
5877	1.4488
5878	1.225
5879	1.427
5880	1.2045
5881	1.4045
5882	1.1814
5883	1.3831
5884	1.1578
5885	1.3597
5886	1.1334
5887	1.3363
5888	1.1101
5889	1.3138
5890	1.0847
5891	1.2875
5892	1.0596
5893	1.2593
5894	1.0323
5895	1.2314
5896	1.0055
5897	1.1977
5898	0.97713
5899	1.1603
5900	0.9445
5901	1.1232
5902	0.91155
5903	1.0789
5904	0.87647
5905	1.0316
5906	0.83684
5907	0.98954
5908	0.79935
5909	0.94707
5910	0.7598
5911	0.90397
5912	0.71895
5913	0.86323
5914	0.67854
5915	0.8194
5916	0.6396
5917	0.77226
5918	0.59789
5919	0.7256
5920	0.55906
5921	0.67344
5922	0.5344
5923	0.61473
5924	0.46411
5925	0.55537
5926	0.40511
5927	0.48851
5928	0.34785
5929	0.413
5930	0.28452
5931	0.33719
5932	0.22479
5933	0.25892
5934	0.17357
5935	0.18082
5936	0.1389
5937	0.11467
5938	0.13363
5939	3.8269e-002
5940	0.14805
5941	0.18917
5942	0.15359
5943	0.13889
5944	13.38
5945	13.522
5946	13.144
5947	13.372
5948	18.026
5949	18.896
5950	17.448
5951	18.266
5952	15.774
5953	14.973
5954	14.445
5955	15.031
5956	13.587
5957	13.738
5958	13.915
5959	13.94
5960	13.371
5961	15.421
5962	14.048
5963	14.801
5964	14.566
5965	21.059
5966	21.45
5967	21.443
5968	20.984
5969	14.059
5970	13.832
5971	14.215
5972	13.528
5973	13.385
5974	13.698
5975	12.963
5976	13.41
5977	13.04
5978	16.324
5979	16.739
5980	15.739
5981	15.559
5982	16.517
5983	17.094
5984	17.295
5985	18.658
5986	17.183
5987	17.759
5988	18.924
5989	19.532
5990	18.16
5991	18.709
5992	19.73
5993	20.495
5994	20.9
5995	20.192
5996	18.395
5997	19.729
5998	19.147
5999	16.979
6000	17.889
6001	16.362
6002	17.231
6003	16.69
6004	17.715
6005	16.077
6006	15.685
6007	17.294
6008	15.745
6009	14.4
6010	15.209
6011	14.935
6012	13.97
6013	15.126
6014	14.579
6015	14.592
6016	13.708
6017	14.542
6018	14.391
6019	13.978
6020	13.376
6021	13.68
6022	13.615
6023	13.464
6024	13.488
6025	13.564
6026	13.715
6027	13.614
6028	14.238
6029	14.133
6030	13.157
6031	16.442
6032	14.928
6033	14.679
6034	11.048
6035	14.636
6036	11.553
6037	13.227
6038	14.374
6039	13.178
6040	14.879
6041	15.4
6042	13.043
6043	15.505
6044	15.117
6045	13.998
6046	12.418
6047	13.989
6048	13.456
6049	13.202
6050	13.171
6051	13.487
6052	12.353
6053	12.793
6054	13.009
6055	13.645
6056	12.97
6057	13.325
6058	13.427
6059	13.079
6060	13.308
6061	13.285
6062	13.542
6063	13.186
6064	13.243
6065	13.438
6066	19.724
6067	19.584
6068	20.041
6069	19.292
6070	21.859
6071	22.214
6072	22.329
6073	21.926
6074	20.083
6075	19.551
6076	19.925
6077	20.737
6078	20.37
6079	20.822
6080	20.443
6081	21.114
6082	20.663
6083	21.568
6084	21.333
6085	21.821
6086	21.969
6087	14.724
6088	14.696
6089	14.359
6090	19.487
6091	19.178
6092	19.907
6093	14.34
6094	13.408
6095	13.29
6096	13.818
6097	13.675
6098	13.937
6099	13.734
6100	16.351
6101	17.139
6102	16.469
6103	15.789
6104	13.446
6105	13.375
6106	13.399
6107	13.475
6108	21.322
6109	21.407
6110	21.668
6111	20.901
6112	21.088
6113	20.86
6114	21.848
6115	22.163
6116	22.303
6117	21.529
6118	21.945
6119	21.642
6120	21.23
6121	21.8
6122	22.008
6123	21.36
6124	21.552
6125	20.422
6126	20.676
6127	20.484
6128	20.73
6129	20.901
6130	20.39
6131	19.34
6132	19.844
6133	19.05
6134	19.589
6135	19.097
6136	18.931
6137	17.867
6138	17.91
6139	18.541
6140	18.403
6141	17.401
6142	17.397
6143	18.045
6144	17.897
6145	17.181
6146	22.475
6147	22.567
6148	6.3511
6149	9.1286
6150	6.7127
6151	9.0079
6152	7.2654
6153	22.745
6154	21.998
6155	22.178
6156	21.538
6157	16.948
6158	16.869
6159	17.626
6160	17.418
6161	16.4
6162	16.878
6163	16.405
6164	16.395
6165	16.16
6166	15.819
6167	15.887
6168	15.23
6169	15.869
6170	15.588
6171	15.515
6172	14.679
6173	14.937
6174	15.048
6175	14.735
6176	13.721
6177	13.642
6178	13.918
6179	12.819
6180	12.798
6181	13.142
6182	12.46
6183	12.362
6184	12.846
6185	12.15
6186	12.578
6187	11.884
6188	11.908
6189	11.566
6190	12.369
6191	11.08
6192	11.738
6193	11.702
6194	12.134
6195	11.62
6196	10.59
6197	11.594
6198	11.941
6199	10.403
6200	11.734
6201	12.171
6202	10.812
6203	8.5238
6204	9.2575
6205	10.867
6206	9.6488
6207	11.796
6208	13.42
6209	10.166
6210	11.941
6211	9.7848
6212	13.802
6213	10.158
6214	11.943
6215	13.229
6216	8.8454
6217	10.034
6218	11.163
6219	5.7046
6220	7.0239
6221	6.85
6222	9.0925
6223	8.1419
6224	9.3435
6225	7.7547
6226	8.93
6227	10.27
6228	11.892
6229	10.478
6230	11.579
6231	10.631
6232	13.443
6233	12.153
6234	12.125
6235	11.251
6236	12.418
6237	10.97
6238	11.034
6239	11.994
6240	12.73
6241	12.634
6242	12.042
6243	12.478
6244	12.815
6245	12.304
6246	13.142
6247	12.563
6248	12.75
6249	13.208
6250	13.473
6251	14.098
6252	14.077
6253	13.802
6254	13.878
6255	15.704
6256	16.003
6257	15.196
6258	15.543
6259	15.044
6260	16.604
6261	17.107
6262	16.282
6263	17.071
6264	17.48
6265	16.047
6266	17.533
6267	18.01
6268	17.903
6269	18.378
6270	18.777
6271	18.883
6272	18.095
6273	18.668
6274	19.374
6275	18.357
6276	19.469
6277	19.565
6278	18.826
6279	19.583
6280	20.309
6281	19.337
6282	21.137
6283	20.404
6284	20.209
6285	20.809
6286	21.515
6287	20.603
6288	19.951
6289	21.701
6290	20.991
6291	20.159
6292	21.248
6293	21.739
6294	22.585
6295	22.028
6296	21.583
6297	21.983
6298	22.529
6299	21.964
6300	15.126
6301	15.432
6302	15.267
6303	15.744
6304	15.689
6305	14.577
6306	14.891
6307	14.699
6308	14.121
6309	14.427
6310	14.245
6311	13.815
6312	13.71
6313	14.005
6314	13.168
6315	13.544
6316	13.487
6317	13.259
6318	12.551
6319	12.543
6320	12.365
6321	12.701
6322	11.127
6323	11.131
6324	11.282
6325	10.953
6326	7.1678
6327	7.3658
6328	7.5725
6329	7.3911
6330	7.2387
6331	5.6491
6332	5.2711
6333	5.5664
6334	5.1809
6335	1.8839
6336	2.252
6337	1.6039
6338	2.1235
6339	1.5376
6340	4.2125
6341	3.3977
6342	3.2934
6343	4.9097
6344	4.6029
6345	5.6722
6346	3.772
6347	2.5485
6348	1.9814
6349	2.5639
6350	2.7161
6351	3.247
6352	3.3098
6353	5.7268
6354	5.985
6355	6.0652
6356	6.8849
6357	7.0151
6358	6.8086
6359	7.2122
6360	7.5684
6361	7.4126
6362	7.9641
6363	7.7746
6364	7.7766
6365	8.1319
6366	8.1478
6367	8.3304
6368	8.9592
6369	8.8015
6370	8.8167
6371	8.6661
6372	9.2484
6373	9.1018
6374	9.124
6375	9.4092
6376	9.3891
6377	9.5305
6378	10.503
6379	10.504
6380	10.335
6381	10.637
6382	12.78
6383	12.573
6384	12.735
6385	12.368
6386	13.108
6387	12.919
6388	13.864
6389	13.618
6390	13.923
6391	14.749
6392	14.654
6393	14.32
6394	15.202
6395	15.079
6396	15.521
6397	15.674
6398	18.252
6399	17.781
6400	18.291
6401	17.824
6402	18.715
6403	18.197
6404	18.699
6405	19.145
6406	18.658
6407	19.159
6408	19.314
6409	19.544
6410	19.004
6411	19.626
6412	19.889
6413	19.404
6414	20.021
6415	20.147
6416	20.162
6417	19.652
6418	20.367
6419	19.971
6420	20.663
6421	20.455
6422	21.199
6423	21.795
6424	21.572
6425	21.324
6426	22.113
6427	21.653
6428	22.351
6429	21.907
6430	21.887
6431	22.568
6432	22.337
6433	22.771
6434	22.536
6435	23.117
6436	22.718
6437	22.822
6438	22.507
6439	23.103
6440	22.421
6441	21.097
6442	21.598
6443	21.053
6444	21.29
6445	20.609
6446	20.694
6447	21.373
6448	20.977
6449	20.188
6450	20.209
6451	20.002
6452	20.622
6453	19.969
6454	19.77
6455	20.535
6456	19.565
6457	20.228
6458	19.49
6459	18.934
6460	19.241
6461	19.192
6462	18.227
6463	19.112
6464	18.5
6465	18.752
6466	17.714
6467	17.375
6468	17.981
6469	15.953
6470	16.675
6471	16.388
6472	15.513
6473	15.049
6474	15.816
6475	15.125
6476	14.719
6477	14.263
6478	13.624
6479	13.074
6480	13.801
6481	13.374
6482	12.866
6483	14.147
6484	12.629
6485	12.612
6486	13.303
6487	13.925
6488	13.308
6489	13.383
6490	12.766
6491	13.994
6492	13.172
6493	12.635
6494	12.608
6495	13.066
6496	12.583
6497	13.024
6498	13.334
6499	13.095
6500	13.489
6501	13.207
6502	13.346
6503	13.431
6504	14.132
6505	14.287
6506	15.106
6507	15.156
6508	14.692
6509	14.556
6510	15.529
6511	15.659
6512	14.874
6513	15.985
6514	16.189
6515	15.222
6516	16.745
6517	15.659
6518	18.252
6519	19.795
6520	16.564
6521	18.084
6522	19.954
6523	18.246
6524	15.792
6525	19.498
6526	17.35
6527	12.767
6528	17.824
6529	12.554
6530	15.428
6531	18.546
6532	11.923
6533	13.521
6534	18.74
6535	16.43
6536	15.691
6537	17.744
6538	16.113
6539	15.424
6540	17.265
6541	16.868
6542	13.751
6543	15.917
6544	16.318
6545	17.694
6546	17.479
6547	16.598
6548	15.542
6549	16.587
6550	15.834
6551	14.951
6552	14.377
6553	14.914
6554	14.562
6555	14.273
6556	13.74
6557	13.977
6558	14.366
6559	14.078
6560	14.207
6561	13.886
6562	13.531
6563	13.651
6564	13.627
6565	13.473
6566	13.525
6567	13.412
6568	13.439
6569	13.435
6570	13.645
6571	13.465
6572	13.449
6573	13.651
6574	13.535
6575	13.844
6576	13.612
6577	14.38
6578	14.255
6579	14.321
6580	14.65
6581	14.125
6582	14.262
6583	14.209
6584	14.755
6585	15.232
6586	16.267
6587	16.675
6588	16.354
6589	17.482
6590	17.129
6591	17.033
6592	17.887
6593	17.528
6594	17.866
6595	18.19
6596	18.346
6597	18.728
6598	18.333
6599	18.461
6600	18.399
6601	18.845
6602	18.904
6603	19.153
6604	22.566
6605	22.574
6606	22.248
6607	20.328
6608	20.033
6609	20.041
6610	20.619
6611	20.32
6612	20.6
6613	21.237
6614	21.028
6615	21.237
6616	21.458
6617	5.4842
6618	5.2447
6619	7.8821
6620	9.1876
6621	22.711
6622	22.898
6623	22.952
6624	3.9106
6625	4.9847
6626	5.6683
6627	17.091
6628	17.462
6629	3.7764
6630	3.0802
6631	2.4896
6632	22.397
6633	21.882
6634	8.0617
6635	14.655
6636	9.6059
6637	22.776
6638	23.055
6639	22.711
6640	23.035
6641	22.949
6642	23.218
6643	23.581
6644	23.284
6645	22.736
6646	23.02
6647	23.152
6648	22.853
6649	22.431
6650	22.963
6651	22.259
6652	22.087
6653	21.339
6654	21.106
6655	20.11
6656	20.587
6657	20.67
6658	20.281
6659	19.958
6660	20.326
6661	18.745
6662	19.299
6663	19.452
6664	18.911
6665	18.381
6666	17.846
6667	18.327
6668	18.143
6669	18.444
6670	17.372
6671	17.824
6672	17.983
6673	16.888
6674	17.341
6675	16.441
6676	16.923
6677	16.492
6678	16.169
6679	15.735
6680	15.412
6681	15.893
6682	14.152
6683	14.38
6684	14.229
6685	14.534
6686	13.764
6687	13.921
6688	14.042
6689	13.343
6690	13.47
6691	12.857
6692	12.994
6693	12.342
6694	12.478
6695	12.283
6696	11.789
6697	11.791
6698	10.636
6699	10.186
6700	11.285
6701	10.949
6702	10.393
6703	9.8175
6704	9.506
6705	11.001
6706	10.183
6707	9.2861
6708	8.3294
6709	10.514
6710	9.5471
6711	8.2546
6712	7.9699
6713	9.3993
6714	7.5994
6715	7.6676
6716	6.839
6717	8.6079
6718	6.8506
6719	6.6847
6720	7.2435
6721	6.9068
6722	7.7302
6723	8.6651
6724	6.9921
6725	7.2854
6726	7.8969
6727	5.8076
6728	6.8609
6729	7.4611
6730	5.1222
6731	6.6135
6732	4.1361
6733	6.8339
6734	5.7732
6735	7.1954
6736	5.0827
6737	4.8908
6738	6.4972
6739	5.2401
6740	8.0712
6741	9.7065
6742	9.82
6743	7.8363
6744	8.3631
6745	8.7992
6746	8.5118
6747	8.7125
6748	8.6507
6749	9.0429
6750	8.61
6751	9.5962
6752	9.3534
6753	8.5998
6754	10.105
6755	9.5283
6756	8.623
6757	9.639
6758	8.5908
6759	9.796
6760	8.6722
6761	10.88
6762	9.9287
6763	8.7188
6764	10.993
6765	10.089
6766	8.8586
6767	11.155
6768	10.2
6769	9.0146
6770	11.243
6771	10.182
6772	9.1616
6773	10.184
6774	9.2
6775	10.418
6776	9.424
6777	9.8159
6778	11.318
6779	10.743
6780	11.051
6781	11.737
6782	11.396
6783	12.421
6784	11.927
6785	12.071
6786	12.843
6787	12.4
6788	12.911
6789	13.266
6790	14.756
6791	14.384
6792	14.715
6793	14.372
6794	15.173
6795	15.166
6796	16.172
6797	15.643
6798	16.294
6799	17.006
6800	16.575
6801	16.604
6802	16.984
6803	17.447
6804	16.737
6805	16.263
6806	17.285
6807	17.772
6808	16.506
6809	18.438
6810	18.94
6811	18.003
6812	19.404
6813	18.875
6814	19.58
6815	20.218
6816	19.276
6817	19.734
6818	20.473
6819	20.642
6820	19.97
6821	18.921
6822	21.351
6823	20.566
6824	20.395
6825	21.885
6826	20.83
6827	21.083
6828	20.068
6829	21.541
6830	22.349
6831	20.544
6832	21.314
6833	22.556
6834	21.731
6835	20.749
6836	22.101
6837	22.923
6838	21.915
6839	22.282
6840	23.093
6841	21.315
6842	22.465
6843	23.274
6844	23.446
6845	22.632
6846	23.881
6847	22.952
6848	23.065
6849	22.173
6850	23.695
6851	24.356
6852	23.461
6853	22.84
6854	23.633
6855	24.544
6856	24.557
6857	23.005
6858	23.354
6859	24.231
6860	23.18
6861	24.014
6862	22.542
6863	22.993
6864	23.834
6865	22.722
6866	23.564
6867	22.87
6868	22.636
6869	23.231
6870	22.009
6871	22.139
6872	21.432
6873	21.241
6874	21.666
6875	21.206
6876	20.97
6877	21.014
6878	20.762
6879	21.456
6880	20.726
6881	20.552
6882	21.297
6883	20.369
6884	20.18
6885	20.849
6886	19.774
6887	20.068
6888	19.592
6889	20.259
6890	19.46
6891	19.286
6892	19.167
6893	18.962
6894	18.864
6895	18.705
6896	18.517
6897	18.376
6898	18.14
6899	18.042
6900	17.728
6901	17.66
6902	17.306
6903	17.27
6904	16.915
6905	16.874
6906	17.346
6907	16.578
6908	16.524
6909	16.981
6910	16.204
6911	16.21
6912	16.675
6913	15.777
6914	15.808
6915	16.205
6916	15.337
6917	15.417
6918	15.749
6919	14.849
6920	15.009
6921	14.377
6922	14.588
6923	14.431
6924	13.95
6925	14.06
6926	13.539
6927	13.67
6928	13.296
6929	13.143
6930	13.422
6931	12.381
6932	12.752
6933	12.566
6934	12.013
6935	12.208
6936	12.172
6937	11.657
6938	11.858
6939	11.799
6940	11.537
6941	11.326
6942	11.461
6943	10.691
6944	10.904
6945	11.004
6946	10.81
6947	10.592
6948	10.394
6949	9.8259
6950	10.011
6951	10.11
6952	9.9416
6953	9.7082
6954	9.5387
6955	9.6704
6956	8.9503
6957	9.1049
6958	9.2506
6959	8.7824
6960	8.6295
6961	7.9428
6962	8.0982
6963	8.2933
6964	7.5929
6965	7.7343
6966	7.2688
6967	7.3748
6968	6.955
6969	7.0306
6970	6.6808
6971	6.6135
6972	5.3552
6973	5.4152
6974	5.8187
6975	4.8321
6976	4.9161
6977	4.2331
6978	4.3413
6979	4.7313
6980	3.5812
6981	3.7144
6982	4.1221
6983	2.8853
6984	3.0602
6985	3.4475
6986	2.1756
6987	2.4025
6988	1.7955
6989	1.587
6990	1.5048
6991	1.7712
6992	1.4013
6993	2.3961
6994	2.8864
6995	2.3972
6996	3.2082
6997	2.6606
6998	3.1119
6999	0.57404
7000	0.74236
7001	0.91381
7002	0.72237
7003	0.74646
7004	0.58147
7005	0.92768
7006	0.74782
7007	0.58313
7008	0.91636
7009	0.74294
7010	0.74695
7011	0.59448
7012	0.91515
7013	0.74342
7014	0.91889
7015	0.60172
7016	0.75115
7017	0.93023
7018	0.61704
7019	0.76323
7020	0.75638
7021	0.78693
7022	0.6406
7023	0.94941
7024	0.77276
7025	0.65866
7026	0.96597
7027	0.80161
7028	0.84069
7029	0.69862
7030	0.99705
7031	0.81823
7032	0.72434
7033	1.0196
7034	0.86326
7035	0.80545
7036	0.93695
7037	1.0869
7038	0.91189
7039	0.85703
7040	1.1314
7041	0.96066
7042	0.98248
7043	1.1893
7044	1.0404
7045	1.0223
7046	0.91746
7047	1.0779
7048	0.95432
7049	1.2247
7050	1.0586
7051	0.97492
7052	1.2419
7053	1.0974
7054	1.1656
7055	1.0456
7056	1.3034
7057	1.1418
7058	1.0726
7059	1.3242
7060	1.1939
7061	1.1702
7062	1.4042
7063	1.2792
7064	1.2685
7065	1.2468
7066	1.4851
7067	1.3507
7068	1.3405
7069	1.3693
7070	1.2652
7071	1.5052
7072	1.3608
7073	1.377
7074	1.5116
7075	1.2726
7076	1.2811
7077	1.5197
7078	1.3861
7079	1.4085
7080	1.3031
7081	1.5393
7082	1.3967
7083	1.4212
7084	1.3158
7085	1.5504
7086	1.4347
7087	1.3299
7088	1.5624
7089	1.4494
7090	1.3443
7091	1.5749
7092	1.3602
7093	1.5892
7094	1.4646
7095	1.3906
7096	1.4936
7097	1.6165
7098	1.4795
7099	1.5162
7100	1.4152
7101	1.5061
7102	1.6398
7103	1.6482
7104	1.4227
7105	1.5232
7106	1.5318
7107	1.4163
7108	1.6628
7109	1.5296
7110	1.4142
7111	1.6688
7112	1.5347
7113	1.5509
7114	1.4132
7115	1.5393
7116	1.6832
7117	1.6321
7118	1.4935
7119	1.8024
7120	1.6682
7121	1.7022
7122	1.5677
7123	1.4223
7124	1.7537
7125	1.4561
7126	1.5916
7127	1.888
7128	1.6639
7129	2.0329
7130	1.8196
7131	1.9608
7132	2.1
7133	1.7232
7134	2.0468
7135	1.796
7136	2.1863
7137	2.1451
7138	2.2863
7139	1.8813
7140	2.2567
7141	1.979
7142	2.3989
7143	2.3814
7144	2.0911
7145	2.5252
7146	2.5189
7147	2.2155
7148	2.664
7149	2.815
7150	2.3573
7151	2.6701
7152	3.6031
7153	3.2522
7154	3.7515
7155	3.3894
7156	3.8264
7157	3.4676
7158	3.966
7159	4.0672
7160	3.7121
7161	4.1963
7162	4.318
7163	4.4358
7164	3.9702
7165	4.5744
7166	4.2413
7167	4.6788
7168	4.8312
7169	4.5183
7170	4.9204
7171	5.0781
7172	4.7984
7173	5.1533
7174	5.3015
7175	5.3633
7176	5.0684
7177	5.4858
7178	5.3149
7179	5.5369
7180	5.6561
7181	5.5203
7182	5.6092
7183	5.2899
7184	5.5908
7185	5.5536
7186	5.4271
7187	4.8261
7188	5.0383
7189	5.2887
7190	4.1289
7191	4.6371
7192	4.4571
7193	3.2623
7194	3.667
7195	3.715
7196	2.4706
7197	3.1101
7198	2.8025
7199	1.997
7200	2.0407
7201	2.3601
7202	2.1096
7203	2.3228
7204	1.6281
7205	2.8037
7206	1.8622
7207	3.0151
7208	4.2687
7209	4.2315
7210	2.4999
7211	6.3837
7212	5.9724
7213	6.3605
7214	6.7358
7215	8.4452
7216	5.2506
7217	7.4519
7218	3.8865
7219	5.7704
7220	2.7353
7221	3.2958
7222	4.1303
7223	2.6313
7224	2.8375
7225	3.2424
7226	3.3266
7227	3.9964
7228	3.898
7229	4.0532
7230	4.4411
7231	3.4391
7232	5.5016
7233	5.5476
7234	5.1068
7235	5.0537
7236	5.9097
7237	5.881
7238	6.2506
7239	6.2176
7240	6.1812
7241	6.5517
7242	6.4662
7243	6.3274
7244	6.8841
7245	6.7717
7246	6.6776
7247	7.0446
7248	7.9597
7249	7.7771
7250	8.326
7251	8.2304
7252	8.0938
7253	8.6608
7254	8.5452
7255	8.5072
7256	8.9867
7257	8.838
7258	9.2931
7259	9.2477
7260	9.1337
7261	9.5058
7262	9.5674
7263	10.102
7264	10.014
7265	9.8335
7266	9.9411
7267	10.388
7268	10.297
7269	10.205
7270	10.686
7271	10.598
7272	10.993
7273	10.895
7274	10.805
7275	11.221
7276	11.319
7277	12.739
7278	12.676
7279	12.395
7280	13.074
7281	13.04
7282	13.437
7283	13.397
7284	13.817
7285	13.791
7286	14.193
7287	14.173
7288	14.586
7289	14.559
7290	14.243
7291	14.992
7292	14.97
7293	15.404
7294	15.381
7295	15.767
7296	15.801
7297	15.989
7298	16.137
7299	16.257
7300	16.352
7301	16.682
7302	16.737
7303	16.194
7304	17.135
7305	17.192
7306	16.667
7307	17.543
7308	17.62
7309	17.147
7310	17.924
7311	17.999
7312	17.476
7313	18.329
7314	18.396
7315	17.859
7316	18.74
7317	18.815
7318	19.144
7319	19.212
7320	19.503
7321	19.618
7322	19.796
7323	19.951
7324	20.103
7325	20.247
7326	20.399
7327	20.581
7328	20.626
7329	20.855
7330	20.868
7331	21.085
7332	21.366
7333	21.152
7334	21.986
7335	22.207
7336	21.513
7337	21.688
7338	22.226
7339	22.461
7340	22.426
7341	22.677
7342	22.
7343	22.611
7344	22.869
7345	22.163
7346	22.811
7347	23.054
7348	23.275
7349	23.014
7350	23.845
7351	23.524
7352	23.456
7353	23.931
7354	24.217
7355	23.474
7356	23.659
7357	24.143
7358	23.727
7359	24.385
7360	24.321
7361	24.574
7362	23.945
7363	24.456
7364	24.688
7365	24.134
7366	24.561
7367	24.78
7368	24.296
7369	24.633
7370	24.827
7371	24.423
7372	24.849
7373	24.526
7374	24.677
7375	24.674
7376	24.789
7377	24.65
7378	24.69
7379	24.625
7380	24.718
7381	24.669
7382	24.54
7383	24.603
7384	24.653
7385	24.419
7386	24.609
7387	24.451
7388	24.263
7389	24.261
7390	24.53
7391	24.073
7392	24.034
7393	24.417
7394	23.839
7395	23.764
7396	24.243
7397	24.283
7398	23.558
7399	24.103
7400	23.458
7401	23.235
7402	23.113
7403	23.849
7404	22.841
7405	22.742
7406	23.568
7407	22.201
7408	22.296
7409	23.254
7410	21.793
7411	21.599
7412	20.767
7413	21.067
7414	20.91
7415	21.159
7416	20.393
7417	20.538
7418	20.219
7419	20.066
7420	19.658
7421	19.696
7422	19.852
7423	19.392
7424	19.379
7425	18.356
7426	18.348
7427	18.598
7428	18.734
7429	18.078
7430	18.049
7431	18.5
7432	17.781
7433	17.73
7434	17.475
7435	17.406
7436	17.953
7437	17.162
7438	17.07
7439	17.667
7440	16.85
7441	16.733
7442	16.394
7443	16.544
7444	14.97
7445	14.691
7446	15.292
7447	15.643
7448	14.655
7449	14.35
7450	15.348
7451	14.326
7452	14.008
7453	13.383
7454	13.218
7455	13.933
7456	12.933
7457	12.678
7458	12.372
7459	12.767
7460	12.573
7461	12.04
7462	12.667
7463	13.176
7464	12.487
7465	11.923
7466	13.193
7467	12.333
7468	11.782
7469	12.011
7470	11.393
7471	12.137
7472	11.338
7473	12.045
7474	12.066
7475	11.411
7476	12.089
7477	12.093
7478	11.477
7479	12.112
7480	12.557
7481	11.532
7482	12.306
7483	11.588
7484	11.705
7485	12.613
7486	12.082
7487	12.819
7488	12.379
7489	12.876
7490	13.006
7491	13.508
7492	13.123
7493	13.161
7494	13.956
7495	13.599
7496	14.523
7497	14.161
7498	15.152
7499	15.108
7500	14.809
7501	14.64
7502	15.757
7503	15.744
7504	16.371
7505	16.423
7506	17.596
7507	17.882
7508	17.006
7509	18.072
7510	18.545
7511	19.117
7512	17.322
7513	18.554
7514	19.884
7515	20.6
7516	19.172
7517	18.315
7518	20.546
7519	21.453
7520	18.857
7521	21.167
7522	22.185
7523	19.308
7524	21.651
7525	22.97
7526	22.056
7527	23.549
7528	22.396
7529	24.275
7530	20.182
7531	22.405
7532	24.834
7533	20.082
7534	21.671
7535	25.178
7536	19.802
7537	24.783
7538	17.016
7539	23.474
7540	11.833
7541	20.781
7542	13.705
7543	20.995
7544	24.492
7545	17.946
7546	15.892
7547	22.068
7548	25.625
7549	26.078
7550	21.813
7551	24.575
7552	24.186
7553	21.776
7554	19.32
7555	19.505
7556	21.47
7557	20.218
7558	18.861
7559	19.97
7560	18.626
7561	19.182
7562	19.671
7563	18.752
7564	17.802
7565	18.894
7566	18.982
7567	16.926
7568	17.919
7569	17.124
7570	16.251
7571	15.919
7572	15.275
7573	15.714
7574	14.619
7575	15.042
7576	14.917
7577	14.349
7578	14.688
7579	14.089
7580	14.353
7581	14.012
7582	13.85
7583	14.043
7584	13.818
7585	13.771
7586	13.65
7587	13.367
7588	13.493
7589	13.375
7590	13.336
7591	13.234
7592	13.192
7593	13.23
7594	13.154
7595	13.223
7596	13.401
7597	14.054
7598	13.721
7599	13.82
7600	13.991
7601	14.383
7602	14.991
7603	14.73
7604	15.189
7605	14.625
7606	14.844
7607	15.215
7608	15.377
7609	15.37
7610	15.496
7611	15.836
7612	15.483
7613	15.893
7614	16.248
7615	16.019
7616	16.116
7617	16.506
7618	16.473
7619	16.262
7620	16.148
7621	16.855
7622	16.587
7623	16.714
7624	17.22
7625	16.938
7626	17.548
7627	17.27
7628	17.836
7629	17.582
7630	18.084
7631	17.867
7632	18.13
7633	18.33
7634	18.128
7635	18.608
7636	18.4
7637	18.685
7638	18.909
7639	20.598
7640	20.828
7641	20.638
7642	19.493
7643	19.274
7644	19.204
7645	19.465
7646	19.778
7647	19.559
7648	19.751
7649	20.06
7650	19.841
7651	20.337
7652	20.118
7653	20.387
7654	21.961
7655	21.685
7656	21.82
7657	21.686
7658	22.417
7659	22.122
7660	21.997
7661	22.933
7662	22.546
7663	23.373
7664	23.547
7665	22.982
7666	6.142
7667	3.2171
7668	7.1102
7669	12.508
7670	10.489
7671	0.85833
7672	0.6523
7673	0.99947
7674	0.80284
7675	0.94095
7676	0.71165
7677	1.0607
7678	0.98458
7679	0.78501
7680	1.1411
7681	1.1425
7682	0.9962
7683	1.1574
7684	0.78989
7685	1.0417
7686	0.82797
7687	1.1877
7688	1.1002
7689	1.2592
7690	0.87909
7691	23.234
7692	23.434
7693	23.506
7694	23.311
7695	23.579
7696	6.8134
7697	5.7985
7698	21.049
7699	20.874
7700	4.4318
7701	3.4265
7702	8.576
7703	23.35
7704	23.822
7705	23.817
7706	9.5055
7707	8.1063
7708	9.3613
7709	8.874
7710	9.7768
7711	23.639
7712	23.325
7713	0.92034
7714	1.1761
7715	1.3259
7716	21.285
7717	21.115
7718	21.506
7719	21.371
7720	21.484
7721	2.3832
7722	4.4393
7723	6.663
7724	25.389
7725	25.344
7726	25.435
7727	25.39
7728	25.337
7729	25.432
7730	25.39
7731	25.388
7732	25.342
7733	25.441
7734	25.392
7735	25.393
7736	25.342
7737	25.449
7738	25.4
7739	25.396
7740	25.356
7741	25.46
7742	25.409
7743	25.405
7744	25.417
7745	25.417
7746	25.359
7747	25.468
7748	25.479
7749	25.417
7750	25.372
7751	25.419
7752	25.421
7753	25.363
7754	25.473
7755	25.372
7756	25.478
7757	25.425
7758	25.369
7759	25.48
7760	25.427
7761	25.379
7762	25.484
7763	25.439
7764	25.436
7765	25.491
7766	25.378
7767	25.389
7768	25.498
7769	25.438
7770	25.386
7771	25.495
7772	25.438
7773	25.437
7774	25.436
7775	25.492
7776	25.379
7777	25.386
7778	25.496
7779	25.438
7780	25.386
7781	25.494
7782	25.437
7783	25.434
7784	25.433
7785	25.375
7786	25.489
7787	25.383
7788	25.493
7789	25.436
7790	25.382
7791	25.492
7792	25.432
7793	25.485
7794	25.425
7795	25.375
7796	25.429
7797	25.425
7798	25.424
7799	25.371
7800	25.481
7801	25.374
7802	25.485
7803	25.425
7804	25.372
7805	25.483
7806	25.417
7807	25.477
7808	25.414
7809	25.415
7810	25.37
7811	25.362
7812	25.413
7813	25.413
7814	25.473
7815	25.412
7816	25.413
7817	25.355
7818	25.467
7819	25.471
7820	25.413
7821	25.36
7822	25.411
7823	25.408
7824	25.348
7825	25.463
7826	25.363
7827	25.473
7828	25.402
7829	25.34
7830	25.453
7831	25.4
7832	25.355
7833	25.468
7834	25.397
7835	25.395
7836	25.451
7837	25.337
7838	25.346
7839	25.456
7840	25.394
7841	25.342
7842	25.453
7843	25.389
7844	25.39
7845	25.389
7846	25.333
7847	25.445
7848	25.45
7849	25.343
7850	25.388
7851	25.335
7852	25.448
7853	25.389
7854	25.333
7855	25.444
7856	25.387
7857	25.386
7858	25.387
7859	25.384
7860	25.325
7861	25.44
7862	25.337
7863	25.451
7864	25.388
7865	25.329
7866	25.445
7867	25.385
7868	25.377
7869	25.378
7870	25.315
7871	25.433
7872	25.328
7873	25.441
7874	25.383
7875	25.331
7876	25.443
7877	25.386
7878	25.45
7879	25.389
7880	25.388
7881	25.335
7882	25.334
7883	25.381
7884	25.386
7885	25.448
7886	25.396
7887	25.403
7888	25.337
7889	25.459
7890	25.458
7891	25.385
7892	25.337
7893	25.406
7894	25.412
7895	25.341
7896	25.468
7897	25.351
7898	25.471
7899	25.417
7900	25.419
7901	25.35
7902	25.479
7903	25.36
7904	25.484
7905	25.364
7906	25.49
7907	25.426
7908	25.378
7909	25.504
7910	25.433
7911	25.443
7912	25.4
7913	25.531
7914	25.462
7915	25.456
7916	25.489
7917	25.502
7918	25.43
7919	25.56
7920	25.42
7921	25.551
7922	25.471
7923	25.448
7924	25.578
7925	25.517
7926	25.546
7927	25.57
7928	25.487
7929	25.624
7930	25.473
7931	25.608
7932	25.531
7933	25.518
7934	25.654
7935	25.585
7936	25.55
7937	25.684
7938	25.601
7939	25.625
7940	25.596
7941	25.73
7942	25.672
7943	25.648
7944	25.644
7945	25.695
7946	25.721
7947	25.778
7948	25.829
7949	25.765
7950	25.694
7951	25.746
7952	25.758
7953	25.797
7954	25.835
7955	25.889
7956	25.941
7957	25.894
7958	25.816
7959	25.862
7960	25.877
7961	25.924
7962	25.952
7963	26.002
7964	26.069
7965	26.023
7966	25.951
7967	25.988
7968	26.013
7969	26.051
7970	26.081
7971	26.121
7972	26.184
7973	26.14
7974	26.083
7975	26.114
7976	26.145
7977	26.193
7978	26.169
7979	26.237
7980	26.242
7981	26.263
7982	26.22
7983	26.289
7984	26.273
7985	26.215
7986	26.197
7987	26.279
7988	26.29
7989	26.261
7990	26.313
7991	26.247
7992	26.308
7993	26.297
7994	26.288
7995	26.319
7996	26.3
7997	26.277
7998	26.321
7999	26.271
8000	26.247
8001	26.275
8002	26.261
8003	26.286
8004	26.289
8005	26.288
8006	26.251
8007	26.228
8008	26.217
8009	26.185
8010	26.132
8011	26.176
8012	26.121
8013	26.081
8014	25.994
8015	25.981
8016	26.059
8017	25.929
8018	25.897
8019	25.793
8020	25.807
8021	25.707
8022	25.555
8023	25.534
8024	25.671
8025	25.43
8026	25.24
8027	25.384
8028	25.22
8029	25.073
8030	24.845
8031	24.813
8032	25.028
8033	24.648
8034	24.37
8035	24.339
8036	24.585
8037	23.14
8038	23.037
8039	23.407
8040	22.31
8041	22.
8042	22.139
8043	22.447
8044	22.669
8045	21.741
8046	21.485
8047	21.656
8048	21.897
8049	21.227
8050	21.341
8051	21.442
8052	21.088
8053	20.967
8054	20.582
8055	20.465
8056	20.717
8057	20.062
8058	20.205
8059	19.936
8060	19.377
8061	19.091
8062	19.227
8063	19.512
8064	19.659
8065	18.937
8066	18.801
8067	18.982
8068	18.363
8069	18.228
8070	18.515
8071	17.766
8072	17.94
8073	17.649
8074	17.14
8075	17.346
8076	17.028
8077	16.406
8078	16.142
8079	16.213
8080	16.504
8081	16.709
8082	15.93
8083	15.728
8084	15.708
8085	15.945
8086	15.45
8087	15.8
8088	15.48
8089	14.904
8090	15.223
8091	14.985
8092	14.381
8093	14.494
8094	14.739
8095	13.858
8096	13.952
8097	14.325
8098	14.24
8099	13.331
8100	13.671
8101	13.447
8102	13.161
8103	13.04
8104	12.898
8105	13.278
8106	13.01
8107	13.287
8108	13.405
8109	13.038
8110	12.802
8111	12.795
8112	12.908
8113	13.093
8114	13.051
8115	13.247
8116	13.121
8117	13.504
8118	13.682
8119	13.55
8120	13.44
8121	14.193
8122	13.979
8123	14.327
8124	15.097
8125	15.143
8126	14.717
8127	16.188
8128	16.134
8129	15.61
8130	15.446
8131	17.398
8132	18.17
8133	18.314
8134	17.53
8135	16.727
8136	16.473
8137	19.061
8138	20.41
8139	20.166
8140	19.191
8141	20.46
8142	20.183
8143	22.297
8144	20.92
8145	21.378
8146	19.931
8147	23.887
8148	20.763
8149	22.874
8150	22.005
8151	26.132
8152	25.047
8153	23.897
8154	22.484
8155	28.651
8156	26.16
8157	27.158
8158	31.681
8159	28.423
8160	29.553
8161	34.24
8162	28.092
8163	29.604
8164	33.244
8165	23.85
8166	20.063
8167	16.714
8168	23.427
8169	27.322
8170	34.807
8171	33.103
8172	19.975
8173	16.441
8174	28.598
8175	28.479
8176	32.189
8177	33.464
8178	30.877
8179	27.809
8180	25.936
8181	25.013
8182	27.154
8183	28.325
8184	26.898
8185	26.095
8186	24.119
8187	22.285
8188	21.346
8189	22.926
8190	24.003
8191	23.216
8192	21.905
8193	20.474
8194	19.806
8195	18.909
8196	18.093
8197	19.134
8198	20.055
8199	19.681
8200	18.196
8201	17.145
8202	17.266
8203	15.761
8204	15.121
8205	15.639
8206	16.418
8207	16.475
8208	14.486
8209	13.843
8210	14.137
8211	14.89
8212	13.418
8213	13.247
8214	12.186
8215	12.722
8216	12.26
8217	12.732
8218	11.236
8219	11.493
8220	11.866
8221	10.49
8222	11.176
8223	11.012
8224	10.175
8225	10.822
8226	10.917
8227	10.773
8228	10.751
8229	10.033
8230	11.45
8231	10.301
8232	10.849
8233	11.569
8234	11.048
8235	11.425
8236	11.62
8237	11.028
8238	10.783
8239	11.251
8240	11.854
8241	12.167
8242	11.629
8243	11.308
8244	12.206
8245	12.582
8246	13.022
8247	12.47
8248	12.023
8249	12.896
8250	13.646
8251	13.423
8252	14.171
8253	14.545
8254	14.119
8255	13.713
8256	13.8
8257	14.918
8258	15.288
8259	14.929
8260	15.386
8261	14.526
8262	15.042
8263	15.33
8264	15.656
8265	15.724
8266	16.123
8267	16.388
8268	16.022
8269	16.904
8270	16.753
8271	17.113
8272	17.656
8273	17.81
8274	17.466
8275	18.509
8276	18.378
8277	18.144
8278	19.17
8279	19.515
8280	19.427
8281	19.045
8282	18.847
8283	19.057
8284	19.787
8285	19.827
8286	20.456
8287	20.775
8288	20.745
8289	20.441
8290	20.14
8291	21.097
8292	21.389
8293	21.419
8294	21.098
8295	21.694
8296	22.031
8297	22.045
8298	21.714
8299	21.413
8300	22.42
8301	22.822
8302	22.661
8303	22.34
8304	23.094
8305	23.207
8306	23.885
8307	23.563
8308	23.886
8309	24.473
8310	24.174
8311	24.422
8312	24.95
8313	24.804
8314	24.633
8315	25.023
8316	25.086
8317	25.357
8318	24.837
8319	25.243
8320	24.93
8321	25.412
8322	25.111
8323	25.063
8324	24.986
8325	25.396
8326	25.466
8327	25.104
8328	25.353
8329	24.854
8330	25.084
8331	24.542
8332	24.704
8333	24.315
8334	24.195
8335	24.674
8336	24.844
8337	23.978
8338	24.423
8339	24.568
8340	23.796
8341	24.091
8342	24.176
8343	23.728
8344	23.916
8345	23.461
8346	23.761
8347	23.523
8348	23.317
8349	22.916
8350	22.685
8351	23.163
8352	23.374
8353	23.125
8354	22.922
8355	22.428
8356	22.387
8357	21.872
8358	22.157
8359	21.656
8360	21.316
8361	21.038
8362	21.533
8363	21.809
8364	21.584
8365	21.225
8366	20.727
8367	20.068
8368	19.688
8369	20.197
8370	20.561
8371	20.405
8372	19.29
8373	18.885
8374	19.391
8375	19.802
8376	18.475
8377	18.079
8378	18.575
8379	18.977
8380	18.171
8381	17.682
8382	17.329
8383	16.839
8384	17.252
8385	16.613
8386	16.505
8387	16.176
8388	15.366
8389	14.951
8390	15.378
8391	15.796
8392	15.784
8393	14.547
8394	14.155
8395	14.543
8396	14.957
8397	13.761
8398	13.373
8399	13.758
8400	14.172
8401	12.986
8402	12.587
8403	12.947
8404	13.349
8405	12.546
8406	12.294
8407	12.198
8408	11.477
8409	11.138
8410	11.403
8411	11.754
8412	11.83
8413	11.561
8414	10.821
8415	10.519
8416	10.753
8417	11.122
8418	10.222
8419	9.9479
8420	10.212
8421	10.438
8422	9.7033
8423	9.4697
8424	9.6543
8425	9.8936
8426	9.7553
8427	9.4422
8428	9.2369
8429	8.9043
8430	8.9893
8431	8.7267
8432	8.341
8433	8.4542
8434	8.1751
8435	7.2479
8436	7.454
8437	7.6209
8438	6.9354
8439	6.6896
8440	6.7573
8441	7.2215
8442	6.4367
8443	6.2952
8444	6.4445
8445	6.4193
8446	6.4317
8447	6.1652
8448	6.1099
8449	5.94
8450	5.5557
8451	4.8057
8452	4.6627
8453	3.8684
8454	3.7261
8455	3.2884
8456	5.9166
8457	8.3202
8458	7.9389
8459	5.6118
8460	4.5335
8461	8.4644
8462	6.3287
8463	9.1073
8464	11.758
8465	8.0626
8466	9.7657
8467	6.3642
8468	4.4811
8469	3.7035
8470	3.2306
8471	2.6492
8472	2.6988
8473	3.5639
8474	2.9999
8475	5.1562
8476	4.2305
8477	5.1016
8478	5.7368
8479	5.5909
8480	5.9485
8481	5.1733
8482	5.35
8483	5.0847
8484	4.5234
8485	4.494
8486	4.7943
8487	3.8821
8488	4.196
8489	3.9063
8490	3.3688
8491	3.1322
8492	3.0411
8493	3.3024
8494	3.6295
8495	2.8108
8496	2.9175
8497	2.3936
8498	2.7135
8499	2.5291
8500	2.8458
8501	2.051
8502	2.2063
8503	2.3637
8504	2.5124
8505	1.7504
8506	2.0585
8507	1.928
8508	1.5242
8509	1.7157
8510	1.8147
8511	1.3666
8512	1.6309
8513	1.5595
8514	1.2752
8515	1.4525
8516	1.5018
8517	1.2216
8518	1.4089
8519	1.3738
8520	1.5519
8521	1.214
8522	1.3374
8523	1.3531
8524	1.224
8525	1.3218
8526	1.4337
8527	1.316
8528	1.2538
8529	1.3161
8530	1.3203
8531	1.3392
8532	1.3505
8533	1.3165
8534	1.329
8535	1.295
8536	1.3396
8537	1.4215
8538	1.3619
8539	1.3711
8540	1.37
8541	1.3731
8542	1.426
8543	1.3646
8544	1.3542
8545	1.3725
8546	1.4041
8547	1.3777
8548	1.3713
8549	1.3655
8550	1.3419
8551	1.3138
8552	1.2997
8553	1.3327
8554	1.3432
8555	1.3282
8556	1.2858
8557	1.2725
8558	1.3077
8559	1.3194
8560	1.2968
8561	1.2606
8562	1.2758
8563	1.2405
8564	1.2498
8565	1.2615
8566	1.2247
8567	1.2325
8568	1.2493
8569	1.2081
8570	1.2171
8571	1.1946
8572	1.1592
8573	1.1361
8574	1.132
8575	1.1096
8576	1.1329
8577	1.0803
8578	1.0235
8579	0.99692
8580	1.0537
8581	1.079
8582	1.0513
8583	1.0303
8584	1.0203
8585	0.97184
8586	0.92746
8587	0.90744
8588	0.96716
8589	0.98582
8590	0.9488
8591	0.94771
8592	0.93528
8593	0.889
8594	0.91376
8595	0.85179
8596	0.89919
8597	0.871
8598	0.80599
8599	0.77891
8600	0.84653
8601	0.83226
8602	0.87173
8603	0.8304
8604	0.81834
8605	0.75014
8606	0.76268
8607	0.69214
8608	0.74929
8609	0.72083
8610	0.70586
8611	0.66448
8612	0.63828
8613	0.59249
8614	0.57278
8615	0.62885
8616	0.65273
8617	0.61425
8618	0.60493
8619	0.55554
8620	0.62722
8621	0.55826
8622	0.52611
8623	0.54026
8624	0.60878
8625	0.51236
8626	0.51218
8627	0.49804
8628	0.47262
8629	0.46077
8630	0.4321
8631	0.45913
8632	0.48465
8633	0.58514
8634	0.45068
8635	0.44297
8636	0.38334
8637	0.57948
8638	0.40673
8639	0.36158
8640	0.42228
8641	0.32843
8642	0.45208
8643	0.42132
8644	0.56435
8645	0.33449
8646	0.51374
8647	0.47845
8648	0.39502
8649	0.56136
8650	0.59426
8651	0.45423
8652	0.66638
8653	0.6238
8654	1.6251
8655	1.4854
8656	1.4058
8657	1.5094
8658	1.3499
8659	1.3165
8660	1.4602
8661	1.2626
8662	1.2961
8663	1.3517
8664	1.1611
8665	1.2048
8666	1.2835
8667	1.1216
8668	1.0986
8669	0.89927
8670	1.2791
8671	1.1089
8672	0.92003
8673	1.0993
8674	1.2778
8675	1.1079
8676	1.0979
8677	1.2793
8678	1.0966
8679	1.0989
8680	0.91244
8681	1.2925
8682	1.1096
8683	1.1034
8684	1.3124
8685	1.1261
8686	1.1173
8687	1.3386
8688	1.1371
8689	1.1519
8690	1.3721
8691	1.1831
8692	1.1673
8693	0.97801
8694	1.4573
8695	1.2457
8696	1.2682
8697	1.0632
8698	1.5022
8699	1.3121
8700	1.11
8701	1.2906
8702	1.5433
8703	1.3326
8704	1.3524
8705	1.1515
8706	1.3891
8707	1.4067
8708	1.5988
8709	1.2068
8710	1.5809
8711	1.3712
8712	1.6165
8713	1.4226
8714	1.6485
8715	1.4523
8716	1.438
8717	1.2596
8718	1.6877
8719	1.4732
8720	1.4966
8721	1.5326
8722	1.5626
8723	1.731
8724	1.3724
8725	1.7241
8726	1.5166
8727	1.3524
8728	1.7769
8729	1.589
8730	1.4181
8731	1.8108
8732	1.6279
8733	1.6054
8734	1.4415
8735	1.8379
8736	1.6419
8737	1.6544
8738	1.4744
8739	1.6748
8740	1.6827
8741	1.867
8742	1.8583
8743	1.665
8744	1.4951
8745	1.8732
8746	1.6898
8747	1.8882
8748	1.6981
8749	1.7068
8750	1.529
8751	1.9045
8752	1.7263
8753	1.7162
8754	1.9228
8755	1.737
8756	1.7486
8757	1.9428
8758	1.7723
8759	1.7606
8760	1.6029
8761	1.9609
8762	1.6291
8763	1.7835
8764	1.7933
8765	1.9729
8766	1.8075
8767	1.8013
8768	1.9786
8769	1.812
8770	1.815
8771	1.6582
8772	1.9815
8773	1.8225
8774	1.8178
8775	1.9895
8776	1.8279
8777	1.6729
8778	1.836
8779	2.0173
8780	1.8518
8781	1.8712
8782	1.9341
8783	2.1078
8784	1.9759
8785	1.8965
8786	2.0651
8787	2.3275
8788	2.4275
8789	2.5466
8790	2.4467
8791	2.2477
8792	2.6629
8793	2.5419
8794	3.2679
8795	2.9639
8796	3.1315
8797	4.5163
8798	4.3463
8799	4.1244
8800	4.9743
8801	4.5751
8802	4.8063
8803	5.7531
8804	5.444
8805	5.6025
8806	5.8979
8807	5.7091
8808	5.7448
8809	5.697
8810	5.6334
8811	5.6866
8812	5.5068
8813	4.9673
8814	4.6765
8815	5.1774
8816	3.6804
8817	4.0153
8818	3.236
8819	1.7939
8820	1.5297
8821	1.7291
8822	2.1625
8823	2.4396
8824	1.7311
8825	1.7674
8826	2.531
8827	2.3972
8828	2.16
8829	2.61
8830	2.3553
8831	2.0878
8832	2.1996
8833	1.6443
8834	1.7878
8835	2.1131
8836	2.6457
8837	2.4477
8838	2.1603
8839	1.7474
8840	3.2398
8841	3.8524
8842	3.4307
8843	2.9002
8844	4.4431
8845	4.9872
8846	4.5447
8847	3.9962
8848	5.4874
8849	5.9479
8850	5.5645
8851	5.8843
8852	5.0709
8853	6.0243
8854	6.3688
8855	6.299
8856	6.8653
8857	7.1389
8858	6.7583
8859	7.8933
8860	8.2575
8861	8.0605
8862	7.6731
8863	7.5191
8864	8.4343
8865	8.6071
8866	8.4477
8867	9.1434
8868	8.9454
8869	9.2742
8870	9.9066
8871	10.225
8872	10.139
8873	9.8089
8874	9.591
8875	10.524
8876	10.822
8877	10.759
8878	10.463
8879	10.309
8880	11.073
8881	11.131
8882	11.693
8883	11.757
8884	11.442
8885	12.311
8886	12.074
8887	12.412
8888	13.095
8889	13.442
8890	13.287
8891	12.963
8892	12.925
8893	12.755
8894	13.794
8895	14.128
8896	13.941
8897	13.617
8898	14.439
8899	14.538
8900	14.756
8901	14.243
8902	15.823
8903	16.163
8904	15.835
8905	15.498
8906	15.458
8907	16.133
8908	16.488
8909	16.788
8910	16.842
8911	17.205
8912	17.901
8913	18.217
8914	17.762
8915	17.452
8916	17.563
8917	18.5
8918	18.788
8919	18.325
8920	18.058
8921	18.632
8922	19.105
8923	19.22
8924	19.876
8925	19.402
8926	19.69
8927	19.841
8928	20.009
8929	20.303
8930	20.34
8931	20.785
8932	20.53
8933	20.898
8934	21.318
8935	21.063
8936	21.481
8937	21.475
8938	21.599
8939	21.937
8940	22.612
8941	22.564
8942	22.998
8943	23.158
8944	22.138
8945	22.249
8946	23.803
8947	24.024
8948	23.752
8949	23.567
8950	23.472
8951	23.992
8952	24.214
8953	24.425
8954	24.381
8955	24.525
8956	24.794
8957	24.645
8958	24.736
8959	25.044
8960	24.798
8961	24.833
8962	25.227
8963	24.842
8964	24.805
8965	24.701
8966	24.677
8967	25.318
8968	25.23
8969	24.747
8970	25.411
8971	24.576
8972	24.172
8973	24.229
8974	24.984
8975	25.109
8976	24.352
8977	24.488
8978	24.742
8979	25.582
8980	25.309
8981	24.95
8982	25.182
8983	25.957
8984	25.781
8985	26.163
8986	25.336
8987	25.115
8988	24.965
8989	25.954
8990	24.167
8991	26.076
8992	25.273
8993	24.839
8994	24.738
8995	25.735
8996	25.826
8997	23.97
8998	25.637
8999	23.758
9000	24.61
9001	24.301
9002	24.129
9003	25.199
9004	25.358
9005	24.459
9006	23.957
9007	23.785
9008	24.862
9009	25.029
9010	23.601
9011	23.4
9012	24.491
9013	24.684
9014	22.737
9015	24.28
9016	23.18
9017	22.946
9018	22.682
9019	23.801
9020	23.25
9021	22.187
9022	22.41
9023	22.747
9024	21.68
9025	21.963
9026	20.983
9027	21.132
9028	20.783
9029	21.81
9030	22.143
9031	21.404
9032	20.368
9033	19.926
9034	20.962
9035	21.403
9036	19.819
9037	20.502
9038	19.485
9039	17.91
9040	18.254
9041	18.734
9042	17.636
9043	18.024
9044	17.631
9045	16.86
9046	16.181
9047	16.568
9048	15.707
9049	15.154
9050	15.663
9051	14.537
9052	14.637
9053	14.269
9054	14.12
9055	13.341
9056	13.067
9057	13.6
9058	13.382
9059	12.094
9060	11.947
9061	12.512
9062	10.86
9063	10.337
9064	10.202
9065	11.395
9066	11.495
9067	10.823
9068	9.823
9069	9.3477
9070	9.0127
9071	10.192
9072	9.5972
9073	10.622
9074	8.9151
9075	8.5533
9076	8.014
9077	8.4906
9078	8.3298
9079	8.1733
9080	7.4363
9081	7.6577
9082	8.0322
9083	7.9528
9084	7.2444
9085	7.2842
9086	7.3464
9087	7.9694
9088	8.2384
9089	8.4845
9090	8.4947
9091	7.9896
9092	8.0627
9093	8.7873
9094	9.1434
9095	9.7864
9096	9.1022
9097	9.5373
9098	9.454
9099	11.185
9100	10.516
9101	9.6035
9102	10.607
9103	12.151
9104	8.8168
9105	11.013
9106	7.9931
9107	13.053
9108	11.224
9109	11.129
9110	11.23
9111	13.011
9112	10.833
9113	12.792
9114	12.366
9115	11.524
9116	13.598
9117	13.151
9118	13.356
9119	13.311
9120	1.4354
9121	1.7365
9122	1.8206
9123	1.5855
9124	3.4175
9125	4.233
9126	13.16
9127	13.069
9128	13.515
9129	13.262
9130	12.249
9131	9.6115
9132	10.787
9133	8.123
9134	8.064
9135	10.238
9136	10.627
9137	8.4934
9138	8.0542
9139	7.976
9140	9.4182
9141	7.6173
9142	9.8407
9143	8.9054
9144	7.8106
9145	7.7811
9146	7.9555
9147	7.5879
9148	7.3416
9149	7.5993
9150	6.8082
9151	6.774
9152	7.0948
9153	6.0723
9154	6.4234
9155	6.2259
9156	6.6212
9157	7.153
9158	6.048
9159	5.7339
9160	6.2116
9161	6.3466
9162	7.4834
9163	8.1674
9164	8.5609
9165	7.5234
9166	9.1908
9167	7.8054
9168	7.0709
9169	8.8725
9170	8.005
9171	8.9658
9172	9.033
9173	9.8555
9174	9.3945
9175	10.086
9176	10.302
9177	10.722
9178	10.995
9179	11.193
9180	11.216
9181	11.739
9182	12.221
9183	12.63
9184	12.181
9185	13.636
9186	14.159
9187	13.833
9188	13.301
9189	13.132
9190	14.676
9191	14.585
9192	14.365
9193	15.05
9194	15.147
9195	14.818
9196	16.048
9197	16.432
9198	16.45
9199	16.198
9200	15.99
9201	15.602
9202	16.696
9203	16.991
9204	17.096
9205	16.823
9206	16.363
9207	17.392
9208	17.81
9209	17.902
9210	17.489
9211	18.323
9212	18.181
9213	18.977
9214	18.481
9215	18.737
9216	19.178
9217	19.492
9218	19.755
9219	19.464
9220	18.625
9221	18.942
9222	20.084
9223	19.81
9224	21.345
9225	21.016
9226	20.823
9227	21.538
9228	21.83
9229	21.27
9230	21.836
9231	22.065
9232	22.377
9233	21.579
9234	22.135
9235	22.584
9236	22.274
9237	21.792
9238	22.735
9239	22.495
9240	23.004
9241	23.461
9242	22.983
9243	23.215
9244	23.82
9245	23.586
9246	23.4
9247	23.971
9248	24.307
9249	23.922
9250	25.34
9251	25.397
9252	25.437
9253	0.73517
9254	0.52105
9255	0.69986
9256	0.99056
9257	1.302
9258	12.253
9259	12.916
9260	12.005
9261	10.652
9262	12.66
9263	11.469
9264	9.0501
9265	9.8569
9266	6.9025
9267	25.301
9268	25.356
9269	25.311
9270	25.262
9271	25.297
9272	25.248
9273	25.299
9274	25.255
9275	25.294
9276	25.251
9277	25.343
9278	25.296
9279	25.245
9280	25.298
9281	25.255
9282	25.347
9283	25.297
9284	25.25
9285	25.294
9286	25.254
9287	25.347
9288	25.297
9289	25.248
9290	25.306
9291	25.258
9292	25.354
9293	25.307
9294	25.26
9295	25.259
9296	25.358
9297	25.314
9298	25.315
9299	25.265
9300	25.315
9301	25.317
9302	25.272
9303	25.322
9304	25.264
9305	25.324
9306	25.279
9307	25.323
9308	25.27
9309	25.328
9310	25.281
9311	25.38
9312	25.333
9313	25.28
9314	25.38
9315	25.285
9316	25.331
9317	25.333
9318	25.287
9319	25.329
9320	25.333
9321	25.28
9322	25.383
9323	25.283
9324	25.329
9325	25.332
9326	25.282
9327	25.329
9328	25.33
9329	25.28
9330	25.382
9331	25.325
9332	25.28
9333	25.324
9334	25.268
9335	25.323
9336	25.277
9337	25.267
9338	25.32
9339	25.372
9340	25.318
9341	25.263
9342	25.367
9343	25.319
9344	25.321
9345	25.272
9346	25.32
9347	25.268
9348	25.314
9349	25.269
9350	25.256
9351	25.358
9352	25.314
9353	25.306
9354	25.252
9355	25.356
9356	25.311
9357	25.305
9358	25.259
9359	25.248
9360	25.355
9361	25.303
9362	25.306
9363	25.252
9364	25.304
9365	25.301
9366	25.257
9367	25.296
9368	25.241
9369	25.294
9370	25.248
9371	25.295
9372	25.237
9373	25.293
9374	25.248
9375	25.354
9376	25.29
9377	25.234
9378	25.337
9379	25.241
9380	25.288
9381	25.284
9382	25.238
9383	25.285
9384	25.231
9385	25.286
9386	25.33
9387	25.28
9388	25.226
9389	25.286
9390	25.279
9391	25.229
9392	25.278
9393	25.225
9394	25.332
9395	25.277
9396	25.231
9397	25.279
9398	25.222
9399	25.329
9400	25.277
9401	25.229
9402	25.271
9403	25.216
9404	25.271
9405	25.221
9406	25.271
9407	25.218
9408	25.325
9409	25.267
9410	25.22
9411	25.27
9412	25.207
9413	25.276
9414	25.223
9415	25.22
9416	25.329
9417	25.276
9418	25.273
9419	25.211
9420	25.324
9421	25.272
9422	25.276
9423	25.225
9424	25.219
9425	25.323
9426	25.275
9427	25.285
9428	25.223
9429	25.278
9430	25.286
9431	25.233
9432	25.289
9433	25.222
9434	25.294
9435	25.238
9436	25.296
9437	25.23
9438	25.305
9439	25.249
9440	25.312
9441	25.25
9442	25.366
9443	25.317
9444	25.26
9445	25.327
9446	25.26
9447	25.381
9448	25.336
9449	25.275
9450	25.346
9451	25.272
9452	25.397
9453	25.362
9454	25.295
9455	25.376
9456	25.305
9457	25.389
9458	25.321
9459	25.401
9460	25.329
9461	25.458
9462	25.414
9463	25.349
9464	25.436
9465	25.359
9466	25.455
9467	25.388
9468	25.47
9469	25.391
9470	25.521
9471	25.493
9472	25.418
9473	25.516
9474	25.437
9475	25.568
9476	25.54
9477	25.465
9478	25.565
9479	25.485
9480	25.616
9481	25.59
9482	25.514
9483	25.536
9484	25.614
9485	25.666
9486	25.67
9487	25.582
9488	25.708
9489	25.637
9490	25.706
9491	25.628
9492	25.655
9493	25.737
9494	25.782
9495	25.802
9496	25.728
9497	25.848
9498	25.77
9499	25.833
9500	25.76
9501	25.789
9502	25.871
9503	25.907
9504	25.943
9505	25.873
9506	25.979
9507	25.909
9508	25.979
9509	25.911
9510	25.948
9511	26.016
9512	26.045
9513	26.085
9514	26.024
9515	26.106
9516	26.052
9517	26.115
9518	26.066
9519	26.094
9520	26.16
9521	26.146
9522	26.209
9523	26.17
9524	26.18
9525	26.235
9526	26.206
9527	26.256
9528	26.233
9529	26.276
9530	26.261
9531	26.29
9532	26.286
9533	26.3
9534	26.305
9535	26.294
9536	26.304
9537	26.324
9538	26.294
9539	26.303
9540	26.33
9541	26.294
9542	26.343
9543	26.281
9544	26.331
9545	26.259
9546	26.335
9547	26.23
9548	26.223
9549	26.312
9550	26.184
9551	26.288
9552	26.136
9553	26.124
9554	26.268
9555	26.056
9556	26.201
9557	25.994
9558	26.158
9559	25.976
9560	25.771
9561	26.008
9562	25.884
9563	25.649
9564	25.887
9565	25.553
9566	25.517
9567	25.823
9568	25.358
9569	25.671
9570	25.251
9571	25.176
9572	25.546
9573	24.983
9574	25.361
9575	24.848
9576	24.781
9577	25.231
9578	24.541
9579	24.996
9580	24.392
9581	24.261
9582	24.801
9583	24.125
9584	24.11
9585	24.538
9586	23.798
9587	24.052
9588	24.543
9589	23.948
9590	24.412
9591	23.958
9592	24.332
9593	23.639
9594	25.41
9595	25.454
9596	25.364
9597	25.264
9598	25.328
9599	0.78411
9600	0.51975
9601	25.435
9602	25.471
9603	24.401
9604	24.843
9605	24.807
9606	24.959
9607	25.035
9608	25.161
9609	25.327
9610	25.519
9611	25.682
9612	25.799
9613	25.92
9614	26.036
9615	26.112
9616	26.169
9617	26.229
9618	26.283
9619	26.067
9620	26.335
9621	26.376
9622	26.397
9623	26.4
9624	26.407
9625	26.402
9626	26.397
9627	26.385
9628	26.364
9629	26.339
9630	26.31
9631	26.28
9632	26.246
9633	26.21
9634	26.172
9635	26.132
9636	26.089
9637	26.136
9638	26.048
9639	26.008
9640	25.966
9641	25.925
9642	25.991
9643	25.882
9644	25.843
9645	25.803
9646	25.758
9647	25.837
9648	25.718
9649	25.687
9650	25.652
9651	25.613
9652	25.694
9653	25.579
9654	25.542
9655	25.51
9656	25.487
9657	25.564
9658	25.46
9659	25.435
9660	25.41
9661	25.386
9662	25.363
9663	25.339
9664	25.325
9665	25.312
9666	25.295
9667	25.277
9668	25.261
9669	25.251
9670	25.238
9671	25.221
9672	25.212
9673	25.209
9674	25.204
9675	25.198
9676	25.195
9677	25.184
9678	25.175
9679	25.172
9680	25.169
9681	25.172
9682	25.169
9683	25.168
9684	25.223
9685	25.169
9686	25.165
9687	25.163
9688	25.167
9689	25.222
9690	25.168
9691	25.162
9692	25.161
9693	25.167
9694	25.169
9695	25.166
9696	25.169
9697	25.172
9698	25.176
9699	25.178
9700	25.176
9701	25.177
9702	25.18
9703	25.184
9704	25.238
9705	25.186
9706	25.183
9707	25.185
9708	25.23
9709	25.187
9710	25.189
9711	25.191
9712	25.192
9713	25.194
9714	25.198
9715	25.204
9716	25.205
9717	25.202
9718	25.256
9719	25.204
9720	25.207
9721	25.209
9722	25.21
9723	25.267
9724	25.212
9725	25.218
9726	25.22
9727	25.218
9728	25.218
9729	25.22
9730	25.272
9731	25.222
9732	25.223
9733	25.224
9734	25.232
9735	25.231
9736	25.228
9737	25.229
9738	25.274
9739	25.231
9740	25.235
9741	25.237
9742	25.234
9743	25.278
9744	25.234
9745	25.234
9746	25.229
9747	25.226
9748	25.222
9749	25.22
9750	25.223
9751	25.223
9752	25.219
9753	25.272
9754	25.214
9755	25.213
9756	25.21
9757	25.21
9758	25.209
9759	25.209
9760	25.205
9761	25.204
9762	25.209
9763	25.208
9764	25.211
9765	25.217
9766	25.225
9767	8.2459
9768	10.548
9769	10.36
9770	7.961
9771	1.603
9772	1.9738
9773	2.0439
9774	1.0952
9775	0.47502
9776	24.767
9777	24.544
9778	24.64
9779	24.233
9780	24.425
9781	24.157
9782	24.27
9783	24.018
9784	24.105
9785	23.932
9786	23.665
9787	23.734
9788	23.233
9789	23.526
9790	23.119
9791	22.785
9792	23.318
9793	22.921
9794	22.7
9795	22.453
9796	22.221
9797	21.635
9798	22.038
9799	21.676
9800	21.863
9801	21.432
9802	21.14
9803	21.05
9804	20.987
9805	20.676
9806	20.376
9807	20.371
9808	20.065
9809	19.783
9810	19.499
9811	19.242
9812	19.185
9813	18.433
9814	18.831
9815	18.018
9816	17.613
9817	17.24
9818	16.855
9819	16.407
9820	15.925
9821	15.441
9822	15.519
9823	14.979
9824	14.535
9825	14.056
9826	13.519
9827	12.954
9828	12.378
9829	12.76
9830	11.801
9831	11.22
9832	11.731
9833	10.619
9834	10.008
9835	10.604
9836	9.4089
9837	8.8125
9838	9.5766
9839	8.2157
9840	7.6348
9841	8.5051
9842	7.0823
9843	6.5725
9844	5.7917
9845	6.6788
9846	6.133
9847	5.5674
9848	5.4949
9849	5.6817
9850	6.1035
9851	5.7925
9852	6.6528
9853	7.2329
9854	6.4744
9855	7.9221
9856	8.7666
9857	7.408
9858	9.5616
9859	11.079
9860	10.313
9861	11.785
9862	12.383
9863	12.866
9864	13.298
9865	13.806
9866	11.209
9867	14.079
9868	13.841
9869	12.616
9870	13.385
9871	12.881
9872	13.002
9873	12.441
9874	12.011
9875	12.923
9876	13.5
9877	13.024
9878	14.062
9879	12.799
9880	14.634
9881	15.173
9882	13.35
9883	15.095
9884	14.646
9885	13.751
9886	13.099
9887	12.522
9888	11.629
9889	10.67
9890	9.7509
9891	8.9076
9892	8.1745
9893	7.582
9894	7.5966
9895	7.1648
9896	6.9423
9897	6.9124
9898	7.0513
9899	7.3421
9900	7.7742
9901	8.3106
9902	8.9173
9903	9.5738
9904	10.26
9905	11.673
9906	11.453
9907	10.962
9908	12.38
9909	13.07
9910	12.731
9911	13.745
9912	14.412
9913	13.944
9914	15.073
9915	16.362
9916	15.72
9917	16.991
9918	16.283
9919	17.535
9920	18.164
9921	17.216
9922	18.77
9923	18.354
9924	19.202
9925	20.129
9926	19.152
9927	19.657
9928	20.617
9929	19.587
9930	21.097
9931	20.056
9932	21.56
9933	22.018
9934	22.452
9935	22.843
9936	23.189
9937	23.518
9938	22.428
9939	23.831
9940	24.389
9941	24.112
9942	23.523
9943	24.669
9944	25.183
9945	24.055
9946	24.937
9947	25.4
9948	25.605
9949	25.794
9950	25.969
9951	26.135
9952	26.293
9953	26.444
9954	26.572
9955	25.506
9956	26.674
9957	26.763
9958	26.858
9959	26.958
9960	27.045
9961	27.068
9962	26.2
9963	26.985
9964	26.849
9965	26.697
9966	26.5
9967	26.177
9968	26.067
9969	26.205
9970	26.271
9971	25.292
9972	26.188
9973	25.972
9974	25.872
9975	25.808
9976	25.259
9977	25.644
9978	25.458
9979	25.151
9980	25.277
9981	25.083
9982	24.939
9983	24.842
9984	24.582
9985	24.618
9986	24.32
9987	24.051
9988	24.216
9989	23.772
9990	23.468
9991	22.831
9992	23.223
9993	23.168
9994	22.473
9995	22.876
9996	22.115
9997	21.739
9998	21.386
9999	21.833
10000	21.051
10001	20.754
10002	21.162
10003	20.485
10004	20.203
10005	20.64
10006	19.915
10007	19.644
10008	20.099
10009	19.352
10010	19.049
10011	19.515
10012	18.759
10013	18.468
10014	18.938
10015	18.171
10016	17.885
10017	17.605
10018	17.316
10019	17.017
10020	16.713
10021	17.124
10022	16.406
10023	16.106
10024	16.453
10025	15.816
10026	15.523
10027	15.225
10028	14.93
10029	15.172
10030	14.64
10031	14.844
10032	14.357
10033	14.072
10034	13.781
10035	13.48
10036	13.173
10037	12.87
10038	12.564
10039	12.644
10040	12.256
10041	11.954
10042	11.996
10043	11.648
10044	11.338
10045	11.376
10046	11.029
10047	10.717
10048	10.394
10049	10.058
10050	9.715
10051	9.3653
10052	9.4814
10053	9.0059
10054	8.6336
10055	8.7945
10056	8.248
10057	7.8499
10058	7.4374
10059	7.0095
10060	7.2745
10061	6.571
10062	6.1216
10063	6.4549
10064	5.6553
10065	5.1674
10066	4.6563
10067	4.1383
10068	3.6298
10069	3.1663
10070	2.7979
10071	2.5983
10072	2.6151
10073	2.732
10074	2.1155
10075	2.8144
10076	2.9817
10077	2.3186
10078	3.1817
10079	3.0903
10080	2.7435
10081	2.7426
10082	2.3266
10083	2.1144
10084	2.0669
10085	2.183
10086	2.704
10087	3.4015
10088	2.9034
10089	4.0639
10090	4.6809
10091	4.3676
10092	5.2133
10093	5.6091
10094	5.4088
10095	5.8698
10096	6.0116
10097	5.8514
10098	6.0544
10099	6.0165
10100	5.8586
10101	5.9151
10102	5.7657
10103	5.5983
10104	5.5814
10105	5.4089
10106	5.3742
10107	5.1975
10108	5.1527
10109	4.9234
10110	4.7449
10111	4.6897
10112	4.4565
10113	4.2897
10114	4.2302
10115	4.0638
10116	4.0114
10117	3.8517
10118	3.7985
10119	3.6484
10120	3.5953
10121	3.4539
10122	3.4059
10123	3.2294
10124	3.0974
10125	3.0663
10126	2.9388
10127	2.9178
10128	2.7937
10129	2.7849
10130	2.6688
10131	2.5745
10132	2.4842
10133	2.3723
10134	2.3951
10135	2.2751
10136	2.3303
10137	2.1998
10138	2.2856
10139	2.1477
10140	2.246
10141	2.1902
10142	2.035
10143	2.2118
10144	2.1751
10145	2.1641
10146	1.9993
10147	2.1592
10148	2.1575
10149	1.9855
10150	2.1574
10151	2.158
10152	1.9797
10153	2.1585
10154	2.1578
10155	1.9766
10156	2.1555
10157	2.1519
10158	1.9676
10159	2.1467
10160	2.1399
10161	1.9522
10162	2.1327
10163	2.1249
10164	1.933
10165	2.1169
10166	2.1094
10167	1.9134
10168	2.1021
10169	2.095
10170	1.896
10171	2.0883
10172	2.0816
10173	1.8806
10174	2.0749
10175	2.0678
10176	2.0592
10177	2.0492
10178	1.8487
10179	2.0377
10180	2.0242
10181	1.8248
10182	2.0066
10183	1.9884
10184	1.7844
10185	1.961
10186	1.9387
10187	1.9268
10188	1.91
10189	1.7034
10190	1.8903
10191	1.8719
10192	1.6605
10193	1.8583
10194	1.8413
10195	1.6331
10196	1.8223
10197	1.8041
10198	1.7856
10199	1.7664
10200	1.5627
10201	1.7462
10202	1.7251
10203	1.5231
10204	1.7029
10205	1.68
10206	1.4799
10207	1.657
10208	1.6344
10209	1.4349
10210	1.6118
10211	1.4137
10212	1.5897
10213	1.3916
10214	1.5696
10215	1.5509
10216	1.3563
10217	1.5334
10218	1.5178
10219	1.3244
10220	1.5041
10221	1.4914
10222	1.3023
10223	1.4802
10224	1.471
10225	1.2854
10226	1.4639
10227	1.4606
10228	1.2763
10229	1.4674
10230	1.4673
10231	1.2936
10232	1.4598
10233	1.4649
10234	1.2768
10235	1.4825
10236	1.5106
10237	1.3179
10238	1.5465
10239	1.5968
10240	1.3978
10241	1.6363
10242	1.6649
10243	1.471
10244	1.7084
10245	1.7679
10246	1.548
10247	1.8439
10248	1.9392
10249	1.7039
10250	2.0579
10251	2.1924
10252	25.397
10253	25.511
10254	25.287
10255	0.21254
10256	0.3064
10257	0.31825
10258	0.2886
10259	0.49519
10260	0.26052
10261	0.24473
10262	0.41708
10263	0.24121
10264	0.25292
10265	0.36028
10266	0.27964
10267	0.3168
10268	0.32791
10269	0.36819
10270	0.40581
10271	0.33801
10272	0.42758
10273	0.46014
10274	0.49455
10275	0.53057
10276	0.56694
10277	0.6025
10278	0.486
10279	0.6361
10280	0.66668
10281	0.53605
10282	0.69656
10283	0.72638
10284	0.58114
10285	0.75501
10286	0.78207
10287	0.80906
10288	0.83603
10289	0.67884
10290	0.8624
10291	0.89025
10292	0.73275
10293	0.91686
10294	0.94194
10295	0.7898
10296	0.96847
10297	0.99362
10298	1.0166
10299	1.0374
10300	0.89459
10301	1.0546
10302	1.0711
10303	0.93028
10304	1.0898
10305	1.1076
10306	1.1255
10307	1.1459
10308	1.0071
10309	1.1663
10310	1.1873
10311	1.2104
10312	1.2335
10313	1.1055
10314	1.2569
10315	1.2856
10316	1.1581
10317	1.3092
10318	1.3236
10319	1.2084
10320	1.3381
10321	1.2246
10322	1.3503
10323	1.2389
10324	1.3571
10325	1.3625
10326	1.254
10327	1.3692
10328	1.3756
10329	1.2683
10330	1.3833
10331	1.3929
10332	1.2855
10333	1.4025
10334	1.4108
10335	1.4205
10336	1.429
10337	1.4355
10338	1.4425
10339	1.3547
10340	1.4467
10341	1.4471
10342	1.4453
10343	1.4358
10344	1.3788
10345	1.4171
10346	1.3936
10347	1.3575
10348	1.3638
10349	1.3301
10350	1.2636
10351	1.2751
10352	1.2979
10353	1.2275
10354	1.1942
10355	1.2371
10356	1.1616
10357	1.1314
10358	1.215
10359	1.1069
10360	1.0861
10361	1.2124
10362	1.0746
10363	1.0777
10364	1.2433
10365	1.0909
10366	1.1203
10367	1.3117
10368	1.1727
10369	1.2456
10370	1.4376
10371	1.3406
10372	1.457
10373	1.6295
10374	1.595
10375	1.7522
10376	1.8936
10377	1.9226
10378	2.103
10379	2.2174
10380	2.3005
10381	2.5153
10382	2.5967
10383	2.7453
10384	2.9993
10385	3.2791
10386	3.5793
10387	3.5836
10388	3.8987
10389	4.2382
10390	4.196
10391	4.5897
10392	4.9464
10393	4.8512
10394	5.3022
10395	5.6342
10396	5.4742
10397	5.9181
10398	5.7254
10399	5.9012
10400	6.1222
10401	5.8522
10402	5.7665
10403	6.1414
10404	5.0627
10405	3.1766
10406	4.2207
10407	3.1285
10408	4.2137
10409	3.0947
10410	5.1977
10411	6.5219
10412	4.7958
10413	9.1357
10414	12.372
10415	14.763
10416	14.575
10417	12.777
10418	11.67
10419	11.328
10420	7.8594
10421	5.1365
10422	4.1011
10423	4.2179
10424	4.8122
10425	3.8601
10426	5.2191
10427	5.4377
10428	5.9482
10429	5.293
10430	6.3271
10431	5.7498
10432	6.4881
10433	6.5788
10434	6.3015
10435	6.5895
10436	6.4438
10437	6.4951
10438	7.0432
10439	7.4397
10440	7.6262
10441	8.0045
10442	7.7821
10443	8.3043
10444	8.1318
10445	8.5267
10446	8.8143
10447	8.6287
10448	9.1634
10449	9.4575
10450	9.2433
10451	9.6402
10452	9.858
10453	10.168
10454	10.442
10455	10.689
10456	11.067
10457	11.401
10458	11.697
10459	12.076
10460	12.498
10461	12.138
10462	12.917
10463	13.32
10464	13.744
10465	14.179
10466	14.57
10467	14.962
10468	15.392
10469	15.815
10470	16.241
10471	16.665
10472	16.222
10473	17.05
10474	17.433
10475	16.936
10476	17.854
10477	18.265
10478	17.771
10479	19.082
10480	18.671
10481	19.488
10482	19.907
10483	20.315
10484	20.694
10485	21.056
10486	21.397
10487	20.896
10488	21.723
10489	22.029
10490	22.318
10491	22.609
10492	22.09
10493	22.896
10494	23.16
10495	22.662
10496	23.404
10497	23.626
10498	23.829
10499	24.024
10500	23.574
10501	24.22
10502	24.43
10503	23.975
10504	24.659
10505	24.878
10506	24.39
10507	25.061
10508	25.221
10509	25.36
10510	25.487
10511	24.916
10512	25.624
10513	25.751
10514	25.21
10515	25.807
10516	25.851
10517	25.855
10518	25.801
10519	25.432
10520	25.763
10521	25.668
10522	25.523
10523	25.37
10524	25.11
10525	25.162
10526	24.907
10527	24.719
10528	24.641
10529	24.367
10530	24.186
10531	24.023
10532	23.595
10533	23.505
10534	23.131
10535	22.786
10536	22.558
10537	22.213
10538	21.847
10539	21.508
10540	21.161
10541	20.821
10542	20.479
10543	20.141
10544	20.081
10545	19.797
10546	19.411
10547	18.978
10548	18.64
10549	18.653
10550	18.355
10551	17.977
10552	18.02
10553	17.59
10554	17.194
10555	17.284
10556	16.789
10557	16.374
10558	16.517
10559	15.953
10560	15.527
10561	15.728
10562	15.097
10563	14.662
10564	14.224
10565	13.783
10566	13.34
10567	12.897
10568	13.307
10569	12.453
10570	12.004
10571	11.561
10572	11.15
10573	10.78
10574	10.447
10575	10.142
10576	9.857
10577	10.551
10578	9.6077
10579	9.4263
10580	10.114
10581	9.3324
10582	10.014
10583	10.011
10584	9.3127
10585	9.4347
10586	10.065
10587	9.3432
10588	9.5955
10589	9.8181
10590	10.319
10591	10.136
10592	10.573
10593	10.796
10594	11.081
10595	11.644
10596	11.669
10597	12.284
10598	12.996
10599	12.766
10600	13.775
10601	14.605
10602	15.475
10603	16.371
10604	17.302
10605	18.292
10606	17.277
10607	19.325
10608	20.373
10609	21.418
10610	22.483
10611	20.942
10612	23.598
10613	24.758
10614	25.941
10615	27.14
10616	25.034
10617	28.382
10618	29.714
10619	31.201
10620	32.906
10621	29.565
10622	34.971
10623	37.632
10624	41.52
10625	44.043
10626	33.622
10627	33.562
10628	20.815
10629	44.336
10630	42.037
10631	35.42
10632	38.324
10633	35.687
10634	33.187
10635	33.48
10636	31.647
10637	29.926
10638	30.089
10639	28.66
10640	27.419
10641	27.311
10642	26.08
10643	24.93
10644	24.968
10645	23.986
10646	22.961
10647	23.053
10648	21.943
10649	21.595
10650	21.078
10651	20.353
10652	19.399
10653	18.51
10654	17.689
10655	16.935
10656	16.825
10657	16.245
10658	15.039
10659	15.615
10660	14.52
10661	14.622
10662	14.058
10663	13.661
10664	13.816
10665	13.333
10666	13.069
10667	13.251
10668	12.876
10669	12.763
10670	12.934
10671	12.677
10672	12.63
10673	12.671
10674	12.764
10675	12.885
10676	13.047
10677	13.145
10678	13.259
10679	13.511
10680	13.577
10681	13.782
10682	14.049
10683	14.135
10684	14.316
10685	14.595
10686	14.646
10687	14.88
10688	15.175
10689	15.164
10690	15.466
10691	15.75
10692	16.044
10693	16.348
10694	16.658
10695	16.975
10696	16.818
10697	17.295
10698	17.614
10699	17.456
10700	17.929
10701	18.237
10702	18.066
10703	18.535
10704	18.826
10705	18.646
10706	19.115
10707	19.402
10708	19.683
10709	19.957
10710	19.791
10711	20.223
10712	20.482
10713	20.327
10714	20.737
10715	20.988
10716	20.837
10717	21.226
10718	21.441
10719	21.637
10720	21.849
10721	22.082
10722	22.343
10723	22.647
10724	22.983
10725	22.79
10726	23.306
10727	23.616
10728	23.477
10729	23.924
10730	23.798
10731	24.211
10732	24.095
10733	24.471
10734	24.709
10735	24.611
10736	24.929
10737	25.127
10738	25.049
10739	25.306
10740	25.467
10741	25.402
10742	25.611
10743	25.684
10744	25.737
10745	25.947
10746	25.903
10747	25.85
10748	26.031
10749	26.104
10750	26.069
10751	26.164
10752	26.216
10753	26.185
10754	26.258
10755	26.293
10756	26.318
10757	26.344
10758	26.315
10759	26.333
10760	26.351
10761	26.351
10762	26.348
10763	26.339
10764	26.324
10765	26.308
10766	26.246
10767	26.293
10768	26.247
10769	26.201
10770	26.272
10771	26.224
10772	26.152
10773	26.194
10774	26.143
10775	26.096
10776	26.167
10777	26.113
10778	26.031
10779	26.081
10780	26.025
10781	25.977
10782	26.055
10783	25.993
10784	25.913
10785	25.968
10786	25.909
10787	25.845
10788	25.937
10789	25.885
10790	25.802
10791	25.86
10792	25.81
10793	25.752
10794	25.835
10795	25.785
10796	25.762
10797	25.702
10798	25.742
10799	25.727
10800	25.657
10801	25.708
10802	25.686
10803	25.666
10804	25.636
10805	25.651
10806	25.622
10807	25.608
10808	25.598
10809	25.528
10810	25.588
10811	25.575
10812	25.513
10813	25.563
10814	25.55
10815	25.556
10816	25.546
10817	25.54
10818	25.534
10819	25.528
10820	25.521
10821	25.514
10822	25.441
10823	25.509
10824	25.508
10825	25.445
10826	25.508
10827	25.508
10828	25.504
10829	25.447
10830	25.499
10831	25.498
10832	25.499
10833	25.501
10834	25.44
10835	25.502
10836	25.505
10837	25.506
10838	25.502
10839	25.443
10840	25.502
10841	25.505
10842	25.444
10843	25.506
10844	25.506
10845	25.506
10846	25.511
10847	25.508
10848	25.513
10849	25.513
10850	25.515
10851	25.461
10852	25.513
10853	25.521
10854	25.524
10855	25.526
10856	25.528
10857	25.528
10858	25.528
10859	25.469
10860	25.53
10861	25.533
10862	25.47
10863	25.531
10864	25.534
10865	25.537
10866	25.47
10867	25.541
10868	25.542
10869	25.542
10870	25.542
10871	25.481
10872	25.544
10873	25.548
10874	25.486
10875	25.549
10876	25.549
10877	25.549
10878	25.55
10879	25.549
10880	25.552
10881	25.552
10882	25.552
10883	25.552
10884	25.552
10885	25.551
10886	25.544
10887	25.49
10888	25.548
10889	25.54
10890	25.537
10891	25.534
10892	25.53
10893	25.531
10894	25.529
10895	25.518
10896	25.465
10897	25.513
10898	25.508
10899	25.457
10900	25.503
10901	25.498
10902	25.449
10903	25.493
10904	25.487
10905	25.443
10906	25.484
10907	25.484
10908	25.438
10909	25.484
10910	25.495
10911	25.517
10912	25.549
10913	4.8314
10914	3.3567
10915	12.109
10916	12.17
10917	3.1498
10918	4.4793
10919	3.3993
10920	9.7894
10921	7.463
10922	5.9409
10923	6.0048
10924	7.2857
10925	9.8494
10926	18.128
10927	17.626
10928	16.783
10929	19.05
10930	18.527
10931	2.6598
10932	1.6603
10933	1.5292
10934	0.58852
10935	24.064
10936	23.76
10937	23.572
10938	0.91288
10939	0.74191
10940	20.333
10941	1.2241
10942	1.0397
10943	9.6794
10944	1.179
10945	1.2015
10946	1.4255
10947	26.297
10948	25.399
10949	25.434
10950	12.181
10951	12.031
10952	15.092
10953	15.489
10954	17.18
10955	16.099
10956	0.96011
10957	5.5699
10958	12.127
10959	23.527
10960	8.6308
10961	7.8074
10962	8.7201
10963	2.6695
10964	1.3758
10965	25.491
10966	15.133
10967	15.27
10968	14.95
10969	25.807
10970	12.742
10971	1.2775
10972	1.1186
10973	5.0335
10974	15.1
10975	9.4096
10976	21.72
10977	14.591
10978	15.163
10979	1.46
10980	12.216
10981	5.2498
10982	1.1657
10983	0.93816
10984	2.8106
10985	1.1955
10986	1.237
10987	18.671
10988	12.962
10989	12.797
10990	20.885
10991	21.134
10992	20.73
10993	22.536
10994	1.9122
10995	18.634
10996	15.639
10997	15.798
10998	23.024
10999	21.203
11000	12.611
11001	21.54
11002	5.7004
11003	5.644
11004	0.61722
11005	0.74433
11006	1.2244
11007	1.2587
11008	5.7146
11009	22.11
11010	1.4117
11011	1.7217
11012	21.741
11013	23.372
11014	10.733
11015	23.302
11016	18.572
11017	18.747
11018	5.6599
11019	23.767
11020	1.203
11021	1.2562
11022	21.594
11023	19.792
11024	1.2223
11025	21.694
11026	8.5947
11027	7.5358
11028	21.517
11029	10.716
11030	20.541
11031	13.816
11032	11.922
11033	15.127
11034	0.67644
11035	12.901
11036	13.02
11037	11.419
11038	15.617
11039	23.949
11040	15.637
11041	15.617
11042	20.248
11043	0.87886
11044	1.6033
11045	1.6541
11046	1.1712
11047	2.1669
11048	8.8141
11049	1.003
11050	15.085
11051	10.599
11052	11.304
11053	1.5275
11054	13.053
11055	15.322
11056	22.315
11057	21.492
11058	14.496
11059	11.975
11060	26.304
11061	25.589
11062	25.443
11063	25.45
11064	25.491
11065	25.493
11066	25.49
11067	12.12
11068	8.389
11069	3.0403
11070	13.274
11071	23.228
11072	22.795
11073	22.034
11074	12.789
11075	12.173
11076	23.597
11077	19.799
11078	11.213
11079	1.446
11080	1.1031
11081	5.6976
11082	14.005
11083	24.602
11084	14.599
11085	8.4898
11086	0.88642
11087	0.99616
11088	21.905
11089	1.3277
11090	1.3095
11091	0.92404
11092	1.2914
11093	3.9044
11094	2.6738
11095	13.828
11096	17.604
11097	1.5119
11098	16.61
11099	11.201
11100	16.06
11101	15.581
11102	17.741
11103	13.538
11104	13.903
11105	13.662
11106	0.54073
11107	23.864
11108	9.525
11109	23.658
11110	0.77741
11111	19.174
11112	19.472
11113	13.807
11114	7.9112
11115	10.212
11116	11.699
11117	13.576
11118	14.271
11119	10.966
11120	16.241
11121	16.819
11122	20.937
11123	21.862
11124	21.022
11125	4.6375
11126	12.616
11127	15.048
11128	14.11
11129	13.577
11130	13.497
11131	14.944
11132	14.609
11133	14.36
11134	21.407
11135	20.943
11136	21.195
11137	20.732
11138	14.706
11139	15.457
11140	15.257
11141	16.019
11142	18.041
11143	16.3
11144	15.762
11145	14.205
11146	12.859
11147	12.182
11148	11.093
11149	12.313
11150	13.565
11151	13.597
11152	12.414
11153	15.014
11154	16.409
11155	16.223
11156	14.916
11157	17.758
11158	17.412
11159	20.344
11160	21.164
11161	19.587
11162	19.8
11163	6.4537
11164	6.1547
11165	6.5378
11166	6.2392
11167	18.247
11168	18.886
11169	18.649
11170	19.374
11171	10.778
11172	3.5331
11173	3.1856
11174	3.6923
11175	3.3363
11176	3.0017
11177	3.495
11178	3.1531
11179	2.8315
11180	3.3094
11181	2.9817
11182	21.175
11183	19.184
11184	18.386
11185	16.628
11186	14.016
11187	13.968
11188	11.707
11189	9.5784
11190	10.006
11191	8.4384
11192	13.609
11193	14.376
11194	13.344
11195	14.001
11196	10.057
11197	11.062
11198	11.549
11199	11.8
11200	12.327
11201	12.843
11202	12.904
11203	13.45
11204	13.958
11205	13.823
11206	14.361
11207	1.9497
11208	1.7541
11209	2.0841
11210	1.8835
11211	1.7016
11212	2.0223
11213	1.8337
11214	13.529
11215	13.601
11216	13.761
11217	13.832
11218	13.857
11219	14.072
11220	14.092
11221	14.047
11222	14.382
11223	14.332
11224	14.635
11225	12.467
11226	13.596
11227	13.511
11228	14.754
11229	15.981
11230	15.658
11231	16.994
11232	22.22
11233	21.579
11234	21.644
11235	21.057
11236	15.932
11237	16.541
11238	16.252
11239	16.952
11240	11.667
11241	11.459
11242	11.811
11243	11.619
11244	21.891
11245	22.314
11246	22.11
11247	22.541
11248	22.967
11249	22.777
11250	23.21
11251	17.213
11252	17.932
11253	17.697
11254	18.492
11255	19.323
11256	19.113
11257	20.005
11258	18.984
11259	19.537
11260	19.348
11261	19.999
11262	20.7
11263	20.543
11264	21.324
11265	13.194
11266	13.165
11267	13.371
11268	13.346
11269	13.39
11270	13.46
11271	13.51
11272	13.754
11273	13.557
11274	13.482
11275	13.291
11276	12.965
11277	13.003
11278	12.68
11279	5.0987
11280	4.5587
11281	5.05
11282	4.5267
11283	3.9494
11284	4.5707
11285	4.0123
11286	13.216
11287	13.373
11288	13.421
11289	13.576
11290	13.685
11291	13.569
11292	13.679
11293	13.796
11294	13.513
11295	13.642
11296	7.2496
11297	20.952
11298	9.7419
11299	19.07
11300	18.125
11301	18.386
11302	17.488
11303	16.629
11304	16.899
11305	16.101
11306	19.759
11307	19.814
11308	20.083
11309	20.169
11310	20.301
11311	20.543
11312	20.704
11313	20.892
11314	21.117
11315	21.332
11316	9.9576
11317	10.857
11318	10.701
11319	11.633
11320	12.336
11321	12.344
11322	13.072
11323	17.415
11324	17.084
11325	16.684
11326	16.185
11327	9.7975
11328	15.914
