Node Number	Normal Stress (MPa)
1	3.0272
2	2.8085
3	18.945
4	18.737
5	18.474
6	18.185
7	17.878
8	17.557
9	17.225
10	16.885
11	16.536
12	16.182
13	15.823
14	15.461
15	15.096
16	14.729
17	14.363
18	13.997
19	13.633
20	13.271
21	12.913
22	12.56
23	12.212
24	11.869
25	11.534
26	11.206
27	10.886
28	10.574
29	10.272
30	9.9774
31	9.6925
32	9.4165
33	9.1493
34	8.8907
35	8.64
36	8.3964
37	8.159
38	7.9268
39	7.6986
40	7.4728
41	7.248
42	7.0228
43	6.7952
44	6.5638
45	6.3272
46	6.0832
47	5.8304
48	5.5672
49	5.2926
50	5.0064
51	4.7095
52	4.404
53	4.0933
54	3.7851
55	3.4908
56	3.2197
57	3.0164
58	22.102
59	19.19
60	19.487
61	19.805
62	20.13
63	20.451
64	20.763
65	21.057
66	21.335
67	21.59
68	21.826
69	22.038
70	22.227
71	22.391
72	22.532
73	22.644
74	22.732
75	22.793
76	22.825
77	22.828
78	22.801
79	22.744
80	22.656
81	22.546
82	22.419
83	22.271
84	5.4743
85	21.946
86	21.776
87	21.59
88	21.387
89	21.168
90	20.933
91	20.681
92	20.413
93	20.128
94	19.826
95	19.508
96	19.173
97	18.822
98	18.453
99	18.068
100	17.667
101	17.249
102	16.814
103	16.364
104	15.897
105	15.415
106	14.917
107	14.404
108	13.876
109	13.333
110	12.777
111	12.207
112	11.622
113	11.025
114	10.414
115	9.7889
116	9.1503
117	8.4998
118	7.8366
119	7.1632
120	6.4819
121	5.7996
122	5.1232
123	4.4628
124	3.8409
125	3.2698
126	2.7843
127	2.4088
128	2.1731
129	2.1054
130	2.2308
131	2.5747
132	3.1846
133	4.1575
134	20.629
135	20.396
136	20.154
137	19.9
138	19.635
139	19.358
140	19.069
141	18.768
142	18.455
143	18.129
144	17.791
145	17.44
146	17.077
147	16.701
148	16.312
149	15.91
150	15.496
151	15.069
152	14.629
153	14.177
154	13.713
155	13.237
156	12.749
157	12.25
158	11.739
159	11.218
160	10.686
161	10.144
162	9.5921
163	9.0306
164	8.4612
165	7.8822
166	7.2958
167	6.7012
168	6.1015
169	5.4975
170	4.8927
171	4.2926
172	3.7063
173	3.1449
174	2.626
175	2.1705
176	1.8056
177	1.5522
178	1.4464
179	1.5098
180	1.7637
181	2.222
182	2.9666
183	4.0436
184	22.525
185	22.525
186	22.524
187	22.521
188	22.519
189	22.517
190	22.515
191	22.514
192	22.513
193	22.513
194	22.514
195	22.515
196	22.516
197	22.517
198	22.519
199	22.52
200	22.521
201	22.523
202	22.524
203	22.524
204	22.525
205	22.525
206	22.525
207	22.525
208	22.524
209	22.524
210	22.523
211	22.522
212	22.521
213	22.519
214	22.518
215	22.516
216	22.514
217	22.512
218	22.51
219	22.507
220	22.505
221	22.503
222	22.5
223	22.498
224	22.496
225	22.493
226	22.491
227	22.488
228	22.486
229	22.484
230	22.481
231	22.479
232	22.477
233	22.474
234	22.473
235	22.471
236	22.469
237	22.467
238	22.465
239	22.464
240	22.463
241	22.462
242	22.461
243	22.46
244	22.46
245	22.46
246	22.46
247	22.461
248	22.461
249	22.462
250	22.464
251	22.466
252	22.468
253	22.471
254	22.475
255	22.479
256	22.483
257	22.488
258	22.494
259	22.5
260	22.507
261	22.515
262	22.524
263	22.533
264	22.543
265	22.554
266	22.566
267	22.579
268	22.593
269	22.608
270	22.623
271	22.64
272	22.658
273	22.677
274	22.698
275	22.719
276	22.742
277	22.765
278	22.79
279	22.816
280	22.844
281	22.872
282	22.901
283	22.932
284	22.963
285	22.996
286	23.029
287	23.064
288	23.099
289	23.135
290	23.172
291	23.208
292	23.246
293	23.283
294	23.321
295	23.359
296	23.396
297	23.432
298	23.468
299	23.503
300	23.536
301	23.568
302	23.598
303	23.625
304	23.65
305	23.671
306	23.689
307	23.703
308	23.713
309	23.718
310	23.717
311	23.71
312	23.696
313	23.675
314	23.647
315	23.609
316	23.562
317	23.506
318	23.437
319	23.357
320	23.265
321	23.16
322	23.041
323	22.907
324	22.756
325	22.589
326	22.404
327	22.201
328	21.978
329	21.737
330	21.489
331	21.223
332	20.938
333	19.811
334	22.134
335	21.715
336	21.277
337	20.845
338	20.455
339	20.094
340	13.878
341	19.715
342	19.635
343	19.564
344	19.591
345	19.565
346	19.567
347	19.576
348	19.595
349	19.598
350	19.604
351	19.623
352	19.627
353	19.631
354	19.649
355	19.651
356	19.654
357	19.668
358	19.669
359	19.671
360	19.682
361	19.682
362	19.683
363	19.691
364	19.691
365	19.691
366	19.697
367	19.696
368	19.695
369	19.7
370	19.698
371	19.697
372	19.701
373	19.699
374	19.697
375	19.7
376	19.698
377	19.697
378	19.699
379	19.697
380	19.695
381	19.697
382	19.695
383	19.693
384	19.695
385	19.694
386	19.693
387	19.695
388	19.694
389	19.693
390	19.695
391	19.695
392	19.695
393	19.698
394	19.698
395	19.699
396	19.702
397	19.704
398	19.705
399	19.71
400	19.712
401	19.715
402	19.72
403	19.724
404	19.728
405	19.734
406	19.739
407	19.744
408	19.752
409	19.758
410	19.764
411	19.773
412	19.781
413	19.789
414	19.8
415	19.809
416	19.818
417	19.83
418	19.84
419	19.851
420	19.864
421	19.876
422	19.888
423	19.902
424	19.915
425	19.928
426	19.943
427	19.957
428	19.971
429	19.986
430	20.
431	20.014
432	20.029
433	20.042
434	20.055
435	20.07
436	20.082
437	20.094
438	20.106
439	20.116
440	20.126
441	20.135
442	20.141
443	20.147
444	20.151
445	20.153
446	20.152
447	20.151
448	20.145
449	20.138
450	20.128
451	20.113
452	20.095
453	20.075
454	20.049
455	20.019
456	19.985
457	19.945
458	19.9
459	19.85
460	19.793
461	19.73
462	19.661
463	19.584
464	19.5
465	19.409
466	19.308
467	19.2
468	19.084
469	18.957
470	18.821
471	18.676
472	18.521
473	18.355
474	18.18
475	17.992
476	17.794
477	17.586
478	17.365
479	17.133
480	16.891
481	16.637
482	16.372
483	16.096
484	15.809
485	15.511
486	15.206
487	14.905
488	14.626
489	14.372
490	14.127
491	28.403
492	13.644
493	13.409
494	13.171
495	12.931
496	12.689
497	12.446
498	12.202
499	11.958
500	11.713
501	11.469
502	11.226
503	10.985
504	10.746
505	10.511
506	10.279
507	10.051
508	9.8291
509	9.6124
510	9.4037
511	9.2026
512	9.01
513	8.8277
514	8.6557
515	8.4964
516	8.3497
517	8.2167
518	8.0988
519	7.9973
520	7.9122
521	7.8458
522	7.798
523	7.7696
524	7.7615
525	7.7744
526	7.8094
527	7.8687
528	7.9541
529	8.0729
530	8.2375
531	8.4643
532	8.8101
533	9.2965
534	10.033
535	12.435
536	10.126
537	9.8355
538	9.5382
539	9.2502
540	8.9647
541	8.6755
542	8.3994
543	8.1202
544	7.8546
545	7.5855
546	7.3313
547	7.0856
548	6.8405
549	6.6147
550	6.3903
551	6.1853
552	5.9812
553	5.7978
554	5.627
555	5.465
556	5.3261
557	5.1969
558	5.0927
559	4.9988
560	4.9312
561	4.8867
562	4.8547
563	4.8575
564	4.8736
565	4.9222
566	4.9903
567	5.0826
568	5.199
569	5.341
570	5.5075
571	5.7009
572	5.9199
573	6.1706
574	6.4573
575	6.7923
576	7.1921
577	7.7118
578	8.3907
579	9.2501
580	12.153
581	16.663
582	16.796
583	16.838
584	16.897
585	16.835
586	16.775
587	16.685
588	16.537
589	16.339
590	16.185
591	15.931
592	15.662
593	15.392
594	15.13
595	14.81
596	14.468
597	14.108
598	13.733
599	13.35
600	12.956
601	12.542
602	12.13
603	11.715
604	11.317
605	10.921
606	10.52
607	-7.3263
608	16.511
609	16.343
610	16.34
611	16.413
612	16.337
613	16.362
614	16.386
615	16.243
616	16.261
617	16.237
618	15.997
619	16.027
620	15.968
621	15.639
622	15.719
623	15.54
624	15.185
625	15.243
626	14.784
627	14.712
628	14.648
629	14.146
630	14.161
631	13.948
632	13.398
633	13.44
634	13.141
635	12.595
636	12.566
637	12.289
638	11.683
639	11.844
640	11.308
641	10.891
642	10.618
643	10.074
644	9.7807
645	9.7937
646	8.9448
647	9.2262
648	8.7123
649	7.7603
650	8.4539
651	7.7018
652	7.4604
653	7.022
654	6.884
655	6.01
656	6.6642
657	4.5299
658	5.1161
659	5.6751
660	2.6535
661	3.7241
662	3.0918
663	-0.11127
664	3.3075
665	4.0427
666	0.72343
667	1.4197
668	0.25482
669	0.36125
670	-0.81981
671	-2.3919
672	-2.99
673	-3.822
674	-29.555
675	-17.68
676	-26.355
677	-32.208
678	-1.2152
679	-22.078
680	-13.751
681	-12.659
682	-9.8883
683	-14.321
684	-7.2331
685	-2.8894
686	2.6258
687	4.0526
688	4.1421
689	4.4318
690	4.4476
691	4.2863
692	4.1934
693	3.9932
694	3.6959
695	3.4738
696	3.2018
697	2.8665
698	2.6122
699	2.3347
700	2.0126
701	1.7745
702	1.5277
703	1.2419
704	1.0141
705	0.76416
706	0.48512
707	0.26713
708	5.1543e-002
709	-0.18444
710	-0.3603
711	-0.52344
712	-0.71595
713	-0.85736
714	-0.97728
715	-1.1258
716	-1.2265
717	-1.3029
718	-1.4123
719	-1.473
720	-1.5095
721	-1.5816
722	-1.6085
723	-1.6085
724	-1.6492
725	-1.6456
726	-1.6216
727	-1.6616
728	-1.686
729	-1.7037
730	-1.7562
731	-1.7855
732	-1.7982
733	-1.8414
734	-1.8616
735	-1.8659
736	-1.8784
737	-1.9048
738	-1.8926
739	-1.8897
740	-1.9042
741	-1.8765
742	-1.8566
743	-1.8582
744	-1.8227
745	-1.8241
746	-1.8568
747	-1.8665
748	-1.8868
749	-1.9227
750	-1.9332
751	-1.949
752	-1.9791
753	-1.9791
754	-1.9824
755	-1.9999
756	-1.9853
757	-1.9704
758	-1.9732
759	-1.9395
760	-1.9199
761	-1.938
762	-1.9452
763	-1.9518
764	-1.9727
765	-1.9776
766	-1.974
767	-1.9823
768	-1.9713
769	-1.948
770	-1.9369
771	-1.9046
772	-1.8569
773	-1.8237
774	-1.7729
775	-1.7301
776	-1.7057
777	-1.6722
778	-1.6313
779	-1.5949
780	-1.5454
781	-1.4841
782	-1.4253
783	-1.3505
784	-1.2629
785	-1.1694
786	-1.0735
787	-0.95492
788	-0.8433
789	-0.74218
790	-0.63791
791	-0.54525
792	-0.51457
793	-1.0355
794	3.4413
795	4.6223e-002
796	0.81464
797	1.483
798	2.0684
799	2.5667
800	3.0168
801	2.4958
802	2.432
803	2.5073
804	2.6933
805	2.9782
806	3.329
807	3.7031
808	4.0754
809	4.4145
810	4.6969
811	4.9123
812	5.061
813	5.1441
814	5.1677
815	5.1407
816	5.074
817	4.9761
818	4.856
819	4.7213
820	4.5771
821	4.4292
822	4.2816
823	4.1375
824	3.9982
825	3.8661
826	3.7417
827	3.6267
828	3.5213
829	3.4243
830	3.3382
831	3.2611
832	3.1936
833	3.1352
834	3.0845
835	3.0432
836	3.0088
837	2.9818
838	2.9609
839	2.9468
840	2.9386
841	2.934
842	2.9343
843	2.9375
844	2.9437
845	2.9521
846	2.9618
847	2.9722
848	2.9825
849	2.9928
850	3.0024
851	3.011
852	3.0186
853	3.0255
854	3.0312
855	3.0362
856	3.0398
857	3.0439
858	3.0474
859	3.0488
860	3.0507
861	3.0512
862	3.051
863	3.0492
864	3.0467
865	3.0415
866	3.035
867	3.027
868	3.0162
869	3.0047
870	2.9918
871	2.9757
872	2.9597
873	2.9415
874	2.9231
875	2.9032
876	2.883
877	2.8628
878	2.8415
879	2.8194
880	2.7963
881	2.7726
882	2.7475
883	2.7218
884	2.6952
885	2.6677
886	2.6396
887	2.6115
888	2.5835
889	2.5555
890	2.5281
891	2.5015
892	2.476
893	2.4521
894	2.4291
895	2.4073
896	2.387
897	2.3683
898	2.3521
899	2.3379
900	2.3263
901	2.3183
902	2.3141
903	2.3143
904	2.3195
905	2.3308
906	2.348
907	2.3721
908	2.4042
909	2.4453
910	2.4965
911	2.5604
912	2.6378
913	2.7325
914	2.8472
915	2.9767
916	3.1199
917	3.2756
918	9.6033
919	10.518
920	7.906
921	8.2043
922	13.027
923	16.274
924	17.006
925	16.68
926	15.682
927	15.149
928	15.427
929	6.9276
930	7.2665
931	5.7121
932	4.557
933	-3.4924e-003
934	0.88738
935	-2.2462
936	-1.1041
937	-4.5256
938	-3.4578
939	16.403
940	14.824
941	14.147
942	12.281
943	11.037
944	10.365
945	9.3038
946	9.0745
947	8.5093
948	7.3043
949	6.4049
950	6.7087
951	11.42
952	12.424
953	13.803
954	14.402
955	14.816
956	15.363
957	17.714
958	16.857
959	16.666
960	15.373
961	10.962
962	10.668
963	10.366
964	8.2258
965	4.8656
966	4.3767
967	0.61487
968	-1.1446
969	-2.0101
970	-2.6897
971	-5.9971
972	6.1553
973	6.0592
974	17.
975	7.9104
976	14.865
977	10.063
978	2.6253
979	10.117
980	7.8867
981	10.884
982	17.344
983	14.618
984	13.602
985	4.8524
986	6.0293
987	6.1392
988	21.413
989	16.955
990	15.359
991	14.614
992	13.762
993	13.221
994	12.903
995	12.559
996	11.927
997	12.202
998	11.418
999	10.273
1000	9.6304
1001	8.9725
1002	7.9409
1003	7.4366
1004	7.2126
1005	7.0194
1006	6.8609
1007	6.7807
1008	6.6735
1009	6.4057
1010	6.4601
1011	6.5036
1012	6.5169
1013	6.5885
1014	7.2912
1015	7.5583
1016	8.4998
1017	8.3375
1018	7.9457
1019	8.7913
1020	9.1829
1021	9.8861
1022	10.244
1023	10.037
1024	10.597
1025	11.127
1026	12.334
1027	11.494
1028	12.532
1029	12.461
1030	12.326
1031	12.737
1032	13.197
1033	13.898
1034	13.573
1035	14.192
1036	14.32
1037	16.1
1038	17.746
1039	17.499
1040	17.303
1041	17.161
1042	16.835
1043	16.964
1044	16.679
1045	16.559
1046	16.27
1047	16.423
1048	16.106
1049	15.922
1050	15.728
1051	15.513
1052	15.041
1053	14.583
1054	14.235
1055	13.565
1056	13.168
1057	12.48
1058	12.852
1059	12.115
1060	11.765
1061	11.127
1062	11.447
1063	10.816
1064	10.516
1065	10.216
1066	9.3017
1067	8.9665
1068	8.2893
1069	7.9716
1070	7.2918
1071	5.7124
1072	5.2456
1073	2.7615
1074	1.8387
1075	1.2365
1076	0.48197
1077	-0.47871
1078	-1.7985
1079	-6.2428
1080	-4.664
1081	4.1114
1082	20.897
1083	21.028
1084	21.053
1085	20.888
1086	21.139
1087	21.232
1088	21.155
1089	21.142
1090	21.131
1091	20.923
1092	21.165
1093	21.17
1094	21.18
1095	21.188
1096	21.198
1097	21.152
1098	21.109
1099	21.175
1100	21.588
1101	21.53
1102	21.399
1103	21.03
1104	17.736
1105	17.79
1106	17.733
1107	16.956
1108	16.909
1109	15.455
1110	14.765
1111	13.672
1112	12.815
1113	11.51
1114	10.849
1115	9.3005
1116	8.9433
1117	8.5919
1118	7.1722
1119	6.4924
1120	5.3299
1121	5.3719
1122	5.4297
1123	5.4409
1124	5.9285
1125	6.0245
1126	6.2481
1127	6.7925
1128	7.6812
1129	8.6792
1130	9.1943
1131	9.6052
1132	10.077
1133	10.446
1134	13.803
1135	12.813
1136	13.267
1137	14.447
1138	13.893
1139	14.093
1140	14.861
1141	15.69
1142	16.347
1143	16.576
1144	17.443
1145	16.986
1146	17.305
1147	17.961
1148	18.082
1149	18.78
1150	18.954
1151	18.417
1152	18.004
1153	17.841
1154	17.673
1155	17.265
1156	16.838
1157	15.969
1158	15.676
1159	15.357
1160	13.129
1161	12.482
1162	12.134
1163	10.833
1164	9.0612
1165	8.1726
1166	7.2621
1167	6.226
1168	5.845
1169	5.4694
1170	5.1819
1171	4.4145
1172	1.3273
1173	-0.10089
1174	-0.78025
1175	-1.376
1176	-4.1899
1177	0.10801
1178	1.2035
1179	3.9794
1180	1.2456
1181	1.1559
1182	1.093
1183	0.74198
1184	0.76315
1185	0.74948
1186	0.78437
1187	0.80461
1188	0.76667
1189	0.66649
1190	0.47079
1191	0.51627
1192	0.53894
1193	-4.8897e-002
1194	0.56087
1195	0.42251
1196	0.46077
1197	0.5458
1198	0.6718
1199	0.5068
1200	0.48545
1201	0.41534
1202	0.60294
1203	0.73548
1204	0.72721
1205	5.1013
1206	1.1222
1207	0.86873
1208	0.77873
1209	6.7837
1210	6.7942
1211	2.1047
1212	5.1965
1213	5.8992
1214	-7.6017
1215	-7.8873
1216	16.296
1217	15.402
1218	6.9926
1219	1.3902
1220	1.2134
1221	1.0685
1222	0.91267
1223	1.1291
1224	1.0438
1225	0.95061
1226	0.73247
1227	1.0317
1228	0.98361
1229	0.99009
1230	1.028
1231	1.0453
1232	1.0907
1233	1.1268
1234	1.1169
1235	1.2356
1236	1.0354
1237	0.89902
1238	1.3661
1239	1.089
1240	1.1196
1241	1.1584
1242	0.99658
1243	1.5756
1244	1.4755
1245	1.3961
1246	1.3579
1247	1.366
1248	1.3554
1249	0.99992
1250	1.1254
1251	1.1807
1252	1.1913
1253	1.175
1254	1.6254
1255	1.6067
1256	1.6245
1257	1.6058
1258	1.767
1259	2.2803
1260	2.6241
1261	2.9095
1262	3.6002
1263	3.9082
1264	4.1412
1265	4.0166
1266	3.7936
1267	2.936
1268	3.4331
1269	2.5147
1270	1.8402
1271	-1.4151
1272	-2.2265
1273	-2.0778
1274	-0.54283
1275	0.3107
1276	4.25
1277	4.6567
1278	5.0483
1279	5.6875
1280	6.3344
1281	6.9859
1282	7.5754
1283	8.147
1284	8.9936
1285	11.971
1286	12.617
1287	13.162
1288	13.79
1289	14.511
1290	15.407
1291	15.722
1292	16.028
1293	16.873
1294	17.132
1295	18.143
1296	18.314
1297	18.452
1298	18.64
1299	18.949
1300	19.095
1301	19.261
1302	19.243
1303	19.21
1304	18.63
1305	18.535
1306	18.586
1307	18.388
1308	18.212
1309	17.79
1310	17.444
1311	16.898
1312	16.05
1313	15.37
1314	15.56
1315	14.809
1316	14.213
1317	11.817
1318	10.756
1319	10.055
1320	8.8437
1321	8.0408
1322	5.502
1323	4.9256
1324	4.8063
1325	4.5159
1326	4.6718
1327	4.2295
1328	4.6218
1329	4.9539
1330	5.5989
1331	5.3032
1332	5.9084
1333	7.0464
1334	7.8629
1335	8.2719
1336	9.4871
1337	10.365
1338	10.797
1339	11.965
1340	13.018
1341	14.247
1342	14.764
1343	15.092
1344	16.123
1345	17.475
1346	17.82
1347	18.009
1348	18.463
1349	18.61
1350	18.669
1351	18.769
1352	20.085
1353	20.48
1354	21.164
1355	21.664
1356	21.972
1357	21.985
1358	21.963
1359	21.979
1360	21.877
1361	21.71
1362	21.593
1363	21.487
1364	21.606
1365	21.425
1366	21.368
1367	21.511
1368	21.551
1369	21.531
1370	21.519
1371	21.513
1372	21.509
1373	21.467
1374	21.298
1375	21.302
1376	21.335
1377	21.318
1378	21.312
1379	21.297
1380	21.174
1381	21.198
1382	21.302
1383	21.212
1384	21.528
1385	21.405
1386	21.347
1387	21.494
1388	21.457
1389	21.359
1390	21.347
1391	21.335
1392	21.318
1393	21.314
1394	21.319
1395	21.309
1396	21.334
1397	21.309
1398	21.312
1399	7.1263
1400	6.0921
1401	20.88
1402	4.0245
1403	4.9177
1404	0.57672
1405	0.50937
1406	0.40183
1407	0.26983
1408	0.16099
1409	0.12558
1410	-1.6063e-002
1411	2.756e-002
1412	5.0389e-002
1413	0.1474
1414	0.11207
1415	7.9374e-002
1416	-7.4174e-002
1417	-0.10464
1418	-0.22234
1419	0.2857
1420	-4.7577e-002
1421	-5.6658e-002
1422	-7.5964e-002
1423	-0.129
1424	0.22116
1425	-0.14229
1426	0.33316
1427	0.33479
1428	0.24917
1429	0.18854
1430	0.10768
1431	0.18806
1432	0.40962
1433	0.40012
1434	0.40876
1435	0.32728
1436	0.15582
1437	0.16428
1438	0.21309
1439	9.7308e-002
1440	0.5084
1441	0.49766
1442	0.52873
1443	0.55117
1444	0.61018
1445	0.62616
1446	0.5705
1447	0.56272
1448	0.57985
1449	0.63097
1450	0.62498
1451	1.1197
1452	1.0501
1453	1.3997
1454	1.5393
1455	2.5466
1456	2.7374
1457	3.3197
1458	3.6749
1459	3.9148
1460	3.9
1461	3.7067
1462	3.3411
1463	2.7641
1464	0.80276
1465	-2.1406
1466	-3.1967
1467	-7.7837
1468	-11.664
1469	-9.6871
1470	-12.255
1471	-10.008
1472	-7.889
1473	-5.8904
1474	-4.111
1475	-2.7244
1476	-1.6334
1477	0.26831
1478	1.0236
1479	1.6259
1480	2.1997
1481	2.6797
1482	3.1247
1483	3.6207
1484	4.1468
1485	4.7112
1486	4.8879
1487	5.3106
1488	5.7478
1489	6.1705
1490	6.5457
1491	7.209
1492	7.4616
1493	7.7453
1494	8.0497
1495	8.3562
1496	8.6594
1497	8.945
1498	9.4647
1499	9.7681
1500	10.076
1501	10.38
1502	10.686
1503	11.294
1504	11.6
1505	11.922
1506	12.255
1507	12.615
1508	12.888
1509	13.148
1510	13.391
1511	13.688
1512	14.177
1513	14.401
1514	14.657
1515	14.889
1516	15.185
1517	15.389
1518	15.589
1519	15.779
1520	15.943
1521	16.094
1522	16.232
1523	16.361
1524	16.474
1525	16.582
1526	16.702
1527	16.817
1528	16.952
1529	17.051
1530	17.164
1531	17.315
1532	17.568
1533	17.837
1534	18.059
1535	18.218
1536	18.352
1537	18.437
1538	18.448
1539	18.159
1540	17.964
1541	17.763
1542	17.259
1543	16.799
1544	16.59
1545	16.295
1546	15.949
1547	15.615
1548	15.202
1549	14.672
1550	13.668
1551	12.896
1552	12.619
1553	11.986
1554	11.599
1555	11.249
1556	11.131
1557	11.079
1558	10.883
1559	10.352
1560	9.9945
1561	9.2531
1562	9.099
1563	9.2345
1564	9.0591
1565	8.7927
1566	8.2233
1567	7.9287
1568	7.5947
1569	7.3201
1570	7.049
1571	7.0835
1572	6.8398
1573	6.4355
1574	6.4496
1575	6.4411
1576	6.5028
1577	6.6989
1578	6.9076
1579	7.2634
1580	7.7617
1581	8.2965
1582	8.6528
1583	8.7551
1584	8.1612
1585	7.503
1586	7.3407
1587	7.31
1588	7.2543
1589	7.2986
1590	7.5578
1591	7.9228
1592	8.1275
1593	8.3379
1594	8.7929
1595	9.3188
1596	9.856
1597	10.36
1598	10.903
1599	11.395
1600	12.009
1601	12.596
1602	13.047
1603	14.02
1604	14.668
1605	15.606
1606	16.269
1607	16.809
1608	17.76
1609	18.518
1610	18.964
1611	19.37
1612	19.664
1613	20.063
1614	20.362
1615	20.772
1616	20.886
1617	21.219
1618	21.353
1619	21.474
1620	21.41
1621	21.398
1622	21.577
1623	21.542
1624	21.517
1625	21.469
1626	21.427
1627	21.47
1628	21.413
1629	21.348
1630	21.322
1631	21.285
1632	21.255
1633	21.213
1634	21.173
1635	21.17
1636	21.109
1637	21.014
1638	21.046
1639	21.038
1640	21.012
1641	20.946
1642	21.021
1643	20.796
1644	20.822
1645	20.852
1646	20.844
1647	20.837
1648	20.833
1649	20.831
1650	20.829
1651	20.83
1652	20.9
1653	20.927
1654	20.926
1655	20.929
1656	20.93
1657	20.882
1658	20.883
1659	20.834
1660	20.764
1661	20.892
1662	20.907
1663	20.883
1664	20.838
1665	20.888
1666	20.914
1667	20.908
1668	20.882
1669	20.857
1670	20.838
1671	20.921
1672	20.956
1673	20.942
1674	20.872
1675	20.807
1676	20.763
1677	21.113
1678	21.016
1679	20.892
1680	20.97
1681	20.96
1682	20.977
1683	21.003
1684	20.972
1685	20.953
1686	20.942
1687	20.951
1688	20.936
1689	20.912
1690	20.73
1691	20.67
1692	20.865
1693	20.914
1694	20.896
1695	20.895
1696	20.926
1697	7.1864
1698	4.4509
1699	21.325
1700	1.5891
1701	1.0336
1702	20.933
1703	20.477
1704	20.502
1705	20.441
1706	20.344
1707	20.491
1708	20.529
1709	20.543
1710	20.579
1711	20.544
1712	20.508
1713	20.559
1714	20.58
1715	20.452
1716	20.55
1717	20.543
1718	20.476
1719	20.467
1720	20.5
1721	20.514
1722	20.465
1723	20.505
1724	20.49
1725	20.428
1726	20.511
1727	20.504
1728	20.529
1729	20.546
1730	20.541
1731	20.526
1732	20.476
1733	20.479
1734	20.488
1735	20.501
1736	20.493
1737	20.497
1738	20.589
1739	20.64
1740	20.676
1741	20.669
1742	20.767
1743	20.767
1744	20.788
1745	20.814
1746	20.802
1747	20.857
1748	20.908
1749	20.942
1750	20.991
1751	20.993
1752	21.049
1753	21.041
1754	21.061
1755	21.101
1756	21.081
1757	21.092
1758	20.952
1759	20.902
1760	20.901
1761	20.894
1762	20.923
1763	20.776
1764	20.863
1765	20.702
1766	20.767
1767	20.547
1768	20.594
1769	20.347
1770	20.47
1771	20.259
1772	19.993
1773	20.096
1774	19.81
1775	19.456
1776	18.996
1777	18.618
1778	18.261
1779	17.491
1780	17.758
1781	16.913
1782	17.196
1783	16.034
1784	16.678
1785	15.12
1786	15.639
1787	14.257
1788	14.752
1789	14.46
1790	14.178
1791	13.738
1792	13.127
1793	12.675
1794	12.207
1795	11.714
1796	11.15
1797	10.641
1798	10.15
1799	9.689
1800	9.2472
1801	8.8075
1802	8.3957
1803	8.0523
1804	7.6531
1805	7.7664
1806	7.5639
1807	7.5073
1808	7.6204
1809	7.8667
1810	8.751
1811	11.194
1812	10.451
1813	10.516
1814	8.5594
1815	7.2412
1816	6.4633
1817	6.6505
1818	6.3319
1819	6.1234
1820	6.1754
1821	6.1299
1822	6.371
1823	6.344
1824	6.3455
1825	6.5461
1826	7.1987
1827	6.98
1828	7.4015
1829	7.8439
1830	7.9905
1831	8.4741
1832	9.4426
1833	9.0857
1834	9.6649
1835	10.093
1836	9.8948
1837	10.723
1838	10.386
1839	11.038
1840	11.601
1841	12.454
1842	12.122
1843	12.881
1844	14.258
1845	13.901
1846	14.94
1847	14.541
1848	15.541
1849	15.278
1850	16.124
1851	15.83
1852	16.427
1853	16.937
1854	17.523
1855	17.387
1856	17.556
1857	17.747
1858	17.78
1859	17.79
1860	17.659
1861	17.179
1862	17.339
1863	17.058
1864	16.853
1865	16.668
1866	16.412
1867	16.499
1868	16.323
1869	16.103
1870	15.676
1871	15.833
1872	15.516
1873	15.202
1874	14.774
1875	14.345
1876	13.609
1877	13.867
1878	13.119
1879	13.363
1880	12.664
1881	12.896
1882	12.08
1883	12.383
1884	11.783
1885	10.878
1886	11.17
1887	10.219
1888	10.554
1889	9.6187
1890	9.9184
1891	9.0213
1892	9.3197
1893	8.7404
1894	7.839
1895	8.1179
1896	7.2481
1897	7.5714
1898	6.9055
1899	6.2278
1900	5.069
1901	5.3562
1902	3.9143
1903	2.901
1904	2.134
1905	0.91819
1906	-1.6858
1907	-0.56743
1908	-2.8952
1909	-6.6833
1910	-12.33
1911	-14.71
1912	-12.327
1913	-6.8142
1914	-8.1275
1915	-5.386
1916	-1.1649
1917	2.0041
1918	3.7379
1919	3.4116
1920	3.892
1921	3.8886
1922	3.6391
1923	3.2636
1924	2.8277
1925	2.4049
1926	1.987
1927	1.3829
1928	1.5748
1929	1.2433
1930	0.90287
1931	0.54901
1932	0.43023
1933	1.2392e-002
1934	7.3582e-002
1935	-9.4545e-002
1936	-3.3368e-002
1937	-4.8188e-002
1938	-0.10862
1939	-0.13055
1940	-0.25874
1941	-0.45683
1942	-0.18315
1943	-0.45051
1944	-0.44487
1945	-0.41172
1946	-0.31908
1947	-0.32137
1948	-0.32366
1949	-0.42378
1950	-0.46779
1951	-0.37695
1952	-0.43933
1953	-0.57343
1954	-0.68632
1955	-0.72921
1956	-0.66471
1957	-0.67297
1958	-0.67342
1959	-0.6625
1960	-0.68516
1961	-0.70985
1962	-0.76718
1963	-0.79449
1964	-0.66307
1965	-0.70826
1966	-0.63845
1967	-0.48566
1968	-0.47914
1969	-0.49439
1970	-0.40627
1971	-0.11942
1972	-0.23606
1973	-4.1376e-002
1974	6.5579e-002
1975	0.35468
1976	0.2946
1977	4.1115
1978	20.467
1979	20.486
1980	20.461
1981	20.477
1982	20.452
1983	20.497
1984	0.48874
1985	20.905
1986	21.317
1987	7.2556
1988	7.1976
1989	3.8019
1990	4.9388
1991	5.8174
1992	21.688
1993	21.726
1994	21.71
1995	21.725
1996	21.721
1997	21.754
1998	21.72
1999	21.741
2000	21.705
2001	21.727
2002	21.731
2003	21.761
2004	21.771
2005	21.723
2006	21.729
2007	21.749
2008	21.743
2009	21.741
2010	21.761
2011	21.817
2012	21.81
2013	21.763
2014	21.746
2015	21.74
2016	21.71
2017	21.732
2018	21.804
2019	21.787
2020	21.809
2021	21.837
2022	21.871
2023	21.728
2024	21.721
2025	21.775
2026	21.737
2027	21.747
2028	21.815
2029	21.821
2030	21.838
2031	21.692
2032	21.705
2033	21.706
2034	21.694
2035	21.685
2036	21.656
2037	21.679
2038	21.687
2039	21.718
2040	21.796
2041	21.809
2042	21.824
2043	21.817
2044	21.692
2045	21.688
2046	21.692
2047	21.738
2048	21.696
2049	21.694
2050	21.694
2051	21.716
2052	21.787
2053	21.823
2054	21.835
2055	21.836
2056	21.841
2057	21.85
2058	21.87
2059	21.858
2060	21.822
2061	21.83
2062	21.827
2063	21.807
2064	21.771
2065	21.752
2066	21.783
2067	21.796
2068	21.805
2069	21.82
2070	21.86
2071	21.934
2072	21.946
2073	21.927
2074	21.925
2075	21.933
2076	21.961
2077	21.958
2078	21.987
2079	21.985
2080	22.033
2081	22.043
2082	22.077
2083	22.094
2084	22.121
2085	22.141
2086	22.163
2087	22.207
2088	22.226
2089	22.27
2090	22.278
2091	22.296
2092	22.343
2093	22.331
2094	22.375
2095	22.419
2096	22.44
2097	22.444
2098	22.505
2099	22.515
2100	22.579
2101	22.584
2102	22.529
2103	22.503
2104	22.486
2105	22.534
2106	22.574
2107	22.537
2108	22.531
2109	22.552
2110	22.573
2111	22.508
2112	22.495
2113	22.501
2114	22.415
2115	22.359
2116	22.344
2117	22.278
2118	22.323
2119	22.234
2120	22.062
2121	21.917
2122	21.808
2123	21.689
2124	21.478
2125	21.399
2126	21.191
2127	20.97
2128	20.817
2129	20.585
2130	20.418
2131	20.142
2132	19.698
2133	19.382
2134	19.271
2135	19.165
2136	18.942
2137	18.591
2138	18.062
2139	17.78
2140	17.459
2141	17.145
2142	16.786
2143	16.1
2144	15.775
2145	15.498
2146	15.184
2147	14.77
2148	13.948
2149	13.569
2150	13.191
2151	12.813
2152	12.39
2153	11.545
2154	11.1
2155	10.632
2156	10.162
2157	9.6991
2158	8.7835
2159	8.3204
2160	7.8551
2161	7.3876
2162	6.9222
2163	5.9996
2164	5.5639
2165	5.1723
2166	4.7665
2167	4.3668
2168	3.9889
2169	3.6326
2170	3.4107
2171	3.2584
2172	3.2249
2173	3.3301
2174	3.4667
2175	3.7904
2176	3.8109
2177	3.9724
2178	4.2127
2179	4.4307
2180	4.9161
2181	5.6035
2182	6.0096
2183	6.4806
2184	6.9712
2185	7.4616
2186	7.9318
2187	8.397
2188	8.8581
2189	9.3434
2190	9.8322
2191	10.241
2192	11.023
2193	11.417
2194	11.808
2195	12.267
2196	12.893
2197	13.802
2198	14.725
2199	15.169
2200	15.59
2201	15.953
2202	16.372
2203	16.588
2204	16.674
2205	16.924
2206	17.313
2207	17.681
2208	18.053
2209	18.444
2210	18.679
2211	18.8
2212	18.997
2213	19.199
2214	19.431
2215	19.578
2216	19.717
2217	19.759
2218	19.664
2219	19.937
2220	20.161
2221	20.335
2222	20.424
2223	20.482
2224	20.581
2225	20.671
2226	20.746
2227	20.877
2228	20.674
2229	20.137
2230	19.86
2231	19.725
2232	19.551
2233	19.368
2234	19.113
2235	18.954
2236	18.814
2237	18.636
2238	18.437
2239	18.229
2240	17.914
2241	17.712
2242	17.505
2243	17.254
2244	16.975
2245	16.676
2246	16.39
2247	16.084
2248	15.763
2249	15.437
2250	15.113
2251	14.445
2252	14.103
2253	13.761
2254	13.423
2255	13.09
2256	12.772
2257	12.464
2258	11.484
2259	11.152
2260	10.485
2261	10.145
2262	9.8259
2263	9.5219
2264	9.2332
2265	8.9523
2266	8.6797
2267	8.1418
2268	7.6061
2269	7.3343
2270	7.058
2271	6.4687
2272	6.1834
2273	5.8924
2274	5.6043
2275	5.2885
2276	4.9379
2277	4.5768
2278	4.2095
2279	3.8358
2280	3.0262
2281	2.1343
2282	1.3287
2283	0.97983
2284	0.68348
2285	0.57923
2286	0.66063
2287	-0.51829
2288	1.8689e-002
2289	1.5545
2290	2.1969
2291	2.7568
2292	3.5234
2293	4.1196
2294	4.305
2295	4.4014
2296	4.4056
2297	4.3801
2298	4.1925
2299	4.0474
2300	3.9212
2301	3.7216
2302	3.5966
2303	3.273
2304	2.9951
2305	2.8479
2306	2.6996
2307	2.4142
2308	2.2817
2309	2.1598
2310	2.119
2311	2.1126
2312	2.1016
2313	2.0882
2314	2.0948
2315	2.1386
2316	1.8364
2317	1.8704
2318	1.8171
2319	1.8007
2320	1.7802
2321	1.7606
2322	1.7331
2323	1.7973
2324	1.8472
2325	1.9227
2326	1.9418
2327	1.9331
2328	1.9313
2329	1.9387
2330	2.0164
2331	1.7605
2332	1.8162
2333	1.7676
2334	1.7626
2335	1.7438
2336	1.7721
2337	1.7828
2338	1.9027
2339	1.9422
2340	2.0195
2341	1.6788
2342	1.7309
2343	1.6983
2344	1.7123
2345	1.7677
2346	1.9079
2347	1.8805
2348	1.6943
2349	1.692
2350	1.6929
2351	1.6511
2352	1.6247
2353	1.6037
2354	1.5859
2355	1.5531
2356	1.522
2357	1.4818
2358	1.4787
2359	1.4955
2360	1.4854
2361	1.2845
2362	1.3345
2363	1.3197
2364	1.2946
2365	1.3774
2366	1.4294
2367	1.4014
2368	1.4356
2369	1.4711
2370	1.4985
2371	1.4434
2372	1.5281
2373	1.5428
2374	1.6588
2375	1.721
2376	1.819
2377	1.9543
2378	2.1791
2379	21.716
2380	20.496
2381	0.51086
2382	2.8472
2383	2.6163
2384	2.4722
2385	2.3529
2386	2.2385
2387	2.1316
2388	2.0841
2389	2.0178
2390	1.9818
2391	1.9524
2392	1.9047
2393	1.8793
2394	1.897
2395	1.8796
2396	1.8582
2397	1.874
2398	1.8552
2399	1.8385
2400	1.8736
2401	1.867
2402	1.8856
2403	1.8803
2404	1.9013
2405	2.0074
2406	2.0022
2407	2.0108
2408	2.0052
2409	2.0304
2410	2.0921
2411	2.1047
2412	2.1347
2413	2.1561
2414	2.1802
2415	2.204
2416	2.2297
2417	2.2507
2418	2.2682
2419	2.2762
2420	2.3065
2421	2.4133
2422	2.3958
2423	2.34
2424	2.3601
2425	2.341
2426	2.3535
2427	2.3236
2428	2.5048
2429	2.4893
2430	2.4726
2431	2.4553
2432	2.4378
2433	2.3652
2434	2.4129
2435	2.3954
2436	2.4144
2437	2.4126
2438	2.4308
2439	2.3929
2440	2.5573
2441	2.5353
2442	2.5076
2443	2.4954
2444	2.4883
2445	2.4858
2446	2.4834
2447	2.4613
2448	2.4274
2449	2.3872
2450	2.3671
2451	2.3719
2452	2.3764
2453	2.3717
2454	2.3791
2455	2.3806
2456	2.4032
2457	2.3824
2458	2.5344
2459	2.5382
2460	2.5452
2461	2.5641
2462	2.5864
2463	2.6302
2464	2.6645
2465	2.7656
2466	2.8205
2467	2.8998
2468	3.039
2469	3.0738
2470	3.2487
2471	3.3871
2472	3.4895
2473	3.6289
2474	3.7539
2475	3.9283
2476	4.0746
2477	4.2323
2478	4.3508
2479	4.5009
2480	4.6933
2481	4.7407
2482	4.7595
2483	4.6931
2484	4.5502
2485	4.3268
2486	4.1002
2487	3.786
2488	3.4113
2489	2.9377
2490	2.3909
2491	2.0002
2492	1.7084
2493	1.331
2494	1.5983
2495	1.6043
2496	1.7577
2497	2.0109
2498	2.2385
2499	2.5157
2500	3.2139
2501	3.5672
2502	3.9242
2503	4.2697
2504	4.6019
2505	5.2448
2506	5.5515
2507	5.8376
2508	6.1041
2509	6.3703
2510	6.6273
2511	6.8902
2512	7.1468
2513	7.3986
2514	7.6483
2515	7.8976
2516	8.148
2517	8.401
2518	8.6585
2519	8.922
2520	9.1932
2521	9.473
2522	9.764
2523	10.067
2524	10.379
2525	10.695
2526	11.018
2527	11.346
2528	11.674
2529	12.004
2530	12.334
2531	12.665
2532	13.005
2533	13.353
2534	13.702
2535	14.052
2536	14.402
2537	14.756
2538	15.105
2539	15.452
2540	15.795
2541	16.134
2542	16.458
2543	16.779
2544	17.096
2545	17.401
2546	17.687
2547	17.95
2548	18.195
2549	18.464
2550	18.706
2551	18.939
2552	19.174
2553	19.401
2554	19.64
2555	19.954
2556	20.156
2557	20.4
2558	20.591
2559	20.813
2560	20.968
2561	21.168
2562	21.419
2563	21.635
2564	21.718
2565	21.7
2566	21.696
2567	21.696
2568	21.665
2569	21.63
2570	21.567
2571	21.459
2572	21.301
2573	21.063
2574	21.012
2575	20.912
2576	20.766
2577	20.6
2578	20.4
2579	20.195
2580	19.996
2581	19.801
2582	19.547
2583	19.228
2584	18.901
2585	18.568
2586	18.225
2587	17.94
2588	17.696
2589	17.396
2590	17.019
2591	16.619
2592	16.193
2593	15.755
2594	15.305
2595	14.846
2596	14.377
2597	13.88
2598	13.338
2599	12.843
2600	12.375
2601	11.902
2602	11.427
2603	10.925
2604	10.403
2605	9.8628
2606	9.3201
2607	8.7644
2608	8.2061
2609	7.6357
2610	7.0549
2611	6.4729
2612	5.9087
2613	5.367
2614	4.8528
2615	4.3775
2616	3.8637
2617	3.5175
2618	3.2313
2619	3.0529
2620	3.0162
2621	3.123
2622	3.3638
2623	3.681
2624	3.505
2625	2.9812
2626	2.6843
2627	2.4865
2628	2.3969
2629	2.4316
2630	2.6737
2631	2.9484
2632	3.3309
2633	3.7661
2634	4.2362
2635	4.7215
2636	5.2194
2637	5.7415
2638	6.2774
2639	6.8076
2640	7.3314
2641	7.8595
2642	8.3831
2643	8.8971
2644	9.412
2645	9.9158
2646	10.41
2647	10.917
2648	11.413
2649	11.886
2650	12.345
2651	12.811
2652	13.258
2653	13.675
2654	14.097
2655	14.507
2656	14.917
2657	15.33
2658	15.734
2659	16.1
2660	16.435
2661	16.773
2662	17.116
2663	17.46
2664	17.799
2665	18.116
2666	18.417
2667	18.717
2668	19.003
2669	19.259
2670	19.537
2671	19.784
2672	19.986
2673	20.179
2674	20.409
2675	20.65
2676	20.814
2677	21.076
2678	21.315
2679	21.515
2680	21.709
2681	21.873
2682	22.062
2683	22.281
2684	22.344
2685	22.478
2686	22.586
2687	22.702
2688	22.74
2689	22.889
2690	22.96
2691	22.98
2692	23.017
2693	23.039
2694	23.077
2695	23.158
2696	23.118
2697	23.121
2698	23.141
2699	23.117
2700	23.11
2701	23.106
2702	23.136
2703	23.073
2704	23.038
2705	23.013
2706	23.025
2707	23.051
2708	23.005
2709	22.943
2710	22.926
2711	22.89
2712	22.867
2713	22.829
2714	22.798
2715	22.757
2716	22.754
2717	22.705
2718	22.659
2719	22.646
2720	22.613
2721	22.603
2722	22.555
2723	22.519
2724	22.516
2725	22.475
2726	22.45
2727	22.424
2728	22.413
2729	22.374
2730	22.349
2731	22.334
2732	22.333
2733	22.285
2734	22.298
2735	22.284
2736	22.277
2737	22.26
2738	22.225
2739	22.197
2740	22.183
2741	22.188
2742	22.142
2743	22.137
2744	22.147
2745	22.169
2746	22.165
2747	22.163
2748	22.163
2749	22.172
2750	22.179
2751	22.166
2752	22.158
2753	22.154
2754	22.153
2755	22.151
2756	22.143
2757	22.143
2758	22.096
2759	22.082
2760	22.069
2761	22.079
2762	22.095
2763	22.08
2764	22.063
2765	22.091
2766	22.154
2767	22.148
2768	22.141
2769	22.129
2770	22.101
2771	22.084
2772	22.079
2773	22.075
2774	22.081
2775	22.083
2776	22.114
2777	22.1
2778	22.106
2779	22.15
2780	22.167
2781	22.156
2782	22.131
2783	22.128
2784	22.161
2785	22.126
2786	22.136
2787	22.178
2788	22.175
2789	22.164
2790	22.148
2791	22.151
2792	22.103
2793	22.122
2794	22.127
2795	22.137
2796	22.154
2797	22.168
2798	22.168
2799	22.131
2800	22.122
2801	22.153
2802	22.136
2803	22.125
2804	22.13
2805	22.143
2806	22.157
2807	22.113
2808	22.141
2809	22.121
2810	22.156
2811	22.126
2812	22.131
2813	22.114
2814	22.12
2815	22.118
2816	22.146
2817	22.119
2818	22.16
2819	22.128
2820	6.008
2821	6.0899
2822	21.745
2823	22.144
2824	1.878
2825	1.3252
2826	0.66548
2827	-8.9646e-002
2828	-0.14
2829	-7.6227e-002
2830	-0.16354
2831	-0.22498
2832	-0.31648
2833	-0.42149
2834	-0.46026
2835	-0.58943
2836	-0.67804
2837	-0.78711
2838	-0.86505
2839	-0.93649
2840	-1.0029
2841	-1.0502
2842	-1.0724
2843	-1.0873
2844	-1.0643
2845	-1.1021
2846	-1.1331
2847	-1.1433
2848	-1.1652
2849	-1.2485
2850	-1.2841
2851	-1.3192
2852	-1.3669
2853	-1.3754
2854	-1.3705
2855	-1.3623
2856	-1.3419
2857	-1.3216
2858	-1.3058
2859	-1.2977
2860	-1.2917
2861	-1.293
2862	-1.3027
2863	-1.3133
2864	-1.3268
2865	-1.3427
2866	-1.3224
2867	-1.1864
2868	-1.2958
2869	-1.1896
2870	-1.129
2871	-1.1204
2872	-1.1404
2873	-1.1515
2874	-1.1588
2875	-1.1482
2876	-1.1143
2877	-1.0442
2878	-1.0404
2879	-1.0928
2880	-1.1032
2881	-1.1079
2882	-1.102
2883	-1.0932
2884	-1.1327
2885	-1.1283
2886	-1.1252
2887	-1.1249
2888	-1.1315
2889	-1.1734
2890	-1.0941
2891	-1.1003
2892	-1.0263
2893	-0.93137
2894	-0.91282
2895	-0.92221
2896	-0.88815
2897	-0.86495
2898	-0.86897
2899	-0.7902
2900	-0.77649
2901	-0.74654
2902	-0.75423
2903	-0.66259
2904	-0.59126
2905	-0.50696
2906	-0.41105
2907	-0.22343
2908	-0.14262
2909	2.4841e-002
2910	0.23178
2911	0.35729
2912	0.56526
2913	0.77493
2914	0.93307
2915	1.1455
2916	1.4043
2917	1.613
2918	1.8534
2919	2.0759
2920	2.3402
2921	2.5704
2922	2.8277
2923	3.0636
2924	3.2998
2925	3.5233
2926	3.7215
2927	3.8788
2928	3.9997
2929	4.0323
2930	3.983
2931	3.7819
2932	3.4479
2933	2.5793
2934	1.4355
2935	-1.7552
2936	-6.6194
2937	-8.0023
2938	-7.9876
2939	-9.6959
2940	-12.865
2941	-16.221
2942	-19.762
2943	-20.008
2944	-19.552
2945	-14.826
2946	-10.139
2947	-6.3749
2948	-4.4718
2949	-2.5927
2950	-0.98093
2951	-0.5972
2952	0.25028
2953	1.2526
2954	1.7729
2955	2.1029
2956	2.8038
2957	2.7284
2958	3.2661
2959	4.2912
2960	4.5049
2961	4.7858
2962	5.5623
2963	5.8116
2964	6.1655
2965	6.5869
2966	7.1394
2967	7.3683
2968	7.565
2969	7.8737
2970	8.3535
2971	8.4377
2972	8.7666
2973	9.2532
2974	9.3948
2975	9.6848
2976	10.458
2977	10.728
2978	11.033
2979	11.396
2980	11.955
2981	12.282
2982	12.573
2983	12.827
2984	13.096
2985	13.367
2986	13.587
2987	13.831
2988	14.085
2989	14.303
2990	14.514
2991	14.721
2992	14.921
2993	15.145
2994	15.488
2995	15.648
2996	15.773
2997	15.901
2998	16.024
2999	16.22
3000	16.302
3001	16.374
3002	16.42
3003	16.47
3004	16.524
3005	16.64
3006	16.742
3007	16.856
3008	16.978
3009	17.09
3010	17.176
3011	17.248
3012	17.254
3013	17.255
3014	17.153
3015	17.039
3016	16.939
3017	16.755
3018	16.618
3019	16.394
3020	16.195
3021	15.851
3022	15.6
3023	15.275
3024	14.945
3025	14.6
3026	14.267
3027	13.922
3028	13.587
3029	13.189
3030	12.933
3031	12.423
3032	11.928
3033	11.55
3034	11.187
3035	10.861
3036	10.556
3037	10.3
3038	10.019
3039	9.7346
3040	9.4384
3041	8.8637
3042	8.6355
3043	8.4753
3044	8.2644
3045	8.035
3046	7.7564
3047	7.504
3048	6.8352
3049	6.7346
3050	6.5971
3051	6.4367
3052	6.2699
3053	6.123
3054	5.9749
3055	5.8566
3056	5.7269
3057	5.6525
3058	5.6374
3059	5.6626
3060	5.6819
3061	5.6869
3062	5.691
3063	5.7511
3064	5.8578
3065	6.0028
3066	6.1522
3067	6.3523
3068	6.6057
3069	6.9249
3070	7.3437
3071	7.9404
3072	8.8348
3073	10.429
3074	13.733
3075	13.808
3076	13.542
3077	10.612
3078	9.3233
3079	8.6475
3080	8.2528
3081	8.0219
3082	7.868
3083	7.7658
3084	7.7039
3085	7.6768
3086	7.6844
3087	7.72
3088	7.779
3089	7.8598
3090	7.9584
3091	8.0729
3092	8.2039
3093	8.3551
3094	8.5255
3095	8.6985
3096	8.8802
3097	9.0666
3098	9.2614
3099	9.4602
3100	9.6909
3101	9.9167
3102	10.119
3103	10.369
3104	10.612
3105	10.866
3106	11.111
3107	11.322
3108	11.591
3109	11.838
3110	12.07
3111	12.304
3112	12.559
3113	12.834
3114	13.096
3115	13.336
3116	13.547
3117	13.726
3118	13.881
3119	14.181
3120	14.539
3121	14.91
3122	15.266
3123	15.659
3124	15.989
3125	16.226
3126	16.562
3127	16.837
3128	17.07
3129	17.38
3130	17.49
3131	17.734
3132	17.919
3133	18.115
3134	18.407
3135	18.614
3136	18.805
3137	19.001
3138	19.178
3139	19.297
3140	19.364
3141	19.525
3142	19.632
3143	19.773
3144	19.868
3145	19.901
3146	20.077
3147	20.127
3148	20.191
3149	20.299
3150	20.318
3151	20.397
3152	20.384
3153	20.403
3154	20.433
3155	20.477
3156	20.552
3157	20.571
3158	20.552
3159	20.588
3160	20.595
3161	20.607
3162	20.604
3163	20.618
3164	20.593
3165	20.621
3166	20.595
3167	20.623
3168	20.591
3169	20.572
3170	20.554
3171	20.558
3172	20.539
3173	20.532
3174	20.5
3175	20.493
3176	20.498
3177	20.444
3178	20.467
3179	20.429
3180	20.416
3181	20.432
3182	20.389
3183	20.402
3184	20.375
3185	20.383
3186	20.318
3187	20.293
3188	20.281
3189	20.314
3190	20.272
3191	20.256
3192	20.205
3193	20.225
3194	20.221
3195	20.176
3196	20.155
3197	20.149
3198	20.146
3199	20.143
3200	20.143
3201	20.129
3202	20.124
3203	20.119
3204	20.114
3205	20.112
3206	20.089
3207	20.128
3208	20.151
3209	20.136
3210	20.107
3211	20.125
3212	20.114
3213	20.124
3214	20.117
3215	20.118
3216	20.087
3217	20.07
3218	20.102
3219	20.101
3220	20.135
3221	20.085
3222	20.113
3223	20.116
3224	20.094
3225	20.057
3226	20.079
3227	20.078
3228	20.13
3229	20.115
3230	20.123
3231	20.101
3232	20.077
3233	20.041
3234	20.13
3235	20.141
3236	20.153
3237	20.111
3238	20.093
3239	20.119
3240	20.114
3241	20.147
3242	20.135
3243	20.121
3244	20.127
3245	20.109
3246	20.112
3247	20.121
3248	20.11
3249	20.045
3250	20.031
3251	19.999
3252	20.051
3253	20.086
3254	20.092
3255	20.005
3256	20.042
3257	20.04
3258	20.033
3259	20.037
3260	20.025
3261	20.016
3262	20.022
3263	20.091
3264	20.077
3265	20.115
3266	4.4379
3267	4.1962
3268	6.0134
3269	5.0327
3270	4.1158
3271	4.3461
3272	5.1972
3273	4.9615
3274	1.3589
3275	-0.33972
3276	2.8706
3277	17.086
3278	1.696
3279	7.
3280	8.8063
3281	10.7
3282	8.1767
3283	12.591
3284	14.451
3285	21.041
3286	2.3283
3287	20.8
3288	20.838
3289	21.466
3290	21.51
3291	20.896
3292	21.275
3293	16.764
3294	21.317
3295	16.521
3296	20.81
3297	20.972
3298	-0.51147
3299	-0.46417
3300	20.457
3301	-0.30049
3302	-0.39478
3303	0.10907
3304	19.683
3305	1.9962
3306	21.299
3307	7.0249
3308	0.92336
3309	1.9632
3310	1.3124
3311	22.056
3312	21.869
3313	21.875
3314	21.827
3315	20.862
3316	21.38
3317	21.624
3318	21.562
3319	21.553
3320	21.416
3321	21.356
3322	21.452
3323	19.22
3324	-0.3102
3325	1.9598
3326	21.91
3327	21.573
3328	21.672
3329	21.561
3330	21.434
3331	21.979
3332	21.748
3333	21.27
3334	21.486
3335	21.501
3336	21.834
3337	8.4403
3338	0.89813
3339	-0.18144
3340	18.378
3341	18.396
3342	1.2263
3343	17.359
3344	1.2627
3345	12.813
3346	3.497
3347	8.4108
3348	-0.3542
3349	1.8662
3350	2.0492
3351	1.0262
3352	11.125
3353	3.8491
3354	2.0924
3355	0.26185
3356	11.816
3357	3.5231
3358	15.84
3359	7.6468
3360	9.7038
3361	7.5262
3362	-4.4612
3363	0.7472
3364	13.271
3365	3.1566
3366	11.326
3367	20.525
3368	0.93066
3369	1.6708
3370	6.7713
3371	7.9722
3372	3.8635
3373	17.626
3374	-0.17867
3375	-1.9094
3376	-0.51104
3377	2.3562
3378	17.733
3379	1.0589
3380	1.0597
3381	1.0765
3382	20.427
3383	20.565
3384	20.952
3385	20.404
3386	21.04
3387	21.036
3388	20.785
3389	20.513
3390	20.822
3391	20.89
3392	20.51
3393	21.035
3394	20.494
3395	20.504
3396	21.076
3397	10.952
3398	15.005
3399	6.9466
3400	20.91
3401	20.129
3402	20.079
3403	20.53
3404	20.483
3405	20.498
3406	20.496
3407	20.456
3408	20.638
3409	20.52
3410	20.661
3411	20.493
3412	20.726
3413	20.58
3414	20.538
3415	20.852
3416	20.548
3417	20.908
3418	20.526
3419	20.988
3420	20.354
3421	21.027
3422	20.47
3423	21.068
3424	21.063
3425	20.093
3426	20.092
3427	20.073
3428	3.1218
3429	21.892
3430	-9.6869
3431	6.0914
3432	4.6066
3433	-5.893
3434	21.311
3435	1.454
3436	20.648
3437	20.553
3438	20.584
3439	20.456
3440	20.492
3441	0.16962
3442	20.486
3443	15.977
3444	20.499
3445	20.473
3446	1.3028
3447	1.6907
3448	20.476
3449	20.428
3450	13.343
3451	1.0793
3452	0.34001
3453	14.822
3454	6.5662
3455	9.4878
3456	1.4881
3457	10.621
3458	6.8716
3459	0.13484
3460	11.948
3461	1.6432
3462	16.774
3463	-2.7597e-002
3464	18.364
3465	19.721
3466	6.9922
3467	6.9169
3468	16.813
3469	14.779
3470	15.05
3471	20.488
3472	18.386
3473	15.163
3474	0.21426
3475	5.2363
3476	18.856
3477	10.447
3478	3.7685
3479	8.5545
3480	9.0573
3481	10.123
3482	6.5289
3483	10.639
3484	18.081
3485	11.689
3486	-0.33752
3487	12.311
3488	13.282
3489	14.989
3490	14.872
3491	2.1496
3492	13.513
3493	-0.69151
3494	11.705
3495	10.552
3496	9.9764
3497	12.145
3498	8.1796
3499	19.936
3500	6.9363
3501	9.3891
3502	16.219
3503	-7.9335e-002
3504	1.7114
3505	9.2798
3506	20.536
3507	6.2603
3508	4.0194
3509	1.8815
3510	1.7238
3511	8.3698
3512	7.4069
3513	-0.50355
3514	1.1648
3515	15.097
3516	0.53699
3517	-4.2746e-002
3518	14.274
3519	6.646
3520	9.0897
3521	11.58
3522	13.792
3523	15.765
3524	4.4677
3525	6.5164
3526	-10.065
3527	15.678
3528	1.1375
3529	6.9039
3530	6.6841
3531	1.1274
3532	7.7304
3533	15.367
3534	-0.63898
3535	2.6337
3536	7.678
3537	2.3976
3538	10.562
3539	13.084
3540	14.197
3541	13.473
3542	15.232
3543	0.27416
3544	11.482
3545	14.111
3546	5.5683
3547	19.123
3548	17.519
3549	-15.301
3550	0.38776
3551	3.9293
3552	13.955
3553	6.8987
3554	7.7735
3555	0.56334
3556	14.989
3557	7.5389
3558	13.743
3559	11.147
3560	-6.039
3561	6.5332
3562	2.5262
3563	18.338
3564	1.9075
3565	12.303
3566	21.203
3567	21.261
3568	19.53
3569	21.348
3570	20.243
3571	21.423
3572	20.844
3573	21.472
3574	21.14
3575	21.541
3576	21.371
3577	16.578
3578	21.391
3579	21.466
3580	21.229
3581	21.272
3582	8.6083
3583	21.279
3584	21.509
3585	9.4859
3586	21.332
3587	21.411
3588	6.6828
3589	21.409
3590	21.552
3591	0.80387
3592	21.341
3593	9.6434
3594	21.605
3595	7.6327
3596	21.447
3597	19.913
3598	21.375
3599	20.516
3600	21.757
3601	21.391
3602	21.351
3603	21.859
3604	9.5046e-002
3605	21.628
3606	21.892
3607	0.66108
3608	22.04
3609	22.033
3610	-0.23287
3611	1.1281
3612	0.74845
3613	2.194
3614	-0.7835
3615	-0.44142
3616	16.993
3617	-4.2314
3618	1.0558
3619	1.6191
3620	9.3563
3621	20.494
3622	1.0862
3623	2.954
3624	1.1179
3625	-0.53637
3626	16.134
3627	1.3667
3628	3.0954
3629	16.129
3630	3.8359
3631	9.6477
3632	19.159
3633	1.466
3634	3.0151
3635	6.2432
3636	6.4569
3637	6.3913
3638	6.8935
3639	14.047
3640	10.679
3641	7.8739
3642	15.321
3643	1.0671
3644	2.8366
3645	9.165
3646	8.7788
3647	18.719
3648	16.707
3649	19.715
3650	17.743
3651	11.861
3652	10.824
3653	9.8078
3654	16.44
3655	14.354
3656	11.966
3657	9.2463
3658	6.4605
3659	2.6743
3660	1.1596
3661	8.1723
3662	21.446
3663	21.564
3664	21.277
3665	20.898
3666	21.508
3667	20.965
3668	21.457
3669	20.589
3670	21.373
3671	19.799
3672	21.304
3673	19.188
3674	13.712
3675	21.217
3676	11.284
3677	21.175
3678	0.9454
3679	20.538
3680	19.52
3681	13.994
3682	12.881
3683	12.437
3684	11.441
3685	10.889
3686	9.8926
3687	9.4598
3688	8.5877
3689	8.218
3690	-0.73389
3691	0.88114
3692	3.4377
3693	13.342
3694	22.048
3695	1.7925
3696	16.956
3697	3.7854
3698	22.12
3699	21.966
3700	21.298
3701	21.989
3702	21.91
3703	21.597
3704	21.024
3705	21.735
3706	6.2682
3707	20.286
3708	21.349
3709	21.656
3710	21.382
3711	21.586
3712	1.5924
3713	3.3583
3714	19.28
3715	6.7527
3716	-0.45672
3717	21.496
3718	16.584
3719	-0.23874
3720	-0.69275
3721	14.56
3722	20.925
3723	0.79588
3724	1.3003
3725	3.7518
3726	15.457
3727	17.769
3728	13.332
3729	-9.3938
3730	-0.33893
3731	-0.42938
3732	17.973
3733	-0.37177
3734	7.9028
3735	9.0264
3736	10.408
3737	5.7605
3738	11.995
3739	0.20411
3740	13.444
3741	0.45393
3742	20.222
3743	-14.587
3744	7.7156
3745	12.326
3746	18.848
3747	2.216
3748	-0.47689
3749	0.53544
3750	4.1452
3751	9.1381
3752	7.2871
3753	7.5114
3754	12.314
3755	15.717
3756	15.111
3757	20.143
3758	4.9282
3759	13.205
3760	19.607
3761	18.747
3762	18.014
3763	11.165
3764	6.8255
3765	-0.53679
3766	3.8012
3767	11.706
3768	1.1282
3769	7.7783
3770	7.2517
3771	19.606
3772	17.059
3773	-3.211
3774	16.569
3775	2.402
3776	10.062
3777	14.11
3778	0.57305
3779	-3.1853
3780	19.881
3781	16.462
3782	-0.68926
3783	20.036
3784	13.488
3785	1.3462
3786	0.16593
3787	-0.75511
3788	21.334
3789	18.412
3790	19.266
3791	21.732
3792	0.98324
3793	1.9303
3794	6.6024
3795	2.4398
3796	2.6317
3797	0.23695
3798	1.5771
3799	0.62019
3800	17.371
3801	17.176
3802	19.928
3803	10.989
3804	9.5751
3805	4.2896
3806	-0.18441
3807	3.467
3808	13.741
3809	1.7132
3810	16.473
3811	9.9298
3812	7.4545
3813	3.415
3814	1.7987
3815	5.3857e-002
3816	1.3865
3817	-0.49642
3818	18.466
3819	13.11
3820	14.368
3821	12.854
3822	11.162
3823	9.6034
3824	13.03
3825	5.7037
3826	7.2653
3827	18.518
3828	17.999
3829	17.51
3830	3.0611
3831	1.7561
3832	-0.49933
3833	-0.48816
3834	0.74093
3835	2.5841
3836	-0.7749
3837	-0.15253
3838	14.165
3839	8.652
3840	-0.62984
3841	17.582
3842	6.0119
3843	10.596
3844	6.4624
3845	6.2581
3846	8.6791
3847	11.199
3848	13.401
3849	15.419
3850	14.813
3851	6.9913
3852	8.504
3853	5.3836
3854	15.253
3855	17.384
3856	15.663
3857	1.3743
3858	11.104
3859	15.103
3860	12.894
3861	3.3948
3862	9.193
3863	7.8603
3864	0.83082
3865	18.134
3866	8.9399
3867	7.6068
3868	9.9017
3869	15.212
3870	15.543
3871	-3.4143
3872	12.311
3873	5.1739
3874	21.168
3875	20.833
3876	21.163
3877	20.823
3878	21.212
3879	20.852
3880	8.2376
3881	14.401
3882	14.71
3883	13.908
3884	14.268
3885	21.277
3886	21.287
3887	-7.584e-002
3888	0.52234
3889	-8.2802e-002
3890	0.49834
3891	-8.827e-002
3892	0.48263
3893	-0.11485
3894	0.47707
3895	-0.14119
3896	0.43103
3897	3.4153
3898	3.2545
3899	3.0495
3900	21.944
3901	21.835
3902	21.698
3903	21.267
3904	19.638
3905	18.587
3906	19.455
3907	18.357
3908	3.3676
3909	3.9498
3910	3.17
3911	3.7611
3912	3.4964
3913	3.9705
3914	21.308
3915	21.335
3916	20.895
3917	20.903
3918	21.536
3919	0.71116
3920	3.9722
3921	20.903
3922	19.106
3923	12.669
3924	1.6077
3925	2.2302
3926	1.0382
3927	13.919
3928	17.558
3929	0.43364
3930	15.206
3931	14.962
3932	-0.21828
3933	-0.25544
3934	-4.8254
3935	-3.5817
3936	0.3397
3937	13.568
3938	1.1047
3939	21.851
3940	21.739
3941	22.003
3942	21.967
3943	0.89744
3944	15.272
3945	21.343
3946	21.382
3947	21.173
3948	21.176
3949	0.54908
3950	4.0425
3951	0.42062
3952	0.38656
3953	6.3603
3954	6.512
3955	5.8263
3956	6.0543
3957	7.286
3958	7.6808
3959	7.1035
3960	7.4049
3961	6.9072
3962	7.1057
3963	6.6834
3964	6.7861
3965	13.478
3966	13.832
3967	14.091
3968	14.434
3969	0.95523
3970	0.90065
3971	0.38817
3972	0.30383
3973	2.9596
3974	2.4789
3975	2.5058
3976	1.9951
3977	2.0402
3978	1.3878
3979	6.1526
3980	6.5683
3981	6.1658
3982	6.5787
3983	6.5951
3984	6.9429
3985	12.336
3986	12.79
3987	11.326
3988	11.756
3989	7.5948
3990	7.9112
3991	7.5723
3992	7.873
3993	9.9511
3994	10.242
3995	9.8865
3996	10.218
3997	1.8451
3998	2.0182
3999	7.6591
4000	7.4113
4001	8.2756
4002	7.9498
4003	8.5411
4004	8.8574
4005	8.4756
4006	8.7731
4007	8.4335
4008	8.7164
4009	20.97
4010	20.97
4011	21.379
4012	21.34
4013	17.953
4014	18.223
4015	18.946
4016	19.193
4017	11.631
4018	11.294
4019	11.767
4020	11.449
4021	11.954
4022	11.615
4023	1.2809
4024	15.93
4025	15.92
4026	9.6097
4027	9.911
4028	9.4679
4029	9.7667
4030	16.599
4031	16.315
4032	16.53
4033	16.249
4034	16.428
4035	16.185
4036	16.337
4037	16.132
4038	-1.0207
4039	-2.148
4040	0.15029
4041	-0.58384
4042	1.0758
4043	0.71481
4044	11.969
4045	12.506
4046	10.859
4047	11.136
4048	11.357
4049	11.666
4050	11.858
4051	12.182
4052	12.338
4053	12.673
4054	14.837
4055	14.482
4056	15.95
4057	15.736
4058	17.189
4059	16.959
4060	13.414
4061	13.27
4062	21.5
4063	21.449
4064	18.025
4065	8.4349
4066	8.6794
4067	9.4938
4068	17.545
4069	9.5229
4070	17.161
4071	16.807
4072	16.588
4073	16.205
4074	15.997
4075	15.605
4076	20.893
4077	21.338
4078	2.9179
4079	3.0218
4080	2.5191
4081	2.6521
4082	2.2831
4083	18.841
4084	19.067
4085	18.825
4086	18.606
4087	18.601
4088	18.33
4089	18.334
4090	18.032
4091	18.068
4092	17.718
4093	17.782
4094	17.391
4095	17.479
4096	17.055
4097	17.161
4098	16.71
4099	16.832
4100	16.359
4101	16.497
4102	16.003
4103	16.158
4104	15.642
4105	15.809
4106	15.278
4107	15.457
4108	14.912
4109	15.1
4110	14.546
4111	14.743
4112	14.18
4113	14.382
4114	13.815
4115	14.024
4116	13.452
4117	13.668
4118	13.092
4119	13.312
4120	12.736
4121	12.959
4122	12.386
4123	12.612
4124	12.04
4125	12.273
4126	11.702
4127	11.937
4128	11.37
4129	11.604
4130	11.046
4131	11.276
4132	10.73
4133	10.952
4134	10.423
4135	10.635
4136	10.124
4137	10.326
4138	9.8349
4139	10.022
4140	9.5545
4141	9.7283
4142	9.2829
4143	9.4448
4144	9.02
4145	9.1712
4146	8.7653
4147	8.9064
4148	8.5182
4149	8.6493
4150	8.2777
4151	8.3987
4152	8.0429
4153	8.1535
4154	7.8127
4155	7.9122
4156	7.5857
4157	7.6735
4158	7.3604
4159	7.4357
4160	7.1354
4161	7.1974
4162	6.909
4163	6.9565
4164	6.6795
4165	6.7112
4166	6.4455
4167	6.4671
4168	6.2052
4169	6.2157
4170	5.9568
4171	5.9604
4172	5.6988
4173	5.691
4174	5.4299
4175	5.406
4176	5.1495
4177	5.1104
4178	4.858
4179	4.8042
4180	4.5567
4181	4.4896
4182	4.2486
4183	4.1641
4184	3.9392
4185	3.8303
4186	3.638
4187	3.4995
4188	3.3553
4189	3.1637
4190	3.1181
4191	2.8677
4192	2.6274
4193	22.187
4194	22.024
4195	21.507
4196	19.338
4197	19.064
4198	19.646
4199	19.33
4200	19.968
4201	19.603
4202	20.291
4203	19.885
4204	20.607
4205	20.203
4206	20.91
4207	20.459
4208	21.196
4209	20.728
4210	21.463
4211	20.963
4212	21.708
4213	21.202
4214	21.932
4215	21.397
4216	22.133
4217	21.603
4218	22.309
4219	21.823
4220	22.461
4221	22.013
4222	22.588
4223	22.125
4224	22.688
4225	22.172
4226	22.762
4227	22.214
4228	22.809
4229	22.244
4230	22.827
4231	22.245
4232	22.815
4233	22.229
4234	22.772
4235	22.184
4236	22.7
4237	22.101
4238	22.601
4239	21.979
4240	22.483
4241	21.793
4242	22.345
4243	21.741
4244	21.642
4245	4.8159
4246	4.759
4247	21.861
4248	21.356
4249	21.683
4250	21.188
4251	21.488
4252	20.995
4253	21.277
4254	20.791
4255	21.05
4256	20.582
4257	20.807
4258	20.367
4259	20.547
4260	20.114
4261	20.271
4262	19.821
4263	19.977
4264	19.514
4265	19.667
4266	19.197
4267	19.341
4268	18.867
4269	18.998
4270	18.557
4271	18.637
4272	18.259
4273	18.261
4274	17.925
4275	17.867
4276	17.544
4277	17.458
4278	17.143
4279	17.031
4280	16.721
4281	16.589
4282	16.285
4283	16.131
4284	15.834
4285	15.656
4286	15.372
4287	15.166
4288	14.896
4289	14.66
4290	14.399
4291	14.14
4292	13.871
4293	13.605
4294	13.359
4295	13.055
4296	12.854
4297	12.492
4298	12.339
4299	11.915
4300	11.817
4301	11.324
4302	11.274
4303	10.719
4304	10.714
4305	10.101
4306	10.138
4307	9.4696
4308	9.5545
4309	8.8251
4310	8.9573
4311	8.1682
4312	8.353
4313	7.4999
4314	7.7362
4315	6.8225
4316	7.109
4317	6.1407
4318	6.4774
4319	5.4614
4320	5.8541
4321	4.793
4322	5.2451
4323	4.1518
4324	4.6578
4325	3.5553
4326	4.1092
4327	3.027
4328	3.5667
4329	2.5965
4330	3.1509
4331	2.2909
4332	2.8201
4333	2.1392
4334	2.613
4335	2.1681
4336	2.5608
4337	2.4028
4338	2.6769
4339	2.8797
4340	2.9693
4341	3.6711
4342	3.4328
4343	4.1
4344	20.512
4345	20.783
4346	20.308
4347	20.275
4348	20.09
4349	20.027
4350	19.845
4351	19.767
4352	19.579
4353	19.496
4354	19.319
4355	19.213
4356	19.038
4357	18.918
4358	18.743
4359	18.611
4360	18.442
4361	18.292
4362	18.127
4363	17.96
4364	17.794
4365	17.615
4366	17.453
4367	17.259
4368	17.107
4369	16.889
4370	16.756
4371	16.506
4372	16.4
4373	16.111
4374	16.023
4375	15.703
4376	15.62
4377	15.282
4378	15.207
4379	14.849
4380	14.788
4381	14.403
4382	14.363
4383	13.945
4384	13.926
4385	13.475
4386	13.486
4387	12.993
4388	13.024
4389	12.5
4390	12.547
4391	11.995
4392	12.068
4393	11.479
4394	11.576
4395	10.952
4396	11.067
4397	10.415
4398	10.548
4399	9.8681
4400	10.03
4401	9.3114
4402	9.502
4403	8.7459
4404	8.9639
4405	8.1717
4406	8.4221
4407	7.589
4408	7.8709
4409	6.9985
4410	7.3136
4411	6.4013
4412	6.7544
4413	5.7995
4414	6.1895
4415	5.1951
4416	5.6195
4417	4.5927
4418	5.0561
4419	3.9995
4420	4.5071
4421	3.4256
4422	3.9713
4423	2.8855
4424	3.4555
4425	2.3983
4426	2.9784
4427	1.988
4428	2.5594
4429	1.6789
4430	2.2396
4431	1.4993
4432	1.9919
4433	1.4781
4434	1.9217
4435	1.6368
4436	1.9982
4437	1.9929
4438	2.224
4439	2.5943
4440	2.6016
4441	3.5051
4442	3.2358
4443	4.0431
4444	22.525
4445	22.33
4446	22.524
4447	22.334
4448	22.523
4449	22.326
4450	22.52
4451	22.341
4452	22.518
4453	22.319
4454	22.516
4455	22.331
4456	22.515
4457	22.317
4458	22.514
4459	22.317
4460	22.513
4461	22.313
4462	22.514
4463	22.322
4464	22.514
4465	22.32
4466	22.515
4467	22.336
4468	22.517
4469	22.319
4470	22.518
4471	22.329
4472	22.519
4473	22.316
4474	22.521
4475	22.338
4476	22.522
4477	22.332
4478	22.523
4479	22.326
4480	22.524
4481	22.324
4482	22.525
4483	22.33
4484	22.525
4485	22.339
4486	22.525
4487	22.324
4488	22.525
4489	22.328
4490	22.525
4491	22.346
4492	22.524
4493	22.346
4494	22.523
4495	22.339
4496	22.522
4497	22.33
4498	22.521
4499	22.325
4500	22.52
4501	22.321
4502	22.518
4503	22.311
4504	22.517
4505	22.334
4506	22.515
4507	22.332
4508	22.513
4509	22.339
4510	22.511
4511	22.343
4512	22.508
4513	22.344
4514	22.506
4515	22.322
4516	22.504
4517	22.316
4518	22.502
4519	22.332
4520	22.499
4521	22.314
4522	22.497
4523	22.315
4524	22.494
4525	22.326
4526	22.492
4527	22.33
4528	22.49
4529	22.32
4530	22.487
4531	22.297
4532	22.485
4533	22.293
4534	22.482
4535	22.299
4536	22.48
4537	22.282
4538	22.478
4539	22.28
4540	22.476
4541	22.276
4542	22.474
4543	22.276
4544	22.472
4545	22.278
4546	22.47
4547	22.286
4548	22.468
4549	22.299
4550	22.466
4551	22.304
4552	22.465
4553	22.306
4554	22.463
4555	22.309
4556	22.462
4557	22.277
4558	22.461
4559	22.262
4560	22.461
4561	22.27
4562	22.46
4563	22.278
4564	22.46
4565	22.269
4566	22.46
4567	22.265
4568	22.46
4569	22.271
4570	22.461
4571	22.279
4572	22.462
4573	22.302
4574	22.463
4575	22.303
4576	22.465
4577	22.308
4578	22.467
4579	22.309
4580	22.47
4581	22.311
4582	22.473
4583	22.315
4584	22.477
4585	22.32
4586	22.481
4587	22.329
4588	22.485
4589	22.328
4590	22.491
4591	22.326
4592	22.497
4593	22.328
4594	22.504
4595	22.332
4596	22.511
4597	22.338
4598	22.519
4599	22.331
4600	22.528
4601	22.33
4602	22.538
4603	22.337
4604	22.549
4605	22.365
4606	22.56
4607	22.369
4608	22.572
4609	22.382
4610	22.586
4611	22.402
4612	22.6
4613	22.426
4614	22.615
4615	22.442
4616	22.632
4617	22.454
4618	22.649
4619	22.469
4620	22.668
4621	22.472
4622	22.688
4623	22.505
4624	22.708
4625	22.516
4626	22.73
4627	22.534
4628	22.754
4629	22.558
4630	22.778
4631	22.589
4632	22.803
4633	22.607
4634	22.83
4635	22.633
4636	22.858
4637	22.659
4638	22.887
4639	22.694
4640	22.917
4641	22.71
4642	22.948
4643	22.743
4644	22.98
4645	22.783
4646	23.013
4647	22.804
4648	23.047
4649	22.838
4650	23.082
4651	22.862
4652	23.117
4653	22.902
4654	23.153
4655	22.944
4656	23.19
4657	22.964
4658	23.227
4659	23.003
4660	23.265
4661	23.037
4662	23.302
4663	23.075
4664	23.34
4665	23.106
4666	23.377
4667	23.142
4668	23.414
4669	23.17
4670	23.45
4671	23.219
4672	23.485
4673	23.26
4674	23.519
4675	23.264
4676	23.552
4677	23.274
4678	23.583
4679	23.303
4680	23.611
4681	23.335
4682	23.637
4683	23.38
4684	23.661
4685	23.378
4686	23.68
4687	23.391
4688	23.696
4689	23.403
4690	23.708
4691	23.422
4692	23.716
4693	23.417
4694	23.717
4695	23.418
4696	23.713
4697	23.437
4698	23.703
4699	23.394
4700	23.686
4701	23.368
4702	23.661
4703	23.346
4704	23.628
4705	23.313
4706	23.585
4707	23.284
4708	23.534
4709	23.226
4710	23.471
4711	23.123
4712	23.397
4713	23.069
4714	23.311
4715	22.972
4716	23.213
4717	22.872
4718	23.101
4719	22.752
4720	22.974
4721	22.661
4722	22.831
4723	22.484
4724	22.672
4725	22.314
4726	22.496
4727	22.149
4728	22.302
4729	21.96
4730	22.089
4731	21.758
4732	21.857
4733	21.527
4734	21.613
4735	21.276
4736	21.356
4737	21.07
4738	21.081
4739	20.816
4740	20.559
4741	19.952
4742	19.763
4743	21.924
4744	22.139
4745	21.496
4746	21.73
4747	21.061
4748	21.307
4749	20.65
4750	20.869
4751	20.274
4752	20.474
4753	20.104
4754	14.002
4755	13.761
4756	14.208
4757	19.675
4758	19.915
4759	19.599
4760	19.856
4761	19.577
4762	19.827
4763	19.578
4764	19.807
4765	19.566
4766	19.791
4767	19.572
4768	19.796
4769	19.585
4770	19.807
4771	19.596
4772	19.814
4773	19.601
4774	19.819
4775	19.614
4776	19.823
4777	19.625
4778	19.814
4779	19.629
4780	19.859
4781	19.64
4782	19.859
4783	19.65
4784	19.85
4785	19.652
4786	19.825
4787	19.661
4788	19.842
4789	19.669
4790	19.856
4791	19.67
4792	19.889
4793	19.677
4794	19.896
4795	19.682
4796	19.897
4797	19.683
4798	19.895
4799	19.687
4800	19.905
4801	19.691
4802	19.906
4803	19.691
4804	19.913
4805	19.694
4806	19.919
4807	19.697
4808	19.905
4809	19.696
4810	19.907
4811	19.698
4812	19.894
4813	19.699
4814	19.905
4815	19.698
4816	19.926
4817	19.699
4818	19.919
4819	19.7
4820	19.915
4821	19.698
4822	19.87
4823	19.699
4824	19.887
4825	19.699
4826	19.9
4827	19.697
4828	19.91
4829	19.698
4830	19.913
4831	19.698
4832	19.907
4833	19.696
4834	19.914
4835	19.696
4836	19.887
4837	19.696
4838	19.888
4839	19.694
4840	19.887
4841	19.694
4842	19.875
4843	19.695
4844	19.895
4845	19.693
4846	19.893
4847	19.694
4848	19.905
4849	19.694
4850	19.904
4851	19.693
4852	19.89
4853	19.694
4854	19.892
4855	19.695
4856	19.915
4857	19.695
4858	19.898
4859	19.696
4860	19.898
4861	19.698
4862	19.885
4863	19.698
4864	19.884
4865	19.701
4866	19.893
4867	19.703
4868	19.91
4869	19.704
4870	19.91
4871	19.708
4872	19.915
4873	19.711
4874	19.912
4875	19.713
4876	19.918
4877	19.717
4878	19.911
4879	19.722
4880	19.928
4881	19.726
4882	19.937
4883	19.731
4884	19.928
4885	19.736
4886	19.912
4887	19.741
4888	19.926
4889	19.748
4890	19.929
4891	19.755
4892	19.935
4893	19.761
4894	19.941
4895	19.769
4896	19.947
4897	19.777
4898	19.958
4899	19.785
4900	19.962
4901	19.794
4902	19.968
4903	19.804
4904	19.974
4905	19.813
4906	19.982
4907	19.824
4908	19.997
4909	19.835
4910	20.025
4911	19.846
4912	20.032
4913	19.858
4914	20.028
4915	19.87
4916	20.06
4917	19.882
4918	20.074
4919	19.895
4920	20.101
4921	19.909
4922	20.091
4923	19.922
4924	20.104
4925	19.936
4926	20.123
4927	19.95
4928	20.163
4929	19.964
4930	20.166
4931	19.978
4932	20.186
4933	19.993
4934	20.187
4935	20.007
4936	20.216
4937	20.021
4938	20.215
4939	20.036
4940	20.229
4941	20.049
4942	20.254
4943	20.063
4944	20.25
4945	20.076
4946	20.284
4947	20.088
4948	20.288
4949	20.1
4950	20.297
4951	20.111
4952	20.319
4953	20.121
4954	20.327
4955	20.13
4956	20.342
4957	20.138
4958	20.345
4959	20.144
4960	20.357
4961	20.149
4962	20.369
4963	20.152
4964	20.387
4965	20.153
4966	20.374
4967	20.152
4968	20.387
4969	20.148
4970	20.372
4971	20.141
4972	20.382
4973	20.133
4974	20.371
4975	20.12
4976	20.368
4977	20.104
4978	20.354
4979	20.085
4980	20.342
4981	20.062
4982	20.314
4983	20.034
4984	20.31
4985	20.002
4986	20.286
4987	19.965
4988	20.231
4989	19.922
4990	20.189
4991	19.875
4992	20.152
4993	19.822
4994	20.117
4995	19.762
4996	20.095
4997	19.696
4998	20.024
4999	19.623
5000	19.98
5001	19.542
5002	19.888
5003	19.454
5004	19.813
5005	19.358
5006	19.743
5007	19.254
5008	19.605
5009	19.142
5010	19.534
5011	19.02
5012	19.428
5013	18.889
5014	19.294
5015	18.749
5016	19.173
5017	18.598
5018	19.02
5019	18.438
5020	18.909
5021	18.267
5022	18.766
5023	18.086
5024	18.59
5025	17.893
5026	18.398
5027	17.69
5028	18.204
5029	17.475
5030	17.996
5031	17.249
5032	17.74
5033	17.012
5034	17.526
5035	16.764
5036	17.313
5037	16.504
5038	17.063
5039	16.234
5040	16.876
5041	15.953
5042	16.583
5043	15.66
5044	16.323
5045	15.359
5046	16.036
5047	15.056
5048	15.716
5049	14.766
5050	15.447
5051	14.499
5052	15.143
5053	14.249
5054	14.819
5055	14.518
5056	20.419
5057	20.278
5058	21.106
5059	13.527
5060	13.913
5061	13.29
5062	13.645
5063	13.051
5064	13.449
5065	12.81
5066	13.239
5067	12.568
5068	13.013
5069	12.324
5070	12.771
5071	12.08
5072	12.518
5073	11.835
5074	12.258
5075	11.591
5076	12.008
5077	11.348
5078	11.769
5079	11.106
5080	11.532
5081	10.866
5082	11.288
5083	10.628
5084	11.034
5085	10.395
5086	10.811
5087	10.165
5088	10.572
5089	9.9401
5090	10.332
5091	9.7207
5092	10.099
5093	9.5081
5094	9.8659
5095	9.3031
5096	9.6602
5097	9.1063
5098	9.4467
5099	8.9188
5100	9.2351
5101	8.7417
5102	9.0445
5103	8.5761
5104	8.8612
5105	8.4231
5106	8.6883
5107	8.2832
5108	8.5241
5109	8.1577
5110	8.3711
5111	8.0481
5112	8.227
5113	7.9548
5114	8.1006
5115	7.879
5116	7.9926
5117	7.8219
5118	7.9021
5119	7.7838
5120	7.8289
5121	7.7656
5122	7.7743
5123	7.768
5124	7.7407
5125	7.7919
5126	7.7294
5127	7.8391
5128	7.7431
5129	7.9114
5130	7.7863
5131	8.0135
5132	7.86
5133	8.1552
5134	7.9704
5135	8.3509
5136	8.1297
5137	8.6372
5138	8.3586
5139	9.0533
5140	8.7288
5141	9.6648
5142	9.3099
5143	11.234
5144	10.323
5145	12.989
5146	9.9808
5147	10.323
5148	10.838
5149	9.6869
5150	10.511
5151	9.3942
5152	10.2
5153	9.1074
5154	9.9033
5155	8.8201
5156	9.6322
5157	8.5374
5158	9.3473
5159	8.2598
5160	9.067
5161	7.9874
5162	8.7793
5163	7.72
5164	8.4963
5165	7.4584
5166	8.2246
5167	7.2085
5168	7.9834
5169	6.963
5170	7.7805
5171	6.7276
5172	7.5524
5173	6.5025
5174	7.3248
5175	6.2878
5176	7.0733
5177	6.0833
5178	6.8447
5179	5.8895
5180	6.6165
5181	5.7124
5182	6.4113
5183	5.546
5184	6.2311
5185	5.3956
5186	6.0998
5187	5.2615
5188	5.9616
5189	5.1448
5190	5.8168
5191	5.0457
5192	5.6813
5193	4.965
5194	5.5609
5195	4.9089
5196	5.453
5197	4.8707
5198	5.3716
5199	4.8561
5200	5.2908
5201	4.8656
5202	5.255
5203	4.8979
5204	5.2555
5205	4.9563
5206	5.2924
5207	5.0365
5208	5.3361
5209	5.1408
5210	5.3848
5211	5.27
5212	5.445
5213	5.4243
5214	5.5461
5215	5.6042
5216	5.6826
5217	5.8104
5218	5.8518
5219	6.0453
5220	6.036
5221	6.314
5222	6.2614
5223	6.6248
5224	6.5315
5225	6.9922
5226	6.8586
5227	7.4519
5228	7.2679
5229	8.0512
5230	7.8261
5231	8.8204
5232	8.6127
5233	10.702
5234	9.8395
5235	12.943
5236	16.729
5237	16.587
5238	16.759
5239	16.817
5240	16.887
5241	16.867
5242	16.964
5243	16.866
5244	17.036
5245	16.805
5246	17.041
5247	16.73
5248	17.015
5249	16.611
5250	16.97
5251	16.438
5252	16.845
5253	16.262
5254	16.689
5255	16.058
5256	16.562
5257	15.796
5258	16.343
5259	15.527
5260	16.14
5261	15.261
5262	15.893
5263	14.97
5264	15.663
5265	14.639
5266	15.331
5267	14.288
5268	15.034
5269	13.921
5270	14.692
5271	13.541
5272	14.339
5273	13.153
5274	13.975
5275	12.749
5276	13.612
5277	12.336
5278	13.232
5279	11.922
5280	12.859
5281	11.516
5282	12.452
5283	11.119
5284	12.125
5285	10.721
5286	11.672
5287	11.224
5288	-5.5742
5289	-12.503
5290	-8.7327
5291	16.427
5292	16.626
5293	16.341
5294	16.491
5295	16.377
5296	16.454
5297	16.375
5298	16.469
5299	16.35
5300	16.404
5301	16.374
5302	16.391
5303	16.314
5304	16.38
5305	16.252
5306	16.273
5307	16.249
5308	16.241
5309	16.117
5310	16.183
5311	16.012
5312	16.01
5313	15.997
5314	15.964
5315	15.803
5316	15.87
5317	15.679
5318	15.643
5319	15.63
5320	15.604
5321	15.362
5322	15.431
5323	15.214
5324	15.165
5325	15.014
5326	15.082
5327	14.748
5328	14.752
5329	14.68
5330	14.613
5331	14.397
5332	14.476
5333	14.153
5334	14.116
5335	14.055
5336	13.996
5337	13.673
5338	13.768
5339	13.419
5340	13.382
5341	13.29
5342	13.268
5343	12.868
5344	12.984
5345	12.58
5346	12.584
5347	12.427
5348	12.424
5349	11.986
5350	12.122
5351	11.763
5352	11.694
5353	11.576
5354	11.62
5355	11.099
5356	11.17
5357	10.754
5358	10.81
5359	10.346
5360	10.538
5361	9.9274
5362	10.068
5363	9.7872
5364	9.7328
5365	9.3693
5366	9.5943
5367	9.0855
5368	9.099
5369	8.9692
5370	8.9964
5371	8.2363
5372	8.575
5373	8.1071
5374	8.0569
5375	8.0778
5376	8.1638
5377	7.5811
5378	7.6334
5379	7.2412
5380	7.4143
5381	6.953
5382	7.0807
5383	6.447
5384	6.7354
5385	6.3371
5386	6.0878
5387	5.5971
5388	6.2379
5389	4.823
5390	5.0461
5391	5.3956
5392	4.951
5393	4.1643
5394	5.09
5395	3.1888
5396	3.4724
5397	3.4079
5398	3.4951
5399	1.4903
5400	2.9101
5401	1.5981
5402	1.3463
5403	3.6751
5404	2.8547
5405	2.3831
5406	3.0728
5407	1.0716
5408	1.2482
5409	0.83727
5410	1.3361
5411	0.30804
5412	0.25255
5413	-0.22928
5414	-0.11797
5415	-1.6059
5416	-0.90037
5417	-2.6909
5418	-2.4923
5419	-3.406
5420	-3.7309
5421	-5.0984
5422	-30.882
5423	-25.817
5424	-24.659
5425	-22.017
5426	-16.253
5427	-29.282
5428	-22.953
5429	-26.108
5430	-1.1254
5431	-0.58448
5432	-17.915
5433	-19.15
5434	-13.205
5435	-13.308
5436	-11.274
5437	-11.177
5438	-12.105
5439	-8.938
5440	-10.777
5441	-11.162
5442	-5.0612
5443	-6.9262
5444	-0.13177
5445	-2.3223
5446	3.3392
5447	2.0306
5448	4.0973
5449	3.3159
5450	4.2869
5451	3.795
5452	4.4397
5453	4.1069
5454	4.3669
5455	4.2153
5456	4.2398
5457	4.1593
5458	4.0933
5459	4.0965
5460	3.8445
5461	3.936
5462	3.5849
5463	3.7087
5464	3.3378
5465	3.4986
5466	3.0341
5467	3.2508
5468	2.7394
5469	2.965
5470	2.4735
5471	2.72
5472	2.1736
5473	2.4525
5474	1.8935
5475	2.1764
5476	1.6511
5477	1.9252
5478	1.3848
5479	1.6905
5480	1.128
5481	1.4275
5482	0.88914
5483	1.2092
5484	0.62464
5485	0.95482
5486	0.37613
5487	0.7091
5488	0.15934
5489	0.52103
5490	-6.645e-002
5491	0.3084
5492	-0.27237
5493	8.6426e-002
5494	-0.44187
5495	-6.4258e-002
5496	-0.6197
5497	-0.2493
5498	-0.78665
5499	-0.42928
5500	-0.91732
5501	-0.54039
5502	-1.0515
5503	-0.69416
5504	-1.1761
5505	-0.81637
5506	-1.2647
5507	-0.90889
5508	-1.3576
5509	-0.98276
5510	-1.4427
5511	-1.0833
5512	-1.4913
5513	-1.1098
5514	-1.5456
5515	-1.143
5516	-1.5951
5517	-1.1859
5518	-1.6085
5519	-1.2387
5520	-1.6289
5521	-1.2367
5522	-1.6474
5523	-1.2687
5524	-1.6336
5525	-1.2839
5526	-1.6416
5527	-1.2672
5528	-1.6738
5529	-1.2965
5530	-1.6949
5531	-1.3562
5532	-1.73
5533	-1.402
5534	-1.7709
5535	-1.4251
5536	-1.7919
5537	-1.4794
5538	-1.8198
5539	-1.4649
5540	-1.8515
5541	-1.4831
5542	-1.8638
5543	-1.4934
5544	-1.8722
5545	-1.4971
5546	-1.8916
5547	-1.5055
5548	-1.8987
5549	-1.499
5550	-1.8912
5551	-1.4973
5552	-1.8969
5553	-1.4988
5554	-1.8903
5555	-1.5037
5556	-1.8665
5557	-1.4846
5558	-1.8574
5559	-1.4485
5560	-1.8405
5561	-1.4512
5562	-1.8234
5563	-1.4685
5564	-1.8404
5565	-1.4861
5566	-1.8616
5567	-1.5078
5568	-1.8766
5569	-1.509
5570	-1.9047
5571	-1.5136
5572	-1.928
5573	-1.5215
5574	-1.9411
5575	-1.5311
5576	-1.9641
5577	-1.5693
5578	-1.9791
5579	-1.6375
5580	-1.9807
5581	-1.5827
5582	-1.9911
5583	-1.6524
5584	-1.9926
5585	-1.6713
5586	-1.9779
5587	-1.6561
5588	-1.9718
5589	-1.6419
5590	-1.9564
5591	-1.638
5592	-1.9297
5593	-1.6163
5594	-1.929
5595	-1.6058
5596	-1.9416
5597	-1.6178
5598	-1.9485
5599	-1.6255
5600	-1.9622
5601	-1.6367
5602	-1.9751
5603	-1.6573
5604	-1.9758
5605	-1.67
5606	-1.9781
5607	-1.6722
5608	-1.9768
5609	-1.6788
5610	-1.9597
5611	-1.6691
5612	-1.9425
5613	-1.6336
5614	-1.9208
5615	-1.6105
5616	-1.8807
5617	-1.5766
5618	-1.8403
5619	-1.5111
5620	-1.7983
5621	-1.4835
5622	-1.7515
5623	-1.453
5624	-1.7179
5625	-1.4161
5626	-1.6889
5627	-1.385
5628	-1.6517
5629	-1.3797
5630	-1.6131
5631	-1.3518
5632	-1.5702
5633	-1.3225
5634	-1.5148
5635	-1.2742
5636	-1.4547
5637	-1.2103
5638	-1.3879
5639	-1.1452
5640	-1.3067
5641	-1.0688
5642	-1.2161
5643	-0.97045
5644	-1.1214
5645	-0.8794
5646	-1.0142
5647	-0.76688
5648	-0.89911
5649	-0.6882
5650	-0.79274
5651	-0.57989
5652	-0.69004
5653	-0.48358
5654	-0.59158
5655	-0.40072
5656	-0.52991
5657	-0.31074
5658	-0.77505
5659	-0.32729
5660	-0.56259
5661	3.2291
5662	3.3585
5663	0.43043
5664	-2.1712e-002
5665	1.1488
5666	0.74006
5667	1.7757
5668	1.4041
5669	2.3175
5670	1.9732
5671	2.7917
5672	2.4821
5673	2.932
5674	2.4639
5675	2.05
5676	2.4697
5677	2.0151
5678	2.6003
5679	1.9192
5680	2.8358
5681	2.2008
5682	3.1536
5683	2.4892
5684	3.5161
5685	2.86
5686	3.8893
5687	3.3204
5688	4.245
5689	3.7434
5690	4.5557
5691	4.1003
5692	4.8046
5693	4.3986
5694	4.9867
5695	4.6196
5696	5.1026
5697	4.8056
5698	5.1559
5699	4.9186
5700	5.1542
5701	4.9636
5702	5.1074
5703	4.9407
5704	5.0251
5705	4.8837
5706	4.9161
5707	4.7913
5708	4.7886
5709	4.6784
5710	4.6492
5711	4.536
5712	4.5032
5713	4.4047
5714	4.3554
5715	4.2519
5716	4.2096
5717	4.105
5718	4.0678
5719	3.9457
5720	3.9321
5721	3.8135
5722	3.8039
5723	3.6778
5724	3.6842
5725	3.5644
5726	3.574
5727	3.4377
5728	3.4728
5729	3.2975
5730	3.3813
5731	3.2317
5732	3.2997
5733	3.119
5734	3.2273
5735	3.0408
5736	3.1644
5737	2.9796
5738	3.1099
5739	2.8999
5740	3.0638
5741	2.8573
5742	3.026
5743	2.8148
5744	2.9953
5745	2.7864
5746	2.9714
5747	2.7635
5748	2.9539
5749	2.7496
5750	2.9427
5751	2.7406
5752	2.9363
5753	2.6605
5754	2.9341
5755	2.6686
5756	2.9359
5757	2.6575
5758	2.9406
5759	2.6583
5760	2.9479
5761	2.6577
5762	2.9569
5763	2.6642
5764	2.967
5765	2.6668
5766	2.9773
5767	2.6696
5768	2.9876
5769	2.6848
5770	2.9976
5771	2.7101
5772	3.0067
5773	2.7319
5774	3.0148
5775	2.7472
5776	3.0221
5777	2.7522
5778	3.0284
5779	2.7569
5780	3.0337
5781	2.7633
5782	3.038
5783	2.7719
5784	3.0418
5785	2.7875
5786	3.0456
5787	2.8006
5788	3.0481
5789	2.7201
5790	3.0498
5791	2.7398
5792	3.051
5793	2.7317
5794	3.0511
5795	2.7328
5796	3.0501
5797	2.7232
5798	3.0479
5799	2.7311
5800	3.0441
5801	2.7059
5802	3.0383
5803	2.7396
5804	3.031
5805	2.7452
5806	3.0216
5807	2.7498
5808	3.0105
5809	2.7527
5810	2.9983
5811	2.7548
5812	2.9837
5813	2.6577
5814	2.9677
5815	2.6646
5816	2.9506
5817	2.6503
5818	2.9323
5819	2.6508
5820	2.9132
5821	2.6316
5822	2.8931
5823	2.6495
5824	2.8729
5825	2.6482
5826	2.8521
5827	2.5847
5828	2.8304
5829	2.5588
5830	2.8079
5831	2.5438
5832	2.7845
5833	2.5235
5834	2.7601
5835	2.5012
5836	2.7347
5837	2.4757
5838	2.7085
5839	2.451
5840	2.6815
5841	2.4257
5842	2.6536
5843	2.4012
5844	2.6256
5845	2.3722
5846	2.5975
5847	2.3518
5848	2.5695
5849	2.3069
5850	2.5418
5851	2.2803
5852	2.5148
5853	2.2694
5854	2.4888
5855	2.2519
5856	2.4641
5857	2.2417
5858	2.4406
5859	2.1767
5860	2.4182
5861	2.1547
5862	2.3972
5863	2.1465
5864	2.3777
5865	2.127
5866	2.3602
5867	2.121
5868	2.345
5869	2.0953
5870	2.3321
5871	2.0966
5872	2.3223
5873	2.1001
5874	2.3162
5875	2.0882
5876	2.3142
5877	2.0969
5878	2.3169
5879	2.1057
5880	2.3252
5881	2.1135
5882	2.3394
5883	2.1051
5884	2.36
5885	2.1263
5886	2.3881
5887	2.1622
5888	2.4248
5889	2.193
5890	2.4709
5891	2.2315
5892	2.5284
5893	2.2903
5894	2.5991
5895	2.346
5896	2.6852
5897	2.4382
5898	2.7899
5899	2.5427
5900	2.912
5901	2.6597
5902	3.0483
5903	2.7965
5904	3.1977
5905	2.9835
5906	3.0614
5907	9.3988
5908	9.6043
5909	10.025
5910	9.2716
5911	10.441
5912	10.318
5913	10.684
5914	10.657
5915	8.0552
5916	7.8963
5917	7.9234
5918	7.7564
5919	8.3568
5920	8.192
5921	8.221
5922	12.725
5923	12.681
5924	13.415
5925	13.46
5926	16.187
5927	15.753
5928	16.823
5929	16.112
5930	16.931
5931	17.135
5932	16.91
5933	17.032
5934	16.768
5935	16.62
5936	16.601
5937	16.747
5938	15.554
5939	15.705
5940	15.672
5941	15.801
5942	15.288
5943	15.007
5944	15.099
5945	15.21
5946	15.4
5947	15.47
5948	7.0971
5949	6.9223
5950	6.7532
5951	6.9353
5952	7.2792
5953	7.2643
5954	7.4306
5955	5.7123
5956	5.7785
5957	5.443
5958	5.939
5959	4.4669
5960	4.6341
5961	4.8655
5962	4.2534
5963	0.44194
5964	-0.5538
5965	0.30569
5966	-0.2411
5967	0.68467
5968	1.2475
5969	1.1376
5970	-1.6752
5971	-2.852
5972	-1.6954
5973	-2.7157
5974	-1.4513
5975	-0.7023
5976	-3.9917
5977	-3.6077
5978	-5.2614
5979	-5.3842
5980	-3.97
5981	-2.7339
5982	-4.0609
5983	16.679
5984	16.656
5985	16.06
5986	16.2
5987	15.14
5988	14.638
5989	14.511
5990	15.018
5991	14.456
5992	14.299
5993	13.83
5994	13.99
5995	12.548
5996	12.436
5997	11.993
5998	12.125
5999	11.274
6000	10.869
6001	10.8
6002	11.197
6003	10.607
6004	10.532
6005	10.17
6006	10.133
6007	9.4671
6008	9.1381
6009	9.1805
6010	9.3988
6011	9.0235
6012	9.1875
6013	8.9404
6014	9.2842
6015	8.5506
6016	8.6578
6017	8.4721
6018	7.3705
6019	7.2383
6020	7.1522
6021	7.4556
6022	6.4053
6023	6.4542
6024	6.3265
6025	6.4691
6026	6.6486
6027	6.7506
6028	6.621
6029	6.8079
6030	11.009
6031	11.02
6032	11.684
6033	11.867
6034	11.959
6035	12.845
6036	12.186
6037	14.102
6038	13.064
6039	13.27
6040	14.483
6041	13.757
6042	14.609
6043	13.799
6044	15.046
6045	14.194
6046	14.956
6047	15.475
6048	14.777
6049	15.969
6050	15.23
6051	15.453
6052	17.73
6053	17.606
6054	17.859
6055	17.629
6056	16.761
6057	16.971
6058	16.752
6059	16.594
6060	16.547
6061	15.365
6062	15.211
6063	15.518
6064	10.815
6065	11.045
6066	10.898
6067	11.123
6068	10.517
6069	10.742
6070	10.61
6071	10.214
6072	10.441
6073	10.304
6074	8.2576
6075	8.1992
6076	8.0685
6077	8.3835
6078	4.6212
6079	4.859
6080	5.0238
6081	5.0197
6082	4.3956
6083	4.0689
6084	0.97109
6085	0.15719
6086	1.0013
6087	-1.5773
6088	-0.62274
6089	-0.72254
6090	-2.3499
6091	-1.3952
6092	-2.0328
6093	-3.052
6094	-6.7994
6095	-6.9422
6096	-5.1143
6097	6.0923
6098	6.468
6099	5.8618
6100	6.2578
6101	6.0992
6102	6.3664
6103	5.7444
6104	5.9938
6105	16.978
6106	17.395
6107	16.978
6108	16.648
6109	7.7343
6110	8.2051
6111	8.2948
6112	7.4969
6113	7.7848
6114	14.953
6115	14.724
6116	14.787
6117	10.139
6118	10.007
6119	9.9146
6120	2.8202
6121	2.8977
6122	2.4278
6123	2.3327
6124	10.241
6125	9.9106
6126	10.01
6127	7.8748
6128	7.7064
6129	8.0622
6130	10.385
6131	10.665
6132	11.351
6133	11.105
6134	17.252
6135	17.508
6136	17.305
6137	17.201
6138	17.444
6139	14.564
6140	14.804
6141	14.664
6142	14.443
6143	13.673
6144	13.545
6145	13.755
6146	13.436
6147	5.0172
6148	4.6335
6149	4.9503
6150	5.6796
6151	6.4065
6152	5.9643
6153	5.7556
6154	6.1156
6155	6.5429
6156	21.233
6157	21.592
6158	21.402
6159	21.378
6160	16.612
6161	16.882
6162	17.362
6163	15.013
6164	15.182
6165	15.538
6166	15.678
6167	14.317
6168	14.809
6169	14.406
6170	14.913
6171	13.404
6172	14.107
6173	13.522
6174	13.638
6175	13.98
6176	13.062
6177	12.908
6178	13.367
6179	13.526
6180	12.731
6181	12.607
6182	13.19
6183	12.38
6184	12.284
6185	12.821
6186	12.065
6187	11.661
6188	12.259
6189	11.816
6190	12.397
6191	11.946
6192	11.161
6193	11.561
6194	11.693
6195	11.277
6196	10.065
6197	10.487
6198	10.125
6199	10.418
6200	9.4746
6201	9.8034
6202	9.7661
6203	8.8827
6204	8.8259
6205	7.9318
6206	8.0602
6207	7.8094
6208	7.3246
6209	7.4972
6210	7.5573
6211	7.116
6212	7.1063
6213	7.3097
6214	7.159
6215	6.9778
6216	6.8511
6217	6.8208
6218	7.0855
6219	6.8986
6220	6.6106
6221	6.7822
6222	7.0607
6223	6.5668
6224	6.9685
6225	6.8101
6226	6.4329
6227	6.4546
6228	6.2151
6229	6.5523
6230	6.1943
6231	6.6839
6232	6.5102
6233	6.553
6234	6.5527
6235	6.5098
6236	6.5251
6237	6.4869
6238	6.5148
6239	6.636
6240	7.4862
6241	7.0975
6242	7.1985
6243	7.3512
6244	7.752
6245	7.3037
6246	7.2748
6247	8.2228
6248	8.8471
6249	8.7199
6250	8.1416
6251	8.5644
6252	7.9661
6253	8.6387
6254	7.6329
6255	8.9871
6256	9.1982
6257	8.36
6258	9.6301
6259	8.7031
6260	9.3529
6261	10.065
6262	9.3394
6263	9.7045
6264	9.6515
6265	10.432
6266	10.785
6267	10.317
6268	9.6453
6269	9.5682
6270	10.329
6271	10.862
6272	10.123
6273	11.31
6274	10.561
6275	11.538
6276	11.914
6277	12.433
6278	13.114
6279	11.609
6280	10.923
6281	12.497
6282	13.313
6283	11.805
6284	12.394
6285	11.796
6286	13.087
6287	12.532
6288	11.788
6289	11.715
6290	12.967
6291	12.168
6292	13.385
6293	12.592
6294	13.735
6295	14.045
6296	13.258
6297	14.497
6298	12.95
6299	14.256
6300	13.544
6301	13.715
6302	14.932
6303	14.401
6304	16.771
6305	15.386
6306	15.666
6307	16.339
6308	17.622
6309	17.657
6310	17.914
6311	17.401
6312	17.407
6313	17.232
6314	17.177
6315	17.234
6316	17.424
6317	17.062
6318	17.056
6319	16.9
6320	16.757
6321	16.769
6322	16.824
6323	16.947
6324	16.891
6325	17.011
6326	16.619
6327	16.631
6328	16.746
6329	16.491
6330	16.516
6331	16.347
6332	16.188
6333	16.251
6334	16.303
6335	16.392
6336	16.472
6337	16.014
6338	16.1
6339	16.119
6340	15.825
6341	15.933
6342	15.921
6343	15.62
6344	15.754
6345	15.551
6346	15.392
6347	14.965
6348	15.113
6349	15.157
6350	14.409
6351	14.62
6352	14.736
6353	14.492
6354	14.318
6355	14.141
6356	14.077
6357	13.366
6358	13.626
6359	13.742
6360	13.489
6361	13.01
6362	13.279
6363	13.099
6364	12.666
6365	12.297
6366	12.547
6367	12.395
6368	12.87
6369	13.
6370	12.76
6371	11.94
6372	12.185
6373	12.034
6374	11.606
6375	11.843
6376	11.69
6377	11.287
6378	10.971
6379	11.211
6380	11.523
6381	11.365
6382	10.666
6383	10.902
6384	10.366
6385	10.601
6386	10.298
6387	10.064
6388	9.1341
6389	9.3832
6390	9.2334
6391	9.4557
6392	8.9557
6393	8.7874
6394	9.0797
6395	8.9119
6396	8.1304
6397	8.3228
6398	8.4488
6399	8.0106
6400	7.8092
6401	7.9414
6402	7.2504
6403	7.3767
6404	7.4693
6405	7.1044
6406	5.479
6407	5.7301
6408	5.9325
6409	4.9784
6410	5.2781
6411	5.2097
6412	2.4806
6413	2.7206
6414	3.0645
6415	2.9657
6416	2.4958
6417	1.5376
6418	1.7323
6419	2.0192
6420	2.0345
6421	0.85922
6422	1.13
6423	1.4221
6424	1.6309e-003
6425	0.37514
6426	-1.1386
6427	-0.55427
6428	-2.2614
6429	-1.7159
6430	-2.4919
6431	-5.4534
6432	-7.0651
6433	-7.0659
6434	-5.2772
6435	-3.9246
6436	4.0131
6437	4.2458
6438	4.0654
6439	4.1283
6440	21.103
6441	20.912
6442	20.682
6443	20.898
6444	21.04
6445	20.849
6446	20.947
6447	21.21
6448	20.982
6449	20.891
6450	20.89
6451	20.929
6452	20.698
6453	21.079
6454	21.186
6455	21.316
6456	20.973
6457	21.126
6458	21.29
6459	21.052
6460	21.392
6461	21.184
6462	20.997
6463	20.983
6464	21.32
6465	21.244
6466	21.137
6467	20.971
6468	21.304
6469	21.207
6470	21.153
6471	20.947
6472	21.29
6473	20.912
6474	20.925
6475	21.117
6476	20.729
6477	21.168
6478	21.316
6479	21.231
6480	20.998
6481	21.
6482	21.333
6483	21.172
6484	21.184
6485	21.346
6486	21.009
6487	21.178
6488	21.193
6489	21.353
6490	21.016
6491	21.365
6492	21.025
6493	21.205
6494	21.131
6495	20.987
6496	21.331
6497	21.16
6498	21.065
6499	20.952
6500	21.28
6501	20.971
6502	21.369
6503	21.189
6504	21.175
6505	21.559
6506	21.582
6507	21.34
6508	21.854
6509	21.464
6510	21.283
6511	21.782
6512	21.087
6513	21.385
6514	21.423
6515	21.683
6516	20.688
6517	21.085
6518	20.997
6519	21.384
6520	18.203
6521	17.273
6522	17.748
6523	17.753
6524	17.762
6525	17.78
6526	18.154
6527	17.344
6528	17.871
6529	18.098
6530	16.626
6531	17.157
6532	17.192
6533	17.134
6534	16.748
6535	15.789
6536	15.647
6537	15.283
6538	14.938
6539	15.092
6540	14.599
6541	13.96
6542	13.378
6543	13.439
6544	13.882
6545	13.01
6546	13.108
6547	12.66
6548	11.738
6549	11.338
6550	11.684
6551	11.007
6552	11.024
6553	9.1219
6554	9.3938
6555	9.5021
6556	8.7676
6557	8.8748
6558	9.0165
6559	8.6355
6560	8.4148
6561	7.1093
6562	7.3492
6563	6.9988
6564	6.3764
6565	6.5876
6566	6.659
6567	6.3753
6568	5.2156
6569	4.9758
6570	5.4491
6571	5.4008
6572	5.2842
6573	5.0219
6574	5.4353
6575	5.118
6576	5.6847
6577	5.4715
6578	5.1833
6579	5.9765
6580	5.7152
6581	6.1363
6582	5.8641
6583	6.1697
6584	6.3823
6585	6.8321
6586	6.6545
6587	6.948
6588	7.861
6589	7.5431
6590	7.8155
6591	8.9368
6592	9.0342
6593	8.4774
6594	9.6245
6595	9.8412
6596	10.181
6597	9.2726
6598	10.262
6599	10.612
6600	10.796
6601	9.9844
6602	13.535
6603	14.125
6604	14.306
6605	13.04
6606	12.381
6607	12.564
6608	13.277
6609	13.74
6610	14.17
6611	14.952
6612	14.85
6613	13.993
6614	14.632
6615	14.477
6616	14.826
6617	13.902
6618	15.455
6619	15.012
6620	14.286
6621	16.294
6622	15.426
6623	15.912
6624	16.462
6625	15.722
6626	16.241
6627	16.965
6628	17.183
6629	16.675
6630	18.015
6631	17.407
6632	17.788
6633	17.145
6634	16.301
6635	17.675
6636	16.782
6637	17.967
6638	16.627
6639	17.465
6640	17.275
6641	17.794
6642	18.542
6643	17.993
6644	18.663
6645	17.538
6646	18.219
6647	18.054
6648	18.867
6649	18.272
6650	19.251
6651	18.684
6652	19.024
6653	18.459
6654	19.445
6655	17.97
6656	18.407
6657	18.401
6658	18.849
6659	17.922
6660	18.159
6661	18.042
6662	17.757
6663	17.992
6664	17.693
6665	17.823
6666	17.615
6667	17.176
6668	17.411
6669	16.856
6670	16.985
6671	16.962
6672	16.684
6673	15.822
6674	15.998
6675	15.949
6676	16.109
6677	15.517
6678	15.699
6679	15.67
6680	15.382
6681	15.173
6682	13.146
6683	12.971
6684	13.309
6685	13.011
6686	13.2
6687	12.308
6688	12.647
6689	12.392
6690	12.575
6691	12.052
6692	12.223
6693	11.951
6694	10.979
6695	10.693
6696	10.715
6697	9.0274
6698	9.2087
6699	9.1131
6700	8.9171
6701	8.1598
6702	8.0228
6703	8.3241
6704	7.2746
6705	7.1025
6706	7.4172
6707	6.0355
6708	6.2802
6709	6.1959
6710	6.4105
6711	5.6572
6712	5.9284
6713	5.3256
6714	5.5784
6715	5.3216
6716	5.2828
6717	4.5356
6718	4.1925
6719	1.6435
6720	0.95018
6721	1.6612
6722	-0.44057
6723	0.35149
6724	0.23608
6725	-1.0781
6726	-0.23478
6727	-1.6427
6728	-0.76425
6729	-3.1339
6730	-3.6933
6731	-5.0415
6732	-5.1144
6733	-4.2107
6734	0.65578
6735	-0.26548
6736	0.49458
6737	-0.45635
6738	1.6541
6739	1.5219
6740	1.0032
6741	4.0603
6742	3.9397
6743	3.9544
6744	3.9758
6745	1.5063
6746	1.3227
6747	0.99327
6748	1.1419
6749	1.1244
6750	1.3902
6751	0.89342
6752	1.1378
6753	1.1076
6754	1.3498
6755	0.8364
6756	0.75257
6757	1.0487
6758	0.47753
6759	0.70153
6760	0.75632
6761	1.0646
6762	0.46372
6763	0.76693
6764	0.45265
6765	1.0542
6766	0.42928
6767	0.79449
6768	1.0711
6769	0.49932
6770	0.83667
6771	1.1003
6772	0.52078
6773	0.71658
6774	0.47737
6775	0.92298
6776	1.0335
6777	0.72261
6778	0.38708
6779	0.98946
6780	0.38077
6781	0.49353
6782	0.17089
6783	0.34598
6784	0.74851
6785	0.52761
6786	0.81658
6787	0.22015
6788	0.24114
6789	0.83359
6790	0.54401
6791	-4.8237e-002
6792	-5.2778e-002
6793	-0.3568
6794	0.25009
6795	0.25665
6796	0.84413
6797	0.5416
6798	0.55498
6799	0.44164
6800	0.15894
6801	0.35411
6802	0.68395
6803	0.50328
6804	0.72219
6805	0.1933
6806	0.6088
6807	0.78873
6808	0.2591
6809	0.37559
6810	0.97816
6811	0.75131
6812	0.49613
6813	0.61964
6814	0.2786
6815	0.71873
6816	0.4504
6817	0.71803
6818	0.2565
6819	0.19964
6820	0.66935
6821	0.47617
6822	0.1863
6823	0.66921
6824	0.82337
6825	0.38196
6826	0.56996
6827	0.82407
6828	0.9323
6829	0.50265
6830	0.97028
6831	0.76155
6832	0.46566
6833	0.6737
6834	5.5003
6835	4.6654
6836	5.0095
6837	1.1486
6838	1.3738
6839	0.84246
6840	0.93265
6841	1.1721
6842	0.56529
6843	0.83888
6844	1.0724
6845	0.48363
6846	6.789
6847	7.1434
6848	6.3467
6849	6.8934
6850	7.2838
6851	2.5203
6852	2.3097
6853	2.0175
6854	4.8562
6855	5.6443
6856	4.8237
6857	5.1968
6858	5.8583
6859	-8.6444
6860	-8.6443
6861	-6.7474
6862	-8.7872
6863	-8.9474
6864	16.282
6865	15.987
6866	16.006
6867	15.54
6868	15.559
6869	15.107
6870	15.182
6871	7.5769
6872	7.0895
6873	6.405
6874	1.4897
6875	1.6046
6876	1.1438
6877	1.3356
6878	1.4361
6879	1.1656
6880	1.2471
6881	0.82261
6882	1.3057
6883	1.0641
6884	1.0932
6885	0.65725
6886	0.98617
6887	1.1496
6888	1.0865
6889	1.3138
6890	1.2578
6891	1.2574
6892	1.0135
6893	1.19
6894	0.93699
6895	0.94064
6896	0.43994
6897	1.0136
6898	0.83157
6899	0.74046
6900	1.0076
6901	1.2585
6902	1.1581
6903	1.2396
6904	0.9645
6905	1.009
6906	1.2716
6907	0.71056
6908	0.97266
6909	1.0366
6910	1.3069
6911	0.75253
6912	1.3245
6913	1.0562
6914	0.76396
6915	1.3709
6916	1.109
6917	1.0789
6918	0.80651
6919	1.4099
6920	1.1271
6921	1.1275
6922	0.83794
6923	1.4044
6924	1.0716
6925	1.1226
6926	1.5016
6927	1.3448
6928	1.1457
6929	0.97337
6930	0.68512
6931	1.3668
6932	1.056
6933	1.0456
6934	0.5741
6935	0.98774
6936	1.1935
6937	1.6542
6938	1.3393
6939	1.4271
6940	1.4164
6941	1.1086
6942	1.0876
6943	0.73777
6944	1.139
6945	0.76417
6946	1.4436
6947	1.1029
6948	1.0775
6949	1.4594
6950	1.4873
6951	0.79602
6952	1.2861
6953	0.66193
6954	1.5256
6955	1.6681
6956	1.834
6957	1.4358
6958	1.7459
6959	1.377
6960	1.6796
6961	1.6483
6962	1.3584
6963	1.3607
6964	1.6496
6965	1.3625
6966	1.639
6967	1.6486
6968	1.3091
6969	1.0627
6970	1.3665
6971	0.69384
6972	1.0798
6973	0.81153
6974	1.443
6975	1.1451
6976	1.186
6977	0.8547
6978	1.4804
6979	1.1727
6980	0.87122
6981	1.496
6982	1.2088
6983	0.87273
6984	1.2389
6985	1.4329
6986	1.616
6987	1.8601
6988	1.6581
6989	1.6156
6990	1.8474
6991	1.863
6992	1.6218
6993	1.328
6994	1.8624
6995	1.6245
6996	1.6125
6997	2.0244
6998	1.7051
6999	1.8243
7000	2.49
7001	2.215
7002	2.3601
7003	2.0627
7004	2.8096
7005	2.409
7006	2.6492
7007	2.5319
7008	2.7281
7009	3.0913
7010	2.7919
7011	2.9795
7012	3.46
7013	3.7607
7014	3.676
7015	3.5078
7016	3.7915
7017	4.0503
7018	3.9638
7019	3.83
7020	4.0789
7021	4.2713
7022	4.1432
7023	3.9051
7024	3.9583
7025	4.1608
7026	3.6134
7027	3.7501
7028	3.9566
7029	3.1846
7030	2.7253
7031	2.8501
7032	3.2297
7033	3.3871
7034	3.6411
7035	2.1775
7036	2.8357
7037	2.0186
7038	2.2985
7039	1.3607
7040	-1.7465
7041	-2.3059
7042	-0.69822
7043	-0.99949
7044	-2.1522
7045	-2.068
7046	-1.459
7047	-3.229
7048	-1.2981
7049	7.0329e-002
7050	-1.2261
7051	-0.61717
7052	-0.34768
7053	0.8197
7054	0.55728
7055	7.9086e-002
7056	4.4533
7057	4.4134
7058	4.0429
7059	4.1103
7060	4.8525
7061	4.7973
7062	5.1684
7063	5.2159
7064	5.79
7065	5.8497
7066	5.5355
7067	6.4016
7068	6.5092
7069	6.1732
7070	7.0219
7071	6.835
7072	7.1365
7073	6.9644
7074	7.5908
7075	7.4313
7076	7.7178
7077	7.5738
7078	8.1444
7079	8.0036
7080	8.2902
7081	8.9729
7082	9.1367
7083	8.855
7084	11.893
7085	12.137
7086	11.801
7087	12.541
7088	12.715
7089	12.46
7090	12.755
7091	13.126
7092	13.318
7093	13.028
7094	13.775
7095	13.631
7096	13.639
7097	13.977
7098	13.849
7099	14.478
7100	14.666
7101	14.338
7102	15.565
7103	15.422
7104	15.255
7105	15.875
7106	15.743
7107	16.056
7108	16.171
7109	17.003
7110	16.924
7111	16.736
7112	17.193
7113	17.258
7114	18.229
7115	18.29
7116	18.058
7117	18.383
7118	18.475
7119	18.633
7120	18.266
7121	18.459
7122	18.429
7123	18.876
7124	18.744
7125	18.553
7126	18.65
7127	19.25
7128	18.898
7129	19.028
7130	19.178
7131	18.627
7132	19.511
7133	18.823
7134	19.27
7135	19.742
7136	19.227
7137	19.862
7138	19.349
7139	19.817
7140	19.166
7141	18.617
7142	19.283
7143	18.497
7144	18.743
7145	18.561
7146	18.461
7147	19.126
7148	17.953
7149	19.173
7150	18.36
7151	18.3
7152	18.983
7153	17.788
7154	18.822
7155	18.106
7156	17.586
7157	18.394
7158	17.894
7159	17.686
7160	17.171
7161	17.944
7162	18.061
7163	16.789
7164	17.513
7165	17.476
7166	16.68
7167	15.805
7168	16.681
7169	16.256
7170	15.465
7171	16.022
7172	15.414
7173	16.242
7174	14.511
7175	15.199
7176	15.381
7177	15.031
7178	14.691
7179	13.977
7180	12.355
7181	11.482
7182	12.076
7183	11.282
7184	10.602
7185	10.951
7186	10.539
7187	10.251
7188	9.7219
7189	10.367
7190	9.0935
7191	9.1164
7192	8.6067
7193	8.5596
7194	8.2189
7195	8.2053
7196	7.8608
7197	5.209
7198	5.6029
7199	4.866
7200	4.6781
7201	4.9208
7202	4.7391
7203	4.5095
7204	4.5939
7205	4.4834
7206	4.1634
7207	4.3221
7208	4.4256
7209	4.127
7210	3.931
7211	3.8201
7212	4.7879
7213	4.3054
7214	5.1286
7215	4.6604
7216	5.2611
7217	5.4511
7218	5.7536
7219	5.3856
7220	5.8266
7221	5.0349
7222	5.5648
7223	5.7362
7224	6.0844
7225	6.0833
7226	6.9843
7227	6.8462
7228	7.2504
7229	8.0674
7230	7.859
7231	7.6587
7232	8.2962
7233	8.4755
7234	8.2547
7235	9.5931
7236	9.2884
7237	9.7085
7238	10.581
7239	10.498
7240	10.147
7241	10.948
7242	10.998
7243	12.177
7244	11.772
7245	12.152
7246	13.293
7247	13.209
7248	12.762
7249	12.845
7250	14.506
7251	14.509
7252	14.02
7253	14.928
7254	15.131
7255	14.974
7256	14.428
7257	15.433
7258	15.256
7259	14.763
7260	16.455
7261	15.944
7262	16.298
7263	17.647
7264	17.769
7265	17.318
7266	17.914
7267	18.099
7268	17.589
7269	18.236
7270	18.3
7271	17.684
7272	18.814
7273	18.703
7274	18.49
7275	18.64
7276	18.996
7277	18.19
7278	18.564
7279	18.719
7280	19.138
7281	18.265
7282	19.234
7283	18.858
7284	20.528
7285	19.999
7286	19.636
7287	20.186
7288	20.94
7289	20.005
7290	20.498
7291	20.383
7292	20.763
7293	21.541
7294	21.257
7295	21.094
7296	22.011
7297	21.646
7298	21.315
7299	21.702
7300	22.262
7301	21.671
7302	21.969
7303	21.97
7304	22.259
7305	21.938
7306	21.725
7307	22.017
7308	21.68
7309	22.233
7310	21.927
7311	21.998
7312	21.748
7313	22.199
7314	21.984
7315	21.961
7316	21.674
7317	22.074
7318	21.868
7319	21.856
7320	21.516
7321	21.902
7322	21.723
7323	21.704
7324	21.403
7325	21.775
7326	21.599
7327	21.589
7328	21.547
7329	21.298
7330	21.673
7331	21.46
7332	21.388
7333	21.77
7334	21.776
7335	21.583
7336	21.235
7337	21.615
7338	21.421
7339	21.429
7340	21.157
7341	21.56
7342	21.39
7343	21.375
7344	21.531
7345	21.666
7346	21.506
7347	21.337
7348	21.541
7349	21.711
7350	21.705
7351	21.382
7352	21.525
7353	21.69
7354	21.516
7355	21.68
7356	21.674
7357	21.511
7358	21.672
7359	21.51
7360	21.503
7361	21.341
7362	21.382
7363	21.627
7364	21.482
7365	21.099
7366	21.507
7367	21.305
7368	21.318
7369	21.115
7370	21.498
7371	21.307
7372	21.13
7373	21.515
7374	21.334
7375	21.315
7376	21.124
7377	21.505
7378	21.326
7379	21.304
7380	21.5
7381	21.118
7382	21.089
7383	21.494
7384	21.263
7385	21.004
7386	21.202
7387	21.337
7388	21.018
7389	21.427
7390	21.018
7391	21.236
7392	21.238
7393	21.504
7394	21.099
7395	21.31
7396	21.295
7397	21.37
7398	21.034
7399	21.245
7400	21.683
7401	21.61
7402	21.507
7403	21.376
7404	21.563
7405	21.59
7406	21.189
7407	21.38
7408	21.144
7409	21.537
7410	21.475
7411	21.665
7412	21.523
7413	21.285
7414	21.633
7415	21.433
7416	21.16
7417	21.553
7418	21.35
7419	21.371
7420	21.145
7421	21.545
7422	21.361
7423	21.348
7424	21.136
7425	21.532
7426	21.355
7427	21.339
7428	21.316
7429	21.092
7430	21.524
7431	21.355
7432	21.114
7433	21.52
7434	21.29
7435	21.314
7436	21.53
7437	21.293
7438	21.111
7439	21.321
7440	21.102
7441	21.514
7442	21.322
7443	21.13
7444	21.544
7445	21.31
7446	21.515
7447	21.518
7448	21.105
7449	21.305
7450	6.6092
7451	7.7114
7452	7.1619
7453	7.0364
7454	6.091
7455	20.67
7456	20.889
7457	21.089
7458	20.891
7459	4.4711
7460	4.068
7461	3.6414
7462	3.6247
7463	4.9282
7464	5.3675
7465	0.54304
7466	0.59845
7467	0.31529
7468	0.4556
7469	0.234
7470	0.78452
7471	0.33583
7472	0.1412
7473	0.21541
7474	1.6884e-002
7475	0.14328
7476	-8.8973e-002
7477	5.4757e-002
7478	-0.14035
7479	0.33128
7480	-2.9404e-002
7481	-0.25211
7482	3.8975e-002
7483	-0.24195
7484	-7.5925e-003
7485	9.8896e-002
7486	-0.222
7487	-0.15466
7488	0.15667
7489	0.42963
7490	0.14084
7491	0.139
7492	-0.19218
7493	0.1245
7494	2.5889e-002
7495	-0.22871
7496	-8.9405e-002
7497	-0.36862
7498	-5.0885e-002
7499	-0.16349
7500	-0.40645
7501	3.1681e-002
7502	-0.49862
7503	-0.23889
7504	0.59192
7505	1.5133e-002
7506	0.29477
7507	-0.35504
7508	-6.1708e-002
7509	-6.6311e-002
7510	-0.36481
7511	-0.10248
7512	-0.38114
7513	-0.42911
7514	-0.18387
7515	3.9437e-002
7516	-8.789e-003
7517	0.46616
7518	9.5433e-002
7519	-0.35786
7520	-0.41752
7521	0.33397
7522	-5.3089e-002
7523	0.69449
7524	0.52216
7525	-1.3679e-003
7526	0.33724
7527	0.21885
7528	-8.7308e-002
7529	0.29443
7530	0.14811
7531	-0.13963
7532	-0.19794
7533	0.10136
7534	0.26404
7535	0.14155
7536	-0.12668
7537	4.9706e-002
7538	0.37481
7539	0.75717
7540	0.41512
7541	0.40444
7542	3.9377e-002
7543	0.74316
7544	0.39334
7545	3.4522e-002
7546	0.4212
7547	-3.3752e-002
7548	0.29456
7549	0.38046
7550	0.13245
7551	0.18504
7552	-0.16054
7553	0.18869
7554	-0.14994
7555	0.13668
7556	0.1552
7557	-0.11871
7558	-0.17976
7559	-4.2919e-002
7560	0.37919
7561	0.16263
7562	0.44808
7563	0.58474
7564	0.83399
7565	0.1595
7566	0.44271
7567	0.51655
7568	0.53995
7569	0.53209
7570	0.17216
7571	0.58068
7572	0.22128
7573	0.61817
7574	0.91824
7575	0.26542
7576	0.59833
7577	0.28898
7578	0.96446
7579	0.56661
7580	0.23798
7581	0.57128
7582	0.26468
7583	0.60541
7584	0.29612
7585	0.62798
7586	0.35228
7587	0.87235
7588	0.5276
7589	0.37991
7590	1.0849
7591	1.3694
7592	0.74017
7593	1.0441
7594	1.4695
7595	1.1513
7596	1.6406
7597	1.7678
7598	1.2991
7599	1.6315
7600	2.642
7601	2.4375
7602	2.3813
7603	2.5712
7604	2.8457
7605	2.8935
7606	3.4084
7607	3.2208
7608	3.1904
7609	3.586
7610	3.738
7611	3.5709
7612	3.8501
7613	3.858
7614	3.9435
7615	3.8033
7616	3.896
7617	3.5239
7618	3.7223
7619	3.0526
7620	3.3763
7621	2.8174
7622	2.3472
7623	8.1892e-002
7624	0.68305
7625	1.3665
7626	-1.3898
7627	-2.6758
7628	-2.8612
7629	-1.5807
7630	-4.011
7631	-2.6724
7632	-8.7353
7633	-6.8384
7634	-8.9246
7635	-6.9113
7636	-10.675
7637	-13.187
7638	-10.675
7639	-13.125
7640	-10.971
7641	-11.131
7642	-13.483
7643	-13.778
7644	-8.9483
7645	-11.169
7646	-6.8897
7647	-8.6414
7648	-5.0007
7649	-6.2869
7650	-3.4177
7651	-4.2861
7652	-3.6481
7653	-2.1789
7654	-2.8098
7655	-1.6596
7656	-1.1316
7657	0.64596
7658	0.27123
7659	-0.18077
7660	1.3248
7661	0.97089
7662	1.88
7663	1.6091
7664	2.4397
7665	2.1669
7666	2.9022
7667	2.603
7668	3.3727
7669	3.0129
7670	3.2462
7671	3.8838
7672	3.4895
7673	3.7853
7674	4.429
7675	4.0306
7676	4.0483
7677	4.7995
7678	4.5895
7679	5.0992
7680	4.9785
7681	4.6778
7682	5.5292
7683	5.3334
7684	5.9592
7685	5.7542
7686	6.3581
7687	6.1991
7688	6.1616
7689	6.5559
7690	6.7222
7691	6.557
7692	7.3353
7693	7.2285
7694	7.0538
7695	7.6034
7696	7.5165
7697	7.8975
7698	7.7921
7699	7.696
7700	8.203
7701	8.0838
7702	8.5078
7703	8.3982
7704	8.8022
7705	8.6999
7706	8.6339
7707	8.9831
7708	9.069
7709	9.6164
7710	9.5417
7711	9.3288
7712	9.9221
7713	9.8433
7714	9.6889
7715	10.228
7716	10.148
7717	9.9936
7718	10.533
7719	10.467
7720	10.782
7721	10.837
7722	11.447
7723	11.388
7724	11.142
7725	11.761
7726	11.692
7727	12.089
7728	12.001
7729	12.435
7730	12.319
7731	12.751
7732	12.64
7733	12.755
7734	13.018
7735	13.004
7736	13.269
7737	13.255
7738	13.54
7739	13.5
7740	13.777
7741	13.822
7742	14.289
7743	14.261
7744	14.066
7745	14.048
7746	14.529
7747	14.481
7748	14.773
7749	14.715
7750	15.037
7751	14.939
7752	15.287
7753	15.194
7754	15.276
7755	15.489
7756	15.453
7757	15.331
7758	15.684
7759	15.633
7760	15.861
7761	15.806
7762	16.018
7763	15.96
7764	16.163
7765	16.098
7766	16.297
7767	16.226
7768	16.417
7769	16.342
7770	16.528
7771	16.443
7772	16.642
7773	16.541
7774	16.76
7775	16.643
7776	16.885
7777	16.743
7778	17.001
7779	16.858
7780	17.108
7781	16.952
7782	17.24
7783	17.06
7784	17.441
7785	17.247
7786	17.187
7787	17.702
7788	17.453
7789	17.948
7790	17.959
7791	17.673
7792	18.138
7793	17.859
7794	18.262
7795	18.278
7796	17.981
7797	18.394
7798	18.049
7799	18.345
7800	18.443
7801	18.108
7802	18.771
7803	18.422
7804	18.09
7805	18.804
7806	18.061
7807	18.272
7808	17.667
7809	17.864
7810	17.45
7811	17.641
7812	17.235
7813	16.691
7814	17.389
7815	17.126
7816	17.808
7817	16.694
7818	16.17
7819	16.896
7820	17.412
7821	16.442
7822	15.934
7823	16.122
7824	15.617
7825	16.961
7826	15.782
7827	15.245
7828	15.409
7829	14.937
7830	14.937
7831	14.551
7832	15.89
7833	14.392
7834	14.002
7835	13.061
7836	13.89
7837	13.505
7838	14.252
7839	12.757
7840	12.248
7841	13.003
7842	11.972
7843	12.473
7844	11.793
7845	11.355
7846	12.156
7847	11.424
7848	10.993
7849	10.671
7850	11.177
7851	11.105
7852	10.469
7853	11.117
7854	10.981
7855	10.372
7856	10.618
7857	10.163
7858	10.173
7859	9.7187
7860	9.8211
7861	9.3866
7862	9.176
7863	9.4504
7864	8.7127
7865	9.1667
7866	8.5447
7867	9.1468
7868	8.6033
7869	9.9277
7870	8.9259
7871	8.4515
7872	8.2127
7873	8.6483
7874	8.076
7875	7.711
7876	8.3637
7877	7.7617
7878	7.4543
7879	7.4574
7880	7.1737
7881	7.1846
7882	6.9331
7883	6.7202
7884	7.0202
7885	6.7272
7886	7.0378
7887	7.0374
7888	6.916
7889	6.6844
7890	6.8719
7891	6.554
7892	7.1256
7893	6.4425
7894	6.2794
7895	6.4822
7896	6.6108
7897	6.4454
7898	6.3125
7899	6.5665
7900	6.3422
7901	6.449
7902	6.4831
7903	6.4798
7904	6.5526
7905	6.8032
7906	6.7962
7907	6.6506
7908	7.0855
7909	7.0744
7910	7.5126
7911	7.5209
7912	8.0291
7913	8.1605
7914	7.3541
7915	8.4747
7916	8.8912
7917	8.7039
7918	9.5845
7919	7.9252
7920	9.9747
7921	8.0054
7922	8.7035
7923	8.8245
7924	7.9673
7925	8.4066
7926	7.4219
7927	7.8398
7928	7.6382
7929	7.3254
7930	7.6037
7931	7.2822
7932	7.4652
7933	7.5128
7934	7.0953
7935	7.3966
7936	7.2598
7937	7.3528
7938	7.405
7939	7.282
7940	7.6055
7941	7.4824
7942	7.6441
7943	8.0251
7944	7.8266
7945	7.9128
7946	8.2327
7947	8.0899
7948	8.1535
7949	8.4462
7950	8.278
7951	8.3864
7952	8.6737
7953	8.9251
7954	8.6903
7955	9.188
7956	9.1726
7957	9.4611
7958	9.9894
7959	9.6579
7960	9.7297
7961	10.241
7962	10.499
7963	10.126
7964	10.609
7965	10.771
7966	10.656
7967	11.033
7968	11.542
7969	11.142
7970	11.279
7971	11.849
7972	12.16
7973	11.725
7974	12.453
7975	12.296
7976	12.725
7977	13.164
7978	12.742
7979	12.95
7980	13.732
7981	14.194
7982	13.794
7983	14.77
7984	14.331
7985	14.518
7986	15.937
7987	15.363
7988	15.642
7989	15.406
7990	16.539
7991	15.954
7992	16.421
7993	16.743
7994	17.219
7995	17.856
7996	18.005
7997	18.619
7998	19.019
7999	18.371
8000	19.439
8001	18.842
8002	19.076
8003	18.489
8004	19.45
8005	19.279
8006	19.828
8007	18.891
8008	19.597
8009	20.09
8010	19.732
8011	19.206
8012	20.463
8013	20.153
8014	19.931
8015	19.664
8016	20.302
8017	20.475
8018	19.984
8019	20.383
8020	20.808
8021	20.681
8022	21.185
8023	20.865
8024	21.257
8025	20.925
8026	20.514
8027	20.883
8028	21.179
8029	21.555
8030	21.248
8031	21.027
8032	21.362
8033	21.315
8034	21.66
8035	21.184
8036	21.47
8037	21.46
8038	21.761
8039	21.156
8040	21.651
8041	21.401
8042	21.438
8043	21.175
8044	21.154
8045	21.395
8046	21.817
8047	21.32
8048	21.57
8049	21.761
8050	21.309
8051	21.542
8052	21.553
8053	21.293
8054	21.529
8055	21.513
8056	21.69
8057	21.254
8058	21.471
8059	21.489
8060	21.651
8061	21.227
8062	21.45
8063	21.442
8064	21.252
8065	21.446
8066	21.464
8067	21.62
8068	21.2
8069	21.418
8070	21.393
8071	21.548
8072	21.15
8073	21.348
8074	21.361
8075	21.115
8076	21.335
8077	21.313
8078	21.478
8079	21.087
8080	21.273
8081	21.294
8082	21.439
8083	21.053
8084	21.258
8085	21.236
8086	21.018
8087	21.208
8088	21.215
8089	21.172
8090	21.367
8091	20.979
8092	21.174
8093	21.139
8094	20.969
8095	21.061
8096	20.917
8097	21.03
8098	20.842
8099	21.224
8100	20.831
8101	21.042
8102	20.861
8103	21.025
8104	21.227
8105	20.85
8106	20.979
8107	20.826
8108	21.212
8109	20.984
8110	20.768
8111	20.765
8112	20.829
8113	21.202
8114	20.809
8115	20.647
8116	20.717
8117	20.657
8118	20.828
8119	20.848
8120	20.675
8121	20.852
8122	20.84
8123	20.666
8124	20.835
8125	20.66
8126	20.832
8127	20.656
8128	21.004
8129	20.83
8130	20.653
8131	21.002
8132	20.83
8133	20.653
8134	20.865
8135	20.659
8136	20.713
8137	20.927
8138	20.732
8139	20.927
8140	20.725
8141	20.93
8142	20.735
8143	21.132
8144	20.73
8145	20.927
8146	20.882
8147	20.696
8148	20.903
8149	20.858
8150	20.693
8151	21.056
8152	20.799
8153	20.645
8154	20.596
8155	20.782
8156	20.899
8157	20.691
8158	20.846
8159	21.082
8160	20.895
8161	21.103
8162	20.718
8163	20.694
8164	20.86
8165	21.079
8166	20.863
8167	20.651
8168	20.838
8169	20.901
8170	20.693
8171	21.083
8172	20.714
8173	20.905
8174	21.1
8175	20.895
8176	20.704
8177	20.902
8178	21.112
8179	20.869
8180	20.669
8181	21.08
8182	20.662
8183	20.834
8184	20.879
8185	20.657
8186	20.824
8187	20.938
8188	20.72
8189	21.127
8190	20.75
8191	20.964
8192	21.156
8193	20.907
8194	20.746
8195	20.957
8196	20.84
8197	20.683
8198	20.785
8199	20.629
8200	20.938
8201	20.671
8202	20.595
8203	21.065
8204	20.798
8205	21.213
8206	20.993
8207	21.081
8208	20.702
8209	20.931
8210	20.965
8211	20.754
8212	21.155
8213	20.968
8214	20.752
8215	20.99
8216	20.771
8217	21.18
8218	20.988
8219	20.791
8220	21.225
8221	20.963
8222	21.176
8223	20.76
8224	20.948
8225	20.748
8226	21.151
8227	20.947
8228	20.726
8229	20.943
8230	20.74
8231	21.163
8232	20.924
8233	20.731
8234	20.821
8235	20.701
8236	21.128
8237	20.7
8238	20.567
8239	20.768
8240	20.507
8241	20.512
8242	20.889
8243	20.653
8244	20.905
8245	20.704
8246	20.699
8247	21.081
8248	20.899
8249	20.911
8250	20.686
8251	20.899
8252	20.715
8253	7.221
8254	6.5972
8255	7.9192
8256	4.4444
8257	4.1097
8258	21.129
8259	21.321
8260	21.528
8261	21.316
8262	1.3114
8263	1.7717
8264	1.8191
8265	1.6299
8266	0.76118
8267	1.0856
8268	0.96553
8269	20.715
8270	20.919
8271	20.914
8272	20.26
8273	20.49
8274	20.473
8275	20.297
8276	20.498
8277	20.486
8278	20.246
8279	20.467
8280	20.397
8281	20.188
8282	20.374
8283	20.349
8284	20.3
8285	20.448
8286	20.508
8287	20.321
8288	20.52
8289	20.527
8290	20.335
8291	20.527
8292	20.546
8293	20.357
8294	20.572
8295	20.563
8296	20.329
8297	20.555
8298	20.541
8299	20.3
8300	20.51
8301	20.523
8302	20.356
8303	20.536
8304	20.57
8305	20.764
8306	20.355
8307	20.503
8308	20.58
8309	20.264
8310	20.439
8311	20.473
8312	20.336
8313	20.522
8314	20.552
8315	20.329
8316	20.531
8317	20.548
8318	20.277
8319	20.498
8320	20.466
8321	20.273
8322	20.462
8323	20.461
8324	20.297
8325	20.478
8326	20.493
8327	20.315
8328	20.506
8329	20.5
8330	20.275
8331	20.482
8332	20.469
8333	20.32
8334	20.517
8335	20.489
8336	20.296
8337	20.51
8338	20.459
8339	20.249
8340	20.443
8341	20.428
8342	20.507
8343	20.528
8344	20.314
8345	20.311
8346	20.48
8347	20.537
8348	20.535
8349	20.321
8350	20.335
8351	20.735
8352	20.333
8353	20.533
8354	20.327
8355	20.507
8356	20.531
8357	20.294
8358	20.476
8359	20.482
8360	20.299
8361	20.481
8362	20.478
8363	20.308
8364	20.485
8365	20.493
8366	20.322
8367	20.499
8368	20.5
8369	20.676
8370	20.321
8371	20.495
8372	20.493
8373	20.663
8374	20.337
8375	20.568
8376	20.495
8377	20.407
8378	20.614
8379	20.587
8380	20.448
8381	20.65
8382	20.612
8383	20.495
8384	20.668
8385	20.662
8386	20.481
8387	20.697
8388	20.658
8389	20.575
8390	20.776
8391	20.746
8392	20.778
8393	20.79
8394	20.578
8395	20.595
8396	20.787
8397	20.982
8398	20.623
8399	20.818
8400	21.008
8401	20.615
8402	20.812
8403	20.827
8404	21.009
8405	20.65
8406	20.874
8407	20.855
8408	21.059
8409	20.701
8410	20.899
8411	20.908
8412	21.106
8413	20.737
8414	20.947
8415	20.925
8416	21.145
8417	20.775
8418	20.971
8419	20.99
8420	21.182
8421	20.783
8422	21.014
8423	20.991
8424	21.208
8425	20.836
8426	21.042
8427	21.038
8428	21.253
8429	20.831
8430	21.04
8431	21.034
8432	21.256
8433	20.84
8434	21.05
8435	21.064
8436	21.285
8437	20.854
8438	21.089
8439	21.085
8440	21.321
8441	20.834
8442	21.079
8443	21.072
8444	21.322
8445	20.831
8446	21.064
8447	21.078
8448	20.715
8449	20.994
8450	20.931
8451	20.901
8452	20.912
8453	20.643
8454	20.652
8455	20.905
8456	21.146
8457	20.908
8458	20.878
8459	20.606
8460	20.66
8461	21.194
8462	20.82
8463	20.772
8464	20.484
8465	20.581
8466	21.155
8467	20.734
8468	20.648
8469	20.389
8470	20.447
8471	21.069
8472	20.57
8473	20.508
8474	20.207
8475	20.247
8476	20.935
8477	20.408
8478	20.303
8479	19.989
8480	20.121
8481	20.805
8482	19.892
8483	20.612
8484	20.201
8485	20.045
8486	19.902
8487	19.585
8488	19.696
8489	20.47
8490	20.119
8491	19.406
8492	20.2
8493	19.708
8494	19.035
8495	19.849
8496	19.531
8497	19.361
8498	18.555
8499	19.398
8500	18.871
8501	19.131
8502	18.176
8503	19.074
8504	18.682
8505	18.515
8506	17.82
8507	18.724
8508	18.138
8509	18.336
8510	17.625
8511	17.344
8512	17.027
8513	17.297
8514	18.239
8515	17.886
8516	17.054
8517	16.795
8518	16.451
8519	17.433
8520	16.711
8521	17.71
8522	16.356
8523	15.836
8524	15.65
8525	16.168
8526	15.38
8527	14.936
8528	14.83
8529	15.275
8530	14.358
8531	14.217
8532	13.992
8533	14.535
8534	14.606
8535	14.466
8536	14.979
8537	14.17
8538	14.711
8539	13.862
8540	14.525
8541	14.086
8542	13.417
8543	13.866
8544	13.591
8545	14.053
8546	12.843
8547	13.004
8548	13.285
8549	13.347
8550	12.372
8551	12.978
8552	12.778
8553	12.556
8554	11.899
8555	12.322
8556	12.101
8557	12.53
8558	11.412
8559	12.012
8560	11.577
8561	11.854
8562	10.881
8563	11.42
8564	11.296
8565	11.02
8566	10.38
8567	10.765
8568	10.525
8569	10.902
8570	9.9202
8571	10.394
8572	10.021
8573	10.279
8574	9.4752
8575	9.9059
8576	9.7908
8577	9.5744
8578	9.0637
8579	9.3535
8580	9.1368
8581	9.4253
8582	8.6665
8583	8.9324
8584	8.6976
8585	8.9169
8586	8.2998
8587	8.4751
8588	8.4917
8589	8.3069
8590	8.0054
8591	8.1352
8592	7.9776
8593	7.7098
8594	7.6085
8595	7.6866
8596	7.7727
8597	7.7484
8598	7.8346
8599	7.6241
8600	7.4854
8601	7.5376
8602	7.6056
8603	7.5231
8604	7.5093
8605	7.3863
8606	7.7442
8607	7.5797
8608	7.668
8609	8.0598
8610	8.0217
8611	7.7912
8612	9.0372
8613	8.4639
8614	9.1194
8615	8.2622
8616	10.822
8617	10.855
8618	12.501
8619	11.996
8620	9.9692
8621	9.5513
8622	12.125
8623	10.001
8624	8.6971
8625	9.0226
8626	8.1689
8627	7.2925
8628	7.0674
8629	7.5098
8630	6.5569
8631	6.3976
8632	6.4078
8633	6.6281
8634	6.772
8635	6.6264
8636	6.242
8637	6.2875
8638	6.3944
8639	6.1494
8640	6.1266
8641	5.9373
8642	6.0166
8643	6.2093
8644	5.9105
8645	6.3294
8646	6.1991
8647	6.3575
8648	6.3582
8649	6.0168
8650	6.0129
8651	6.6681
8652	6.3061
8653	5.9914
8654	6.3684
8655	6.6684
8656	6.1365
8657	6.4687
8658	6.6494
8659	7.0894
8660	7.3001
8661	6.6609
8662	6.4775
8663	6.8663
8664	6.8357
8665	7.5171
8666	7.9527
8667	7.2205
8668	7.9081
8669	7.7383
8670	7.4128
8671	7.9813
8672	8.0814
8673	9.0609
8674	8.6264
8675	8.3232
8676	7.8629
8677	9.2641
8678	9.5537
8679	8.7388
8680	8.4211
8681	8.9322
8682	8.9647
8683	9.7363
8684	9.9939
8685	10.239
8686	9.4783
8687	9.2652
8688	9.8513
8689	10.5
8690	10.555
8691	10.88
8692	10.081
8693	9.7621
8694	10.386
8695	11.182
8696	11.682
8697	10.95
8698	11.463
8699	11.731
8700	12.288
8701	12.667
8702	11.82
8703	11.491
8704	11.991
8705	12.732
8706	12.216
8707	13.496
8708	13.106
8709	14.079
8710	14.399
8711	13.595
8712	13.162
8713	13.616
8714	14.74
8715	15.109
8716	14.264
8717	13.865
8718	15.41
8719	15.686
8720	14.904
8721	14.6
8722	15.977
8723	16.276
8724	15.535
8725	15.215
8726	16.412
8727	15.851
8728	16.973
8729	16.567
8730	16.394
8731	16.822
8732	17.056
8733	17.455
8734	17.54
8735	17.071
8736	16.891
8737	17.887
8738	17.282
8739	17.156
8740	17.976
8741	17.644
8742	17.763
8743	17.768
8744	17.45
8745	17.409
8746	17.756
8747	17.522
8748	18.064
8749	17.767
8750	17.453
8751	17.701
8752	17.584
8753	17.259
8754	17.119
8755	17.079
8756	17.215
8757	17.424
8758	16.957
8759	17.007
8760	16.746
8761	16.809
8762	16.905
8763	16.596
8764	16.716
8765	16.626
8766	16.456
8767	16.367
8768	16.393
8769	16.46
8770	16.542
8771	16.313
8772	16.271
8773	16.04
8774	16.161
8775	16.116
8776	15.755
8777	15.596
8778	15.725
8779	15.867
8780	15.905
8781	15.582
8782	15.441
8783	15.096
8784	15.285
8785	15.262
8786	14.847
8787	14.881
8788	14.667
8789	14.429
8790	14.452
8791	14.227
8792	13.738
8793	13.486
8794	13.72
8795	13.976
8796	13.988
8797	13.241
8798	13.007
8799	13.243
8800	13.475
8801	12.78
8802	12.524
8803	12.746
8804	12.996
8805	12.231
8806	11.932
8807	12.181
8808	12.478
8809	11.869
8810	11.633
8811	11.024
8812	10.716
8813	10.955
8814	11.283
8815	11.326
8816	11.079
8817	10.387
8818	10.069
8819	10.338
8820	10.641
8821	9.7685
8822	9.4692
8823	9.6517
8824	9.99
8825	9.1705
8826	8.8808
8827	9.1372
8828	9.3573
8829	9.2563
8830	8.7535
8831	8.5903
8832	7.9784
8833	7.7052
8834	7.8563
8835	8.2357
8836	8.2791
8837	7.4097
8838	7.0768
8839	7.3082
8840	7.5682
8841	7.0225
8842	6.7358
8843	6.9021
8844	6.1967
8845	6.397
8846	5.9942
8847	5.2126
8848	4.787
8849	4.9274
8850	5.4592
8851	5.5583
8852	3.5902
8853	4.1027
8854	4.191
8855	3.6363
8856	2.8524
8857	2.7136
8858	3.1297
8859	2.1185
8860	2.3301
8861	1.8632
8862	1.0854
8863	0.59617
8864	1.2553
8865	-1.1266
8866	-2.2905
8867	-1.3334
8868	-0.58231
8869	-0.14664
8870	-0.59864
8871	-2.744
8872	-3.6782
8873	-6.5291
8874	-5.5723
8875	-8.0386
8876	-13.578
8877	-13.816
8878	-10.862
8879	-17.359
8880	-14.649
8881	-14.274
8882	-11.007
8883	-11.196
8884	-13.457
8885	-7.4709
8886	-6.1001
8887	-7.4009
8888	-5.8198
8889	-8.9117
8890	-9.0965
8891	-7.0833
8892	-6.6941
8893	-4.2985
8894	-4.4839
8895	-1.46
8896	-0.90192
8897	-0.30076
8898	-2.1879
8899	2.2917
8900	2.4374
8901	1.2837
8902	1.9672
8903	3.5747
8904	3.815
8905	3.8604
8906	3.5967
8907	3.1411
8908	3.9622
8909	3.9107
8910	3.8837
8911	3.9089
8912	3.837
8913	3.9304
8914	3.5812
8915	3.7122
8916	3.7201
8917	3.553
8918	3.1636
8919	3.3803
8920	3.3653
8921	3.1623
8922	2.699
8923	2.9747
8924	2.7297
8925	2.9444
8926	2.2404
8927	2.3105
8928	2.5183
8929	1.8
8930	2.1577
8931	2.1015
8932	1.8929
8933	1.4789
8934	1.3131
8935	1.158
8936	1.614
8937	1.3601
8938	1.6868
8939	1.7965
8940	1.0091
8941	1.1511
8942	1.4836
8943	0.63008
8944	0.98091
8945	0.8219
8946	0.28692
8947	0.50147
8948	0.64497
8949	0.79358
8950	0.1034
8951	0.28253
8952	0.44208
8953	4.2987e-002
8954	-1.0488e-002
8955	-0.28943
8956	-0.21669
8957	0.10421
8958	-6.3956e-002
8959	-7.1366e-002
8960	-0.42439
8961	-0.34798
8962	-0.39736
8963	-6.3762e-002
8964	-0.44941
8965	-9.3976e-002
8966	-0.14651
8967	-0.49775
8968	-0.15461
8969	0.20245
8970	-0.15748
8971	-0.59048
8972	-0.21871
8973	6.451e-002
8974	-0.24581
8975	-0.31999
8976	-0.45367
8977	-0.74159
8978	-0.55726
8979	-0.20801
8980	-0.77542
8981	-0.45734
8982	-0.78487
8983	-0.1153
8984	-0.43713
8985	-0.46088
8986	-0.76998
8987	-0.40325
8988	-7.4935e-002
8989	-0.42055
8990	-0.70613
8991	-0.3294
8992	-0.35693
8993	5.728e-002
8994	-0.71465
8995	-0.33054
8996	-0.34657
8997	-0.70822
8998	-0.31693
8999	-0.34772
9000	4.8479e-002
9001	-0.44579
9002	-0.40037
9003	-0.78208
9004	-0.80966
9005	-0.48567
9006	-0.74865
9007	-0.35724
9008	-1.8623e-002
9009	-0.81449
9010	-0.38843
9011	-0.56604
9012	-0.87991
9013	-0.40609
9014	-0.66427
9015	-0.70777
9016	-0.67964
9017	-1.0066
9018	-1.036
9019	-0.74216
9020	-0.66884
9021	-0.6636
9022	-0.9837
9023	-0.99315
9024	-0.66796
9025	-0.67929
9026	-0.98256
9027	-0.37463
9028	-0.97777
9029	-0.99142
9030	-0.68721
9031	-0.38398
9032	-1.0157
9033	-0.72187
9034	-0.69955
9035	-0.41235
9036	-1.0647
9037	-0.47431
9038	-0.77534
9039	-0.75054
9040	-1.0849
9041	-0.789
9042	-0.7847
9043	-0.52496
9044	-0.68567
9045	-0.65076
9046	-0.97359
9047	-1.0137
9048	-0.74158
9049	-0.9435
9050	-0.33303
9051	-0.58762
9052	-0.8145
9053	-0.15802
9054	-0.51123
9055	-0.49104
9056	-0.79062
9057	-0.46793
9058	-0.1566
9059	-0.48778
9060	-0.79083
9061	-0.50293
9062	-0.47555
9063	-0.67138
9064	-0.3726
9065	-0.44722
9066	-0.17774
9067	-8.0399e-002
9068	-0.39873
9069	-0.51159
9070	-0.2875
9071	-0.3154
9072	6.2403e-003
9073	-0.17796
9074	0.13484
9075	0.34288
9076	5.9718e-002
9077	0.32464
9078	0.42171
9079	9.5568e-002
9080	0.62606
9081	3.4811e-002
9082	0.54524
9083	0.24936
9084	4.5251
9085	3.7208
9086	4.1538
9087	20.476
9088	20.25
9089	20.486
9090	20.474
9091	20.261
9092	20.692
9093	20.469
9094	20.243
9095	20.464
9096	20.246
9097	20.69
9098	20.474
9099	20.237
9100	20.673
9101	20.497
9102	20.294
9103	0.4998
9104	0.20626
9105	21.111
9106	20.701
9107	20.899
9108	21.517
9109	21.327
9110	7.2266
9111	6.6345
9112	6.6437
9113	3.7414
9114	3.6534
9115	3.9588
9116	3.8327
9117	5.3781
9118	4.9857
9119	5.9127
9120	21.707
9121	21.903
9122	21.71
9123	21.498
9124	21.718
9125	21.936
9126	21.531
9127	21.718
9128	21.914
9129	21.504
9130	21.723
9131	21.922
9132	21.737
9133	21.917
9134	21.737
9135	21.942
9136	21.73
9137	21.923
9138	21.723
9139	21.949
9140	21.716
9141	21.913
9142	21.486
9143	21.729
9144	21.934
9145	21.746
9146	21.922
9147	21.766
9148	21.959
9149	21.576
9150	21.747
9151	21.957
9152	21.726
9153	21.927
9154	21.533
9155	21.739
9156	21.927
9157	21.746
9158	21.943
9159	21.562
9160	21.742
9161	21.948
9162	21.751
9163	21.931
9164	21.545
9165	21.789
9166	21.946
9167	21.571
9168	21.813
9169	21.992
9170	21.632
9171	21.786
9172	21.989
9173	21.629
9174	21.754
9175	21.958
9176	21.573
9177	21.743
9178	21.941
9179	21.725
9180	21.934
9181	21.541
9182	21.721
9183	21.916
9184	21.49
9185	21.768
9186	21.917
9187	21.536
9188	21.795
9189	21.977
9190	21.591
9191	21.798
9192	21.967
9193	21.598
9194	21.823
9195	21.986
9196	21.854
9197	22.006
9198	21.8
9199	22.024
9200	21.712
9201	21.724
9202	21.932
9203	21.64
9204	21.748
9205	21.923
9206	21.756
9207	21.968
9208	21.742
9209	21.932
9210	21.546
9211	21.781
9212	21.939
9213	21.54
9214	21.818
9215	21.985
9216	21.65
9217	21.83
9218	21.994
9219	21.653
9220	21.765
9221	21.994
9222	21.698
9223	21.899
9224	21.485
9225	21.705
9226	21.902
9227	21.511
9228	21.7
9229	21.91
9230	21.689
9231	21.888
9232	21.49
9233	21.67
9234	21.883
9235	21.481
9236	21.667
9237	21.866
9238	21.683
9239	21.879
9240	21.477
9241	21.703
9242	21.886
9243	21.493
9244	21.757
9245	21.91
9246	21.495
9247	21.802
9248	21.962
9249	21.631
9250	21.816
9251	21.975
9252	21.629
9253	21.82
9254	21.986
9255	21.662
9256	21.754
9257	21.985
9258	21.677
9259	21.69
9260	21.892
9261	21.614
9262	21.69
9263	21.876
9264	21.715
9265	21.886
9266	21.717
9267	21.916
9268	21.536
9269	21.695
9270	21.887
9271	21.694
9272	21.882
9273	21.705
9274	21.888
9275	21.503
9276	21.751
9277	21.906
9278	21.805
9279	21.965
9280	21.829
9281	21.983
9282	21.659
9283	21.993
9284	21.835
9285	21.838
9286	21.995
9287	21.835
9288	21.845
9289	22.
9290	21.86
9291	22.008
9292	21.864
9293	22.024
9294	21.84
9295	22.015
9296	21.826
9297	21.993
9298	21.828
9299	21.996
9300	21.665
9301	21.817
9302	21.996
9303	21.668
9304	21.789
9305	21.988
9306	21.63
9307	21.761
9308	21.959
9309	21.576
9310	21.767
9311	21.944
9312	21.79
9313	21.963
9314	21.597
9315	21.801
9316	21.992
9317	21.606
9318	21.813
9319	21.994
9320	21.84
9321	22.009
9322	21.627
9323	21.897
9324	22.042
9325	21.94
9326	22.097
9327	21.937
9328	22.111
9329	21.926
9330	22.106
9331	21.744
9332	21.929
9333	22.112
9334	21.739
9335	21.947
9336	22.109
9337	21.747
9338	21.959
9339	22.147
9340	21.773
9341	21.972
9342	22.146
9343	21.986
9344	22.168
9345	21.796
9346	22.009
9347	22.179
9348	21.805
9349	22.038
9350	22.223
9351	21.845
9352	22.06
9353	22.233
9354	21.857
9355	22.086
9356	22.263
9357	21.887
9358	22.108
9359	22.285
9360	22.131
9361	22.318
9362	21.928
9363	22.152
9364	22.33
9365	21.944
9366	22.185
9367	22.359
9368	21.96
9369	22.217
9370	22.405
9371	22.017
9372	22.248
9373	22.42
9374	22.031
9375	22.274
9376	22.458
9377	22.287
9378	22.468
9379	22.068
9380	22.319
9381	22.5
9382	22.085
9383	22.337
9384	22.548
9385	22.127
9386	22.353
9387	22.544
9388	22.121
9389	22.397
9390	22.586
9391	22.159
9392	22.429
9393	22.624
9394	22.442
9395	22.653
9396	22.214
9397	22.475
9398	22.667
9399	22.211
9400	22.51
9401	22.716
9402	22.273
9403	22.547
9404	22.729
9405	22.286
9406	22.581
9407	22.792
9408	22.349
9409	22.557
9410	22.817
9411	22.352
9412	22.516
9413	22.777
9414	22.281
9415	22.495
9416	22.758
9417	22.51
9418	22.762
9419	22.189
9420	22.554
9421	22.803
9422	22.555
9423	22.855
9424	22.311
9425	22.534
9426	22.821
9427	22.27
9428	22.542
9429	22.821
9430	22.249
9431	22.563
9432	22.835
9433	22.541
9434	22.857
9435	22.269
9436	22.502
9437	22.815
9438	22.189
9439	22.498
9440	22.806
9441	22.194
9442	22.458
9443	22.829
9444	22.176
9445	22.387
9446	22.746
9447	22.077
9448	22.352
9449	22.699
9450	22.311
9451	22.681
9452	21.986
9453	22.3
9454	22.629
9455	21.925
9456	22.278
9457	22.641
9458	21.96
9459	22.148
9460	22.562
9461	21.916
9462	21.99
9463	22.401
9464	21.707
9465	21.863
9466	22.309
9467	21.748
9468	22.197
9469	21.416
9470	21.583
9471	22.083
9472	21.275
9473	21.439
9474	21.911
9475	20.997
9476	21.295
9477	21.84
9478	21.081
9479	21.627
9480	20.739
9481	20.894
9482	21.421
9483	20.701
9484	21.263
9485	20.365
9486	20.502
9487	21.05
9488	20.134
9489	20.28
9490	20.867
9491	19.969
9492	20.609
9493	20.011
9494	19.668
9495	20.174
9496	19.652
9497	19.789
9498	19.326
9499	19.781
9500	19.494
9501	19.218
9502	19.629
9503	18.894
9504	19.054
9505	19.475
9506	18.767
9507	19.24
9508	18.925
9509	18.485
9510	17.921
9511	18.39
9512	18.22
9513	17.619
9514	18.098
9515	17.471
9516	17.302
9517	17.787
9518	17.133
9519	16.965
9520	17.472
9521	16.809
9522	17.123
9523	16.613
9524	15.937
9525	16.437
9526	16.27
9527	15.76
9528	15.637
9529	16.105
9530	15.341
9531	15.799
9532	14.977
9533	15.459
9534	15.05
9535	14.562
9536	13.758
9537	14.227
9538	14.151
9539	13.674
9540	13.38
9541	13.833
9542	13.002
9543	13.433
9544	12.932
9545	12.601
9546	13.036
9547	12.576
9548	12.6
9549	12.178
9550	11.323
9551	11.715
9552	11.755
9553	11.372
9554	10.866
9555	11.256
9556	10.397
9557	10.775
9558	9.9304
9559	10.286
9560	10.046
9561	9.8075
9562	9.4727
9563	8.5519
9564	8.8403
9565	9.0149
9566	8.7313
9567	8.0878
9568	8.3517
9569	7.6213
9570	7.8573
9571	7.1549
9572	7.3595
9573	7.421
9574	6.8649
9575	6.6913
9576	5.7817
9577	5.8705
9578	6.23
9579	6.1289
9580	5.3681
9581	5.3916
9582	4.9694
9583	4.9469
9584	4.5667
9585	4.5014
9586	4.1779
9587	4.0664
9588	3.8108
9589	3.6599
9590	3.5216
9591	3.2905
9592	3.3345
9593	3.0422
9594	3.2416
9595	2.845
9596	3.2775
9597	2.8109
9598	3.3984
9599	2.9083
9600	3.0755
9601	3.8314
9602	3.4949
9603	3.4567
9604	4.1141
9605	3.8269
9606	3.7794
9607	3.8916
9608	3.4319
9609	3.7897
9610	4.0926
9611	3.6019
9612	4.3217
9613	3.8651
9614	4.6734
9615	4.1472
9616	4.6468
9617	5.0762
9618	5.8065
9619	5.4852
9620	5.4199
9621	5.6536
9622	6.2451
9623	5.9591
9624	6.0505
9625	6.7259
9626	6.4767
9627	6.4715
9628	7.2164
9629	7.013
9630	6.9214
9631	7.6967
9632	7.5487
9633	7.3738
9634	8.1644
9635	8.069
9636	7.8063
9637	8.6276
9638	8.5807
9639	9.1008
9640	9.0891
9641	8.614
9642	9.5878
9643	9.6031
9644	10.037
9645	10.118
9646	9.6107
9647	10.583
9648	9.8151
9649	10.46
9650	11.22
9651	11.462
9652	10.851
9653	11.612
9654	11.896
9655	10.932
9656	12.037
9657	12.325
9658	12.58
9659	12.802
9660	11.707
9661	13.387
9662	13.118
9663	14.324
9664	13.572
9665	14.038
9666	13.296
9667	14.947
9668	15.24
9669	14.499
9670	14.233
9671	15.379
9672	15.681
9673	15.771
9674	16.104
9675	16.163
9676	16.486
9677	16.48
9678	16.884
9679	15.813
9680	16.631
9681	17.142
9682	16.022
9683	16.799
9684	17.307
9685	17.118
9686	17.574
9687	17.497
9688	17.941
9689	17.867
9690	18.291
9691	17.072
9692	18.249
9693	18.641
9694	18.561
9695	18.995
9696	18.739
9697	19.24
9698	18.899
9699	19.398
9700	18.191
9701	19.098
9702	19.596
9703	19.315
9704	19.8
9705	18.599
9706	19.504
9707	20.015
9708	19.647
9709	20.172
9710	19.738
9711	20.314
9712	19.712
9713	20.386
9714	20.363
9715	19.69
9716	18.899
9717	20.049
9718	20.619
9719	19.826
9720	20.248
9721	20.81
9722	19.509
9723	20.379
9724	20.951
9725	19.729
9726	20.453
9727	21.027
9728	20.531
9729	21.073
9730	20.626
9731	21.138
9732	20.018
9733	20.708
9734	21.184
9735	20.154
9736	20.811
9737	21.223
9738	20.234
9739	20.775
9740	21.256
9741	21.298
9742	20.407
9743	21.046
9744	20.448
9745	20.301
9746	20.553
9747	19.709
9748	20.18
9749	20.087
9750	19.793
9751	20.226
9752	19.51
9753	19.948
9754	19.638
9755	20.063
9756	19.416
9757	19.46
9758	19.853
9759	19.24
9760	19.661
9761	19.108
9762	19.033
9763	19.376
9764	18.884
9765	19.177
9766	18.71
9767	18.725
9768	18.994
9769	18.536
9770	18.787
9771	18.333
9772	18.572
9773	18.072
9774	18.347
9775	18.101
9776	17.813
9777	18.055
9778	17.944
9779	17.736
9780	17.609
9781	17.831
9782	17.548
9783	17.379
9784	17.596
9785	17.444
9786	17.114
9787	17.327
9788	16.825
9789	17.035
9790	16.533
9791	16.728
9792	16.637
9793	16.237
9794	16.424
9795	16.352
9796	15.923
9797	16.109
9798	15.6
9799	15.779
9800	15.275
9801	15.445
9802	15.109
9803	14.946
9804	15.108
9805	14.274
9806	14.424
9807	14.612
9808	13.932
9809	14.077
9810	14.134
9811	13.592
9812	13.732
9813	13.256
9814	13.388
9815	13.448
9816	12.931
9817	13.047
9818	12.618
9819	12.719
9820	12.833
9821	12.399
9822	12.305
9823	11.318
9824	11.415
9825	11.65
9826	11.557
9827	11.085
9828	10.988
9829	11.223
9830	10.315
9831	10.432
9832	10.654
9833	10.54
9834	9.9854
9835	10.106
9836	10.181
9837	9.6739
9838	9.7949
9839	9.8562
9840	9.3775
9841	9.4974
9842	9.5485
9843	9.0928
9844	9.2132
9845	9.2565
9846	8.816
9847	8.9372
9848	8.6691
9849	8.5452
9850	8.6981
9851	8.1449
9852	8.2763
9853	8.0078
9854	7.4702
9855	7.6272
9856	7.74
9857	7.1962
9858	7.3665
9859	7.3107
9860	7.1024
9861	6.9147
9862	6.3261
9863	6.548
9864	6.62
9865	6.0379
9866	6.2769
9867	6.0977
9868	5.7484
9869	5.9983
9870	5.4464
9871	5.7209
9872	5.494
9873	5.1132
9874	5.42
9875	4.7573
9876	5.0913
9877	4.3932
9878	4.7525
9879	4.0227
9880	4.4057
9881	4.0227
9882	4.0528
9883	3.6367
9884	3.6153
9885	3.2967
9886	2.83
9887	3.2319
9888	2.7526
9889	1.9229
9890	2.384
9891	2.4855
9892	1.7543
9893	1.1543
9894	1.7836
9895	1.52
9896	0.83166
9897	1.4954
9898	0.41365
9899	0.63136
9900	1.2206
9901	0.61993
9902	1.0918
9903	-5.6137e-002
9904	7.1173e-002
9905	0.99583
9906	1.1294
9907	-0.2498
9908	-0.6049
9909	0.67485
9910	0.36675
9911	1.8757
9912	1.9727
9913	1.2178
9914	1.3152
9915	2.4768
9916	2.5673
9917	3.084
9918	2.9567
9919	3.8118
9920	3.6862
9921	3.34
9922	4.2123
9923	4.3349
9924	3.9843
9925	4.3532
9926	4.499
9927	4.4035
9928	4.5804
9929	4.3929
9930	4.5731
9931	4.2754
9932	4.5367
9933	4.3349
9934	4.12
9935	4.3467
9936	4.2411
9937	3.9843
9938	4.1991
9939	3.8996
9940	3.8214
9941	4.0767
9942	3.6591
9943	3.8981
9944	3.5684
9945	3.7625
9946	3.5058
9947	3.4255
9948	3.451
9949	3.1842
9950	3.344
9951	2.9215
9952	3.1911
9953	3.0452
9954	2.7737
9955	3.0483
9956	2.6438
9957	2.8867
9958	2.6419
9959	2.657
9960	2.2052
9961	2.3852
9962	2.4991
9963	2.2208
9964	2.5236
9965	2.319
9966	2.1394
9967	2.4122
9968	1.9015
9969	2.1158
9970	2.3746
9971	2.1071
9972	2.3495
9973	1.8659
9974	2.0949
9975	2.3329
9976	2.0915
9977	2.3167
9978	2.1167
9979	2.3165
9980	2.2605
9981	2.3365
9982	1.9147
9983	1.8534
9984	2.1094
9985	1.5696
9986	1.7636
9987	1.8437
9988	2.1368
9989	1.5866
9990	1.8089
9991	2.0989
9992	1.5217
9993	1.7904
9994	2.0899
9995	2.0759
9996	1.7863
9997	1.7468
9998	2.0662
9999	1.7765
10000	1.7652
10001	2.0501
10002	1.8223
10003	2.0923
10004	1.4785
10005	1.8849
10006	2.1373
10007	1.555
10008	1.9322
10009	2.192
10010	1.9374
10011	2.2126
10012	1.9322
10013	2.2095
10014	1.935
10015	2.2098
10016	1.6451
10017	2.217
10018	1.9509
10019	2.2758
10020	1.9898
10021	2.0544
10022	1.7883
10023	2.0767
10024	1.7919
10025	2.1235
10026	1.7651
10027	2.0901
10028	1.7532
10029	2.0885
10030	1.4244
10031	1.7579
10032	2.0696
10033	2.0925
10034	1.4501
10035	1.7641
10036	2.1103
10037	1.8245
10038	1.4311
10039	1.7695
10040	1.9224
10041	2.1876
10042	1.6075
10043	1.8844
10044	1.9809
10045	2.2157
10046	2.1715
10047	2.2622
10048	1.7538
10049	1.7049
10050	2.0012
10051	1.3777
10052	1.5835
10053	1.7146
10054	2.0422
10055	1.4037
10056	1.7053
10057	2.0196
10058	1.74
10059	2.0362
10060	1.3841
10061	1.8378
10062	2.0538
10063	1.8942
10064	2.1519
10065	1.6809
10066	1.7874
10067	2.1469
10068	1.6673
10069	1.6932
10070	2.0004
10071	1.3603
10072	1.9841
10073	1.7026
10074	1.9718
10075	1.6945
10076	1.7031
10077	1.6379
10078	1.9275
10079	1.6736
10080	1.6142
10081	1.9025
10082	1.3459
10083	1.5948
10084	1.8799
10085	1.5695
10086	1.8603
10087	1.5376
10088	1.8289
10089	1.5019
10090	1.8071
10091	1.2386
10092	1.7561
10093	1.4739
10094	1.1912
10095	1.4871
10096	1.7448
10097	1.4723
10098	1.2121
10099	1.4904
10100	1.7489
10101	1.385
10102	1.7464
10103	1.3095
10104	1.5929
10105	1.6074
10106	1.3506
10107	1.0827
10108	1.5934
10109	1.0335
10110	1.3432
10111	1.3329
10112	1.336
10113	1.5666
10114	1.3204
10115	1.4034
10116	1.6163
10117	1.154
10118	1.4154
10119	1.6517
10120	1.4185
10121	1.6298
10122	1.1624
10123	1.4533
10124	1.6576
10125	1.2094
10126	1.4848
10127	1.684
10128	1.703
10129	1.4425
10130	1.4857
10131	1.6741
10132	1.2515
10133	1.415
10134	1.5355
10135	1.7402
10136	1.2939
10137	1.7623
10138	1.56
10139	1.6899
10140	1.8714
10141	1.6179
10142	1.77
10143	1.9263
10144	1.501
10145	1.8866
10146	2.0287
10147	2.1536
10148	2.0017
10149	2.3977
10150	2.1141
10151	1.9249
10152	2.2883
10153	21.922
10154	21.73
10155	21.724
10156	20.287
10157	20.495
10158	0.58817
10159	0.18543
10160	0.82417
10161	2.7317
10162	2.6224
10163	2.5443
10164	2.4126
10165	2.2607
10166	2.2957
10167	2.1851
10168	2.1079
10169	2.0509
10170	1.9998
10171	1.7975
10172	1.9671
10173	1.9285
10174	1.892
10175	1.8934
10176	1.6329
10177	1.8883
10178	1.9023
10179	1.8689
10180	1.8661
10181	1.8646
10182	1.8469
10183	1.8561
10184	1.8703
10185	1.6099
10186	1.8763
10187	1.883
10188	1.6261
10189	1.8908
10190	1.9544
10191	2.0048
10192	2.0065
10193	2.008
10194	2.0178
10195	1.7356
10196	2.0613
10197	2.0984
10198	2.1197
10199	2.1454
10200	2.1681
10201	2.1921
10202	2.2168
10203	2.2402
10204	1.9629
10205	2.2594
10206	2.2722
10207	1.9907
10208	2.2914
10209	2.3599
10210	2.4046
10211	2.3679
10212	2.35
10213	2.3505
10214	2.3473
10215	2.3385
10216	2.4142
10217	2.497
10218	2.4809
10219	2.464
10220	2.4466
10221	2.1608
10222	2.4015
10223	2.389
10224	2.0606
10225	2.4041
10226	2.4049
10227	2.4135
10228	2.4217
10229	2.4119
10230	2.4751
10231	2.2426
10232	2.5463
10233	2.3249
10234	2.5215
10235	2.5015
10236	2.2354
10237	2.4918
10238	2.4871
10239	2.4846
10240	2.4724
10241	2.4444
10242	2.4073
10243	2.3771
10244	2.3695
10245	2.3741
10246	2.374
10247	2.0844
10248	2.3754
10249	2.3799
10250	2.3919
10251	2.3928
10252	2.4584
10253	2.5363
10254	2.5417
10255	2.5547
10256	2.5753
10257	2.6083
10258	2.6473
10259	2.715
10260	2.7931
10261	2.8602
10262	2.5884
10263	2.9694
10264	3.0564
10265	2.8116
10266	3.1613
10267	3.3179
10268	3.4383
10269	3.5592
10270	3.2925
10271	3.6914
10272	3.8411
10273	3.5844
10274	4.0015
10275	4.1535
10276	4.2915
10277	4.4258
10278	4.5537
10279	4.717
10280	4.6499
10281	4.7501
10282	4.7263
10283	4.6217
10284	4.4385
10285	4.2135
10286	4.0879
10287	3.9431
10288	3.5987
10289	3.4713
10290	3.1745
10291	2.6643
10292	2.1955
10293	1.8543
10294	1.538
10295	1.5197
10296	1.2116
10297	1.4646
10298	1.6013
10299	1.681
10300	1.8843
10301	2.1247
10302	2.3771
10303	2.1135
10304	2.6761
10305	3.3906
10306	2.9238
10307	3.0253
10308	3.7457
10309	4.097
10310	3.6809
10311	4.4358
10312	4.7651
10313	5.3982
10314	5.0865
10315	5.6945
10316	5.9708
10317	6.2372
10318	6.4988
10319	6.7588
10320	7.0185
10321	6.8308
10322	7.2727
10323	7.5235
10324	7.773
10325	8.0228
10326	7.8857
10327	8.2745
10328	8.5298
10329	8.4059
10330	8.7903
10331	9.0576
10332	9.3331
10333	9.6185
10334	9.9156
10335	10.223
10336	10.537
10337	10.857
10338	10.759
10339	11.182
10340	11.51
10341	11.839
10342	11.745
10343	12.169
10344	12.075
10345	12.499
10346	12.835
10347	13.179
10348	13.528
10349	13.877
10350	14.227
10351	14.579
10352	14.931
10353	14.767
10354	15.279
10355	15.624
10356	15.964
10357	16.296
10358	16.619
10359	16.937
10360	17.248
10361	17.544
10362	17.818
10363	18.073
10364	18.33
10365	18.585
10366	18.822
10367	19.056
10368	19.287
10369	19.52
10370	19.797
10371	20.055
10372	20.278
10373	20.496
10374	20.702
10375	20.891
10376	20.425
10377	21.068
10378	21.293
10379	20.695
10380	21.527
10381	21.677
10382	21.709
10383	21.698
10384	21.696
10385	21.68
10386	21.647
10387	21.599
10388	21.513
10389	21.38
10390	21.171
10391	21.038
10392	21.052
10393	20.962
10394	20.839
10395	20.683
10396	20.5
10397	20.298
10398	20.095
10399	19.898
10400	19.674
10401	19.388
10402	19.064
10403	18.734
10404	18.397
10405	18.083
10406	17.818
10407	17.546
10408	17.208
10409	16.819
10410	16.406
10411	15.974
10412	15.53
10413	15.076
10414	14.789
10415	14.612
10416	14.128
10417	13.86
10418	13.609
10419	13.09
10420	12.609
10421	12.138
10422	11.664
10423	11.176
10424	11.053
10425	10.664
10426	10.133
10427	9.5915
10428	9.0423
10429	8.4853
10430	7.9209
10431	7.3453
10432	6.7639
10433	6.1908
10434	5.6378
10435	5.1099
10436	4.6152
10437	5.0446
10438	4.1206
10439	3.6906
10440	3.3744
10441	3.1421
10442	3.0346
10443	3.0696
10444	3.3924
10445	3.2434
10446	3.5224
10447	3.6137
10448	3.8617
10449	3.2431
10450	3.5141
10451	3.7737
10452	2.8327
10453	3.2522
10454	2.5854
10455	2.4417
10456	2.4143
10457	2.5526
10458	2.811
10459	3.1396
10460	3.5485
10461	4.0011
10462	4.4789
10463	4.9705
10464	5.4804
10465	6.0094
10466	6.5425
10467	6.3689
10468	7.0695
10469	7.5955
10470	8.1213
10471	8.6401
10472	9.1546
10473	9.6639
10474	9.3291
10475	10.163
10476	10.664
10477	11.165
10478	11.649
10479	12.116
10480	12.578
10481	12.156
10482	13.035
10483	13.466
10484	13.886
10485	14.302
10486	14.712
10487	15.124
10488	14.636
10489	15.532
10490	15.917
10491	16.267
10492	16.604
10493	16.944
10494	17.288
10495	16.778
10496	17.629
10497	17.957
10498	18.266
10499	18.567
10500	18.86
10501	19.131
10502	18.69
10503	19.398
10504	19.661
10505	19.885
10506	20.083
10507	20.294
10508	20.529
10509	20.007
10510	20.732
10511	20.945
10512	20.348
10513	21.196
10514	21.415
10515	21.612
10516	21.791
10517	21.967
10518	22.171
10519	22.312
10520	22.411
10521	22.532
10522	22.644
10523	22.721
10524	22.815
10525	22.925
10526	22.97
10527	22.998
10528	23.028
10529	23.058
10530	23.117
10531	23.138
10532	23.12
10533	23.131
10534	23.129
10535	23.114
10536	23.108
10537	23.121
10538	23.104
10539	23.055
10540	23.025
10541	23.019
10542	23.038
10543	23.028
10544	22.974
10545	22.935
10546	22.908
10547	22.879
10548	22.848
10549	22.813
10550	22.778
10551	22.756
10552	22.729
10553	22.682
10554	22.653
10555	22.63
10556	22.608
10557	22.579
10558	22.537
10559	22.517
10560	22.495
10561	22.463
10562	22.437
10563	22.419
10564	22.393
10565	22.362
10566	22.341
10567	22.333
10568	22.309
10569	22.292
10570	22.291
10571	22.28
10572	22.268
10573	22.242
10574	22.211
10575	22.19
10576	22.185
10577	22.165
10578	22.139
10579	22.142
10580	22.158
10581	22.167
10582	22.164
10583	22.163
10584	22.168
10585	22.176
10586	22.172
10587	22.162
10588	22.156
10589	22.154
10590	22.152
10591	21.994
10592	22.147
10593	22.143
10594	22.12
10595	22.089
10596	22.075
10597	22.074
10598	22.087
10599	22.088
10600	22.071
10601	22.077
10602	22.123
10603	22.151
10604	22.144
10605	22.135
10606	22.115
10607	22.092
10608	22.081
10609	22.077
10610	22.078
10611	22.082
10612	22.098
10613	22.107
10614	22.103
10615	22.128
10616	22.158
10617	22.161
10618	22.143
10619	22.13
10620	22.144
10621	22.143
10622	22.131
10623	22.157
10624	22.176
10625	22.169
10626	22.156
10627	22.149
10628	22.127
10629	22.113
10630	22.125
10631	22.132
10632	22.146
10633	22.161
10634	22.168
10635	22.149
10636	22.126
10637	22.138
10638	22.145
10639	22.13
10640	22.127
10641	22.137
10642	22.15
10643	22.135
10644	22.127
10645	22.131
10646	22.139
10647	22.141
10648	22.128
10649	22.122
10650	22.117
10651	22.119
10652	22.132
10653	22.133
10654	22.14
10655	22.144
10656	21.946
10657	22.136
10658	6.0107
10659	5.5204
10660	6.0517
10661	5.6435
10662	21.944
10663	21.541
10664	1.6016
10665	1.7744
10666	2.1378
10667	0.99534
10668	1.2313
10669	0.28792
10670	-0.11482
10671	-0.10811
10672	-0.11988
10673	-0.19426
10674	-0.27073
10675	-0.36898
10676	-5.6183e-002
10677	-0.44087
10678	-0.52485
10679	-0.2032
10680	-0.63374
10681	-0.73257
10682	-0.82608
10683	-0.90077
10684	-0.60199
10685	-0.96968
10686	-1.0265
10687	-0.74552
10688	-1.0613
10689	-0.79327
10690	-1.0798
10691	-0.79192
10692	-1.0758
10693	-1.0832
10694	-0.7605
10695	-1.1176
10696	-1.1382
10697	-0.81475
10698	-1.1543
10699	-1.2069
10700	-0.85102
10701	-1.2663
10702	-1.3016
10703	-1.343
10704	-1.3712
10705	-1.0709
10706	-1.3729
10707	-1.3664
10708	-1.077
10709	-1.3521
10710	-1.3318
10711	-1.0379
10712	-1.3137
10713	-1.3017
10714	-0.99754
10715	-1.2947
10716	-1.2924
10717	-1.2979
10718	-1.308
10719	-1.3201
10720	-1.3348
10721	-1.3326
10722	-1.2544
10723	-1.0387
10724	-1.2411
10725	-0.93957
10726	-1.2427
10727	-0.99426
10728	-1.1593
10729	-1.1247
10730	-0.73326
10731	-1.1304
10732	-1.146
10733	-1.1552
10734	-1.1535
10735	-0.83118
10736	-1.1313
10737	-0.82377
10738	-1.0793
10739	-0.77788
10740	-1.0423
10741	-0.6992
10742	-1.0666
10743	-0.6753
10744	-1.098
10745	-1.1056
10746	-0.73751
10747	-1.105
10748	-1.0976
10749	-0.72086
10750	-1.1129
10751	-1.1305
10752	-0.76372
10753	-1.1267
10754	-1.125
10755	-0.77729
10756	-1.1282
10757	-1.1525
10758	-0.80421
10759	-1.1337
10760	-0.84221
10761	-1.0972
10762	-0.77912
10763	-1.0633
10764	-0.97886
10765	-0.92209
10766	-0.91751
10767	-0.57284
10768	-0.90518
10769	-0.87655
10770	-0.53341
10771	-0.86696
10772	-0.82958
10773	-0.52669
10774	-0.78335
10775	-0.76152
10776	-0.42791
10777	-0.75038
10778	-0.70841
10779	-0.62693
10780	-0.54911
10781	-0.459
10782	-0.31724
10783	-0.1381
10784	-0.18302
10785	-5.8888e-002
10786	0.15566
10787	0.12831
10788	0.29454
10789	0.48636
10790	0.46128
10791	0.6701
10792	0.8121
10793	0.854
10794	1.0393
10795	1.2749
10796	1.5086
10797	1.6015
10798	1.7332
10799	1.9646
10800	2.0347
10801	2.2081
10802	2.4553
10803	2.486
10804	2.6991
10805	2.9456
10806	2.9444
10807	3.1817
10808	3.4115
10809	3.3834
10810	3.6224
10811	3.8001
10812	3.7534
10813	3.9393
10814	4.016
10815	3.9645
10816	4.0077
10817	3.8824
10818	3.6149
10819	3.0136
10820	3.1592
10821	2.0074
10822	-0.15983
10823	0.99941
10824	-4.1873
10825	-7.3109
10826	-4.9152
10827	-7.995
10828	-8.8418
10829	-11.281
10830	-14.543
10831	-11.465
10832	-17.991
10833	-19.885
10834	-17.175
10835	-19.78
10836	-17.655
10837	-17.189
10838	-17.427
10839	-12.482
10840	-8.257
10841	-9.7664
10842	-5.4234
10843	-3.5323
10844	-4.4665
10845	-1.7868
10846	-0.78906
10847	-0.17346
10848	0.75142
10849	0.26222
10850	1.5128
10851	1.9379
10852	1.6827
10853	2.2524
10854	2.7661
10855	2.6029
10856	2.9973
10857	3.0434
10858	3.7786
10859	4.398
10860	4.6454
10861	4.4863
10862	5.1741
10863	5.687
10864	5.9886
10865	5.7861
10866	6.3762
10867	6.8631
10868	6.5765
10869	7.2539
10870	7.4667
10871	7.7193
10872	8.1136
10873	8.3956
10874	8.6022
10875	8.439
10876	9.0099
10877	9.324
10878	9.5398
10879	9.8732
10880	10.593
10881	10.26
10882	10.88
10883	11.214
10884	11.551
10885	12.119
10886	11.83
10887	12.428
10888	12.7
10889	12.962
10890	13.231
10891	13.477
10892	13.709
10893	13.958
10894	14.194
10895	14.408
10896	14.206
10897	14.618
10898	14.821
10899	14.641
10900	15.033
10901	15.067
10902	15.233
10903	15.568
10904	15.428
10905	15.405
10906	15.71
10907	15.837
10908	15.963
10909	16.001
10910	16.076
10911	16.261
10912	16.22
10913	16.174
10914	16.338
10915	16.397
10916	16.445
10917	16.497
10918	16.527
10919	16.546
10920	16.691
10921	16.604
10922	16.799
10923	16.849
10924	16.917
10925	17.034
10926	17.133
10927	17.212
10928	17.343
10929	17.251
10930	17.254
10931	17.499
10932	17.204
10933	17.096
10934	16.989
10935	16.847
10936	17.336
10937	16.687
10938	16.506
10939	16.295
10940	16.023
10941	16.685
10942	15.726
10943	15.438
10944	16.154
10945	15.11
10946	14.773
10947	14.434
10948	14.095
10949	13.755
10950	13.388
10951	13.061
10952	12.678
10953	12.175
10954	11.739
10955	12.63
10956	11.369
10957	11.024
10958	10.709
10959	10.428
10960	11.209
10961	10.159
10962	9.8769
10963	10.672
10964	9.5865
10965	9.2883
10966	8.7496
10967	9.0009
10968	8.5554
10969	8.3699
10970	9.1416
10971	8.1497
10972	7.8957
10973	7.6302
10974	8.1414
10975	7.3779
10976	6.7849
10977	6.9301
10978	6.6658
10979	7.3534
10980	6.5169
10981	6.3533
10982	7.0347
10983	6.1965
10984	6.049
10985	5.9158
10986	5.7918
10987	6.3047
10988	5.6897
10989	5.6449
10990	6.0219
10991	5.65
10992	5.6722
10993	5.6844
10994	5.689
10995	5.9776
10996	5.7211
10997	5.8044
10998	5.9303
10999	6.0775
11000	6.123
11001	6.2522
11002	6.479
11003	6.7653
11004	7.1343
11005	6.9092
11006	7.642
11007	8.3876
11008	7.8593
11009	9.6318
11010	12.081
11011	9.9574
11012	13.771
11013	13.675
11014	12.077
11015	9.9677
11016	10.05
11017	8.9854
11018	8.4502
11019	8.4121
11020	8.1373
11021	7.9449
11022	7.8687
11023	7.8169
11024	7.7349
11025	7.6524
11026	7.6904
11027	7.6806
11028	7.5941
11029	7.7022
11030	7.7495
11031	7.8194
11032	7.9091
11033	7.8813
11034	8.0157
11035	8.1384
11036	8.1455
11037	8.2795
11038	8.4403
11039	8.4714
11040	8.612
11041	8.7894
11042	8.8625
11043	8.9734
11044	9.164
11045	9.2632
11046	9.3608
11047	9.5755
11048	9.6764
11049	9.8038
11050	10.018
11051	10.162
11052	10.244
11053	10.49
11054	10.629
11055	10.739
11056	10.989
11057	11.154
11058	11.217
11059	11.457
11060	11.659
11061	11.715
11062	11.954
11063	12.138
11064	12.187
11065	12.432
11066	12.592
11067	12.697
11068	12.965
11069	13.139
11070	13.216
11071	13.441
11072	13.665
11073	13.636
11074	13.804
11075	14.031
11076	14.36
11077	14.725
11078	15.088
11079	15.462
11080	15.824
11081	16.108
11082	16.394
11083	16.699
11084	16.953
11085	17.225
11086	17.542
11087	17.435
11088	17.612
11089	17.951
11090	17.827
11091	18.017
11092	18.333
11093	18.261
11094	18.51
11095	18.836
11096	18.709
11097	18.903
11098	19.206
11099	19.089
11100	19.237
11101	19.33
11102	19.444
11103	19.754
11104	19.578
11105	19.702
11106	19.82
11107	19.885
11108	19.989
11109	20.102
11110	20.159
11111	20.245
11112	20.309
11113	20.358
11114	20.391
11115	20.394
11116	20.418
11117	20.455
11118	20.672
11119	20.515
11120	20.562
11121	20.794
11122	20.562
11123	20.57
11124	20.808
11125	20.592
11126	20.601
11127	20.836
11128	20.606
11129	20.611
11130	20.836
11131	20.606
11132	20.607
11133	20.816
11134	20.608
11135	20.609
11136	20.811
11137	20.607
11138	20.582
11139	20.813
11140	20.563
11141	20.556
11142	20.771
11143	20.548
11144	20.535
11145	20.745
11146	20.516
11147	20.497
11148	20.704
11149	20.495
11150	20.471
11151	20.694
11152	20.455
11153	20.448
11154	20.659
11155	20.422
11156	20.424
11157	20.619
11158	20.41
11159	20.396
11160	20.389
11161	20.379
11162	20.58
11163	20.35
11164	20.305
11165	20.522
11166	20.287
11167	20.297
11168	20.464
11169	20.293
11170	20.264
11171	20.467
11172	20.231
11173	20.215
11174	20.395
11175	20.223
11176	20.198
11177	20.429
11178	20.165
11179	20.152
11180	20.324
11181	20.148
11182	20.144
11183	20.321
11184	20.143
11185	20.136
11186	20.321
11187	20.126
11188	20.121
11189	20.303
11190	20.117
11191	20.113
11192	20.295
11193	20.101
11194	20.108
11195	20.289
11196	20.139
11197	20.143
11198	20.343
11199	20.122
11200	20.337
11201	20.116
11202	20.316
11203	20.119
11204	20.119
11205	20.12
11206	20.117
11207	20.103
11208	20.079
11209	20.272
11210	20.071
11211	20.101
11212	20.087
11213	20.118
11214	20.315
11215	20.113
11216	20.099
11217	20.089
11218	20.115
11219	20.306
11220	20.104
11221	20.076
11222	20.093
11223	20.068
11224	20.257
11225	20.079
11226	20.104
11227	20.079
11228	20.123
11229	20.325
11230	20.122
11231	20.112
11232	20.126
11233	20.089
11234	20.297
11235	20.059
11236	20.086
11237	20.234
11238	20.135
11239	20.147
11240	20.36
11241	20.132
11242	20.102
11243	20.312
11244	20.106
11245	20.116
11246	20.328
11247	20.13
11248	20.141
11249	20.356
11250	20.128
11251	20.124
11252	20.335
11253	20.118
11254	20.11
11255	20.309
11256	20.117
11257	20.115
11258	20.323
11259	20.077
11260	20.038
11261	20.225
11262	20.015
11263	20.025
11264	20.177
11265	20.069
11266	20.089
11267	20.29
11268	20.048
11269	20.023
11270	20.237
11271	20.041
11272	20.036
11273	20.272
11274	20.035
11275	20.031
11276	20.02
11277	20.019
11278	20.057
11279	20.084
11280	20.096
11281	20.305
11282	4.392
11283	4.8175
11284	4.6144
11285	4.156
11286	5.4875
11287	4.9971
11288	4.231
11289	4.5387
11290	3.8195
11291	4.6538
11292	4.1048
11293	5.0794
11294	17.235
11295	1.4117
11296	6.8414
11297	6.9128
11298	8.7429
11299	10.933
11300	12.838
11301	12.898
11302	14.781
11303	20.378
11304	2.2612
11305	2.5013
11306	20.614
11307	20.655
11308	21.369
11309	21.458
11310	21.672
11311	21.343
11312	20.691
11313	21.287
11314	16.666
11315	21.298
11316	16.429
11317	20.633
11318	20.763
11319	-0.52392
11320	-0.48761
11321	0.13628
11322	-0.20099
11323	19.798
11324	19.201
11325	19.602
11326	2.0729
11327	1.9389
11328	21.285
11329	7.5986
11330	7.1383
11331	0.9533
11332	1.3064
11333	22.048
11334	22.088
11335	21.881
11336	21.573
11337	21.918
11338	21.867
11339	21.893
11340	21.792
11341	21.831
11342	20.689
11343	20.943
11344	21.414
11345	21.365
11346	21.615
11347	21.64
11348	21.557
11349	21.574
11350	21.414
11351	21.344
11352	21.48
11353	21.417
11354	18.808
11355	19.189
11356	19.25
11357	19.628
11358	-0.3322
11359	2.2968
11360	1.667
11361	2.2194
11362	21.91
11363	21.927
11364	21.208
11365	21.6
11366	21.585
11367	21.664
11368	21.685
11369	21.556
11370	22.01
11371	21.984
11372	21.752
11373	21.741
11374	21.306
11375	21.305
11376	21.409
11377	21.505
11378	21.334
11379	1.182
11380	0.92176
11381	0.89939
11382	-0.16132
11383	-0.19986
11384	0.10336
11385	1.2645
11386	0.9619
11387	1.2112
11388	12.921
11389	3.6244
11390	8.4222
11391	-7.0955e-003
11392	-0.39781
11393	1.5833
11394	1.2401
11395	0.8687
11396	11.038
11397	11.205
11398	11.287
11399	0.2494
11400	11.981
11401	16.156
11402	15.526
11403	16.022
11404	7.6208
11405	9.8168
11406	9.5988
11407	7.4903
11408	7.5665
11409	0.74782
11410	0.78901
11411	13.773
11412	12.793
11413	13.506
11414	13.031
11415	20.531
11416	1.4041
11417	6.7277
11418	18.241
11419	-2.6619
11420	-0.49397
11421	2.1189
11422	0.70808
11423	10.888
11424	10.774
11425	11.123
11426	14.686
11427	15.305
11428	20.341
11429	20.267
11430	20.66
11431	20.775
11432	20.687
11433	20.29
11434	20.282
11435	20.251
11436	3.0379
11437	3.2685
11438	21.641
11439	5.8975
11440	6.2769
11441	4.4481
11442	-5.0622
11443	0.50022
11444	12.839
11445	0.70965
11446	1.1898
11447	1.092
11448	14.8
11449	14.905
11450	14.963
11451	11.189
11452	6.667
11453	7.0788
11454	1.3407
11455	17.387
11456	16.159
11457	16.867
11458	19.04
11459	18.249
11460	19.829
11461	19.68
11462	7.3256
11463	6.9078
11464	6.7426
11465	15.019
11466	14.88
11467	15.813
11468	0.22561
11469	5.47
11470	18.99
11471	8.617
11472	10.343
11473	6.7164
11474	10.887
11475	18.273
11476	13.425
11477	15.294
11478	14.842
11479	1.9367
11480	2.3669
11481	13.184
11482	11.433
11483	10.574
11484	10.397
11485	9.7899
11486	12.224
11487	8.3072
11488	19.932
11489	7.1008
11490	6.7242
11491	1.2576
11492	9.318
11493	9.4274
11494	20.537
11495	6.4716
11496	6.1573
11497	3.9103
11498	4.1545
11499	1.7844
11500	8.1598
11501	-0.50144
11502	1.4786
11503	0.85011
11504	0.76011
11505	-0.28956
11506	6.5532
11507	6.7357
11508	6.452
11509	9.168
11510	8.8844
11511	11.773
11512	11.373
11513	11.389
11514	14.073
11515	13.499
11516	13.597
11517	16.103
11518	15.438
11519	15.592
11520	6.5248
11521	6.4894
11522	15.442
11523	6.845
11524	6.6396
11525	7.7042
11526	7.6424
11527	10.711
11528	13.281
11529	13.883
11530	13.481
11531	14.672
11532	15.035
11533	11.594
11534	5.6973
11535	18.053
11536	7.7448e-002
11537	14.032
11538	13.937
11539	15.046
11540	13.895
11541	13.831
11542	13.579
11543	-5.4322
11544	2.4641
11545	18.593
11546	21.394
11547	21.459
11548	21.542
11549	20.633
11550	21.629
11551	21.691
11552	21.495
11553	21.765
11554	17.356
11555	21.383
11556	8.5747
11557	6.5974
11558	21.394
11559	21.364
11560	1.0891
11561	9.4999
11562	9.6093
11563	9.7972
11564	9.7051
11565	21.411
11566	21.415
11567	20.157
11568	21.565
11569	20.97
11570	21.474
11571	21.658
11572	-0.20214
11573	21.871
11574	21.802
11575	22.077
11576	1.1164
11577	0.77438
11578	1.0473
11579	0.45719
11580	1.9964
11581	2.1061
11582	-0.50089
11583	-0.47038
11584	-3.8229
11585	9.4121
11586	20.694
11587	2.7929
11588	3.1042
11589	1.3475
11590	0.86902
11591	-0.51227
11592	1.0987
11593	2.8848
11594	3.6154
11595	3.6661
11596	19.133
11597	3.205
11598	3.2557
11599	2.7605
11600	14.224
11601	13.977
11602	7.8671
11603	0.78274
11604	9.0112
11605	9.3164
11606	12.486
11607	21.725
11608	21.726
11609	21.501
11610	11.449
11611	19.357
11612	13.224
11613	-0.43754
11614	0.51571
11615	3.1986
11616	13.226
11617	13.912
11618	22.026
11619	21.317
11620	-0.49693
11621	0.84666
11622	1.0384
11623	15.355
11624	-9.6213e-002
11625	7.3939e-003
11626	0.74604
11627	20.075
11628	4.0587
11629	12.035
11630	1.4207
11631	0.97367
11632	19.413
11633	-0.38876
11634	2.229
11635	17.28
11636	9.7308
11637	16.64
11638	3.2322
11639	12.849
11640	13.222
11641	13.15
11642	1.4304
11643	14.216
11644	10.407
11645	14.887
11646	9.0134
11647	17.471
11648	15.796
11649	3.1772
11650	7.8667
11651	9.6978
11652	15.409
11653	15.64
11654	12.49
11655	12.132
11656	21.
11657	21.165
11658	20.828
11659	20.993
11660	21.188
11661	20.837
11662	21.032
11663	14.555
11664	14.334
11665	14.088
11666	21.282
11667	0.22325
11668	-7.9321e-002
11669	0.51034
11670	0.20777
11671	-8.5536e-002
11672	0.49048
11673	0.19718
11674	-0.10156
11675	0.47985
11676	0.18111
11677	-0.12802
11678	0.45405
11679	0.14492
11680	0.4096
11681	3.3349
11682	3.152
11683	19.112
11684	19.546
11685	18.472
11686	18.906
11687	3.6587
11688	3.5643
11689	3.8554
11690	3.4655
11691	3.3332
11692	3.8658
11693	3.7334
11694	21.322
11695	21.101
11696	21.119
11697	20.899
11698	21.518
11699	1.919
11700	1.8239
11701	15.084
11702	-0.23686
11703	4.2774e-002
11704	-4.2036
11705	-2.8649
11706	21.795
11707	21.985
11708	21.174
11709	0.40359
11710	6.4362
11711	6.0933
11712	6.2832
11713	5.9403
11714	7.4834
11715	7.1948
11716	7.5429
11717	7.2542
11718	7.0054
11719	7.2553
11720	7.0065
11721	6.7953
11722	6.9459
11723	6.7348
11724	13.655
11725	13.785
11726	14.133
11727	14.262
11728	0.92794
11729	0.6717
11730	0.60224
11731	0.346
11732	2.7192
11733	2.7327
11734	2.237
11735	2.2505
11736	2.273
11737	1.6915
11738	1.714
11739	6.3605
11740	6.1592
11741	6.5735
11742	6.3723
11743	6.5869
11744	6.769
11745	12.563
11746	11.831
11747	12.273
11748	11.541
11749	7.753
11750	7.5835
11751	7.8921
11752	7.7227
11753	10.096
11754	9.9188
11755	10.23
11756	10.052
11757	1.9316
11758	7.5352
11759	7.9674
11760	7.6805
11761	8.1127
11762	8.6993
11763	8.5084
11764	8.8153
11765	8.6243
11766	8.4545
11767	8.7448
11768	8.575
11769	20.97
11770	21.174
11771	21.155
11772	21.359
11773	18.088
11774	18.449
11775	18.708
11776	19.07
11777	11.463
11778	11.699
11779	11.372
11780	11.608
11781	11.86
11782	11.532
11783	11.784
11784	15.925
11785	16.057
11786	16.026
11787	9.7604
11788	9.5388
11789	9.8389
11790	9.6173
11791	16.457
11792	16.564
11793	16.282
11794	16.389
11795	16.479
11796	16.217
11797	16.306
11798	16.382
11799	16.159
11800	16.234
11801	-1.5844
11802	-0.43522
11803	-1.3659
11804	-0.21678
11805	0.61303
11806	6.5485e-002
11807	0.89529
11808	12.237
11809	11.817
11810	12.344
11811	10.997
11812	11.108
11813	11.401
11814	11.512
11815	11.607
11816	11.924
11817	12.02
11818	12.098
11819	12.428
11820	12.506
11821	14.659
11822	15.393
11823	15.109
11824	15.843
11825	16.569
11826	16.348
11827	17.074
11828	13.342
11829	21.475
11830	8.5571
11831	16.984
11832	16.875
11833	16.506
11834	16.397
11835	16.293
11836	15.905
11837	15.801
11838	21.115
