Node Number	Total Deformation (mm)
1	1.1778
2	1.1808
3	1.054
4	1.0553
5	1.0568
6	1.0582
7	1.0597
8	1.0613
9	1.0629
10	1.0645
11	1.0662
12	1.0679
13	1.0696
14	1.0714
15	1.0732
16	1.0751
17	1.077
18	1.0789
19	1.0809
20	1.0829
21	1.085
22	1.087
23	1.0891
24	1.0913
25	1.0934
26	1.0957
27	1.0979
28	1.1001
29	1.1024
30	1.1048
31	1.1071
32	1.1095
33	1.1119
34	1.1143
35	1.1167
36	1.1192
37	1.1217
38	1.1242
39	1.1267
40	1.1293
41	1.1319
42	1.1345
43	1.1371
44	1.1397
45	1.1423
46	1.145
47	1.1477
48	1.1504
49	1.1531
50	1.1558
51	1.1585
52	1.1612
53	1.164
54	1.1667
55	1.1695
56	1.1722
57	1.175
58	1.002
59	1.0523
60	1.0505
61	1.0485
62	1.0464
63	1.0443
64	1.0422
65	1.0401
66	1.0379
67	1.0358
68	1.0336
69	1.0315
70	1.0294
71	1.0273
72	1.0252
73	1.0231
74	1.021
75	1.019
76	1.0169
77	1.0149
78	1.0128
79	1.0108
80	1.0089
81	1.007
82	1.0053
83	1.0037
84	0.94553
85	1.0007
86	0.99941
87	0.99811
88	0.99681
89	0.99552
90	0.99423
91	0.99294
92	0.99166
93	0.99039
94	0.98912
95	0.98785
96	0.9866
97	0.98535
98	0.9841
99	0.98286
100	0.98163
101	0.9804
102	0.97918
103	0.97797
104	0.97676
105	0.97556
106	0.97437
107	0.97318
108	0.97201
109	0.97084
110	0.96968
111	0.96853
112	0.96739
113	0.96626
114	0.96514
115	0.96403
116	0.96293
117	0.96184
118	0.96077
119	0.9597
120	0.95865
121	0.95761
122	0.95659
123	0.95558
124	0.95459
125	0.95361
126	0.95265
127	0.9517
128	0.95077
129	0.94986
130	0.94897
131	0.94809
132	0.94723
133	0.94637
134	0.81298
135	0.81558
136	0.81818
137	0.82078
138	0.82338
139	0.82598
140	0.82859
141	0.8312
142	0.83381
143	0.83642
144	0.83904
145	0.84165
146	0.84427
147	0.8469
148	0.84952
149	0.85215
150	0.85478
151	0.85741
152	0.86004
153	0.86267
154	0.86531
155	0.86795
156	0.87059
157	0.87323
158	0.87588
159	0.87852
160	0.88117
161	0.88382
162	0.88648
163	0.88913
164	0.89179
165	0.89445
166	0.89711
167	0.89977
168	0.90243
169	0.9051
170	0.90777
171	0.91044
172	0.91312
173	0.91579
174	0.91847
175	0.92115
176	0.92384
177	0.92653
178	0.92922
179	0.93192
180	0.93463
181	0.93734
182	0.94007
183	0.94279
184	0.43118
185	0.4312
186	0.43128
187	0.4314
188	0.43158
189	0.4318
190	0.43207
191	0.4324
192	0.43277
193	0.43319
194	0.43366
195	0.43418
196	0.43475
197	0.43536
198	0.43603
199	0.43674
200	0.4375
201	0.43831
202	0.43917
203	0.44007
204	0.44102
205	0.44202
206	0.44306
207	0.44415
208	0.44529
209	0.44647
210	0.44769
211	0.44896
212	0.45028
213	0.45163
214	0.45303
215	0.45448
216	0.45596
217	0.45749
218	0.45906
219	0.46067
220	0.46233
221	0.46402
222	0.46575
223	0.46752
224	0.46934
225	0.47119
226	0.47307
227	0.475
228	0.47696
229	0.47896
230	0.481
231	0.48307
232	0.48518
233	0.48733
234	0.4895
235	0.49171
236	0.49396
237	0.49624
238	0.49855
239	0.50089
240	0.50327
241	0.50568
242	0.50811
243	0.51058
244	0.51308
245	0.51561
246	0.51817
247	0.52075
248	0.52337
249	0.52601
250	0.52868
251	0.53138
252	0.5341
253	0.53685
254	0.53963
255	0.54243
256	0.54525
257	0.54811
258	0.55098
259	0.55388
260	0.5568
261	0.55975
262	0.56272
263	0.56571
264	0.56873
265	0.57176
266	0.57482
267	0.5779
268	0.581
269	0.58412
270	0.58726
271	0.59041
272	0.59359
273	0.59679
274	0.60001
275	0.60325
276	0.6065
277	0.60977
278	0.61306
279	0.61637
280	0.61969
281	0.62303
282	0.62639
283	0.62977
284	0.63316
285	0.63656
286	0.63998
287	0.64342
288	0.64687
289	0.65034
290	0.65382
291	0.65731
292	0.66082
293	0.66434
294	0.66788
295	0.67143
296	0.67499
297	0.67857
298	0.68215
299	0.68575
300	0.68937
301	0.69299
302	0.69663
303	0.70027
304	0.70393
305	0.7076
306	0.71128
307	0.71497
308	0.71867
309	0.72239
310	0.72611
311	0.72984
312	0.73358
313	0.73733
314	0.74109
315	0.74486
316	0.74864
317	0.75242
318	0.75622
319	0.76002
320	0.76383
321	0.76765
322	0.77147
323	0.77531
324	0.77915
325	0.783
326	0.78685
327	0.79071
328	0.79458
329	0.7984
330	0.80206
331	0.80568
332	0.80931
333	0.3947
334	0.42599
335	0.42052
336	0.41486
337	0.40931
338	0.40427
339	0.39948
340	0.79364
341	0.39472
342	0.3948
343	0.39494
344	0.39512
345	0.39536
346	0.39566
347	0.396
348	0.3964
349	0.39686
350	0.39736
351	0.39792
352	0.39853
353	0.39919
354	0.3999
355	0.40067
356	0.40148
357	0.40235
358	0.40327
359	0.40424
360	0.40525
361	0.40632
362	0.40744
363	0.4086
364	0.40981
365	0.41107
366	0.41238
367	0.41374
368	0.41514
369	0.41658
370	0.41808
371	0.41962
372	0.4212
373	0.42282
374	0.42449
375	0.42621
376	0.42796
377	0.42976
378	0.4316
379	0.43348
380	0.4354
381	0.43736
382	0.43936
383	0.4414
384	0.44348
385	0.44559
386	0.44775
387	0.44993
388	0.45216
389	0.45442
390	0.45672
391	0.45905
392	0.46141
393	0.46381
394	0.46624
395	0.4687
396	0.4712
397	0.47373
398	0.47629
399	0.47888
400	0.48149
401	0.48414
402	0.48682
403	0.48953
404	0.49226
405	0.49502
406	0.49781
407	0.50063
408	0.50347
409	0.50634
410	0.50923
411	0.51215
412	0.5151
413	0.51806
414	0.52106
415	0.52407
416	0.52711
417	0.53017
418	0.53325
419	0.53636
420	0.53948
421	0.54263
422	0.5458
423	0.54899
424	0.55219
425	0.55542
426	0.55867
427	0.56193
428	0.56522
429	0.56852
430	0.57184
431	0.57518
432	0.57854
433	0.58191
434	0.5853
435	0.5887
436	0.59213
437	0.59556
438	0.59902
439	0.60249
440	0.60597
441	0.60947
442	0.61298
443	0.61651
444	0.62005
445	0.6236
446	0.62717
447	0.63075
448	0.63434
449	0.63795
450	0.64156
451	0.64519
452	0.64883
453	0.65249
454	0.65615
455	0.65982
456	0.66351
457	0.66721
458	0.67091
459	0.67463
460	0.67835
461	0.68209
462	0.68583
463	0.68959
464	0.69335
465	0.69712
466	0.7009
467	0.70469
468	0.70848
469	0.71229
470	0.7161
471	0.71992
472	0.72374
473	0.72757
474	0.73141
475	0.73526
476	0.73911
477	0.74297
478	0.74683
479	0.7507
480	0.75458
481	0.75846
482	0.76235
483	0.76624
484	0.77014
485	0.77405
486	0.77791
487	0.78163
488	0.78497
489	0.78797
490	0.79081
491	0.91503
492	0.79627
493	0.79889
494	0.80152
495	0.80415
496	0.80678
497	0.80942
498	0.81205
499	0.81469
500	0.81734
501	0.81998
502	0.82263
503	0.82528
504	0.82793
505	0.83059
506	0.83325
507	0.83591
508	0.83857
509	0.84124
510	0.84391
511	0.84659
512	0.84926
513	0.85195
514	0.85463
515	0.85732
516	0.86002
517	0.86271
518	0.86541
519	0.86812
520	0.87083
521	0.87355
522	0.87627
523	0.879
524	0.88173
525	0.88446
526	0.88721
527	0.88996
528	0.89271
529	0.89547
530	0.89824
531	0.90101
532	0.90379
533	0.90658
534	0.90938
535	0.91218
536	0.96907
537	0.96774
538	0.96641
539	0.96508
540	0.96376
541	0.96244
542	0.96112
543	0.95982
544	0.95851
545	0.95721
546	0.95592
547	0.95463
548	0.95334
549	0.95207
550	0.95079
551	0.94952
552	0.94826
553	0.947
554	0.94575
555	0.94451
556	0.94327
557	0.94203
558	0.94081
559	0.93959
560	0.93838
561	0.93717
562	0.93597
563	0.93478
564	0.9336
565	0.93243
566	0.93127
567	0.93011
568	0.92897
569	0.92783
570	0.92671
571	0.92559
572	0.92449
573	0.9234
574	0.92232
575	0.92125
576	0.92019
577	0.91915
578	0.91811
579	0.91709
580	0.91607
581	1.0221
582	1.0205
583	1.0188
584	1.0169
585	1.0148
586	1.0127
587	1.0105
588	1.0083
589	1.0061
590	1.0039
591	1.0018
592	0.99959
593	0.99742
594	0.99526
595	0.99312
596	0.99099
597	0.98887
598	0.98676
599	0.98466
600	0.98257
601	0.98049
602	0.97844
603	0.97643
604	0.97455
605	0.97271
606	0.97089
607	1.1749
608	1.0235
609	1.025
610	1.0264
611	1.028
612	1.0295
613	1.0311
614	1.0327
615	1.0343
616	1.036
617	1.0377
618	1.0395
619	1.0413
620	1.0431
621	1.045
622	1.0468
623	1.0487
624	1.0507
625	1.0527
626	1.0547
627	1.0567
628	1.0588
629	1.0608
630	1.063
631	1.0651
632	1.0673
633	1.0695
634	1.0717
635	1.074
636	1.0762
637	1.0785
638	1.0808
639	1.0832
640	1.0856
641	1.0879
642	1.0904
643	1.0928
644	1.0952
645	1.0977
646	1.1002
647	1.1027
648	1.1052
649	1.1078
650	1.1103
651	1.1129
652	1.1155
653	1.1181
654	1.1207
655	1.1233
656	1.1259
657	1.1286
658	1.1312
659	1.1339
660	1.1366
661	1.1393
662	1.142
663	1.1447
664	1.1474
665	1.1501
666	1.1529
667	1.1556
668	1.1583
669	1.1611
670	1.1638
671	1.1666
672	1.1694
673	1.1721
674	1.1849
675	1.1774
676	1.1799
677	1.1824
678	1.7048
679	1.1882
680	1.1917
681	1.1956
682	1.1997
683	1.204
684	1.2085
685	1.2129
686	1.2174
687	1.2219
688	1.2264
689	1.231
690	1.2355
691	1.24
692	1.2446
693	1.2491
694	1.2537
695	1.2582
696	1.2628
697	1.2673
698	1.2718
699	1.2764
700	1.2809
701	1.2855
702	1.29
703	1.2945
704	1.2991
705	1.3036
706	1.3082
707	1.3127
708	1.3172
709	1.3218
710	1.3263
711	1.3308
712	1.3354
713	1.3399
714	1.3444
715	1.349
716	1.3535
717	1.358
718	1.3626
719	1.3671
720	1.3716
721	1.3761
722	1.3807
723	1.3852
724	1.3897
725	1.3942
726	1.3988
727	1.4033
728	1.4078
729	1.4123
730	1.4169
731	1.4214
732	1.4259
733	1.4304
734	1.435
735	1.4395
736	1.444
737	1.4485
738	1.4531
739	1.4576
740	1.4621
741	1.4666
742	1.4711
743	1.4757
744	1.4802
745	1.4847
746	1.4892
747	1.4937
748	1.4983
749	1.5028
750	1.5073
751	1.5118
752	1.5163
753	1.5209
754	1.5254
755	1.5299
756	1.5344
757	1.5389
758	1.5435
759	1.548
760	1.5525
761	1.557
762	1.5616
763	1.5661
764	1.5706
765	1.5751
766	1.5796
767	1.5842
768	1.5887
769	1.5932
770	1.5977
771	1.6023
772	1.6068
773	1.6113
774	1.6158
775	1.6203
776	1.6249
777	1.6294
778	1.6339
779	1.6384
780	1.6429
781	1.6475
782	1.652
783	1.6565
784	1.661
785	1.6656
786	1.6701
787	1.6746
788	1.6791
789	1.6837
790	1.6882
791	1.6925
792	1.6967
793	1.7007
794	1.7109
795	1.7055
796	1.7064
797	1.7073
798	1.7083
799	1.7092
800	1.71
801	1.1841
802	1.1878
803	1.1917
804	1.196
805	1.2003
806	1.2048
807	1.2093
808	1.2138
809	1.2184
810	1.223
811	1.2275
812	1.2321
813	1.2366
814	1.2412
815	1.2458
816	1.2503
817	1.2549
818	1.2594
819	1.2639
820	1.2685
821	1.273
822	1.2776
823	1.2821
824	1.2866
825	1.2912
826	1.2957
827	1.3002
828	1.3048
829	1.3093
830	1.3138
831	1.3184
832	1.3229
833	1.3274
834	1.332
835	1.3365
836	1.341
837	1.3456
838	1.3501
839	1.3546
840	1.3592
841	1.3637
842	1.3682
843	1.3728
844	1.3773
845	1.3819
846	1.3864
847	1.3909
848	1.3954
849	1.4
850	1.4045
851	1.4091
852	1.4136
853	1.4181
854	1.4227
855	1.4272
856	1.4317
857	1.4363
858	1.4408
859	1.4453
860	1.4499
861	1.4544
862	1.4589
863	1.4635
864	1.468
865	1.4725
866	1.4771
867	1.4816
868	1.4861
869	1.4906
870	1.4952
871	1.4997
872	1.5042
873	1.5088
874	1.5133
875	1.5178
876	1.5224
877	1.5269
878	1.5314
879	1.5359
880	1.5405
881	1.545
882	1.5495
883	1.5541
884	1.5586
885	1.5631
886	1.5677
887	1.5722
888	1.5767
889	1.5812
890	1.5858
891	1.5903
892	1.5948
893	1.5993
894	1.6039
895	1.6084
896	1.6129
897	1.6174
898	1.622
899	1.6265
900	1.631
901	1.6355
902	1.6401
903	1.6446
904	1.6491
905	1.6536
906	1.6581
907	1.6627
908	1.6672
909	1.6717
910	1.6762
911	1.6807
912	1.6853
913	1.6898
914	1.6943
915	1.6987
916	1.7028
917	1.7069
918	0.95554
919	0.86897
920	0.88546
921	0.8829
922	0.96871
923	0.98554
924	1.0451
925	1.0455
926	1.0547
927	1.0589
928	1.0568
929	1.1245
930	1.1216
931	1.1341
932	1.1409
933	1.1644
934	1.1611
935	1.1716
936	1.1679
937	1.1797
938	1.1754
939	0.81382
940	0.82661
941	0.83299
942	0.84889
943	0.85985
944	0.86623
945	0.87016
946	0.87502
947	0.88018
948	0.89119
949	0.9395
950	0.94203
951	0.96273
952	0.96656
953	0.97332
954	0.97564
955	0.97741
956	0.98026
957	1.0376
958	1.0475
959	1.0497
960	1.0596
961	1.0914
962	1.0937
963	1.096
964	1.1137
965	1.1417
966	1.1441
967	1.1647
968	1.1717
969	1.1754
970	1.179
971	1.1834
972	0.90864
973	0.93664
974	0.80638
975	0.94788
976	1.0608
977	1.0984
978	1.1547
979	0.87137
980	0.88729
981	0.96012
982	1.0421
983	1.0668
984	1.073
985	1.1439
986	0.91232
987	0.93477
988	0.42335
989	0.8019
990	0.81462
991	0.82121
992	0.82752
993	0.83454
994	0.83758
995	0.84045
996	0.84528
997	0.84287
998	0.85047
999	0.86138
1000	0.8674
1001	0.87283
1002	0.88337
1003	0.88937
1004	0.89253
1005	0.89577
1006	0.90242
1007	0.90645
1008	0.93318
1009	0.93692
1010	0.93521
1011	0.93626
1012	0.93689
1013	0.93859
1014	0.94503
1015	0.94617
1016	0.95072
1017	0.95007
1018	0.94817
1019	0.95209
1020	0.95379
1021	0.95678
1022	0.95828
1023	0.95853
1024	0.96059
1025	0.96267
1026	0.96717
1027	0.96427
1028	0.96838
1029	0.9688
1030	0.96906
1031	0.97076
1032	0.97256
1033	0.97572
1034	0.97419
1035	0.97717
1036	0.97817
1037	0.98588
1038	1.0344
1039	1.0345
1040	1.036
1041	1.0385
1042	1.0406
1043	1.039
1044	1.0414
1045	1.0431
1046	1.0466
1047	1.0449
1048	1.0483
1049	1.0501
1050	1.0518
1051	1.0539
1052	1.0577
1053	1.0624
1054	1.0652
1055	1.0704
1056	1.0738
1057	1.0787
1058	1.0759
1059	1.0816
1060	1.0843
1061	1.0892
1062	1.0867
1063	1.0916
1064	1.0939
1065	1.0962
1066	1.1035
1067	1.1061
1068	1.1119
1069	1.1146
1070	1.1199
1071	1.1322
1072	1.1353
1073	1.151
1074	1.1549
1075	1.1577
1076	1.1608
1077	1.1639
1078	1.1674
1079	1.1782
1080	1.1746
1081	1.2519
1082	0.41213
1083	0.41779
1084	0.41879
1085	0.4295
1086	0.44103
1087	0.44391
1088	0.45404
1089	0.47966
1090	0.48168
1091	0.50221
1092	0.51015
1093	0.51275
1094	0.52101
1095	0.52397
1096	0.52705
1097	0.53905
1098	0.54157
1099	0.5793
1100	0.66739
1101	0.67117
1102	0.6981
1103	0.72076
1104	0.79776
1105	0.80618
1106	0.81034
1107	0.81072
1108	0.81733
1109	0.82881
1110	0.83485
1111	0.84446
1112	0.85053
1113	0.86125
1114	0.8666
1115	0.87665
1116	0.87932
1117	0.88206
1118	0.89292
1119	0.89872
1120	0.91341
1121	0.93805
1122	0.93972
1123	0.9418
1124	0.93947
1125	0.94125
1126	0.94284
1127	0.9454
1128	0.94862
1129	0.95209
1130	0.95411
1131	0.95534
1132	0.95714
1133	0.95849
1134	0.97064
1135	0.96709
1136	0.96874
1137	0.97282
1138	0.97171
1139	0.97286
1140	0.97556
1141	0.97906
1142	0.98219
1143	0.98351
1144	0.98971
1145	0.99059
1146	0.9928
1147	0.99768
1148	1.0007
1149	1.0082
1150	1.0108
1151	1.0142
1152	1.039
1153	1.0419
1154	1.0447
1155	1.0462
1156	1.0522
1157	1.0578
1158	1.0598
1159	1.0621
1160	1.0777
1161	1.0814
1162	1.0838
1163	1.0934
1164	1.1078
1165	1.1156
1166	1.1234
1167	1.1321
1168	1.1351
1169	1.1383
1170	1.1413
1171	1.1462
1172	1.1649
1173	1.1718
1174	1.1756
1175	1.1793
1176	1.1919
1177	1.2097
1178	1.2141
1179	1.2434
1180	1.3258
1181	1.3451
1182	1.3501
1183	1.4097
1184	1.4151
1185	1.4208
1186	1.4261
1187	1.431
1188	1.4803
1189	1.4855
1190	1.5267
1191	1.5318
1192	1.5368
1193	1.5423
1194	1.5462
1195	1.5895
1196	1.5944
1197	1.5991
1198	1.604
1199	1.6293
1200	1.6343
1201	1.639
1202	1.6488
1203	1.6535
1204	1.6784
1205	0.91726
1206	1.3548
1207	1.4361
1208	1.4905
1209	0.91049
1210	0.91427
1211	1.2187
1212	0.93674
1213	0.91661
1214	1.1861
1215	1.1813
1216	0.80693
1217	0.80741
1218	0.9183
1219	1.6872
1220	1.6781
1221	1.6684
1222	1.6582
1223	1.6516
1224	1.6472
1225	1.6331
1226	1.6245
1227	1.5972
1228	1.5928
1229	1.5695
1230	1.565
1231	1.5603
1232	1.5507
1233	1.5413
1234	1.5311
1235	1.5166
1236	1.5066
1237	1.4957
1238	1.4891
1239	1.4608
1240	1.4514
1241	1.4463
1242	1.4411
1243	1.4391
1244	1.4347
1245	1.4297
1246	1.4246
1247	1.4143
1248	1.4088
1249	1.394
1250	1.389
1251	1.3793
1252	1.3744
1253	1.3595
1254	1.3532
1255	1.3486
1256	1.3438
1257	1.3346
1258	1.3253
1259	1.3067
1260	1.2975
1261	1.2884
1262	1.27
1263	1.261
1264	1.2424
1265	1.2375
1266	1.2326
1267	1.223
1268	1.2278
1269	1.2181
1270	1.213
1271	1.1962
1272	1.1872
1273	1.1916
1274	1.1832
1275	1.1756
1276	1.1502
1277	1.1475
1278	1.145
1279	1.1392
1280	1.1334
1281	1.1277
1282	1.1224
1283	1.1172
1284	1.1097
1285	1.0863
1286	1.0821
1287	1.0789
1288	1.074
1289	1.0697
1290	1.0642
1291	1.0622
1292	1.0602
1293	1.0552
1294	1.0533
1295	1.0444
1296	1.0417
1297	1.0389
1298	1.0324
1299	1.0279
1300	1.0136
1301	1.0166
1302	1.0044
1303	1.0027
1304	0.99671
1305	0.99197
1306	0.99304
1307	0.99071
1308	0.98946
1309	0.98683
1310	0.98444
1311	0.98227
1312	0.97878
1313	0.97594
1314	0.97692
1315	0.97338
1316	0.9714
1317	0.96336
1318	0.95992
1319	0.9582
1320	0.95433
1321	0.95219
1322	0.94385
1323	0.94439
1324	0.94281
1325	0.94053
1326	0.94145
1327	0.91882
1328	0.91489
1329	0.91144
1330	0.90539
1331	0.90825
1332	0.90277
1333	0.89459
1334	0.88915
1335	0.88655
1336	0.8784
1337	0.87325
1338	0.87072
1339	0.86279
1340	0.85504
1341	0.84632
1342	0.84329
1343	0.83975
1344	0.83077
1345	0.82002
1346	0.81742
1347	0.8141
1348	0.81125
1349	0.80337
1350	0.79928
1351	0.79531
1352	0.77167
1353	0.7639
1354	0.74736
1355	0.72651
1356	0.70385
1357	0.68755
1358	0.67883
1359	0.65136
1360	0.63009
1361	0.60952
1362	0.5896
1363	0.56844
1364	0.57313
1365	0.56098
1366	0.55072
1367	0.53682
1368	0.53386
1369	0.53039
1370	0.52726
1371	0.52431
1372	0.51874
1373	0.51316
1374	0.50893
1375	0.50349
1376	0.50121
1377	0.49585
1378	0.49316
1379	0.49045
1380	0.48441
1381	0.47027
1382	0.46467
1383	0.45694
1384	0.46055
1385	0.44987
1386	0.44717
1387	0.44505
1388	0.44298
1389	0.43282
1390	0.42625
1391	0.42406
1392	0.42065
1393	0.41994
1394	0.41881
1395	0.41816
1396	0.418
1397	0.41725
1398	0.4169
1399	0.92972
1400	0.93335
1401	0.4112
1402	0.92293
1403	0.92117
1404	1.669
1405	1.6641
1406	1.6594
1407	1.6547
1408	1.6502
1409	1.6458
1410	1.6416
1411	1.6332
1412	1.6288
1413	1.6242
1414	1.6147
1415	1.605
1416	1.5958
1417	1.5914
1418	1.5872
1419	1.5845
1420	1.5469
1421	1.5376
1422	1.533
1423	1.5286
1424	1.5221
1425	1.5182
1426	1.5138
1427	1.5083
1428	1.4973
1429	1.4924
1430	1.488
1431	1.4795
1432	1.4705
1433	1.4568
1434	1.452
1435	1.4423
1436	1.4241
1437	1.4153
1438	1.4107
1439	1.4061
1440	1.3997
1441	1.3899
1442	1.3797
1443	1.375
1444	1.3703
1445	1.3654
1446	1.3609
1447	1.3561
1448	1.3514
1449	1.3468
1450	1.3424
1451	1.3404
1452	1.3358
1453	1.3211
1454	1.3164
1455	1.289
1456	1.2843
1457	1.2705
1458	1.2614
1459	1.2524
1460	1.2388
1461	1.2341
1462	1.2292
1463	1.2244
1464	1.2154
1465	1.2068
1466	1.1965
1467	1.1908
1468	1.1855
1469	1.1837
1470	1.182
1471	1.1797
1472	1.1769
1473	1.1739
1474	1.1709
1475	1.1681
1476	1.1656
1477	1.1602
1478	1.1574
1479	1.1546
1480	1.1523
1481	1.1496
1482	1.1468
1483	1.1436
1484	1.1407
1485	1.1378
1486	1.1352
1487	1.1331
1488	1.1303
1489	1.1273
1490	1.1247
1491	1.1195
1492	1.1175
1493	1.1152
1494	1.1128
1495	1.1102
1496	1.1077
1497	1.1053
1498	1.1011
1499	1.0987
1500	1.0964
1501	1.094
1502	1.0917
1503	1.0871
1504	1.0847
1505	1.0822
1506	1.0796
1507	1.0767
1508	1.0746
1509	1.0726
1510	1.0708
1511	1.0683
1512	1.0641
1513	1.0623
1514	1.0601
1515	1.0582
1516	1.0548
1517	1.0531
1518	1.0511
1519	1.0491
1520	1.0475
1521	1.0457
1522	1.044
1523	1.0423
1524	1.0406
1525	1.039
1526	1.0378
1527	1.0364
1528	1.0354
1529	1.0337
1530	1.0323
1531	1.0307
1532	1.0304
1533	1.0303
1534	1.0293
1535	1.0275
1536	1.0227
1537	1.0208
1538	1.0186
1539	1.0092
1540	1.0066
1541	1.0041
1542	0.99925
1543	0.99504
1544	0.99313
1545	0.99101
1546	0.98879
1547	0.9867
1548	0.98448
1549	0.98202
1550	0.97783
1551	0.97376
1552	0.97239
1553	0.9695
1554	0.96789
1555	0.96643
1556	0.96509
1557	0.96436
1558	0.96326
1559	0.9612
1560	0.95961
1561	0.95652
1562	0.95559
1563	0.95555
1564	0.95452
1565	0.95321
1566	0.95037
1567	0.94887
1568	0.94714
1569	0.9456
1570	0.94398
1571	0.94342
1572	0.94125
1573	0.93707
1574	0.93647
1575	0.93541
1576	0.93325
1577	0.93242
1578	0.93123
1579	0.92964
1580	0.92801
1581	0.92639
1582	0.92452
1583	0.9221
1584	0.91615
1585	0.90886
1586	0.90528
1587	0.90141
1588	0.89831
1589	0.89334
1590	0.88743
1591	0.88169
1592	0.87889
1593	0.87612
1594	0.87091
1595	0.86574
1596	0.85983
1597	0.85418
1598	0.84895
1599	0.84386
1600	0.83864
1601	0.83297
1602	0.82721
1603	0.81875
1604	0.81279
1605	0.80156
1606	0.80169
1607	0.79732
1608	0.79329
1609	0.78204
1610	0.77415
1611	0.76627
1612	0.75851
1613	0.75224
1614	0.74416
1615	0.73667
1616	0.7283
1617	0.71334
1618	0.70606
1619	0.69067
1620	0.68246
1621	0.67459
1622	0.6635
1623	0.65551
1624	0.64808
1625	0.64069
1626	0.63337
1627	0.62688
1628	0.61984
1629	0.61284
1630	0.60617
1631	0.59953
1632	0.59306
1633	0.5862
1634	0.57255
1635	0.5693
1636	0.56535
1637	0.56087
1638	0.5574
1639	0.55393
1640	0.55037
1641	0.54625
1642	0.54373
1643	0.5376
1644	0.53503
1645	0.52346
1646	0.52045
1647	0.51751
1648	0.51467
1649	0.5119
1650	0.50923
1651	0.50661
1652	0.50462
1653	0.49981
1654	0.49704
1655	0.49444
1656	0.49197
1657	0.48628
1658	0.48382
1659	0.48095
1660	0.47789
1661	0.47449
1662	0.47228
1663	0.46967
1664	0.46521
1665	0.46384
1666	0.46208
1667	0.45777
1668	0.45547
1669	0.45313
1670	0.44914
1671	0.44825
1672	0.44662
1673	0.44252
1674	0.43987
1675	0.43736
1676	0.43522
1677	0.43898
1678	0.4363
1679	0.43072
1680	0.42929
1681	0.42777
1682	0.42656
1683	0.42563
1684	0.42407
1685	0.42269
1686	0.42143
1687	0.42037
1688	0.41914
1689	0.4178
1690	0.41486
1691	0.41329
1692	0.41508
1693	0.41498
1694	0.4141
1695	0.41303
1696	0.41292
1697	0.92193
1698	0.93937
1699	0.41587
1700	1.6923
1701	1.6923
1702	0.41096
1703	0.40781
1704	0.40915
1705	0.40965
1706	0.40967
1707	0.41294
1708	0.41526
1709	0.41763
1710	0.42046
1711	0.42264
1712	0.42488
1713	0.42824
1714	0.43166
1715	0.43332
1716	0.43801
1717	0.44158
1718	0.44461
1719	0.44848
1720	0.45288
1721	0.4572
1722	0.46085
1723	0.46567
1724	0.47008
1725	0.47423
1726	0.48233
1727	0.4798
1728	0.48759
1729	0.48524
1730	0.49032
1731	0.50066
1732	0.50551
1733	0.51105
1734	0.51681
1735	0.52269
1736	0.52844
1737	0.53423
1738	0.54089
1739	0.54701
1740	0.55348
1741	0.55901
1742	0.56605
1743	0.57556
1744	0.57258
1745	0.57921
1746	0.58556
1747	0.59252
1748	0.59942
1749	0.60616
1750	0.61321
1751	0.61979
1752	0.62704
1753	0.63393
1754	0.64116
1755	0.64864
1756	0.65587
1757	0.66344
1758	0.66996
1759	0.68016
1760	0.67649
1761	0.68791
1762	0.68417
1763	0.69548
1764	0.69175
1765	0.70323
1766	0.69943
1767	0.71061
1768	0.70676
1769	0.7181
1770	0.71448
1771	0.72191
1772	0.73397
1773	0.72986
1774	0.73785
1775	0.74544
1776	0.75271
1777	0.76009
1778	0.76805
1779	0.77966
1780	0.77578
1781	0.78716
1782	0.7833
1783	0.79416
1784	0.79168
1785	0.7986
1786	0.79705
1787	0.80535
1788	0.80061
1789	0.8028
1790	0.80814
1791	0.81362
1792	0.81851
1793	0.82322
1794	0.82863
1795	0.83412
1796	0.83946
1797	0.84473
1798	0.84995
1799	0.85537
1800	0.86096
1801	0.86657
1802	0.8715
1803	0.87707
1804	0.88549
1805	0.88262
1806	0.88837
1807	0.89376
1808	0.89882
1809	0.90421
1810	0.91061
1811	0.91935
1812	0.91671
1813	0.92147
1814	0.92472
1815	0.9274
1816	0.93003
1817	0.9292
1818	0.93116
1819	0.93421
1820	0.93326
1821	0.93551
1822	0.93958
1823	0.93867
1824	0.94018
1825	0.94247
1826	0.94683
1827	0.94544
1828	0.94816
1829	0.95076
1830	0.95238
1831	0.95492
1832	0.95937
1833	0.95781
1834	0.96057
1835	0.96347
1836	0.96237
1837	0.96628
1838	0.96482
1839	0.9677
1840	0.97042
1841	0.97463
1842	0.97307
1843	0.97654
1844	0.98291
1845	0.98101
1846	0.9869
1847	0.98472
1848	0.99092
1849	0.98898
1850	0.99519
1851	0.993
1852	0.99752
1853	1.0021
1854	1.0093
1855	1.007
1856	1.011
1857	1.0177
1858	1.0159
1859	1.0203
1860	1.0243
1861	1.027
1862	1.0263
1863	1.028
1864	1.0309
1865	1.0337
1866	1.038
1867	1.0364
1868	1.0397
1869	1.0431
1870	1.0484
1871	1.0465
1872	1.0502
1873	1.0534
1874	1.0577
1875	1.0616
1876	1.0681
1877	1.0659
1878	1.072
1879	1.0701
1880	1.0756
1881	1.0738
1882	1.0803
1883	1.0779
1884	1.0826
1885	1.0896
1886	1.0873
1887	1.0943
1888	1.0919
1889	1.099
1890	1.0966
1891	1.1036
1892	1.1013
1893	1.1061
1894	1.1134
1895	1.111
1896	1.1181
1897	1.1158
1898	1.1207
1899	1.126
1900	1.1335
1901	1.1313
1902	1.1398
1903	1.146
1904	1.1515
1905	1.1568
1906	1.165
1907	1.1623
1908	1.1677
1909	1.1733
1910	1.1786
1911	1.1838
1912	1.1888
1913	1.1992
1914	1.1954
1915	1.2036
1916	1.2124
1917	1.221
1918	1.2346
1919	1.2299
1920	1.2392
1921	1.2483
1922	1.2574
1923	1.2664
1924	1.2756
1925	1.2848
1926	1.294
1927	1.3078
1928	1.3033
1929	1.3122
1930	1.3212
1931	1.3302
1932	1.3387
1933	1.3524
1934	1.3479
1935	1.362
1936	1.3571
1937	1.3663
1938	1.3754
1939	1.3846
1940	1.3935
1941	1.4073
1942	1.4022
1943	1.4115
1944	1.4294
1945	1.4386
1946	1.4478
1947	1.457
1948	1.466
1949	1.4978
1950	1.4931
1951	1.5026
1952	1.5122
1953	1.5215
1954	1.5339
1955	1.53
1956	1.5428
1957	1.5383
1958	1.5519
1959	1.5473
1960	1.5563
1961	1.5656
1962	1.5746
1963	1.5836
1964	1.5968
1965	1.5923
1966	1.6015
1967	1.6106
1968	1.6197
1969	1.6289
1970	1.6467
1971	1.6602
1972	1.6557
1973	1.6649
1974	1.6741
1975	1.6874
1976	1.683
1977	0.9263
1978	0.40687
1979	0.40675
1980	0.40611
1981	0.40598
1982	0.40538
1983	0.40558
1984	1.6921
1985	0.41034
1986	0.41556
1987	0.92515
1988	0.92788
1989	0.93903
1990	0.92451
1991	0.92095
1992	0.42072
1993	0.42149
1994	0.42159
1995	0.42213
1996	0.42246
1997	0.42331
1998	0.42335
1999	0.42414
2000	0.42424
2001	0.42511
2002	0.42584
2003	0.42694
2004	0.42784
2005	0.42803
2006	0.42898
2007	0.43017
2008	0.43106
2009	0.43207
2010	0.43348
2011	0.43523
2012	0.43616
2013	0.43673
2014	0.43782
2015	0.43907
2016	0.44005
2017	0.44171
2018	0.44402
2019	0.44534
2020	0.44714
2021	0.44904
2022	0.45125
2023	0.45102
2024	0.45255
2025	0.45497
2026	0.45632
2027	0.45837
2028	0.46097
2029	0.46264
2030	0.46463
2031	0.46474
2032	0.46704
2033	0.46925
2034	0.47129
2035	0.47352
2036	0.47548
2037	0.47807
2038	0.48062
2039	0.4833
2040	0.48632
2041	0.48865
2042	0.49102
2043	0.49343
2044	0.49425
2045	0.49677
2046	0.49928
2047	0.50211
2048	0.50456
2049	0.50729
2050	0.50997
2051	0.51284
2052	0.51614
2053	0.51913
2054	0.52195
2055	0.5275
2056	0.53034
2057	0.53318
2058	0.53604
2059	0.53843
2060	0.54074
2061	0.54363
2062	0.54655
2063	0.5493
2064	0.55187
2065	0.55467
2066	0.55812
2067	0.56122
2068	0.56446
2069	0.56778
2070	0.57123
2071	0.5746
2072	0.57756
2073	0.58026
2074	0.58336
2075	0.58651
2076	0.58987
2077	0.59296
2078	0.59637
2079	0.59945
2080	0.603
2081	0.60619
2082	0.6096
2083	0.61286
2084	0.61616
2085	0.61943
2086	0.62277
2087	0.62641
2088	0.6298
2089	0.63347
2090	0.63703
2091	0.6403
2092	0.6441
2093	0.64722
2094	0.65102
2095	0.65476
2096	0.65819
2097	0.6617
2098	0.66572
2099	0.66916
2100	0.67289
2101	0.67601
2102	0.67902
2103	0.68271
2104	0.68637
2105	0.69039
2106	0.6945
2107	0.69794
2108	0.70164
2109	0.70567
2110	0.70966
2111	0.71334
2112	0.71707
2113	0.72112
2114	0.72473
2115	0.72847
2116	0.73243
2117	0.73633
2118	0.74012
2119	0.74337
2120	0.74679
2121	0.75059
2122	0.75449
2123	0.75845
2124	0.76221
2125	0.76632
2126	0.77017
2127	0.77398
2128	0.77807
2129	0.7819
2130	0.786
2131	0.78955
2132	0.79709
2133	0.80455
2134	0.80827
2135	0.81153
2136	0.81421
2137	0.8167
2138	0.82237
2139	0.82488
2140	0.82746
2141	0.83001
2142	0.83262
2143	0.83822
2144	0.84106
2145	0.84374
2146	0.84608
2147	0.84845
2148	0.85387
2149	0.85659
2150	0.85931
2151	0.86199
2152	0.86452
2153	0.86978
2154	0.87248
2155	0.87506
2156	0.87762
2157	0.88022
2158	0.88563
2159	0.88829
2160	0.89092
2161	0.8936
2162	0.89627
2163	0.90175
2164	0.90442
2165	0.907
2166	0.90985
2167	0.91277
2168	0.9158
2169	0.91863
2170	0.9211
2171	0.92356
2172	0.92599
2173	0.92858
2174	0.93162
2175	0.94147
2176	0.94391
2177	0.94491
2178	0.94587
2179	0.94716
2180	0.9471
2181	0.94958
2182	0.9504
2183	0.95144
2184	0.95268
2185	0.95386
2186	0.9548
2187	0.95574
2188	0.95685
2189	0.95791
2190	0.95921
2191	0.96029
2192	0.96215
2193	0.96312
2194	0.96404
2195	0.96529
2196	0.96718
2197	0.96988
2198	0.97275
2199	0.97418
2200	0.97554
2201	0.97676
2202	0.97819
2203	0.97907
2204	0.97963
2205	0.98071
2206	0.98223
2207	0.98375
2208	0.9853
2209	0.98689
2210	0.98805
2211	0.98897
2212	0.9902
2213	0.99148
2214	0.99287
2215	0.99407
2216	0.99539
2217	0.99652
2218	0.99732
2219	1.0006
2220	1.0028
2221	1.0049
2222	1.0068
2223	1.0088
2224	1.011
2225	1.0134
2226	1.0159
2227	1.0191
2228	1.0209
2229	1.0238
2230	1.0286
2231	1.0308
2232	1.033
2233	1.0352
2234	1.037
2235	1.0394
2236	1.0423
2237	1.0449
2238	1.0472
2239	1.0492
2240	1.0502
2241	1.0527
2242	1.0545
2243	1.0561
2244	1.0577
2245	1.0593
2246	1.0609
2247	1.0627
2248	1.0646
2249	1.0666
2250	1.0685
2251	1.0722
2252	1.0742
2253	1.0763
2254	1.0786
2255	1.0808
2256	1.0828
2257	1.0846
2258	1.0911
2259	1.0934
2260	1.0984
2261	1.1011
2262	1.1037
2263	1.1063
2264	1.1088
2265	1.1113
2266	1.1138
2267	1.1188
2268	1.1239
2269	1.1265
2270	1.1291
2271	1.1346
2272	1.1374
2273	1.1402
2274	1.143
2275	1.1458
2276	1.1485
2277	1.1513
2278	1.1541
2279	1.157
2280	1.1628
2281	1.169
2282	1.1755
2283	1.1791
2284	1.1828
2285	1.1863
2286	1.1897
2287	1.1908
2288	1.1948
2289	1.2064
2290	1.2106
2291	1.2145
2292	1.2235
2293	1.2328
2294	1.2375
2295	1.2421
2296	1.2468
2297	1.2514
2298	1.2605
2299	1.265
2300	1.2696
2301	1.2742
2302	1.2786
2303	1.2878
2304	1.2969
2305	1.3015
2306	1.3061
2307	1.3154
2308	1.3244
2309	1.329
2310	1.3336
2311	1.3381
2312	1.3427
2313	1.3473
2314	1.3517
2315	1.3559
2316	1.3613
2317	1.3651
2318	1.3694
2319	1.3741
2320	1.3787
2321	1.3878
2322	1.3925
2323	1.3972
2324	1.4017
2325	1.4061
2326	1.4104
2327	1.4147
2328	1.4193
2329	1.424
2330	1.4332
2331	1.443
2332	1.4469
2333	1.4515
2334	1.4559
2335	1.4605
2336	1.4649
2337	1.4741
2338	1.4832
2339	1.4877
2340	1.4918
2341	1.4975
2342	1.5013
2343	1.5058
2344	1.5103
2345	1.5146
2346	1.5187
2347	1.5226
2348	1.5267
2349	1.5317
2350	1.5413
2351	1.5505
2352	1.5552
2353	1.5598
2354	1.5643
2355	1.5689
2356	1.5735
2357	1.578
2358	1.5871
2359	1.5917
2360	1.5963
2361	1.6009
2362	1.6054
2363	1.614
2364	1.6233
2365	1.6278
2366	1.6322
2367	1.6369
2368	1.6416
2369	1.6461
2370	1.6505
2371	1.6597
2372	1.6639
2373	1.6683
2374	1.6774
2375	1.6818
2376	1.6863
2377	1.6903
2378	1.699
2379	0.42068
2380	0.40523
2381	1.6968
2382	1.7046
2383	1.6994
2384	1.6949
2385	1.69
2386	1.6852
2387	1.6809
2388	1.6767
2389	1.6722
2390	1.6679
2391	1.6633
2392	1.6589
2393	1.6544
2394	1.6454
2395	1.6408
2396	1.6363
2397	1.6316
2398	1.6271
2399	1.6226
2400	1.6181
2401	1.6135
2402	1.609
2403	1.6044
2404	1.6001
2405	1.5957
2406	1.5911
2407	1.5865
2408	1.582
2409	1.5774
2410	1.5728
2411	1.5683
2412	1.5637
2413	1.5592
2414	1.5546
2415	1.5504
2416	1.5457
2417	1.541
2418	1.5363
2419	1.5316
2420	1.5271
2421	1.5227
2422	1.5181
2423	1.5134
2424	1.509
2425	1.5048
2426	1.5003
2427	1.4955
2428	1.491
2429	1.4867
2430	1.4822
2431	1.4776
2432	1.4726
2433	1.4684
2434	1.4641
2435	1.4595
2436	1.455
2437	1.4504
2438	1.4459
2439	1.4411
2440	1.4366
2441	1.4323
2442	1.4279
2443	1.4234
2444	1.4188
2445	1.4142
2446	1.4097
2447	1.4051
2448	1.4005
2449	1.3958
2450	1.3916
2451	1.387
2452	1.3825
2453	1.378
2454	1.3734
2455	1.3689
2456	1.3643
2457	1.3595
2458	1.355
2459	1.3507
2460	1.3463
2461	1.3418
2462	1.3372
2463	1.3323
2464	1.3281
2465	1.3235
2466	1.3191
2467	1.3146
2468	1.31
2469	1.3056
2470	1.3011
2471	1.2966
2472	1.2919
2473	1.2872
2474	1.2828
2475	1.2781
2476	1.2736
2477	1.2691
2478	1.2646
2479	1.26
2480	1.2509
2481	1.2463
2482	1.2417
2483	1.2373
2484	1.233
2485	1.2285
2486	1.2236
2487	1.2189
2488	1.2143
2489	1.2097
2490	1.2051
2491	1.2011
2492	1.1971
2493	1.1928
2494	1.1888
2495	1.1856
2496	1.182
2497	1.1786
2498	1.1755
2499	1.1723
2500	1.1663
2501	1.1634
2502	1.1606
2503	1.1577
2504	1.1549
2505	1.1495
2506	1.1467
2507	1.144
2508	1.1412
2509	1.1385
2510	1.1358
2511	1.1332
2512	1.1305
2513	1.1279
2514	1.1253
2515	1.1228
2516	1.1203
2517	1.1178
2518	1.1153
2519	1.1128
2520	1.1103
2521	1.1079
2522	1.1054
2523	1.1029
2524	1.1004
2525	1.098
2526	1.0957
2527	1.0934
2528	1.0911
2529	1.089
2530	1.0869
2531	1.0849
2532	1.0829
2533	1.0807
2534	1.0786
2535	1.0765
2536	1.0746
2537	1.0727
2538	1.0709
2539	1.069
2540	1.0671
2541	1.0653
2542	1.0636
2543	1.0619
2544	1.0603
2545	1.0587
2546	1.0571
2547	1.0553
2548	1.0535
2549	1.0521
2550	1.0504
2551	1.0484
2552	1.0462
2553	1.0439
2554	1.0416
2555	1.0398
2556	1.0372
2557	1.0353
2558	1.0327
2559	1.0309
2560	1.0286
2561	1.0266
2562	1.0251
2563	1.0236
2564	1.0218
2565	1.0195
2566	1.0173
2567	1.0151
2568	1.0129
2569	1.0109
2570	1.0089
2571	1.0068
2572	1.0048
2573	1.0015
2574	1.0001
2575	0.9988
2576	0.99745
2577	0.99614
2578	0.99481
2579	0.99351
2580	0.99229
2581	0.99113
2582	0.98986
2583	0.98845
2584	0.98705
2585	0.98568
2586	0.98432
2587	0.98317
2588	0.98219
2589	0.9811
2590	0.97984
2591	0.97856
2592	0.97724
2593	0.97592
2594	0.97461
2595	0.97331
2596	0.97203
2597	0.97071
2598	0.96928
2599	0.96806
2600	0.967
2601	0.96596
2602	0.96495
2603	0.96385
2604	0.9627
2605	0.96152
2606	0.96045
2607	0.95935
2608	0.95832
2609	0.95728
2610	0.95622
2611	0.95506
2612	0.95404
2613	0.95308
2614	0.95206
2615	0.95099
2616	0.95054
2617	0.9493
2618	0.9483
2619	0.9473
2620	0.94625
2621	0.94517
2622	0.94409
2623	0.94318
2624	0.93877
2625	0.93601
2626	0.93314
2627	0.93036
2628	0.9277
2629	0.9251
2630	0.92225
2631	0.91973
2632	0.91702
2633	0.91425
2634	0.91148
2635	0.90876
2636	0.90611
2637	0.90342
2638	0.90067
2639	0.89796
2640	0.89539
2641	0.89268
2642	0.89006
2643	0.8873
2644	0.88469
2645	0.88202
2646	0.87934
2647	0.8768
2648	0.87418
2649	0.87147
2650	0.86878
2651	0.86623
2652	0.86364
2653	0.86094
2654	0.8583
2655	0.85563
2656	0.85297
2657	0.85037
2658	0.84783
2659	0.84525
2660	0.84259
2661	0.8399
2662	0.83721
2663	0.83452
2664	0.83193
2665	0.82933
2666	0.82673
2667	0.82412
2668	0.82147
2669	0.81877
2670	0.81614
2671	0.81327
2672	0.8102
2673	0.80675
2674	0.80311
2675	0.79908
2676	0.79492
2677	0.79171
2678	0.78804
2679	0.78415
2680	0.78005
2681	0.77642
2682	0.77267
2683	0.76899
2684	0.76491
2685	0.761
2686	0.75721
2687	0.75367
2688	0.74993
2689	0.74617
2690	0.74239
2691	0.73849
2692	0.73444
2693	0.73085
2694	0.72713
2695	0.72346
2696	0.71963
2697	0.71587
2698	0.71204
2699	0.70814
2700	0.70456
2701	0.70093
2702	0.69744
2703	0.6935
2704	0.68972
2705	0.6861
2706	0.68263
2707	0.67958
2708	0.67566
2709	0.67164
2710	0.66827
2711	0.66467
2712	0.66099
2713	0.65751
2714	0.65378
2715	0.65041
2716	0.64708
2717	0.64352
2718	0.6398
2719	0.63662
2720	0.6332
2721	0.62996
2722	0.62634
2723	0.62292
2724	0.61982
2725	0.6163
2726	0.61297
2727	0.60965
2728	0.60645
2729	0.603
2730	0.59962
2731	0.59647
2732	0.59342
2733	0.58996
2734	0.58721
2735	0.58403
2736	0.58089
2737	0.57775
2738	0.57446
2739	0.57122
2740	0.56804
2741	0.56491
2742	0.56138
2743	0.55846
2744	0.55579
2745	0.55316
2746	0.55022
2747	0.54733
2748	0.5445
2749	0.54186
2750	0.53909
2751	0.53632
2752	0.53353
2753	0.53075
2754	0.52794
2755	0.52521
2756	0.52242
2757	0.51956
2758	0.51668
2759	0.51398
2760	0.51112
2761	0.50858
2762	0.5063
2763	0.50358
2764	0.50093
2765	0.49892
2766	0.4973
2767	0.49486
2768	0.49246
2769	0.49004
2770	0.48746
2771	0.48501
2772	0.48265
2773	0.48039
2774	0.47823
2775	0.47611
2776	0.47437
2777	0.47206
2778	0.47012
2779	0.46879
2780	0.46727
2781	0.46516
2782	0.46298
2783	0.4611
2784	0.4597
2785	0.45756
2786	0.45602
2787	0.45492
2788	0.45325
2789	0.45152
2790	0.44976
2791	0.44835
2792	0.4463
2793	0.44519
2794	0.44395
2795	0.4428
2796	0.44188
2797	0.44078
2798	0.4396
2799	0.43796
2800	0.43681
2801	0.43623
2802	0.43506
2803	0.43401
2804	0.43323
2805	0.43259
2806	0.43201
2807	0.43073
2808	0.43044
2809	0.42958
2810	0.42948
2811	0.42857
2812	0.42817
2813	0.42752
2814	0.42722
2815	0.42686
2816	0.42692
2817	0.42631
2818	0.42663
2819	0.42606
2820	0.92484
2821	0.93114
2822	0.42094
2823	0.42616
2824	1.7024
2825	1.7023
2826	1.7016
2827	1.7011
2828	1.6967
2829	1.6923
2830	1.6878
2831	1.6833
2832	1.6788
2833	1.6743
2834	1.6698
2835	1.6653
2836	1.6609
2837	1.6569
2838	1.6519
2839	1.6472
2840	1.6427
2841	1.6381
2842	1.6336
2843	1.6292
2844	1.6247
2845	1.6206
2846	1.6161
2847	1.6112
2848	1.6068
2849	1.6021
2850	1.5974
2851	1.5928
2852	1.5883
2853	1.5836
2854	1.5792
2855	1.5747
2856	1.5703
2857	1.5658
2858	1.5613
2859	1.5567
2860	1.5522
2861	1.5477
2862	1.5432
2863	1.5387
2864	1.5342
2865	1.5297
2866	1.5252
2867	1.5203
2868	1.516
2869	1.5117
2870	1.5072
2871	1.5027
2872	1.4981
2873	1.4935
2874	1.4889
2875	1.4844
2876	1.4798
2877	1.475
2878	1.4705
2879	1.4662
2880	1.4618
2881	1.4573
2882	1.4529
2883	1.4484
2884	1.4442
2885	1.4397
2886	1.4347
2887	1.43
2888	1.4255
2889	1.4212
2890	1.4164
2891	1.412
2892	1.4074
2893	1.4028
2894	1.3983
2895	1.3938
2896	1.3893
2897	1.3849
2898	1.3803
2899	1.3757
2900	1.3712
2901	1.3668
2902	1.3625
2903	1.3578
2904	1.3531
2905	1.3485
2906	1.3439
2907	1.3394
2908	1.3353
2909	1.3306
2910	1.326
2911	1.3215
2912	1.3169
2913	1.3124
2914	1.3079
2915	1.3033
2916	1.2988
2917	1.2943
2918	1.2897
2919	1.2853
2920	1.2806
2921	1.276
2922	1.2715
2923	1.2669
2924	1.2624
2925	1.258
2926	1.2533
2927	1.2487
2928	1.2442
2929	1.2396
2930	1.2352
2931	1.2306
2932	1.2265
2933	1.2217
2934	1.2174
2935	1.2129
2936	1.2085
2937	1.2047
2938	1.2001
2939	1.1961
2940	1.1922
2941	1.1888
2942	1.1857
2943	1.1828
2944	1.1802
2945	1.1778
2946	1.1753
2947	1.1726
2948	1.1699
2949	1.1671
2950	1.1644
2951	1.1617
2952	1.1589
2953	1.1562
2954	1.1535
2955	1.1508
2956	1.1453
2957	1.1426
2958	1.14
2959	1.1376
2960	1.1351
2961	1.1322
2962	1.1298
2963	1.1273
2964	1.1246
2965	1.122
2966	1.1194
2967	1.1168
2968	1.1143
2969	1.1118
2970	1.1094
2971	1.1069
2972	1.1044
2973	1.1019
2974	1.0995
2975	1.0971
2976	1.0923
2977	1.0899
2978	1.0876
2979	1.0852
2980	1.0806
2981	1.0783
2982	1.076
2983	1.0737
2984	1.0716
2985	1.0696
2986	1.0676
2987	1.0655
2988	1.0634
2989	1.0612
2990	1.0592
2991	1.0572
2992	1.0552
2993	1.0532
2994	1.0493
2995	1.0475
2996	1.0457
2997	1.0439
2998	1.0422
2999	1.0386
3000	1.037
3001	1.0354
3002	1.0338
3003	1.0323
3004	1.0308
3005	1.0279
3006	1.0265
3007	1.025
3008	1.0237
3009	1.0224
3010	1.0211
3011	1.0195
3012	1.0174
3013	1.0154
3014	1.013
3015	1.0106
3016	1.0087
3017	1.0064
3018	1.0043
3019	1.0021
3020	0.99996
3021	0.99745
3022	0.99543
3023	0.99318
3024	0.991
3025	0.98891
3026	0.98685
3027	0.98481
3028	0.98285
3029	0.98076
3030	0.97921
3031	0.97693
3032	0.9748
3033	0.97298
3034	0.97131
3035	0.9698
3036	0.96838
3037	0.9671
3038	0.96576
3039	0.96443
3040	0.96306
3041	0.96036
3042	0.95915
3043	0.95812
3044	0.95693
3045	0.95569
3046	0.95429
3047	0.95295
3048	0.94909
3049	0.9481
3050	0.94698
3051	0.94576
3052	0.94449
3053	0.94322
3054	0.9419
3055	0.94062
3056	0.93925
3057	0.938
3058	0.93691
3059	0.93596
3060	0.93493
3061	0.93371
3062	0.93231
3063	0.93104
3064	0.92996
3065	0.92905
3066	0.92782
3067	0.92674
3068	0.92576
3069	0.92482
3070	0.92376
3071	0.92259
3072	0.9214
3073	0.92012
3074	0.9187
3075	0.91689
3076	0.91435
3077	0.91153
3078	0.90862
3079	0.90566
3080	0.90273
3081	0.89988
3082	0.89714
3083	0.89449
3084	0.89182
3085	0.88913
3086	0.88639
3087	0.88361
3088	0.88082
3089	0.87807
3090	0.87531
3091	0.87255
3092	0.86984
3093	0.8672
3094	0.86459
3095	0.86188
3096	0.85915
3097	0.8564
3098	0.85368
3099	0.85097
3100	0.84832
3101	0.84565
3102	0.84293
3103	0.84032
3104	0.83767
3105	0.83503
3106	0.83236
3107	0.82961
3108	0.827
3109	0.82438
3110	0.82167
3111	0.81906
3112	0.81655
3113	0.81406
3114	0.8115
3115	0.80885
3116	0.80618
3117	0.80344
3118	0.80093
3119	0.79833
3120	0.796
3121	0.79364
3122	0.79089
3123	0.78796
3124	0.78426
3125	0.78047
3126	0.77667
3127	0.77279
3128	0.76903
3129	0.76559
3130	0.76165
3131	0.75818
3132	0.75417
3133	0.75038
3134	0.74633
3135	0.74265
3136	0.73853
3137	0.73475
3138	0.73089
3139	0.72716
3140	0.72315
3141	0.71925
3142	0.71568
3143	0.71162
3144	0.70777
3145	0.70394
3146	0.7006
3147	0.69667
3148	0.69272
3149	0.68935
3150	0.68528
3151	0.68207
3152	0.67777
3153	0.67419
3154	0.67024
3155	0.66661
3156	0.6631
3157	0.65962
3158	0.65572
3159	0.6523
3160	0.64866
3161	0.64505
3162	0.64139
3163	0.63795
3164	0.63412
3165	0.63087
3166	0.62707
3167	0.62388
3168	0.62007
3169	0.61661
3170	0.61308
3171	0.60961
3172	0.60608
3173	0.60278
3174	0.59924
3175	0.59577
3176	0.5925
3177	0.58877
3178	0.58574
3179	0.58214
3180	0.5788
3181	0.57574
3182	0.57215
3183	0.56917
3184	0.56575
3185	0.56284
3186	0.55932
3187	0.55615
3188	0.55277
3189	0.5502
3190	0.54664
3191	0.54359
3192	0.54025
3193	0.53757
3194	0.53436
3195	0.53091
3196	0.52773
3197	0.52474
3198	0.52185
3199	0.51892
3200	0.51626
3201	0.51315
3202	0.51019
3203	0.5073
3204	0.50447
3205	0.5017
3206	0.4989
3207	0.49656
3208	0.49429
3209	0.49162
3210	0.4886
3211	0.48599
3212	0.48339
3213	0.48079
3214	0.47819
3215	0.47586
3216	0.47294
3217	0.47029
3218	0.46588
3219	0.46367
3220	0.46179
3221	0.45654
3222	0.45463
3223	0.45249
3224	0.4481
3225	0.4456
3226	0.44384
3227	0.43974
3228	0.43838
3229	0.43636
3230	0.43292
3231	0.4309
3232	0.4289
3233	0.42677
3234	0.42622
3235	0.4248
3236	0.42346
3237	0.42149
3238	0.41986
3239	0.41879
3240	0.41737
3241	0.41647
3242	0.41511
3243	0.41377
3244	0.4127
3245	0.41137
3246	0.41048
3247	0.40959
3248	0.4086
3249	0.4069
3250	0.40604
3251	0.4049
3252	0.40481
3253	0.4046
3254	0.4041
3255	0.40255
3256	0.40253
3257	0.4021
3258	0.40165
3259	0.40136
3260	0.40093
3261	0.40052
3262	0.4003
3263	0.40066
3264	0.40009
3265	0.39999
3266	0.93765
3267	0.9301
3268	0.92847
3269	0.92796
3270	0.93435
3271	0.93606
3272	0.93428
3273	0.93203
3274	1.4193
3275	1.4525
3276	1.2254
3277	1.0496
3278	1.5461
3279	0.89445
3280	0.87752
3281	0.86287
3282	0.90738
3283	0.84555
3284	0.82969
3285	1.0026
3286	1.2938
3287	0.47588
3288	0.46709
3289	0.48299
3290	0.52148
3291	0.45978
3292	0.47371
3293	1.0323
3294	0.46266
3295	1.0474
3296	0.4506
3297	0.4448
3298	1.6334
3299	1.4159
3300	0.47696
3301	1.1682
3302	1.4432
3303	1.4199
3304	0.77997
3305	1.3159
3306	0.47653
3307	0.95031
3308	1.6378
3309	1.4287
3310	1.4844
3311	0.66655
3312	0.71129
3313	0.63688
3314	0.6232
3315	0.75577
3316	0.42904
3317	0.5962
3318	0.58292
3319	0.44737
3320	0.55759
3321	0.45159
3322	0.54547
3323	1.0216
3324	1.4705
3325	1.1654
3326	0.64404
3327	0.73491
3328	0.60292
3329	0.5763
3330	0.56446
3331	0.65852
3332	0.61612
3333	0.43462
3334	0.45775
3335	0.53973
3336	0.52467
3337	1.1085
3338	1.5835
3339	1.5745
3340	0.81949
3341	1.0161
3342	1.3692
3343	0.81463
3344	1.4034
3345	1.0793
3346	1.266
3347	1.1163
3348	1.475
3349	1.4786
3350	1.6944
3351	1.525
3352	1.0912
3353	1.2281
3354	1.4374
3355	1.4375
3356	1.0888
3357	0.935
3358	0.82591
3359	1.1172
3360	0.87407
3361	0.89007
3362	1.1704
3363	1.6141
3364	0.96819
3365	1.2188
3366	0.96907
3367	0.49278
3368	1.6288
3369	1.6976
3370	1.1319
3371	0.95173
3372	0.94004
3373	0.99513
3374	1.3893
3375	1.1833
3376	1.4205
3377	1.3199
3378	1.0137
3379	1.3167
3380	1.663
3381	1.5009
3382	0.4314
3383	0.42161
3384	0.60953
3385	0.4111
3386	0.63745
3387	0.66692
3388	0.56949
3389	0.42628
3390	0.58252
3391	0.59608
3392	0.4161
3393	0.62347
3394	0.40966
3395	0.40771
3396	0.65211
3397	1.0937
3398	0.81802
3399	0.93134
3400	0.67288
3401	0.43478
3402	0.44181
3403	0.46823
3404	0.5139
3405	0.45912
3406	0.52556
3407	0.45038
3408	0.53856
3409	0.44319
3410	0.55022
3411	0.43553
3412	0.56255
3413	0.43009
3414	0.42389
3415	0.58925
3416	0.41887
3417	0.60262
3418	0.41428
3419	0.61645
3420	0.40919
3421	0.63033
3422	0.40822
3423	0.64479
3424	0.65952
3425	0.45013
3426	0.45889
3427	0.4679
3428	1.2751
3429	0.6829
3430	1.1879
3431	0.94653
3432	1.2555
3433	1.1889
3434	0.50625
3435	1.5208
3436	0.55618
3437	0.43989
3438	0.54368
3439	0.44633
3440	0.53132
3441	1.6097
3442	0.45478
3443	1.0448
3444	0.51979
3445	0.4631
3446	1.3642
3447	1.3575
3448	0.50823
3449	0.47177
3450	0.96849
3451	1.4754
3452	1.4751
3453	1.068
3454	1.1234
3455	0.91373
3456	1.4936
3457	0.95988
3458	0.94902
3459	1.3435
3460	0.96473
3461	1.33
3462	0.98475
3463	1.6004
3464	0.99461
3465	1.0119
3466	0.94256
3467	1.1231
3468	1.0434
3469	1.0704
3470	1.0619
3471	0.50294
3472	1.0121
3473	0.97699
3474	1.4285
3475	0.94865
3476	0.99876
3477	0.95915
3478	0.9427
3479	0.87349
3480	0.86835
3481	0.85697
3482	0.93857
3483	0.85156
3484	1.0352
3485	0.84122
3486	1.5073
3487	0.83583
3488	0.82461
3489	1.0558
3490	0.80981
3491	1.3113
3492	0.83126
3493	1.187
3494	0.84777
3495	1.0956
3496	0.86446
3497	1.0866
3498	0.88082
3499	1.015
3500	0.8989
3501	0.95605
3502	1.0413
3503	1.3709
3504	1.1722
3505	1.1072
3506	0.49802
3507	0.90102
3508	1.2565
3509	1.3206
3510	1.3118
3511	0.95289
3512	0.89044
3513	1.4886
3514	1.3841
3515	0.97883
3516	1.644
3517	1.6375
3518	0.97133
3519	0.89737
3520	0.88119
3521	0.86541
3522	0.84922
3523	0.83362
3524	1.1371
3525	0.94429
3526	1.1919
3527	0.80498
3528	1.6972
3529	0.94162
3530	1.1304
3531	1.546
3532	0.88451
3533	1.0517
3534	1.2111
3535	1.166
3536	0.88633
3537	1.7043
3538	0.85849
3539	0.84256
3540	0.82426
3541	1.0768
3542	0.98272
3543	1.1596
3544	1.085
3545	0.97976
3546	0.90994
3547	1.001
3548	1.0016
3549	1.1808
3550	1.395
3551	1.2438
3552	1.066
3553	1.122
3554	0.91253
3555	1.2166
3556	1.0648
3557	0.8964
3558	1.0704
3559	0.96112
3560	1.1943
3561	0.94069
3562	1.1488
3563	1.0254
3564	1.65
3565	1.0841
3566	0.58289
3567	0.59619
3568	0.76237
3569	0.60961
3570	0.74836
3571	0.62322
3572	0.73253
3573	0.6372
3574	0.71689
3575	0.65182
3576	0.70199
3577	0.98821
3578	0.67873
3579	0.68633
3580	0.48733
3581	0.47857
3582	1.1092
3583	0.45995
3584	0.54296
3585	0.92319
3586	0.45376
3587	0.55433
3588	0.89805
3589	0.44083
3590	0.57955
3591	1.1721
3592	0.43403
3593	1.103
3594	0.59286
3595	0.9495
3596	0.43113
3597	0.77575
3598	0.42555
3599	0.75949
3600	0.61943
3601	0.42227
3602	0.74344
3603	0.63309
3604	1.4839
3605	0.73053
3606	0.71534
3607	1.4045
3608	0.66277
3609	0.67502
3610	1.3978
3611	1.4656
3612	1.6192
3613	1.2982
3614	1.5791
3615	1.4795
3616	0.99697
3617	1.1866
3618	1.5119
3619	1.3392
3620	1.1053
3621	0.4049
3622	1.4561
3623	1.2797
3624	1.6733
3625	1.6379
3626	0.98094
3627	1.6096
3628	1.2924
3629	1.0404
3630	1.1531
3631	0.95813
3632	1.0238
3633	1.5826
3634	1.1554
3635	0.93223
3636	0.93424
3637	0.94112
3638	0.92848
3639	1.0685
3640	0.96142
3641	1.1214
3642	1.0512
3643	1.5555
3644	1.1693
3645	1.1057
3646	0.95635
3647	0.77811
3648	0.99992
3649	0.99866
3650	1.0224
3651	0.97174
3652	1.0959
3653	0.96155
3654	0.8354
3655	0.85112
3656	0.86712
3657	0.88293
3658	0.89899
3659	1.2932
3660	1.3985
3661	0.95348
3662	0.69436
3663	0.65959
3664	0.70959
3665	0.41177
3666	0.64452
3667	0.72448
3668	0.63014
3669	0.74048
3670	0.61628
3671	0.75538
3672	0.60287
3673	0.77014
3674	0.97238
3675	0.58938
3676	1.0889
3677	0.57596
3678	1.5882
3679	0.49548
3680	0.78413
3681	0.81089
3682	0.8207
3683	0.82588
3684	0.83681
3685	0.84211
3686	0.85264
3687	0.8581
3688	0.86903
3689	0.87436
3690	1.5701
3691	1.2084
3692	1.1599
3693	0.97627
3694	0.69227
3695	1.3832
3696	1.0294
3697	1.2528
3698	0.6712
3699	0.70774
3700	0.41639
3701	0.65499
3702	0.64065
3703	0.73949
3704	0.75149
3705	0.61287
3706	0.93738
3707	0.76785
3708	0.42744
3709	0.59964
3710	0.43172
3711	0.58637
3712	1.1542
3713	1.1432
3714	1.0191
3715	0.94394
3716	1.6244
3717	0.51598
3718	1.035
3719	1.5246
3720	1.5165
3721	1.0597
3722	0.48921
3723	1.6831
3724	1.4799
3725	1.2656
3726	0.97583
3727	0.80234
3728	0.97855
3729	1.176
3730	1.6512
3731	1.4339
3732	1.0468
3733	1.4616
3734	0.87985
3735	0.86375
3736	0.84733
3737	1.1287
3738	0.83134
3739	1.6786
3740	0.81626
3741	1.3344
3742	1.0213
3743	1.1861
3744	0.90128
3745	0.97099
3746	1.0305
3747	1.2894
3748	1.4249
3749	1.3846
3750	1.2472
3751	0.96168
3752	1.125
3753	0.89114
3754	0.96529
3755	0.81067
3756	0.83174
3757	0.72563
3758	1.1522
3759	0.84739
3760	0.74147
3761	0.75622
3762	0.77188
3763	0.86387
3764	0.89584
3765	1.606
3766	1.2569
3767	1.0829
3768	1.5364
3769	0.92601
3770	0.95161
3771	0.80094
3772	1.042
3773	1.2079
3774	1.0294
3775	1.1481
3776	1.0947
3777	1.0637
3778	1.1684
3779	1.1711
3780	0.79319
3781	0.98048
3782	1.561
3783	1.0263
3784	1.0753
3785	1.6186
3786	1.6194
3787	1.5256
3788	0.49856
3789	0.76414
3790	0.74924
3791	0.42106
3792	1.6426
3793	1.2199
3794	0.93261
3795	1.3021
3796	1.2802
3797	1.433
3798	1.6728
3799	1.6737
3800	0.98866
3801	1.0046
3802	1.0173
3803	1.0894
3804	1.1047
3805	1.256
3806	1.3801
3807	1.2619
3808	0.96978
3809	1.5367
3810	0.82804
3811	0.87585
3812	0.89184
3813	1.2832
3814	1.2986
3815	1.6694
3816	1.6552
3817	1.6152
3818	1.0349
3819	0.97498
3820	0.81588
3821	0.83003
3822	0.84636
3823	0.86276
3824	1.0762
3825	0.94562
3826	0.89581
3827	0.80731
3828	0.98814
3829	1.0255
3830	1.271
3831	1.4695
3832	1.484
3833	1.6422
3834	1.3258
3835	1.3107
3836	1.5879
3837	1.1793
3838	1.0717
3839	0.91927
3840	1.163
3841	0.98555
3842	1.1362
3843	1.0962
3844	0.94782
3845	0.90014
3846	0.88392
3847	0.86811
3848	0.85211
3849	0.83659
3850	0.80699
3851	0.9433
3852	0.9518
3853	1.1421
3854	0.97494
3855	1.0514
3856	1.0574
3857	1.1687
3858	0.96556
3859	1.0663
3860	1.0806
3861	1.1561
3862	1.1032
3863	1.1199
3864	1.6085
3865	0.99267
3866	0.95263
3867	0.88821
3868	0.86924
3869	0.8238
3870	0.98145
3871	1.1825
3872	1.0812
3873	1.1381
3874	0.53616
3875	0.53221
3876	0.53281
3877	0.52919
3878	0.53025
3879	0.52643
3880	0.88472
3881	1.0659
3882	1.064
3883	1.0712
3884	1.0689
3885	0.46872
3886	0.4667
3887	1.5517
3888	1.5511
3889	1.5563
3890	1.5558
3891	1.5611
3892	1.5606
3893	1.5655
3894	1.5653
3895	1.5701
3896	1.5699
3897	1.2746
3898	1.2792
3899	1.2839
3900	0.64766
3901	0.62653
3902	0.6063
3903	0.41874
3904	1.0095
3905	1.0056
3906	1.0068
3907	1.0031
3908	1.1474
3909	1.1438
3910	1.1512
3911	1.1473
3912	1.1521
3913	1.1489
3914	0.41591
3915	0.41654
3916	0.41076
3917	0.41117
3918	0.49032
3919	1.5192
3920	1.2481
3921	0.41364
3922	1.0261
3923	1.0786
3924	1.1579
3925	1.1546
3926	1.3312
3927	1.0674
3928	1.048
3929	1.4471
3930	0.80292
3931	0.80479
3932	1.579
3933	1.5832
3934	1.1981
3935	1.2025
3936	1.5025
3937	0.82158
3938	1.4703
3939	0.71918
3940	0.72268
3941	0.69609
3942	0.69989
3943	1.6876
3944	1.0559
3945	0.42326
3946	0.54786
3947	0.51539
3948	0.51814
3949	1.5416
3950	0.94271
3951	1.466
3952	1.4613
3953	0.90463
3954	0.90118
3955	0.90655
3956	0.90351
3957	0.95027
3958	0.95132
3959	0.94674
3960	0.94779
3961	0.94324
3962	0.94423
3963	0.93971
3964	0.94066
3965	0.83952
3966	0.8363
3967	0.84139
3968	0.83815
3969	1.5741
3970	1.5789
3971	1.5745
3972	1.5794
3973	1.1592
3974	1.1622
3975	1.1585
3976	1.1615
3977	1.1581
3978	1.1614
3979	1.129
3980	1.1259
3981	1.1306
3982	1.1274
3983	1.1291
3984	1.1261
3985	0.96508
3986	0.96659
3987	0.96174
3988	0.96332
3989	1.119
3990	1.1164
3991	1.1208
3992	1.1182
3993	1.1004
3994	1.0981
3995	1.1021
3996	1.0994
3997	1.3073
3998	1.3028
3999	0.94666
4000	0.94539
4001	0.95056
4002	0.94934
4003	1.111
4004	1.1083
4005	1.1129
4006	1.1103
4007	1.1146
4008	1.1121
4009	0.43436
4010	0.433
4011	0.43889
4012	0.43694
4013	0.78936
4014	0.7857
4015	0.79136
4016	0.78767
4017	1.0887
4018	1.0911
4019	1.0864
4020	1.0888
4021	1.0839
4022	1.0864
4023	1.6826
4024	1.0554
4025	1.0528
4026	1.101
4027	1.0986
4028	1.1033
4029	1.1008
4030	1.0567
4031	1.0584
4032	1.054
4033	1.0559
4034	1.0516
4035	1.0534
4036	1.0491
4037	1.0509
4038	1.2054
4039	1.201
4040	1.2044
4041	1.2003
4042	1.2027
4043	1.1986
4044	0.8518
4045	0.85332
4046	0.85576
4047	0.85307
4048	0.8572
4049	0.85448
4050	0.85868
4051	0.85604
4052	0.86026
4053	0.85764
4054	0.98091
4055	0.97926
4056	0.98384
4057	0.98261
4058	0.98734
4059	0.98593
4060	1.0729
4061	1.0752
4062	0.4877
4063	0.48497
4064	0.99909
4065	0.87812
4066	0.87555
4067	0.87215
4068	1.0395
4069	0.95527
4070	0.82271
4071	0.82543
4072	0.82047
4073	0.82306
4074	0.81729
4075	0.82057
4076	0.41
4077	0.41568
4078	1.1793
4079	1.1764
4080	1.1782
4081	1.1824
4082	1.1814
4083	1.0547
4084	1.0531
4085	1.0522
4086	1.0561
4087	1.0537
4088	1.0575
4089	1.0552
4090	1.059
4091	1.0568
4092	1.0605
4093	1.0584
4094	1.0621
4095	1.06
4096	1.0637
4097	1.0616
4098	1.0653
4099	1.0632
4100	1.067
4101	1.0649
4102	1.0687
4103	1.0666
4104	1.0705
4105	1.0684
4106	1.0723
4107	1.0702
4108	1.0742
4109	1.0721
4110	1.076
4111	1.0739
4112	1.078
4113	1.0758
4114	1.0799
4115	1.0777
4116	1.0819
4117	1.0797
4118	1.0839
4119	1.0818
4120	1.086
4121	1.0839
4122	1.0881
4123	1.086
4124	1.0902
4125	1.088
4126	1.0924
4127	1.0901
4128	1.0945
4129	1.0923
4130	1.0968
4131	1.0945
4132	1.099
4133	1.0968
4134	1.1013
4135	1.0991
4136	1.1036
4137	1.1014
4138	1.1059
4139	1.1038
4140	1.1083
4141	1.1062
4142	1.1107
4143	1.1087
4144	1.1131
4145	1.1111
4146	1.1155
4147	1.1135
4148	1.118
4149	1.116
4150	1.1204
4151	1.1185
4152	1.1229
4153	1.121
4154	1.1255
4155	1.1235
4156	1.128
4157	1.126
4158	1.1306
4159	1.1286
4160	1.1332
4161	1.1312
4162	1.1358
4163	1.1338
4164	1.1384
4165	1.1364
4166	1.141
4167	1.1391
4168	1.1437
4169	1.1418
4170	1.1463
4171	1.1445
4172	1.149
4173	1.1472
4174	1.1517
4175	1.1499
4176	1.1544
4177	1.1526
4178	1.1571
4179	1.1553
4180	1.1599
4181	1.1581
4182	1.1626
4183	1.1609
4184	1.1653
4185	1.1637
4186	1.1681
4187	1.1665
4188	1.1709
4189	1.1694
4190	1.1736
4191	1.1723
4192	1.1753
4193	1.0029
4194	1.0014
4195	1.0004
4196	1.0514
4197	1.0504
4198	1.0495
4199	1.0483
4200	1.0475
4201	1.0462
4202	1.0454
4203	1.044
4204	1.0433
4205	1.0421
4206	1.0411
4207	1.0397
4208	1.039
4209	1.0377
4210	1.0368
4211	1.0353
4212	1.0347
4213	1.0333
4214	1.0326
4215	1.0311
4216	1.0304
4217	1.0291
4218	1.0283
4219	1.0272
4220	1.0262
4221	1.0254
4222	1.0241
4223	1.0235
4224	1.0221
4225	1.0213
4226	1.02
4227	1.0192
4228	1.0179
4229	1.017
4230	1.0159
4231	1.0149
4232	1.0138
4233	1.0129
4234	1.0118
4235	1.0108
4236	1.0098
4237	1.0088
4238	1.0079
4239	1.0068
4240	1.0062
4241	1.0048
4242	1.0045
4243	1.0034
4244	1.0019
4245	0.94595
4246	0.94416
4247	1.0001
4248	0.99909
4249	0.99876
4250	0.99778
4251	0.99746
4252	0.99646
4253	0.99616
4254	0.99516
4255	0.99487
4256	0.9939
4257	0.99358
4258	0.99268
4259	0.9923
4260	0.9914
4261	0.99102
4262	0.99006
4263	0.98975
4264	0.98872
4265	0.98849
4266	0.9874
4267	0.98723
4268	0.98609
4269	0.98597
4270	0.98489
4271	0.98472
4272	0.98377
4273	0.98348
4274	0.9826
4275	0.98224
4276	0.98135
4277	0.98101
4278	0.98009
4279	0.97979
4280	0.97882
4281	0.97857
4282	0.97755
4283	0.97736
4284	0.97629
4285	0.97616
4286	0.97504
4287	0.97496
4288	0.97379
4289	0.97378
4290	0.97254
4291	0.9726
4292	0.97123
4293	0.97142
4294	0.97004
4295	0.97026
4296	0.96892
4297	0.96911
4298	0.96782
4299	0.96796
4300	0.96674
4301	0.96683
4302	0.96562
4303	0.9657
4304	0.96448
4305	0.96459
4306	0.96333
4307	0.96348
4308	0.96224
4309	0.96239
4310	0.96114
4311	0.96131
4312	0.96008
4313	0.96023
4314	0.95903
4315	0.95918
4316	0.95796
4317	0.95813
4318	0.95686
4319	0.9571
4320	0.95583
4321	0.95608
4322	0.95484
4323	0.95508
4324	0.95382
4325	0.95409
4326	0.95279
4327	0.95312
4328	0.95207
4329	0.95217
4330	0.95097
4331	0.95123
4332	0.95
4333	0.95031
4334	0.94904
4335	0.94941
4336	0.94805
4337	0.94853
4338	0.94707
4339	0.94765
4340	0.94609
4341	0.9468
4342	0.9452
4343	0.94454
4344	0.81428
4345	0.81115
4346	0.81159
4347	0.81688
4348	0.81442
4349	0.81948
4350	0.81716
4351	0.82208
4352	0.81977
4353	0.82468
4354	0.82242
4355	0.82728
4356	0.82505
4357	0.82989
4358	0.82766
4359	0.8325
4360	0.83026
4361	0.83511
4362	0.83287
4363	0.83773
4364	0.83547
4365	0.84035
4366	0.83812
4367	0.84296
4368	0.84078
4369	0.84559
4370	0.84343
4371	0.84821
4372	0.84607
4373	0.85083
4374	0.84867
4375	0.85346
4376	0.85126
4377	0.85609
4378	0.85387
4379	0.85872
4380	0.85652
4381	0.86136
4382	0.85917
4383	0.86399
4384	0.8618
4385	0.86663
4386	0.86447
4387	0.86927
4388	0.86709
4389	0.87191
4390	0.86968
4391	0.87455
4392	0.87235
4393	0.8772
4394	0.87503
4395	0.87985
4396	0.87766
4397	0.8825
4398	0.88025
4399	0.88515
4400	0.88292
4401	0.8878
4402	0.88558
4403	0.89046
4404	0.88821
4405	0.89312
4406	0.89092
4407	0.89578
4408	0.89356
4409	0.89844
4410	0.89625
4411	0.9011
4412	0.89886
4413	0.90377
4414	0.90155
4415	0.90644
4416	0.90426
4417	0.90911
4418	0.90694
4419	0.91178
4420	0.9096
4421	0.91445
4422	0.91229
4423	0.91713
4424	0.91502
4425	0.91981
4426	0.91774
4427	0.92249
4428	0.92044
4429	0.92518
4430	0.92304
4431	0.92788
4432	0.92581
4433	0.93057
4434	0.92846
4435	0.93328
4436	0.93114
4437	0.93599
4438	0.93388
4439	0.9387
4440	0.93668
4441	0.94143
4442	0.93942
4443	0.94275
4444	0.43118
4445	0.42859
4446	0.43123
4447	0.42868
4448	0.43133
4449	0.42867
4450	0.43148
4451	0.42901
4452	0.43168
4453	0.42894
4454	0.43193
4455	0.42936
4456	0.43223
4457	0.42947
4458	0.43258
4459	0.42981
4460	0.43297
4461	0.43014
4462	0.43342
4463	0.43068
4464	0.43391
4465	0.43112
4466	0.43446
4467	0.43183
4468	0.43505
4469	0.43216
4470	0.43569
4471	0.4329
4472	0.43638
4473	0.43338
4474	0.43712
4475	0.43438
4476	0.4379
4477	0.43505
4478	0.43874
4479	0.43577
4480	0.43962
4481	0.43659
4482	0.44054
4483	0.43757
4484	0.44152
4485	0.43863
4486	0.44254
4487	0.43942
4488	0.4436
4489	0.44051
4490	0.44472
4491	0.44187
4492	0.44587
4493	0.44303
4494	0.44708
4495	0.44417
4496	0.44832
4497	0.44524
4498	0.44961
4499	0.44646
4500	0.45095
4501	0.44773
4502	0.45233
4503	0.44897
4504	0.45375
4505	0.45069
4506	0.45522
4507	0.45212
4508	0.45672
4509	0.45374
4510	0.45827
4511	0.45537
4512	0.45986
4513	0.45699
4514	0.4615
4515	0.45835
4516	0.46317
4517	0.45994
4518	0.46488
4519	0.46186
4520	0.46663
4521	0.46343
4522	0.46843
4523	0.46525
4524	0.47026
4525	0.46725
4526	0.47213
4527	0.46923
4528	0.47403
4529	0.47093
4530	0.47598
4531	0.47256
4532	0.47796
4533	0.47451
4534	0.47998
4535	0.47667
4536	0.48203
4537	0.47856
4538	0.48412
4539	0.48065
4540	0.48625
4541	0.48278
4542	0.48841
4543	0.48499
4544	0.4906
4545	0.48725
4546	0.49283
4547	0.48959
4548	0.4951
4549	0.492
4550	0.49739
4551	0.49435
4552	0.49972
4553	0.4967
4554	0.50208
4555	0.49909
4556	0.50447
4557	0.50109
4558	0.50689
4559	0.5033
4560	0.50934
4561	0.50585
4562	0.51183
4563	0.50844
4564	0.51434
4565	0.51083
4566	0.51688
4567	0.51336
4568	0.51946
4569	0.51607
4570	0.52206
4571	0.51871
4572	0.52468
4573	0.52146
4574	0.52734
4575	0.52421
4576	0.53002
4577	0.52694
4578	0.53273
4579	0.52966
4580	0.53547
4581	0.53242
4582	0.53823
4583	0.53519
4584	0.54102
4585	0.53797
4586	0.54384
4587	0.54076
4588	0.54668
4589	0.54355
4590	0.54954
4591	0.5463
4592	0.55243
4593	0.54915
4594	0.55534
4595	0.55205
4596	0.55827
4597	0.55498
4598	0.56123
4599	0.55777
4600	0.56421
4601	0.56059
4602	0.56722
4603	0.56354
4604	0.57024
4605	0.56681
4606	0.57329
4607	0.5699
4608	0.57635
4609	0.57302
4610	0.57944
4611	0.57618
4612	0.58255
4613	0.57937
4614	0.58568
4615	0.5825
4616	0.58883
4617	0.58564
4618	0.592
4619	0.58881
4620	0.59519
4621	0.59177
4622	0.5984
4623	0.5951
4624	0.60163
4625	0.59823
4626	0.60487
4627	0.60143
4628	0.60813
4629	0.60474
4630	0.61141
4631	0.60811
4632	0.61471
4633	0.61135
4634	0.61803
4635	0.61467
4636	0.62136
4637	0.61799
4638	0.62471
4639	0.62142
4640	0.62808
4641	0.62465
4642	0.63146
4643	0.62805
4644	0.63486
4645	0.63156
4646	0.63827
4647	0.63488
4648	0.6417
4649	0.6383
4650	0.64514
4651	0.64161
4652	0.6486
4653	0.64519
4654	0.65207
4655	0.64871
4656	0.65556
4657	0.65211
4658	0.65906
4659	0.65554
4660	0.66258
4661	0.65916
4662	0.66611
4663	0.66266
4664	0.66965
4665	0.66627
4666	0.67321
4667	0.66985
4668	0.67678
4669	0.67331
4670	0.68036
4671	0.67711
4672	0.68395
4673	0.68086
4674	0.68756
4675	0.68419
4676	0.69118
4677	0.68773
4678	0.69481
4679	0.69135
4680	0.69845
4681	0.69506
4682	0.7021
4683	0.69886
4684	0.70577
4685	0.70243
4686	0.70944
4687	0.70608
4688	0.71313
4689	0.70971
4690	0.71682
4691	0.71351
4692	0.72053
4693	0.71727
4694	0.72425
4695	0.72101
4696	0.72797
4697	0.72478
4698	0.73171
4699	0.72848
4700	0.73545
4701	0.73221
4702	0.73921
4703	0.73588
4704	0.74297
4705	0.73979
4706	0.74675
4707	0.74362
4708	0.75053
4709	0.7474
4710	0.75432
4711	0.75117
4712	0.75812
4713	0.75494
4714	0.76192
4715	0.75861
4716	0.76574
4717	0.76241
4718	0.76956
4719	0.76627
4720	0.77339
4721	0.77023
4722	0.77723
4723	0.77399
4724	0.78107
4725	0.77778
4726	0.78492
4727	0.78152
4728	0.78878
4729	0.7855
4730	0.79265
4731	0.78937
4732	0.79649
4733	0.79314
4734	0.80023
4735	0.79666
4736	0.80387
4737	0.80057
4738	0.80749
4739	0.80439
4740	0.80803
4741	0.39709
4742	0.3947
4743	0.42326
4744	0.42607
4745	0.41769
4746	0.42072
4747	0.41208
4748	0.41526
4749	0.40679
4750	0.40965
4751	0.40188
4752	0.40458
4753	0.39973
4754	0.79222
4755	0.79495
4756	0.79482
4757	0.39476
4758	0.39736
4759	0.39486
4760	0.39744
4761	0.39502
4762	0.3978
4763	0.39524
4764	0.39771
4765	0.3955
4766	0.39794
4767	0.39582
4768	0.39829
4769	0.3962
4770	0.39868
4771	0.39662
4772	0.39903
4773	0.3971
4774	0.39948
4775	0.39763
4776	0.39994
4777	0.39822
4778	0.40023
4779	0.39885
4780	0.40132
4781	0.39954
4782	0.40189
4783	0.40028
4784	0.40236
4785	0.40107
4786	0.40278
4787	0.40191
4788	0.40376
4789	0.4028
4790	0.40462
4791	0.40375
4792	0.40593
4793	0.40474
4794	0.40691
4795	0.40578
4796	0.40787
4797	0.40687
4798	0.40885
4799	0.40801
4800	0.41007
4801	0.4092
4802	0.41119
4803	0.41044
4804	0.41246
4805	0.41172
4806	0.41377
4807	0.41305
4808	0.41488
4809	0.41443
4810	0.41626
4811	0.41586
4812	0.4175
4813	0.41733
4814	0.41904
4815	0.41884
4816	0.42077
4817	0.4204
4818	0.42221
4819	0.42201
4820	0.42371
4821	0.42365
4822	0.4248
4823	0.42535
4824	0.4267
4825	0.42708
4826	0.42856
4827	0.42886
4828	0.43044
4829	0.43068
4830	0.43227
4831	0.43254
4832	0.43398
4833	0.43444
4834	0.43593
4835	0.43638
4836	0.43757
4837	0.43836
4838	0.43959
4839	0.44038
4840	0.4416
4841	0.44244
4842	0.4435
4843	0.44453
4844	0.44579
4845	0.44666
4846	0.44786
4847	0.44884
4848	0.45012
4849	0.45104
4850	0.45228
4851	0.45329
4852	0.45435
4853	0.45556
4854	0.45665
4855	0.45788
4856	0.45925
4857	0.46022
4858	0.46135
4859	0.46261
4860	0.46364
4861	0.46502
4862	0.46585
4863	0.46747
4864	0.46827
4865	0.46995
4866	0.47082
4867	0.47246
4868	0.47353
4869	0.475
4870	0.47596
4871	0.47758
4872	0.47854
4873	0.48018
4874	0.48113
4875	0.48281
4876	0.48374
4877	0.48548
4878	0.48637
4879	0.48817
4880	0.48922
4881	0.49089
4882	0.49191
4883	0.49364
4884	0.49441
4885	0.49641
4886	0.49696
4887	0.49922
4888	0.49976
4889	0.50205
4890	0.50255
4891	0.5049
4892	0.50539
4893	0.50778
4894	0.50827
4895	0.51069
4896	0.51119
4897	0.51362
4898	0.5142
4899	0.51658
4900	0.51701
4901	0.51956
4902	0.51996
4903	0.52256
4904	0.5229
4905	0.52559
4906	0.5259
4907	0.52864
4908	0.52901
4909	0.53171
4910	0.53226
4911	0.5348
4912	0.53541
4913	0.53792
4914	0.5383
4915	0.54105
4916	0.54153
4917	0.54421
4918	0.54463
4919	0.54739
4920	0.548
4921	0.55059
4922	0.55087
4923	0.5538
4924	0.55417
4925	0.55704
4926	0.55737
4927	0.5603
4928	0.56075
4929	0.56357
4930	0.56384
4931	0.56687
4932	0.56719
4933	0.57018
4934	0.57033
4935	0.57351
4936	0.57379
4937	0.57686
4938	0.57699
4939	0.58022
4940	0.58034
4941	0.5836
4942	0.58382
4943	0.587
4944	0.58703
4945	0.59041
4946	0.5906
4947	0.59384
4948	0.59395
4949	0.59729
4950	0.5974
4951	0.60075
4952	0.6009
4953	0.60423
4954	0.60428
4955	0.60772
4956	0.60779
4957	0.61122
4958	0.61127
4959	0.61474
4960	0.61479
4961	0.61827
4962	0.61829
4963	0.62182
4964	0.62196
4965	0.62538
4966	0.62533
4967	0.62896
4968	0.62902
4969	0.63254
4970	0.63243
4971	0.63614
4972	0.63614
4973	0.63975
4974	0.63966
4975	0.64338
4976	0.6433
4977	0.64701
4978	0.64692
4979	0.65066
4980	0.65056
4981	0.65432
4982	0.6541
4983	0.65799
4984	0.65788
4985	0.66167
4986	0.66146
4987	0.66536
4988	0.66506
4989	0.66906
4990	0.66872
4991	0.67277
4992	0.67255
4993	0.67649
4994	0.6762
4995	0.68022
4996	0.68021
4997	0.68396
4998	0.68368
4999	0.68771
5000	0.68759
5001	0.69147
5002	0.69115
5003	0.69523
5004	0.69501
5005	0.69901
5006	0.69886
5007	0.70279
5008	0.70242
5009	0.70659
5010	0.70622
5011	0.71038
5012	0.71005
5013	0.71419
5014	0.71398
5015	0.71801
5016	0.71767
5017	0.72183
5018	0.72153
5019	0.72566
5020	0.72545
5021	0.72949
5022	0.72923
5023	0.73333
5024	0.73308
5025	0.73718
5026	0.73689
5027	0.74104
5028	0.74088
5029	0.7449
5030	0.74465
5031	0.74877
5032	0.7486
5033	0.75264
5034	0.75243
5035	0.75652
5036	0.75638
5037	0.76041
5038	0.76005
5039	0.7643
5040	0.76397
5041	0.76819
5042	0.76764
5043	0.77209
5044	0.77146
5045	0.77598
5046	0.77536
5047	0.77977
5048	0.77919
5049	0.7833
5050	0.78294
5051	0.78647
5052	0.78646
5053	0.78939
5054	0.78943
5055	0.79222
5056	0.9136
5057	0.91555
5058	0.91595
5059	0.79758
5060	0.7973
5061	0.8002
5062	0.79991
5063	0.80283
5064	0.80248
5065	0.80546
5066	0.80516
5067	0.8081
5068	0.80782
5069	0.81073
5070	0.81046
5071	0.81337
5072	0.81306
5073	0.81601
5074	0.81562
5075	0.81866
5076	0.8182
5077	0.8213
5078	0.82083
5079	0.82395
5080	0.8235
5081	0.8266
5082	0.82614
5083	0.82926
5084	0.82877
5085	0.83192
5086	0.83147
5087	0.83458
5088	0.83414
5089	0.83724
5090	0.83679
5091	0.83991
5092	0.83945
5093	0.84258
5094	0.84208
5095	0.84525
5096	0.84478
5097	0.84793
5098	0.84745
5099	0.85061
5100	0.85012
5101	0.85329
5102	0.85281
5103	0.85598
5104	0.85551
5105	0.85867
5106	0.85823
5107	0.86136
5108	0.86095
5109	0.86406
5110	0.86365
5111	0.86677
5112	0.86631
5113	0.86948
5114	0.86898
5115	0.87219
5116	0.87169
5117	0.87491
5118	0.87443
5119	0.87763
5120	0.87717
5121	0.88036
5122	0.87991
5123	0.8831
5124	0.88267
5125	0.88584
5126	0.88543
5127	0.88858
5128	0.88817
5129	0.89133
5130	0.89089
5131	0.89409
5132	0.8936
5133	0.89685
5134	0.8963
5135	0.89962
5136	0.89906
5137	0.9024
5138	0.90187
5139	0.90518
5140	0.90472
5141	0.90798
5142	0.9076
5143	0.91078
5144	0.91046
5145	0.91327
5146	0.9684
5147	0.96998
5148	0.97103
5149	0.96707
5150	0.96952
5151	0.96574
5152	0.9681
5153	0.96442
5154	0.96673
5155	0.9631
5156	0.96543
5157	0.96178
5158	0.9641
5159	0.96047
5160	0.96278
5161	0.95916
5162	0.96144
5163	0.95786
5164	0.9601
5165	0.95657
5166	0.95879
5167	0.95527
5168	0.95754
5169	0.95399
5170	0.95637
5171	0.9527
5172	0.95514
5173	0.95143
5174	0.95388
5175	0.95016
5176	0.95254
5177	0.94889
5178	0.95124
5179	0.94763
5180	0.94993
5181	0.94638
5182	0.94866
5183	0.94513
5184	0.94742
5185	0.94389
5186	0.9463
5187	0.94265
5188	0.94513
5189	0.94142
5190	0.9439
5191	0.9402
5192	0.94265
5193	0.93898
5194	0.9414
5195	0.93777
5196	0.94014
5197	0.93657
5198	0.9389
5199	0.93538
5200	0.93761
5201	0.93419
5202	0.93639
5203	0.93302
5204	0.93526
5205	0.93185
5206	0.9342
5207	0.93069
5208	0.9331
5209	0.92954
5210	0.93191
5211	0.9284
5212	0.93064
5213	0.92727
5214	0.92944
5215	0.92615
5216	0.92833
5217	0.92504
5218	0.92732
5219	0.92394
5220	0.92616
5221	0.92286
5222	0.92507
5223	0.92178
5224	0.92404
5225	0.92072
5226	0.92303
5227	0.91967
5228	0.92198
5229	0.91863
5230	0.92087
5231	0.9176
5232	0.91975
5233	0.91658
5234	0.9186
5235	0.91737
5236	1.0213
5237	1.0228
5238	1.0236
5239	1.0197
5240	1.0221
5241	1.0178
5242	1.0206
5243	1.0158
5244	1.019
5245	1.0137
5246	1.0172
5247	1.0116
5248	1.0151
5249	1.0094
5250	1.013
5251	1.0072
5252	1.0107
5253	1.005
5254	1.0084
5255	1.0029
5256	1.0063
5257	1.0007
5258	1.0041
5259	0.9985
5260	1.002
5261	0.99634
5262	0.99974
5263	0.99419
5264	0.99761
5265	0.99205
5266	0.99528
5267	0.98993
5268	0.99321
5269	0.98781
5270	0.99102
5271	0.98571
5272	0.98888
5273	0.98361
5274	0.98678
5275	0.98153
5276	0.98471
5277	0.97946
5278	0.98265
5279	0.97743
5280	0.98064
5281	0.97549
5282	0.9786
5283	0.97363
5284	0.97688
5285	0.9718
5286	0.97482
5287	0.97284
5288	1.1735
5289	1.1761
5290	1.1751
5291	1.0242
5292	1.025
5293	1.0257
5294	1.0265
5295	1.0272
5296	1.0279
5297	1.0287
5298	1.0294
5299	1.0303
5300	1.0309
5301	1.0319
5302	1.0324
5303	1.0335
5304	1.034
5305	1.0352
5306	1.0357
5307	1.0369
5308	1.0373
5309	1.0386
5310	1.0391
5311	1.0404
5312	1.0408
5313	1.0422
5314	1.0426
5315	1.044
5316	1.0444
5317	1.0459
5318	1.0462
5319	1.0478
5320	1.0481
5321	1.0497
5322	1.05
5323	1.0517
5324	1.052
5325	1.0537
5326	1.0539
5327	1.0557
5328	1.0559
5329	1.0577
5330	1.0579
5331	1.0598
5332	1.06
5333	1.0619
5334	1.0621
5335	1.064
5336	1.0642
5337	1.0662
5338	1.0663
5339	1.0684
5340	1.0684
5341	1.0706
5342	1.0705
5343	1.0728
5344	1.0727
5345	1.0751
5346	1.075
5347	1.0774
5348	1.0772
5349	1.0797
5350	1.0795
5351	1.082
5352	1.0819
5353	1.0844
5354	1.0842
5355	1.0867
5356	1.0866
5357	1.0891
5358	1.0889
5359	1.0916
5360	1.0913
5361	1.094
5362	1.0937
5363	1.0965
5364	1.0962
5365	1.0989
5366	1.0986
5367	1.1014
5368	1.101
5369	1.1039
5370	1.1035
5371	1.1065
5372	1.106
5373	1.109
5374	1.1086
5375	1.1116
5376	1.1111
5377	1.1142
5378	1.1136
5379	1.1168
5380	1.1161
5381	1.1194
5382	1.1187
5383	1.122
5384	1.1213
5385	1.1246
5386	1.124
5387	1.1273
5388	1.1266
5389	1.1299
5390	1.1292
5391	1.1326
5392	1.1317
5393	1.1353
5394	1.1345
5395	1.1379
5396	1.1371
5397	1.1406
5398	1.1396
5399	1.1433
5400	1.1423
5401	1.1461
5402	1.145
5403	1.1488
5404	1.1477
5405	1.1515
5406	1.1505
5407	1.1542
5408	1.1532
5409	1.157
5410	1.1559
5411	1.1597
5412	1.1586
5413	1.1625
5414	1.1614
5415	1.1652
5416	1.1641
5417	1.168
5418	1.1669
5419	1.1707
5420	1.1696
5421	1.1724
5422	1.1837
5423	1.1866
5424	1.1853
5425	1.1786
5426	1.1776
5427	1.1812
5428	1.18
5429	1.1826
5430	1.7027
5431	1.7051
5432	1.1899
5433	1.1885
5434	1.1937
5435	1.192
5436	1.1977
5437	1.1958
5438	1.2019
5439	1.1999
5440	1.2062
5441	1.2043
5442	1.2107
5443	1.2085
5444	1.2152
5445	1.2129
5446	1.2197
5447	1.2174
5448	1.2242
5449	1.2218
5450	1.2287
5451	1.2265
5452	1.2332
5453	1.2308
5454	1.2378
5455	1.2353
5456	1.2423
5457	1.2398
5458	1.2469
5459	1.2444
5460	1.2514
5461	1.2489
5462	1.2559
5463	1.2535
5464	1.2605
5465	1.2581
5466	1.265
5467	1.2626
5468	1.2696
5469	1.2671
5470	1.2741
5471	1.2717
5472	1.2787
5473	1.2762
5474	1.2832
5475	1.2808
5476	1.2877
5477	1.2854
5478	1.2923
5479	1.2899
5480	1.2968
5481	1.2944
5482	1.3013
5483	1.2989
5484	1.3059
5485	1.3034
5486	1.3104
5487	1.308
5488	1.315
5489	1.3125
5490	1.3195
5491	1.3171
5492	1.324
5493	1.3216
5494	1.3286
5495	1.3261
5496	1.3331
5497	1.3307
5498	1.3376
5499	1.3353
5500	1.3422
5501	1.3397
5502	1.3467
5503	1.3442
5504	1.3512
5505	1.3487
5506	1.3558
5507	1.3533
5508	1.3603
5509	1.3579
5510	1.3648
5511	1.3625
5512	1.3693
5513	1.3669
5514	1.3739
5515	1.3714
5516	1.3784
5517	1.3759
5518	1.3829
5519	1.3805
5520	1.3875
5521	1.385
5522	1.392
5523	1.3895
5524	1.3965
5525	1.394
5526	1.401
5527	1.3985
5528	1.4056
5529	1.4031
5530	1.4101
5531	1.4076
5532	1.4146
5533	1.4122
5534	1.4191
5535	1.4167
5536	1.4237
5537	1.4213
5538	1.4282
5539	1.4257
5540	1.4327
5541	1.4302
5542	1.4372
5543	1.4348
5544	1.4417
5545	1.4396
5546	1.4463
5547	1.4441
5548	1.4508
5549	1.4485
5550	1.4553
5551	1.453
5552	1.4598
5553	1.4574
5554	1.4644
5555	1.4619
5556	1.4689
5557	1.4664
5558	1.4734
5559	1.4708
5560	1.4779
5561	1.4753
5562	1.4824
5563	1.48
5564	1.487
5565	1.4845
5566	1.4915
5567	1.4891
5568	1.496
5569	1.4936
5570	1.5005
5571	1.4982
5572	1.505
5573	1.5027
5574	1.5096
5575	1.5073
5576	1.5141
5577	1.5118
5578	1.5186
5579	1.5162
5580	1.5231
5581	1.5206
5582	1.5276
5583	1.5253
5584	1.5322
5585	1.5298
5586	1.5367
5587	1.5343
5588	1.5412
5589	1.5388
5590	1.5457
5591	1.5433
5592	1.5503
5593	1.5478
5594	1.5548
5595	1.5524
5596	1.5593
5597	1.5569
5598	1.5638
5599	1.5614
5600	1.5683
5601	1.5659
5602	1.5729
5603	1.5704
5604	1.5774
5605	1.5749
5606	1.5819
5607	1.5794
5608	1.5864
5609	1.5839
5610	1.591
5611	1.5885
5612	1.5955
5613	1.593
5614	1.6
5615	1.5976
5616	1.6045
5617	1.6022
5618	1.609
5619	1.6068
5620	1.6136
5621	1.6112
5622	1.6181
5623	1.6159
5624	1.6226
5625	1.6204
5626	1.6271
5627	1.6248
5628	1.6316
5629	1.6293
5630	1.6362
5631	1.6338
5632	1.6407
5633	1.6383
5634	1.6452
5635	1.6428
5636	1.6497
5637	1.6473
5638	1.6542
5639	1.6519
5640	1.6588
5641	1.6567
5642	1.6633
5643	1.661
5644	1.6678
5645	1.6655
5646	1.6723
5647	1.6699
5648	1.6769
5649	1.6745
5650	1.6814
5651	1.679
5652	1.6859
5653	1.6835
5654	1.6903
5655	1.688
5656	1.6946
5657	1.6924
5658	1.6987
5659	1.6967
5660	1.7009
5661	1.7105
5662	1.7089
5663	1.7059
5664	1.7033
5665	1.7068
5666	1.704
5667	1.7078
5668	1.7048
5669	1.7087
5670	1.7053
5671	1.7096
5672	1.7067
5673	1.7073
5674	1.1859
5675	1.1848
5676	1.1897
5677	1.1883
5678	1.1939
5679	1.1923
5680	1.1981
5681	1.1965
5682	1.2026
5683	1.2007
5684	1.207
5685	1.2049
5686	1.2116
5687	1.2095
5688	1.2161
5689	1.2141
5690	1.2207
5691	1.2186
5692	1.2253
5693	1.2233
5694	1.2298
5695	1.228
5696	1.2344
5697	1.2325
5698	1.2389
5699	1.237
5700	1.2435
5701	1.2415
5702	1.248
5703	1.246
5704	1.2526
5705	1.2506
5706	1.2571
5707	1.2552
5708	1.2617
5709	1.2597
5710	1.2662
5711	1.2643
5712	1.2708
5713	1.2688
5714	1.2753
5715	1.2733
5716	1.2798
5717	1.2778
5718	1.2844
5719	1.2824
5720	1.2889
5721	1.2869
5722	1.2934
5723	1.2915
5724	1.298
5725	1.2961
5726	1.3025
5727	1.3007
5728	1.307
5729	1.3052
5730	1.3116
5731	1.3097
5732	1.3161
5733	1.3142
5734	1.3206
5735	1.3187
5736	1.3252
5737	1.3232
5738	1.3297
5739	1.3277
5740	1.3342
5741	1.3321
5742	1.3388
5743	1.3368
5744	1.3433
5745	1.3414
5746	1.3478
5747	1.3459
5748	1.3524
5749	1.3504
5750	1.3569
5751	1.3548
5752	1.3614
5753	1.3593
5754	1.366
5755	1.364
5756	1.3705
5757	1.3686
5758	1.375
5759	1.3731
5760	1.3796
5761	1.3776
5762	1.3841
5763	1.3822
5764	1.3886
5765	1.3867
5766	1.3932
5767	1.3912
5768	1.3977
5769	1.3956
5770	1.4023
5771	1.4002
5772	1.4068
5773	1.4048
5774	1.4113
5775	1.4094
5776	1.4159
5777	1.4139
5778	1.4204
5779	1.4184
5780	1.4249
5781	1.423
5782	1.4295
5783	1.4275
5784	1.434
5785	1.432
5786	1.4385
5787	1.4364
5788	1.4431
5789	1.4409
5790	1.4476
5791	1.4456
5792	1.4521
5793	1.4501
5794	1.4567
5795	1.4547
5796	1.4612
5797	1.4592
5798	1.4657
5799	1.4638
5800	1.4703
5801	1.4682
5802	1.4748
5803	1.4726
5804	1.4793
5805	1.4773
5806	1.4838
5807	1.4819
5808	1.4884
5809	1.4864
5810	1.4929
5811	1.4908
5812	1.4974
5813	1.4953
5814	1.502
5815	1.5
5816	1.5065
5817	1.5045
5818	1.511
5819	1.5089
5820	1.5156
5821	1.5133
5822	1.5201
5823	1.5179
5824	1.5246
5825	1.5225
5826	1.5291
5827	1.527
5828	1.5337
5829	1.5315
5830	1.5382
5831	1.5361
5832	1.5427
5833	1.5407
5834	1.5473
5835	1.5453
5836	1.5518
5837	1.55
5838	1.5563
5839	1.5543
5840	1.5609
5841	1.5589
5842	1.5654
5843	1.5634
5844	1.5699
5845	1.568
5846	1.5744
5847	1.5725
5848	1.579
5849	1.577
5850	1.5835
5851	1.5816
5852	1.588
5853	1.5861
5854	1.5926
5855	1.5907
5856	1.5971
5857	1.5952
5858	1.6016
5859	1.5997
5860	1.6061
5861	1.6041
5862	1.6107
5863	1.6087
5864	1.6152
5865	1.6132
5866	1.6197
5867	1.6178
5868	1.6242
5869	1.6223
5870	1.6287
5871	1.6268
5872	1.6333
5873	1.6313
5874	1.6378
5875	1.6359
5876	1.6423
5877	1.6404
5878	1.6468
5879	1.645
5880	1.6514
5881	1.6495
5882	1.6559
5883	1.654
5884	1.6604
5885	1.6585
5886	1.6649
5887	1.663
5888	1.6694
5889	1.6675
5890	1.674
5891	1.672
5892	1.6785
5893	1.6764
5894	1.683
5895	1.6808
5896	1.6875
5897	1.6852
5898	1.6921
5899	1.6899
5900	1.6965
5901	1.6946
5902	1.7007
5903	1.699
5904	1.7048
5905	1.7037
5906	1.7058
5907	0.95482
5908	0.95544
5909	0.95734
5910	0.95408
5911	0.8676
5912	0.87017
5913	0.86779
5914	0.86985
5915	0.88418
5916	0.88638
5917	0.88442
5918	0.88684
5919	0.88154
5920	0.88186
5921	0.88381
5922	0.96763
5923	0.96794
5924	0.96967
5925	0.97021
5926	0.98571
5927	0.98413
5928	0.9871
5929	0.98469
5930	1.0463
5931	1.0457
5932	1.0443
5933	1.0436
5934	1.0465
5935	1.0443
5936	1.0464
5937	1.0444
5938	1.0558
5939	1.0532
5940	1.056
5941	1.0538
5942	1.0579
5943	1.0599
5944	1.0604
5945	1.0574
5946	1.0582
5947	1.0554
5948	1.1231
5949	1.1238
5950	1.1259
5951	1.1253
5952	1.1208
5953	1.1225
5954	1.1203
5955	1.1332
5956	1.1346
5957	1.1361
5958	1.1324
5959	1.1425
5960	1.1394
5961	1.1395
5962	1.1424
5963	1.1627
5964	1.1662
5965	1.1646
5966	1.1642
5967	1.1609
5968	1.1595
5969	1.1612
5970	1.1697
5971	1.1735
5972	1.1716
5973	1.1713
5974	1.1677
5975	1.1681
5976	1.1775
5977	1.1793
5978	1.1816
5979	1.1789
5980	1.1811
5981	1.1754
5982	1.175
5983	0.81227
5984	0.81557
5985	0.81224
5986	0.81555
5987	0.82771
5988	0.82815
5989	0.82543
5990	0.8252
5991	0.83392
5992	0.83134
5993	0.83212
5994	0.83465
5995	0.84971
5996	0.84722
5997	0.84833
5998	0.85035
5999	0.86055
6000	0.86136
6001	0.85917
6002	0.85852
6003	0.86642
6004	0.86455
6005	0.86534
6006	0.86774
6007	0.86878
6008	0.8715
6009	0.86925
6010	0.87116
6011	0.87393
6012	0.87584
6013	0.87627
6014	0.87359
6015	0.88111
6016	0.87885
6017	0.87915
6018	0.89028
6019	0.89205
6020	0.89282
6021	0.8897
6022	0.93821
6023	0.93788
6024	0.94117
6025	0.94009
6026	0.94031
6027	0.94372
6028	0.94136
6029	0.94263
6030	0.96166
6031	0.9613
6032	0.96373
6033	0.96401
6034	0.96541
6035	0.96765
6036	0.96564
6037	0.97448
6038	0.97119
6039	0.97204
6040	0.97516
6041	0.97285
6042	0.97652
6043	0.9741
6044	0.97735
6045	0.9758
6046	0.97812
6047	0.97918
6048	0.97871
6049	0.98189
6050	0.97954
6051	0.98085
6052	1.036
6053	1.0361
6054	1.0383
6055	1.0386
6056	1.0486
6057	1.0486
6058	1.0509
6059	1.0485
6060	1.0506
6061	1.0609
6062	1.0608
6063	1.0585
6064	1.0925
6065	1.0903
6066	1.0924
6067	1.0902
6068	1.0948
6069	1.0926
6070	1.0946
6071	1.0972
6072	1.0949
6073	1.0971
6074	1.1128
6075	1.1146
6076	1.115
6077	1.1123
6078	1.1429
6079	1.1428
6080	1.1415
6081	1.1399
6082	1.1451
6083	1.1457
6084	1.1648
6085	1.1665
6086	1.1631
6087	1.1735
6088	1.1718
6089	1.17
6090	1.1772
6091	1.1755
6092	1.1791
6093	1.1807
6094	1.1848
6095	1.1823
6096	1.185
6097	0.91048
6098	0.90755
6099	0.90929
6100	0.90664
6101	0.9357
6102	0.93491
6103	0.93817
6104	0.93805
6105	0.80414
6106	0.80628
6107	0.80855
6108	0.80665
6109	0.94703
6110	0.9493
6111	0.94998
6112	0.94565
6113	0.94727
6114	1.0592
6115	1.0616
6116	1.0624
6117	1.0973
6118	1.0994
6119	1.0996
6120	1.155
6121	1.153
6122	1.1547
6123	1.1564
6124	0.87231
6125	0.87272
6126	0.87031
6127	0.88822
6128	0.88868
6129	0.88601
6130	0.95845
6131	0.9593
6132	0.96174
6133	0.96093
6134	1.0403
6135	1.0434
6136	1.0441
6137	1.042
6138	1.0408
6139	1.0682
6140	1.0658
6141	1.0654
6142	1.0678
6143	1.0717
6144	1.0741
6145	1.0721
6146	1.0741
6147	1.1426
6148	1.145
6149	1.1444
6150	0.91286
6151	0.9114
6152	0.91446
6153	0.93641
6154	0.93406
6155	0.93305
6156	0.42107
6157	0.4256
6158	0.4228
6159	0.4233
6160	0.8018
6161	0.79961
6162	0.80212
6163	0.8137
6164	0.81632
6165	0.81264
6166	0.81595
6167	0.81998
6168	0.81961
6169	0.82273
6170	0.8225
6171	0.82736
6172	0.8286
6173	0.82606
6174	0.82939
6175	0.82589
6176	0.83606
6177	0.83376
6178	0.8329
6179	0.83542
6180	0.83901
6181	0.83671
6182	0.83855
6183	0.84166
6184	0.83954
6185	0.8415
6186	0.84408
6187	0.84457
6188	0.84541
6189	0.84652
6190	0.84421
6191	0.84205
6192	0.84971
6193	0.84912
6194	0.85114
6195	0.85177
6196	0.8606
6197	0.86212
6198	0.86292
6199	0.85993
6200	0.86656
6201	0.86592
6202	0.86832
6203	0.87187
6204	0.87419
6205	0.88253
6206	0.88209
6207	0.88485
6208	0.89095
6209	0.8884
6210	0.88785
6211	0.89415
6212	0.89349
6213	0.89148
6214	0.89456
6215	0.89734
6216	0.89691
6217	0.90443
6218	0.90191
6219	0.90066
6220	0.90352
6221	0.90847
6222	0.90586
6223	0.9342
6224	0.93141
6225	0.93226
6226	0.93606
6227	0.93659
6228	0.93909
6229	0.93467
6230	0.93734
6231	0.93322
6232	0.93657
6233	0.93443
6234	0.93774
6235	0.93507
6236	0.93879
6237	0.93556
6238	0.937
6239	0.93915
6240	0.94683
6241	0.94333
6242	0.94463
6243	0.94521
6244	0.94717
6245	0.94507
6246	0.94474
6247	0.94945
6248	0.95241
6249	0.95167
6250	0.94912
6251	0.95108
6252	0.94861
6253	0.95135
6254	0.94689
6255	0.95294
6256	0.95372
6257	0.95048
6258	0.95546
6259	0.95208
6260	0.95453
6261	0.95753
6262	0.95499
6263	0.95602
6264	0.9564
6265	0.95908
6266	0.96001
6267	0.95956
6268	0.95752
6269	0.95706
6270	0.9592
6271	0.96163
6272	0.95936
6273	0.96347
6274	0.96114
6275	0.9637
6276	0.96572
6277	0.96778
6278	0.96944
6279	0.96521
6280	0.96274
6281	0.96859
6282	0.97062
6283	0.96637
6284	0.96893
6285	0.96694
6286	0.97059
6287	0.96991
6288	0.96775
6289	0.96731
6290	0.97166
6291	0.96932
6292	0.97337
6293	0.97103
6294	0.97496
6295	0.97645
6296	0.97406
6297	0.97728
6298	0.97259
6299	0.97767
6300	0.97546
6301	0.97657
6302	0.97981
6303	0.97871
6304	0.98779
6305	0.98395
6306	0.9843
6307	0.98704
6308	1.0344
6309	1.0324
6310	1.0348
6311	1.0352
6312	1.0326
6313	1.0372
6314	1.0348
6315	1.0341
6316	1.0377
6317	1.0387
6318	1.0369
6319	1.0398
6320	1.041
6321	1.0392
6322	1.042
6323	1.0413
6324	1.0377
6325	1.0405
6326	1.0423
6327	1.0402
6328	1.0424
6329	1.044
6330	1.0418
6331	1.0457
6332	1.0475
6333	1.0453
6334	1.0479
6335	1.0436
6336	1.0461
6337	1.0492
6338	1.047
6339	1.0496
6340	1.0509
6341	1.0488
6342	1.0515
6343	1.0528
6344	1.0504
6345	1.0525
6346	1.0549
6347	1.0579
6348	1.0562
6349	1.0568
6350	1.0638
6351	1.0612
6352	1.0603
6353	1.0642
6354	1.0638
6355	1.0668
6356	1.0663
6357	1.0721
6358	1.0693
6359	1.0689
6360	1.0716
6361	1.0748
6362	1.0723
6363	1.075
6364	1.0773
6365	1.0801
6366	1.0777
6367	1.0799
6368	1.0752
6369	1.0742
6370	1.0772
6371	1.0829
6372	1.0806
6373	1.0827
6374	1.0855
6375	1.0833
6376	1.0854
6377	1.0879
6378	1.0904
6379	1.0881
6380	1.0857
6381	1.0878
6382	1.0927
6383	1.0905
6384	1.095
6385	1.0928
6386	1.0951
6387	1.0974
6388	1.1048
6389	1.1023
6390	1.1046
6391	1.1022
6392	1.1057
6393	1.1076
6394	1.1047
6395	1.1072
6396	1.1132
6397	1.111
6398	1.1105
6399	1.1137
6400	1.1159
6401	1.1155
6402	1.1197
6403	1.1187
6404	1.1186
6405	1.1215
6406	1.1337
6407	1.1313
6408	1.1306
6409	1.1365
6410	1.1342
6411	1.1367
6412	1.1516
6413	1.1503
6414	1.1492
6415	1.1511
6416	1.1528
6417	1.1563
6418	1.1547
6419	1.1536
6420	1.1547
6421	1.1592
6422	1.1575
6423	1.1578
6424	1.1624
6425	1.1605
6426	1.1657
6427	1.1635
6428	1.1678
6429	1.1665
6430	1.1693
6431	1.1764
6432	1.1797
6433	1.1775
6434	1.1742
6435	1.1728
6436	1.2522
6437	1.2517
6438	1.2542
6439	1.2495
6440	0.41469
6441	0.41252
6442	0.4095
6443	0.41194
6444	0.41828
6445	0.41554
6446	0.41643
6447	0.42003
6448	0.41829
6449	0.41682
6450	0.43011
6451	0.42939
6452	0.42719
6453	0.43206
6454	0.44246
6455	0.44304
6456	0.43919
6457	0.44
6458	0.44553
6459	0.44189
6460	0.44564
6461	0.45548
6462	0.45159
6463	0.45231
6464	0.45589
6465	0.45389
6466	0.48067
6467	0.47777
6468	0.48133
6469	0.47911
6470	0.48304
6471	0.47978
6472	0.48333
6473	0.50341
6474	0.50101
6475	0.50423
6476	0.50011
6477	0.51145
6478	0.51165
6479	0.50953
6480	0.50838
6481	0.51099
6482	0.51436
6483	0.51407
6484	0.52249
6485	0.52266
6486	0.51926
6487	0.51957
6488	0.5255
6489	0.52561
6490	0.52221
6491	0.52871
6492	0.52525
6493	0.52864
6494	0.54031
6495	0.53704
6496	0.54101
6497	0.5376
6498	0.54265
6499	0.53959
6500	0.54352
6501	0.57743
6502	0.58111
6503	0.58109
6504	0.57763
6505	0.66927
6506	0.66544
6507	0.66541
6508	0.66929
6509	0.67288
6510	0.66904
6511	0.67309
6512	0.69679
6513	0.70004
6514	0.69623
6515	0.69899
6516	0.71943
6517	0.71882
6518	0.72262
6519	0.72172
6520	0.79852
6521	0.79753
6522	0.79552
6523	0.80005
6524	0.80826
6525	0.80426
6526	0.80674
6527	0.81053
6528	0.81222
6529	0.81079
6530	0.80883
6531	0.81268
6532	0.81867
6533	0.81598
6534	0.8189
6535	0.82979
6536	0.82736
6537	0.83027
6538	0.83329
6539	0.83572
6540	0.8365
6541	0.84539
6542	0.8435
6543	0.84592
6544	0.84292
6545	0.84896
6546	0.85132
6547	0.85192
6548	0.86202
6549	0.86256
6550	0.85996
6551	0.86524
6552	0.86736
6553	0.87799
6554	0.87753
6555	0.87536
6556	0.88069
6557	0.87842
6558	0.88025
6559	0.88298
6560	0.88339
6561	0.89375
6562	0.89149
6563	0.89438
6564	0.89987
6565	0.89838
6566	0.89728
6567	0.89943
6568	0.91533
6569	0.91415
6570	0.91167
6571	0.93888
6572	0.93739
6573	0.93975
6574	0.94076
6575	0.94126
6576	0.94063
6577	0.94283
6578	0.94309
6579	0.94036
6580	0.94166
6581	0.94204
6582	0.94343
6583	0.94469
6584	0.94356
6585	0.94721
6586	0.94485
6587	0.94607
6588	0.95041
6589	0.94821
6590	0.94898
6591	0.95309
6592	0.95407
6593	0.95132
6594	0.95615
6595	0.95624
6596	0.95763
6597	0.95398
6598	0.95781
6599	0.95913
6600	0.9598
6601	0.95688
6602	0.96969
6603	0.97173
6604	0.97201
6605	0.96791
6606	0.96591
6607	0.96619
6608	0.96843
6609	0.97007
6610	0.97226
6611	0.97433
6612	0.97388
6613	0.97228
6614	0.97382
6615	0.97421
6616	0.97489
6617	0.97262
6618	0.97717
6619	0.97628
6620	0.97397
6621	0.98066
6622	0.97802
6623	0.98
6624	0.98285
6625	0.98051
6626	0.98156
6627	0.98387
6628	0.98517
6629	0.98413
6630	0.99138
6631	0.98918
6632	0.99119
6633	0.99169
6634	0.98865
6635	0.9926
6636	0.9894
6637	0.99475
6638	0.99079
6639	0.99396
6640	0.99541
6641	0.9964
6642	0.99934
6643	0.99838
6644	1.0026
6645	0.99886
6646	1.0019
6647	0.99992
6648	1.0095
6649	1.0062
6650	1.0101
6651	1.0069
6652	1.0122
6653	1.0087
6654	1.0129
6655	1.0117
6656	1.0152
6657	1.0131
6658	1.0167
6659	1.0404
6660	1.0404
6661	1.0371
6662	1.0433
6663	1.0431
6664	1.0407
6665	1.0457
6666	1.0463
6667	1.0479
6668	1.0471
6669	1.0537
6670	1.0528
6671	1.0509
6672	1.0531
6673	1.0588
6674	1.059
6675	1.0566
6676	1.0568
6677	1.061
6678	1.061
6679	1.0586
6680	1.0632
6681	1.0635
6682	1.0783
6683	1.0785
6684	1.0765
6685	1.0791
6686	1.0764
6687	1.0826
6688	1.0803
6689	1.0827
6690	1.08
6691	1.085
6692	1.0825
6693	1.0851
6694	1.0923
6695	1.0945
6696	1.0948
6697	1.1088
6698	1.1066
6699	1.1068
6700	1.1091
6701	1.1164
6702	1.1169
6703	1.1142
6704	1.1242
6705	1.1248
6706	1.1221
6707	1.1336
6708	1.1327
6709	1.1313
6710	1.1306
6711	1.1367
6712	1.1357
6713	1.1398
6714	1.1387
6715	1.1382
6716	1.1417
6717	1.1469
6718	1.1476
6719	1.1651
6720	1.1666
6721	1.1632
6722	1.1737
6723	1.172
6724	1.1701
6725	1.1774
6726	1.1756
6727	1.1813
6728	1.1793
6729	1.1917
6730	1.1942
6731	1.1904
6732	1.1931
6733	1.1893
6734	1.2119
6735	1.2104
6736	1.2091
6737	1.2076
6738	1.2164
6739	1.2135
6740	1.2148
6741	1.2429
6742	1.2411
6743	1.2436
6744	1.2458
6745	1.3256
6746	1.3234
6747	1.3258
6748	1.3285
6749	1.3476
6750	1.3444
6751	1.3459
6752	1.3427
6753	1.3525
6754	1.3493
6755	1.3507
6756	1.4124
6757	1.4092
6758	1.4102
6759	1.4071
6760	1.4179
6761	1.4147
6762	1.4152
6763	1.4234
6764	1.4224
6765	1.4201
6766	1.4203
6767	1.4286
6768	1.4253
6769	1.4273
6770	1.4335
6771	1.4304
6772	1.432
6773	1.4829
6774	1.4799
6775	1.4779
6776	1.4801
6777	1.488
6778	1.4868
6779	1.485
6780	1.4847
6781	1.5293
6782	1.5276
6783	1.5244
6784	1.5258
6785	1.5343
6786	1.5315
6787	1.5324
6788	1.5372
6789	1.5366
6790	1.5392
6791	1.5446
6792	1.54
6793	1.5426
6794	1.542
6795	1.5466
6796	1.5461
6797	1.5487
6798	1.5439
6799	1.592
6800	1.5905
6801	1.587
6802	1.5889
6803	1.5967
6804	1.5936
6805	1.5951
6806	1.6015
6807	1.5981
6808	1.5997
6809	1.6045
6810	1.6024
6811	1.6062
6812	1.6318
6813	1.6269
6814	1.6291
6815	1.6291
6816	1.6367
6817	1.6337
6818	1.6337
6819	1.6403
6820	1.6384
6821	1.6415
6822	1.6383
6823	1.6511
6824	1.648
6825	1.6495
6826	1.6464
6827	1.6558
6828	1.6525
6829	1.6541
6830	1.6783
6831	1.6808
6832	1.6785
6833	1.676
6834	0.91693
6835	0.91804
6836	0.91921
6837	1.3572
6838	1.354
6839	1.3555
6840	1.4386
6841	1.4354
6842	1.4368
6843	1.4931
6844	1.4898
6845	1.4914
6846	0.91238
6847	0.90968
6848	0.91544
6849	0.91628
6850	0.9134
6851	1.2208
6852	1.2184
6853	1.2193
6854	0.93863
6855	0.93504
6856	0.93805
6857	0.9355
6858	0.91878
6859	1.1849
6860	1.187
6861	1.1875
6862	1.1825
6863	1.1805
6864	0.80431
6865	0.80595
6866	0.8088
6867	0.8062
6868	0.80904
6869	0.8072
6870	0.8061
6871	0.91722
6872	0.92011
6873	0.91962
6874	1.6897
6875	1.6867
6876	1.6874
6877	1.6849
6878	1.6777
6879	1.6757
6880	1.6804
6881	1.6687
6882	1.6684
6883	1.6657
6884	1.6708
6885	1.6588
6886	1.6606
6887	1.6567
6888	1.6494
6889	1.6511
6890	1.6534
6891	1.6467
6892	1.6449
6893	1.6326
6894	1.6354
6895	1.631
6896	1.6244
6897	1.6239
6898	1.6267
6899	1.6218
6900	1.595
6901	1.5968
6902	1.5991
6903	1.5923
6904	1.5905
6905	1.5672
6906	1.5692
6907	1.5697
6908	1.5718
6909	1.5626
6910	1.5646
6911	1.5651
6912	1.56
6913	1.5579
6914	1.5605
6915	1.5506
6916	1.5483
6917	1.5531
6918	1.5509
6919	1.5413
6920	1.5436
6921	1.5388
6922	1.5414
6923	1.5314
6924	1.528
6925	1.5337
6926	1.5156
6927	1.5187
6928	1.5142
6929	1.5179
6930	1.5075
6931	1.5062
6932	1.5037
6933	1.5093
6934	1.4965
6935	1.4983
6936	1.4946
6937	1.4884
6938	1.4868
6939	1.4913
6940	1.4607
6941	1.4632
6942	1.4585
6943	1.4611
6944	1.4488
6945	1.4517
6946	1.4514
6947	1.4537
6948	1.4437
6949	1.4446
6950	1.4466
6951	1.4467
6952	1.4401
6953	1.4417
6954	1.4369
6955	1.4411
6956	1.4383
6957	1.4322
6958	1.4339
6959	1.4272
6960	1.4292
6961	1.4243
6962	1.422
6963	1.4115
6964	1.4145
6965	1.4168
6966	1.4074
6967	1.4096
6968	1.4061
6969	1.3915
6970	1.3933
6971	1.3945
6972	1.3962
6973	1.3895
6974	1.3884
6975	1.3865
6976	1.3768
6977	1.3795
6978	1.379
6979	1.3817
6980	1.3747
6981	1.3742
6982	1.3718
6983	1.3602
6984	1.3618
6985	1.3585
6986	1.3509
6987	1.3524
6988	1.3553
6989	1.3462
6990	1.3479
6991	1.3433
6992	1.3415
6993	1.3352
6994	1.3341
6995	1.3323
6996	1.3369
6997	1.3249
6998	1.3276
6999	1.3229
7000	1.3064
7001	1.309
7002	1.3044
7003	1.307
7004	1.2972
7005	1.2979
7006	1.2954
7007	1.2998
7008	1.2887
7009	1.2881
7010	1.2908
7011	1.2861
7012	1.2703
7013	1.2698
7014	1.2678
7015	1.2723
7016	1.2612
7017	1.2607
7018	1.2587
7019	1.2633
7020	1.2399
7021	1.2422
7022	1.2448
7023	1.235
7024	1.2382
7025	1.2375
7026	1.2302
7027	1.2334
7028	1.2327
7029	1.2254
7030	1.2205
7031	1.2237
7032	1.2232
7033	1.2285
7034	1.228
7035	1.2155
7036	1.2185
7037	1.2118
7038	1.2137
7039	1.2107
7040	1.1939
7041	1.1963
7042	1.1955
7043	1.1982
7044	1.1894
7045	1.1853
7046	1.1871
7047	1.1869
7048	1.1912
7049	1.183
7050	1.1832
7051	1.1851
7052	1.1812
7053	1.1756
7054	1.1739
7055	1.1775
7056	1.1489
7057	1.1507
7058	1.1517
7059	1.1496
7060	1.1462
7061	1.148
7062	1.1454
7063	1.1435
7064	1.1397
7065	1.1377
7066	1.1406
7067	1.134
7068	1.1319
7069	1.1348
7070	1.1284
7071	1.1291
7072	1.1264
7073	1.1269
7074	1.1232
7075	1.1237
7076	1.1212
7077	1.1216
7078	1.118
7079	1.1186
7080	1.1159
7081	1.1105
7082	1.1084
7083	1.1109
7084	1.0875
7085	1.0852
7086	1.0875
7087	1.0833
7088	1.0807
7089	1.0831
7090	1.0813
7091	1.0799
7092	1.0779
7093	1.0797
7094	1.0751
7095	1.0754
7096	1.0746
7097	1.0728
7098	1.0726
7099	1.071
7100	1.0688
7101	1.0707
7102	1.0632
7103	1.0654
7104	1.0653
7105	1.0612
7106	1.0634
7107	1.0614
7108	1.0593
7109	1.0543
7110	1.0565
7111	1.0559
7112	1.0547
7113	1.0523
7114	1.043
7115	1.0458
7116	1.0456
7117	1.0403
7118	1.0433
7119	1.0406
7120	1.037
7121	1.0369
7122	1.0299
7123	1.0347
7124	1.0314
7125	1.0336
7126	1.0253
7127	1.0305
7128	1.0292
7129	1.027
7130	1.0151
7131	1.0114
7132	1.0155
7133	1.0143
7134	1.0179
7135	1.019
7136	1.0036
7137	1.0066
7138	1.0056
7139	1.0048
7140	1.0018
7141	1.0009
7142	0.99868
7143	0.99566
7144	0.99773
7145	0.9925
7146	0.99134
7147	0.99368
7148	0.99031
7149	0.99478
7150	0.99285
7151	0.99008
7152	0.99239
7153	0.98902
7154	0.99116
7155	0.9888
7156	0.98769
7157	0.98852
7158	0.98749
7159	0.98619
7160	0.98335
7161	0.98567
7162	0.98624
7163	0.98269
7164	0.985
7165	0.98378
7166	0.98137
7167	0.97785
7168	0.98051
7169	0.97963
7170	0.97643
7171	0.97779
7172	0.97589
7173	0.97881
7174	0.97239
7175	0.97446
7176	0.97507
7177	0.97416
7178	0.97279
7179	0.97059
7180	0.96527
7181	0.96224
7182	0.96422
7183	0.96198
7184	0.95953
7185	0.96052
7186	0.96017
7187	0.95867
7188	0.95712
7189	0.95981
7190	0.95612
7191	0.95519
7192	0.95361
7193	0.95245
7194	0.95396
7195	0.95254
7196	0.95175
7197	0.94548
7198	0.94473
7199	0.9436
7200	0.94577
7201	0.94575
7202	0.94212
7203	0.94434
7204	0.94098
7205	0.93994
7206	0.94222
7207	0.94318
7208	0.91685
7209	0.92087
7210	0.91872
7211	0.91996
7212	0.91317
7213	0.91534
7214	0.90985
7215	0.91211
7216	0.91069
7217	0.90682
7218	0.90408
7219	0.90619
7220	0.90445
7221	0.90905
7222	0.9074
7223	0.90359
7224	0.90189
7225	0.90145
7226	0.89543
7227	0.89597
7228	0.89321
7229	0.88785
7230	0.89003
7231	0.8905
7232	0.88742
7233	0.88523
7234	0.88563
7235	0.87931
7236	0.87979
7237	0.87712
7238	0.87199
7239	0.87415
7240	0.87455
7241	0.8716
7242	0.86942
7243	0.86365
7244	0.8641
7245	0.86153
7246	0.85582
7247	0.85358
7248	0.85418
7249	0.85634
7250	0.84481
7251	0.84739
7252	0.84777
7253	0.84152
7254	0.84351
7255	0.84469
7256	0.84234
7257	0.8404
7258	0.83817
7259	0.83895
7260	0.83169
7261	0.83219
7262	0.8294
7263	0.81872
7264	0.82119
7265	0.82136
7266	0.81576
7267	0.81845
7268	0.81602
7269	0.81267
7270	0.8154
7271	0.81436
7272	0.81139
7273	0.81273
7274	0.80928
7275	0.80133
7276	0.80396
7277	0.80285
7278	0.80534
7279	0.7973
7280	0.80011
7281	0.7943
7282	0.79619
7283	0.79333
7284	0.77282
7285	0.77371
7286	0.7709
7287	0.76976
7288	0.76511
7289	0.76313
7290	0.76169
7291	0.76587
7292	0.74576
7293	0.74897
7294	0.7454
7295	0.74942
7296	0.72748
7297	0.72852
7298	0.72549
7299	0.72459
7300	0.70476
7301	0.70292
7302	0.7058
7303	0.70187
7304	0.68897
7305	0.68523
7306	0.68694
7307	0.68991
7308	0.67671
7309	0.68076
7310	0.68086
7311	0.67692
7312	0.64972
7313	0.65306
7314	0.65318
7315	0.64951
7316	0.62848
7317	0.63177
7318	0.63159
7319	0.62831
7320	0.60784
7321	0.61119
7322	0.61119
7323	0.60791
7324	0.5879
7325	0.59128
7326	0.59123
7327	0.58798
7328	0.57078
7329	0.56689
7330	0.56983
7331	0.56645
7332	0.57121
7333	0.57386
7334	0.57534
7335	0.57471
7336	0.55919
7337	0.56271
7338	0.55928
7339	0.56271
7340	0.54848
7341	0.55269
7342	0.55252
7343	0.54929
7344	0.53533
7345	0.53878
7346	0.53827
7347	0.53481
7348	0.53212
7349	0.53494
7350	0.53614
7351	0.53205
7352	0.52882
7353	0.53178
7354	0.52578
7355	0.5288
7356	0.5259
7357	0.52289
7358	0.52034
7359	0.5201
7360	0.51735
7361	0.51706
7362	0.51104
7363	0.51465
7364	0.51456
7365	0.50677
7366	0.51088
7367	0.50758
7368	0.50235
7369	0.50165
7370	0.50538
7371	0.50486
7372	0.49912
7373	0.50288
7374	0.49988
7375	0.4945
7376	0.49391
7377	0.49756
7378	0.4972
7379	0.4918
7380	0.49496
7381	0.49118
7382	0.48836
7383	0.49234
7384	0.48889
7385	0.48268
7386	0.48587
7387	0.48605
7388	0.46774
7389	0.47287
7390	0.46868
7391	0.47199
7392	0.46949
7393	0.46696
7394	0.46223
7395	0.46366
7396	0.46568
7397	0.45874
7398	0.45503
7399	0.45844
7400	0.46259
7401	0.46264
7402	0.45914
7403	0.44851
7404	0.4512
7405	0.45242
7406	0.44733
7407	0.45072
7408	0.44484
7409	0.44909
7410	0.44401
7411	0.44704
7412	0.44621
7413	0.44098
7414	0.44506
7415	0.4419
7416	0.43029
7417	0.43532
7418	0.43341
7419	0.43226
7420	0.42384
7421	0.42865
7422	0.42589
7423	0.42684
7424	0.4216
7425	0.42652
7426	0.4248
7427	0.42365
7428	0.42029
7429	0.41786
7430	0.42324
7431	0.42145
7432	0.41746
7433	0.42252
7434	0.41933
7435	0.41848
7436	0.42147
7437	0.41877
7438	0.41622
7439	0.41807
7440	0.4156
7441	0.42076
7442	0.41762
7443	0.41546
7444	0.42066
7445	0.41707
7446	0.41985
7447	0.41952
7448	0.41433
7449	0.41664
7450	0.93154
7451	0.92805
7452	0.9288
7453	0.93052
7454	0.93224
7455	0.40865
7456	0.41147
7457	0.41379
7458	0.41117
7459	0.92205
7460	0.92461
7461	0.92324
7462	0.92446
7463	0.92284
7464	0.92106
7465	1.6666
7466	1.6714
7467	1.6692
7468	1.6617
7469	1.6645
7470	1.6635
7471	1.657
7472	1.6598
7473	1.6524
7474	1.6552
7475	1.648
7476	1.6507
7477	1.6437
7478	1.6462
7479	1.6449
7480	1.6396
7481	1.6419
7482	1.631
7483	1.6333
7484	1.6354
7485	1.6265
7486	1.6289
7487	1.6243
7488	1.6218
7489	1.6144
7490	1.6122
7491	1.617
7492	1.6149
7493	1.6074
7494	1.6027
7495	1.6055
7496	1.5936
7497	1.5963
7498	1.5981
7499	1.5893
7500	1.5918
7501	1.5858
7502	1.5875
7503	1.5852
7504	1.584
7505	1.5839
7506	1.582
7507	1.5471
7508	1.5493
7509	1.5353
7510	1.538
7511	1.5308
7512	1.5335
7513	1.5293
7514	1.5266
7515	1.5201
7516	1.5233
7517	1.5206
7518	1.516
7519	1.5199
7520	1.5173
7521	1.5111
7522	1.513
7523	1.5128
7524	1.5165
7525	1.5078
7526	1.5054
7527	1.4948
7528	1.4976
7529	1.4999
7530	1.4902
7531	1.4928
7532	1.4883
7533	1.486
7534	1.4773
7535	1.4817
7536	1.4795
7537	1.4705
7538	1.4728
7539	1.4704
7540	1.4682
7541	1.4544
7542	1.4569
7543	1.4564
7544	1.4591
7545	1.4522
7546	1.4496
7547	1.4428
7548	1.4399
7549	1.4447
7550	1.422
7551	1.4263
7552	1.4245
7553	1.413
7554	1.4156
7555	1.4176
7556	1.4084
7557	1.4111
7558	1.4067
7559	1.4041
7560	1.4053
7561	1.401
7562	1.3974
7563	1.4021
7564	1.3991
7565	1.3896
7566	1.3925
7567	1.3873
7568	1.3774
7569	1.3822
7570	1.3799
7571	1.3727
7572	1.3752
7573	1.3679
7574	1.3698
7575	1.3706
7576	1.3632
7577	1.3659
7578	1.3648
7579	1.3585
7580	1.3614
7581	1.3537
7582	1.3566
7583	1.3491
7584	1.3519
7585	1.3446
7586	1.3473
7587	1.3414
7588	1.3405
7589	1.3429
7590	1.3381
7591	1.3398
7592	1.3372
7593	1.3335
7594	1.3187
7595	1.3211
7596	1.3208
7597	1.3161
7598	1.3165
7599	1.3141
7600	1.2866
7601	1.2914
7602	1.2892
7603	1.2845
7604	1.282
7605	1.2841
7606	1.2682
7607	1.2728
7608	1.2707
7609	1.2637
7610	1.2592
7611	1.2617
7612	1.2526
7613	1.2547
7614	1.2502
7615	1.2365
7616	1.239
7617	1.2317
7618	1.2344
7619	1.2268
7620	1.2296
7621	1.2249
7622	1.2222
7623	1.2133
7624	1.216
7625	1.2177
7626	1.2089
7627	1.2074
7628	1.2046
7629	1.2061
7630	1.1973
7631	1.1987
7632	1.1894
7633	1.1898
7634	1.1914
7635	1.1926
7636	1.1846
7637	1.1846
7638	1.1867
7639	1.1858
7640	1.1829
7641	1.1809
7642	1.1829
7643	1.1814
7644	1.1783
7645	1.1791
7646	1.1754
7647	1.1765
7648	1.1724
7649	1.1736
7650	1.1695
7651	1.1707
7652	1.171
7653	1.1669
7654	1.1679
7655	1.1653
7656	1.1643
7657	1.1588
7658	1.1599
7659	1.1616
7660	1.156
7661	1.1571
7662	1.1531
7663	1.1544
7664	1.1509
7665	1.1519
7666	1.1482
7667	1.1492
7668	1.1452
7669	1.1464
7670	1.1471
7671	1.1421
7672	1.1434
7673	1.1437
7674	1.1392
7675	1.1402
7676	1.1423
7677	1.1365
7678	1.1375
7679	1.1341
7680	1.1343
7681	1.1362
7682	1.1317
7683	1.1322
7684	1.1288
7685	1.1295
7686	1.126
7687	1.1266
7688	1.1282
7689	1.124
7690	1.1234
7691	1.1253
7692	1.1185
7693	1.1188
7694	1.1208
7695	1.1163
7696	1.1166
7697	1.114
7698	1.1143
7699	1.1162
7700	1.1115
7701	1.1119
7702	1.1089
7703	1.1094
7704	1.1065
7705	1.1069
7706	1.1084
7707	1.1044
7708	1.1042
7709	1.0999
7710	1.1001
7711	1.1022
7712	1.0975
7713	1.0977
7714	1.0999
7715	1.0952
7716	1.0953
7717	1.0975
7718	1.0928
7719	1.093
7720	1.0906
7721	1.0905
7722	1.0859
7723	1.086
7724	1.0882
7725	1.0835
7726	1.0837
7727	1.0809
7728	1.0813
7729	1.0781
7730	1.0788
7731	1.0756
7732	1.0761
7733	1.0752
7734	1.0736
7735	1.0733
7736	1.0717
7737	1.0713
7738	1.0695
7739	1.0694
7740	1.0671
7741	1.0671
7742	1.0632
7743	1.0629
7744	1.065
7745	1.0658
7746	1.0612
7747	1.061
7748	1.0591
7749	1.0589
7750	1.0565
7751	1.057
7752	1.0539
7753	1.0541
7754	1.0532
7755	1.0521
7756	1.0516
7757	1.0545
7758	1.0501
7759	1.0498
7760	1.0483
7761	1.0478
7762	1.0466
7763	1.0461
7764	1.0448
7765	1.0444
7766	1.0431
7767	1.0427
7768	1.0414
7769	1.041
7770	1.0398
7771	1.0393
7772	1.0384
7773	1.0377
7774	1.0371
7775	1.0364
7776	1.0359
7777	1.035
7778	1.0345
7779	1.0339
7780	1.033
7781	1.0323
7782	1.0315
7783	1.0308
7784	1.0305
7785	1.0288
7786	1.0293
7787	1.0304
7788	1.0284
7789	1.0298
7790	1.0328
7791	1.0279
7792	1.0284
7793	1.0268
7794	1.0321
7795	1.0264
7796	1.0249
7797	1.0218
7798	1.0202
7799	1.024
7800	1.0197
7801	1.0184
7802	1.0235
7803	1.0174
7804	1.0162
7805	1.0212
7806	1.0079
7807	1.0106
7808	1.0069
7809	1.0054
7810	1.0044
7811	1.0029
7812	1.002
7813	0.99722
7814	1.0004
7815	0.99811
7816	1.0012
7817	0.99409
7818	0.99298
7819	0.996
7820	0.99707
7821	0.99207
7822	0.99106
7823	0.9899
7824	0.98896
7825	0.99307
7826	0.98775
7827	0.98676
7828	0.98559
7829	0.9848
7830	0.98325
7831	0.98274
7832	0.98635
7833	0.98089
7834	0.98029
7835	0.97623
7836	0.97879
7837	0.97705
7838	0.97937
7839	0.97308
7840	0.97209
7841	0.97437
7842	0.97073
7843	0.97169
7844	0.96869
7845	0.96789
7846	0.97024
7847	0.96716
7848	0.96635
7849	0.96495
7850	0.966
7851	0.96472
7852	0.96332
7853	0.96532
7854	0.96381
7855	0.96246
7856	0.96223
7857	0.96131
7858	0.96041
7859	0.9595
7860	0.95887
7861	0.95798
7862	0.95605
7863	0.95732
7864	0.955
7865	0.95557
7866	0.95399
7867	0.95503
7868	0.95364
7869	0.95771
7870	0.95387
7871	0.95264
7872	0.95135
7873	0.95251
7874	0.94962
7875	0.9486
7876	0.95109
7877	0.948
7878	0.94715
7879	0.94637
7880	0.94554
7881	0.94479
7882	0.94404
7883	0.94255
7884	0.94364
7885	0.9415
7886	0.94299
7887	0.94336
7888	0.9419
7889	0.93991
7890	0.94144
7891	0.93932
7892	0.94332
7893	0.93677
7894	0.93564
7895	0.93782
7896	0.93887
7897	0.93594
7898	0.93487
7899	0.93809
7900	0.93382
7901	0.93482
7902	0.93164
7903	0.93374
7904	0.93293
7905	0.93182
7906	0.93045
7907	0.93251
7908	0.93043
7909	0.92932
7910	0.92882
7911	0.92782
7912	0.92719
7913	0.92636
7914	0.92967
7915	0.92545
7916	0.92478
7917	0.92331
7918	0.92299
7919	0.9262
7920	0.92072
7921	0.92362
7922	0.92068
7923	0.91494
7924	0.91434
7925	0.91771
7926	0.90707
7927	0.90812
7928	0.9107
7929	0.90335
7930	0.90474
7931	0.89986
7932	0.90012
7933	0.90135
7934	0.8986
7935	0.89735
7936	0.89706
7937	0.89189
7938	0.89224
7939	0.89458
7940	0.88646
7941	0.88894
7942	0.88597
7943	0.88029
7944	0.8831
7945	0.88077
7946	0.87751
7947	0.87798
7948	0.87986
7949	0.87481
7950	0.87524
7951	0.87712
7952	0.8722
7953	0.86963
7954	0.86997
7955	0.86704
7956	0.86474
7957	0.86425
7958	0.8584
7959	0.85896
7960	0.86129
7961	0.85557
7962	0.85287
7963	0.85341
7964	0.85497
7965	0.85026
7966	0.84814
7967	0.84765
7968	0.84254
7969	0.84299
7970	0.84511
7971	0.83993
7972	0.83724
7973	0.83773
7974	0.8344
7975	0.83215
7976	0.8315
7977	0.82591
7978	0.82654
7979	0.82862
7980	0.8175
7981	0.81731
7982	0.82016
7983	0.8113
7984	0.81184
7985	0.81433
7986	0.80163
7987	0.80008
7988	0.80327
7989	0.80224
7990	0.7995
7991	0.79937
7992	0.79574
7993	0.7945
7994	0.79248
7995	0.79133
7996	0.78085
7997	0.78008
7998	0.78308
7999	0.78387
8000	0.77494
8001	0.77613
8002	0.77214
8003	0.77301
8004	0.76432
8005	0.7682
8006	0.76705
8007	0.7652
8008	0.76044
8009	0.75899
8010	0.75694
8011	0.75736
8012	0.754
8013	0.7503
8014	0.75381
8015	0.75074
8016	0.74626
8017	0.74231
8018	0.74281
8019	0.73531
8020	0.7346
8021	0.73857
8022	0.73808
8023	0.73041
8024	0.72941
8025	0.72639
8026	0.72696
8027	0.71197
8028	0.71511
8029	0.71433
8030	0.71146
8031	0.70464
8032	0.70402
8033	0.70782
8034	0.7069
8035	0.68929
8036	0.6885
8037	0.69252
8038	0.69147
8039	0.68131
8040	0.68268
8041	0.68059
8042	0.68439
8043	0.67228
8044	0.67373
8045	0.67666
8046	0.66502
8047	0.66151
8048	0.66155
8049	0.65701
8050	0.65381
8051	0.65366
8052	0.65755
8053	0.64643
8054	0.64995
8055	0.6463
8056	0.64236
8057	0.63907
8058	0.63894
8059	0.6426
8060	0.63512
8061	0.63185
8062	0.63529
8063	0.63176
8064	0.62517
8065	0.62505
8066	0.62851
8067	0.62152
8068	0.61815
8069	0.62153
8070	0.61806
8071	0.61448
8072	0.61118
8073	0.61122
8074	0.61456
8075	0.60439
8076	0.60789
8077	0.60452
8078	0.60122
8079	0.5978
8080	0.59786
8081	0.6012
8082	0.59462
8083	0.59115
8084	0.59462
8085	0.59122
8086	0.58436
8087	0.58455
8088	0.58779
8089	0.57092
8090	0.57442
8091	0.57101
8092	0.57425
8093	0.56732
8094	0.56767
8095	0.56311
8096	0.56394
8097	0.55913
8098	0.55993
8099	0.56266
8100	0.55852
8101	0.55566
8102	0.55544
8103	0.55215
8104	0.55576
8105	0.55207
8106	0.54831
8107	0.54869
8108	0.55235
8109	0.54499
8110	0.54357
8111	0.54496
8112	0.54114
8113	0.5458
8114	0.53631
8115	0.53591
8116	0.53807
8117	0.53317
8118	0.53362
8119	0.52195
8120	0.52162
8121	0.52494
8122	0.51898
8123	0.51863
8124	0.51609
8125	0.5157
8126	0.51329
8127	0.51286
8128	0.51641
8129	0.51056
8130	0.51007
8131	0.51365
8132	0.50792
8133	0.50737
8134	0.50561
8135	0.50477
8136	0.50264
8137	0.49842
8138	0.49764
8139	0.49574
8140	0.49491
8141	0.4932
8142	0.49238
8143	0.4965
8144	0.48978
8145	0.49059
8146	0.48504
8147	0.4843
8148	0.48774
8149	0.48238
8150	0.48181
8151	0.48557
8152	0.47941
8153	0.47895
8154	0.47606
8155	0.47688
8156	0.47338
8157	0.47228
8158	0.47518
8159	0.47653
8160	0.47097
8161	0.4744
8162	0.47025
8163	0.46767
8164	0.46838
8165	0.47169
8166	0.46452
8167	0.46303
8168	0.46615
8169	0.46295
8170	0.46148
8171	0.46628
8172	0.45964
8173	0.46093
8174	0.46439
8175	0.45662
8176	0.45532
8177	0.45877
8178	0.46021
8179	0.4543
8180	0.45292
8181	0.45771
8182	0.45081
8183	0.45186
8184	0.44869
8185	0.44688
8186	0.44986
8187	0.44743
8188	0.44572
8189	0.451
8190	0.4441
8191	0.44571
8192	0.44911
8193	0.44119
8194	0.44026
8195	0.44365
8196	0.43861
8197	0.4377
8198	0.43629
8199	0.43534
8200	0.4371
8201	0.43344
8202	0.43331
8203	0.43764
8204	0.43397
8205	0.43856
8206	0.43533
8207	0.43267
8208	0.4285
8209	0.43185
8210	0.42852
8211	0.42659
8212	0.43166
8213	0.42716
8214	0.4252
8215	0.42609
8216	0.42409
8217	0.42914
8218	0.42485
8219	0.42305
8220	0.42838
8221	0.42337
8222	0.42656
8223	0.42147
8224	0.42205
8225	0.42016
8226	0.42506
8227	0.42089
8228	0.41876
8229	0.41975
8230	0.41782
8231	0.42296
8232	0.41846
8233	0.41671
8234	0.41633
8235	0.41537
8236	0.42053
8237	0.41407
8238	0.41298
8239	0.41418
8240	0.41147
8241	0.41124
8242	0.41502
8243	0.41236
8244	0.41453
8245	0.41232
8246	0.41163
8247	0.41642
8248	0.41386
8249	0.41297
8250	0.41042
8251	0.41333
8252	0.41031
8253	0.92353
8254	0.92338
8255	0.9206
8256	0.9385
8257	0.94104
8258	0.41341
8259	0.41571
8260	0.41847
8261	0.41588
8262	1.6923
8263	1.6913
8264	1.6933
8265	1.6949
8266	1.6922
8267	1.6948
8268	1.6899
8269	0.40827
8270	0.41064
8271	0.41085
8272	0.40517
8273	0.40775
8274	0.40801
8275	0.40663
8276	0.4094
8277	0.40868
8278	0.40723
8279	0.40965
8280	0.40941
8281	0.40785
8282	0.41038
8283	0.40942
8284	0.41077
8285	0.41201
8286	0.4136
8287	0.41287
8288	0.41567
8289	0.41476
8290	0.41517
8291	0.41686
8292	0.41825
8293	0.41778
8294	0.42103
8295	0.41966
8296	0.42001
8297	0.42212
8298	0.42326
8299	0.42237
8300	0.42557
8301	0.42438
8302	0.42585
8303	0.42725
8304	0.42916
8305	0.43062
8306	0.42894
8307	0.43152
8308	0.43087
8309	0.43111
8310	0.43235
8311	0.43442
8312	0.43546
8313	0.43676
8314	0.43894
8315	0.43897
8316	0.44238
8317	0.44073
8318	0.44218
8319	0.4439
8320	0.44547
8321	0.44616
8322	0.44943
8323	0.4474
8324	0.45049
8325	0.45163
8326	0.45382
8327	0.45485
8328	0.45816
8329	0.45599
8330	0.45869
8331	0.45998
8332	0.46197
8333	0.46373
8334	0.46695
8335	0.46438
8336	0.46798
8337	0.46915
8338	0.47092
8339	0.47226
8340	0.47559
8341	0.47299
8342	0.48107
8343	0.48378
8344	0.48026
8345	0.47783
8346	0.47838
8347	0.48641
8348	0.48896
8349	0.48549
8350	0.48301
8351	0.48722
8352	0.48815
8353	0.49155
8354	0.49861
8355	0.5018
8356	0.49934
8357	0.5036
8358	0.50687
8359	0.50422
8360	0.50917
8361	0.51247
8362	0.50964
8363	0.51498
8364	0.51535
8365	0.5183
8366	0.52081
8367	0.52412
8368	0.52124
8369	0.52456
8370	0.52659
8371	0.527
8372	0.52988
8373	0.53032
8374	0.53257
8375	0.53639
8376	0.53277
8377	0.53923
8378	0.53972
8379	0.54228
8380	0.5453
8381	0.54861
8382	0.54534
8383	0.55184
8384	0.55185
8385	0.55483
8386	0.55758
8387	0.56078
8388	0.5576
8389	0.56444
8390	0.56777
8391	0.5643
8392	0.57407
8393	0.57738
8394	0.57386
8395	0.57087
8396	0.57103
8397	0.57427
8398	0.57747
8399	0.58086
8400	0.58105
8401	0.58385
8402	0.58403
8403	0.5874
8404	0.58747
8405	0.59064
8406	0.5943
8407	0.59088
8408	0.59435
8409	0.59759
8410	0.59775
8411	0.60102
8412	0.60114
8413	0.60447
8414	0.60784
8415	0.60439
8416	0.60788
8417	0.61141
8418	0.61137
8419	0.61483
8420	0.61474
8421	0.6182
8422	0.62163
8423	0.61812
8424	0.6215
8425	0.62546
8426	0.62525
8427	0.62868
8428	0.62859
8429	0.6324
8430	0.63569
8431	0.63212
8432	0.63556
8433	0.63955
8434	0.6393
8435	0.64297
8436	0.64283
8437	0.64684
8438	0.65037
8439	0.64671
8440	0.65023
8441	0.65408
8442	0.65399
8443	0.65769
8444	0.65773
8445	0.66153
8446	0.66518
8447	0.66148
8448	0.66829
8449	0.66844
8450	0.67142
8451	0.67833
8452	0.68216
8453	0.67896
8454	0.67534
8455	0.67469
8456	0.67761
8457	0.68604
8458	0.68983
8459	0.68659
8460	0.68312
8461	0.68524
8462	0.69362
8463	0.69746
8464	0.6941
8465	0.69055
8466	0.69305
8467	0.70133
8468	0.70499
8469	0.70191
8470	0.69804
8471	0.7007
8472	0.70868
8473	0.71254
8474	0.70918
8475	0.70535
8476	0.70817
8477	0.71629
8478	0.72
8479	0.71689
8480	0.71305
8481	0.71568
8482	0.72058
8483	0.72319
8484	0.72377
8485	0.73191
8486	0.73591
8487	0.73242
8488	0.7285
8489	0.73119
8490	0.72774
8491	0.7363
8492	0.73916
8493	0.73966
8494	0.74404
8495	0.7469
8496	0.74345
8497	0.74734
8498	0.75154
8499	0.75404
8500	0.75446
8501	0.75097
8502	0.75913
8503	0.76123
8504	0.75815
8505	0.76212
8506	0.76682
8507	0.76909
8508	0.76996
8509	0.7661
8510	0.77772
8511	0.78148
8512	0.77816
8513	0.77428
8514	0.77695
8515	0.77383
8516	0.78523
8517	0.78942
8518	0.7857
8519	0.78826
8520	0.78188
8521	0.7845
8522	0.79292
8523	0.79561
8524	0.79252
8525	0.78981
8526	0.79783
8527	0.7996
8528	0.7973
8529	0.79535
8530	0.80408
8531	0.80674
8532	0.80439
8533	0.80617
8534	0.8017
8535	0.79947
8536	0.80176
8537	0.80186
8538	0.80379
8539	0.80716
8540	0.80897
8541	0.80951
8542	0.81256
8543	0.81226
8544	0.81494
8545	0.81475
8546	0.81753
8547	0.81961
8548	0.81739
8549	0.82004
8550	0.82244
8551	0.82391
8552	0.82196
8553	0.82455
8554	0.82781
8555	0.82725
8556	0.82998
8557	0.82933
8558	0.83324
8559	0.83498
8560	0.83547
8561	0.83273
8562	0.83856
8563	0.84034
8564	0.83813
8565	0.84078
8566	0.84382
8567	0.84342
8568	0.84603
8569	0.84554
8570	0.84913
8571	0.85075
8572	0.85129
8573	0.84864
8574	0.85452
8575	0.85617
8576	0.854
8577	0.85674
8578	0.86005
8579	0.85953
8580	0.86236
8581	0.86186
8582	0.86558
8583	0.86746
8584	0.8678
8585	0.86516
8586	0.87067
8587	0.8725
8588	0.87026
8589	0.87293
8590	0.87619
8591	0.87571
8592	0.87846
8593	0.88406
8594	0.88693
8595	0.88455
8596	0.88172
8597	0.88357
8598	0.88123
8599	0.88738
8600	0.88941
8601	0.88976
8602	0.89279
8603	0.89508
8604	0.89245
8605	0.89478
8606	0.89798
8607	0.89761
8608	0.90005
8609	0.90347
8610	0.90579
8611	0.90275
8612	0.90961
8613	0.90899
8614	0.91217
8615	0.91157
8616	0.91802
8617	0.9204
8618	0.91812
8619	0.91553
8620	0.91522
8621	0.91799
8622	0.92008
8623	0.92232
8624	0.92306
8625	0.92395
8626	0.92536
8627	0.92558
8628	0.92794
8629	0.92671
8630	0.92962
8631	0.93059
8632	0.92839
8633	0.92748
8634	0.92884
8635	0.9309
8636	0.92949
8637	0.93169
8638	0.9327
8639	0.93374
8640	0.93486
8641	0.93263
8642	0.93161
8643	0.93274
8644	0.93391
8645	0.93704
8646	0.93645
8647	0.93912
8648	0.93988
8649	0.93777
8650	0.9368
8651	0.94062
8652	0.93803
8653	0.93855
8654	0.94065
8655	0.94174
8656	0.94086
8657	0.9418
8658	0.94321
8659	0.94614
8660	0.9475
8661	0.94503
8662	0.94367
8663	0.94469
8664	0.94632
8665	0.94883
8666	0.94998
8667	0.94887
8668	0.95124
8669	0.95013
8670	0.95073
8671	0.95205
8672	0.95293
8673	0.95652
8674	0.95563
8675	0.9542
8676	0.95326
8677	0.95859
8678	0.95997
8679	0.95753
8680	0.95605
8681	0.95708
8682	0.95875
8683	0.96106
8684	0.96292
8685	0.96414
8686	0.96192
8687	0.96076
8688	0.96196
8689	0.96396
8690	0.96555
8691	0.96699
8692	0.96467
8693	0.96325
8694	0.96607
8695	0.96839
8696	0.96935
8697	0.96876
8698	0.96974
8699	0.97108
8700	0.97385
8701	0.97559
8702	0.97297
8703	0.97144
8704	0.97241
8705	0.97467
8706	0.97476
8707	0.97815
8708	0.97755
8709	0.98196
8710	0.98381
8711	0.98106
8712	0.97897
8713	0.97978
8714	0.98581
8715	0.98794
8716	0.98488
8717	0.98274
8718	0.98995
8719	0.99196
8720	0.98888
8721	0.98689
8722	0.99409
8723	0.99635
8724	0.99309
8725	0.99096
8726	0.99499
8727	0.99535
8728	0.99958
8729	0.99872
8730	0.99979
8731	1.001
8732	1.0034
8733	1.0082
8734	1.0102
8735	1.0068
8736	1.0045
8737	1.0096
8738	1.0058
8739	1.0087
8740	1.0136
8741	1.0124
8742	1.0168
8743	1.019
8744	1.0154
8745	1.0133
8746	1.0148
8747	1.0179
8748	1.0228
8749	1.0214
8750	1.0219
8751	1.0234
8752	1.0249
8753	1.0267
8754	1.0275
8755	1.0253
8756	1.0244
8757	1.0259
8758	1.0265
8759	1.0287
8760	1.0294
8761	1.0316
8762	1.0301
8763	1.0322
8764	1.033
8765	1.0343
8766	1.0372
8767	1.0388
8768	1.0367
8769	1.0351
8770	1.0357
8771	1.0383
8772	1.0405
8773	1.0439
8774	1.0422
8775	1.0418
8776	1.0475
8777	1.0493
8778	1.0471
8779	1.0452
8780	1.0457
8781	1.0489
8782	1.0509
8783	1.0546
8784	1.0526
8785	1.0523
8786	1.0565
8787	1.0567
8788	1.0587
8789	1.0604
8790	1.0607
8791	1.0626
8792	1.067
8793	1.0691
8794	1.0668
8795	1.0646
8796	1.0648
8797	1.071
8798	1.0729
8799	1.0708
8800	1.0688
8801	1.0747
8802	1.0768
8803	1.0747
8804	1.0727
8805	1.0791
8806	1.0814
8807	1.0793
8808	1.0769
8809	1.0816
8810	1.0838
8811	1.0884
8812	1.0908
8813	1.0886
8814	1.0863
8815	1.0861
8816	1.0883
8817	1.0931
8818	1.0954
8819	1.0933
8820	1.0909
8821	1.0978
8822	1.1002
8823	1.0981
8824	1.0956
8825	1.1024
8826	1.1048
8827	1.1028
8828	1.1004
8829	1.1023
8830	1.1052
8831	1.1073
8832	1.1122
8833	1.1146
8834	1.1126
8835	1.1102
8836	1.1098
8837	1.117
8838	1.1194
8839	1.1175
8840	1.1151
8841	1.1201
8842	1.1221
8843	1.1214
8844	1.1253
8845	1.1247
8846	1.1273
8847	1.1324
8848	1.1343
8849	1.1329
8850	1.1305
8851	1.13
8852	1.1399
8853	1.1387
8854	1.1384
8855	1.1415
8856	1.1457
8857	1.1474
8858	1.1446
8859	1.1511
8860	1.1501
8861	1.1528
8862	1.1565
8863	1.1582
8864	1.1555
8865	1.1636
8866	1.1663
8867	1.1647
8868	1.162
8869	1.1609
8870	1.1627
8871	1.1674
8872	1.1691
8873	1.173
8874	1.1718
8875	1.1746
8876	1.1782
8877	1.1797
8878	1.1773
8879	1.1833
8880	1.185
8881	1.1888
8882	1.1884
8883	1.1904
8884	1.1875
8885	1.1973
8886	1.2014
8887	1.1997
8888	1.1987
8889	1.1957
8890	1.1937
8891	1.1949
8892	1.2041
8893	1.2058
8894	1.203
8895	1.2127
8896	1.2118
8897	1.2145
8898	1.2102
8899	1.2214
8900	1.2232
8901	1.2188
8902	1.2205
8903	1.2323
8904	1.2369
8905	1.2349
8906	1.2303
8907	1.2277
8908	1.2394
8909	1.2415
8910	1.2485
8911	1.246
8912	1.2506
8913	1.2482
8914	1.2577
8915	1.2551
8916	1.2571
8917	1.2596
8918	1.2667
8919	1.2662
8920	1.2642
8921	1.2687
8922	1.2758
8923	1.2753
8924	1.2779
8925	1.2733
8926	1.285
8927	1.2871
8928	1.2825
8929	1.2941
8930	1.2939
8931	1.2917
8932	1.2963
8933	1.3055
8934	1.31
8935	1.3079
8936	1.3075
8937	1.3033
8938	1.301
8939	1.303
8940	1.3123
8941	1.3144
8942	1.312
8943	1.3214
8944	1.3189
8945	1.3235
8946	1.3304
8947	1.3323
8948	1.328
8949	1.3307
8950	1.3391
8951	1.3411
8952	1.3365
8953	1.3501
8954	1.3548
8955	1.3527
8956	1.3482
8957	1.3457
8958	1.3595
8959	1.3641
8960	1.3622
8961	1.3574
8962	1.3665
8963	1.3686
8964	1.3756
8965	1.3732
8966	1.3778
8967	1.3847
8968	1.3869
8969	1.3846
8970	1.3823
8971	1.3936
8972	1.3914
8973	1.3943
8974	1.3957
8975	1.4048
8976	1.4094
8977	1.4074
8978	1.4025
8979	1.4
8980	1.4117
8981	1.4137
8982	1.4297
8983	1.4289
8984	1.4317
8985	1.4271
8986	1.4391
8987	1.4409
8988	1.4381
8989	1.4363
8990	1.4481
8991	1.4502
8992	1.4455
8993	1.4475
8994	1.4571
8995	1.4548
8996	1.4593
8997	1.4661
8998	1.4683
8999	1.4638
9000	1.466
9001	1.4955
9002	1.5002
9003	1.4979
9004	1.4933
9005	1.4909
9006	1.5026
9007	1.5049
9008	1.5025
9009	1.512
9010	1.5098
9011	1.5144
9012	1.5209
9013	1.523
9014	1.5235
9015	1.5319
9016	1.5361
9017	1.5341
9018	1.5298
9019	1.5278
9020	1.5405
9021	1.5451
9022	1.543
9023	1.5385
9024	1.5496
9025	1.5541
9026	1.552
9027	1.5518
9028	1.5475
9029	1.5565
9030	1.5587
9031	1.5563
9032	1.5657
9033	1.5678
9034	1.5633
9035	1.5656
9036	1.5747
9037	1.5746
9038	1.5768
9039	1.5723
9040	1.5836
9041	1.5813
9042	1.5857
9043	1.5834
9044	1.5945
9045	1.5992
9046	1.5971
9047	1.5925
9048	1.5901
9049	1.6018
9050	1.6009
9051	1.6037
9052	1.6109
9053	1.6102
9054	1.6083
9055	1.6129
9056	1.6201
9057	1.6221
9058	1.6196
9059	1.6175
9060	1.629
9061	1.6312
9062	1.6266
9063	1.6469
9064	1.6489
9065	1.6444
9066	1.658
9067	1.6626
9068	1.6606
9069	1.6563
9070	1.6534
9071	1.6651
9072	1.6672
9073	1.6742
9074	1.6763
9075	1.6739
9076	1.6718
9077	1.6852
9078	1.6898
9079	1.6876
9080	1.6875
9081	1.6831
9082	1.683
9083	1.6808
9084	0.9254
9085	0.92743
9086	0.9282
9087	0.4068
9088	0.40426
9089	0.40728
9090	0.40642
9091	0.40405
9092	0.40926
9093	0.40604
9094	0.40352
9095	0.40567
9096	0.40325
9097	0.40857
9098	0.40547
9099	0.40284
9100	0.40807
9101	0.4054
9102	0.40312
9103	1.6945
9104	1.6922
9105	0.41295
9106	0.40779
9107	0.41016
9108	0.41812
9109	0.41562
9110	0.92651
9111	0.92681
9112	0.92951
9113	0.9411
9114	0.9389
9115	0.93669
9116	0.93953
9117	0.92273
9118	0.92623
9119	0.92289
9120	0.4211
9121	0.42352
9122	0.42089
9123	0.41832
9124	0.42154
9125	0.42421
9126	0.41902
9127	0.42186
9128	0.42423
9129	0.41899
9130	0.42229
9131	0.42468
9132	0.42288
9133	0.42499
9134	0.42333
9135	0.42574
9136	0.42374
9137	0.42596
9138	0.42418
9139	0.42681
9140	0.42467
9141	0.42691
9142	0.42149
9143	0.42547
9144	0.42778
9145	0.42638
9146	0.42828
9147	0.42739
9148	0.42947
9149	0.4246
9150	0.42793
9151	0.43022
9152	0.4285
9153	0.43063
9154	0.42565
9155	0.42957
9156	0.43149
9157	0.43061
9158	0.43262
9159	0.42786
9160	0.43156
9161	0.43364
9162	0.43277
9163	0.43444
9164	0.42975
9165	0.43435
9166	0.43572
9167	0.43126
9168	0.43569
9169	0.43741
9170	0.43318
9171	0.43644
9172	0.43847
9173	0.43365
9174	0.43727
9175	0.43931
9176	0.43423
9177	0.43844
9178	0.44031
9179	0.43955
9180	0.44151
9181	0.43655
9182	0.44088
9183	0.44262
9184	0.43734
9185	0.44286
9186	0.44401
9187	0.43933
9188	0.44467
9189	0.44618
9190	0.44145
9191	0.44623
9192	0.44755
9193	0.44308
9194	0.44808
9195	0.44933
9196	0.45014
9197	0.45114
9198	0.45113
9199	0.45308
9200	0.44931
9201	0.45178
9202	0.45352
9203	0.44919
9204	0.45375
9205	0.45505
9206	0.45564
9207	0.45733
9208	0.45734
9209	0.45871
9210	0.45396
9211	0.45966
9212	0.46067
9213	0.45606
9214	0.4618
9215	0.46306
9216	0.45935
9217	0.46363
9218	0.46495
9219	0.46019
9220	0.46468
9221	0.46671
9222	0.46588
9223	0.46743
9224	0.46234
9225	0.46814
9226	0.46955
9227	0.46484
9228	0.47026
9229	0.47181
9230	0.4724
9231	0.4737
9232	0.46899
9233	0.4745
9234	0.47588
9235	0.47112
9236	0.47677
9237	0.47793
9238	0.47934
9239	0.48036
9240	0.47589
9241	0.48195
9242	0.48281
9243	0.47857
9244	0.48481
9245	0.48538
9246	0.48093
9247	0.48748
9248	0.48818
9249	0.48465
9250	0.48984
9251	0.49055
9252	0.48681
9253	0.49222
9254	0.49294
9255	0.48936
9256	0.49383
9257	0.49536
9258	0.49187
9259	0.49551
9260	0.49658
9261	0.49229
9262	0.49802
9263	0.49885
9264	0.50069
9265	0.50143
9266	0.50333
9267	0.50421
9268	0.50033
9269	0.50592
9270	0.50657
9271	0.50863
9272	0.5092
9273	0.5114
9274	0.51197
9275	0.50811
9276	0.51449
9277	0.51476
9278	0.51763
9279	0.51785
9280	0.52053
9281	0.52077
9282	0.51755
9283	0.52357
9284	0.52331
9285	0.52892
9286	0.52912
9287	0.52608
9288	0.53176
9289	0.53194
9290	0.53461
9291	0.53474
9292	0.53723
9293	0.53757
9294	0.53958
9295	0.54014
9296	0.54218
9297	0.54262
9298	0.54509
9299	0.54548
9300	0.54168
9301	0.54792
9302	0.54838
9303	0.54475
9304	0.55058
9305	0.55123
9306	0.54739
9307	0.55326
9308	0.55383
9309	0.54986
9310	0.55639
9311	0.55656
9312	0.55967
9313	0.55974
9314	0.55622
9315	0.56284
9316	0.56306
9317	0.5594
9318	0.56612
9319	0.56624
9320	0.5695
9321	0.5695
9322	0.56611
9323	0.57292
9324	0.57284
9325	0.57608
9326	0.57617
9327	0.57891
9328	0.57922
9329	0.58181
9330	0.58215
9331	0.57828
9332	0.58493
9333	0.58528
9334	0.58145
9335	0.58819
9336	0.58823
9337	0.58471
9338	0.59141
9339	0.59164
9340	0.58812
9341	0.59466
9342	0.59471
9343	0.59791
9344	0.59799
9345	0.59461
9346	0.60122
9347	0.60122
9348	0.59782
9349	0.60459
9350	0.60472
9351	0.60131
9352	0.60789
9353	0.60791
9354	0.60455
9355	0.61123
9356	0.61128
9357	0.60794
9358	0.61451
9359	0.61458
9360	0.6178
9361	0.61799
9362	0.61451
9363	0.6211
9364	0.62118
9365	0.61778
9366	0.62458
9367	0.62455
9368	0.62109
9369	0.6281
9370	0.62818
9371	0.6248
9372	0.63163
9373	0.6315
9374	0.62816
9375	0.63524
9376	0.63504
9377	0.63866
9378	0.63841
9379	0.63506
9380	0.6422
9381	0.64191
9382	0.63859
9383	0.64566
9384	0.64559
9385	0.64237
9386	0.64912
9387	0.64881
9388	0.64563
9389	0.65289
9390	0.6524
9391	0.64934
9392	0.65647
9393	0.65613
9394	0.65994
9395	0.65958
9396	0.65659
9397	0.66371
9398	0.66318
9399	0.66011
9400	0.66744
9401	0.66699
9402	0.66424
9403	0.67102
9404	0.6704
9405	0.66785
9406	0.67445
9407	0.67427
9408	0.67204
9409	0.67751
9410	0.67779
9411	0.6736
9412	0.68086
9413	0.68082
9414	0.67702
9415	0.68454
9416	0.6844
9417	0.68838
9418	0.68804
9419	0.68463
9420	0.69244
9421	0.69194
9422	0.69622
9423	0.69597
9424	0.69338
9425	0.69979
9426	0.69943
9427	0.69701
9428	0.70365
9429	0.7031
9430	0.70076
9431	0.70767
9432	0.7069
9433	0.7115
9434	0.71085
9435	0.7087
9436	0.71521
9437	0.7146
9438	0.71231
9439	0.7191
9440	0.71835
9441	0.7162
9442	0.72292
9443	0.72228
9444	0.72015
9445	0.7266
9446	0.72593
9447	0.7237
9448	0.73045
9449	0.72966
9450	0.73438
9451	0.73343
9452	0.73148
9453	0.73822
9454	0.73741
9455	0.73561
9456	0.74175
9457	0.74126
9458	0.7398
9459	0.74508
9460	0.74477
9461	0.74143
9462	0.74869
9463	0.74836
9464	0.74511
9465	0.75254
9466	0.75213
9467	0.75647
9468	0.75585
9469	0.75298
9470	0.76033
9471	0.75972
9472	0.75711
9473	0.76426
9474	0.76355
9475	0.76084
9476	0.76824
9477	0.76765
9478	0.77208
9479	0.77142
9480	0.76901
9481	0.77603
9482	0.7752
9483	0.77999
9484	0.77906
9485	0.77691
9486	0.78395
9487	0.78302
9488	0.78094
9489	0.78777
9490	0.78702
9491	0.78506
9492	0.79063
9493	0.79137
9494	0.78861
9495	0.79808
9496	0.79901
9497	0.79513
9498	0.80641
9499	0.80565
9500	0.80275
9501	0.8099
9502	0.80923
9503	0.80779
9504	0.81287
9505	0.81239
9506	0.81545
9507	0.81517
9508	0.81773
9509	0.81809
9510	0.82363
9511	0.82325
9512	0.82093
9513	0.82617
9514	0.8258
9515	0.82379
9516	0.82873
9517	0.8284
9518	0.82644
9519	0.83131
9520	0.83096
9521	0.82902
9522	0.83357
9523	0.83401
9524	0.83964
9525	0.83906
9526	0.83681
9527	0.8374
9528	0.8424
9529	0.84182
9530	0.84491
9531	0.84449
9532	0.84727
9533	0.84695
9534	0.84941
9535	0.84979
9536	0.85523
9537	0.85475
9538	0.8525
9539	0.85299
9540	0.85795
9541	0.85745
9542	0.86065
9543	0.86012
9544	0.85847
9545	0.86325
9546	0.86281
9547	0.86112
9548	0.86537
9549	0.86582
9550	0.87113
9551	0.87062
9552	0.86845
9553	0.86895
9554	0.87377
9555	0.87333
9556	0.87634
9557	0.87593
9558	0.87892
9559	0.87848
9560	0.87673
9561	0.88112
9562	0.88157
9563	0.88696
9564	0.88646
9565	0.88428
9566	0.88477
9567	0.8896
9568	0.88917
9569	0.89226
9570	0.8918
9571	0.89494
9572	0.89449
9573	0.89272
9574	0.89712
9575	0.89763
9576	0.90309
9577	0.90258
9578	0.90037
9579	0.90094
9580	0.90571
9581	0.90526
9582	0.90842
9583	0.90788
9584	0.91131
9585	0.91066
9586	0.91429
9587	0.91351
9588	0.91721
9589	0.91641
9590	0.91986
9591	0.91918
9592	0.92233
9593	0.92167
9594	0.92477
9595	0.92433
9596	0.92728
9597	0.92684
9598	0.9301
9599	0.92947
9600	0.93238
9601	0.93086
9602	0.93331
9603	0.94332
9604	0.93956
9605	0.94075
9606	0.94208
9607	0.9444
9608	0.9456
9609	0.9433
9610	0.94539
9611	0.9466
9612	0.94651
9613	0.94758
9614	0.94713
9615	0.94885
9616	0.94905
9617	0.94787
9618	0.94998
9619	0.95133
9620	0.94911
9621	0.9476
9622	0.95092
9623	0.95222
9624	0.94846
9625	0.95206
9626	0.95325
9627	0.94963
9628	0.95327
9629	0.95445
9630	0.95085
9631	0.95433
9632	0.95557
9633	0.95206
9634	0.95527
9635	0.95656
9636	0.95306
9637	0.95629
9638	0.95755
9639	0.95737
9640	0.95865
9641	0.95487
9642	0.95856
9643	0.95971
9644	0.95975
9645	0.96096
9646	0.95763
9647	0.96207
9648	0.95817
9649	0.96085
9650	0.96264
9651	0.96405
9652	0.96178
9653	0.96358
9654	0.96506
9655	0.96114
9656	0.96467
9657	0.96605
9658	0.96624
9659	0.96729
9660	0.96321
9661	0.96894
9662	0.96784
9663	0.9716
9664	0.96919
9665	0.97061
9666	0.96823
9667	0.97347
9668	0.97434
9669	0.97204
9670	0.97127
9671	0.97486
9672	0.97571
9673	0.97615
9674	0.97705
9675	0.97747
9676	0.9783
9677	0.97863
9678	0.97964
9679	0.97656
9680	0.97935
9681	0.98063
9682	0.97745
9683	0.98017
9684	0.9814
9685	0.98147
9686	0.98252
9687	0.98299
9688	0.98396
9689	0.98452
9690	0.9854
9691	0.98211
9692	0.9861
9693	0.98688
9694	0.98747
9695	0.98838
9696	0.98851
9697	0.98959
9698	0.98959
9699	0.99063
9700	0.98726
9701	0.99084
9702	0.99186
9703	0.99217
9704	0.99314
9705	0.98981
9706	0.99347
9707	0.9945
9708	0.99473
9709	0.99576
9710	0.99596
9711	0.9971
9712	0.99692
9713	0.99833
9714	0.9994
9715	0.99799
9716	0.99499
9717	1.0017
9718	1.0027
9719	0.99965
9720	1.0038
9721	1.0048
9722	1.0008
9723	1.0059
9724	1.0069
9725	1.0029
9726	1.0078
9727	1.0089
9728	1.0099
9729	1.0109
9730	1.0122
9731	1.0131
9732	1.0089
9733	1.0147
9734	1.0154
9735	1.0115
9736	1.0175
9737	1.0177
9738	1.0139
9739	1.02
9740	1.0214
9741	1.0204
9742	1.017
9743	1.023
9744	1.0211
9745	1.0191
9746	1.0262
9747	1.0215
9748	1.0226
9749	1.025
9750	1.0297
9751	1.0306
9752	1.0262
9753	1.0274
9754	1.0319
9755	1.0331
9756	1.0285
9757	1.0341
9758	1.0351
9759	1.0361
9760	1.0375
9761	1.0328
9762	1.0382
9763	1.0393
9764	1.0409
9765	1.0417
9766	1.0371
9767	1.0436
9768	1.0443
9769	1.046
9770	1.0467
9771	1.0482
9772	1.0488
9773	1.0497
9774	1.0507
9775	1.048
9776	1.0514
9777	1.0519
9778	1.0485
9779	1.0491
9780	1.0536
9781	1.054
9782	1.052
9783	1.0553
9784	1.0558
9785	1.053
9786	1.0569
9787	1.0574
9788	1.0585
9789	1.059
9790	1.0601
9791	1.0606
9792	1.058
9793	1.0618
9794	1.0623
9795	1.0597
9796	1.0637
9797	1.064
9798	1.0656
9799	1.0659
9800	1.0675
9801	1.0678
9802	1.0697
9803	1.0695
9804	1.0674
9805	1.0732
9806	1.0734
9807	1.0713
9808	1.0752
9809	1.0753
9810	1.0729
9811	1.0774
9812	1.0774
9813	1.0797
9814	1.0797
9815	1.0777
9816	1.0818
9817	1.0818
9818	1.0837
9819	1.0838
9820	1.0817
9821	1.0857
9822	1.0856
9823	1.0922
9824	1.0922
9825	1.0899
9826	1.0899
9827	1.0946
9828	1.0946
9829	1.0923
9830	1.0997
9831	1.0994
9832	1.0971
9833	1.0973
9834	1.1024
9835	1.102
9836	1.1002
9837	1.105
9838	1.1046
9839	1.1029
9840	1.1075
9841	1.1071
9842	1.1055
9843	1.11
9844	1.1095
9845	1.108
9846	1.1125
9847	1.1121
9848	1.1145
9849	1.115
9850	1.1129
9851	1.1195
9852	1.1175
9853	1.1201
9854	1.1252
9855	1.1246
9856	1.1226
9857	1.1278
9858	1.1272
9859	1.1257
9860	1.1298
9861	1.1305
9862	1.136
9863	1.1352
9864	1.1332
9865	1.1388
9866	1.138
9867	1.1368
9868	1.1416
9869	1.1407
9870	1.1444
9871	1.1435
9872	1.1426
9873	1.1472
9874	1.1463
9875	1.1499
9876	1.149
9877	1.1527
9878	1.1517
9879	1.1555
9880	1.1545
9881	1.1536
9882	1.1574
9883	1.1584
9884	1.1565
9885	1.1631
9886	1.1644
9887	1.1614
9888	1.1625
9889	1.1706
9890	1.1675
9891	1.1691
9892	1.1688
9893	1.1773
9894	1.1755
9895	1.1739
9896	1.181
9897	1.1789
9898	1.1792
9899	1.1845
9900	1.1824
9901	1.188
9902	1.1859
9903	1.1866
9904	1.1903
9905	1.1913
9906	1.1893
9907	1.1928
9908	1.1889
9909	1.1938
9910	1.1967
9911	1.2085
9912	1.2057
9913	1.2074
9914	1.2045
9915	1.2125
9916	1.2101
9917	1.2144
9918	1.2167
9919	1.2235
9920	1.2258
9921	1.2212
9922	1.2351
9923	1.2329
9924	1.2305
9925	1.2398
9926	1.2374
9927	1.2445
9928	1.2419
9929	1.2491
9930	1.2466
9931	1.247
9932	1.2511
9933	1.2537
9934	1.2628
9935	1.2602
9936	1.2582
9937	1.2673
9938	1.2648
9939	1.2653
9940	1.2719
9941	1.2693
9942	1.2764
9943	1.2739
9944	1.2744
9945	1.2784
9946	1.2809
9947	1.2789
9948	1.2875
9949	1.2901
9950	1.2855
9951	1.2992
9952	1.2967
9953	1.2946
9954	1.3038
9955	1.3013
9956	1.3018
9957	1.3059
9958	1.3084
9959	1.315
9960	1.3156
9961	1.3176
9962	1.313
9963	1.3267
9964	1.324
9965	1.3221
9966	1.3313
9967	1.3285
9968	1.3295
9969	1.3359
9970	1.3329
9971	1.3404
9972	1.3376
9973	1.3387
9974	1.345
9975	1.3423
9976	1.3495
9977	1.3468
9978	1.3538
9979	1.3512
9980	1.3577
9981	1.3554
9982	1.3567
9983	1.3632
9984	1.3604
9985	1.3627
9986	1.3594
9987	1.3672
9988	1.3647
9989	1.3646
9990	1.3717
9991	1.3692
9992	1.3693
9993	1.3764
9994	1.3738
9995	1.3783
9996	1.381
9997	1.3902
9998	1.3874
9999	1.3855
10000	1.3949
10001	1.3921
10002	1.3994
10003	1.3965
10004	1.3978
10005	1.4039
10006	1.4011
10007	1.4025
10008	1.4082
10009	1.4056
10010	1.4126
10011	1.41
10012	1.417
10013	1.4145
10014	1.4216
10015	1.419
10016	1.4193
10017	1.4237
10018	1.4263
10019	1.4328
10020	1.431
10021	1.4353
10022	1.445
10023	1.4421
10024	1.4492
10025	1.4464
10026	1.4537
10027	1.4509
10028	1.4582
10029	1.4555
10030	1.456
10031	1.4627
10032	1.46
10033	1.4645
10034	1.4653
10035	1.4672
10036	1.4733
10037	1.4763
10038	1.4748
10039	1.4718
10040	1.4854
10041	1.4827
10042	1.4838
10043	1.4809
10044	1.4898
10045	1.4872
10046	1.4937
10047	1.4914
10048	1.4927
10049	1.4994
10050	1.4965
10051	1.4992
10052	1.4955
10053	1.5036
10054	1.5008
10055	1.5011
10056	1.5081
10057	1.5053
10058	1.5125
10059	1.5097
10060	1.5111
10061	1.5167
10062	1.514
10063	1.5207
10064	1.5184
10065	1.5197
10066	1.5247
10067	1.5226
10068	1.5217
10069	1.5292
10070	1.5269
10071	1.5258
10072	1.5317
10073	1.5342
10074	1.5411
10075	1.5437
10076	1.539
10077	1.5529
10078	1.5505
10079	1.5483
10080	1.5575
10081	1.5549
10082	1.5553
10083	1.562
10084	1.5595
10085	1.5666
10086	1.564
10087	1.5712
10088	1.5686
10089	1.5757
10090	1.5731
10091	1.5738
10092	1.5777
10093	1.5803
10094	1.5784
10095	1.5894
10096	1.5868
10097	1.5849
10098	1.5877
10099	1.594
10100	1.5914
10101	1.5986
10102	1.596
10103	1.6032
10104	1.6005
10105	1.6049
10106	1.6075
10107	1.607
10108	1.6138
10109	1.614
10110	1.6118
10111	1.6163
10112	1.6255
10113	1.623
10114	1.621
10115	1.63
10116	1.6274
10117	1.6283
10118	1.6345
10119	1.6319
10120	1.6392
10121	1.6366
10122	1.6373
10123	1.6438
10124	1.6412
10125	1.6421
10126	1.6483
10127	1.6457
10128	1.6502
10129	1.6529
10130	1.6618
10131	1.6593
10132	1.6613
10133	1.6575
10134	1.6661
10135	1.6636
10136	1.6634
10137	1.6681
10138	1.6706
10139	1.6796
10140	1.677
10141	1.6751
10142	1.684
10143	1.6814
10144	1.6822
10145	1.6883
10146	1.6857
10147	1.6902
10148	1.6924
10149	1.6992
10150	1.6967
10151	1.6983
10152	1.7017
10153	0.42337
10154	0.42081
10155	0.42087
10156	0.40266
10157	0.40506
10158	1.6992
10159	1.6968
10160	1.697
10161	1.702
10162	1.7045
10163	1.6971
10164	1.6925
10165	1.6946
10166	1.6876
10167	1.683
10168	1.6788
10169	1.6745
10170	1.67
10171	1.6725
10172	1.6656
10173	1.6611
10174	1.6567
10175	1.6522
10176	1.6548
10177	1.6431
10178	1.6477
10179	1.6386
10180	1.634
10181	1.6294
10182	1.6248
10183	1.6204
10184	1.6158
10185	1.6184
10186	1.6113
10187	1.6067
10188	1.6093
10189	1.6023
10190	1.5979
10191	1.5934
10192	1.5888
10193	1.5842
10194	1.5797
10195	1.5823
10196	1.5751
10197	1.5705
10198	1.566
10199	1.5614
10200	1.5569
10201	1.5525
10202	1.548
10203	1.5433
10204	1.5459
10205	1.5387
10206	1.534
10207	1.5365
10208	1.5294
10209	1.5249
10210	1.5204
10211	1.5157
10212	1.5112
10213	1.5069
10214	1.5025
10215	1.4979
10216	1.4932
10217	1.4888
10218	1.4844
10219	1.4799
10220	1.4751
10221	1.4781
10222	1.4705
10223	1.4662
10224	1.4689
10225	1.4618
10226	1.4573
10227	1.4527
10228	1.4481
10229	1.4435
10230	1.4389
10231	1.4393
10232	1.4345
10233	1.437
10234	1.4301
10235	1.4256
10236	1.4283
10237	1.4211
10238	1.4165
10239	1.4119
10240	1.4074
10241	1.4028
10242	1.3981
10243	1.3937
10244	1.3893
10245	1.3848
10246	1.3803
10247	1.3829
10248	1.3757
10249	1.3712
10250	1.3666
10251	1.3619
10252	1.3573
10253	1.3529
10254	1.3485
10255	1.344
10256	1.3395
10257	1.3347
10258	1.3302
10259	1.3258
10260	1.3213
10261	1.3168
10262	1.3195
10263	1.3123
10264	1.3078
10265	1.3103
10266	1.3034
10267	1.2988
10268	1.2942
10269	1.2895
10270	1.2921
10271	1.285
10272	1.2804
10273	1.283
10274	1.2759
10275	1.2713
10276	1.2668
10277	1.2623
10278	1.2577
10279	1.2486
10280	1.2532
10281	1.244
10282	1.2395
10283	1.2351
10284	1.2307
10285	1.226
10286	1.2283
10287	1.2212
10288	1.2166
10289	1.2188
10290	1.212
10291	1.2074
10292	1.2031
10293	1.1991
10294	1.2019
10295	1.195
10296	1.1979
10297	1.1908
10298	1.1872
10299	1.1838
10300	1.1803
10301	1.1771
10302	1.1739
10303	1.1723
10304	1.1708
10305	1.1649
10306	1.1661
10307	1.1678
10308	1.162
10309	1.1592
10310	1.1602
10311	1.1563
10312	1.1535
10313	1.1481
10314	1.1508
10315	1.1454
10316	1.1426
10317	1.1399
10318	1.1372
10319	1.1345
10320	1.1318
10321	1.1325
10322	1.1292
10323	1.1266
10324	1.1241
10325	1.1215
10326	1.1221
10327	1.119
10328	1.1165
10329	1.117
10330	1.114
10331	1.1116
10332	1.1091
10333	1.1066
10334	1.1041
10335	1.1017
10336	1.0992
10337	1.0969
10338	1.097
10339	1.0945
10340	1.0922
10341	1.09
10342	1.09
10343	1.0879
10344	1.0878
10345	1.0859
10346	1.0839
10347	1.0818
10348	1.0797
10349	1.0776
10350	1.0756
10351	1.0737
10352	1.0718
10353	1.0716
10354	1.0699
10355	1.068
10356	1.0662
10357	1.0644
10358	1.0628
10359	1.0611
10360	1.0595
10361	1.0579
10362	1.0562
10363	1.0544
10364	1.0528
10365	1.0513
10366	1.0494
10367	1.0473
10368	1.0451
10369	1.0427
10370	1.0407
10371	1.0385
10372	1.0362
10373	1.034
10374	1.0318
10375	1.0297
10376	1.0286
10377	1.0276
10378	1.0259
10379	1.024
10380	1.0244
10381	1.0227
10382	1.0206
10383	1.0184
10384	1.0162
10385	1.014
10386	1.0119
10387	1.0099
10388	1.0078
10389	1.0058
10390	1.0037
10391	1.0008
10392	1.002
10393	0.99947
10394	0.99812
10395	0.99679
10396	0.99547
10397	0.99416
10398	0.9929
10399	0.99171
10400	0.9905
10401	0.98916
10402	0.98775
10403	0.98636
10404	0.985
10405	0.98374
10406	0.98268
10407	0.98165
10408	0.98047
10409	0.9792
10410	0.9779
10411	0.97658
10412	0.97526
10413	0.97396
10414	0.97297
10415	0.97267
10416	0.97137
10417	0.97026
10418	0.96999
10419	0.96867
10420	0.96753
10421	0.96648
10422	0.96546
10423	0.9644
10424	0.96319
10425	0.96328
10426	0.96211
10427	0.96099
10428	0.9599
10429	0.95884
10430	0.9578
10431	0.95675
10432	0.95564
10433	0.95455
10434	0.95356
10435	0.95257
10436	0.95152
10437	0.95035
10438	0.95076
10439	0.94991
10440	0.94879
10441	0.9478
10442	0.94677
10443	0.94571
10444	0.94448
10445	0.94463
10446	0.94364
10447	0.94207
10448	0.94294
10449	0.93739
10450	0.93688
10451	0.94074
10452	0.93457
10453	0.9355
10454	0.93175
10455	0.92903
10456	0.9264
10457	0.92367
10458	0.92099
10459	0.91838
10460	0.91563
10461	0.91286
10462	0.91012
10463	0.90744
10464	0.90476
10465	0.90204
10466	0.89932
10467	0.89983
10468	0.89668
10469	0.89404
10470	0.89137
10471	0.88868
10472	0.88599
10473	0.88335
10474	0.88381
10475	0.88068
10476	0.87807
10477	0.87549
10478	0.87283
10479	0.87013
10480	0.86751
10481	0.86795
10482	0.86493
10483	0.86229
10484	0.85962
10485	0.85696
10486	0.8543
10487	0.85167
10488	0.85204
10489	0.8491
10490	0.84654
10491	0.84392
10492	0.84125
10493	0.83856
10494	0.83586
10495	0.8363
10496	0.83322
10497	0.83063
10498	0.82803
10499	0.82542
10500	0.82279
10501	0.82012
10502	0.82048
10503	0.81745
10504	0.8147
10505	0.81173
10506	0.80847
10507	0.80493
10508	0.80109
10509	0.80202
10510	0.797
10511	0.79331
10512	0.79405
10513	0.78987
10514	0.78609
10515	0.7821
10516	0.77823
10517	0.77455
10518	0.77083
10519	0.76695
10520	0.76295
10521	0.7591
10522	0.75544
10523	0.7518
10524	0.74804
10525	0.74428
10526	0.74044
10527	0.73647
10528	0.73265
10529	0.72899
10530	0.72529
10531	0.72154
10532	0.71775
10533	0.71396
10534	0.71009
10535	0.70635
10536	0.70275
10537	0.69919
10538	0.69547
10539	0.69161
10540	0.68791
10541	0.68436
10542	0.6811
10543	0.67762
10544	0.67365
10545	0.66995
10546	0.66647
10547	0.66283
10548	0.65924
10549	0.65564
10550	0.65209
10551	0.64874
10552	0.6453
10553	0.64166
10554	0.63821
10555	0.63491
10556	0.63158
10557	0.62815
10558	0.62463
10559	0.62137
10560	0.61806
10561	0.61464
10562	0.61131
10563	0.60805
10564	0.60472
10565	0.6013
10566	0.59804
10567	0.59494
10568	0.59169
10569	0.58858
10570	0.58562
10571	0.58246
10572	0.57932
10573	0.5761
10574	0.57284
10575	0.56963
10576	0.56647
10577	0.56314
10578	0.55992
10579	0.55712
10580	0.55447
10581	0.55169
10582	0.54877
10583	0.54591
10584	0.54318
10585	0.54047
10586	0.5377
10587	0.53492
10588	0.53214
10589	0.52934
10590	0.52657
10591	0.5263
10592	0.52381
10593	0.52099
10594	0.51812
10595	0.51533
10596	0.51255
10597	0.50985
10598	0.50744
10599	0.50494
10600	0.50225
10601	0.49992
10602	0.4981
10603	0.49607
10604	0.49366
10605	0.49124
10606	0.48875
10607	0.48623
10608	0.48382
10609	0.48152
10610	0.47931
10611	0.47717
10612	0.47524
10613	0.47321
10614	0.47109
10615	0.46945
10616	0.46802
10617	0.46621
10618	0.46407
10619	0.46204
10620	0.4604
10621	0.45863
10622	0.45679
10623	0.45546
10624	0.45408
10625	0.45238
10626	0.45064
10627	0.44905
10628	0.44732
10629	0.44574
10630	0.44457
10631	0.44337
10632	0.44233
10633	0.44132
10634	0.44018
10635	0.43877
10636	0.43738
10637	0.43652
10638	0.43564
10639	0.43453
10640	0.43362
10641	0.43291
10642	0.4323
10643	0.43137
10644	0.43058
10645	0.43001
10646	0.42952
10647	0.42902
10648	0.42837
10649	0.42784
10650	0.42736
10651	0.42703
10652	0.42688
10653	0.42661
10654	0.42646
10655	0.42634
10656	0.42385
10657	0.4261
10658	0.92665
10659	0.9264
10660	0.9298
10661	0.93271
10662	0.42355
10663	0.41831
10664	1.7024
10665	1.7
10666	1.7034
10667	1.702
10668	1.6998
10669	1.7014
10670	1.6989
10671	1.6945
10672	1.6901
10673	1.6856
10674	1.6811
10675	1.6766
10676	1.6787
10677	1.6721
10678	1.6676
10679	1.6696
10680	1.6631
10681	1.6589
10682	1.6544
10683	1.6495
10684	1.6515
10685	1.6449
10686	1.6404
10687	1.6424
10688	1.6359
10689	1.638
10690	1.6314
10691	1.6335
10692	1.6269
10693	1.6226
10694	1.6245
10695	1.6183
10696	1.6136
10697	1.6156
10698	1.609
10699	1.6045
10700	1.6064
10701	1.5998
10702	1.5951
10703	1.5906
10704	1.586
10705	1.5881
10706	1.5814
10707	1.5769
10708	1.5791
10709	1.5725
10710	1.568
10711	1.5702
10712	1.5635
10713	1.559
10714	1.5611
10715	1.5545
10716	1.5499
10717	1.5454
10718	1.5409
10719	1.5364
10720	1.532
10721	1.5274
10722	1.5227
10723	1.5254
10724	1.5181
10725	1.5184
10726	1.5139
10727	1.5162
10728	1.5095
10729	1.505
10730	1.5073
10731	1.5004
10732	1.4958
10733	1.4912
10734	1.4866
10735	1.4887
10736	1.4821
10737	1.4842
10738	1.4774
10739	1.4796
10740	1.4728
10741	1.475
10742	1.4683
10743	1.4705
10744	1.464
10745	1.4595
10746	1.4617
10747	1.4551
10748	1.4506
10749	1.4527
10750	1.4463
10751	1.4419
10752	1.4437
10753	1.4372
10754	1.4324
10755	1.4343
10756	1.4278
10757	1.4234
10758	1.4252
10759	1.4188
10760	1.4209
10761	1.4142
10762	1.4162
10763	1.4097
10764	1.4051
10765	1.4006
10766	1.3961
10767	1.3981
10768	1.3915
10769	1.3871
10770	1.3893
10771	1.3826
10772	1.378
10773	1.3802
10774	1.3735
10775	1.369
10776	1.3711
10777	1.3647
10778	1.3602
10779	1.3554
10780	1.3508
10781	1.3462
10782	1.3417
10783	1.3437
10784	1.3374
10785	1.333
10786	1.3348
10787	1.3283
10788	1.3238
10789	1.3259
10790	1.3192
10791	1.3147
10792	1.3168
10793	1.3102
10794	1.3056
10795	1.301
10796	1.2965
10797	1.2987
10798	1.292
10799	1.2875
10800	1.2895
10801	1.2829
10802	1.2783
10803	1.2804
10804	1.2738
10805	1.2692
10806	1.2713
10807	1.2647
10808	1.2602
10809	1.2621
10810	1.2556
10811	1.251
10812	1.2531
10813	1.2464
10814	1.2419
10815	1.244
10816	1.2374
10817	1.2329
10818	1.2286
10819	1.2241
10820	1.226
10821	1.2195
10822	1.2152
10823	1.217
10824	1.2107
10825	1.2066
10826	1.2082
10827	1.2024
10828	1.1981
10829	1.1941
10830	1.1905
10831	1.1921
10832	1.1873
10833	1.1843
10834	1.1859
10835	1.1815
10836	1.1818
10837	1.179
10838	1.1805
10839	1.1766
10840	1.174
10841	1.1757
10842	1.1713
10843	1.1685
10844	1.1702
10845	1.1658
10846	1.163
10847	1.1603
10848	1.1576
10849	1.1593
10850	1.1548
10851	1.1521
10852	1.1538
10853	1.1494
10854	1.144
10855	1.1467
10856	1.1413
10857	1.1429
10858	1.1388
10859	1.1364
10860	1.1337
10861	1.1361
10862	1.131
10863	1.1285
10864	1.1259
10865	1.128
10866	1.1233
10867	1.1207
10868	1.1227
10869	1.1181
10870	1.1156
10871	1.1131
10872	1.1106
10873	1.1081
10874	1.1056
10875	1.1077
10876	1.1032
10877	1.1007
10878	1.0983
10879	1.0959
10880	1.0911
10881	1.0935
10882	1.0887
10883	1.0864
10884	1.0841
10885	1.0794
10886	1.0817
10887	1.0771
10888	1.0749
10889	1.0727
10890	1.0706
10891	1.0686
10892	1.0665
10893	1.0644
10894	1.0623
10895	1.0602
10896	1.0624
10897	1.0582
10898	1.0562
10899	1.0585
10900	1.0542
10901	1.0545
10902	1.0522
10903	1.0484
10904	1.0505
10905	1.0502
10906	1.0466
10907	1.0448
10908	1.043
10909	1.0435
10910	1.0413
10911	1.0378
10912	1.04
10913	1.0395
10914	1.0362
10915	1.0346
10916	1.033
10917	1.0315
10918	1.0336
10919	1.0301
10920	1.0272
10921	1.0287
10922	1.0258
10923	1.0279
10924	1.0244
10925	1.023
10926	1.0217
10927	1.0203
10928	1.0233
10929	1.0185
10930	1.0164
10931	1.0199
10932	1.0142
10933	1.0118
10934	1.0097
10935	1.0076
10936	1.0112
10937	1.0054
10938	1.0032
10939	1.001
10940	0.9987
10941	1.0023
10942	0.99643
10943	0.9943
10944	0.99767
10945	0.99209
10946	0.98995
10947	0.98788
10948	0.98583
10949	0.98383
10950	0.9818
10951	0.97998
10952	0.97807
10953	0.97586
10954	0.97389
10955	0.97667
10956	0.97214
10957	0.97055
10958	0.96909
10959	0.96774
10960	0.97006
10961	0.96643
10962	0.96509
10963	0.96742
10964	0.96374
10965	0.96237
10966	0.95976
10967	0.96102
10968	0.95863
10969	0.95752
10970	0.95984
10971	0.95631
10972	0.95499
10973	0.95362
10974	0.95465
10975	0.95228
10976	0.94859
10977	0.9497
10978	0.94754
10979	0.94991
10980	0.94637
10981	0.94512
10982	0.94763
10983	0.94385
10984	0.94256
10985	0.94126
10986	0.93993
10987	0.94228
10988	0.93862
10989	0.93746
10990	0.93956
10991	0.93644
10992	0.93544
10993	0.93432
10994	0.93301
10995	0.93555
10996	0.93168
10997	0.9305
10998	0.9295
10999	0.92844
11000	0.93064
11001	0.92728
11002	0.92625
11003	0.92529
11004	0.92429
11005	0.92665
11006	0.92318
11007	0.922
11008	0.9243
11009	0.92076
11010	0.91941
11011	0.92165
11012	0.91779
11013	0.91562
11014	0.91294
11015	0.91007
11016	0.91263
11017	0.90714
11018	0.90419
11019	0.90652
11020	0.9013
11021	0.89851
11022	0.90058
11023	0.89581
11024	0.89315
11025	0.89545
11026	0.89047
11027	0.88776
11028	0.89014
11029	0.885
11030	0.88221
11031	0.87944
11032	0.87669
11033	0.87896
11034	0.87393
11035	0.87119
11036	0.87345
11037	0.86852
11038	0.86589
11039	0.86811
11040	0.86324
11041	0.86051
11042	0.86282
11043	0.85777
11044	0.85504
11045	0.85725
11046	0.85232
11047	0.84965
11048	0.8518
11049	0.84699
11050	0.84429
11051	0.84649
11052	0.84162
11053	0.839
11054	0.84122
11055	0.83635
11056	0.8337
11057	0.83592
11058	0.83099
11059	0.8283
11060	0.83048
11061	0.82569
11062	0.82303
11063	0.82513
11064	0.82037
11065	0.8178
11066	0.81988
11067	0.8153
11068	0.81278
11069	0.81516
11070	0.81018
11071	0.80752
11072	0.80987
11073	0.80481
11074	0.80218
11075	0.79963
11076	0.79717
11077	0.79482
11078	0.79226
11079	0.78942
11080	0.78611
11081	0.78237
11082	0.77857
11083	0.77473
11084	0.77091
11085	0.76731
11086	0.77045
11087	0.76362
11088	0.75991
11089	0.76289
11090	0.75617
11091	0.75227
11092	0.75519
11093	0.74835
11094	0.74449
11095	0.74778
11096	0.74059
11097	0.73664
11098	0.74
11099	0.73282
11100	0.72902
11101	0.72515
11102	0.7212
11103	0.72439
11104	0.71746
11105	0.71364
11106	0.70969
11107	0.70586
11108	0.70227
11109	0.69863
11110	0.69469
11111	0.69103
11112	0.68731
11113	0.68367
11114	0.67992
11115	0.67598
11116	0.67221
11117	0.66842
11118	0.67156
11119	0.66486
11120	0.66136
11121	0.66501
11122	0.65767
11123	0.65401
11124	0.65762
11125	0.65048
11126	0.64685
11127	0.65038
11128	0.64322
11129	0.63967
11130	0.64309
11131	0.63603
11132	0.63249
11133	0.63578
11134	0.62897
11135	0.62547
11136	0.6287
11137	0.62197
11138	0.61834
11139	0.62177
11140	0.61484
11141	0.61134
11142	0.61476
11143	0.60784
11144	0.60443
11145	0.6078
11146	0.60101
11147	0.5975
11148	0.60093
11149	0.59414
11150	0.59064
11151	0.59429
11152	0.58725
11153	0.58394
11154	0.58749
11155	0.58047
11156	0.57727
11157	0.58065
11158	0.57395
11159	0.57066
11160	0.56746
11161	0.56429
11162	0.56761
11163	0.56108
11164	0.55773
11165	0.56093
11166	0.55446
11167	0.55148
11168	0.55447
11169	0.54842
11170	0.54511
11171	0.54843
11172	0.54192
11173	0.53891
11174	0.54196
11175	0.53596
11176	0.53263
11177	0.53645
11178	0.52932
11179	0.52623
11180	0.52952
11181	0.52329
11182	0.52038
11183	0.5237
11184	0.51759
11185	0.5147
11186	0.51802
11187	0.51167
11188	0.50875
11189	0.51204
11190	0.50588
11191	0.50308
11192	0.50635
11193	0.5003
11194	0.49773
11195	0.50092
11196	0.49542
11197	0.49295
11198	0.49615
11199	0.49011
11200	0.49355
11201	0.48729
11202	0.49069
11203	0.48469
11204	0.48209
11205	0.47949
11206	0.47702
11207	0.4744
11208	0.47161
11209	0.47495
11210	0.46909
11211	0.46477
11212	0.46688
11213	0.46273
11214	0.46594
11215	0.46034
11216	0.45558
11217	0.45771
11218	0.45356
11219	0.45688
11220	0.45131
11221	0.44685
11222	0.44911
11223	0.44472
11224	0.44799
11225	0.44282
11226	0.43905
11227	0.44077
11228	0.43736
11229	0.44079
11230	0.43556
11231	0.43191
11232	0.43385
11233	0.4299
11234	0.43322
11235	0.42783
11236	0.42649
11237	0.42909
11238	0.4255
11239	0.42412
11240	0.42744
11241	0.42247
11242	0.42067
11243	0.42388
11244	0.41932
11245	0.41807
11246	0.42134
11247	0.41692
11248	0.41578
11249	0.41904
11250	0.41443
11251	0.41323
11252	0.41632
11253	0.41203
11254	0.41092
11255	0.41373
11256	0.41003
11257	0.40909
11258	0.41193
11259	0.40774
11260	0.40646
11261	0.409
11262	0.40546
11263	0.40485
11264	0.40704
11265	0.4047
11266	0.40434
11267	0.40713
11268	0.40332
11269	0.40253
11270	0.40538
11271	0.40231
11272	0.40187
11273	0.4049
11274	0.4015
11275	0.40114
11276	0.40072
11277	0.4004
11278	0.40047
11279	0.40037
11280	0.40003
11281	0.40245
11282	0.93685
11283	0.93596
11284	0.92903
11285	0.93223
11286	0.93025
11287	0.92999
11288	0.9352
11289	0.93319
11290	0.93467
11291	0.93405
11292	0.93805
11293	0.93315
11294	1.0505
11295	1.546
11296	0.89625
11297	0.89514
11298	0.87654
11299	0.86337
11300	0.84405
11301	0.84647
11302	0.83071
11303	1.0006
11304	1.296
11305	1.2935
11306	0.47382
11307	0.46509
11308	0.48078
11309	0.48398
11310	0.52307
11311	0.51981
11312	0.45728
11313	0.47511
11314	1.0309
11315	0.4613
11316	1.0482
11317	0.44846
11318	0.44234
11319	1.6356
11320	1.4182
11321	1.1683
11322	1.4202
11323	0.77786
11324	0.77904
11325	0.78205
11326	1.3136
11327	1.3182
11328	0.47754
11329	0.95189
11330	0.95096
11331	1.6402
11332	1.4821
11333	0.66465
11334	0.66887
11335	0.71331
11336	0.71043
11337	0.70951
11338	0.63498
11339	0.63876
11340	0.62131
11341	0.62486
11342	0.75763
11343	0.75363
11344	0.43008
11345	0.42823
11346	0.59453
11347	0.59792
11348	0.58123
11349	0.58464
11350	0.55595
11351	0.45267
11352	0.54421
11353	0.54666
11354	1.0189
11355	1.0227
11356	1.0204
11357	1.0239
11358	1.4728
11359	1.1657
11360	1.1671
11361	1.1638
11362	0.64234
11363	0.64585
11364	0.73372
11365	0.73272
11366	0.7372
11367	0.60128
11368	0.60461
11369	0.57792
11370	0.66064
11371	0.65676
11372	0.61777
11373	0.61449
11374	0.43432
11375	0.43578
11376	0.45575
11377	0.54134
11378	0.53794
11379	1.5831
11380	1.5859
11381	1.5812
11382	1.5723
11383	1.5768
11384	1.5745
11385	1.3667
11386	1.404
11387	1.401
11388	1.0777
11389	1.2658
11390	1.1154
11391	1.475
11392	1.4773
11393	1.4792
11394	1.5229
11395	1.5221
11396	1.0924
11397	1.0901
11398	1.09
11399	1.4352
11400	1.0877
11401	0.82697
11402	0.82485
11403	0.82448
11404	1.1181
11405	0.87496
11406	0.87311
11407	0.89096
11408	0.88914
11409	1.6166
11410	1.6113
11411	0.96976
11412	0.96674
11413	0.96899
11414	0.96739
11415	0.49413
11416	1.6974
11417	1.1312
11418	0.99694
11419	1.1829
11420	1.4227
11421	1.3202
11422	1.5017
11423	1.0948
11424	1.095
11425	1.0924
11426	0.81695
11427	0.81929
11428	0.43733
11429	0.44407
11430	0.52738
11431	0.43222
11432	0.41093
11433	0.45245
11434	0.46099
11435	0.46983
11436	1.2774
11437	1.2749
11438	0.68081
11439	0.94607
11440	0.94717
11441	1.2557
11442	1.1877
11443	1.6091
11444	0.96679
11445	1.4752
11446	1.4776
11447	1.4729
11448	1.0692
11449	1.0664
11450	1.0672
11451	0.9616
11452	0.94842
11453	0.94965
11454	1.3306
11455	0.98645
11456	0.9831
11457	0.98534
11458	0.99664
11459	0.99364
11460	1.0134
11461	1.0107
11462	0.94461
11463	1.1226
11464	1.1245
11465	1.0634
11466	1.0629
11467	0.97873
11468	1.4307
11469	0.94713
11470	0.99988
11471	0.87452
11472	0.85773
11473	0.9401
11474	0.85232
11475	1.035
11476	0.82309
11477	0.81024
11478	0.8084
11479	1.3115
11480	1.311
11481	0.83064
11482	0.84706
11483	1.0959
11484	1.0968
11485	0.86361
11486	1.0853
11487	0.87947
11488	1.0162
11489	0.89736
11490	0.90004
11491	1.1722
11492	1.1063
11493	1.1059
11494	0.49674
11495	0.89953
11496	0.90226
11497	1.2567
11498	1.2562
11499	1.3095
11500	0.95112
11501	1.4863
11502	1.3837
11503	1.3844
11504	1.6433
11505	1.6377
11506	0.89818
11507	0.8966
11508	0.89875
11509	0.88206
11510	0.88255
11511	0.86626
11512	0.86464
11513	0.86676
11514	0.85017
11515	0.84831
11516	0.85067
11517	0.83451
11518	0.83267
11519	0.8351
11520	0.94249
11521	0.94605
11522	0.80395
11523	0.94114
11524	1.1298
11525	0.88542
11526	0.88727
11527	0.85713
11528	0.84104
11529	0.82292
11530	1.076
11531	0.98124
11532	0.98181
11533	1.0839
11534	0.90825
11535	1.0036
11536	1.3964
11537	1.0648
11538	1.0667
11539	1.0656
11540	1.0694
11541	1.0689
11542	1.0716
11543	1.1962
11544	1.1484
11545	1.0279
11546	0.58463
11547	0.59791
11548	0.61123
11549	0.74992
11550	0.62487
11551	0.63892
11552	0.71803
11553	0.6534
11554	0.99044
11555	0.48882
11556	1.1101
11557	0.89962
11558	0.43986
11559	0.57775
11560	1.1704
11561	1.1041
11562	1.1038
11563	1.1017
11564	1.1019
11565	0.59112
11566	0.43142
11567	0.75743
11568	0.61785
11569	0.74196
11570	0.74147
11571	0.63161
11572	1.484
11573	0.71726
11574	0.66118
11575	0.6731
11576	1.468
11577	1.4658
11578	1.6189
11579	1.6193
11580	1.2984
11581	1.3005
11582	1.579
11583	1.4818
11584	1.1846
11585	1.1043
11586	0.40745
11587	1.2799
11588	1.2794
11589	1.673
11590	1.6735
11591	1.6401
11592	1.6091
11593	1.2928
11594	1.1546
11595	1.1526
11596	1.0249
11597	1.1557
11598	1.1537
11599	1.1569
11600	1.0672
11601	1.0698
11602	1.1206
11603	1.5556
11604	1.107
11605	1.1045
11606	0.97336
11607	0.69522
11608	0.64608
11609	0.60458
11610	1.0877
11611	0.7859
11612	0.82114
11613	1.5701
11614	1.2064
11615	1.1595
11616	0.97562
11617	0.97776
11618	0.69418
11619	0.41645
11620	1.5251
11621	1.6853
11622	1.6829
11623	0.97538
11624	1.4334
11625	1.4615
11626	1.3328
11627	1.0193
11628	1.2476
11629	0.96431
11630	1.5365
11631	1.1685
11632	0.79227
11633	1.5611
11634	1.3024
11635	0.988
11636	1.1034
11637	0.82673
11638	1.2835
11639	1.0774
11640	1.0745
11641	1.0757
11642	1.4699
11643	1.0703
11644	1.0978
11645	0.80589
11646	0.95354
11647	1.0497
11648	1.0564
11649	1.1576
11650	1.119
11651	0.8707
11652	0.82218
11653	0.98203
11654	1.0799
11655	1.0825
11656	0.53419
11657	0.53448
11658	0.5307
11659	0.531
11660	0.53152
11661	0.52781
11662	0.52833
11663	1.0649
11664	1.0674
11665	1.0701
11666	0.46771
11667	1.5514
11668	1.554
11669	1.5534
11670	1.556
11671	1.5587
11672	1.5582
11673	1.5608
11674	1.5633
11675	1.563
11676	1.5654
11677	1.5678
11678	1.5676
11679	1.57
11680	1.5722
11681	1.2769
11682	1.2815
11683	1.0076
11684	1.0082
11685	1.0044
11686	1.005
11687	1.1456
11688	1.1474
11689	1.1456
11690	1.1493
11691	1.1517
11692	1.1481
11693	1.1505
11694	0.41622
11695	0.41333
11696	0.41385
11697	0.41096
11698	0.48901
11699	1.1562
11700	1.158
11701	0.80385
11702	1.5811
11703	1.5792
11704	1.2003
11705	1.2018
11706	0.72093
11707	0.69799
11708	0.51677
11709	1.4636
11710	0.90291
11711	0.90559
11712	0.90235
11713	0.90503
11714	0.95079
11715	0.94851
11716	0.94955
11717	0.94726
11718	0.94499
11719	0.94601
11720	0.94374
11721	0.94148
11722	0.94245
11723	0.94018
11724	0.83791
11725	0.84045
11726	0.83722
11727	0.83977
11728	1.5765
11729	1.5743
11730	1.5791
11731	1.5769
11732	1.1607
11733	1.1588
11734	1.1619
11735	1.16
11736	1.1583
11737	1.1614
11738	1.1598
11739	1.1274
11740	1.1298
11741	1.1266
11742	1.129
11743	1.1282
11744	1.1276
11745	0.96583
11746	0.96341
11747	0.96495
11748	0.96253
11749	1.1177
11750	1.1199
11751	1.1173
11752	1.1195
11753	1.0993
11754	1.1012
11755	1.0987
11756	1.1007
11757	1.305
11758	0.94602
11759	0.94861
11760	0.94737
11761	0.94995
11762	1.1096
11763	1.1119
11764	1.1093
11765	1.1116
11766	1.1138
11767	1.1112
11768	1.1134
11769	0.43367
11770	0.43662
11771	0.43497
11772	0.43791
11773	0.78753
11774	0.79036
11775	0.78669
11776	0.78951
11777	1.0899
11778	1.0876
11779	1.0899
11780	1.0876
11781	1.0852
11782	1.0876
11783	1.0851
11784	1.0541
11785	1.0544
11786	1.0519
11787	1.0998
11788	1.1021
11789	1.0997
11790	1.102
11791	1.0575
11792	1.0554
11793	1.0571
11794	1.055
11795	1.0528
11796	1.0547
11797	1.0525
11798	1.0504
11799	1.0522
11800	1.05
11801	1.2032
11802	1.2049
11803	1.2006
11804	1.2023
11805	1.2035
11806	1.1995
11807	1.2006
11808	0.85256
11809	0.85314
11810	0.85468
11811	0.85442
11812	0.85648
11813	0.85377
11814	0.85584
11815	0.85794
11816	0.85526
11817	0.85736
11818	0.85947
11819	0.85684
11820	0.85895
11821	0.98009
11822	0.98238
11823	0.98093
11824	0.98322
11825	0.98559
11826	0.98427
11827	0.98663
11828	1.0741
11829	0.48633
11830	0.87683
11831	0.82407
11832	0.82159
11833	0.82424
11834	0.82176
11835	0.81888
11836	0.82181
11837	0.81893
11838	0.41284
