Node Number	Equivalent (von-Mises) Stress (MPa)
1	5.4043
2	5.3752
3	16.404
4	16.218
5	15.992
6	15.752
7	15.501
8	15.244
9	14.986
10	14.728
11	14.473
12	14.222
13	13.976
14	13.736
15	13.502
16	13.275
17	13.054
18	12.839
19	12.629
20	12.424
21	12.224
22	12.026
23	11.831
24	11.635
25	11.44
26	11.242
27	11.042
28	10.837
29	10.627
30	10.409
31	10.185
32	9.9515
33	9.7085
34	9.4552
35	9.1909
36	8.915
37	8.6268
38	8.3264
39	8.0137
40	7.689
41	7.3529
42	7.0067
43	6.6525
44	6.2932
45	5.932
46	5.5744
47	5.2262
48	4.8966
49	4.5965
50	4.3389
51	4.1393
52	4.0118
53	3.9693
54	4.0159
55	4.1513
56	4.3801
57	4.699
58	21.164
59	16.622
60	16.883
61	17.167
62	17.466
63	17.768
64	18.072
65	18.37
66	18.664
67	18.948
68	19.224
69	19.489
70	19.743
71	19.98
72	20.205
73	20.414
74	20.606
75	20.779
76	20.93
77	21.058
78	21.16
79	21.233
80	21.274
81	21.285
82	21.271
83	21.232
84	5.5606
85	21.09
86	20.997
87	20.884
88	20.75
89	20.596
90	20.42
91	20.221
92	19.999
93	19.753
94	19.482
95	19.187
96	18.866
97	18.521
98	18.149
99	17.751
100	17.325
101	16.871
102	16.391
103	15.884
104	15.351
105	14.792
106	14.208
107	13.6
108	12.971
109	12.327
110	11.67
111	11.005
112	10.338
113	9.6838
114	9.0525
115	8.4703
116	7.9652
117	7.5743
118	7.3413
119	7.3071
120	7.4986
121	7.9169
122	8.5328
123	9.2934
124	10.129
125	10.967
126	11.69
127	12.234
128	12.5
129	12.409
130	11.901
131	10.91
132	9.4278
133	7.4432
134	18.824
135	18.659
136	18.481
137	18.292
138	18.091
139	17.877
140	17.649
141	17.408
142	17.151
143	16.88
144	16.592
145	16.289
146	15.968
147	15.63
148	15.275
149	14.899
150	14.505
151	14.091
152	13.658
153	13.205
154	12.733
155	12.242
156	11.73
157	11.202
158	10.658
159	10.101
160	9.5319
161	8.9602
162	8.3937
163	7.8408
164	7.3225
165	6.8592
166	6.484
167	6.2361
168	6.1572
169	6.282
170	6.6239
171	7.1716
172	7.8877
173	8.7199
174	9.6019
175	10.462
176	11.212
177	11.784
178	12.076
179	12.021
180	11.567
181	10.7
182	9.2352
183	7.3417
184	19.516
185	19.516
186	19.515
187	19.513
188	19.511
189	19.509
190	19.507
191	19.506
192	19.506
193	19.506
194	19.507
195	19.507
196	19.509
197	19.51
198	19.511
199	19.513
200	19.514
201	19.515
202	19.516
203	19.517
204	19.518
205	19.518
206	19.518
207	19.518
208	19.518
209	19.518
210	19.517
211	19.516
212	19.515
213	19.514
214	19.513
215	19.511
216	19.51
217	19.508
218	19.506
219	19.504
220	19.503
221	19.501
222	19.499
223	19.497
224	19.495
225	19.493
226	19.491
227	19.489
228	19.487
229	19.485
230	19.483
231	19.481
232	19.479
233	19.477
234	19.476
235	19.474
236	19.473
237	19.471
238	19.47
239	19.469
240	19.468
241	19.468
242	19.467
243	19.467
244	19.467
245	19.467
246	19.467
247	19.468
248	19.469
249	19.47
250	19.472
251	19.474
252	19.476
253	19.479
254	19.482
255	19.486
256	19.49
257	19.495
258	19.5
259	19.506
260	19.513
261	19.52
262	19.527
263	19.536
264	19.545
265	19.555
266	19.565
267	19.577
268	19.589
269	19.602
270	19.616
271	19.63
272	19.646
273	19.663
274	19.68
275	19.698
276	19.718
277	19.738
278	19.759
279	19.781
280	19.804
281	19.827
282	19.852
283	19.877
284	19.904
285	19.931
286	19.958
287	19.987
288	20.016
289	20.046
290	20.076
291	20.106
292	20.137
293	20.168
294	20.2
295	20.231
296	20.263
297	20.294
298	20.324
299	20.354
300	20.384
301	20.413
302	20.441
303	20.467
304	20.492
305	20.516
306	20.537
307	20.556
308	20.574
309	20.588
310	20.599
311	20.607
312	20.612
313	20.611
314	20.607
315	20.598
316	20.582
317	20.562
318	20.534
319	20.498
320	20.456
321	20.404
322	20.343
323	20.272
324	20.19
325	20.095
326	19.988
327	19.866
328	19.728
329	19.575
330	19.414
331	19.237
332	19.042
333	19.163
334	19.431
335	19.347
336	19.266
337	19.195
338	19.143
339	19.113
340	15.03
341	19.075
342	18.995
343	18.934
344	18.951
345	18.928
346	18.932
347	18.939
348	18.956
349	18.957
350	18.964
351	18.982
352	18.983
353	18.988
354	19.003
355	19.003
356	19.006
357	19.019
358	19.018
359	19.02
360	19.029
361	19.028
362	19.029
363	19.036
364	19.034
365	19.034
366	19.039
367	19.036
368	19.036
369	19.039
370	19.037
371	19.035
372	19.038
373	19.035
374	19.034
375	19.036
376	19.033
377	19.031
378	19.032
379	19.03
380	19.028
381	19.029
382	19.026
383	19.025
384	19.026
385	19.023
386	19.022
387	19.023
388	19.021
389	19.02
390	19.022
391	19.02
392	19.02
393	19.021
394	19.021
395	19.021
396	19.023
397	19.023
398	19.024
399	19.027
400	19.028
401	19.03
402	19.034
403	19.036
404	19.039
405	19.044
406	19.047
407	19.052
408	19.058
409	19.062
410	19.068
411	19.075
412	19.081
413	19.088
414	19.097
415	19.104
416	19.113
417	19.123
418	19.132
419	19.142
420	19.154
421	19.164
422	19.176
423	19.189
424	19.201
425	19.215
426	19.229
427	19.242
428	19.257
429	19.273
430	19.287
431	19.303
432	19.319
433	19.335
434	19.351
435	19.368
436	19.383
437	19.399
438	19.417
439	19.432
440	19.448
441	19.464
442	19.478
443	19.492
444	19.507
445	19.519
446	19.531
447	19.543
448	19.552
449	19.56
450	19.568
451	19.572
452	19.575
453	19.577
454	19.576
455	19.572
456	19.567
457	19.557
458	19.545
459	19.53
460	19.51
461	19.486
462	19.459
463	19.426
464	19.389
465	19.347
466	19.298
467	19.244
468	19.184
469	19.115
470	19.04
471	18.957
472	18.866
473	18.765
474	18.655
475	18.534
476	18.403
477	18.261
478	18.105
479	17.937
480	17.756
481	17.56
482	17.349
483	17.123
484	16.879
485	16.618
486	16.342
487	16.06
488	15.791
489	15.538
490	15.289
491	74.93
492	14.781
493	14.525
494	14.26
495	13.986
496	13.706
497	13.418
498	13.124
499	12.825
500	12.522
501	12.217
502	11.912
503	11.61
504	11.312
505	11.023
506	10.748
507	10.49
508	10.257
509	10.054
510	9.8904
511	9.7731
512	9.709
513	9.708
514	9.7776
515	9.9238
516	10.152
517	10.464
518	10.86
519	11.34
520	11.903
521	12.544
522	13.259
523	14.042
524	14.886
525	15.789
526	16.745
527	17.752
528	18.815
529	19.952
530	21.187
531	22.612
532	24.303
533	26.804
534	30.268
535	41.013
536	14.386
537	14.031
538	13.657
539	13.277
540	12.882
541	12.47
542	12.053
543	11.62
544	11.181
545	10.726
546	10.269
547	9.8077
548	9.3381
549	8.8772
550	8.4185
551	7.9775
552	7.5516
553	7.1648
554	6.8239
555	6.5436
556	6.3499
557	6.2551
558	6.2773
559	6.4242
560	6.7027
561	7.109
562	7.6282
563	8.2535
564	8.9728
565	9.7732
566	10.642
567	11.573
568	12.551
569	13.574
570	14.638
571	15.742
572	16.879
573	18.057
574	19.295
575	20.625
576	22.123
577	23.881
578	26.42
579	30.055
580	41.284
581	19.177
582	19.382
583	19.488
584	19.595
585	19.602
586	19.629
587	19.629
588	19.568
589	19.477
590	19.415
591	19.274
592	19.118
593	18.966
594	18.82
595	18.608
596	18.376
597	18.117
598	17.836
599	17.538
600	17.216
601	16.862
602	16.49
603	16.097
604	15.698
605	15.284
606	14.845
607	6.0175
608	18.984
609	18.76
610	18.702
611	18.743
612	18.595
613	18.554
614	18.539
615	18.317
616	18.259
617	18.181
618	17.864
619	17.809
620	17.689
621	17.299
622	17.28
623	17.044
624	16.633
625	16.617
626	16.09
627	15.939
628	15.858
629	15.291
630	15.233
631	14.992
632	14.424
633	14.397
634	14.064
635	13.524
636	13.485
637	13.134
638	12.551
639	12.756
640	12.101
641	11.697
642	11.635
643	10.999
644	10.603
645	10.672
646	10.12
647	10.167
648	9.6183
649	9.1412
650	9.5963
651	8.805
652	8.835
653	8.6698
654	8.4023
655	7.5104
656	8.4397
657	6.7847
658	6.9249
659	7.8345
660	5.6408
661	6.2273
662	6.0155
663	3.7603
664	6.6505
665	7.5032
666	5.1627
667	5.7865
668	5.3991
669	5.7532
670	4.8214
671	4.7307
672	5.6324
673	4.9014
674	26.445
675	15.05
676	23.297
677	28.785
678	1.1838
679	19.307
680	11.993
681	10.315
682	6.4375
683	11.026
684	10.081
685	4.7558
686	6.5039
687	6.7931
688	6.3893
689	6.1669
690	5.7745
691	5.2841
692	4.9203
693	4.4927
694	4.0296
695	3.6875
696	3.3192
697	2.9315
698	2.6515
699	2.3554
700	2.0436
701	1.8248
702	1.591
703	1.338
704	1.1413
705	0.91432
706	0.67262
707	0.48331
708	0.28443
709	7.7905e-002
710	9.8499e-002
711	0.25657
712	0.43107
713	0.5833
714	0.7127
715	0.86025
716	0.98641
717	1.0887
718	1.2087
719	1.3085
720	1.385
721	1.4775
722	1.5569
723	1.6108
724	1.6811
725	1.7405
726	1.7803
727	1.8391
728	1.8952
729	1.9375
730	1.9869
731	2.0328
732	2.0625
733	2.0998
734	2.1315
735	2.1508
736	2.1746
737	2.1952
738	2.2011
739	2.2143
740	2.2247
741	2.2188
742	2.2221
743	2.2221
744	2.21
745	2.2122
746	2.2143
747	2.208
748	2.2085
749	2.2089
750	2.1999
751	2.1963
752	2.1938
753	2.1758
754	2.1661
755	2.156
756	2.1299
757	2.1088
758	2.089
759	2.0536
760	2.023
761	2.0054
762	1.9855
763	1.961
764	1.9441
765	1.9224
766	1.8925
767	1.8698
768	1.8394
769	1.7976
770	1.764
771	1.7211
772	1.6631
773	1.6164
774	1.5609
775	1.507
776	1.4676
777	1.4251
778	1.3768
779	1.3342
780	1.2852
781	1.2261
782	1.1717
783	1.1079
784	1.0316
785	0.95464
786	0.87463
787	0.77521
788	0.68542
789	0.60484
790	0.52153
791	0.45722
792	0.45618
793	0.97817
794	3.4425
795	0.10301
796	0.87914
797	1.5632
798	2.1445
799	2.6264
800	3.0463
801	4.6794
802	4.408
803	4.1084
804	3.8012
805	3.522
806	3.3445
807	3.342
808	3.5349
809	3.869
810	4.2673
811	4.6615
812	5.017
813	5.3088
814	5.5279
815	5.674
816	5.7556
817	5.7787
818	5.7512
819	5.6802
820	5.5761
821	5.4424
822	5.2867
823	5.114
824	4.9305
825	4.7383
826	4.5421
827	4.345
828	4.1495
829	3.9606
830	3.7781
831	3.6053
832	3.4439
833	3.2951
834	3.1603
835	3.0396
836	2.934
837	2.8438
838	2.7685
839	2.7063
840	2.659
841	2.6231
842	2.5967
843	2.5802
844	2.571
845	2.5683
846	2.5702
847	2.5757
848	2.5834
849	2.5927
850	2.603
851	2.6134
852	2.6239
853	2.6341
854	2.6439
855	2.6528
856	2.6621
857	2.6684
858	2.6763
859	2.6833
860	2.6879
861	2.692
862	2.6948
863	2.6961
864	2.6961
865	2.6938
866	2.6903
867	2.6845
868	2.678
869	2.6675
870	2.6578
871	2.6462
872	2.6318
873	2.6168
874	2.6002
875	2.5826
876	2.5639
877	2.545
878	2.525
879	2.5032
880	2.4806
881	2.4569
882	2.4319
883	2.4059
884	2.379
885	2.351
886	2.3223
887	2.2932
888	2.2643
889	2.2352
890	2.2065
891	2.1792
892	2.1525
893	2.1285
894	2.106
895	2.0854
896	2.0677
897	2.053
898	2.0425
899	2.0356
900	2.0338
901	2.0379
902	2.0479
903	2.0652
904	2.0897
905	2.1225
906	2.1633
907	2.2126
908	2.2714
909	2.3393
910	2.4169
911	2.5053
912	2.6051
913	2.7179
914	2.8448
915	2.9813
916	3.1233
917	3.2776
918	11.021
919	10.85
920	10.566
921	10.526
922	12.585
923	15.036
924	16.48
925	16.528
926	15.706
927	15.274
928	15.49
929	7.7396
930	8.049
931	6.65
932	5.7974
933	2.176
934	2.7501
935	1.9775
936	1.8088
937	3.5649
938	2.7169
939	15.107
940	13.852
941	13.325
942	12.032
943	11.332
944	10.992
945	10.86
946	10.678
947	10.565
948	10.701
949	11.712
950	11.538
951	11.534
952	12.156
953	13.024
954	13.485
955	13.81
956	14.251
957	17.071
958	16.257
959	16.061
960	15.124
961	11.408
962	11.138
963	10.859
964	8.8981
965	5.7136
966	5.3921
967	2.0137
968	1.3725
969	1.7308
970	2.2169
971	4.766
972	10.402
973	9.2021
974	15.632
975	10.843
976	15.083
977	10.579
978	3.8108
979	10.658
980	9.7605
981	11.505
982	16.718
983	14.308
984	13.622
985	5.4406
986	9.413
987	7.6766
988	19.292
989	15.705
990	14.423
991	13.804
992	13.131
993	12.679
994	12.443
995	12.202
996	11.786
997	11.962
998	11.5
999	11.031
1000	10.888
1001	10.883
1002	11.225
1003	11.669
1004	11.906
1005	12.212
1006	13.165
1007	12.933
1008	11.902
1009	12.301
1010	12.171
1011	13.109
1012	13.021
1013	12.511
1014	11.231
1015	10.522
1016	10.799
1017	10.467
1018	10.485
1019	10.541
1020	10.606
1021	10.765
1022	10.883
1023	10.403
1024	10.778
1025	11.115
1026	11.958
1027	11.337
1028	12.071
1029	12.012
1030	11.954
1031	12.281
1032	12.637
1033	13.221
1034	12.942
1035	13.481
1036	13.648
1037	15.002
1038	17.347
1039	17.392
1040	17.307
1041	17.107
1042	17.001
1043	17.119
1044	16.979
1045	16.845
1046	16.555
1047	16.701
1048	16.404
1049	16.242
1050	16.1
1051	15.881
1052	15.498
1053	14.923
1054	14.599
1055	13.973
1056	13.547
1057	12.942
1058	13.297
1059	12.582
1060	12.246
1061	11.641
1062	11.945
1063	11.349
1064	11.068
1065	10.789
1066	9.9466
1067	9.6535
1068	9.0401
1069	8.7596
1070	8.1962
1071	6.8508
1072	6.4855
1073	4.4801
1074	4.0132
1075	3.5285
1076	3.01
1077	2.5193
1078	2.3052
1079	4.9126
1080	3.6293
1081	4.6573
1082	19.178
1083	19.221
1084	19.227
1085	19.213
1086	19.251
1087	19.266
1088	19.247
1089	19.235
1090	19.233
1091	19.207
1092	19.249
1093	19.252
1094	19.263
1095	19.268
1096	19.274
1097	19.291
1098	19.291
1099	19.422
1100	19.81
1101	19.8
1102	19.702
1103	19.406
1104	16.273
1105	16.173
1106	16.099
1107	15.531
1108	15.437
1109	14.291
1110	13.761
1111	12.954
1112	12.357
1113	11.486
1114	11.047
1115	10.321
1116	10.163
1117	9.9885
1118	9.5952
1119	9.2475
1120	7.5505
1121	5.7931
1122	7.1365
1123	7.7768
1124	9.5535
1125	9.9233
1126	10.205
1127	10.435
1128	10.619
1129	10.815
1130	10.886
1131	11.012
1132	11.166
1133	11.307
1134	13.318
1135	12.626
1136	12.928
1137	13.829
1138	13.249
1139	13.342
1140	13.952
1141	14.58
1142	15.076
1143	15.242
1144	15.912
1145	15.715
1146	16.002
1147	16.573
1148	16.841
1149	17.409
1150	17.546
1151	17.734
1152	16.944
1153	16.703
1154	16.461
1155	16.336
1156	15.775
1157	15.247
1158	15.038
1159	14.8
1160	13.069
1161	12.638
1162	12.353
1163	11.222
1164	9.6012
1165	8.7685
1166	7.913
1167	6.9237
1168	6.5569
1169	6.1672
1170	5.7868
1171	5.1037
1172	2.0722
1173	1.1933
1174	1.228
1175	1.5389
1176	3.3728
1177	2.2255
1178	2.7705
1179	4.6884
1180	1.5987
1181	1.4847
1182	1.4153
1183	1.0172
1184	1.0165
1185	0.99898
1186	1.005
1187	1.0064
1188	0.93049
1189	0.87652
1190	0.6944
1191	0.703
1192	0.70473
1193	0.60399
1194	0.70116
1195	0.5718
1196	0.59444
1197	0.65033
1198	0.73987
1199	0.64468
1200	0.63429
1201	0.59053
1202	0.72977
1203	0.8351
1204	0.8319
1205	6.1906
1206	1.4128
1207	1.0312
1208	0.91928
1209	12.187
1210	10.599
1211	3.3893
1212	4.2124
1213	7.4823
1214	6.0775
1215	6.3095
1216	15.186
1217	14.682
1218	8.2523
1219	1.4364
1220	1.2654
1221	1.1263
1222	0.98228
1223	1.1411
1224	1.0652
1225	0.97001
1226	0.79875
1227	1.0026
1228	0.96489
1229	0.97135
1230	1.0017
1231	1.0168
1232	1.0558
1233	1.088
1234	1.0858
1235	1.1859
1236	1.0497
1237	0.97727
1238	1.3047
1239	1.1336
1240	1.1613
1241	1.1916
1242	1.096
1243	1.492
1244	1.4223
1245	1.3715
1246	1.3518
1247	1.3735
1248	1.3763
1249	1.1865
1250	1.2741
1251	1.3394
1252	1.3649
1253	1.4244
1254	1.7764
1255	1.797
1256	1.8463
1257	1.8959
1258	2.0844
1259	2.6361
1260	3.0094
1261	3.3009
1262	4.0474
1263	4.3999
1264	4.7674
1265	4.7096
1266	4.5556
1267	3.8595
1268	4.2823
1269	3.3028
1270	2.6763
1271	1.8154
1272	2.1463
1273	2.0901
1274	1.696
1275	1.4486
1276	4.5483
1277	4.9519
1278	5.3127
1279	6.0897
1280	6.8164
1281	7.4925
1282	8.0979
1283	8.6753
1284	9.4978
1285	12.084
1286	12.561
1287	12.913
1288	13.473
1289	13.942
1290	14.527
1291	14.748
1292	14.957
1293	15.47
1294	15.659
1295	16.536
1296	16.768
1297	16.993
1298	17.412
1299	17.623
1300	17.655
1301	17.739
1302	17.409
1303	17.353
1304	16.87
1305	16.893
1306	16.893
1307	16.806
1308	16.692
1309	16.403
1310	16.227
1311	15.76
1312	15.085
1313	14.59
1314	14.692
1315	14.267
1316	13.784
1317	12.077
1318	11.429
1319	10.837
1320	10.269
1321	9.7947
1322	8.0265
1323	6.927
1324	6.394
1325	5.278
1326	5.7034
1327	5.6887
1328	6.3804
1329	7.0029
1330	7.7122
1331	7.511
1332	7.8153
1333	8.4238
1334	8.8426
1335	9.0521
1336	9.9007
1337	10.425
1338	10.712
1339	11.608
1340	12.421
1341	13.36
1342	13.76
1343	14.015
1344	14.817
1345	15.893
1346	16.171
1347	16.315
1348	16.685
1349	16.803
1350	16.874
1351	16.986
1352	18.175
1353	18.522
1354	19.119
1355	19.582
1356	19.851
1357	19.9
1358	19.9
1359	19.849
1360	19.74
1361	19.617
1362	19.51
1363	19.414
1364	19.444
1365	19.382
1366	19.346
1367	19.334
1368	19.334
1369	19.326
1370	19.32
1371	19.315
1372	19.309
1373	19.297
1374	19.268
1375	19.265
1376	19.269
1377	19.265
1378	19.263
1379	19.26
1380	19.24
1381	19.246
1382	19.267
1383	19.255
1384	19.31
1385	19.294
1386	19.285
1387	19.313
1388	19.307
1389	19.293
1390	19.287
1391	19.282
1392	19.27
1393	19.267
1394	19.263
1395	19.259
1396	19.262
1397	19.256
1398	19.256
1399	8.1908
1400	5.2906
1401	19.174
1402	5.163
1403	4.6579
1404	0.71299
1405	0.66266
1406	0.58259
1407	0.49335
1408	0.43155
1409	0.41711
1410	0.3665
1411	0.38828
1412	0.39902
1413	0.43683
1414	0.42473
1415	0.4169
1416	0.41141
1417	0.42329
1418	0.46407
1419	0.5036
1420	0.5873
1421	0.62208
1422	0.64416
1423	0.67828
1424	0.64832
1425	0.72684
1426	0.69151
1427	0.71118
1428	0.74574
1429	0.76609
1430	0.79128
1431	0.8029
1432	0.82357
1433	0.83204
1434	0.8376
1435	0.83502
1436	0.84933
1437	0.85821
1438	0.86386
1439	0.86173
1440	0.93741
1441	0.9426
1442	0.96876
1443	0.98781
1444	1.0292
1445	1.0515
1446	1.03
1447	1.0345
1448	1.0519
1449	1.0911
1450	1.0863
1451	1.4756
1452	1.4284
1453	1.7365
1454	1.8608
1455	2.8114
1456	3.0051
1457	3.6435
1458	4.0833
1459	4.4431
1460	4.7309
1461	4.683
1462	4.4922
1463	4.141
1464	3.0326
1465	2.4465
1466	2.6934
1467	6.1789
1468	9.5713
1469	7.8599
1470	10.136
1471	8.1214
1472	6.2626
1473	4.6136
1474	3.3883
1475	2.8706
1476	2.8472
1477	3.4291
1478	3.8948
1479	4.3142
1480	4.4781
1481	4.7952
1482	5.1092
1483	5.4513
1484	5.8237
1485	6.1679
1486	6.4851
1487	6.7493
1488	7.0575
1489	7.3933
1490	7.6866
1491	8.2376
1492	8.44
1493	8.6703
1494	8.9243
1495	9.1832
1496	9.4478
1497	9.7087
1498	10.168
1499	10.444
1500	10.731
1501	11.015
1502	11.305
1503	11.885
1504	12.182
1505	12.495
1506	12.828
1507	13.206
1508	13.469
1509	13.719
1510	13.945
1511	14.262
1512	14.779
1513	14.989
1514	15.263
1515	15.482
1516	15.905
1517	16.078
1518	16.273
1519	16.475
1520	16.623
1521	16.782
1522	16.926
1523	17.065
1524	17.203
1525	17.315
1526	17.375
1527	17.45
1528	17.49
1529	17.617
1530	17.714
1531	17.811
1532	17.735
1533	17.651
1534	17.655
1535	17.717
1536	17.845
1537	17.84
1538	17.832
1539	17.541
1540	17.398
1541	17.228
1542	16.802
1543	16.318
1544	16.062
1545	15.773
1546	15.456
1547	15.133
1548	14.783
1549	14.39
1550	13.701
1551	12.867
1552	12.585
1553	11.991
1554	11.663
1555	11.364
1556	11.107
1557	11.01
1558	10.846
1559	10.447
1560	10.192
1561	9.682
1562	9.633
1563	9.8709
1564	9.876
1565	9.829
1566	9.8028
1567	9.8213
1568	9.8462
1569	9.9268
1570	10.051
1571	10.705
1572	11.412
1573	12.344
1574	12.779
1575	13.283
1576	14.315
1577	14.681
1578	14.94
1579	15.142
1580	14.705
1581	12.617
1582	9.3989
1583	7.5277
1584	12.436
1585	15.424
1586	15.491
1587	15.404
1588	14.66
1589	13.45
1590	12.521
1591	11.785
1592	11.521
1593	11.303
1594	10.978
1595	10.83
1596	10.813
1597	10.905
1598	11.134
1599	11.406
1600	11.826
1601	12.278
1602	12.686
1603	13.522
1604	14.095
1605	15.024
1606	15.337
1607	15.764
1608	16.393
1609	17.099
1610	17.53
1611	17.92
1612	18.236
1613	18.54
1614	18.818
1615	19.102
1616	19.264
1617	19.542
1618	19.641
1619	19.755
1620	19.762
1621	19.77
1622	19.804
1623	19.783
1624	19.759
1625	19.727
1626	19.693
1627	19.671
1628	19.632
1629	19.592
1630	19.558
1631	19.523
1632	19.49
1633	19.455
1634	19.395
1635	19.383
1636	19.362
1637	19.336
1638	19.328
1639	19.316
1640	19.303
1641	19.284
1642	19.286
1643	19.244
1644	19.242
1645	19.223
1646	19.217
1647	19.211
1648	19.207
1649	19.203
1650	19.2
1651	19.198
1652	19.206
1653	19.206
1654	19.204
1655	19.203
1656	19.203
1657	19.194
1658	19.193
1659	19.185
1660	19.174
1661	19.195
1662	19.197
1663	19.194
1664	19.188
1665	19.197
1666	19.202
1667	19.203
1668	19.199
1669	19.196
1670	19.195
1671	19.21
1672	19.217
1673	19.217
1674	19.206
1675	19.197
1676	19.19
1677	19.248
1678	19.232
1679	19.213
1680	19.226
1681	19.224
1682	19.227
1683	19.231
1684	19.225
1685	19.22
1686	19.217
1687	19.217
1688	19.212
1689	19.205
1690	19.173
1691	19.16
1692	19.19
1693	19.195
1694	19.188
1695	19.183
1696	19.186
1697	5.3749
1698	5.1911
1699	19.266
1700	1.6299
1701	1.1009
1702	19.194
1703	19.109
1704	19.121
1705	19.118
1706	19.109
1707	19.137
1708	19.148
1709	19.154
1710	19.162
1711	19.158
1712	19.152
1713	19.16
1714	19.162
1715	19.141
1716	19.154
1717	19.151
1718	19.139
1719	19.136
1720	19.139
1721	19.139
1722	19.13
1723	19.135
1724	19.133
1725	19.123
1726	19.137
1727	19.135
1728	19.141
1729	19.143
1730	19.144
1731	19.15
1732	19.148
1733	19.156
1734	19.165
1735	19.178
1736	19.188
1737	19.202
1738	19.23
1739	19.252
1740	19.276
1741	19.294
1742	19.329
1743	19.367
1744	19.357
1745	19.386
1746	19.413
1747	19.449
1748	19.485
1749	19.519
1750	19.555
1751	19.584
1752	19.62
1753	19.645
1754	19.671
1755	19.696
1756	19.706
1757	19.714
1758	19.688
1759	19.66
1760	19.669
1761	19.63
1762	19.651
1763	19.564
1764	19.605
1765	19.49
1766	19.535
1767	19.383
1768	19.433
1769	19.243
1770	19.319
1771	19.166
1772	18.89
1773	18.994
1774	18.76
1775	18.485
1776	18.157
1777	17.818
1778	17.434
1779	16.729
1780	16.976
1781	16.201
1782	16.471
1783	15.547
1784	15.917
1785	14.98
1786	15.253
1787	14.278
1788	14.736
1789	14.504
1790	14.086
1791	13.599
1792	13.058
1793	12.603
1794	12.127
1795	11.668
1796	11.213
1797	10.862
1798	10.611
1799	10.508
1800	10.569
1801	10.798
1802	11.202
1803	11.858
1804	13.285
1805	12.761
1806	13.879
1807	15.336
1808	16.963
1809	18.254
1810	19.739
1811	13.398
1812	15.881
1813	15.288
1814	19.759
1815	17.845
1816	15.523
1817	16.268
1818	14.713
1819	12.62
1820	13.282
1821	11.949
1822	10.409
1823	10.892
1824	9.9177
1825	9.203
1826	8.7859
1827	8.8806
1828	8.7046
1829	8.7345
1830	8.6537
1831	9.0236
1832	9.894
1833	9.5702
1834	10.148
1835	10.898
1836	10.608
1837	11.56
1838	11.224
1839	11.892
1840	12.543
1841	13.524
1842	13.19
1843	13.883
1844	14.942
1845	14.602
1846	15.631
1847	15.299
1848	16.262
1849	15.946
1850	16.829
1851	16.556
1852	17.08
1853	17.508
1854	17.932
1855	17.809
1856	18.07
1857	18.226
1858	18.156
1859	18.189
1860	18.143
1861	18.246
1862	18.211
1863	18.205
1864	17.993
1865	17.826
1866	17.584
1867	17.687
1868	17.459
1869	17.174
1870	16.687
1871	16.872
1872	16.507
1873	16.156
1874	15.618
1875	15.148
1876	14.332
1877	14.614
1878	13.827
1879	14.079
1880	13.363
1881	13.604
1882	12.754
1883	13.062
1884	12.455
1885	11.565
1886	11.852
1887	10.948
1888	11.258
1889	10.38
1890	10.663
1891	9.8548
1892	10.119
1893	9.601
1894	8.8492
1895	9.0745
1896	8.3945
1897	8.6363
1898	8.1133
1899	7.586
1900	6.7847
1901	6.9284
1902	5.895
1903	5.2299
1904	4.9076
1905	4.2948
1906	3.3173
1907	3.7748
1908	3.3592
1909	5.2867
1910	10.159
1911	12.322
1912	10.117
1913	5.2509
1914	6.436
1915	4.3195
1916	2.6633
1917	4.1726
1918	4.8684
1919	4.8006
1920	4.8095
1921	4.4891
1922	4.0256
1923	3.5115
1924	2.9987
1925	2.5579
1926	2.1544
1927	1.6149
1928	1.7813
1929	1.5087
1930	1.2358
1931	0.96674
1932	0.9205
1933	0.7215
1934	0.72507
1935	0.73059
1936	0.72696
1937	0.75889
1938	0.78018
1939	0.81632
1940	0.87653
1941	1.0054
1942	0.88995
1943	1.0123
1944	1.0278
1945	1.0135
1946	0.96862
1947	0.9741
1948	0.98024
1949	0.97555
1950	1.0254
1951	0.92305
1952	0.91225
1953	0.95826
1954	0.99023
1955	1.0379
1956	0.94264
1957	0.96518
1958	0.91318
1959	0.92451
1960	0.89926
1961	0.8651
1962	0.85792
1963	0.83381
1964	0.68423
1965	0.73242
1966	0.65297
1967	0.53088
1968	0.50482
1969	0.48909
1970	0.39715
1971	0.29707
1972	0.31491
1973	0.29709
1974	0.3041
1975	0.47279
1976	0.4377
1977	4.8009
1978	19.1
1979	19.101
1980	19.096
1981	19.101
1982	19.1
1983	19.117
1984	0.58082
1985	19.195
1986	19.269
1987	3.7787
1988	5.3382
1989	8.4623
1990	3.5607
1991	4.904
1992	19.334
1993	19.34
1994	19.336
1995	19.338
1996	19.338
1997	19.345
1998	19.339
1999	19.345
2000	19.34
2001	19.346
2002	19.348
2003	19.356
2004	19.36
2005	19.352
2006	19.355
2007	19.36
2008	19.36
2009	19.36
2010	19.365
2011	19.376
2012	19.375
2013	19.366
2014	19.363
2015	19.362
2016	19.356
2017	19.359
2018	19.372
2019	19.368
2020	19.372
2021	19.376
2022	19.381
2023	19.354
2024	19.351
2025	19.36
2026	19.352
2027	19.352
2028	19.363
2029	19.363
2030	19.365
2031	19.338
2032	19.339
2033	19.338
2034	19.334
2035	19.331
2036	19.325
2037	19.328
2038	19.329
2039	19.334
2040	19.347
2041	19.349
2042	19.351
2043	19.349
2044	19.327
2045	19.327
2046	19.328
2047	19.336
2048	19.329
2049	19.33
2050	19.331
2051	19.336
2052	19.35
2053	19.358
2054	19.362
2055	19.368
2056	19.372
2057	19.377
2058	19.383
2059	19.385
2060	19.384
2061	19.39
2062	19.396
2063	19.399
2064	19.4
2065	19.404
2066	19.417
2067	19.427
2068	19.438
2069	19.45
2070	19.467
2071	19.487
2072	19.499
2073	19.507
2074	19.52
2075	19.534
2076	19.551
2077	19.565
2078	19.584
2079	19.598
2080	19.621
2081	19.638
2082	19.66
2083	19.679
2084	19.699
2085	19.719
2086	19.74
2087	19.765
2088	19.786
2089	19.812
2090	19.833
2091	19.853
2092	19.88
2093	19.893
2094	19.919
2095	19.944
2096	19.963
2097	19.978
2098	20.006
2099	20.02
2100	20.047
2101	20.057
2102	20.049
2103	20.048
2104	20.046
2105	20.062
2106	20.075
2107	20.061
2108	20.054
2109	20.054
2110	20.053
2111	20.016
2112	19.997
2113	19.984
2114	19.927
2115	19.881
2116	19.852
2117	19.794
2118	19.796
2119	19.726
2120	19.606
2121	19.495
2122	19.401
2123	19.298
2124	19.137
2125	19.056
2126	18.89
2127	18.713
2128	18.581
2129	18.392
2130	18.252
2131	18.03
2132	17.672
2133	17.433
2134	17.366
2135	17.308
2136	17.139
2137	16.848
2138	16.44
2139	16.215
2140	15.955
2141	15.701
2142	15.408
2143	14.856
2144	14.593
2145	14.371
2146	14.111
2147	13.765
2148	13.079
2149	12.755
2150	12.427
2151	12.091
2152	11.727
2153	10.979
2154	10.582
2155	10.19
2156	9.8111
2157	9.4335
2158	8.6376
2159	8.2604
2160	7.9234
2161	7.5919
2162	7.308
2163	6.7715
2164	6.6229
2165	6.5528
2166	6.4603
2167	6.3633
2168	6.324
2169	6.4218
2170	6.5486
2171	6.6439
2172	6.6917
2173	6.6269
2174	6.9515
2175	7.2517
2176	6.9036
2177	6.8916
2178	6.9501
2179	7.1153
2180	7.1323
2181	7.3736
2182	7.5423
2183	7.7379
2184	7.9243
2185	8.1626
2186	8.4995
2187	8.8711
2188	9.2039
2189	9.6238
2190	9.9688
2191	10.284
2192	11.018
2193	11.387
2194	11.786
2195	12.192
2196	12.693
2197	13.481
2198	14.282
2199	14.67
2200	15.045
2201	15.364
2202	15.738
2203	15.896
2204	15.906
2205	16.085
2206	16.412
2207	16.715
2208	17.027
2209	17.375
2210	17.551
2211	17.59
2212	17.709
2213	17.836
2214	18.001
2215	18.071
2216	18.125
2217	18.076
2218	17.889
2219	18.024
2220	18.182
2221	18.295
2222	18.331
2223	18.346
2224	18.4
2225	18.448
2226	18.483
2227	18.555
2228	18.376
2229	18.022
2230	17.82
2231	17.71
2232	17.576
2233	17.429
2234	17.263
2235	17.087
2236	16.878
2237	16.652
2238	16.422
2239	16.205
2240	16.04
2241	15.799
2242	15.612
2243	15.437
2244	15.246
2245	15.062
2246	14.875
2247	14.675
2248	14.463
2249	14.244
2250	14.022
2251	13.617
2252	13.411
2253	13.182
2254	12.918
2255	12.683
2256	12.477
2257	12.286
2258	11.593
2259	11.34
2260	10.808
2261	10.522
2262	10.246
2263	9.9749
2264	9.7092
2265	9.4418
2266	9.1734
2267	8.6179
2268	8.0323
2269	7.7268
2270	7.4082
2271	6.7272
2272	6.3703
2273	6.0042
2274	5.6219
2275	5.2352
2276	4.8552
2277	4.461
2278	4.0609
2279	3.6583
2280	2.9293
2281	2.4175
2282	2.2158
2283	2.198
2284	2.2987
2285	2.4101
2286	2.4332
2287	1.8562
2288	1.8451
2289	2.1405
2290	2.5321
2291	2.9684
2292	3.8986
2293	4.5783
2294	4.782
2295	4.9034
2296	4.9374
2297	4.9343
2298	4.7791
2299	4.6353
2300	4.5194
2301	4.2912
2302	4.1734
2303	3.8114
2304	3.4902
2305	3.309
2306	3.1242
2307	2.7663
2308	2.562
2309	2.4079
2310	2.3268
2311	2.2737
2312	2.2162
2313	2.1594
2314	2.1225
2315	2.1179
2316	1.8665
2317	1.8669
2318	1.8064
2319	1.7728
2320	1.7403
2321	1.6985
2322	1.6681
2323	1.7036
2324	1.7315
2325	1.7801
2326	1.7894
2327	1.7791
2328	1.7739
2329	1.7765
2330	1.8325
2331	1.6296
2332	1.671
2333	1.6316
2334	1.6261
2335	1.6096
2336	1.6306
2337	1.6363
2338	1.731
2339	1.7626
2340	1.8262
2341	1.5448
2342	1.5858
2343	1.5581
2344	1.568
2345	1.6123
2346	1.7286
2347	1.7043
2348	1.5485
2349	1.5457
2350	1.5433
2351	1.5057
2352	1.4825
2353	1.4636
2354	1.4475
2355	1.4192
2356	1.3924
2357	1.3584
2358	1.3532
2359	1.3656
2360	1.3565
2361	1.1993
2362	1.239
2363	1.2312
2364	1.2194
2365	1.2878
2366	1.3345
2367	1.3213
2368	1.3582
2369	1.3978
2370	1.4327
2371	1.4185
2372	1.5027
2373	1.5312
2374	1.6629
2375	1.7328
2376	1.8358
2377	1.9737
2378	2.2113
2379	19.345
2380	19.128
2381	0.589
2382	2.8681
2383	2.6327
2384	2.482
2385	2.3522
2386	2.2249
2387	2.1067
2388	2.0432
2389	1.9614
2390	1.9072
2391	1.8585
2392	1.7965
2393	1.7553
2394	1.7334
2395	1.7051
2396	1.6764
2397	1.679
2398	1.6573
2399	1.6395
2400	1.6638
2401	1.657
2402	1.6715
2403	1.6679
2404	1.6864
2405	1.7736
2406	1.7726
2407	1.7831
2408	1.7821
2409	1.8062
2410	1.8607
2411	1.8746
2412	1.9027
2413	1.9236
2414	1.9467
2415	1.969
2416	1.9932
2417	2.0131
2418	2.0301
2419	2.0384
2420	2.0657
2421	2.1581
2422	2.144
2423	2.0963
2424	2.114
2425	2.0978
2426	2.1082
2427	2.0827
2428	2.237
2429	2.2229
2430	2.2086
2431	2.1931
2432	2.1777
2433	2.1161
2434	2.1555
2435	2.1402
2436	2.1551
2437	2.1526
2438	2.1662
2439	2.1341
2440	2.2669
2441	2.2467
2442	2.2231
2443	2.2118
2444	2.2051
2445	2.2025
2446	2.2007
2447	2.1844
2448	2.1607
2449	2.1343
2450	2.1243
2451	2.1349
2452	2.1475
2453	2.1566
2454	2.1781
2455	2.1994
2456	2.2414
2457	2.2604
2458	2.4052
2459	2.4509
2460	2.5067
2461	2.5785
2462	2.6599
2463	2.7677
2464	2.861
2465	3.0223
2466	3.1416
2467	3.2838
2468	3.4934
2469	3.5749
2470	3.8231
2471	4.0239
2472	4.1616
2473	4.3396
2474	4.4827
2475	4.6906
2476	4.8407
2477	4.9988
2478	5.084
2479	5.2081
2480	5.2763
2481	5.2373
2482	5.1505
2483	4.9737
2484	4.7298
2485	4.4096
2486	4.0143
2487	3.5763
2488	3.1596
2489	2.8004
2490	2.5552
2491	2.5311
2492	2.6673
2493	2.7573
2494	3.3172
2495	3.468
2496	3.3818
2497	3.2578
2498	3.4338
2499	3.2872
2500	3.2371
2501	3.3402
2502	3.539
2503	3.8038
2504	4.1178
2505	4.8225
2506	5.1919
2507	5.567
2508	5.941
2509	6.3072
2510	6.6655
2511	7.0153
2512	7.3552
2513	7.6829
2514	7.9988
2515	8.3036
2516	8.5981
2517	8.8826
2518	9.1585
2519	9.4267
2520	9.6879
2521	9.9447
2522	10.198
2523	10.449
2524	10.697
2525	10.936
2526	11.171
2527	11.401
2528	11.623
2529	11.837
2530	12.042
2531	12.242
2532	12.448
2533	12.667
2534	12.896
2535	13.114
2536	13.321
2537	13.534
2538	13.748
2539	13.972
2540	14.197
2541	14.421
2542	14.635
2543	14.855
2544	15.072
2545	15.29
2546	15.503
2547	15.714
2548	15.922
2549	16.132
2550	16.37
2551	16.615
2552	16.848
2553	17.073
2554	17.295
2555	17.54
2556	17.741
2557	17.949
2558	18.136
2559	18.334
2560	18.494
2561	18.692
2562	18.944
2563	19.187
2564	19.313
2565	19.347
2566	19.401
2567	19.472
2568	19.518
2569	19.57
2570	19.599
2571	19.584
2572	19.511
2573	19.469
2574	19.541
2575	19.551
2576	19.498
2577	19.416
2578	19.29
2579	19.158
2580	19.033
2581	18.914
2582	18.717
2583	18.441
2584	18.156
2585	17.868
2586	17.565
2587	17.327
2588	17.132
2589	16.866
2590	16.504
2591	16.111
2592	15.688
2593	15.25
2594	14.795
2595	14.326
2596	13.842
2597	13.326
2598	12.77
2599	12.24
2600	11.718
2601	11.191
2602	10.66
2603	10.131
2604	9.6038
2605	9.0866
2606	8.5688
2607	8.094
2608	7.6691
2609	7.3267
2610	7.1008
2611	7.0192
2612	7.0687
2613	7.2552
2614	7.5397
2615	7.8686
2616	8.5272
2617	8.7776
2618	9.0527
2619	9.1985
2620	9.1403
2621	8.9466
2622	8.7516
2623	8.7332
2624	8.6594
2625	8.6791
2626	8.7637
2627	8.8646
2628	8.9355
2629	8.8561
2630	8.3597
2631	7.926
2632	7.3709
2633	6.8815
2634	6.4848
2635	6.2141
2636	6.0651
2637	6.0522
2638	6.1964
2639	6.4464
2640	6.7466
2641	7.1609
2642	7.5969
2643	8.0948
2644	8.5718
2645	9.0689
2646	9.5648
2647	10.047
2648	10.535
2649	11.012
2650	11.469
2651	11.917
2652	12.348
2653	12.749
2654	13.144
2655	13.524
2656	13.898
2657	14.27
2658	14.632
2659	14.953
2660	15.237
2661	15.522
2662	15.808
2663	16.094
2664	16.378
2665	16.637
2666	16.879
2667	17.121
2668	17.345
2669	17.539
2670	17.758
2671	17.94
2672	18.073
2673	18.193
2674	18.35
2675	18.515
2676	18.615
2677	18.816
2678	18.993
2679	19.136
2680	19.274
2681	19.392
2682	19.531
2683	19.692
2684	19.732
2685	19.828
2686	19.905
2687	19.986
2688	20.015
2689	20.117
2690	20.164
2691	20.181
2692	20.209
2693	20.226
2694	20.251
2695	20.296
2696	20.278
2697	20.281
2698	20.291
2699	20.279
2700	20.274
2701	20.269
2702	20.274
2703	20.244
2704	20.223
2705	20.206
2706	20.198
2707	20.194
2708	20.166
2709	20.133
2710	20.113
2711	20.087
2712	20.063
2713	20.037
2714	20.01
2715	19.983
2716	19.963
2717	19.934
2718	19.905
2719	19.884
2720	19.859
2721	19.838
2722	19.81
2723	19.785
2724	19.767
2725	19.742
2726	19.72
2727	19.699
2728	19.681
2729	19.659
2730	19.639
2731	19.623
2732	19.609
2733	19.588
2734	19.578
2735	19.563
2736	19.55
2737	19.537
2738	19.521
2739	19.508
2740	19.496
2741	19.488
2742	19.472
2743	19.464
2744	19.459
2745	19.457
2746	19.45
2747	19.445
2748	19.44
2749	19.437
2750	19.434
2751	19.429
2752	19.425
2753	19.421
2754	19.419
2755	19.416
2756	19.413
2757	19.411
2758	19.402
2759	19.398
2760	19.395
2761	19.397
2762	19.399
2763	19.396
2764	19.393
2765	19.399
2766	19.411
2767	19.41
2768	19.409
2769	19.408
2770	19.403
2771	19.401
2772	19.401
2773	19.402
2774	19.404
2775	19.406
2776	19.413
2777	19.412
2778	19.414
2779	19.424
2780	19.428
2781	19.428
2782	19.424
2783	19.425
2784	19.433
2785	19.428
2786	19.431
2787	19.44
2788	19.441
2789	19.439
2790	19.437
2791	19.439
2792	19.43
2793	19.435
2794	19.436
2795	19.438
2796	19.442
2797	19.445
2798	19.445
2799	19.437
2800	19.435
2801	19.441
2802	19.436
2803	19.433
2804	19.433
2805	19.434
2806	19.436
2807	19.425
2808	19.43
2809	19.424
2810	19.43
2811	19.423
2812	19.423
2813	19.419
2814	19.421
2815	19.421
2816	19.428
2817	19.424
2818	19.434
2819	19.429
2820	2.576
2821	2.9294
2822	19.352
2823	19.433
2824	1.9315
2825	1.3896
2826	0.73296
2827	9.6757e-002
2828	0.11561
2829	0.10291
2830	0.13658
2831	0.18114
2832	0.24566
2833	0.32629
2834	0.36267
2835	0.46288
2836	0.5363
2837	0.62569
2838	0.69393
2839	0.75796
2840	0.81864
2841	0.8664
2842	0.89528
2843	0.91892
2844	0.91348
2845	0.95786
2846	0.99646
2847	1.0199
2848	1.0513
2849	1.1353
2850	1.1826
2851	1.2313
2852	1.2914
2853	1.3221
2854	1.342
2855	1.3587
2856	1.3682
2857	1.3791
2858	1.3924
2859	1.4136
2860	1.4331
2861	1.4519
2862	1.4734
2863	1.4972
2864	1.5258
2865	1.5534
2866	1.5534
2867	1.4563
2868	1.5694
2869	1.4973
2870	1.4692
2871	1.4837
2872	1.5238
2873	1.5574
2874	1.5807
2875	1.5857
2876	1.5644
2877	1.5001
2878	1.4898
2879	1.5277
2880	1.5252
2881	1.5209
2882	1.5118
2883	1.4954
2884	1.5207
2885	1.5134
2886	1.5001
2887	1.4939
2888	1.4921
2889	1.513
2890	1.4413
2891	1.4335
2892	1.3559
2893	1.2654
2894	1.2229
2895	1.1866
2896	1.1259
2897	1.0709
2898	1.0278
2899	0.94569
2900	0.89811
2901	0.84009
2902	0.80316
2903	0.71857
2904	0.64213
2905	0.56991
2906	0.50045
2907	0.47369
2908	0.44364
2909	0.48184
2910	0.6032
2911	0.66326
2912	0.82265
2913	0.98919
2914	1.1076
2915	1.2864
2916	1.52
2917	1.7054
2918	1.9312
2919	2.1403
2920	2.4113
2921	2.648
2922	2.9322
2923	3.208
2924	3.5073
2925	3.8153
2926	4.1297
2927	4.4365
2928	4.7328
2929	4.9896
2930	5.2084
2931	5.3301
2932	5.3704
2933	5.0277
2934	4.5479
2935	3.8989
2936	4.6828
2937	6.4401
2938	7.1366
2939	7.9541
2940	10.514
2941	13.478
2942	16.904
2943	17.283
2944	16.882
2945	12.352
2946	8.2432
2947	5.349
2948	4.1281
2949	4.0629
2950	4.4223
2951	4.2742
2952	4.6127
2953	5.163
2954	5.2984
2955	5.4024
2956	5.5513
2957	5.3286
2958	5.7524
2959	6.418
2960	6.5161
2961	6.8024
2962	7.2679
2963	7.4297
2964	7.7237
2965	8.0079
2966	8.4137
2967	8.5955
2968	8.7688
2969	8.9876
2970	9.3374
2971	9.4582
2972	9.7292
2973	10.115
2974	10.276
2975	10.546
2976	11.221
2977	11.52
2978	11.82
2979	12.147
2980	12.731
2981	13.052
2982	13.363
2983	13.643
2984	13.929
2985	14.214
2986	14.459
2987	14.732
2988	15.02
2989	15.274
2990	15.535
2991	15.776
2992	16.016
2993	16.289
2994	16.758
2995	16.955
2996	17.126
2997	17.307
2998	17.471
2999	17.778
3000	17.894
3001	18.009
3002	18.1
3003	18.175
3004	18.239
3005	18.397
3006	18.524
3007	18.659
3008	18.757
3009	18.8
3010	18.787
3011	18.767
3012	18.797
3013	18.762
3014	18.774
3015	18.715
3016	18.613
3017	18.532
3018	18.343
3019	18.22
3020	18.034
3021	17.902
3022	17.674
3023	17.434
3024	17.163
3025	16.908
3026	16.587
3027	16.245
3028	15.877
3029	15.512
3030	15.133
3031	14.773
3032	14.425
3033	14.008
3034	13.63
3035	13.266
3036	12.906
3037	12.535
3038	12.166
3039	11.793
3040	11.418
3041	10.651
3042	10.271
3043	9.917
3044	9.5566
3045	9.2018
3046	8.8357
3047	8.4929
3048	7.6737
3049	7.5776
3050	7.5096
3051	7.4772
3052	7.5024
3053	7.6144
3054	7.7914
3055	8.073
3056	8.398
3057	8.8507
3058	9.4083
3059	10.033
3060	10.689
3061	11.382
3062	12.152
3063	12.998
3064	13.87
3065	14.728
3066	15.718
3067	16.735
3068	17.797
3069	18.948
3070	20.343
3071	22.155
3072	24.452
3073	28.534
3074	31.595
3075	15.617
3076	31.395
3077	28.233
3078	24.43
3079	22.362
3080	20.771
3081	19.564
3082	18.48
3083	17.465
3084	16.511
3085	15.613
3086	14.796
3087	14.048
3088	13.359
3089	12.729
3090	12.173
3091	11.682
3092	11.256
3093	10.905
3094	10.63
3095	10.411
3096	10.254
3097	10.153
3098	10.112
3099	10.12
3100	10.2
3101	10.312
3102	10.438
3103	10.629
3104	10.838
3105	11.071
3106	11.314
3107	11.551
3108	11.827
3109	12.097
3110	12.367
3111	12.636
3112	12.909
3113	13.186
3114	13.459
3115	13.726
3116	13.983
3117	14.232
3118	14.457
3119	14.72
3120	14.97
3121	15.22
3122	15.483
3123	15.759
3124	16.054
3125	16.32
3126	16.597
3127	16.853
3128	17.082
3129	17.3
3130	17.493
3131	17.68
3132	17.868
3133	18.039
3134	18.222
3135	18.371
3136	18.519
3137	18.651
3138	18.772
3139	18.872
3140	18.963
3141	19.059
3142	19.134
3143	19.216
3144	19.281
3145	19.33
3146	19.392
3147	19.435
3148	19.475
3149	19.514
3150	19.54
3151	19.567
3152	19.581
3153	19.594
3154	19.607
3155	19.618
3156	19.631
3157	19.634
3158	19.63
3159	19.632
3160	19.628
3161	19.623
3162	19.614
3163	19.607
3164	19.593
3165	19.586
3166	19.571
3167	19.562
3168	19.544
3169	19.528
3170	19.512
3171	19.498
3172	19.481
3173	19.466
3174	19.447
3175	19.431
3176	19.417
3177	19.396
3178	19.384
3179	19.365
3180	19.35
3181	19.338
3182	19.319
3183	19.308
3184	19.292
3185	19.281
3186	19.262
3187	19.249
3188	19.235
3189	19.23
3190	19.214
3191	19.203
3192	19.188
3193	19.182
3194	19.173
3195	19.159
3196	19.149
3197	19.142
3198	19.135
3199	19.129
3200	19.123
3201	19.116
3202	19.111
3203	19.106
3204	19.101
3205	19.097
3206	19.091
3207	19.094
3208	19.094
3209	19.09
3210	19.084
3211	19.085
3212	19.082
3213	19.082
3214	19.08
3215	19.079
3216	19.074
3217	19.072
3218	19.076
3219	19.076
3220	19.081
3221	19.075
3222	19.08
3223	19.081
3224	19.079
3225	19.075
3226	19.079
3227	19.081
3228	19.09
3229	19.088
3230	19.091
3231	19.089
3232	19.087
3233	19.082
3234	19.095
3235	19.098
3236	19.1
3237	19.094
3238	19.091
3239	19.095
3240	19.094
3241	19.098
3242	19.095
3243	19.092
3244	19.092
3245	19.087
3246	19.086
3247	19.085
3248	19.08
3249	19.068
3250	19.063
3251	19.053
3252	19.057
3253	19.058
3254	19.054
3255	19.035
3256	19.036
3257	19.03
3258	19.025
3259	19.022
3260	19.016
3261	19.016
3262	19.021
3263	19.047
3264	19.064
3265	19.101
3266	5.4602
3267	5.2538
3268	1.5843
3269	3.1935
3270	6.6235
3271	6.1498
3272	3.4602
3273	3.9652
3274	1.3604
3275	0.98049
3276	4.5664
3277	16.019
3278	1.5444
3279	10.749
3280	10.615
3281	11.166
3282	19.056
3283	12.227
3284	13.563
3285	19.324
3286	2.5891
3287	19.18
3288	19.187
3289	19.289
3290	19.311
3291	19.2
3292	19.258
3293	17.894
3294	19.27
3295	16.363
3296	19.19
3297	19.221
3298	0.48693
3299	1.0273
3300	19.128
3301	1.5059
3302	1.0066
3303	0.85602
3304	17.801
3305	2.3332
3306	19.262
3307	7.8941
3308	0.95645
3309	1.7927
3310	1.2684
3311	19.909
3312	19.777
3313	19.772
3314	19.7
3315	18.85
3316	19.295
3317	19.543
3318	19.478
3319	19.323
3320	19.371
3321	19.284
3322	19.343
3323	17.759
3324	0.97591
3325	2.2543
3326	19.809
3327	19.46
3328	19.58
3329	19.451
3330	19.394
3331	19.872
3332	19.655
3333	19.277
3334	19.304
3335	19.338
3336	19.364
3337	9.3459
3338	0.89933
3339	0.49937
3340	16.692
3341	17.804
3342	1.41
3343	15.793
3344	1.3262
3345	12.883
3346	3.8549
3347	8.9002
3348	0.99994
3349	1.7021
3350	2.0739
3351	1.0239
3352	11.477
3353	4.2853
3354	1.8913
3355	0.83491
3356	11.838
3357	7.8256
3358	14.59
3359	8.4821
3360	10.468
3361	9.6756
3362	3.9768
3363	0.80033
3364	13.08
3365	3.4281
3366	12.219
3367	19.144
3368	0.94905
3369	1.7179
3370	7.0706
3371	8.724
3372	7.7504
3373	16.286
3374	0.84017
3375	1.9175
3376	1.0577
3377	2.6749
3378	18.1
3379	1.3554
3380	1.1099
3381	1.0848
3382	19.138
3383	19.16
3384	19.535
3385	19.121
3386	19.657
3387	19.705
3388	19.344
3389	19.153
3390	19.401
3391	19.468
3392	19.147
3393	19.604
3394	19.123
3395	19.11
3396	19.699
3397	11.252
3398	14.122
3399	10.684
3400	19.677
3401	19.091
3402	19.08
3403	19.139
3404	19.16
3405	19.136
3406	19.183
3407	19.133
3408	19.229
3409	19.147
3410	19.264
3411	19.147
3412	19.312
3413	19.163
3414	19.157
3415	19.434
3416	19.156
3417	19.499
3418	19.145
3419	19.569
3420	19.108
3421	19.63
3422	19.111
3423	19.682
3424	19.707
3425	19.078
3426	19.075
3427	19.072
3428	3.4159
3429	19.88
3430	7.8187
3431	8.7041
3432	5.2588
3433	4.6662
3434	19.268
3435	1.3544
3436	19.282
3437	19.154
3438	19.237
3439	19.135
3440	19.195
3441	0.44665
3442	19.136
3443	17.028
3444	19.172
3445	19.131
3446	1.4859
3447	1.7918
3448	19.152
3449	19.123
3450	13.085
3451	1.1154
3452	0.80992
3453	14.117
3454	7.8383
3455	19.427
3456	1.3951
3457	11.019
3458	9.1549
3459	0.73152
3460	11.854
3461	1.9529
3462	15.387
3463	0.40467
3464	16.654
3465	17.804
3466	11.039
3467	7.8618
3468	16.708
3469	13.816
3470	14.889
3471	19.147
3472	17.649
3473	14.162
3474	0.84419
3475	7.2588
3476	17.056
3477	11.17
3478	6.9422
3479	11.125
3480	10.881
3481	10.853
3482	11.819
3483	11.013
3484	17.235
3485	11.6
3486	0.8754
3487	12.052
3488	12.902
3489	15.854
3490	14.321
3491	2.497
3492	12.91
3493	1.8294
3494	11.658
3495	10.968
3496	10.955
3497	12.072
3498	11.097
3499	17.942
3500	12.863
3501	10.52
3502	17.329
3503	0.76814
3504	2.3023
3505	9.7669
3506	19.149
3507	9.2289
3508	4.5345
3509	2.209
3510	2.0344
3511	10.059
3512	12.946
3513	1.0677
3514	1.3132
3515	14.033
3516	0.67773
3517	0.36567
3518	13.889
3519	8.2068
3520	9.5958
3521	11.314
3522	13.013
3523	14.536
3524	6.2694
3525	10.319
3526	8.1104
3527	14.915
3528	1.1998
3529	11.636
3530	7.174
3531	1.0862
3532	12.133
3533	16.355
3534	2.512
3535	2.6748
3536	11.441
3537	2.4397
3538	11.123
3539	12.556
3540	13.474
3541	13.145
3542	14.443
3543	4.0168
3544	12.155
3545	14.034
3546	8.4859
3547	17.271
3548	17.026
3549	12.87
3550	0.90142
3551	4.6734
3552	14.555
3553	7.9755
3554	14.61
3555	3.3505
3556	14.51
3557	16.125
3558	13.951
3559	11.68
3560	4.7393
3561	11.687
3562	5.1016
3563	17.776
3564	1.759
3565	12.339
3566	19.44
3567	19.505
3568	18.087
3569	19.577
3570	18.691
3571	19.649
3572	19.19
3573	19.715
3574	19.483
3575	19.774
3576	19.673
3577	15.373
3578	19.764
3579	19.766
3580	19.249
3581	19.257
3582	9.3215
3583	19.265
3584	19.345
3585	19.328
3586	19.278
3587	19.361
3588	10.661
3589	19.3
3590	19.463
3591	1.5493
3592	19.29
3593	10.139
3594	19.526
3595	8.7147
3596	19.308
3597	18.008
3598	19.291
3599	18.612
3600	19.672
3601	19.286
3602	19.26
3603	19.752
3604	0.80593
3605	19.528
3606	19.76
3607	0.99057
3608	19.896
3609	19.916
3610	0.88769
3611	1.1553
3612	0.80564
3613	2.4709
3614	0.84706
3615	1.0491
3616	16.56
3617	3.4145
3618	1.0575
3619	1.8762
3620	9.8747
3621	19.142
3622	1.1358
3623	3.2411
3624	1.1755
3625	0.48974
3626	14.93
3627	1.265
3628	3.6001
3629	17.62
3630	4.109
3631	9.9527
3632	17.734
3633	1.3443
3634	3.7096
3635	13.987
3636	13.829
3637	9.4962
3638	16.967
3639	14.173
3640	10.65
3641	8.3281
3642	16.533
3643	1.0356
3644	3.1993
3645	9.7543
3646	9.2868
3647	17.306
3648	17.315
3649	17.87
3650	18.171
3651	12.867
3652	11.081
3653	10.382
3654	15.129
3655	13.419
3656	11.358
3657	9.0312
3658	7.036
3659	3.0357
3660	1.2722
3661	8.7773
3662	19.733
3663	19.795
3664	19.591
3665	19.177
3666	19.746
3667	19.34
3668	19.684
3669	18.971
3670	19.611
3671	18.364
3672	19.541
3673	17.739
3674	12.973
3675	19.47
3676	11.705
3677	19.409
3678	0.93512
3679	19.147
3680	17.636
3681	13.858
3682	12.828
3683	12.361
3684	11.441
3685	11.023
3686	10.523
3687	10.511
3688	10.97
3689	11.505
3690	0.85691
3691	2.1147
3692	3.2755
3693	13.4
3694	19.911
3695	1.7336
3696	18.098
3697	4.2681
3698	19.932
3699	19.831
3700	19.254
3701	19.863
3702	19.794
3703	19.424
3704	18.994
3705	19.637
3706	11.4
3707	18.351
3708	19.289
3709	19.563
3710	19.297
3711	19.495
3712	4.7436
3713	5.5737
3714	17.766
3715	9.0149
3716	0.48051
3717	19.304
3718	17.759
3719	0.74156
3720	1.0692
3721	15.376
3722	19.201
3723	0.88766
3724	1.263
3725	4.2163
3726	14.749
3727	16.209
3728	14.232
3729	7.5235
3730	0.35637
3731	1.0217
3732	16.315
3733	1.0037
3734	12.258
3735	10.66
3736	10.733
3737	7.2506
3738	11.916
3739	0.38196
3740	13.326
3741	0.91198
3742	18.088
3743	12.178
3744	17.636
3745	12.296
3746	17.519
3747	2.3787
3748	1.0432
3749	0.96444
3750	4.7323
3751	11.036
3752	7.8063
3753	14.551
3754	12.303
3755	14.744
3756	14.025
3757	19.079
3758	4.4621
3759	12.626
3760	18.623
3761	17.98
3762	17.213
3763	11.267
3764	9.4802
3765	0.57317
3766	4.2599
3767	12.473
3768	1.0917
3769	18.963
3770	8.1748
3771	17.605
3772	16.786
3773	3.516
3774	18.304
3775	5.4283
3776	10.872
3777	14.891
3778	1.5194
3779	2.6652
3780	17.82
3781	15.407
3782	0.87635
3783	17.94
3784	13.342
3785	1.2548
3786	0.44484
3787	1.0759
3788	19.268
3789	17.619
3790	18.332
3791	19.345
3792	1.0097
3793	3.652
3794	14.701
3795	2.8067
3796	2.7942
3797	0.83916
3798	1.576
3799	0.74454
3800	15.851
3801	17.68
3802	17.95
3803	11.592
3804	10.039
3805	4.8599
3806	0.7998
3807	3.7785
3808	13.425
3809	1.5616
3810	15.093
3811	10.144
3812	8.6235
3813	3.9657
3814	1.9866
3815	0.32046
3816	1.3579
3817	0.52658
3818	17.26
3819	13.128
3820	13.817
3821	12.499
3822	11.27
3823	10.811
3824	13.249
3825	8.2216
3826	14.099
3827	16.721
3828	16.542
3829	18.164
3830	3.269
3831	1.6164
3832	1.0792
3833	0.45045
3834	1.1131
3835	2.9745
3836	0.79994
3837	1.5134
3838	13.73
3839	9.7754
3840	3.0117
3841	16.273
3842	6.465
3843	10.954
3844	8.925
3845	7.9674
3846	9.3084
3847	11.014
3848	12.715
3849	14.266
3850	14.417
3851	10.332
3852	9.7913
3853	5.7068
3854	14.623
3855	15.855
3856	15.356
3857	1.8404
3858	11.181
3859	14.3
3860	12.731
3861	3.6467
3862	9.9266
3863	8.3852
3864	0.85734
3865	16.469
3866	10.819
3867	10.621
3868	10.831
3869	14.153
3870	14.41
3871	2.7981
3872	12.645
3873	6.1684
3874	19.287
3875	19.237
3876	19.28
3877	19.229
3878	19.282
3879	19.228
3880	9.8434
3881	14.467
3882	14.672
3883	13.823
3884	14.081
3885	19.261
3886	19.263
3887	0.57567
3888	0.67321
3889	0.55743
3890	0.6528
3891	0.53621
3892	0.63627
3893	0.5218
3894	0.62557
3895	0.50724
3896	0.59405
3897	3.8391
3898	3.669
3899	3.439
3900	19.829
3901	19.717
3902	19.6
3903	19.256
3904	17.725
3905	17.244
3906	17.578
3907	17.052
3908	4.9598
3909	5.4215
3910	4.3751
3911	4.9515
3912	4.2315
3913	4.711
3914	19.259
3915	19.262
3916	19.182
3917	19.18
3918	19.3
3919	0.8256
3920	4.5797
3921	19.187
3922	17.684
3923	12.959
3924	3.3356
3925	3.9137
3926	1.4173
3927	14.335
3928	16.161
3929	0.84734
3930	14.787
3931	14.59
3932	0.49307
3933	0.49037
3934	3.8401
3935	3.048
3936	0.73323
3937	13.167
3938	1.1363
3939	19.718
3940	19.646
3941	19.888
3942	19.865
3943	0.97595
3944	15.676
3945	19.281
3946	19.34
3947	19.255
3948	19.259
3949	0.70204
3950	8.5655
3951	0.82941
3952	0.82684
3953	11.08
3954	11.044
3955	9.1015
3956	9.298
3957	9.3324
3958	9.5536
3959	10.449
3960	10.521
3961	11.403
3962	11.308
3963	12.193
3964	11.909
3965	12.831
3966	13.087
3967	13.257
3968	13.512
3969	0.94359
3970	0.9017
3971	0.56513
3972	0.5179
3973	3.1729
3974	2.7067
3975	3.1832
3976	2.6626
3977	3.2246
3978	2.6249
3979	7.2198
3980	7.563
3981	7.0577
3982	7.4269
3983	7.2737
3984	7.6071
3985	12.422
3986	12.734
3987	11.721
3988	11.954
3989	8.3313
3990	8.6134
3991	8.203
3992	8.4854
3993	10.421
3994	10.685
3995	10.322
3996	10.617
3997	2.1395
3998	2.3028
3999	11.008
4000	11.171
4001	10.762
4002	10.737
4003	9.1844
4004	9.4756
4005	9.0553
4006	9.3342
4007	8.9594
4008	9.2341
4009	19.225
4010	19.226
4011	19.295
4012	19.289
4013	16.605
4014	16.848
4015	17.157
4016	17.373
4017	11.815
4018	11.539
4019	12.037
4020	11.761
4021	12.317
4022	12.007
4023	1.3313
4024	15.549
4025	15.881
4026	10.226
4027	10.503
4028	10.031
4029	10.306
4030	15.319
4031	15.141
4032	15.606
4033	15.43
4034	15.898
4035	15.731
4036	16.211
4037	16.053
4038	1.9907
4039	2.1747
4040	1.7754
4041	1.6621
4042	1.9353
4043	1.923
4044	11.842
4045	12.145
4046	11.239
4047	11.36
4048	11.498
4049	11.668
4050	11.709
4051	11.926
4052	11.891
4053	12.155
4054	14.133
4055	13.84
4056	14.766
4057	14.58
4058	15.707
4059	15.527
4060	13.652
4061	13.36
4062	19.294
4063	19.286
4064	16.695
4065	11.005
4066	10.942
4067	10.721
4068	16.93
4069	10.653
4070	15.642
4071	15.359
4072	15.179
4073	14.877
4074	14.779
4075	14.465
4076	19.2
4077	19.275
4078	5.3434
4079	5.0406
4080	4.3126
4081	5.0258
4082	4.3679
4083	16.31
4084	16.513
4085	16.375
4086	16.104
4087	16.16
4088	15.871
4089	15.939
4090	15.625
4091	15.718
4092	15.372
4093	15.489
4094	15.114
4095	15.255
4096	14.855
4097	15.018
4098	14.599
4099	14.781
4100	14.346
4101	14.544
4102	14.097
4103	14.312
4104	13.854
4105	14.078
4106	13.618
4107	13.847
4108	13.387
4109	13.619
4110	13.163
4111	13.399
4112	12.945
4113	13.182
4114	12.733
4115	12.971
4116	12.526
4117	12.758
4118	12.323
4119	12.543
4120	12.124
4121	12.333
4122	11.928
4123	12.132
4124	11.732
4125	11.934
4126	11.537
4127	11.734
4128	11.34
4129	11.529
4130	11.142
4131	11.319
4132	10.939
4133	11.104
4134	10.731
4135	10.884
4136	10.518
4137	10.66
4138	10.297
4139	10.428
4140	10.068
4141	10.19
4142	9.8299
4143	9.9464
4144	9.5818
4145	9.6965
4146	9.323
4147	9.4392
4148	9.0529
4149	9.1729
4150	8.7708
4151	8.8968
4152	8.4765
4153	8.6103
4154	8.1698
4155	8.3125
4156	7.8511
4157	8.0033
4158	7.5205
4159	7.6825
4160	7.1791
4161	7.3498
4162	6.8286
4163	7.0057
4164	6.4714
4165	6.6522
4166	6.1107
4167	6.2921
4168	5.7506
4169	5.9268
4170	5.3968
4171	5.5596
4172	5.0568
4173	5.1954
4174	4.7405
4175	4.8418
4176	4.4601
4177	4.5068
4178	4.2298
4179	4.2014
4180	4.0648
4181	3.942
4182	3.9789
4183	3.7446
4184	3.9811
4185	3.6247
4186	4.0732
4187	3.6003
4188	4.2572
4189	3.6515
4190	4.5329
4191	3.812
4192	4.0382
4193	21.198
4194	21.127
4195	20.342
4196	16.752
4197	16.607
4198	17.024
4199	16.85
4200	17.316
4201	17.1
4202	17.616
4203	17.356
4204	17.919
4205	17.632
4206	18.22
4207	17.878
4208	18.516
4209	18.131
4210	18.805
4211	18.368
4212	19.085
4213	18.61
4214	19.355
4215	18.825
4216	19.615
4217	19.059
4218	19.861
4219	19.32
4220	20.092
4221	19.565
4222	20.309
4223	19.739
4224	20.509
4225	19.856
4226	20.692
4227	19.976
4228	20.854
4229	20.097
4230	20.993
4231	20.196
4232	21.108
4233	20.287
4234	21.196
4235	20.353
4236	21.253
4237	20.382
4238	21.279
4239	20.365
4240	21.278
4241	20.273
4242	21.251
4243	20.346
4244	20.368
4245	6.2978
4246	6.2436
4247	21.043
4248	20.28
4249	20.94
4250	20.194
4251	20.817
4252	20.075
4253	20.673
4254	19.943
4255	20.508
4256	19.804
4257	20.32
4258	19.657
4259	20.11
4260	19.46
4261	19.876
4262	19.21
4263	19.617
4264	18.944
4265	19.334
4266	18.664
4267	19.026
4268	18.364
4269	18.693
4270	18.086
4271	18.335
4272	17.817
4273	17.95
4274	17.499
4275	17.538
4276	17.118
4277	17.098
4278	16.708
4279	16.631
4280	16.269
4281	16.138
4282	15.808
4283	15.617
4284	15.325
4285	15.071
4286	14.822
4287	14.5
4288	14.297
4289	13.904
4290	13.744
4291	13.285
4292	13.156
4293	12.648
4294	12.572
4295	11.997
4296	11.986
4297	11.335
4298	11.39
4299	10.668
4300	10.788
4301	10.006
4302	10.182
4303	9.3614
4304	9.5791
4305	8.752
4306	8.9885
4307	8.2049
4308	8.4232
4309	7.7527
4310	7.9128
4311	7.4364
4312	7.4842
4313	7.2994
4314	7.1739
4315	7.3769
4316	7.0202
4317	7.6836
4318	7.0459
4319	8.2048
4320	7.273
4321	8.8979
4322	7.6831
4323	9.7005
4324	8.2193
4325	10.541
4326	8.8248
4327	11.325
4328	9.6479
4329	11.96
4330	10.157
4331	12.367
4332	10.599
4333	12.455
4334	10.828
4335	12.155
4336	10.756
4337	11.403
4338	10.376
4339	10.158
4340	9.7075
4341	8.3929
4342	8.8468
4343	7.7633
4344	18.741
4345	18.933
4346	18.439
4347	18.57
4348	18.291
4349	18.386
4350	18.112
4351	18.191
4352	17.908
4353	17.984
4354	17.711
4355	17.763
4356	17.491
4357	17.528
4358	17.257
4359	17.279
4360	17.015
4361	17.015
4362	16.757
4363	16.736
4364	16.479
4365	16.44
4366	16.192
4367	16.128
4368	15.898
4369	15.799
4370	15.595
4371	15.452
4372	15.284
4373	15.087
4374	14.946
4375	14.702
4376	14.577
4377	14.298
4378	14.193
4379	13.875
4380	13.798
4381	13.432
4382	13.392
4383	12.969
4384	12.967
4385	12.487
4386	12.53
4387	11.986
4388	12.068
4389	11.466
4390	11.586
4391	10.929
4392	11.091
4393	10.378
4394	10.579
4395	9.8148
4396	10.052
4397	9.2439
4398	9.5196
4399	8.6738
4400	8.9806
4401	8.1127
4402	8.4419
4403	7.5751
4404	7.9155
4405	7.0815
4406	7.3997
4407	6.6587
4408	6.9326
4409	6.3429
4410	6.5218
4411	6.1758
4412	6.2133
4413	6.1968
4414	6.023
4415	6.4309
4416	5.9994
4417	6.8787
4418	6.1614
4419	7.5149
4420	6.4944
4421	8.2933
4422	6.9933
4423	9.1539
4424	7.6366
4425	10.028
4426	8.3607
4427	10.835
4428	9.1083
4429	11.497
4430	9.7286
4431	11.93
4432	10.291
4433	12.048
4434	10.489
4435	11.793
4436	10.424
4437	11.13
4438	10.12
4439	9.9537
4440	9.5927
4441	8.244
4442	8.7182
4443	7.7185
4444	19.516
4445	19.473
4446	19.515
4447	19.474
4448	19.514
4449	19.471
4450	19.512
4451	19.473
4452	19.51
4453	19.466
4454	19.508
4455	19.468
4456	19.507
4457	19.463
4458	19.506
4459	19.463
4460	19.506
4461	19.462
4462	19.506
4463	19.464
4464	19.507
4465	19.464
4466	19.508
4467	19.468
4468	19.509
4469	19.466
4470	19.511
4471	19.469
4472	19.512
4473	19.467
4474	19.513
4475	19.474
4476	19.515
4477	19.473
4478	19.516
4479	19.473
4480	19.517
4481	19.474
4482	19.517
4483	19.476
4484	19.518
4485	19.478
4486	19.518
4487	19.476
4488	19.518
4489	19.477
4490	19.518
4491	19.481
4492	19.518
4493	19.481
4494	19.517
4495	19.479
4496	19.516
4497	19.477
4498	19.516
4499	19.475
4500	19.515
4501	19.474
4502	19.513
4503	19.471
4504	19.512
4505	19.475
4506	19.51
4507	19.474
4508	19.509
4509	19.474
4510	19.507
4511	19.474
4512	19.505
4513	19.472
4514	19.504
4515	19.467
4516	19.502
4517	19.464
4518	19.5
4519	19.466
4520	19.498
4521	19.461
4522	19.496
4523	19.46
4524	19.494
4525	19.461
4526	19.492
4527	19.46
4528	19.49
4529	19.457
4530	19.488
4531	19.451
4532	19.486
4533	19.448
4534	19.484
4535	19.448
4536	19.482
4537	19.444
4538	19.48
4539	19.442
4540	19.478
4541	19.44
4542	19.477
4543	19.439
4544	19.475
4545	19.438
4546	19.473
4547	19.438
4548	19.472
4549	19.44
4550	19.471
4551	19.44
4552	19.47
4553	19.44
4554	19.469
4555	19.439
4556	19.468
4557	19.433
4558	19.467
4559	19.43
4560	19.467
4561	19.431
4562	19.467
4563	19.432
4564	19.467
4565	19.431
4566	19.467
4567	19.431
4568	19.468
4569	19.432
4570	19.468
4571	19.434
4572	19.47
4573	19.44
4574	19.471
4575	19.441
4576	19.473
4577	19.444
4578	19.475
4579	19.446
4580	19.478
4581	19.448
4582	19.481
4583	19.451
4584	19.484
4585	19.455
4586	19.488
4587	19.46
4588	19.493
4589	19.463
4590	19.498
4591	19.467
4592	19.503
4593	19.472
4594	19.509
4595	19.478
4596	19.516
4597	19.484
4598	19.524
4599	19.489
4600	19.532
4601	19.495
4602	19.54
4603	19.503
4604	19.55
4605	19.516
4606	19.56
4607	19.525
4608	19.571
4609	19.536
4610	19.583
4611	19.549
4612	19.595
4613	19.563
4614	19.609
4615	19.576
4616	19.623
4617	19.589
4618	19.638
4619	19.604
4620	19.654
4621	19.616
4622	19.671
4623	19.635
4624	19.689
4625	19.651
4626	19.708
4627	19.668
4628	19.728
4629	19.688
4630	19.748
4631	19.709
4632	19.77
4633	19.728
4634	19.792
4635	19.75
4636	19.815
4637	19.772
4638	19.84
4639	19.796
4640	19.865
4641	19.818
4642	19.891
4643	19.843
4644	19.917
4645	19.87
4646	19.945
4647	19.894
4648	19.973
4649	19.92
4650	20.002
4651	19.945
4652	20.031
4653	19.974
4654	20.061
4655	20.003
4656	20.091
4657	20.028
4658	20.122
4659	20.057
4660	20.153
4661	20.086
4662	20.184
4663	20.114
4664	20.216
4665	20.142
4666	20.247
4667	20.17
4668	20.278
4669	20.196
4670	20.309
4671	20.228
4672	20.339
4673	20.257
4674	20.369
4675	20.274
4676	20.399
4677	20.292
4678	20.427
4679	20.315
4680	20.454
4681	20.339
4682	20.479
4683	20.367
4684	20.504
4685	20.376
4686	20.526
4687	20.39
4688	20.547
4689	20.403
4690	20.565
4691	20.419
4692	20.581
4693	20.422
4694	20.593
4695	20.427
4696	20.603
4697	20.442
4698	20.609
4699	20.422
4700	20.611
4701	20.411
4702	20.609
4703	20.402
4704	20.602
4705	20.386
4706	20.589
4707	20.373
4708	20.571
4709	20.341
4710	20.547
4711	20.277
4712	20.516
4713	20.249
4714	20.477
4715	20.19
4716	20.43
4717	20.129
4718	20.373
4719	20.055
4720	20.307
4721	20.006
4722	20.231
4723	19.888
4724	20.142
4725	19.776
4726	20.041
4727	19.669
4728	19.926
4729	19.546
4730	19.796
4731	19.414
4732	19.651
4733	19.256
4734	19.494
4735	19.076
4736	19.325
4737	18.95
4738	19.139
4739	18.781
4740	18.606
4741	19.137
4742	19.119
4743	19.388
4744	19.432
4745	19.305
4746	19.349
4747	19.229
4748	19.271
4749	19.168
4750	19.197
4751	19.127
4752	19.142
4753	19.107
4754	15.16
4755	14.906
4756	14.985
4757	19.035
4758	19.087
4759	18.965
4760	19.029
4761	18.943
4762	18.99
4763	18.94
4764	18.985
4765	18.93
4766	18.971
4767	18.935
4768	18.973
4769	18.948
4770	18.979
4771	18.957
4772	18.989
4773	18.96
4774	18.993
4775	18.973
4776	18.999
4777	18.982
4778	19.008
4779	18.985
4780	19.017
4781	18.995
4782	19.022
4783	19.003
4784	19.029
4785	19.005
4786	19.028
4787	19.012
4788	19.034
4789	19.018
4790	19.042
4791	19.019
4792	19.048
4793	19.025
4794	19.051
4795	19.029
4796	19.057
4797	19.028
4798	19.057
4799	19.032
4800	19.059
4801	19.035
4802	19.063
4803	19.034
4804	19.063
4805	19.036
4806	19.065
4807	19.038
4808	19.065
4809	19.036
4810	19.065
4811	19.038
4812	19.063
4813	19.038
4814	19.066
4815	19.036
4816	19.067
4817	19.037
4818	19.065
4819	19.037
4820	19.066
4821	19.034
4822	19.058
4823	19.035
4824	19.059
4825	19.034
4826	19.062
4827	19.032
4828	19.061
4829	19.032
4830	19.06
4831	19.031
4832	19.06
4833	19.029
4834	19.059
4835	19.028
4836	19.054
4837	19.027
4838	19.054
4839	19.025
4840	19.052
4841	19.025
4842	19.049
4843	19.024
4844	19.052
4845	19.023
4846	19.05
4847	19.022
4848	19.051
4849	19.022
4850	19.051
4851	19.021
4852	19.047
4853	19.021
4854	19.047
4855	19.021
4856	19.05
4857	19.02
4858	19.047
4859	19.02
4860	19.047
4861	19.021
4862	19.046
4863	19.021
4864	19.045
4865	19.022
4866	19.047
4867	19.023
4868	19.051
4869	19.024
4870	19.051
4871	19.026
4872	19.052
4873	19.028
4874	19.054
4875	19.029
4876	19.056
4877	19.032
4878	19.057
4879	19.035
4880	19.061
4881	19.038
4882	19.064
4883	19.042
4884	19.066
4885	19.046
4886	19.067
4887	19.05
4888	19.072
4889	19.055
4890	19.076
4891	19.06
4892	19.081
4893	19.065
4894	19.086
4895	19.071
4896	19.092
4897	19.078
4898	19.099
4899	19.085
4900	19.104
4901	19.093
4902	19.111
4903	19.101
4904	19.119
4905	19.109
4906	19.126
4907	19.118
4908	19.136
4909	19.128
4910	19.147
4911	19.137
4912	19.156
4913	19.148
4914	19.165
4915	19.159
4916	19.178
4917	19.17
4918	19.189
4919	19.183
4920	19.202
4921	19.195
4922	19.212
4923	19.208
4924	19.224
4925	19.222
4926	19.238
4927	19.236
4928	19.255
4929	19.25
4930	19.267
4931	19.265
4932	19.282
4933	19.28
4934	19.295
4935	19.295
4936	19.312
4937	19.311
4938	19.325
4939	19.327
4940	19.342
4941	19.343
4942	19.359
4943	19.359
4944	19.372
4945	19.376
4946	19.391
4947	19.391
4948	19.406
4949	19.408
4950	19.423
4951	19.424
4952	19.44
4953	19.44
4954	19.455
4955	19.456
4956	19.472
4957	19.471
4958	19.487
4959	19.485
4960	19.502
4961	19.499
4962	19.517
4963	19.513
4964	19.533
4965	19.525
4966	19.543
4967	19.537
4968	19.557
4969	19.547
4970	19.567
4971	19.556
4972	19.578
4973	19.564
4974	19.585
4975	19.57
4976	19.593
4977	19.574
4978	19.598
4979	19.576
4980	19.601
4981	19.577
4982	19.601
4983	19.574
4984	19.602
4985	19.569
4986	19.598
4987	19.562
4988	19.59
4989	19.551
4990	19.579
4991	19.537
4992	19.566
4993	19.52
4994	19.551
4995	19.498
4996	19.533
4997	19.473
4998	19.508
4999	19.443
5000	19.48
5001	19.408
5002	19.445
5003	19.368
5004	19.405
5005	19.323
5006	19.361
5007	19.271
5008	19.308
5009	19.214
5010	19.254
5011	19.149
5012	19.19
5013	19.077
5014	19.115
5015	18.998
5016	19.039
5017	18.911
5018	18.95
5019	18.815
5020	18.856
5021	18.71
5022	18.753
5023	18.594
5024	18.637
5025	18.468
5026	18.511
5027	18.332
5028	18.37
5029	18.183
5030	18.224
5031	18.021
5032	18.056
5033	17.847
5034	17.885
5035	17.658
5036	17.698
5037	17.455
5038	17.506
5039	17.236
5040	17.297
5041	17.001
5042	17.077
5043	16.748
5044	16.838
5045	16.48
5046	16.577
5047	16.201
5048	16.302
5049	15.926
5050	16.024
5051	15.665
5052	15.743
5053	15.414
5054	15.485
5055	15.233
5056	52.786
5057	52.671
5058	45.102
5059	14.653
5060	14.74
5061	14.392
5062	14.482
5063	14.123
5064	14.235
5065	13.846
5066	13.971
5067	13.562
5068	13.701
5069	13.271
5070	13.423
5071	12.974
5072	13.14
5073	12.673
5074	12.854
5075	12.369
5076	12.566
5077	12.064
5078	12.279
5079	11.76
5080	11.991
5081	11.459
5082	11.705
5083	11.166
5084	11.419
5085	10.883
5086	11.155
5087	10.617
5088	10.896
5089	10.371
5090	10.651
5091	10.152
5092	10.43
5093	9.968
5094	10.234
5095	9.8267
5096	10.088
5097	9.7354
5098	9.9729
5099	9.7022
5100	9.9008
5101	9.736
5102	9.8942
5103	9.8436
5104	9.9473
5105	10.03
5106	10.068
5107	10.301
5108	10.257
5109	10.655
5110	10.52
5111	11.094
5112	10.854
5113	11.616
5114	11.269
5115	12.218
5116	11.761
5117	12.897
5118	12.324
5119	13.646
5120	12.957
5121	14.461
5122	13.662
5123	15.335
5124	14.428
5125	16.264
5126	15.252
5127	17.247
5128	16.138
5129	18.282
5130	17.092
5131	19.382
5132	18.101
5133	20.568
5134	19.174
5135	21.899
5136	20.325
5137	23.457
5138	21.618
5139	25.553
5140	23.216
5141	28.535
5142	25.391
5143	35.6
5144	28.681
5145	32.968
5146	14.209
5147	14.616
5148	14.152
5149	13.844
5150	13.787
5151	13.467
5152	13.418
5153	13.079
5154	13.047
5155	12.676
5156	12.662
5157	12.262
5158	12.27
5159	11.836
5160	11.874
5161	11.4
5162	11.471
5163	10.953
5164	11.062
5165	10.497
5166	10.642
5167	10.038
5168	10.221
5169	9.5718
5170	9.8065
5171	9.1061
5172	9.3883
5173	8.6458
5174	8.9792
5175	8.1952
5176	8.5704
5177	7.7608
5178	8.1806
5179	7.3532
5180	7.8136
5181	6.9879
5182	7.4839
5183	6.6754
5184	7.2057
5185	6.4366
5186	7.0168
5187	6.2906
5188	6.8878
5189	6.2534
5190	6.8269
5191	6.3374
5192	6.8523
5193	6.5508
5194	6.9809
5195	6.8945
5196	7.2075
5197	7.3588
5198	7.5483
5199	7.933
5200	7.9702
5201	8.6067
5202	8.5069
5203	9.368
5204	9.1398
5205	10.204
5206	9.8438
5207	11.105
5208	10.6
5209	12.059
5210	11.413
5211	13.061
5212	12.294
5213	14.105
5214	13.232
5215	15.189
5216	14.199
5217	16.31
5218	15.173
5219	17.467
5220	16.239
5221	18.675
5222	17.334
5223	19.96
5224	18.476
5225	21.374
5226	19.699
5227	23.002
5228	21.12
5229	25.151
5230	22.859
5231	28.237
5232	25.155
5233	35.628
5234	28.599
5235	32.75
5236	19.28
5237	19.081
5238	18.912
5239	19.435
5240	19.062
5241	19.541
5242	19.133
5243	19.598
5244	19.176
5245	19.615
5246	19.164
5247	19.629
5248	19.191
5249	19.598
5250	19.169
5251	19.522
5252	19.145
5253	19.446
5254	19.069
5255	19.344
5256	18.982
5257	19.196
5258	18.871
5259	19.042
5260	18.691
5261	18.893
5262	18.554
5263	18.714
5264	18.384
5265	18.492
5266	18.217
5267	18.246
5268	17.983
5269	17.977
5270	17.734
5271	17.687
5272	17.456
5273	17.377
5274	17.18
5275	17.039
5276	16.855
5277	16.676
5278	16.504
5279	16.293
5280	16.129
5281	15.897
5282	15.75
5283	15.491
5284	15.352
5285	15.064
5286	14.975
5287	14.59
5288	5.1809
5289	10.191
5290	7.0134
5291	18.872
5292	18.748
5293	18.731
5294	18.573
5295	18.722
5296	18.497
5297	18.669
5298	18.486
5299	18.574
5300	18.381
5301	18.546
5302	18.323
5303	18.428
5304	18.271
5305	18.288
5306	18.102
5307	18.22
5308	18.015
5309	18.022
5310	17.897
5311	17.836
5312	17.664
5313	17.749
5314	17.555
5315	17.494
5316	17.404
5317	17.289
5318	17.124
5319	17.162
5320	17.017
5321	16.838
5322	16.786
5323	16.625
5324	16.459
5325	16.353
5326	16.314
5327	16.014
5328	15.931
5329	15.898
5330	15.735
5331	15.574
5332	15.564
5333	15.262
5334	15.154
5335	15.113
5336	14.981
5337	14.708
5338	14.724
5339	14.41
5340	14.317
5341	14.23
5342	14.162
5343	13.794
5344	13.852
5345	13.505
5346	13.442
5347	13.31
5348	13.268
5349	12.842
5350	12.932
5351	12.653
5352	12.511
5353	12.428
5354	12.45
5355	11.898
5356	11.96
5357	11.665
5358	11.607
5359	11.317
5360	11.425
5361	10.8
5362	10.934
5363	10.637
5364	10.574
5365	10.396
5366	10.474
5367	10.141
5368	10.114
5369	9.8907
5370	9.9454
5371	9.3782
5372	9.5382
5373	9.3656
5374	9.2351
5375	9.1977
5376	9.2874
5377	8.8198
5378	8.7863
5379	8.7522
5380	8.7143
5381	8.5325
5382	8.5369
5383	7.9491
5384	8.1986
5385	7.9728
5386	7.6116
5387	7.6085
5388	7.9332
5389	6.8362
5390	7.0141
5391	7.3721
5392	6.8497
5393	6.731
5394	7.1746
5395	5.8951
5396	6.0161
5397	6.1094
5398	5.9505
5399	4.8279
5400	5.6692
5401	5.156
5402	4.59
5403	7.0746
5404	6.0345
5405	6.2435
5406	6.4296
5407	5.4252
5408	5.2042
5409	5.4915
5410	5.4431
5411	5.5628
5412	4.9635
5413	5.2727
5414	5.0129
5415	4.6343
5416	4.5701
5417	5.1317
5418	4.3393
5419	5.2666
5420	4.823
5421	4.8581
5422	27.609
5423	22.836
5424	21.669
5425	19.134
5426	13.701
5427	26.035
5428	20.084
5429	23.021
5430	1.0809
5431	0.55375
5432	15.552
5433	16.392
5434	11.152
5435	11.224
5436	8.3646
5437	9.1193
5438	8.6791
5439	6.7821
5440	10.227
5441	8.684
5442	7.0592
5443	7.2947
5444	4.5916
5445	3.9194
5446	6.6262
5447	5.4188
5448	6.5792
5449	5.8831
5450	6.2743
5451	5.8568
5452	5.9677
5453	5.7287
5454	5.5268
5455	5.4755
5456	5.0993
5457	5.1226
5458	4.7045
5459	4.8154
5460	4.2591
5461	4.4548
5462	3.8566
5463	4.0719
5464	3.5019
5465	3.7443
5466	3.1238
5467	3.4068
5468	2.7902
5469	3.0626
5470	2.5025
5471	2.7833
5472	2.1985
5473	2.4929
5474	1.9336
5475	2.2157
5476	1.7075
5477	1.9707
5478	1.464
5479	1.7477
5480	1.2395
5481	1.5068
5482	1.0277
5483	1.3134
5484	0.7932
5485	1.0844
5486	0.57796
5487	0.87093
5488	0.38382
5489	0.71535
5490	0.18086
5491	0.53773
5492	3.1841e-002
5493	0.36589
5494	0.17717
5495	0.29554
5496	0.34353
5497	0.26157
5498	0.50713
5499	0.32852
5500	0.64788
5501	0.42994
5502	0.78647
5503	0.55194
5504	0.92321
5505	0.66799
5506	1.0373
5507	0.77589
5508	1.1487
5509	0.87257
5510	1.2584
5511	0.97971
5512	1.3465
5513	1.0461
5514	1.4313
5515	1.1169
5516	1.517
5517	1.1857
5518	1.5835
5519	1.2729
5520	1.6459
5521	1.323
5522	1.7106
5523	1.3859
5524	1.76
5525	1.449
5526	1.8097
5527	1.4888
5528	1.8671
5529	1.5393
5530	1.9163
5531	1.6162
5532	1.9622
5533	1.6786
5534	2.0099
5535	1.7059
5536	2.0476
5537	1.7666
5538	2.0811
5539	1.7702
5540	2.1156
5541	1.7886
5542	2.1412
5543	1.8074
5544	2.1627
5545	1.8241
5546	2.1849
5547	1.8397
5548	2.1981
5549	1.8355
5550	2.2077
5551	1.8476
5552	2.2195
5553	1.8592
5554	2.2217
5555	1.8659
5556	2.2204
5557	1.8649
5558	2.2221
5559	1.8466
5560	2.216
5561	1.8516
5562	2.2111
5563	1.8809
5564	2.2132
5565	1.8934
5566	2.2111
5567	1.8915
5568	2.2082
5569	1.8766
5570	2.2086
5571	1.8597
5572	2.2044
5573	1.8387
5574	2.1981
5575	1.8274
5576	2.1949
5577	1.8409
5578	2.1847
5579	1.8771
5580	2.1709
5581	1.8098
5582	2.161
5583	1.8561
5584	2.143
5585	1.851
5586	2.1194
5587	1.8243
5588	2.0988
5589	1.7995
5590	2.0713
5591	1.7774
5592	2.0383
5593	1.7495
5594	2.014
5595	1.7251
5596	1.9953
5597	1.7063
5598	1.9731
5599	1.6859
5600	1.9523
5601	1.6672
5602	1.9331
5603	1.6533
5604	1.9074
5605	1.638
5606	1.8809
5607	1.6148
5608	1.8545
5609	1.5935
5610	1.8184
5611	1.563
5612	1.7806
5613	1.5117
5614	1.7425
5615	1.4701
5616	1.692
5617	1.4248
5618	1.6396
5619	1.3529
5620	1.5886
5621	1.3137
5622	1.5338
5623	1.2746
5624	1.487
5625	1.2281
5626	1.4461
5627	1.1856
5628	1.4007
5629	1.1678
5630	1.3552
5631	1.1319
5632	1.3094
5633	1.0962
5634	1.2554
5635	1.0475
5636	1.1986
5637	0.98695
5638	1.1396
5639	0.92704
5640	1.0696
5641	0.86036
5642	0.99294
5643	0.77507
5644	0.91442
5645	0.69827
5646	0.82477
5647	0.60276
5648	0.73013
5649	0.53708
5650	0.64484
5651	0.44712
5652	0.5628
5653	0.36775
5654	0.48916
5655	0.30083
5656	0.45585
5657	0.23219
5658	0.71684
5659	0.26712
5660	0.5116
5661	3.2443
5662	3.3601
5663	0.48416
5664	7.6184e-002
5665	1.2209
5666	0.80527
5667	1.8537
5668	1.476
5669	2.3853
5670	2.0379
5671	2.8362
5672	2.5331
5673	2.9572
5674	4.5434
5675	4.0632
5676	4.2564
5677	3.8537
5678	3.9496
5679	3.4088
5680	3.6496
5681	3.2079
5682	3.4132
5683	2.9897
5684	3.3177
5685	2.9054
5686	3.4141
5687	3.0291
5688	3.6838
5689	3.3111
5690	4.0563
5691	3.6902
5692	4.457
5693	4.1118
5694	4.8345
5695	4.5092
5696	5.16
5697	4.8554
5698	5.4165
5699	5.1289
5700	5.5997
5701	5.3303
5702	5.714
5703	5.4483
5704	5.7667
5705	5.5103
5706	5.7646
5707	5.5142
5708	5.7155
5709	5.4761
5710	5.628
5711	5.3788
5712	5.5092
5713	5.2849
5714	5.3645
5715	5.1391
5716	5.2004
5717	4.9865
5718	5.0222
5719	4.7961
5720	4.8344
5721	4.633
5722	4.6402
5723	4.4479
5724	4.4435
5725	4.2812
5726	4.2471
5727	4.0821
5728	4.0548
5729	3.8595
5730	3.8691
5731	3.725
5732	3.6913
5733	3.5285
5734	3.5242
5735	3.371
5736	3.369
5737	3.2308
5738	3.2271
5739	3.0755
5740	3.0992
5741	2.9615
5742	2.9861
5743	2.8474
5744	2.8882
5745	2.7542
5746	2.8054
5747	2.6733
5748	2.7367
5749	2.6079
5750	2.6819
5751	2.554
5752	2.6404
5753	2.4568
5754	2.6093
5755	2.4297
5756	2.5879
5757	2.3955
5758	2.5751
5759	2.3765
5760	2.5693
5761	2.3612
5762	2.5689
5763	2.3553
5764	2.5726
5765	2.3498
5766	2.5793
5767	2.3472
5768	2.5879
5769	2.3562
5770	2.5977
5771	2.3744
5772	2.6081
5773	2.3916
5774	2.6185
5775	2.4052
5776	2.6289
5777	2.4113
5778	2.6389
5779	2.4177
5780	2.6483
5781	2.426
5782	2.6574
5783	2.4362
5784	2.6652
5785	2.4528
5786	2.6723
5787	2.4662
5788	2.6798
5789	2.4025
5790	2.6856
5791	2.4224
5792	2.6899
5793	2.4177
5794	2.6934
5795	2.4211
5796	2.6955
5797	2.4149
5798	2.6961
5799	2.4234
5800	2.6949
5801	2.4033
5802	2.692
5803	2.4336
5804	2.6874
5805	2.4398
5806	2.6812
5807	2.4449
5808	2.6728
5809	2.449
5810	2.6627
5811	2.451
5812	2.652
5813	2.3679
5814	2.639
5815	2.3752
5816	2.6243
5817	2.3629
5818	2.6085
5819	2.3638
5820	2.5914
5821	2.3467
5822	2.5733
5823	2.3622
5824	2.5544
5825	2.36
5826	2.535
5827	2.304
5828	2.5141
5829	2.2803
5830	2.4919
5831	2.2654
5832	2.4687
5833	2.2456
5834	2.4444
5835	2.2239
5836	2.4189
5837	2.1993
5838	2.3924
5839	2.1751
5840	2.3649
5841	2.1501
5842	2.3366
5843	2.1257
5844	2.3077
5845	2.0973
5846	2.2787
5847	2.0758
5848	2.2497
5849	2.034
5850	2.2207
5851	2.0073
5852	2.1927
5853	1.9936
5854	2.1658
5855	1.9748
5856	2.1404
5857	1.962
5858	2.1171
5859	1.9059
5860	2.0955
5861	1.8854
5862	2.0764
5863	1.8769
5864	2.0601
5865	1.8608
5866	2.0475
5867	1.8569
5868	2.0388
5869	1.8393
5870	2.0344
5871	1.845
5872	2.0356
5873	1.855
5874	2.0426
5875	1.8556
5876	2.0562
5877	1.8751
5878	2.0771
5879	1.898
5880	2.1058
5881	1.9231
5882	2.1426
5883	1.9374
5884	2.1877
5885	1.9785
5886	2.2418
5887	2.0344
5888	2.3051
5889	2.0882
5890	2.3779
5891	2.1493
5892	2.4609
5893	2.2292
5894	2.5551
5895	2.3052
5896	2.6614
5897	2.4144
5898	2.7813
5899	2.5347
5900	2.913
5901	2.6631
5902	3.0523
5903	2.8069
5904	3.2005
5905	2.9956
5906	3.0728
5907	10.951
5908	11.016
5909	11.089
5910	10.918
5911	10.921
5912	10.753
5913	10.948
5914	10.779
5915	10.544
5916	10.151
5917	10.883
5918	10.591
5919	10.543
5920	10.801
5921	10.175
5922	12.37
5923	12.26
5924	12.943
5925	12.915
5926	15.012
5927	14.715
5928	15.422
5929	14.901
5930	16.368
5931	16.404
5932	16.591
5933	16.632
5934	16.389
5935	16.683
5936	16.446
5937	16.618
5938	15.598
5939	15.901
5940	15.529
5941	15.793
5942	15.382
5943	15.179
5944	15.081
5945	15.474
5946	15.306
5947	15.684
5948	7.8938
5949	7.8004
5950	7.5827
5951	7.6733
5952	8.1224
5953	7.981
5954	8.1897
5955	6.7494
5956	6.6026
5957	6.4079
5958	6.8529
5959	5.5931
5960	5.9802
5961	5.9799
5962	5.6062
5963	2.4398
5964	1.9264
5965	2.0677
5966	2.3305
5967	2.8655
5968	3.0343
5969	2.6693
5970	1.8013
5971	2.2918
5972	1.6403
5973	2.3093
5974	2.0374
5975	1.6202
5976	3.1153
5977	2.8786
5978	4.1565
5979	4.234
5980	3.1667
5981	2.2044
5982	3.1675
5983	15.319
5984	15.261
5985	14.91
5986	14.943
5987	14.063
5988	13.707
5989	13.654
5990	14.002
5991	13.537
5992	13.443
5993	13.111
5994	13.205
5995	12.193
5996	12.128
5997	11.844
5998	11.936
5999	11.408
6000	11.247
6001	11.227
6002	11.413
6003	11.017
6004	11.077
6005	10.973
6006	10.909
6007	10.871
6008	10.869
6009	10.866
6010	10.788
6011	10.777
6012	10.495
6013	10.645
6014	10.696
6015	10.269
6016	10.588
6017	10.777
6018	11.164
6019	10.126
6020	10.723
6021	10.658
6022	12.
6023	12.373
6024	10.907
6025	11.697
6026	11.991
6027	10.954
6028	11.61
6029	11.469
6030	11.147
6031	11.275
6032	11.692
6033	11.913
6034	11.732
6035	12.533
6036	12.004
6037	13.254
6038	12.468
6039	12.628
6040	13.571
6041	12.995
6042	13.647
6043	13.035
6044	14.01
6045	13.348
6046	13.92
6047	14.346
6048	13.84
6049	14.723
6050	14.141
6051	14.33
6052	17.208
6053	17.226
6054	17.002
6055	17.001
6056	16.159
6057	16.133
6058	15.913
6059	16.208
6060	15.979
6061	14.96
6062	15.007
6063	15.24
6064	11.273
6065	11.524
6066	11.315
6067	11.556
6068	10.998
6069	11.243
6070	11.053
6071	10.719
6072	10.963
6073	10.772
6074	8.969
6075	8.8332
6076	8.7553
6077	9.0408
6078	5.551
6079	5.5755
6080	5.7483
6081	5.9402
6082	5.245
6083	5.1689
6084	2.0086
6085	1.7178
6086	2.3051
6087	1.4903
6088	1.2058
6089	1.3663
6090	1.9491
6091	1.4177
6092	1.839
6093	2.4954
6094	5.4192
6095	5.5344
6096	4.0767
6097	9.894
6098	11.604
6099	9.3808
6100	10.73
6101	8.4208
6102	10.472
6103	8.0469
6104	9.3709
6105	15.664
6106	15.895
6107	15.578
6108	15.404
6109	10.679
6110	10.815
6111	10.82
6112	10.759
6113	10.922
6114	15.29
6115	15.003
6116	14.877
6117	10.684
6118	10.5
6119	10.442
6120	3.7487
6121	4.0909
6122	3.852
6123	3.5146
6124	10.538
6125	10.561
6126	10.743
6127	9.2858
6128	9.7158
6129	9.8
6130	11.134
6131	11.404
6132	11.788
6133	11.611
6134	16.906
6135	16.58
6136	16.525
6137	16.75
6138	16.824
6139	14.124
6140	14.409
6141	14.489
6142	14.194
6143	13.786
6144	13.482
6145	13.722
6146	13.491
6147	5.6132
6148	5.2708
6149	5.3732
6150	8.4065
6151	10.736
6152	8.4169
6153	6.5795
6154	6.4411
6155	9.0948
6156	19.259
6157	19.325
6158	19.289
6159	19.287
6160	15.514
6161	15.728
6162	15.947
6163	14.248
6164	14.272
6165	14.583
6166	14.59
6167	13.652
6168	13.963
6169	13.639
6170	13.968
6171	12.903
6172	13.338
6173	13.007
6174	13.018
6175	13.302
6176	12.56
6177	12.472
6178	12.793
6179	12.878
6180	12.321
6181	12.242
6182	12.633
6183	12.081
6184	12.01
6185	12.375
6186	11.872
6187	11.594
6188	12.005
6189	11.72
6190	12.091
6191	11.778
6192	11.316
6193	11.577
6194	11.671
6195	11.429
6196	10.921
6197	11.098
6198	10.991
6199	11.075
6200	10.856
6201	10.919
6202	10.858
6203	10.925
6204	10.91
6205	11.489
6206	11.159
6207	11.33
6208	11.785
6209	12.072
6210	11.552
6211	12.056
6212	11.301
6213	12.398
6214	12.797
6215	12.533
6216	11.394
6217	13.038
6218	14.233
6219	13.01
6220	12.069
6221	12.54
6222	14.162
6223	12.027
6224	13.45
6225	11.269
6226	12.229
6227	12.681
6228	11.005
6229	13.412
6230	10.757
6231	13.476
6232	13.061
6233	13.86
6234	12.763
6235	13.63
6236	12.307
6237	13.39
6238	12.862
6239	12.35
6240	10.908
6241	11.416
6242	11.268
6243	11.199
6244	10.5
6245	10.282
6246	10.42
6247	10.64
6248	10.839
6249	10.806
6250	10.473
6251	10.501
6252	10.154
6253	10.642
6254	10.203
6255	10.571
6256	10.776
6257	10.18
6258	10.886
6259	10.204
6260	10.627
6261	10.822
6262	10.296
6263	10.707
6264	10.377
6265	10.948
6266	11.299
6267	10.59
6268	10.032
6269	10.016
6270	10.702
6271	10.945
6272	10.352
6273	11.224
6274	10.638
6275	11.474
6276	11.647
6277	12.011
6278	12.588
6279	11.377
6280	10.876
6281	12.035
6282	12.687
6283	11.517
6284	11.976
6285	11.538
6286	12.479
6287	12.117
6288	11.631
6289	11.551
6290	12.458
6291	11.944
6292	12.789
6293	12.282
6294	13.081
6295	13.351
6296	12.868
6297	13.6
6298	12.586
6299	13.563
6300	13.138
6301	13.355
6302	14.
6303	13.743
6304	15.421
6305	14.645
6306	14.716
6307	15.187
6308	17.368
6309	17.534
6310	17.285
6311	17.35
6312	17.595
6313	17.207
6314	17.457
6315	17.506
6316	17.111
6317	17.112
6318	17.293
6319	17.06
6320	16.99
6321	17.184
6322	16.853
6323	16.89
6324	17.28
6325	16.949
6326	16.912
6327	17.144
6328	16.841
6329	16.773
6330	17.02
6331	16.628
6332	16.479
6333	16.738
6334	16.38
6335	16.88
6336	16.529
6337	16.323
6338	16.591
6339	16.227
6340	16.171
6341	16.43
6342	16.059
6343	15.99
6344	16.285
6345	16.075
6346	15.778
6347	15.49
6348	15.701
6349	15.587
6350	14.761
6351	15.092
6352	15.202
6353	14.694
6354	14.793
6355	14.385
6356	14.466
6357	13.76
6358	14.117
6359	14.154
6360	13.812
6361	13.422
6362	13.746
6363	13.398
6364	13.119
6365	12.762
6366	13.073
6367	12.793
6368	13.382
6369	13.508
6370	13.128
6371	12.414
6372	12.705
6373	12.45
6374	12.095
6375	12.37
6376	12.126
6377	11.793
6378	11.495
6379	11.763
6380	12.063
6381	11.825
6382	11.208
6383	11.47
6384	10.928
6385	11.186
6386	10.902
6387	10.646
6388	9.7997
6389	10.057
6390	9.8502
6391	10.086
6392	9.681
6393	9.487
6394	9.7895
6395	9.5643
6396	8.8995
6397	9.1114
6398	9.1804
6399	8.8416
6400	8.6204
6401	8.6863
6402	8.2166
6403	8.3174
6404	8.3387
6405	8.0283
6406	6.667
6407	6.9527
6408	7.0344
6409	6.3244
6410	6.6155
6411	6.325
6412	4.4662
6413	4.6321
6414	4.7168
6415	4.4174
6416	4.1943
6417	3.766
6418	4.1557
6419	4.2435
6420	3.9542
6421	3.258
6422	3.7021
6423	3.4208
6424	2.7363
6425	3.21
6426	2.3322
6427	2.7558
6428	2.5683
6429	2.5548
6430	2.386
6431	4.2476
6432	5.6033
6433	5.5857
6434	4.1175
6435	3.0957
6436	4.5501
6437	4.7946
6438	4.5953
6439	4.694
6440	19.216
6441	19.182
6442	19.138
6443	19.178
6444	19.224
6445	19.189
6446	19.205
6447	19.253
6448	19.216
6449	19.199
6450	19.213
6451	19.219
6452	19.182
6453	19.244
6454	19.259
6455	19.282
6456	19.223
6457	19.25
6458	19.276
6459	19.236
6460	19.294
6461	19.251
6462	19.221
6463	19.218
6464	19.275
6465	19.262
6466	19.234
6467	19.207
6468	19.261
6469	19.246
6470	19.236
6471	19.203
6472	19.259
6473	19.206
6474	19.207
6475	19.237
6476	19.177
6477	19.251
6478	19.273
6479	19.258
6480	19.223
6481	19.226
6482	19.278
6483	19.254
6484	19.266
6485	19.289
6486	19.237
6487	19.261
6488	19.271
6489	19.294
6490	19.242
6491	19.3
6492	19.248
6493	19.278
6494	19.291
6495	19.266
6496	19.318
6497	19.289
6498	19.288
6499	19.267
6500	19.317
6501	19.394
6502	19.449
6503	19.431
6504	19.415
6505	19.805
6506	19.807
6507	19.759
6508	19.868
6509	19.785
6510	19.749
6511	19.855
6512	19.627
6513	19.687
6514	19.718
6515	19.779
6516	19.315
6517	19.444
6518	19.373
6519	19.517
6520	16.557
6521	16.005
6522	16.329
6523	16.236
6524	16.133
6525	16.188
6526	16.438
6527	15.809
6528	16.2
6529	16.384
6530	15.342
6531	15.652
6532	15.656
6533	15.615
6534	15.307
6535	14.546
6536	14.44
6537	14.157
6538	13.892
6539	14.007
6540	13.635
6541	13.153
6542	12.751
6543	12.789
6544	13.105
6545	12.49
6546	12.533
6547	12.25
6548	11.545
6549	11.375
6550	11.596
6551	11.156
6552	11.028
6553	10.24
6554	10.106
6555	10.393
6556	10.074
6557	10.384
6558	9.8717
6559	9.6389
6560	9.9143
6561	8.9822
6562	9.6331
6563	9.5353
6564	9.2364
6565	9.9187
6566	9.3611
6567	8.5679
6568	6.8394
6569	6.8342
6570	8.0035
6571	6.4378
6572	4.8648
6573	5.5974
6574	7.4532
6575	6.6101
6576	8.5684
6577	7.8991
6578	7.2287
6579	9.7343
6580	8.6833
6581	10.059
6582	8.9587
6583	9.3833
6584	10.259
6585	9.7509
6586	10.374
6587	10.44
6588	10.186
6589	10.568
6590	10.676
6591	10.846
6592	10.656
6593	10.786
6594	10.851
6595	11.086
6596	11.214
6597	10.912
6598	11.235
6599	11.418
6600	11.492
6601	10.98
6602	13.122
6603	13.572
6604	13.783
6605	12.776
6606	12.233
6607	12.463
6608	13.019
6609	13.348
6610	13.53
6611	14.284
6612	14.219
6613	13.293
6614	13.905
6615	13.646
6616	13.998
6617	13.148
6618	14.505
6619	14.056
6620	13.45
6621	15.153
6622	14.37
6623	14.755
6624	15.159
6625	14.532
6626	15.002
6627	15.656
6628	15.804
6629	15.314
6630	16.38
6631	15.88
6632	16.189
6633	15.858
6634	15.376
6635	16.143
6636	15.544
6637	16.395
6638	15.681
6639	16.144
6640	16.269
6641	16.429
6642	16.882
6643	16.633
6644	17.083
6645	16.665
6646	16.946
6647	16.766
6648	17.477
6649	17.283
6650	17.577
6651	17.326
6652	17.601
6653	17.437
6654	17.709
6655	17.799
6656	17.769
6657	17.691
6658	17.718
6659	16.823
6660	16.846
6661	17.089
6662	16.582
6663	16.611
6664	16.809
6665	16.38
6666	16.31
6667	16.177
6668	16.242
6669	15.619
6670	15.712
6671	15.897
6672	15.69
6673	15.143
6674	15.099
6675	15.396
6676	15.339
6677	14.919
6678	14.891
6679	15.195
6680	14.661
6681	14.655
6682	12.99
6683	12.975
6684	13.205
6685	12.899
6686	13.214
6687	12.495
6688	12.76
6689	12.488
6690	12.798
6691	12.219
6692	12.499
6693	12.195
6694	11.35
6695	11.095
6696	11.088
6697	9.5493
6698	9.7377
6699	9.6776
6700	9.4674
6701	8.7218
6702	8.6266
6703	8.9116
6704	7.8596
6705	7.7597
6706	8.0576
6707	6.7396
6708	6.8693
6709	6.9902
6710	7.0981
6711	6.3614
6712	6.5096
6713	5.9766
6714	6.1263
6715	6.1657
6716	5.7444
6717	5.0222
6718	4.9063
6719	2.1297
6720	1.7739
6721	2.3583
6722	1.1466
6723	1.314
6724	1.3121
6725	1.3485
6726	1.2605
6727	1.7104
6728	1.4451
6729	2.6767
6730	3.0101
6731	4.0044
6732	4.0425
6733	3.3792
6734	2.4616
6735	2.3304
6736	2.1295
6737	2.0456
6738	3.0644
6739	2.694
6740	2.8806
6741	4.7275
6742	4.7085
6743	4.6797
6744	4.6331
6745	1.8404
6746	1.6674
6747	1.3552
6748	1.5076
6749	1.45
6750	1.6636
6751	1.2838
6752	1.4801
6753	1.4139
6754	1.6035
6755	1.2285
6756	1.0168
6757	1.18
6758	0.91357
6759	1.0033
6760	1.0077
6761	1.1785
6762	0.90126
6763	1.0018
6764	0.88692
6765	1.1622
6766	0.88351
6767	1.0056
6768	1.163
6769	0.89082
6770	1.0184
6771	1.1728
6772	0.88915
6773	0.90275
6774	0.82376
6775	1.0166
6776	1.0803
6777	0.89637
6778	0.7912
6779	1.0468
6780	0.79571
6781	0.69823
6782	0.626
6783	0.66076
6784	0.83587
6785	0.70369
6786	0.87144
6787	0.61436
6788	0.60365
6789	0.8776
6790	0.7033
6791	0.59562
6792	0.613
6793	0.73592
6794	0.59258
6795	0.58175
6796	0.87655
6797	0.6871
6798	0.70152
6799	0.58297
6800	0.44642
6801	0.53528
6802	0.74103
6803	0.62192
6804	0.76886
6805	0.45469
6806	0.69451
6807	0.81887
6808	0.48103
6809	0.5437
6810	0.96161
6811	0.79804
6812	0.63942
6813	0.71943
6814	0.49995
6815	0.79153
6816	0.61205
6817	0.79598
6818	0.48848
6819	0.45529
6820	0.76553
6821	0.63354
6822	0.45045
6823	0.78205
6824	0.89367
6825	0.56858
6826	0.70364
6827	0.90823
6828	0.98576
6829	0.65563
6830	1.0471
6831	0.8596
6832	0.59992
6833	0.78789
6834	6.7536
6835	5.745
6836	5.3542
6837	1.4184
6838	1.5918
6839	1.2166
6840	1.0624
6841	1.2114
6842	0.89549
6843	0.94674
6844	1.0942
6845	0.79826
6846	11.364
6847	13.748
6848	8.9615
6849	9.3958
6850	12.549
6851	3.6143
6852	3.3346
6853	3.5095
6854	4.6939
6855	4.4644
6856	4.4823
6857	3.6633
6858	6.1477
6859	6.9662
6860	6.9471
6861	5.3665
6862	7.0821
6863	7.2147
6864	15.255
6865	15.04
6866	14.965
6867	14.798
6868	14.705
6869	14.543
6870	14.627
6871	10.302
6872	6.8094
6873	6.4435
6874	1.5329
6875	1.6357
6876	1.2053
6877	1.3837
6878	1.4633
6879	1.2203
6880	1.2983
6881	0.91661
6882	1.3272
6883	1.118
6884	1.1508
6885	0.7763
6886	1.0458
6887	1.1677
6888	1.1031
6889	1.2856
6890	1.249
6891	1.2295
6892	1.0374
6893	1.1494
6894	0.96312
6895	0.9595
6896	0.59442
6897	1.0037
6898	0.87326
6899	0.80213
6900	0.98373
6901	1.1771
6902	1.1003
6903	1.1618
6904	0.94999
6905	0.98651
6906	1.1904
6907	0.7655
6908	0.95743
6909	1.0093
6910	1.2199
6911	0.79771
6912	1.2353
6913	1.0262
6914	0.80922
6915	1.2756
6916	1.071
6917	1.0457
6918	0.84662
6919	1.3101
6920	1.0871
6921	1.0898
6922	0.87621
6923	1.3093
6924	1.0543
6925	1.0887
6926	1.3939
6927	1.2688
6928	1.1202
6929	0.9924
6930	0.8338
6931	1.2922
6932	1.0672
6933	1.0535
6934	0.81285
6935	1.0287
6936	1.1724
6937	1.5272
6938	1.2863
6939	1.3493
6940	1.3586
6941	1.1443
6942	1.1347
6943	0.93571
6944	1.1764
6945	0.95683
6946	1.3844
6947	1.1485
6948	1.1422
6949	1.401
6950	1.4196
6951	0.97787
6952	1.2823
6953	0.92391
6954	1.4567
6955	1.5599
6956	1.6875
6957	1.3965
6958	1.6223
6959	1.3615
6960	1.5759
6961	1.5573
6962	1.3561
6963	1.3748
6964	1.5697
6965	1.3669
6966	1.5725
6967	1.5756
6968	1.3507
6969	1.23
6970	1.4146
6971	1.0203
6972	1.2281
6973	1.0888
6974	1.4783
6975	1.2936
6976	1.3521
6977	1.1375
6978	1.5338
6979	1.3263
6980	1.1622
6981	1.5629
6982	1.3874
6983	1.2183
6984	1.4545
6985	1.6052
6986	1.7865
6987	1.9476
6988	1.7837
6989	1.8215
6990	1.9764
6991	2.0295
6992	1.8611
6993	1.6602
6994	2.1096
6995	1.9244
6996	1.8859
6997	2.3216
6998	2.0185
6999	2.1466
7000	2.8788
7001	2.5664
7002	2.7212
7003	2.3865
7004	3.2484
7005	2.7383
7006	3.0223
7007	2.9077
7008	3.0543
7009	3.5546
7010	3.1679
7011	3.3697
7012	3.8442
7013	4.2819
7014	4.1314
7015	3.9428
7016	4.2411
7017	4.5883
7018	4.4667
7019	4.3077
7020	4.7371
7021	4.8334
7022	4.749
7023	4.6309
7024	4.7192
7025	4.7426
7026	4.4164
7027	4.6167
7028	4.562
7029	4.067
7030	3.5745
7031	3.9894
7032	3.8641
7033	4.3823
7034	4.2755
7035	2.9761
7036	3.3492
7037	2.5765
7038	2.795
7039	2.3692
7040	1.9237
7041	2.1828
7042	1.7182
7043	1.6936
7044	2.1059
7045	2.0219
7046	1.8965
7047	2.7383
7048	1.8695
7049	1.9452
7050	1.7261
7051	1.7567
7052	1.5889
7053	1.8037
7054	1.4688
7055	1.4538
7056	4.7491
7057	4.4936
7058	4.3274
7059	4.6215
7060	5.1313
7061	4.8958
7062	5.2689
7063	5.5091
7064	6.0438
7065	6.2769
7066	5.8978
7067	6.7703
7068	6.9947
7069	6.6403
7070	7.4496
7071	7.3329
7072	7.649
7073	7.5496
7074	8.0647
7075	7.9518
7076	8.2413
7077	8.1504
7078	8.6463
7079	8.53
7080	8.8171
7081	9.4694
7082	9.6321
7083	9.3657
7084	11.96
7085	12.211
7086	11.949
7087	12.423
7088	12.721
7089	12.45
7090	12.646
7091	12.797
7092	13.029
7093	12.822
7094	13.326
7095	13.308
7096	13.407
7097	13.601
7098	13.647
7099	13.778
7100	14.029
7101	13.836
7102	14.637
7103	14.383
7104	14.413
7105	14.852
7106	14.602
7107	14.811
7108	15.049
7109	15.564
7110	15.353
7111	15.394
7112	15.542
7113	15.757
7114	16.651
7115	16.469
7116	16.425
7117	16.88
7118	16.698
7119	16.922
7120	17.1
7121	17.125
7122	17.547
7123	17.317
7124	17.465
7125	17.336
7126	17.71
7127	17.574
7128	17.571
7129	17.653
7130	17.697
7131	17.565
7132	17.776
7133	17.663
7134	17.752
7135	17.875
7136	17.38
7137	17.839
7138	17.494
7139	17.808
7140	17.311
7141	16.983
7142	17.413
7143	16.762
7144	16.963
7145	16.891
7146	16.849
7147	17.49
7148	16.35
7149	17.465
7150	16.67
7151	16.748
7152	17.42
7153	16.235
7154	17.328
7155	16.616
7156	16.088
7157	17.041
7158	16.472
7159	16.338
7160	15.993
7161	16.788
7162	16.877
7163	15.558
7164	16.249
7165	16.38
7166	15.583
7167	14.888
7168	15.735
7169	15.246
7170	14.64
7171	15.236
7172	14.668
7173	15.375
7174	14.025
7175	14.65
7176	14.808
7177	14.445
7178	14.219
7179	13.604
7180	12.376
7181	11.876
7182	12.248
7183	11.595
7184	11.299
7185	11.553
7186	10.911
7187	11.002
7188	10.673
7189	10.73
7190	9.9232
7191	10.391
7192	10.161
7193	10.502
7194	9.2987
7195	9.9248
7196	9.6714
7197	7.3765
7198	8.1214
7199	6.6528
7200	6.894
7201	7.0167
7202	6.0181
7203	6.5439
7204	5.4246
7205	5.1674
7206	6.0404
7207	6.1889
7208	5.9637
7209	5.3396
7210	5.9784
7211	5.9524
7212	6.6675
7213	6.2045
7214	7.243
7215	6.5269
7216	7.6389
7217	7.6073
7218	7.7602
7219	7.0218
7220	8.4336
7221	6.8405
7222	8.2239
7223	7.1301
7224	8.4693
7225	7.8876
7226	7.8254
7227	8.3119
7228	8.5207
7229	8.9451
7230	8.3579
7231	8.7305
7232	8.6364
7233	9.1784
7234	9.4356
7235	9.6558
7236	9.7471
7237	10.02
7238	10.567
7239	10.3
7240	10.283
7241	10.641
7242	10.862
7243	11.663
7244	11.46
7245	11.749
7246	12.583
7247	12.567
7248	12.28
7249	12.288
7250	13.559
7251	13.557
7252	13.186
7253	13.887
7254	14.061
7255	13.931
7256	13.503
7257	14.298
7258	14.14
7259	13.758
7260	15.105
7261	14.676
7262	14.955
7263	16.032
7264	16.158
7265	15.767
7266	16.242
7267	16.424
7268	15.975
7269	16.5
7270	16.573
7271	16.051
7272	16.991
7273	16.904
7274	16.701
7275	16.836
7276	17.108
7277	16.494
7278	16.76
7279	16.928
7280	17.224
7281	16.668
7282	17.313
7283	17.071
7284	18.427
7285	18.091
7286	17.941
7287	18.263
7288	18.772
7289	18.287
7290	18.566
7291	18.437
7292	18.954
7293	19.295
7294	19.19
7295	19.056
7296	19.723
7297	19.555
7298	19.452
7299	19.614
7300	19.947
7301	19.756
7302	19.841
7303	19.858
7304	19.977
7305	19.89
7306	19.83
7307	19.906
7308	19.831
7309	19.97
7310	19.89
7311	19.908
7312	19.802
7313	19.895
7314	19.856
7315	19.839
7316	19.705
7317	19.775
7318	19.746
7319	19.729
7320	19.587
7321	19.647
7322	19.627
7323	19.609
7324	19.482
7325	19.537
7326	19.518
7327	19.502
7328	19.429
7329	19.387
7330	19.44
7331	19.404
7332	19.413
7333	19.465
7334	19.471
7335	19.448
7336	19.354
7337	19.41
7338	19.376
7339	19.388
7340	19.314
7341	19.374
7342	19.353
7343	19.343
7344	19.334
7345	19.358
7346	19.336
7347	19.306
7348	19.33
7349	19.358
7350	19.359
7351	19.307
7352	19.323
7353	19.351
7354	19.317
7355	19.345
7356	19.341
7357	19.313
7358	19.335
7359	19.31
7360	19.306
7361	19.281
7362	19.282
7363	19.323
7364	19.301
7365	19.236
7366	19.301
7367	19.268
7368	19.267
7369	19.235
7370	19.297
7371	19.267
7372	19.236
7373	19.299
7374	19.269
7375	19.264
7376	19.233
7377	19.296
7378	19.266
7379	19.262
7380	19.294
7381	19.231
7382	19.226
7383	19.293
7384	19.255
7385	19.212
7386	19.244
7387	19.267
7388	19.217
7389	19.285
7390	19.216
7391	19.252
7392	19.253
7393	19.302
7394	19.232
7395	19.269
7396	19.265
7397	19.282
7398	19.225
7399	19.26
7400	19.337
7401	19.323
7402	19.307
7403	19.289
7404	19.322
7405	19.326
7406	19.256
7407	19.289
7408	19.25
7409	19.319
7410	19.31
7411	19.344
7412	19.318
7413	19.277
7414	19.339
7415	19.303
7416	19.258
7417	19.327
7418	19.291
7419	19.295
7420	19.251
7421	19.323
7422	19.289
7423	19.288
7424	19.246
7425	19.318
7426	19.286
7427	19.282
7428	19.269
7429	19.229
7430	19.308
7431	19.278
7432	19.23
7433	19.306
7434	19.261
7435	19.261
7436	19.303
7437	19.259
7438	19.224
7439	19.261
7440	19.22
7441	19.298
7442	19.259
7443	19.223
7444	19.303
7445	19.256
7446	19.296
7447	19.296
7448	19.216
7449	19.255
7450	6.6148
7451	10.349
7452	6.7594
7453	9.4067
7454	4.0608
7455	19.134
7456	19.175
7457	19.213
7458	19.177
7459	4.728
7460	4.9073
7461	5.8558
7462	5.8114
7463	4.0157
7464	4.6816
7465	0.6876
7466	0.72865
7467	0.49946
7468	0.62211
7469	0.4503
7470	0.88147
7471	0.53679
7472	0.40036
7473	0.46117
7474	0.34845
7475	0.42414
7476	0.32894
7477	0.38799
7478	0.33421
7479	0.53437
7480	0.3659
7481	0.35476
7482	0.39352
7483	0.37284
7484	0.37584
7485	0.41621
7486	0.37843
7487	0.37725
7488	0.44075
7489	0.58095
7490	0.43508
7491	0.43428
7492	0.39792
7493	0.43022
7494	0.40806
7495	0.42163
7496	0.41703
7497	0.49987
7498	0.40741
7499	0.4407
7500	0.5335
7501	0.4287
7502	0.60433
7503	0.47698
7504	0.67767
7505	0.43394
7506	0.51067
7507	0.71778
7508	0.58133
7509	0.63303
7510	0.7574
7511	0.66078
7512	0.78341
7513	0.82881
7514	0.7084
7515	0.66599
7516	0.66206
7517	0.70606
7518	0.67359
7519	0.82558
7520	0.8743
7521	0.7013
7522	0.71954
7523	0.82695
7524	0.73939
7525	0.72924
7526	0.72217
7527	0.75519
7528	0.80531
7529	0.73787
7530	0.7776
7531	0.84752
7532	0.89152
7533	0.79856
7534	0.80314
7535	0.80322
7536	0.88281
7537	0.83401
7538	0.81609
7539	0.93633
7540	0.82646
7541	0.83479
7542	0.83835
7543	0.94239
7544	0.8294
7545	0.84014
7546	0.84237
7547	0.85985
7548	0.83438
7549	0.83972
7550	0.8524
7551	0.84632
7552	0.90443
7553	0.8607
7554	0.90099
7555	0.85667
7556	0.86128
7557	0.89068
7558	0.90142
7559	0.86725
7560	0.89368
7561	0.86023
7562	0.91815
7563	0.96205
7564	1.0815
7565	0.84348
7566	0.92085
7567	0.95334
7568	0.97822
7569	0.96654
7570	0.83456
7571	1.0084
7572	0.84526
7573	1.0403
7574	1.2088
7575	0.86071
7576	1.0406
7577	0.87217
7578	1.2577
7579	1.0322
7580	0.84773
7581	1.0432
7582	0.85759
7583	1.0714
7584	0.86861
7585	1.0887
7586	0.89432
7587	1.2778
7588	1.0028
7589	0.90039
7590	1.452
7591	1.674
7592	1.1693
7593	1.4229
7594	1.7984
7595	1.4855
7596	1.9718
7597	2.0961
7598	1.6074
7599	1.9473
7600	2.9079
7601	2.6998
7602	2.5926
7603	2.7787
7604	3.1227
7605	3.2205
7606	3.7487
7607	3.5292
7608	3.4545
7609	3.9686
7610	4.171
7611	3.9301
7612	4.3552
7613	4.3508
7614	4.5108
7615	4.7053
7616	4.7679
7617	4.5849
7618	4.7714
7619	4.312
7620	4.6384
7621	4.3408
7622	3.8879
7623	2.71
7624	3.1724
7625	3.3189
7626	2.3804
7627	2.9401
7628	2.6844
7629	2.1757
7630	3.2421
7631	2.3924
7632	6.9938
7633	5.4192
7634	7.1408
7635	5.4492
7636	8.7147
7637	10.946
7638	8.693
7639	10.874
7640	8.9977
7641	9.1249
7642	11.228
7643	11.503
7644	7.1817
7645	9.1402
7646	5.4129
7647	6.8911
7648	3.9517
7649	4.9464
7650	3.0613
7651	3.6695
7652	3.0201
7653	2.8085
7654	3.1005
7655	3.0741
7656	2.8927
7657	3.651
7658	3.7111
7659	3.1983
7660	4.0987
7661	4.0888
7662	4.6066
7663	4.5245
7664	4.6337
7665	4.6832
7666	4.9503
7667	4.9414
7668	5.2774
7669	5.1643
7670	5.0284
7671	5.6353
7672	5.5074
7673	5.4316
7674	5.9934
7675	5.8502
7676	5.6208
7677	6.3246
7678	6.2155
7679	6.616
7680	6.6331
7681	6.376
7682	6.9022
7683	6.8354
7684	7.2244
7685	7.153
7686	7.5393
7687	7.4882
7688	7.3055
7689	7.7608
7690	7.8305
7691	7.6241
7692	8.3385
7693	8.3155
7694	8.106
7695	8.5549
7696	8.5376
7697	8.797
7698	8.7588
7699	8.5757
7700	9.0533
7701	8.9987
7702	9.3152
7703	9.2643
7704	9.578
7705	9.5239
7706	9.3844
7707	9.7812
7708	9.8175
7709	10.306
7710	10.274
7711	10.047
7712	10.588
7713	10.553
7714	10.335
7715	10.873
7716	10.839
7717	10.617
7718	11.16
7719	11.136
7720	11.435
7721	11.448
7722	12.033
7723	12.02
7724	11.738
7725	12.338
7726	12.318
7727	12.662
7728	12.624
7729	13.017
7730	12.945
7731	13.337
7732	13.283
7733	13.404
7734	13.594
7735	13.647
7736	13.832
7737	13.898
7738	14.103
7739	14.138
7740	14.437
7741	14.408
7742	14.884
7743	14.962
7744	14.667
7745	14.556
7746	15.126
7747	15.181
7748	15.372
7749	15.439
7750	15.694
7751	15.667
7752	15.991
7753	16.029
7754	16.129
7755	16.175
7756	16.291
7757	15.876
7758	16.374
7759	16.478
7760	16.549
7761	16.671
7762	16.703
7763	16.823
7764	16.854
7765	16.976
7766	16.996
7767	17.125
7768	17.134
7769	17.259
7770	17.259
7771	17.39
7772	17.345
7773	17.498
7774	17.412
7775	17.563
7776	17.47
7777	17.634
7778	17.554
7779	17.687
7780	17.666
7781	17.8
7782	17.763
7783	17.901
7784	17.771
7785	18.024
7786	18.001
7787	17.69
7788	17.964
7789	17.652
7790	17.433
7791	17.894
7792	17.686
7793	17.882
7794	17.438
7795	17.746
7796	17.924
7797	17.842
7798	18.012
7799	17.811
7800	17.836
7801	17.973
7802	17.735
7803	17.818
7804	17.94
7805	17.756
7806	17.47
7807	17.595
7808	17.574
7809	17.313
7810	17.415
7811	17.127
7812	17.233
7813	16.775
7814	16.914
7815	16.681
7816	16.889
7817	16.189
7818	16.243
7819	16.438
7820	16.463
7821	15.918
7822	15.955
7823	15.614
7824	15.65
7825	15.983
7826	15.294
7827	15.321
7828	14.958
7829	14.985
7830	14.586
7831	14.643
7832	15.028
7833	14.211
7834	14.258
7835	13.573
7836	13.867
7837	13.55
7838	13.883
7839	12.725
7840	12.663
7841	12.997
7842	12.362
7843	12.44
7844	11.827
7845	11.738
7846	12.143
7847	11.513
7848	11.408
7849	11.101
7850	11.271
7851	11.054
7852	10.714
7853	11.139
7854	10.925
7855	10.547
7856	10.646
7857	10.339
7858	10.317
7859	9.9838
7860	10.071
7861	9.7167
7862	9.6545
7863	9.8163
7864	9.2163
7865	9.7464
7866	9.1324
7867	9.8699
7868	9.289
7869	10.441
7870	9.8494
7871	9.2991
7872	9.2676
7873	9.807
7874	9.8087
7875	9.2906
7876	9.7934
7877	9.83
7878	9.3461
7879	9.8832
7880	9.4239
7881	9.9852
7882	9.5558
7883	9.7632
7884	10.189
7885	10.535
7886	10.87
7887	10.516
7888	11.222
7889	11.605
7890	11.521
7891	11.372
7892	11.268
7893	12.56
7894	12.455
7895	12.078
7896	12.094
7897	13.029
7898	12.994
7899	12.455
7900	13.595
7901	13.555
7902	14.872
7903	14.071
7904	14.505
7905	14.804
7906	15.739
7907	14.682
7908	15.029
7909	16.297
7910	14.889
7911	16.947
7912	13.605
7913	17.127
7914	12.629
7915	10.993
7916	15.887
7917	8.4054
7918	12.337
7919	7.3136
7920	10.457
7921	5.6213
7922	8.6051
7923	15.85
7924	13.465
7925	11.088
7926	15.439
7927	17.166
7928	14.974
7929	15.434
7930	16.814
7931	15.03
7932	16.135
7933	16.479
7934	13.72
7935	15.353
7936	14.378
7937	13.196
7938	13.965
7939	13.772
7940	12.876
7941	12.731
7942	12.324
7943	11.65
7944	11.956
7945	12.
7946	11.409
7947	11.67
7948	11.295
7949	11.211
7950	11.389
7951	11.143
7952	11.048
7953	10.926
7954	10.963
7955	10.852
7956	10.738
7957	10.817
7958	10.83
7959	10.657
7960	10.809
7961	10.876
7962	10.956
7963	10.71
7964	11.071
7965	11.071
7966	10.93
7967	11.2
7968	11.502
7969	11.21
7970	11.337
7971	11.712
7972	11.938
7973	11.627
7974	12.163
7975	12.089
7976	12.387
7977	12.793
7978	12.516
7979	12.591
7980	13.412
7981	13.669
7982	13.344
7983	14.207
7984	13.964
7985	13.956
7986	15.174
7987	14.991
7988	14.966
7989	14.905
7990	15.55
7991	15.274
7992	15.636
7993	15.832
7994	16.131
7995	16.498
7996	16.889
7997	17.202
7998	17.347
7999	16.973
8000	17.751
8001	17.418
8002	17.634
8003	17.35
8004	18.003
8005	17.829
8006	18.119
8007	17.749
8008	18.161
8009	18.411
8010	18.3
8011	18.089
8012	18.679
8013	18.615
8014	18.452
8015	18.421
8016	18.754
8017	18.894
8018	18.708
8019	18.984
8020	19.146
8021	19.036
8022	19.249
8023	19.227
8024	19.386
8025	19.302
8026	19.16
8027	19.454
8028	19.512
8029	19.643
8030	19.567
8031	19.558
8032	19.657
8033	19.616
8034	19.73
8035	19.688
8036	19.76
8037	19.744
8038	19.828
8039	19.708
8040	19.818
8041	19.763
8042	19.764
8043	19.727
8044	19.721
8045	19.767
8046	19.854
8047	19.753
8048	19.799
8049	19.826
8050	19.739
8051	19.778
8052	19.789
8053	19.719
8054	19.766
8055	19.753
8056	19.766
8057	19.69
8058	19.721
8059	19.737
8060	19.731
8061	19.661
8062	19.704
8063	19.689
8064	19.637
8065	19.66
8066	19.678
8067	19.665
8068	19.6
8069	19.641
8070	19.622
8071	19.623
8072	19.563
8073	19.585
8074	19.602
8075	19.528
8076	19.568
8077	19.549
8078	19.551
8079	19.495
8080	19.514
8081	19.532
8082	19.516
8083	19.461
8084	19.498
8085	19.48
8086	19.428
8087	19.448
8088	19.462
8089	19.389
8090	19.422
8091	19.369
8092	19.402
8093	19.372
8094	19.355
8095	19.349
8096	19.336
8097	19.332
8098	19.315
8099	19.364
8100	19.309
8101	19.322
8102	19.301
8103	19.31
8104	19.343
8105	19.29
8106	19.293
8107	19.277
8108	19.331
8109	19.285
8110	19.256
8111	19.26
8112	19.257
8113	19.313
8114	19.243
8115	19.223
8116	19.236
8117	19.218
8118	19.239
8119	19.22
8120	19.197
8121	19.225
8122	19.214
8123	19.191
8124	19.209
8125	19.185
8126	19.205
8127	19.181
8128	19.232
8129	19.202
8130	19.177
8131	19.229
8132	19.199
8133	19.174
8134	19.202
8135	19.172
8136	19.177
8137	19.205
8138	19.176
8139	19.204
8140	19.173
8141	19.203
8142	19.173
8143	19.235
8144	19.171
8145	19.202
8146	19.193
8147	19.165
8148	19.197
8149	19.189
8150	19.164
8151	19.22
8152	19.18
8153	19.156
8154	19.148
8155	19.177
8156	19.196
8157	19.163
8158	19.187
8159	19.225
8160	19.196
8161	19.229
8162	19.167
8163	19.164
8164	19.191
8165	19.226
8166	19.192
8167	19.159
8168	19.188
8169	19.199
8170	19.166
8171	19.228
8172	19.17
8173	19.201
8174	19.232
8175	19.201
8176	19.17
8177	19.201
8178	19.236
8179	19.198
8180	19.165
8181	19.232
8182	19.165
8183	19.193
8184	19.203
8185	19.167
8186	19.193
8187	19.213
8188	19.178
8189	19.243
8190	19.183
8191	19.219
8192	19.25
8193	19.211
8194	19.185
8195	19.219
8196	19.201
8197	19.176
8198	19.193
8199	19.168
8200	19.218
8201	19.176
8202	19.164
8203	19.24
8204	19.196
8205	19.265
8206	19.229
8207	19.244
8208	19.182
8209	19.219
8210	19.225
8211	19.191
8212	19.257
8213	19.226
8214	19.19
8215	19.229
8216	19.193
8217	19.261
8218	19.228
8219	19.195
8220	19.268
8221	19.222
8222	19.259
8223	19.189
8224	19.219
8225	19.186
8226	19.254
8227	19.217
8228	19.181
8229	19.214
8230	19.181
8231	19.253
8232	19.209
8233	19.178
8234	19.189
8235	19.17
8236	19.242
8237	19.166
8238	19.146
8239	19.175
8240	19.134
8241	19.133
8242	19.192
8243	19.153
8244	19.192
8245	19.158
8246	19.154
8247	19.221
8248	19.188
8249	19.184
8250	19.145
8251	19.185
8252	19.147
8253	4.5003
8254	3.7753
8255	7.5382
8256	5.2482
8257	6.0502
8258	19.229
8259	19.267
8260	19.305
8261	19.263
8262	1.3647
8263	1.8016
8264	1.8515
8265	1.6738
8266	0.83936
8267	1.1502
8268	1.0381
8269	19.154
8270	19.195
8271	19.188
8272	19.071
8273	19.109
8274	19.11
8275	19.086
8276	19.122
8277	19.116
8278	19.087
8279	19.121
8280	19.113
8281	19.085
8282	19.115
8283	19.108
8284	19.108
8285	19.129
8286	19.141
8287	19.116
8288	19.148
8289	19.147
8290	19.122
8291	19.151
8292	19.155
8293	19.128
8294	19.161
8295	19.159
8296	19.125
8297	19.159
8298	19.157
8299	19.121
8300	19.153
8301	19.155
8302	19.129
8303	19.156
8304	19.161
8305	19.192
8306	19.128
8307	19.15
8308	19.163
8309	19.113
8310	19.14
8311	19.144
8312	19.122
8313	19.151
8314	19.154
8315	19.119
8316	19.149
8317	19.153
8318	19.109
8319	19.143
8320	19.137
8321	19.107
8322	19.134
8323	19.135
8324	19.108
8325	19.136
8326	19.137
8327	19.109
8328	19.138
8329	19.138
8330	19.102
8331	19.133
8332	19.131
8333	19.108
8334	19.137
8335	19.133
8336	19.104
8337	19.136
8338	19.128
8339	19.097
8340	19.126
8341	19.123
8342	19.136
8343	19.14
8344	19.108
8345	19.107
8346	19.132
8347	19.142
8348	19.143
8349	19.111
8350	19.112
8351	19.171
8352	19.114
8353	19.144
8354	19.121
8355	19.148
8356	19.149
8357	19.122
8358	19.15
8359	19.148
8360	19.13
8361	19.158
8362	19.154
8363	19.14
8364	19.163
8365	19.169
8366	19.153
8367	19.18
8368	19.175
8369	19.202
8370	19.164
8371	19.185
8372	19.192
8373	19.212
8374	19.18
8375	19.215
8376	19.198
8377	19.205
8378	19.229
8379	19.233
8380	19.227
8381	19.258
8382	19.244
8383	19.252
8384	19.27
8385	19.279
8386	19.271
8387	19.303
8388	19.288
8389	19.305
8390	19.337
8391	19.321
8392	19.362
8393	19.377
8394	19.342
8395	19.332
8396	19.35
8397	19.382
8398	19.361
8399	19.394
8400	19.413
8401	19.388
8402	19.407
8403	19.423
8404	19.44
8405	19.421
8406	19.458
8407	19.441
8408	19.476
8409	19.457
8410	19.476
8411	19.492
8412	19.512
8413	19.491
8414	19.527
8415	19.509
8416	19.547
8417	19.526
8418	19.545
8419	19.562
8420	19.583
8421	19.555
8422	19.594
8423	19.577
8424	19.616
8425	19.59
8426	19.612
8427	19.625
8428	19.651
8429	19.614
8430	19.651
8431	19.637
8432	19.678
8433	19.637
8434	19.664
8435	19.676
8436	19.707
8437	19.657
8438	19.697
8439	19.689
8440	19.733
8441	19.666
8442	19.702
8443	19.706
8444	19.748
8445	19.671
8446	19.709
8447	19.711
8448	19.65
8449	19.696
8450	19.683
8451	19.664
8452	19.656
8453	19.617
8454	19.628
8455	19.673
8456	19.713
8457	19.641
8458	19.618
8459	19.58
8460	19.605
8461	19.705
8462	19.585
8463	19.55
8464	19.514
8465	19.555
8466	19.664
8467	19.513
8468	19.461
8469	19.434
8470	19.478
8471	19.598
8472	19.408
8473	19.351
8474	19.323
8475	19.373
8476	19.504
8477	19.281
8478	19.205
8479	19.179
8480	19.258
8481	19.393
8482	19.102
8483	19.244
8484	19.123
8485	18.942
8486	18.825
8487	18.816
8488	18.92
8489	19.081
8490	19.036
8491	18.691
8492	18.852
8493	18.691
8494	18.411
8495	18.574
8496	18.554
8497	18.408
8498	18.08
8499	18.245
8500	18.069
8501	18.244
8502	17.731
8503	17.934
8504	17.899
8505	17.719
8506	17.348
8507	17.567
8508	17.323
8509	17.527
8510	16.852
8511	16.6
8512	16.638
8513	16.891
8514	17.119
8515	17.095
8516	16.336
8517	16.058
8518	16.103
8519	16.378
8520	16.37
8521	16.635
8522	15.729
8523	15.399
8524	15.494
8525	15.805
8526	15.114
8527	14.858
8528	14.962
8529	15.216
8530	14.391
8531	14.181
8532	14.245
8533	14.338
8534	14.62
8535	14.716
8536	14.753
8537	14.47
8538	14.538
8539	14.022
8540	14.191
8541	13.971
8542	13.515
8543	13.728
8544	13.462
8545	13.695
8546	12.972
8547	12.943
8548	13.192
8549	13.101
8550	12.475
8551	12.744
8552	12.715
8553	12.481
8554	11.967
8555	12.243
8556	12.02
8557	12.305
8558	11.481
8559	11.853
8560	11.553
8561	11.791
8562	11.017
8563	11.401
8564	11.325
8565	11.116
8566	10.642
8567	10.94
8568	10.795
8569	11.062
8570	10.399
8571	10.808
8572	10.564
8573	10.67
8574	10.301
8575	10.677
8576	10.512
8577	10.505
8578	10.4
8579	10.536
8580	10.611
8581	10.685
8582	10.698
8583	10.831
8584	10.88
8585	10.725
8586	11.209
8587	11.15
8588	11.082
8589	11.349
8590	11.99
8591	11.677
8592	12.055
8593	13.02
8594	13.579
8595	13.633
8596	13.03
8597	12.422
8598	12.506
8599	14.302
8600	13.381
8601	14.213
8602	15.887
8603	15.729
8604	14.941
8605	14.682
8606	17.679
8607	16.542
8608	17.297
8609	19.436
8610	18.641
8611	17.938
8612	21.884
8613	19.357
8614	19.502
8615	17.084
8616	14.576
8617	14.252
8618	14.477
8619	23.534
8620	17.486
8621	12.824
8622	23.317
8623	17.153
8624	21.828
8625	19.458
8626	19.319
8627	18.975
8628	17.401
8629	18.393
8630	15.894
8631	15.117
8632	16.072
8633	16.964
8634	16.614
8635	15.427
8636	15.162
8637	14.349
8638	14.231
8639	12.949
8640	12.282
8641	12.767
8642	13.528
8643	13.633
8644	12.011
8645	11.856
8646	11.668
8647	10.648
8648	10.161
8649	10.185
8650	10.747
8651	10.938
8652	11.143
8653	9.635
8654	9.7034
8655	10.111
8656	8.7802
8657	9.3447
8658	9.104
8659	8.8283
8660	8.7397
8661	8.187
8662	8.3209
8663	8.9425
8664	8.0915
8665	8.7053
8666	9.2442
8667	8.1064
8668	8.7243
8669	8.7198
8670	8.1434
8671	8.6818
8672	8.7117
8673	9.4694
8674	9.1532
8675	8.898
8676	8.5696
8677	9.7309
8678	10.019
8679	9.5043
8680	9.165
8681	9.4265
8682	9.8077
8683	10.262
8684	10.751
8685	11.06
8686	10.736
8687	10.4
8688	10.491
8689	10.866
8690	11.392
8691	11.726
8692	11.445
8693	11.09
8694	11.798
8695	12.055
8696	12.054
8697	12.495
8698	12.38
8699	12.704
8700	13.357
8701	13.703
8702	13.535
8703	13.187
8704	13.028
8705	13.257
8706	13.899
8707	13.916
8708	14.057
8709	14.772
8710	15.12
8711	14.987
8712	14.628
8713	14.416
8714	15.465
8715	15.788
8716	15.702
8717	15.355
8718	16.104
8719	16.409
8720	16.375
8721	16.041
8722	16.693
8723	16.954
8724	16.953
8725	16.685
8726	16.516
8727	17.214
8728	17.013
8729	17.197
8730	17.664
8731	17.411
8732	17.594
8733	17.87
8734	18.001
8735	18.105
8736	17.977
8737	17.689
8738	17.744
8739	18.272
8740	17.904
8741	18.085
8742	18.191
8743	18.208
8744	18.477
8745	18.405
8746	18.128
8747	18.454
8748	17.96
8749	18.18
8750	18.438
8751	18.157
8752	18.153
8753	18.228
8754	18.226
8755	18.494
8756	18.495
8757	18.187
8758	18.426
8759	18.152
8760	18.19
8761	17.943
8762	18.046
8763	18.028
8764	17.86
8765	17.793
8766	17.636
8767	17.522
8768	17.793
8769	17.89
8770	17.723
8771	17.673
8772	17.394
8773	17.101
8774	17.252
8775	17.394
8776	16.779
8777	16.597
8778	16.904
8779	17.087
8780	16.95
8781	16.729
8782	16.431
8783	16.005
8784	16.255
8785	16.343
8786	15.815
8787	15.736
8788	15.497
8789	15.34
8790	15.262
8791	15.019
8792	14.473
8793	14.205
8794	14.531
8795	14.815
8796	14.752
8797	13.953
8798	13.715
8799	14.02
8800	14.268
8801	13.483
8802	13.212
8803	13.502
8804	13.766
8805	12.908
8806	12.604
8807	12.902
8808	13.212
8809	12.592
8810	12.305
8811	11.708
8812	11.411
8813	11.691
8814	11.999
8815	12.003
8816	11.722
8817	11.103
8818	10.805
8819	11.084
8820	11.388
8821	10.521
8822	10.25
8823	10.462
8824	10.767
8825	9.987
8826	9.7275
8827	9.9844
8828	10.197
8829	10.023
8830	9.6644
8831	9.4729
8832	8.9613
8833	8.7423
8834	8.918
8835	9.2051
8836	9.2101
8837	8.5151
8838	8.2536
8839	8.4928
8840	8.7007
8841	8.2621
8842	7.975
8843	8.0434
8844	7.6525
8845	7.7112
8846	7.4174
8847	6.8545
8848	6.6436
8849	6.7925
8850	7.0974
8851	7.0885
8852	5.821
8853	6.1558
8854	6.0775
8855	5.7284
8856	5.3855
8857	5.162
8858	5.4006
8859	5.1523
8860	5.0011
8861	4.8209
8862	4.7212
8863	4.1436
8864	4.5141
8865	3.5159
8866	3.2804
8867	3.8449
8868	4.0025
8869	3.8777
8870	3.3868
8871	3.6928
8872	3.5969
8873	5.2821
8874	4.5506
8875	6.3651
8876	11.256
8877	11.508
8878	8.8244
8879	14.801
8880	12.249
8881	11.797
8882	8.9674
8883	9.1071
8884	11.143
8885	5.8376
8886	4.7523
8887	6.1563
8888	4.5299
8889	7.1839
8890	7.2664
8891	5.5767
8892	5.286
8893	3.8272
8894	3.6708
8895	3.2802
8896	2.5418
8897	2.9103
8898	2.9642
8899	4.566
8900	4.3586
8901	3.7342
8902	3.897
8903	4.8318
8904	4.8372
8905	5.028
8906	5.0508
8907	4.679
8908	4.8933
8909	4.7402
8910	4.4599
8911	4.5804
8912	4.3778
8913	4.5339
8914	3.9182
8915	4.1461
8916	4.1422
8917	3.9015
8918	3.3569
8919	3.6819
8920	3.6444
8921	3.3898
8922	2.8195
8923	3.2049
8924	2.8961
8925	3.1333
8926	2.3436
8927	2.468
8928	2.6757
8929	1.9237
8930	2.3693
8931	2.2662
8932	2.0702
8933	1.6978
8934	1.5614
8935	1.3568
8936	1.8754
8937	1.5278
8938	1.8836
8939	2.0398
8940	1.2464
8941	1.4317
8942	1.7703
8943	0.9492
8944	1.2951
8945	1.1739
8946	0.71904
8947	0.93885
8948	1.0391
8949	1.1908
8950	0.66702
8951	0.82129
8952	0.91603
8953	0.72266
8954	0.72382
8955	0.62767
8956	0.59704
8957	0.72769
8958	0.72811
8959	0.74455
8960	0.71011
8961	0.66654
8962	0.73963
8963	0.76326
8964	0.81318
8965	0.7739
8966	0.78904
8967	0.89386
8968	0.82778
8969	0.84666
8970	0.80775
8971	0.99873
8972	0.85746
8973	0.84261
8974	0.88203
8975	0.94036
8976	1.0088
8977	1.1635
8978	1.0378
8979	0.88858
8980	1.2022
8981	1.0198
8982	1.2403
8983	0.88878
8984	1.0247
8985	1.0354
8986	1.2409
8987	1.01
8988	0.87292
8989	1.0176
8990	1.2035
8991	0.97449
8992	0.98715
8993	0.83786
8994	1.2192
8995	0.97726
8996	0.98867
8997	1.2272
8998	0.97806
8999	0.9918
9000	0.83522
9001	1.0004
9002	0.94918
9003	1.2301
9004	1.2745
9005	1.0465
9006	1.1809
9007	0.89913
9008	0.75893
9009	1.1845
9010	0.89284
9011	0.98664
9012	1.1958
9013	0.84112
9014	1.0152
9015	1.014
9016	0.97769
9017	1.2481
9018	1.2871
9019	1.0569
9020	0.9539
9021	0.93355
9022	1.1979
9023	1.2211
9024	0.91878
9025	0.90614
9026	1.164
9027	0.70927
9028	1.1784
9029	1.1476
9030	0.88773
9031	0.69244
9032	1.1138
9033	0.86082
9034	0.87057
9035	0.65863
9036	1.1013
9037	0.64808
9038	0.85234
9039	0.85719
9040	1.0716
9041	0.8403
9042	0.81681
9043	0.63849
9044	0.70822
9045	0.66852
9046	0.92343
9047	0.97332
9048	0.76604
9049	0.88355
9050	0.47093
9051	0.61244
9052	0.75695
9053	0.39846
9054	0.5518
9055	0.52862
9056	0.71272
9057	0.49257
9058	0.38461
9059	0.51563
9060	0.68657
9061	0.48779
9062	0.48439
9063	0.55591
9064	0.37619
9065	0.42311
9066	0.3021
9067	0.29528
9068	0.35084
9069	0.4271
9070	0.33341
9071	0.29667
9072	0.30634
9073	0.21804
9074	0.3399
9075	0.50849
9076	0.31218
9077	0.45482
9078	0.52602
9079	0.24074
9080	0.72159
9081	0.22492
9082	0.65882
9083	0.40887
9084	4.0739
9085	5.6785
9086	4.9122
9087	19.101
9088	19.062
9089	19.105
9090	19.099
9091	19.061
9092	19.138
9093	19.098
9094	19.055
9095	19.1
9096	19.057
9097	19.139
9098	19.108
9099	19.059
9100	19.14
9101	19.122
9102	19.081
9103	0.58467
9104	0.31231
9105	19.231
9106	19.161
9107	19.198
9108	19.306
9109	19.272
9110	4.488
9111	2.2495
9112	3.9147
9113	8.5821
9114	8.5405
9115	7.5374
9116	8.0917
9117	3.8744
9118	3.2176
9119	3.7095
9120	19.337
9121	19.378
9122	19.34
9123	19.296
9124	19.338
9125	19.383
9126	19.301
9127	19.337
9128	19.377
9129	19.294
9130	19.338
9131	19.379
9132	19.341
9133	19.378
9134	19.342
9135	19.383
9136	19.342
9137	19.38
9138	19.342
9139	19.387
9140	19.343
9141	19.381
9142	19.297
9143	19.347
9144	19.387
9145	19.352
9146	19.386
9147	19.358
9148	19.395
9149	19.32
9150	19.356
9151	19.396
9152	19.354
9153	19.392
9154	19.316
9155	19.358
9156	19.393
9157	19.36
9158	19.397
9159	19.325
9160	19.36
9161	19.399
9162	19.363
9163	19.397
9164	19.324
9165	19.371
9166	19.4
9167	19.329
9168	19.376
9169	19.41
9170	19.341
9171	19.371
9172	19.409
9173	19.341
9174	19.365
9175	19.403
9176	19.331
9177	19.362
9178	19.4
9179	19.359
9180	19.398
9181	19.325
9182	19.358
9183	19.394
9184	19.315
9185	19.366
9186	19.394
9187	19.323
9188	19.37
9189	19.405
9190	19.333
9191	19.37
9192	19.402
9193	19.333
9194	19.374
9195	19.405
9196	19.378
9197	19.408
9198	19.367
9199	19.41
9200	19.351
9201	19.352
9202	19.391
9203	19.338
9204	19.355
9205	19.389
9206	19.356
9207	19.396
9208	19.352
9209	19.388
9210	19.317
9211	19.358
9212	19.388
9213	19.314
9214	19.363
9215	19.395
9216	19.333
9217	19.364
9218	19.395
9219	19.333
9220	19.351
9221	19.394
9222	19.338
9223	19.375
9224	19.301
9225	19.338
9226	19.374
9227	19.304
9228	19.336
9229	19.374
9230	19.333
9231	19.369
9232	19.298
9233	19.328
9234	19.367
9235	19.295
9236	19.327
9237	19.363
9238	19.329
9239	19.364
9240	19.293
9241	19.331
9242	19.364
9243	19.295
9244	19.34
9245	19.368
9246	19.294
9247	19.348
9248	19.377
9249	19.318
9250	19.35
9251	19.379
9252	19.317
9253	19.35
9254	19.38
9255	19.322
9256	19.338
9257	19.379
9258	19.325
9259	19.327
9260	19.362
9261	19.314
9262	19.327
9263	19.359
9264	19.332
9265	19.361
9266	19.333
9267	19.367
9268	19.301
9269	19.33
9270	19.362
9271	19.331
9272	19.362
9273	19.334
9274	19.364
9275	19.299
9276	19.343
9277	19.369
9278	19.354
9279	19.38
9280	19.36
9281	19.385
9282	19.33
9283	19.389
9284	19.363
9285	19.37
9286	19.394
9287	19.366
9288	19.374
9289	19.398
9290	19.38
9291	19.402
9292	19.384
9293	19.409
9294	19.385
9295	19.411
9296	19.387
9297	19.412
9298	19.393
9299	19.417
9300	19.363
9301	19.397
9302	19.422
9303	19.37
9304	19.399
9305	19.427
9306	19.371
9307	19.402
9308	19.429
9309	19.369
9310	19.411
9311	19.434
9312	19.422
9313	19.444
9314	19.388
9315	19.433
9316	19.457
9317	19.399
9318	19.444
9319	19.467
9320	19.459
9321	19.478
9322	19.422
9323	19.477
9324	19.494
9325	19.493
9326	19.512
9327	19.503
9328	19.524
9329	19.514
9330	19.535
9331	19.479
9332	19.527
9333	19.548
9334	19.491
9335	19.542
9336	19.56
9337	19.505
9338	19.558
9339	19.579
9340	19.522
9341	19.574
9342	19.593
9343	19.591
9344	19.611
9345	19.554
9346	19.61
9347	19.628
9348	19.57
9349	19.63
9350	19.65
9351	19.591
9352	19.649
9353	19.668
9354	19.609
9355	19.669
9356	19.689
9357	19.629
9358	19.689
9359	19.71
9360	19.709
9361	19.732
9362	19.667
9363	19.73
9364	19.752
9365	19.686
9366	19.753
9367	19.774
9368	19.705
9369	19.776
9370	19.801
9371	19.732
9372	19.799
9373	19.822
9374	19.751
9375	19.823
9376	19.847
9377	19.843
9378	19.868
9379	19.791
9380	19.866
9381	19.892
9382	19.811
9383	19.886
9384	19.92
9385	19.836
9386	19.906
9387	19.937
9388	19.85
9389	19.932
9390	19.963
9391	19.872
9392	19.954
9393	19.989
9394	19.971
9395	20.012
9396	19.911
9397	19.992
9398	20.031
9399	19.923
9400	20.013
9401	20.058
9402	19.949
9403	20.034
9404	20.075
9405	19.962
9406	20.052
9407	20.104
9408	19.987
9409	20.053
9410	20.123
9411	19.992
9412	20.048
9413	20.121
9414	19.98
9415	20.047
9416	20.123
9417	20.054
9418	20.131
9419	19.959
9420	20.069
9421	20.149
9422	20.068
9423	20.17
9424	19.989
9425	20.057
9426	20.16
9427	19.97
9428	20.054
9429	20.159
9430	19.955
9431	20.054
9432	20.162
9433	20.035
9434	20.167
9435	19.936
9436	20.006
9437	20.143
9438	19.89
9439	19.99
9440	20.131
9441	19.873
9442	19.955
9443	20.133
9444	19.844
9445	19.904
9446	20.081
9447	19.779
9448	19.866
9449	20.045
9450	19.823
9451	20.022
9452	19.681
9453	19.794
9454	19.979
9455	19.618
9456	19.761
9457	19.972
9458	19.601
9459	19.666
9460	19.913
9461	19.566
9462	19.551
9463	19.801
9464	19.422
9465	19.448
9466	19.728
9467	19.35
9468	19.641
9469	19.184
9470	19.218
9471	19.551
9472	19.06
9473	19.096
9474	19.419
9475	18.855
9476	18.973
9477	19.359
9478	18.802
9479	19.196
9480	18.604
9481	18.646
9482	19.036
9483	18.486
9484	18.913
9485	18.277
9486	18.322
9487	18.748
9488	18.081
9489	18.141
9490	18.608
9491	17.928
9492	18.407
9493	17.925
9494	17.685
9495	18.078
9496	17.637
9497	17.745
9498	17.398
9499	17.801
9500	17.519
9501	17.336
9502	17.71
9503	17.035
9504	17.223
9505	17.617
9506	16.993
9507	17.441
9508	17.185
9509	16.769
9510	16.327
9511	16.773
9512	16.565
9513	16.085
9514	16.539
9515	15.921
9516	15.828
9517	16.288
9518	15.649
9519	15.554
9520	16.032
9521	15.389
9522	15.743
9523	15.268
9524	14.724
9525	15.182
9526	14.992
9527	14.554
9528	14.482
9529	14.909
9530	14.241
9531	14.656
9532	13.938
9533	14.366
9534	14.011
9535	13.592
9536	12.917
9537	13.295
9538	13.248
9539	12.892
9540	12.591
9541	12.943
9542	12.259
9543	12.581
9544	12.286
9545	11.909
9546	12.212
9547	11.986
9548	11.814
9549	11.542
9550	10.78
9551	10.986
9552	11.168
9553	10.991
9554	10.385
9555	10.547
9556	9.9994
9557	10.105
9558	9.6209
9559	9.672
9560	9.9689
9561	9.2303
9562	9.231
9563	8.4466
9564	8.3389
9565	8.8326
9566	8.9571
9567	8.0888
9568	7.8913
9569	7.7537
9570	7.4958
9571	7.4451
9572	7.1074
9573	8.0755
9574	6.8056
9575	7.1659
9576	6.6892
9577	6.2961
9578	6.8954
9579	7.3003
9580	6.5809
9581	6.1971
9582	6.4962
9583	6.2024
9584	6.3948
9585	6.2728
9586	6.3218
9587	6.4322
9588	6.3428
9589	6.6889
9590	6.4671
9591	7.0698
9592	6.5789
9593	7.3852
9594	6.6497
9595	7.7042
9596	6.6328
9597	7.7928
9598	6.7464
9599	7.7372
9600	7.8422
9601	6.1004
9602	7.3598
9603	8.0843
9604	6.3547
9605	7.4653
9606	7.0508
9607	6.864
9608	8.0287
9609	6.8836
9610	6.8923
9611	7.9101
9612	7.0232
9613	7.748
9614	7.0592
9615	7.6804
9616	7.2681
9617	7.19
9618	7.4464
9619	7.1272
9620	7.3054
9621	7.6936
9622	7.6287
9623	7.1337
9624	8.0182
9625	7.8223
9626	7.2291
9627	8.2524
9628	8.0358
9629	7.3888
9630	8.4704
9631	8.3243
9632	7.6488
9633	8.6917
9634	8.68
9635	8.0038
9636	8.984
9637	9.0337
9638	8.4142
9639	9.4102
9640	8.8305
9641	9.5976
9642	9.7932
9643	9.3074
9644	10.125
9645	9.7476
9646	10.227
9647	10.174
9648	10.377
9649	10.465
9650	11.201
9651	11.077
9652	10.833
9653	11.586
9654	11.528
9655	11.264
9656	11.988
9657	11.991
9658	12.441
9659	12.461
9660	11.925
9661	12.995
9662	12.888
9663	13.891
9664	13.282
9665	13.684
9666	13.1
9667	14.476
9668	14.756
9669	14.085
9670	13.846
9671	14.857
9672	15.17
9673	15.204
9674	15.569
9675	15.551
9676	15.926
9677	15.817
9678	16.295
9679	15.173
9680	15.9
9681	16.505
9682	15.314
9683	15.995
9684	16.605
9685	16.248
9686	16.813
9687	16.563
9688	17.128
9689	16.871
9690	17.424
9691	16.047
9692	17.201
9693	17.722
9694	17.463
9695	18.035
9696	17.57
9697	18.222
9698	17.649
9699	18.299
9700	16.918
9701	17.772
9702	18.42
9703	17.919
9704	18.549
9705	17.172
9706	18.036
9707	18.694
9708	18.097
9709	18.769
9710	18.099
9711	18.821
9712	17.979
9713	18.788
9714	18.651
9715	17.878
9716	17.142
9717	18.103
9718	18.736
9719	17.947
9720	18.238
9721	18.852
9722	17.583
9723	18.312
9724	18.917
9725	17.75
9726	18.338
9727	18.92
9728	18.372
9729	18.899
9730	18.424
9731	18.905
9732	17.955
9733	18.465
9734	18.896
9735	18.055
9736	18.519
9737	18.887
9738	18.11
9739	18.462
9740	18.854
9741	18.909
9742	18.218
9743	18.64
9744	18.222
9745	18.142
9746	18.227
9747	17.861
9748	18.055
9749	17.981
9750	17.764
9751	17.949
9752	17.749
9753	17.879
9754	17.642
9755	17.801
9756	17.673
9757	17.502
9758	17.634
9759	17.345
9760	17.458
9761	17.452
9762	17.175
9763	17.254
9764	16.982
9765	17.059
9766	17.151
9767	16.765
9768	16.847
9769	16.537
9770	16.62
9771	16.314
9772	16.385
9773	16.12
9774	16.159
9775	16.252
9776	15.919
9777	15.967
9778	16.175
9779	16.09
9780	15.705
9781	15.746
9782	15.819
9783	15.524
9784	15.548
9785	15.726
9786	15.341
9787	15.355
9788	15.154
9789	15.151
9790	14.968
9791	14.951
9792	15.186
9793	14.774
9794	14.748
9795	15.003
9796	14.568
9797	14.542
9798	14.353
9799	14.324
9800	14.133
9801	14.104
9802	13.881
9803	13.919
9804	14.159
9805	13.514
9806	13.466
9807	13.716
9808	13.296
9809	13.26
9810	13.569
9811	13.05
9812	13.037
9813	12.8
9814	12.791
9815	13.031
9816	12.58
9817	12.564
9818	12.381
9819	12.358
9820	12.604
9821	12.163
9822	12.178
9823	11.466
9824	11.496
9825	11.715
9826	11.703
9827	11.254
9828	11.21
9829	11.439
9830	10.664
9831	10.751
9832	10.944
9833	10.88
9834	10.383
9835	10.485
9836	10.569
9837	10.11
9838	10.221
9839	10.283
9840	9.8419
9841	9.959
9842	10.007
9843	9.5753
9844	9.6977
9845	9.7376
9846	9.3074
9847	9.4334
9848	9.1651
9849	9.0366
9850	9.2033
9851	8.607
9852	8.7589
9853	8.4729
9854	7.8793
9855	8.0143
9856	8.18
9857	7.5673
9858	7.7033
9859	7.766
9860	7.3798
9861	7.2391
9862	6.5483
9863	6.693
9864	6.8984
9865	6.1867
9866	6.3345
9867	6.4154
9868	5.8123
9869	5.9672
9870	5.4275
9871	5.5879
9872	5.6603
9873	5.044
9874	5.2051
9875	4.6565
9876	4.8271
9877	4.2587
9878	4.4459
9879	3.8559
9880	4.0696
9881	4.0705
9882	3.7073
9883	3.4617
9884	3.632
9885	3.1043
9886	2.7891
9887	3.0948
9888	2.789
9889	2.3446
9890	2.534
9891	2.7806
9892	2.0959
9893	2.1952
9894	2.8133
9895	2.2459
9896	2.2417
9897	2.7215
9898	1.8177
9899	2.3535
9900	2.8291
9901	2.4202
9902	2.9225
9903	2.0602
9904	2.0909
9905	2.5837
9906	2.8581
9907	1.8316
9908	1.8352
9909	2.2369
9910	1.8585
9911	2.3168
9912	2.2948
9913	2.0778
9914	2.0178
9915	2.7393
9916	2.6251
9917	3.0364
9918	3.1898
9919	3.9373
9920	4.0889
9921	3.6578
9922	4.6784
9923	4.6444
9924	4.4296
9925	4.8415
9926	4.8704
9927	4.9196
9928	5.0215
9929	4.935
9930	5.0834
9931	4.8335
9932	5.1024
9933	4.8966
9934	4.7069
9935	4.9915
9936	4.819
9937	4.577
9938	4.8579
9939	4.4246
9940	4.4051
9941	4.7574
9942	4.232
9943	4.564
9944	4.0638
9945	4.4304
9946	4.0693
9947	3.9196
9948	4.0739
9949	3.7055
9950	3.8884
9951	3.3994
9952	3.7553
9953	3.545
9954	3.2164
9955	3.5643
9956	3.0564
9957	3.3482
9958	3.0493
9959	3.0229
9960	2.5486
9961	2.7205
9962	2.8701
9963	2.4848
9964	2.7901
9965	2.6184
9966	2.3672
9967	2.6323
9968	2.1787
9969	2.3001
9970	2.5451
9971	2.2447
9972	2.4649
9973	2.0732
9974	2.1875
9975	2.3956
9976	2.1406
9977	2.3313
9978	2.1198
9979	2.285
9980	2.1878
9981	2.2602
9982	1.9532
9983	1.8664
9984	2.0611
9985	1.6734
9986	1.8285
9987	1.8366
9988	2.0516
9989	1.6719
9990	1.7894
9991	1.9998
9992	1.603
9993	1.7564
9994	1.9721
9995	1.9449
9996	1.7368
9997	1.6833
9998	1.9127
9999	1.716
10000	1.6855
10001	1.8918
10002	1.7173
10003	1.9153
10004	1.4791
10005	1.7555
10006	1.9426
10007	1.5221
10008	1.7846
10009	1.9793
10010	1.7842
10011	1.992
10012	1.7765
10013	1.9876
10014	1.7751
10015	1.9863
10016	1.5605
10017	1.9909
10018	1.7845
10019	2.037
10020	1.8124
10021	1.8617
10022	1.6502
10023	1.8772
10024	1.6513
10025	1.9144
10026	1.6288
10027	1.8873
10028	1.6178
10029	1.8856
10030	1.3672
10031	1.62
10032	1.8698
10033	1.8883
10034	1.381
10035	1.6235
10036	1.9023
10037	1.669
10038	1.3612
10039	1.6263
10040	1.7467
10041	1.9667
10042	1.4923
10043	1.7165
10044	1.7943
10045	1.99
10046	1.9535
10047	2.0297
10048	1.6062
10049	1.5652
10050	1.8093
10051	1.3052
10052	1.469
10053	1.5719
10054	1.8431
10055	1.3237
10056	1.563
10057	1.8239
10058	1.5901
10059	1.8372
10060	1.3022
10061	1.6702
10062	1.8516
10063	1.7164
10064	1.9346
10065	1.5388
10066	1.6261
10067	1.9292
10068	1.5268
10069	1.5471
10070	1.804
10071	1.276
10072	1.7894
10073	1.5536
10074	1.7759
10075	1.5439
10076	1.5524
10077	1.4941
10078	1.7352
10079	1.5251
10080	1.4731
10081	1.7124
10082	1.254
10083	1.4555
10084	1.6915
10085	1.4333
10086	1.6731
10087	1.4057
10088	1.6448
10089	1.3753
10090	1.6244
10091	1.1631
10092	1.5803
10093	1.3513
10094	1.1247
10095	1.3594
10096	1.5663
10097	1.3488
10098	1.1402
10099	1.361
10100	1.5674
10101	1.2772
10102	1.5632
10103	1.2191
10104	1.4398
10105	1.4511
10106	1.252
10107	1.0437
10108	1.4417
10109	1.0103
10110	1.248
10111	1.243
10112	1.2535
10113	1.4269
10114	1.2369
10115	1.3111
10116	1.4707
10117	1.1158
10118	1.3277
10119	1.5052
10120	1.3396
10121	1.4971
10122	1.136
10123	1.3779
10124	1.5301
10125	1.1816
10126	1.4151
10127	1.5642
10128	1.5946
10129	1.395
10130	1.4605
10131	1.606
10132	1.2629
10133	1.3881
10134	1.5169
10135	1.6795
10136	1.3046
10137	1.7181
10138	1.5535
10139	1.6978
10140	1.8523
10141	1.6194
10142	1.7842
10143	1.9192
10144	1.5314
10145	1.9046
10146	2.0299
10147	2.1626
10148	2.0237
10149	2.4218
10150	2.1425
10151	1.9643
10152	2.3254
10153	19.386
10154	19.348
10155	19.345
10156	19.095
10157	19.135
10158	0.6604
10159	0.27533
10160	0.89323
10161	2.7504
10162	2.6537
10163	2.5573
10164	2.417
10165	2.2777
10166	2.2885
10167	2.1657
10168	2.0749
10169	2.0022
10170	1.9342
10171	1.7677
10172	1.8827
10173	1.8273
10174	1.7757
10175	1.7569
10176	1.5548
10177	1.719
10178	1.746
10179	1.6905
10180	1.6775
10181	1.668
10182	1.6482
10183	1.6514
10184	1.6603
10185	1.4571
10186	1.6641
10187	1.6696
10188	1.4662
10189	1.6771
10190	1.7298
10191	1.7731
10192	1.7778
10193	1.7825
10194	1.7941
10195	1.5612
10196	1.8334
10197	1.8676
10198	1.8886
10199	1.9131
10200	1.9351
10201	1.9578
10202	1.9811
10203	2.0032
10204	1.7668
10205	2.0216
10206	2.0342
10207	1.7935
10208	2.052
10209	2.1118
10210	2.151
10211	2.1201
10212	2.1052
10213	2.1059
10214	2.103
10215	2.0954
10216	2.1597
10217	2.2299
10218	2.2157
10219	2.2008
10220	2.1854
10221	1.9441
10222	2.1468
10223	2.1358
10224	1.8619
10225	2.1478
10226	2.1476
10227	2.1538
10228	2.1594
10229	2.1501
10230	2.2004
10231	2.0115
10232	2.2568
10233	2.0772
10234	2.2348
10235	2.2174
10236	2.0049
10237	2.2084
10238	2.2038
10239	2.2015
10240	2.1924
10241	2.1723
10242	2.1473
10243	2.1291
10244	2.1294
10245	2.141
10246	2.1518
10247	1.937
10248	2.1671
10249	2.1884
10250	2.2201
10251	2.2504
10252	2.3325
10253	2.4275
10254	2.4783
10255	2.5422
10256	2.6187
10257	2.7133
10258	2.8141
10259	2.9413
10260	3.0817
10261	3.2125
10262	2.9063
10263	3.3883
10264	3.5341
10265	3.2319
10266	3.6987
10267	3.9234
10268	4.0927
10269	4.2505
10270	3.879
10271	4.4111
10272	4.5866
10273	4.2227
10274	4.7656
10275	4.9196
10276	5.0411
10277	5.1459
10278	5.2331
10279	5.2562
10280	5.2671
10281	5.1932
10282	5.0608
10283	4.8499
10284	4.567
10285	4.2073
10286	4.3355
10287	3.7875
10288	3.3554
10289	3.4788
10290	2.9615
10291	2.6527
10292	2.5242
10293	2.5851
10294	2.1784
10295	2.7026
10296	2.2507
10297	3.033
10298	3.3923
10299	3.4238
10300	3.3171
10301	3.3406
10302	3.3503
10303	2.7727
10304	3.2321
10305	3.2764
10306	2.9299
10307	3.2059
10308	3.4294
10309	3.6632
10310	3.3792
10311	3.9545
10312	4.2856
10313	5.0048
10314	4.6391
10315	5.3775
10316	5.7526
10317	6.1231
10318	6.4857
10319	6.8399
10320	7.1848
10321	7.0405
10322	7.5188
10323	7.8406
10324	8.151
10325	8.4508
10326	8.3147
10327	8.7403
10328	9.0206
10329	8.8905
10330	9.2926
10331	9.5572
10332	9.8162
10333	10.071
10334	10.324
10335	10.573
10336	10.816
10337	11.053
10338	11.007
10339	11.286
10340	11.511
10341	11.729
10342	11.729
10343	11.939
10344	11.953
10345	12.142
10346	12.344
10347	12.557
10348	12.781
10349	13.004
10350	13.217
10351	13.427
10352	13.64
10353	13.672
10354	13.859
10355	14.084
10356	14.308
10357	14.527
10358	14.744
10359	14.963
10360	15.18
10361	15.396
10362	15.608
10363	15.818
10364	16.026
10365	16.251
10366	16.492
10367	16.731
10368	16.96
10369	17.184
10370	17.416
10371	17.64
10372	17.844
10373	18.042
10374	18.234
10375	18.413
10376	18.107
10377	18.591
10378	18.815
10379	18.354
10380	19.063
10381	19.25
10382	19.33
10383	19.374
10384	19.436
10385	19.494
10386	19.543
10387	19.584
10388	19.591
10389	19.547
10390	19.417
10391	19.504
10392	19.395
10393	19.546
10394	19.524
10395	19.457
10396	19.353
10397	19.224
10398	19.095
10399	18.973
10400	18.815
10401	18.579
10402	18.298
10403	18.012
10404	17.716
10405	17.446
10406	17.229
10407	16.999
10408	16.685
10409	16.307
10410	15.899
10411	15.469
10412	15.022
10413	14.56
10414	14.331
10415	14.084
10416	13.583
10417	13.45
10418	13.047
10419	12.504
10420	11.978
10421	11.453
10422	10.924
10423	10.393
10424	10.627
10425	9.8643
10426	9.3413
10427	8.8224
10428	8.3242
10429	7.8718
10430	7.4852
10431	7.198
10432	7.0434
10433	7.0254
10434	7.144
10435	7.3828
10436	7.6923
10437	7.2033
10438	8.1731
10439	8.6467
10440	8.9067
10441	9.1167
10442	9.1583
10443	9.0265
10444	8.035
10445	8.823
10446	8.712
10447	8.2252
10448	8.6365
10449	8.6182
10450	8.24
10451	8.6013
10452	8.7054
10453	8.222
10454	8.8
10455	8.8912
10456	8.8904
10457	8.5998
10458	8.1361
10459	7.6371
10460	7.113
10461	6.6682
10462	6.3348
10463	6.125
10464	6.0423
10465	6.1081
10466	6.3094
10467	6.5247
10468	6.5878
10469	6.9464
10470	7.3738
10471	7.8421
10472	8.3307
10473	8.8186
10474	8.7772
10475	9.3156
10476	9.8048
10477	10.29
10478	10.773
10479	11.241
10480	11.693
10481	11.405
10482	12.132
10483	12.548
10484	12.946
10485	13.334
10486	13.711
10487	14.084
10488	13.652
10489	14.451
10490	14.792
10491	15.095
10492	15.38
10493	15.665
10494	15.951
10495	15.461
10496	16.236
10497	16.507
10498	16.758
10499	17.
10500	17.233
10501	17.442
10502	17.011
10503	17.648
10504	17.849
10505	18.006
10506	18.132
10507	18.271
10508	18.432
10509	17.965
10510	18.564
10511	18.715
10512	18.202
10513	18.904
10514	19.064
10515	19.205
10516	19.333
10517	19.461
10518	19.612
10519	19.711
10520	19.78
10521	19.866
10522	19.945
10523	20.
10524	20.066
10525	20.14
10526	20.172
10527	20.195
10528	20.217
10529	20.238
10530	20.273
10531	20.287
10532	20.28
10533	20.286
10534	20.285
10535	20.277
10536	20.271
10537	20.271
10538	20.259
10539	20.233
10540	20.214
10541	20.202
10542	20.196
10543	20.18
10544	20.149
10545	20.123
10546	20.1
10547	20.075
10548	20.05
10549	20.023
10550	19.997
10551	19.973
10552	19.949
10553	19.919
10554	19.894
10555	19.871
10556	19.848
10557	19.824
10558	19.798
10559	19.776
10560	19.754
10561	19.731
10562	19.71
10563	19.69
10564	19.67
10565	19.649
10566	19.631
10567	19.616
10568	19.598
10569	19.583
10570	19.571
10571	19.557
10572	19.544
10573	19.529
10574	19.515
10575	19.502
10576	19.492
10577	19.48
10578	19.468
10579	19.462
10580	19.458
10581	19.453
10582	19.447
10583	19.442
10584	19.439
10585	19.436
10586	19.432
10587	19.427
10588	19.423
10589	19.42
10590	19.417
10591	19.391
10592	19.415
10593	19.412
10594	19.407
10595	19.4
10596	19.397
10597	19.396
10598	19.398
10599	19.398
10600	19.395
10601	19.396
10602	19.405
10603	19.41
10604	19.41
10605	19.409
10606	19.406
10607	19.402
10608	19.401
10609	19.402
10610	19.403
10611	19.405
10612	19.409
10613	19.412
10614	19.413
10615	19.419
10616	19.426
10617	19.428
10618	19.426
10619	19.425
10620	19.429
10621	19.43
10622	19.429
10623	19.435
10624	19.44
10625	19.44
10626	19.438
10627	19.438
10628	19.435
10629	19.432
10630	19.435
10631	19.437
10632	19.44
10633	19.443
10634	19.445
10635	19.441
10636	19.436
10637	19.438
10638	19.438
10639	19.435
10640	19.433
10641	19.434
10642	19.435
10643	19.43
10644	19.427
10645	19.427
10646	19.427
10647	19.426
10648	19.423
10649	19.421
10650	19.42
10651	19.421
10652	19.424
10653	19.426
10654	19.429
10655	19.431
10656	19.389
10657	19.431
10658	1.8763
10659	2.405
10660	2.1377
10661	2.8162
10662	19.392
10663	19.313
10664	1.6603
10665	1.8245
10666	2.1854
10667	1.0605
10668	1.2944
10669	0.35732
10670	0.10402
10671	0.10092
10672	0.11432
10673	0.15821
10674	0.21234
10675	0.28532
10676	0.20673
10677	0.34439
10678	0.41211
10679	0.24644
10680	0.49947
10681	0.58079
10682	0.65969
10683	0.72583
10684	0.49763
10685	0.78818
10686	0.84237
10687	0.61889
10688	0.88065
10689	0.6648
10690	0.90692
10691	0.67533
10692	0.91592
10693	0.93557
10694	0.6773
10695	0.97706
10696	1.0081
10697	0.74379
10698	1.0356
10699	1.0932
10700	0.79755
10701	1.1589
10702	1.2069
10703	1.2613
10704	1.3066
10705	1.0387
10706	1.3319
10707	1.3502
10708	1.088
10709	1.3632
10710	1.3735
10711	1.1048
10712	1.3856
10713	1.4029
10714	1.1256
10715	1.4233
10716	1.4425
10717	1.4626
10718	1.4853
10719	1.5115
10720	1.5396
10721	1.5534
10722	1.5044
10723	1.3074
10724	1.5128
10725	1.2554
10726	1.533
10727	1.3102
10728	1.483
10729	1.4764
10730	1.1458
10731	1.5037
10732	1.5406
10733	1.569
10734	1.5832
10735	1.3093
10736	1.575
10737	1.3177
10738	1.5321
10739	1.2894
10740	1.4949
10741	1.2289
10742	1.5086
10743	1.2079
10744	1.5264
10745	1.5231
10746	1.2412
10747	1.5164
10748	1.5036
10749	1.2195
10750	1.508
10751	1.517
10752	1.2398
10753	1.5067
10754	1.497
10755	1.2396
10756	1.493
10757	1.5025
10758	1.2489
10759	1.477
10760	1.2669
10761	1.4374
10762	1.2155
10763	1.3946
10764	1.3104
10765	1.2442
10766	1.2047
10767	1.0217
10768	1.1562
10769	1.0984
10770	0.94071
10771	1.0493
10772	0.98648
10773	0.86949
10774	0.92185
10775	0.86903
10776	0.77719
10777	0.82147
10778	0.76043
10779	0.68002
10780	0.60542
10781	0.53409
10782	0.47968
10783	0.57417
10784	0.45705
10785	0.45719
10786	0.65937
10787	0.53834
10788	0.6312
10789	0.85728
10790	0.74175
10791	0.9052
10792	1.0878
10793	1.0476
10794	1.1967
10795	1.403
10796	1.6125
10797	1.7477
10798	1.8181
10799	2.0355
10800	2.1488
10801	2.2753
10802	2.5294
10803	2.5984
10804	2.7894
10805	3.0696
10806	3.0975
10807	3.3569
10808	3.6604
10809	3.6403
10810	3.9716
10811	4.2817
10812	4.1963
10813	4.5834
10814	4.8595
10815	4.6986
10816	5.097
10817	5.2663
10818	5.3465
10819	5.1914
10820	4.9463
10821	4.7463
10822	3.9743
10823	3.8818
10824	3.7141
10825	5.5419
10826	3.9518
10827	6.7696
10828	7.5245
10829	9.2076
10830	11.977
10831	9.31
10832	15.182
10833	17.091
10834	14.54
10835	17.082
10836	15.072
10837	14.602
10838	14.874
10839	10.247
10840	6.6968
10841	7.878
10842	4.6627
10843	3.9981
10844	4.0318
10845	4.1844
10846	4.3344
10847	4.4162
10848	4.8801
10849	4.3146
10850	5.2179
10851	5.3422
10852	5.0068
10853	5.4132
10854	5.4355
10855	5.4853
10856	5.5303
10857	5.4337
10858	6.0823
10859	6.4637
10860	6.6561
10861	6.3805
10862	7.0342
10863	7.3465
10864	7.5737
10865	7.3335
10866	7.8655
10867	8.21
10868	7.9227
10869	8.5037
10870	8.6813
10871	8.8777
10872	9.1618
10873	9.397
10874	9.5931
10875	9.4001
10876	9.9214
10877	10.195
10878	10.411
10879	10.709
10880	11.37
10881	11.046
10882	11.67
10883	11.983
10884	12.31
10885	12.891
10886	12.602
10887	13.208
10888	13.503
10889	13.786
10890	14.071
10891	14.336
10892	14.595
10893	14.876
10894	15.147
10895	15.404
10896	15.081
10897	15.655
10898	15.896
10899	15.574
10900	16.152
10901	16.07
10902	16.411
10903	16.857
10904	16.555
10905	16.646
10906	17.04
10907	17.216
10908	17.389
10909	17.247
10910	17.546
10911	17.836
10912	17.55
10913	17.699
10914	17.952
10915	18.055
10916	18.137
10917	18.207
10918	17.963
10919	18.271
10920	18.461
10921	18.351
10922	18.592
10923	18.306
10924	18.708
10925	18.778
10926	18.793
10927	18.777
10928	18.461
10929	18.782
10930	18.779
10931	18.463
10932	18.767
10933	18.745
10934	18.664
10935	18.572
10936	18.325
10937	18.437
10938	18.282
10939	18.127
10940	17.967
10941	17.823
10942	17.788
10943	17.554
10944	17.454
10945	17.299
10946	17.035
10947	16.747
10948	16.416
10949	16.061
10950	15.694
10951	15.322
10952	14.952
10953	14.599
10954	14.217
10955	14.274
10956	13.819
10957	13.448
10958	13.086
10959	12.72
10960	12.842
10961	12.35
10962	11.979
10963	12.148
10964	11.605
10965	11.227
10966	10.46
10967	10.843
10968	10.092
10969	9.7348
10970	10.107
10971	9.3771
10972	9.017
10973	8.6617
10974	8.856
10975	8.3311
10976	7.6181
10977	7.7785
10978	7.5363
10979	8.1318
10980	7.486
10981	7.482
10982	8.0824
10983	7.5503
10984	7.695
10985	7.9244
10986	8.2283
10987	8.5271
10988	8.6179
10989	9.1245
10990	9.1505
10991	9.717
10992	10.358
10993	11.032
10994	11.763
10995	11.344
10996	12.572
10997	13.432
10998	14.298
10999	15.222
11000	14.311
11001	16.225
11002	17.265
11003	18.372
11004	19.644
11005	17.866
11006	21.246
11007	23.292
11008	20.395
11009	26.421
11010	29.498
11011	23.573
11012	23.45
11013	23.335
11014	29.293
11015	26.267
11016	23.559
11017	23.382
11018	21.561
11019	20.593
11020	20.165
11021	19.021
11022	18.547
11023	17.971
11024	16.986
11025	16.754
11026	16.06
11027	15.202
11028	15.045
11029	14.419
11030	13.7
11031	13.04
11032	12.447
11033	12.465
11034	11.923
11035	11.464
11036	11.57
11037	11.075
11038	10.762
11039	10.92
11040	10.515
11041	10.327
11042	10.522
11043	10.198
11044	10.127
11045	10.322
11046	10.111
11047	10.156
11048	10.314
11049	10.252
11050	10.372
11051	10.516
11052	10.531
11053	10.731
11054	10.818
11055	10.952
11056	11.191
11057	11.247
11058	11.43
11059	11.688
11060	11.722
11061	11.961
11062	12.231
11063	12.219
11064	12.501
11065	12.772
11066	12.722
11067	13.047
11068	13.322
11069	13.243
11070	13.592
11071	13.854
11072	13.778
11073	14.107
11074	14.344
11075	14.588
11076	14.845
11077	15.094
11078	15.351
11079	15.621
11080	15.906
11081	16.186
11082	16.458
11083	16.725
11084	16.967
11085	17.191
11086	17.124
11087	17.396
11088	17.587
11089	17.535
11090	17.774
11091	17.953
11092	17.908
11093	18.13
11094	18.296
11095	18.26
11096	18.445
11097	18.585
11098	18.556
11099	18.711
11100	18.822
11101	18.918
11102	19.011
11103	19.009
11104	19.097
11105	19.175
11106	19.248
11107	19.306
11108	19.361
11109	19.413
11110	19.455
11111	19.494
11112	19.527
11113	19.553
11114	19.574
11115	19.587
11116	19.6
11117	19.612
11118	19.639
11119	19.624
11120	19.632
11121	19.665
11122	19.632
11123	19.631
11124	19.666
11125	19.63
11126	19.625
11127	19.661
11128	19.619
11129	19.611
11130	19.646
11131	19.6
11132	19.59
11133	19.623
11134	19.578
11135	19.566
11136	19.599
11137	19.553
11138	19.536
11139	19.573
11140	19.52
11141	19.505
11142	19.54
11143	19.489
11144	19.473
11145	19.507
11146	19.456
11147	19.439
11148	19.472
11149	19.424
11150	19.406
11151	19.442
11152	19.39
11153	19.375
11154	19.408
11155	19.357
11156	19.344
11157	19.375
11158	19.328
11159	19.314
11160	19.3
11161	19.287
11162	19.317
11163	19.272
11164	19.255
11165	19.287
11166	19.242
11167	19.233
11168	19.258
11169	19.222
11170	19.209
11171	19.239
11172	19.195
11173	19.185
11174	19.212
11175	19.177
11176	19.166
11177	19.2
11178	19.154
11179	19.145
11180	19.171
11181	19.138
11182	19.132
11183	19.158
11184	19.126
11185	19.12
11186	19.147
11187	19.114
11188	19.108
11189	19.135
11190	19.104
11191	19.099
11192	19.126
11193	19.094
11194	19.092
11195	19.119
11196	19.094
11197	19.092
11198	19.121
11199	19.087
11200	19.118
11201	19.084
11202	19.113
11203	19.083
11204	19.082
11205	19.081
11206	19.08
11207	19.077
11208	19.073
11209	19.101
11210	19.072
11211	19.076
11212	19.074
11213	19.079
11214	19.107
11215	19.078
11216	19.077
11217	19.075
11218	19.08
11219	19.107
11220	19.08
11221	19.077
11222	19.079
11223	19.077
11224	19.103
11225	19.08
11226	19.085
11227	19.081
11228	19.089
11229	19.117
11230	19.09
11231	19.09
11232	19.091
11233	19.088
11234	19.117
11235	19.084
11236	19.089
11237	19.109
11238	19.096
11239	19.099
11240	19.129
11241	19.097
11242	19.093
11243	19.123
11244	19.093
11245	19.094
11246	19.125
11247	19.096
11248	19.097
11249	19.128
11250	19.094
11251	19.092
11252	19.123
11253	19.09
11254	19.087
11255	19.116
11256	19.085
11257	19.083
11258	19.114
11259	19.074
11260	19.065
11261	19.094
11262	19.058
11263	19.055
11264	19.08
11265	19.058
11266	19.056
11267	19.09
11268	19.045
11269	19.036
11270	19.072
11271	19.033
11272	19.028
11273	19.069
11274	19.023
11275	19.019
11276	19.016
11277	19.018
11278	19.034
11279	19.056
11280	19.082
11281	19.12
11282	5.763
11283	4.3953
11284	4.1871
11285	5.8846
11286	2.4843
11287	3.4675
11288	6.3705
11289	5.2733
11290	7.2141
11291	5.0475
11292	6.9491
11293	3.5804
11294	15.93
11295	1.31
11296	10.702
11297	10.086
11298	10.773
11299	11.215
11300	12.391
11301	12.424
11302	13.786
11303	18.569
11304	2.5297
11305	2.811
11306	19.151
11307	19.159
11308	19.273
11309	19.287
11310	19.337
11311	19.285
11312	19.167
11313	19.26
11314	18.094
11315	19.268
11316	16.287
11317	19.162
11318	19.186
11319	0.48802
11320	1.0423
11321	1.4559
11322	0.91812
11323	17.904
11324	17.534
11325	17.718
11326	2.4149
11327	2.271
11328	19.259
11329	8.3114
11330	8.0306
11331	0.98301
11332	1.2657
11333	19.903
11334	19.92
11335	19.768
11336	19.679
11337	19.804
11338	19.762
11339	19.783
11340	19.686
11341	19.709
11342	18.731
11343	18.922
11344	19.301
11345	19.292
11346	19.535
11347	19.553
11348	19.47
11349	19.486
11350	19.366
11351	19.281
11352	19.344
11353	19.342
11354	17.75
11355	17.746
11356	17.762
11357	17.816
11358	0.98775
11359	2.4266
11360	2.0317
11361	2.4714
11362	19.801
11363	19.819
11364	19.315
11365	19.494
11366	19.441
11367	19.572
11368	19.59
11369	19.457
11370	19.884
11371	19.868
11372	19.663
11373	19.646
11374	19.283
11375	19.283
11376	19.291
11377	19.341
11378	19.312
11379	1.1169
11380	0.91718
11381	0.9005
11382	0.50295
11383	0.49589
11384	0.46731
11385	1.448
11386	1.141
11387	1.2986
11388	13.066
11389	4.0347
11390	8.9294
11391	0.84589
11392	1.0239
11393	1.4753
11394	1.1844
11395	0.91783
11396	11.364
11397	11.591
11398	11.619
11399	0.83693
11400	11.955
11401	14.833
11402	14.363
11403	14.733
11404	8.4065
11405	10.302
11406	10.592
11407	9.1284
11408	10.132
11409	0.80296
11410	0.82845
11411	13.477
11412	12.686
11413	13.252
11414	12.906
11415	19.145
11416	1.4584
11417	7.1213
11418	16.632
11419	2.3236
11420	1.0504
11421	2.4406
11422	0.85828
11423	11.166
11424	11.103
11425	11.395
11426	13.959
11427	14.283
11428	19.122
11429	19.107
11430	19.206
11431	19.193
11432	19.148
11433	19.106
11434	19.103
11435	19.097
11436	3.3281
11437	3.626
11438	19.819
11439	8.4495
11440	8.809
11441	5.0568
11442	4.0341
11443	0.62265
11444	12.745
11445	0.90935
11446	1.1868
11447	1.1258
11448	13.965
11449	14.313
11450	14.208
11451	11.481
11452	9.0343
11453	9.2393
11454	1.6833
11455	15.944
11456	14.873
11457	15.457
11458	17.229
11459	16.561
11460	17.873
11461	17.764
11462	11.006
11463	7.9181
11464	7.7118
11465	14.699
11466	14.781
11467	14.767
11468	0.84159
11469	7.5742
11470	17.163
11471	11.025
11472	10.987
11473	11.708
11474	11.185
11475	17.242
11476	13.034
11477	14.52
11478	14.366
11479	2.2647
11480	2.7345
11481	12.698
11482	11.462
11483	10.961
11484	10.826
11485	10.881
11486	12.205
11487	11.049
11488	17.945
11489	13.445
11490	11.904
11491	1.8954
11492	9.8205
11493	9.9027
11494	19.148
11495	9.9077
11496	9.2611
11497	4.3969
11498	4.6961
11499	2.0867
11500	10.382
11501	1.0734
11502	1.5163
11503	1.1218
11504	0.83902
11505	0.37454
11506	7.5696
11507	8.8088
11508	8.0831
11509	9.3003
11510	9.4506
11511	11.331
11512	11.288
11513	11.164
11514	13.211
11515	12.816
11516	12.864
11517	14.825
11518	14.273
11519	14.4
11520	10.959
11521	9.5662
11522	14.843
11523	11.771
11524	7.2235
11525	11.768
11526	11.014
11527	11.179
11528	12.693
11529	13.308
11530	13.243
11531	14.206
11532	14.288
11533	12.313
11534	8.7855
11535	17.097
11536	0.85069
11537	14.722
11538	14.444
11539	14.403
11540	14.062
11541	14.142
11542	13.801
11543	4.2747
11544	5.2541
11545	17.627
11546	19.467
11547	19.533
11548	19.606
11549	18.828
11550	19.682
11551	19.753
11552	19.592
11553	19.817
11554	15.871
11555	19.274
11556	9.2528
11557	10.848
11558	19.297
11559	19.435
11560	1.6696
11561	10.007
11562	10.089
11563	10.279
11564	10.222
11565	19.497
11566	19.302
11567	18.473
11568	19.641
11569	19.103
11570	19.342
11571	19.717
11572	0.90736
11573	19.739
11574	19.843
11575	19.924
11576	1.1458
11577	0.94879
11578	1.0244
11579	0.60216
11580	2.2263
11581	2.3865
11582	0.64293
11583	1.0639
11584	3.0979
11585	9.9526
11586	19.17
11587	3.0149
11588	3.4536
11589	1.3746
11590	0.95756
11591	0.46993
11592	1.057
11593	3.316
11594	3.876
11595	4.1593
11596	17.709
11597	3.6655
11598	3.9689
11599	3.444
11600	14.32
11601	13.998
11602	8.3563
11603	0.8262
11604	9.6146
11605	9.8923
11606	12.958
11607	19.806
11608	19.786
11609	19.569
11610	11.856
11611	17.505
11612	12.989
11613	0.6486
11614	1.9138
11615	3.2005
11616	13.264
11617	13.589
11618	19.9
11619	19.258
11620	0.89035
11621	0.93158
11622	1.1083
11623	14.686
11624	0.88126
11625	0.84523
11626	1.1612
11627	18.018
11628	4.656
11629	12.127
11630	1.3205
11631	1.6324
11632	17.472
11633	0.66984
11634	2.5533
11635	15.778
11636	10.18
11637	15.226
11638	3.7006
11639	13.104
11640	13.45
11641	13.304
11642	1.3638
11643	13.904
11644	10.785
11645	14.503
11646	10.222
11647	16.007
11648	15.452
11649	3.4065
11650	8.4353
11651	10.773
11652	14.309
11653	14.495
11654	12.802
11655	12.481
11656	19.261
11657	19.283
11658	19.233
11659	19.254
11660	19.281
11661	19.228
11662	19.254
11663	14.569
11664	14.273
11665	13.951
11666	19.262
11667	0.56179
11668	0.56651
11669	0.66296
11670	0.5447
11671	0.54677
11672	0.6445
11673	0.52703
11674	0.52884
11675	0.63087
11676	0.50896
11677	0.51434
11678	0.60966
11679	0.4877
11680	0.57944
11681	3.7537
11682	3.5537
11683	17.449
11684	17.651
11685	17.148
11686	17.277
11687	5.1881
11688	4.9495
11689	5.1833
11690	4.6612
11691	4.2945
11692	4.8245
11693	4.47
11694	19.261
11695	19.22
11696	19.22
11697	19.181
11698	19.297
11699	3.6203
11700	3.2669
11701	14.688
11702	0.49138
11703	0.44797
11704	3.416
11705	2.5724
11706	19.682
11707	19.877
11708	19.257
11709	0.82796
11710	11.058
11711	10.028
11712	10.119
11713	9.1964
11714	9.4394
11715	9.8575
11716	10.011
11717	10.483
11718	10.899
11719	10.893
11720	11.354
11721	11.77
11722	11.584
11723	12.05
11724	12.958
11725	13.04
11726	13.294
11727	13.384
11728	0.92255
11729	0.73596
11730	0.68642
11731	0.54075
11732	2.9347
11733	3.1596
11734	2.6615
11735	2.9192
11736	3.1891
11737	2.6212
11738	2.919
11739	7.3906
11740	7.1381
11741	7.4946
11742	7.2415
11743	7.3501
11744	7.4399
11745	12.577
11746	12.068
11747	12.339
11748	11.836
11749	8.4719
11750	8.2671
11751	8.5494
11752	8.3439
11753	10.553
11754	10.371
11755	10.651
11756	10.469
11757	2.2209
11758	11.087
11759	10.874
11760	10.938
11761	10.748
11762	9.3296
11763	9.1198
11764	9.4048
11765	9.1944
11766	9.0072
11767	9.284
11768	9.0965
11769	19.225
11770	19.259
11771	19.256
11772	19.292
11773	16.726
11774	16.861
11775	17.091
11776	17.265
11777	11.677
11778	11.926
11779	11.65
11780	11.899
11781	12.177
11782	11.884
11783	12.162
11784	15.713
11785	15.64
11786	15.967
11787	10.364
11788	10.128
11789	10.404
11790	10.168
11791	15.23
11792	15.458
11793	15.282
11794	15.518
11795	15.749
11796	15.578
11797	15.814
11798	16.052
11799	15.89
11800	16.132
11801	2.0141
11802	1.8066
11803	1.8224
11804	1.6776
11805	1.787
11806	1.6834
11807	1.9064
11808	11.992
11809	11.754
11810	12.034
11811	11.298
11812	11.368
11813	11.514
11814	11.581
11815	11.603
11816	11.796
11817	11.816
11818	11.798
11819	12.038
11820	12.023
11821	13.986
11822	14.421
11823	14.177
11824	14.673
11825	15.211
11826	15.028
11827	15.617
11828	13.506
11829	19.29
11830	10.971
11831	15.501
11832	15.403
11833	15.11
11834	15.028
11835	14.968
11836	14.661
11837	14.622
11838	19.236
